 
****************************************
Report : timing
        -path full
        -delay max
        -nworst 2
        -max_paths 10
Design : DLX
Version: W-2024.09-SP2
Date   : Tue Sep 29 13:05:36 2026
****************************************

Operating Conditions: typical   Library: NangateOpenCellLibrary
Wire Load Model Mode: top

  Startpoint: DP_i_fetch_i_btb_update_latch_i_pc_branch_out_reg_5_
              (rising edge-triggered flip-flop clocked by CLK)
  Endpoint: DP_i_fetch_i_btb_i/clk_gate_btb_table_reg_0__TARGET_/latch
            (gating element for clock CLK)
  Path Group: CLK
  Path Type: max

  Des/Clust/Port     Wire Load Model       Library
  ------------------------------------------------
  DLX                5K_hvratio_1_4        NangateOpenCellLibrary

  Point                                                   Incr       Path
  --------------------------------------------------------------------------
  clock CLK (rise edge)                                 0.0000     0.0000
  clock network delay (ideal)                           0.0500     0.0500
  DP_i_fetch_i_btb_update_latch_i_pc_branch_out_reg_5_/CK (DFF_X1)
                                                        0.0000     0.0500 r
  DP_i_fetch_i_btb_update_latch_i_pc_branch_out_reg_5_/Q (DFF_X1)
                                                        0.1094     0.1594 r
  DP_i_fetch_i_btb_i/pc_branch[5] (BTB_NBIT32_BTB_DEPTH16_BTB_INDEX_MSB5)
                                                        0.0000     0.1594 r
  DP_i_fetch_i_btb_i/U412/ZN (INV_X1)                   0.0369     0.1963 f
  DP_i_fetch_i_btb_i/U427/ZN (NOR2_X2)                  0.0954     0.2917 r
  DP_i_fetch_i_btb_i/U895/ZN (NAND2_X1)                 0.0643     0.3560 f
  DP_i_fetch_i_btb_i/U147/ZN (INV_X1)                   0.1391     0.4951 r
  DP_i_fetch_i_btb_i/U1112/ZN (AOI22_X1)                0.0600     0.5551 f
  DP_i_fetch_i_btb_i/U1113/ZN (NAND4_X1)                0.0477     0.6028 r
  DP_i_fetch_i_btb_i/U1114/ZN (NOR2_X1)                 0.0307     0.6336 f
  DP_i_fetch_i_btb_i/U1115/ZN (AOI22_X1)                0.0620     0.6956 r
  DP_i_fetch_i_btb_i/U1116/ZN (OAI221_X1)               0.0508     0.7464 f
  DP_i_fetch_i_btb_i/U348/ZN (NOR2_X1)                  0.0509     0.7972 r
  DP_i_fetch_i_btb_i/U1117/ZN (OAI21_X1)                0.0360     0.8333 f
  DP_i_fetch_i_btb_i/U1214/ZN (NOR4_X1)                 0.0957     0.9290 r
  DP_i_fetch_i_btb_i/U1215/ZN (NAND4_X1)                0.0504     0.9794 f
  DP_i_fetch_i_btb_i/U1216/Z (BUF_X2)                   0.0546     1.0340 f
  DP_i_fetch_i_btb_i/U1877/ZN (AND4_X2)                 0.0687     1.1027 f
  DP_i_fetch_i_btb_i/U492/ZN (NAND2_X1)                 0.0663     1.1690 r
  DP_i_fetch_i_btb_i/U495/ZN (INV_X1)                   0.0321     1.2011 f
  DP_i_fetch_i_btb_i/U496/ZN (AOI21_X1)                 0.0889     1.2900 r
  DP_i_fetch_i_btb_i/U497/ZN (NOR2_X1)                  0.0292     1.3191 f
  DP_i_fetch_i_btb_i/clk_gate_btb_table_reg_0__TARGET_/EN (SNPS_CLOCK_GATE_HIGH_BTB_NBIT32_BTB_DEPTH16_BTB_INDEX_MSB5_32)
                                                        0.0000     1.3191 f
  DP_i_fetch_i_btb_i/clk_gate_btb_table_reg_0__TARGET_/latch/E (CLKGATETST_X1)
                                                        0.0088     1.3279 f
  data arrival time                                                1.3279

  clock CLK (rise edge)                                 1.4000     1.4000
  clock network delay (ideal)                           0.0500     1.4500
  clock uncertainty                                    -0.0500     1.4000
  DP_i_fetch_i_btb_i/clk_gate_btb_table_reg_0__TARGET_/latch/CK (CLKGATETST_X1)
                                                        0.0000     1.4000 r
  clock gating setup time                              -0.0646     1.3354
  data required time                                               1.3354
  --------------------------------------------------------------------------
  data required time                                               1.3354
  data arrival time                                               -1.3279
  --------------------------------------------------------------------------
  slack (MET)                                                      0.0074


  Startpoint: DP_i_fetch_i_btb_update_latch_i_pc_branch_out_reg_5_
              (rising edge-triggered flip-flop clocked by CLK)
  Endpoint: DP_i_fetch_i_btb_i/clk_gate_btb_table_reg_1__TARGET_/latch
            (gating element for clock CLK)
  Path Group: CLK
  Path Type: max

  Des/Clust/Port     Wire Load Model       Library
  ------------------------------------------------
  DLX                5K_hvratio_1_4        NangateOpenCellLibrary

  Point                                                   Incr       Path
  --------------------------------------------------------------------------
  clock CLK (rise edge)                                 0.0000     0.0000
  clock network delay (ideal)                           0.0500     0.0500
  DP_i_fetch_i_btb_update_latch_i_pc_branch_out_reg_5_/CK (DFF_X1)
                                                        0.0000     0.0500 r
  DP_i_fetch_i_btb_update_latch_i_pc_branch_out_reg_5_/Q (DFF_X1)
                                                        0.1094     0.1594 r
  DP_i_fetch_i_btb_i/pc_branch[5] (BTB_NBIT32_BTB_DEPTH16_BTB_INDEX_MSB5)
                                                        0.0000     0.1594 r
  DP_i_fetch_i_btb_i/U412/ZN (INV_X1)                   0.0369     0.1963 f
  DP_i_fetch_i_btb_i/U427/ZN (NOR2_X2)                  0.0954     0.2917 r
  DP_i_fetch_i_btb_i/U895/ZN (NAND2_X1)                 0.0643     0.3560 f
  DP_i_fetch_i_btb_i/U147/ZN (INV_X1)                   0.1391     0.4951 r
  DP_i_fetch_i_btb_i/U1112/ZN (AOI22_X1)                0.0600     0.5551 f
  DP_i_fetch_i_btb_i/U1113/ZN (NAND4_X1)                0.0477     0.6028 r
  DP_i_fetch_i_btb_i/U1114/ZN (NOR2_X1)                 0.0307     0.6336 f
  DP_i_fetch_i_btb_i/U1115/ZN (AOI22_X1)                0.0620     0.6956 r
  DP_i_fetch_i_btb_i/U1116/ZN (OAI221_X1)               0.0508     0.7464 f
  DP_i_fetch_i_btb_i/U348/ZN (NOR2_X1)                  0.0509     0.7972 r
  DP_i_fetch_i_btb_i/U1117/ZN (OAI21_X1)                0.0360     0.8333 f
  DP_i_fetch_i_btb_i/U1214/ZN (NOR4_X1)                 0.0957     0.9290 r
  DP_i_fetch_i_btb_i/U1215/ZN (NAND4_X1)                0.0504     0.9794 f
  DP_i_fetch_i_btb_i/U1216/Z (BUF_X2)                   0.0546     1.0340 f
  DP_i_fetch_i_btb_i/U1877/ZN (AND4_X2)                 0.0687     1.1027 f
  DP_i_fetch_i_btb_i/U492/ZN (NAND2_X1)                 0.0663     1.1690 r
  DP_i_fetch_i_btb_i/U495/ZN (INV_X1)                   0.0321     1.2011 f
  DP_i_fetch_i_btb_i/U496/ZN (AOI21_X1)                 0.0889     1.2900 r
  DP_i_fetch_i_btb_i/U499/ZN (NOR2_X1)                  0.0292     1.3191 f
  DP_i_fetch_i_btb_i/clk_gate_btb_table_reg_1__TARGET_/EN (SNPS_CLOCK_GATE_HIGH_BTB_NBIT32_BTB_DEPTH16_BTB_INDEX_MSB5_30)
                                                        0.0000     1.3191 f
  DP_i_fetch_i_btb_i/clk_gate_btb_table_reg_1__TARGET_/latch/E (CLKGATETST_X1)
                                                        0.0088     1.3279 f
  data arrival time                                                1.3279

  clock CLK (rise edge)                                 1.4000     1.4000
  clock network delay (ideal)                           0.0500     1.4500
  clock uncertainty                                    -0.0500     1.4000
  DP_i_fetch_i_btb_i/clk_gate_btb_table_reg_1__TARGET_/latch/CK (CLKGATETST_X1)
                                                        0.0000     1.4000 r
  clock gating setup time                              -0.0646     1.3354
  data required time                                               1.3354
  --------------------------------------------------------------------------
  data required time                                               1.3354
  data arrival time                                               -1.3279
  --------------------------------------------------------------------------
  slack (MET)                                                      0.0074


  Startpoint: DP_i_fetch_i_btb_update_latch_i_pc_branch_out_reg_5_
              (rising edge-triggered flip-flop clocked by CLK)
  Endpoint: DP_i_fetch_i_btb_i/clk_gate_btb_table_reg_2__TARGET_/latch
            (gating element for clock CLK)
  Path Group: CLK
  Path Type: max

  Des/Clust/Port     Wire Load Model       Library
  ------------------------------------------------
  DLX                5K_hvratio_1_4        NangateOpenCellLibrary

  Point                                                   Incr       Path
  --------------------------------------------------------------------------
  clock CLK (rise edge)                                 0.0000     0.0000
  clock network delay (ideal)                           0.0500     0.0500
  DP_i_fetch_i_btb_update_latch_i_pc_branch_out_reg_5_/CK (DFF_X1)
                                                        0.0000     0.0500 r
  DP_i_fetch_i_btb_update_latch_i_pc_branch_out_reg_5_/Q (DFF_X1)
                                                        0.1094     0.1594 r
  DP_i_fetch_i_btb_i/pc_branch[5] (BTB_NBIT32_BTB_DEPTH16_BTB_INDEX_MSB5)
                                                        0.0000     0.1594 r
  DP_i_fetch_i_btb_i/U412/ZN (INV_X1)                   0.0369     0.1963 f
  DP_i_fetch_i_btb_i/U427/ZN (NOR2_X2)                  0.0954     0.2917 r
  DP_i_fetch_i_btb_i/U895/ZN (NAND2_X1)                 0.0643     0.3560 f
  DP_i_fetch_i_btb_i/U147/ZN (INV_X1)                   0.1391     0.4951 r
  DP_i_fetch_i_btb_i/U1112/ZN (AOI22_X1)                0.0600     0.5551 f
  DP_i_fetch_i_btb_i/U1113/ZN (NAND4_X1)                0.0477     0.6028 r
  DP_i_fetch_i_btb_i/U1114/ZN (NOR2_X1)                 0.0307     0.6336 f
  DP_i_fetch_i_btb_i/U1115/ZN (AOI22_X1)                0.0620     0.6956 r
  DP_i_fetch_i_btb_i/U1116/ZN (OAI221_X1)               0.0508     0.7464 f
  DP_i_fetch_i_btb_i/U348/ZN (NOR2_X1)                  0.0509     0.7972 r
  DP_i_fetch_i_btb_i/U1117/ZN (OAI21_X1)                0.0360     0.8333 f
  DP_i_fetch_i_btb_i/U1214/ZN (NOR4_X1)                 0.0957     0.9290 r
  DP_i_fetch_i_btb_i/U1215/ZN (NAND4_X1)                0.0504     0.9794 f
  DP_i_fetch_i_btb_i/U1216/Z (BUF_X2)                   0.0546     1.0340 f
  DP_i_fetch_i_btb_i/U1877/ZN (AND4_X2)                 0.0687     1.1027 f
  DP_i_fetch_i_btb_i/U492/ZN (NAND2_X1)                 0.0663     1.1690 r
  DP_i_fetch_i_btb_i/U495/ZN (INV_X1)                   0.0321     1.2011 f
  DP_i_fetch_i_btb_i/U496/ZN (AOI21_X1)                 0.0889     1.2900 r
  DP_i_fetch_i_btb_i/U502/ZN (NOR2_X1)                  0.0292     1.3191 f
  DP_i_fetch_i_btb_i/clk_gate_btb_table_reg_2__TARGET_/EN (SNPS_CLOCK_GATE_HIGH_BTB_NBIT32_BTB_DEPTH16_BTB_INDEX_MSB5_28)
                                                        0.0000     1.3191 f
  DP_i_fetch_i_btb_i/clk_gate_btb_table_reg_2__TARGET_/latch/E (CLKGATETST_X1)
                                                        0.0088     1.3279 f
  data arrival time                                                1.3279

  clock CLK (rise edge)                                 1.4000     1.4000
  clock network delay (ideal)                           0.0500     1.4500
  clock uncertainty                                    -0.0500     1.4000
  DP_i_fetch_i_btb_i/clk_gate_btb_table_reg_2__TARGET_/latch/CK (CLKGATETST_X1)
                                                        0.0000     1.4000 r
  clock gating setup time                              -0.0646     1.3354
  data required time                                               1.3354
  --------------------------------------------------------------------------
  data required time                                               1.3354
  data arrival time                                               -1.3279
  --------------------------------------------------------------------------
  slack (MET)                                                      0.0074


  Startpoint: DP_i_fetch_i_btb_update_latch_i_pc_branch_out_reg_5_
              (rising edge-triggered flip-flop clocked by CLK)
  Endpoint: DP_i_fetch_i_btb_i/clk_gate_btb_table_reg_3__TARGET_/latch
            (gating element for clock CLK)
  Path Group: CLK
  Path Type: max

  Des/Clust/Port     Wire Load Model       Library
  ------------------------------------------------
  DLX                5K_hvratio_1_4        NangateOpenCellLibrary

  Point                                                   Incr       Path
  --------------------------------------------------------------------------
  clock CLK (rise edge)                                 0.0000     0.0000
  clock network delay (ideal)                           0.0500     0.0500
  DP_i_fetch_i_btb_update_latch_i_pc_branch_out_reg_5_/CK (DFF_X1)
                                                        0.0000     0.0500 r
  DP_i_fetch_i_btb_update_latch_i_pc_branch_out_reg_5_/Q (DFF_X1)
                                                        0.1094     0.1594 r
  DP_i_fetch_i_btb_i/pc_branch[5] (BTB_NBIT32_BTB_DEPTH16_BTB_INDEX_MSB5)
                                                        0.0000     0.1594 r
  DP_i_fetch_i_btb_i/U412/ZN (INV_X1)                   0.0369     0.1963 f
  DP_i_fetch_i_btb_i/U427/ZN (NOR2_X2)                  0.0954     0.2917 r
  DP_i_fetch_i_btb_i/U895/ZN (NAND2_X1)                 0.0643     0.3560 f
  DP_i_fetch_i_btb_i/U147/ZN (INV_X1)                   0.1391     0.4951 r
  DP_i_fetch_i_btb_i/U1112/ZN (AOI22_X1)                0.0600     0.5551 f
  DP_i_fetch_i_btb_i/U1113/ZN (NAND4_X1)                0.0477     0.6028 r
  DP_i_fetch_i_btb_i/U1114/ZN (NOR2_X1)                 0.0307     0.6336 f
  DP_i_fetch_i_btb_i/U1115/ZN (AOI22_X1)                0.0620     0.6956 r
  DP_i_fetch_i_btb_i/U1116/ZN (OAI221_X1)               0.0508     0.7464 f
  DP_i_fetch_i_btb_i/U348/ZN (NOR2_X1)                  0.0509     0.7972 r
  DP_i_fetch_i_btb_i/U1117/ZN (OAI21_X1)                0.0360     0.8333 f
  DP_i_fetch_i_btb_i/U1214/ZN (NOR4_X1)                 0.0957     0.9290 r
  DP_i_fetch_i_btb_i/U1215/ZN (NAND4_X1)                0.0504     0.9794 f
  DP_i_fetch_i_btb_i/U1216/Z (BUF_X2)                   0.0546     1.0340 f
  DP_i_fetch_i_btb_i/U1877/ZN (AND4_X2)                 0.0687     1.1027 f
  DP_i_fetch_i_btb_i/U492/ZN (NAND2_X1)                 0.0663     1.1690 r
  DP_i_fetch_i_btb_i/U495/ZN (INV_X1)                   0.0321     1.2011 f
  DP_i_fetch_i_btb_i/U496/ZN (AOI21_X1)                 0.0889     1.2900 r
  DP_i_fetch_i_btb_i/U504/ZN (NOR2_X1)                  0.0292     1.3191 f
  DP_i_fetch_i_btb_i/clk_gate_btb_table_reg_3__TARGET_/EN (SNPS_CLOCK_GATE_HIGH_BTB_NBIT32_BTB_DEPTH16_BTB_INDEX_MSB5_26)
                                                        0.0000     1.3191 f
  DP_i_fetch_i_btb_i/clk_gate_btb_table_reg_3__TARGET_/latch/E (CLKGATETST_X1)
                                                        0.0088     1.3279 f
  data arrival time                                                1.3279

  clock CLK (rise edge)                                 1.4000     1.4000
  clock network delay (ideal)                           0.0500     1.4500
  clock uncertainty                                    -0.0500     1.4000
  DP_i_fetch_i_btb_i/clk_gate_btb_table_reg_3__TARGET_/latch/CK (CLKGATETST_X1)
                                                        0.0000     1.4000 r
  clock gating setup time                              -0.0646     1.3354
  data required time                                               1.3354
  --------------------------------------------------------------------------
  data required time                                               1.3354
  data arrival time                                               -1.3279
  --------------------------------------------------------------------------
  slack (MET)                                                      0.0074


  Startpoint: DP_i_fetch_i_btb_update_latch_i_pc_branch_out_reg_5_
              (rising edge-triggered flip-flop clocked by CLK)
  Endpoint: DP_i_fetch_i_btb_i/clk_gate_btb_table_reg_0__TARGET_/latch
            (gating element for clock CLK)
  Path Group: CLK
  Path Type: max

  Des/Clust/Port     Wire Load Model       Library
  ------------------------------------------------
  DLX                5K_hvratio_1_4        NangateOpenCellLibrary

  Point                                                   Incr       Path
  --------------------------------------------------------------------------
  clock CLK (rise edge)                                 0.0000     0.0000
  clock network delay (ideal)                           0.0500     0.0500
  DP_i_fetch_i_btb_update_latch_i_pc_branch_out_reg_5_/CK (DFF_X1)
                                                        0.0000     0.0500 r
  DP_i_fetch_i_btb_update_latch_i_pc_branch_out_reg_5_/Q (DFF_X1)
                                                        0.1094     0.1594 r
  DP_i_fetch_i_btb_i/pc_branch[5] (BTB_NBIT32_BTB_DEPTH16_BTB_INDEX_MSB5)
                                                        0.0000     0.1594 r
  DP_i_fetch_i_btb_i/U412/ZN (INV_X1)                   0.0369     0.1963 f
  DP_i_fetch_i_btb_i/U427/ZN (NOR2_X2)                  0.0954     0.2917 r
  DP_i_fetch_i_btb_i/U895/ZN (NAND2_X1)                 0.0643     0.3560 f
  DP_i_fetch_i_btb_i/U147/ZN (INV_X1)                   0.1391     0.4951 r
  DP_i_fetch_i_btb_i/U1112/ZN (AOI22_X1)                0.0600     0.5551 f
  DP_i_fetch_i_btb_i/U1113/ZN (NAND4_X1)                0.0477     0.6028 r
  DP_i_fetch_i_btb_i/U1114/ZN (NOR2_X1)                 0.0307     0.6335 f
  DP_i_fetch_i_btb_i/U1115/ZN (AOI22_X1)                0.0620     0.6956 r
  DP_i_fetch_i_btb_i/U1116/ZN (OAI221_X1)               0.0508     0.7463 f
  DP_i_fetch_i_btb_i/U348/ZN (NOR2_X1)                  0.0509     0.7972 r
  DP_i_fetch_i_btb_i/U1117/ZN (OAI21_X1)                0.0360     0.8332 f
  DP_i_fetch_i_btb_i/U1214/ZN (NOR4_X1)                 0.0957     0.9289 r
  DP_i_fetch_i_btb_i/U1215/ZN (NAND4_X1)                0.0504     0.9793 f
  DP_i_fetch_i_btb_i/U1216/Z (BUF_X2)                   0.0546     1.0339 f
  DP_i_fetch_i_btb_i/U1877/ZN (AND4_X2)                 0.0687     1.1026 f
  DP_i_fetch_i_btb_i/U492/ZN (NAND2_X1)                 0.0663     1.1690 r
  DP_i_fetch_i_btb_i/U495/ZN (INV_X1)                   0.0321     1.2011 f
  DP_i_fetch_i_btb_i/U496/ZN (AOI21_X1)                 0.0889     1.2899 r
  DP_i_fetch_i_btb_i/U497/ZN (NOR2_X1)                  0.0292     1.3191 f
  DP_i_fetch_i_btb_i/clk_gate_btb_table_reg_0__TARGET_/EN (SNPS_CLOCK_GATE_HIGH_BTB_NBIT32_BTB_DEPTH16_BTB_INDEX_MSB5_32)
                                                        0.0000     1.3191 f
  DP_i_fetch_i_btb_i/clk_gate_btb_table_reg_0__TARGET_/latch/E (CLKGATETST_X1)
                                                        0.0088     1.3279 f
  data arrival time                                                1.3279

  clock CLK (rise edge)                                 1.4000     1.4000
  clock network delay (ideal)                           0.0500     1.4500
  clock uncertainty                                    -0.0500     1.4000
  DP_i_fetch_i_btb_i/clk_gate_btb_table_reg_0__TARGET_/latch/CK (CLKGATETST_X1)
                                                        0.0000     1.4000 r
  clock gating setup time                              -0.0646     1.3354
  data required time                                               1.3354
  --------------------------------------------------------------------------
  data required time                                               1.3354
  data arrival time                                               -1.3279
  --------------------------------------------------------------------------
  slack (MET)                                                      0.0075


  Startpoint: DP_i_fetch_i_btb_update_latch_i_pc_branch_out_reg_5_
              (rising edge-triggered flip-flop clocked by CLK)
  Endpoint: DP_i_fetch_i_btb_i/clk_gate_btb_table_reg_1__TARGET_/latch
            (gating element for clock CLK)
  Path Group: CLK
  Path Type: max

  Des/Clust/Port     Wire Load Model       Library
  ------------------------------------------------
  DLX                5K_hvratio_1_4        NangateOpenCellLibrary

  Point                                                   Incr       Path
  --------------------------------------------------------------------------
  clock CLK (rise edge)                                 0.0000     0.0000
  clock network delay (ideal)                           0.0500     0.0500
  DP_i_fetch_i_btb_update_latch_i_pc_branch_out_reg_5_/CK (DFF_X1)
                                                        0.0000     0.0500 r
  DP_i_fetch_i_btb_update_latch_i_pc_branch_out_reg_5_/Q (DFF_X1)
                                                        0.1094     0.1594 r
  DP_i_fetch_i_btb_i/pc_branch[5] (BTB_NBIT32_BTB_DEPTH16_BTB_INDEX_MSB5)
                                                        0.0000     0.1594 r
  DP_i_fetch_i_btb_i/U412/ZN (INV_X1)                   0.0369     0.1963 f
  DP_i_fetch_i_btb_i/U427/ZN (NOR2_X2)                  0.0954     0.2917 r
  DP_i_fetch_i_btb_i/U895/ZN (NAND2_X1)                 0.0643     0.3560 f
  DP_i_fetch_i_btb_i/U147/ZN (INV_X1)                   0.1391     0.4951 r
  DP_i_fetch_i_btb_i/U1112/ZN (AOI22_X1)                0.0600     0.5551 f
  DP_i_fetch_i_btb_i/U1113/ZN (NAND4_X1)                0.0477     0.6028 r
  DP_i_fetch_i_btb_i/U1114/ZN (NOR2_X1)                 0.0307     0.6335 f
  DP_i_fetch_i_btb_i/U1115/ZN (AOI22_X1)                0.0620     0.6956 r
  DP_i_fetch_i_btb_i/U1116/ZN (OAI221_X1)               0.0508     0.7463 f
  DP_i_fetch_i_btb_i/U348/ZN (NOR2_X1)                  0.0509     0.7972 r
  DP_i_fetch_i_btb_i/U1117/ZN (OAI21_X1)                0.0360     0.8332 f
  DP_i_fetch_i_btb_i/U1214/ZN (NOR4_X1)                 0.0957     0.9289 r
  DP_i_fetch_i_btb_i/U1215/ZN (NAND4_X1)                0.0504     0.9793 f
  DP_i_fetch_i_btb_i/U1216/Z (BUF_X2)                   0.0546     1.0339 f
  DP_i_fetch_i_btb_i/U1877/ZN (AND4_X2)                 0.0687     1.1026 f
  DP_i_fetch_i_btb_i/U492/ZN (NAND2_X1)                 0.0663     1.1690 r
  DP_i_fetch_i_btb_i/U495/ZN (INV_X1)                   0.0321     1.2011 f
  DP_i_fetch_i_btb_i/U496/ZN (AOI21_X1)                 0.0889     1.2899 r
  DP_i_fetch_i_btb_i/U499/ZN (NOR2_X1)                  0.0292     1.3191 f
  DP_i_fetch_i_btb_i/clk_gate_btb_table_reg_1__TARGET_/EN (SNPS_CLOCK_GATE_HIGH_BTB_NBIT32_BTB_DEPTH16_BTB_INDEX_MSB5_30)
                                                        0.0000     1.3191 f
  DP_i_fetch_i_btb_i/clk_gate_btb_table_reg_1__TARGET_/latch/E (CLKGATETST_X1)
                                                        0.0088     1.3279 f
  data arrival time                                                1.3279

  clock CLK (rise edge)                                 1.4000     1.4000
  clock network delay (ideal)                           0.0500     1.4500
  clock uncertainty                                    -0.0500     1.4000
  DP_i_fetch_i_btb_i/clk_gate_btb_table_reg_1__TARGET_/latch/CK (CLKGATETST_X1)
                                                        0.0000     1.4000 r
  clock gating setup time                              -0.0646     1.3354
  data required time                                               1.3354
  --------------------------------------------------------------------------
  data required time                                               1.3354
  data arrival time                                               -1.3279
  --------------------------------------------------------------------------
  slack (MET)                                                      0.0075


  Startpoint: DP_i_fetch_i_btb_update_latch_i_pc_branch_out_reg_5_
              (rising edge-triggered flip-flop clocked by CLK)
  Endpoint: DP_i_fetch_i_btb_i/clk_gate_btb_table_reg_2__TARGET_/latch
            (gating element for clock CLK)
  Path Group: CLK
  Path Type: max

  Des/Clust/Port     Wire Load Model       Library
  ------------------------------------------------
  DLX                5K_hvratio_1_4        NangateOpenCellLibrary

  Point                                                   Incr       Path
  --------------------------------------------------------------------------
  clock CLK (rise edge)                                 0.0000     0.0000
  clock network delay (ideal)                           0.0500     0.0500
  DP_i_fetch_i_btb_update_latch_i_pc_branch_out_reg_5_/CK (DFF_X1)
                                                        0.0000     0.0500 r
  DP_i_fetch_i_btb_update_latch_i_pc_branch_out_reg_5_/Q (DFF_X1)
                                                        0.1094     0.1594 r
  DP_i_fetch_i_btb_i/pc_branch[5] (BTB_NBIT32_BTB_DEPTH16_BTB_INDEX_MSB5)
                                                        0.0000     0.1594 r
  DP_i_fetch_i_btb_i/U412/ZN (INV_X1)                   0.0369     0.1963 f
  DP_i_fetch_i_btb_i/U427/ZN (NOR2_X2)                  0.0954     0.2917 r
  DP_i_fetch_i_btb_i/U895/ZN (NAND2_X1)                 0.0643     0.3560 f
  DP_i_fetch_i_btb_i/U147/ZN (INV_X1)                   0.1391     0.4951 r
  DP_i_fetch_i_btb_i/U1112/ZN (AOI22_X1)                0.0600     0.5551 f
  DP_i_fetch_i_btb_i/U1113/ZN (NAND4_X1)                0.0477     0.6028 r
  DP_i_fetch_i_btb_i/U1114/ZN (NOR2_X1)                 0.0307     0.6335 f
  DP_i_fetch_i_btb_i/U1115/ZN (AOI22_X1)                0.0620     0.6956 r
  DP_i_fetch_i_btb_i/U1116/ZN (OAI221_X1)               0.0508     0.7463 f
  DP_i_fetch_i_btb_i/U348/ZN (NOR2_X1)                  0.0509     0.7972 r
  DP_i_fetch_i_btb_i/U1117/ZN (OAI21_X1)                0.0360     0.8332 f
  DP_i_fetch_i_btb_i/U1214/ZN (NOR4_X1)                 0.0957     0.9289 r
  DP_i_fetch_i_btb_i/U1215/ZN (NAND4_X1)                0.0504     0.9793 f
  DP_i_fetch_i_btb_i/U1216/Z (BUF_X2)                   0.0546     1.0339 f
  DP_i_fetch_i_btb_i/U1877/ZN (AND4_X2)                 0.0687     1.1026 f
  DP_i_fetch_i_btb_i/U492/ZN (NAND2_X1)                 0.0663     1.1690 r
  DP_i_fetch_i_btb_i/U495/ZN (INV_X1)                   0.0321     1.2011 f
  DP_i_fetch_i_btb_i/U496/ZN (AOI21_X1)                 0.0889     1.2899 r
  DP_i_fetch_i_btb_i/U502/ZN (NOR2_X1)                  0.0292     1.3191 f
  DP_i_fetch_i_btb_i/clk_gate_btb_table_reg_2__TARGET_/EN (SNPS_CLOCK_GATE_HIGH_BTB_NBIT32_BTB_DEPTH16_BTB_INDEX_MSB5_28)
                                                        0.0000     1.3191 f
  DP_i_fetch_i_btb_i/clk_gate_btb_table_reg_2__TARGET_/latch/E (CLKGATETST_X1)
                                                        0.0088     1.3279 f
  data arrival time                                                1.3279

  clock CLK (rise edge)                                 1.4000     1.4000
  clock network delay (ideal)                           0.0500     1.4500
  clock uncertainty                                    -0.0500     1.4000
  DP_i_fetch_i_btb_i/clk_gate_btb_table_reg_2__TARGET_/latch/CK (CLKGATETST_X1)
                                                        0.0000     1.4000 r
  clock gating setup time                              -0.0646     1.3354
  data required time                                               1.3354
  --------------------------------------------------------------------------
  data required time                                               1.3354
  data arrival time                                               -1.3279
  --------------------------------------------------------------------------
  slack (MET)                                                      0.0075


  Startpoint: DP_i_fetch_i_btb_update_latch_i_pc_branch_out_reg_5_
              (rising edge-triggered flip-flop clocked by CLK)
  Endpoint: DP_i_fetch_i_btb_i/clk_gate_btb_table_reg_3__TARGET_/latch
            (gating element for clock CLK)
  Path Group: CLK
  Path Type: max

  Des/Clust/Port     Wire Load Model       Library
  ------------------------------------------------
  DLX                5K_hvratio_1_4        NangateOpenCellLibrary

  Point                                                   Incr       Path
  --------------------------------------------------------------------------
  clock CLK (rise edge)                                 0.0000     0.0000
  clock network delay (ideal)                           0.0500     0.0500
  DP_i_fetch_i_btb_update_latch_i_pc_branch_out_reg_5_/CK (DFF_X1)
                                                        0.0000     0.0500 r
  DP_i_fetch_i_btb_update_latch_i_pc_branch_out_reg_5_/Q (DFF_X1)
                                                        0.1094     0.1594 r
  DP_i_fetch_i_btb_i/pc_branch[5] (BTB_NBIT32_BTB_DEPTH16_BTB_INDEX_MSB5)
                                                        0.0000     0.1594 r
  DP_i_fetch_i_btb_i/U412/ZN (INV_X1)                   0.0369     0.1963 f
  DP_i_fetch_i_btb_i/U427/ZN (NOR2_X2)                  0.0954     0.2917 r
  DP_i_fetch_i_btb_i/U895/ZN (NAND2_X1)                 0.0643     0.3560 f
  DP_i_fetch_i_btb_i/U147/ZN (INV_X1)                   0.1391     0.4951 r
  DP_i_fetch_i_btb_i/U1112/ZN (AOI22_X1)                0.0600     0.5551 f
  DP_i_fetch_i_btb_i/U1113/ZN (NAND4_X1)                0.0477     0.6028 r
  DP_i_fetch_i_btb_i/U1114/ZN (NOR2_X1)                 0.0307     0.6335 f
  DP_i_fetch_i_btb_i/U1115/ZN (AOI22_X1)                0.0620     0.6956 r
  DP_i_fetch_i_btb_i/U1116/ZN (OAI221_X1)               0.0508     0.7463 f
  DP_i_fetch_i_btb_i/U348/ZN (NOR2_X1)                  0.0509     0.7972 r
  DP_i_fetch_i_btb_i/U1117/ZN (OAI21_X1)                0.0360     0.8332 f
  DP_i_fetch_i_btb_i/U1214/ZN (NOR4_X1)                 0.0957     0.9289 r
  DP_i_fetch_i_btb_i/U1215/ZN (NAND4_X1)                0.0504     0.9793 f
  DP_i_fetch_i_btb_i/U1216/Z (BUF_X2)                   0.0546     1.0339 f
  DP_i_fetch_i_btb_i/U1877/ZN (AND4_X2)                 0.0687     1.1026 f
  DP_i_fetch_i_btb_i/U492/ZN (NAND2_X1)                 0.0663     1.1690 r
  DP_i_fetch_i_btb_i/U495/ZN (INV_X1)                   0.0321     1.2011 f
  DP_i_fetch_i_btb_i/U496/ZN (AOI21_X1)                 0.0889     1.2899 r
  DP_i_fetch_i_btb_i/U504/ZN (NOR2_X1)                  0.0292     1.3191 f
  DP_i_fetch_i_btb_i/clk_gate_btb_table_reg_3__TARGET_/EN (SNPS_CLOCK_GATE_HIGH_BTB_NBIT32_BTB_DEPTH16_BTB_INDEX_MSB5_26)
                                                        0.0000     1.3191 f
  DP_i_fetch_i_btb_i/clk_gate_btb_table_reg_3__TARGET_/latch/E (CLKGATETST_X1)
                                                        0.0088     1.3279 f
  data arrival time                                                1.3279

  clock CLK (rise edge)                                 1.4000     1.4000
  clock network delay (ideal)                           0.0500     1.4500
  clock uncertainty                                    -0.0500     1.4000
  DP_i_fetch_i_btb_i/clk_gate_btb_table_reg_3__TARGET_/latch/CK (CLKGATETST_X1)
                                                        0.0000     1.4000 r
  clock gating setup time                              -0.0646     1.3354
  data required time                                               1.3354
  --------------------------------------------------------------------------
  data required time                                               1.3354
  data arrival time                                               -1.3279
  --------------------------------------------------------------------------
  slack (MET)                                                      0.0075


  Startpoint: DP_i_fetch_i_IR_out_reg_26_
              (rising edge-triggered flip-flop clocked by CLK)
  Endpoint: DP_i_fetch_i_pc_i_clk_gate_Y_reg/latch
            (gating element for clock CLK)
  Path Group: CLK
  Path Type: max

  Des/Clust/Port     Wire Load Model       Library
  ------------------------------------------------
  DLX                5K_hvratio_1_4        NangateOpenCellLibrary

  Point                                                   Incr       Path
  --------------------------------------------------------------------------
  clock CLK (rise edge)                                 0.0000     0.0000
  clock network delay (ideal)                           0.0500     0.0500
  DP_i_fetch_i_IR_out_reg_26_/CK (DFF_X1)               0.0000     0.0500 r
  DP_i_fetch_i_IR_out_reg_26_/QN (DFF_X1)               0.0861     0.1361 r
  U3099/ZN (AND2_X1)                                    0.0465     0.1826 r
  U3105/ZN (NAND2_X1)                                   0.0359     0.2185 f
  U1438/ZN (OR2_X1)                                     0.0724     0.2909 f
  U3869/ZN (NAND2_X1)                                   0.0409     0.3318 r
  U3871/ZN (NAND2_X1)                                   0.0389     0.3707 f
  U2879/ZN (NAND2_X1)                                   0.0371     0.4078 r
  U2878/ZN (XNOR2_X1)                                   0.0596     0.4675 r
  U2975/ZN (AND3_X1)                                    0.0559     0.5234 r
  U3875/ZN (OAI211_X1)                                  0.0439     0.5673 f
  U3128/ZN (AND2_X1)                                    0.0408     0.6081 f
  U1412/ZN (OR2_X1)                                     0.0520     0.6601 f
  U3889/ZN (AOI21_X1)                                   0.0371     0.6972 r
  U3891/ZN (AND2_X1)                                    0.0464     0.7437 r
  U3934/Z (BUF_X1)                                      0.0377     0.7814 r
  U2875/ZN (OR2_X1)                                     0.0382     0.8196 r
  U1414/ZN (AND2_X1)                                    0.0477     0.8673 r
  U3938/ZN (XNOR2_X1)                                   0.0585     0.9258 r
  U3100/ZN (AND4_X1)                                    0.0656     0.9914 r
  U3101/ZN (AND4_X1)                                    0.0646     1.0560 r
  U2806/ZN (NAND4_X1)                                   0.0384     1.0944 f
  U2805/ZN (NOR2_X1)                                    0.0441     1.1385 r
  U3104/ZN (AND2_X1)                                    0.0452     1.1837 r
  U3129/ZN (NAND4_X1)                                   0.0446     1.2283 f
  U3126/ZN (OAI211_X1)                                  0.0508     1.2791 r
  U8094/ZN (NAND2_X1)                                   0.0286     1.3077 f
  DP_i_fetch_i_pc_i_clk_gate_Y_reg/EN (SNPS_CLOCK_GATE_HIGH_data_reg_NBIT30_2_2)
                                                        0.0000     1.3077 f
  DP_i_fetch_i_pc_i_clk_gate_Y_reg/latch/E (CLKGATETST_X1)
                                                        0.0088     1.3165 f
  data arrival time                                                1.3165

  clock CLK (rise edge)                                 1.4000     1.4000
  clock network delay (ideal)                           0.0500     1.4500
  clock uncertainty                                    -0.0500     1.4000
  DP_i_fetch_i_pc_i_clk_gate_Y_reg/latch/CK (CLKGATETST_X1)
                                                        0.0000     1.4000 r
  clock gating setup time                              -0.0633     1.3367
  data required time                                               1.3367
  --------------------------------------------------------------------------
  data required time                                               1.3367
  data arrival time                                               -1.3165
  --------------------------------------------------------------------------
  slack (MET)                                                      0.0202


  Startpoint: DP_i_fetch_i_IR_out_reg_31_
              (rising edge-triggered flip-flop clocked by CLK)
  Endpoint: DP_i_fetch_i_pc_i_clk_gate_Y_reg/latch
            (gating element for clock CLK)
  Path Group: CLK
  Path Type: max

  Des/Clust/Port     Wire Load Model       Library
  ------------------------------------------------
  DLX                5K_hvratio_1_4        NangateOpenCellLibrary

  Point                                                   Incr       Path
  --------------------------------------------------------------------------
  clock CLK (rise edge)                                 0.0000     0.0000
  clock network delay (ideal)                           0.0500     0.0500
  DP_i_fetch_i_IR_out_reg_31_/CK (DFF_X1)               0.0000     0.0500 r
  DP_i_fetch_i_IR_out_reg_31_/QN (DFF_X1)               0.0849     0.1349 f
  U3776/ZN (AND2_X1)                                    0.0479     0.1828 f
  U3779/ZN (NAND2_X1)                                   0.0401     0.2229 r
  U1438/ZN (OR2_X1)                                     0.0494     0.2723 r
  U3855/ZN (AND2_X1)                                    0.0548     0.3271 r
  U3857/ZN (NAND2_X1)                                   0.0377     0.3648 f
  U2985/ZN (NAND2_X1)                                   0.0349     0.3997 r
  U3152/ZN (NAND4_X1)                                   0.0453     0.4450 f
  U2553/ZN (AND3_X1)                                    0.0497     0.4948 f
  U3866/ZN (NAND2_X1)                                   0.0280     0.5228 r
  U3875/ZN (OAI211_X1)                                  0.0445     0.5673 f
  U3128/ZN (AND2_X1)                                    0.0408     0.6081 f
  U1412/ZN (OR2_X1)                                     0.0520     0.6601 f
  U3889/ZN (AOI21_X1)                                   0.0371     0.6972 r
  U3891/ZN (AND2_X1)                                    0.0464     0.7436 r
  U3934/Z (BUF_X1)                                      0.0377     0.7813 r
  U2875/ZN (OR2_X1)                                     0.0382     0.8196 r
  U1414/ZN (AND2_X1)                                    0.0477     0.8672 r
  U3938/ZN (XNOR2_X1)                                   0.0585     0.9257 r
  U3100/ZN (AND4_X1)                                    0.0656     0.9913 r
  U3101/ZN (AND4_X1)                                    0.0646     1.0560 r
  U2806/ZN (NAND4_X1)                                   0.0384     1.0944 f
  U2805/ZN (NOR2_X1)                                    0.0441     1.1385 r
  U3104/ZN (AND2_X1)                                    0.0452     1.1837 r
  U3129/ZN (NAND4_X1)                                   0.0446     1.2283 f
  U3126/ZN (OAI211_X1)                                  0.0508     1.2791 r
  U8094/ZN (NAND2_X1)                                   0.0286     1.3077 f
  DP_i_fetch_i_pc_i_clk_gate_Y_reg/EN (SNPS_CLOCK_GATE_HIGH_data_reg_NBIT30_2_2)
                                                        0.0000     1.3077 f
  DP_i_fetch_i_pc_i_clk_gate_Y_reg/latch/E (CLKGATETST_X1)
                                                        0.0088     1.3165 f
  data arrival time                                                1.3165

  clock CLK (rise edge)                                 1.4000     1.4000
  clock network delay (ideal)                           0.0500     1.4500
  clock uncertainty                                    -0.0500     1.4000
  DP_i_fetch_i_pc_i_clk_gate_Y_reg/latch/CK (CLKGATETST_X1)
                                                        0.0000     1.4000 r
  clock gating setup time                              -0.0633     1.3367
  data required time                                               1.3367
  --------------------------------------------------------------------------
  data required time                                               1.3367
  data arrival time                                               -1.3165
  --------------------------------------------------------------------------
  slack (MET)                                                      0.0203


  Startpoint: DRAM_READY (input port clocked by CLK)
  Endpoint: DP_i_decode_i_B_reg_i_Y_reg_27_
            (rising edge-triggered flip-flop clocked by CLK)
  Path Group: INPUTS
  Path Type: max

  Des/Clust/Port     Wire Load Model       Library
  ------------------------------------------------
  DLX                5K_hvratio_1_4        NangateOpenCellLibrary

  Point                                                   Incr       Path
  --------------------------------------------------------------------------
  clock CLK (rise edge)                                 0.0000     0.0000
  clock network delay (ideal)                           0.0500     0.0500
  input external delay                                  0.1400     0.1900 r
  DRAM_READY (in)                                       0.0014     0.1914 r
  U1952/ZN (INV_X1)                                     0.0234     0.2148 f
  U3619/ZN (AND2_X1)                                    0.0546     0.2694 f
  U2103/ZN (INV_X1)                                     0.0577     0.3271 r
  DP_i_U2689/ZN (NAND2_X1)                              0.1834     0.5105 f
  DP_i_U2691/ZN (NOR3_X1)                               0.2211     0.7316 r
  DP_i_U2726/ZN (INV_X1)                                0.1146     0.8463 f
  U1609/ZN (INV_X1)                                     0.0887     0.9350 r
  U8679/ZN (NAND2_X1)                                   0.0367     0.9717 f
  U8680/ZN (NAND2_X1)                                   0.0322     1.0038 r
  DP_i_U2728/ZN (AOI21_X1)                              0.0274     1.0312 f
  DP_i_U2730/ZN (OAI211_X1)                             0.0463     1.0775 r
  DP_i_decode_i_B_reg_i_Y_reg_27_/D (DFF_X1)            0.0110     1.0885 r
  data arrival time                                                1.0885

  clock CLK (rise edge)                                 1.4000     1.4000
  clock network delay (ideal)                           0.0500     1.4500
  clock uncertainty                                    -0.0500     1.4000
  DP_i_decode_i_B_reg_i_Y_reg_27_/CK (DFF_X1)           0.0000     1.4000 r
  library setup time                                   -0.0292     1.3708
  data required time                                               1.3708
  --------------------------------------------------------------------------
  data required time                                               1.3708
  data arrival time                                               -1.0885
  --------------------------------------------------------------------------
  slack (MET)                                                      0.2823


  Startpoint: DRAM_READY (input port clocked by CLK)
  Endpoint: DP_i_decode_i_B_reg_i_Y_reg_26_
            (rising edge-triggered flip-flop clocked by CLK)
  Path Group: INPUTS
  Path Type: max

  Des/Clust/Port     Wire Load Model       Library
  ------------------------------------------------
  DLX                5K_hvratio_1_4        NangateOpenCellLibrary

  Point                                                   Incr       Path
  --------------------------------------------------------------------------
  clock CLK (rise edge)                                 0.0000     0.0000
  clock network delay (ideal)                           0.0500     0.0500
  input external delay                                  0.1400     0.1900 r
  DRAM_READY (in)                                       0.0014     0.1914 r
  U1952/ZN (INV_X1)                                     0.0234     0.2148 f
  U3619/ZN (AND2_X1)                                    0.0546     0.2694 f
  U2103/ZN (INV_X1)                                     0.0577     0.3271 r
  DP_i_U2689/ZN (NAND2_X1)                              0.1834     0.5105 f
  DP_i_U2691/ZN (NOR3_X1)                               0.2211     0.7316 r
  DP_i_U2726/ZN (INV_X1)                                0.1146     0.8463 f
  U1609/ZN (INV_X1)                                     0.0887     0.9350 r
  U8681/ZN (NAND2_X1)                                   0.0367     0.9717 f
  U8682/ZN (NAND2_X1)                                   0.0322     1.0038 r
  DP_i_U2734/ZN (AOI21_X1)                              0.0274     1.0312 f
  DP_i_U2736/ZN (OAI211_X1)                             0.0463     1.0775 r
  DP_i_decode_i_B_reg_i_Y_reg_26_/D (DFF_X1)            0.0110     1.0885 r
  data arrival time                                                1.0885

  clock CLK (rise edge)                                 1.4000     1.4000
  clock network delay (ideal)                           0.0500     1.4500
  clock uncertainty                                    -0.0500     1.4000
  DP_i_decode_i_B_reg_i_Y_reg_26_/CK (DFF_X1)           0.0000     1.4000 r
  library setup time                                   -0.0292     1.3708
  data required time                                               1.3708
  --------------------------------------------------------------------------
  data required time                                               1.3708
  data arrival time                                               -1.0885
  --------------------------------------------------------------------------
  slack (MET)                                                      0.2823


  Startpoint: DRAM_READY (input port clocked by CLK)
  Endpoint: DP_i_decode_i_B_reg_i_Y_reg_27_
            (rising edge-triggered flip-flop clocked by CLK)
  Path Group: INPUTS
  Path Type: max

  Des/Clust/Port     Wire Load Model       Library
  ------------------------------------------------
  DLX                5K_hvratio_1_4        NangateOpenCellLibrary

  Point                                                   Incr       Path
  --------------------------------------------------------------------------
  clock CLK (rise edge)                                 0.0000     0.0000
  clock network delay (ideal)                           0.0500     0.0500
  input external delay                                  0.1400     0.1900 r
  DRAM_READY (in)                                       0.0014     0.1914 r
  U1952/ZN (INV_X1)                                     0.0234     0.2148 f
  U3619/ZN (AND2_X1)                                    0.0546     0.2694 f
  U2103/ZN (INV_X1)                                     0.0577     0.3271 r
  DP_i_U2689/ZN (NAND2_X1)                              0.1834     0.5105 f
  DP_i_U2691/ZN (NOR3_X1)                               0.2211     0.7316 r
  DP_i_U2726/ZN (INV_X1)                                0.1146     0.8463 f
  U1609/ZN (INV_X1)                                     0.0887     0.9350 r
  U8679/ZN (NAND2_X1)                                   0.0367     0.9717 f
  U8680/ZN (NAND2_X1)                                   0.0322     1.0038 r
  DP_i_U2728/ZN (AOI21_X1)                              0.0274     1.0312 f
  DP_i_U2730/ZN (OAI211_X1)                             0.0454     1.0766 r
  DP_i_decode_i_B_reg_i_Y_reg_27_/D (DFF_X1)            0.0110     1.0876 r
  data arrival time                                                1.0876

  clock CLK (rise edge)                                 1.4000     1.4000
  clock network delay (ideal)                           0.0500     1.4500
  clock uncertainty                                    -0.0500     1.4000
  DP_i_decode_i_B_reg_i_Y_reg_27_/CK (DFF_X1)           0.0000     1.4000 r
  library setup time                                   -0.0292     1.3708
  data required time                                               1.3708
  --------------------------------------------------------------------------
  data required time                                               1.3708
  data arrival time                                               -1.0876
  --------------------------------------------------------------------------
  slack (MET)                                                      0.2832


  Startpoint: DRAM_READY (input port clocked by CLK)
  Endpoint: DP_i_decode_i_B_reg_i_Y_reg_26_
            (rising edge-triggered flip-flop clocked by CLK)
  Path Group: INPUTS
  Path Type: max

  Des/Clust/Port     Wire Load Model       Library
  ------------------------------------------------
  DLX                5K_hvratio_1_4        NangateOpenCellLibrary

  Point                                                   Incr       Path
  --------------------------------------------------------------------------
  clock CLK (rise edge)                                 0.0000     0.0000
  clock network delay (ideal)                           0.0500     0.0500
  input external delay                                  0.1400     0.1900 r
  DRAM_READY (in)                                       0.0014     0.1914 r
  U1952/ZN (INV_X1)                                     0.0234     0.2148 f
  U3619/ZN (AND2_X1)                                    0.0546     0.2694 f
  U2103/ZN (INV_X1)                                     0.0577     0.3271 r
  DP_i_U2689/ZN (NAND2_X1)                              0.1834     0.5105 f
  DP_i_U2691/ZN (NOR3_X1)                               0.2211     0.7316 r
  DP_i_U2726/ZN (INV_X1)                                0.1146     0.8463 f
  U1609/ZN (INV_X1)                                     0.0887     0.9350 r
  U8681/ZN (NAND2_X1)                                   0.0367     0.9717 f
  U8682/ZN (NAND2_X1)                                   0.0322     1.0038 r
  DP_i_U2734/ZN (AOI21_X1)                              0.0274     1.0312 f
  DP_i_U2736/ZN (OAI211_X1)                             0.0454     1.0766 r
  DP_i_decode_i_B_reg_i_Y_reg_26_/D (DFF_X1)            0.0110     1.0876 r
  data arrival time                                                1.0876

  clock CLK (rise edge)                                 1.4000     1.4000
  clock network delay (ideal)                           0.0500     1.4500
  clock uncertainty                                    -0.0500     1.4000
  DP_i_decode_i_B_reg_i_Y_reg_26_/CK (DFF_X1)           0.0000     1.4000 r
  library setup time                                   -0.0292     1.3708
  data required time                                               1.3708
  --------------------------------------------------------------------------
  data required time                                               1.3708
  data arrival time                                               -1.0876
  --------------------------------------------------------------------------
  slack (MET)                                                      0.2832


  Startpoint: DRAM_READY (input port clocked by CLK)
  Endpoint: DP_i_decode_i_B_reg_i_Y_reg_6_
            (rising edge-triggered flip-flop clocked by CLK)
  Path Group: INPUTS
  Path Type: max

  Des/Clust/Port     Wire Load Model       Library
  ------------------------------------------------
  DLX                5K_hvratio_1_4        NangateOpenCellLibrary

  Point                                                   Incr       Path
  --------------------------------------------------------------------------
  clock CLK (rise edge)                                 0.0000     0.0000
  clock network delay (ideal)                           0.0500     0.0500
  input external delay                                  0.1400     0.1900 r
  DRAM_READY (in)                                       0.0014     0.1914 r
  U1952/ZN (INV_X1)                                     0.0234     0.2148 f
  U3619/ZN (AND2_X1)                                    0.0546     0.2694 f
  U2103/ZN (INV_X1)                                     0.0577     0.3271 r
  DP_i_U2689/ZN (NAND2_X1)                              0.1834     0.5105 f
  DP_i_U2691/ZN (NOR3_X1)                               0.2211     0.7316 r
  DP_i_U2726/ZN (INV_X1)                                0.1146     0.8463 f
  U1609/ZN (INV_X1)                                     0.0887     0.9350 r
  U8354/ZN (AOI22_X1)                                   0.0435     0.9785 f
  U2034/ZN (AND2_X1)                                    0.0519     1.0303 f
  U8357/ZN (NAND4_X1)                                   0.0323     1.0626 r
  DP_i_decode_i_B_reg_i_Y_reg_6_/D (DFF_X1)             0.0110     1.0736 r
  data arrival time                                                1.0736

  clock CLK (rise edge)                                 1.4000     1.4000
  clock network delay (ideal)                           0.0500     1.4500
  clock uncertainty                                    -0.0500     1.4000
  DP_i_decode_i_B_reg_i_Y_reg_6_/CK (DFF_X1)            0.0000     1.4000 r
  library setup time                                   -0.0280     1.3720
  data required time                                               1.3720
  --------------------------------------------------------------------------
  data required time                                               1.3720
  data arrival time                                               -1.0736
  --------------------------------------------------------------------------
  slack (MET)                                                      0.2984


  Startpoint: DRAM_READY (input port clocked by CLK)
  Endpoint: DP_i_decode_i_B_reg_i_Y_reg_8_
            (rising edge-triggered flip-flop clocked by CLK)
  Path Group: INPUTS
  Path Type: max

  Des/Clust/Port     Wire Load Model       Library
  ------------------------------------------------
  DLX                5K_hvratio_1_4        NangateOpenCellLibrary

  Point                                                   Incr       Path
  --------------------------------------------------------------------------
  clock CLK (rise edge)                                 0.0000     0.0000
  clock network delay (ideal)                           0.0500     0.0500
  input external delay                                  0.1400     0.1900 r
  DRAM_READY (in)                                       0.0014     0.1914 r
  U1952/ZN (INV_X1)                                     0.0234     0.2148 f
  U3619/ZN (AND2_X1)                                    0.0546     0.2694 f
  U2103/ZN (INV_X1)                                     0.0577     0.3271 r
  DP_i_U2689/ZN (NAND2_X1)                              0.1834     0.5105 f
  DP_i_U2691/ZN (NOR3_X1)                               0.2211     0.7316 r
  DP_i_U2726/ZN (INV_X1)                                0.1146     0.8463 f
  U1609/ZN (INV_X1)                                     0.0887     0.9350 r
  U8190/ZN (AOI22_X1)                                   0.0435     0.9785 f
  U2009/ZN (AND2_X1)                                    0.0519     1.0303 f
  U8193/ZN (NAND4_X1)                                   0.0323     1.0626 r
  DP_i_decode_i_B_reg_i_Y_reg_8_/D (DFF_X1)             0.0110     1.0736 r
  data arrival time                                                1.0736

  clock CLK (rise edge)                                 1.4000     1.4000
  clock network delay (ideal)                           0.0500     1.4500
  clock uncertainty                                    -0.0500     1.4000
  DP_i_decode_i_B_reg_i_Y_reg_8_/CK (DFF_X1)            0.0000     1.4000 r
  library setup time                                   -0.0280     1.3720
  data required time                                               1.3720
  --------------------------------------------------------------------------
  data required time                                               1.3720
  data arrival time                                               -1.0736
  --------------------------------------------------------------------------
  slack (MET)                                                      0.2984


  Startpoint: DRAM_READY (input port clocked by CLK)
  Endpoint: DP_i_decode_i_B_reg_i_Y_reg_6_
            (rising edge-triggered flip-flop clocked by CLK)
  Path Group: INPUTS
  Path Type: max

  Des/Clust/Port     Wire Load Model       Library
  ------------------------------------------------
  DLX                5K_hvratio_1_4        NangateOpenCellLibrary

  Point                                                   Incr       Path
  --------------------------------------------------------------------------
  clock CLK (rise edge)                                 0.0000     0.0000
  clock network delay (ideal)                           0.0500     0.0500
  input external delay                                  0.1400     0.1900 r
  DRAM_READY (in)                                       0.0014     0.1914 r
  U1952/ZN (INV_X1)                                     0.0234     0.2148 f
  U3619/ZN (AND2_X1)                                    0.0546     0.2694 f
  U2103/ZN (INV_X1)                                     0.0577     0.3271 r
  DP_i_U2689/ZN (NAND2_X1)                              0.1834     0.5105 f
  DP_i_U2691/ZN (NOR3_X1)                               0.2211     0.7316 r
  DP_i_U2726/ZN (INV_X1)                                0.1146     0.8463 f
  U1609/ZN (INV_X1)                                     0.0887     0.9350 r
  U8354/ZN (AOI22_X1)                                   0.0415     0.9764 f
  U2034/ZN (AND2_X1)                                    0.0519     1.0283 f
  U8357/ZN (NAND4_X1)                                   0.0323     1.0605 r
  DP_i_decode_i_B_reg_i_Y_reg_6_/D (DFF_X1)             0.0110     1.0715 r
  data arrival time                                                1.0715

  clock CLK (rise edge)                                 1.4000     1.4000
  clock network delay (ideal)                           0.0500     1.4500
  clock uncertainty                                    -0.0500     1.4000
  DP_i_decode_i_B_reg_i_Y_reg_6_/CK (DFF_X1)            0.0000     1.4000 r
  library setup time                                   -0.0280     1.3720
  data required time                                               1.3720
  --------------------------------------------------------------------------
  data required time                                               1.3720
  data arrival time                                               -1.0715
  --------------------------------------------------------------------------
  slack (MET)                                                      0.3004


  Startpoint: DRAM_READY (input port clocked by CLK)
  Endpoint: DP_i_decode_i_B_reg_i_Y_reg_8_
            (rising edge-triggered flip-flop clocked by CLK)
  Path Group: INPUTS
  Path Type: max

  Des/Clust/Port     Wire Load Model       Library
  ------------------------------------------------
  DLX                5K_hvratio_1_4        NangateOpenCellLibrary

  Point                                                   Incr       Path
  --------------------------------------------------------------------------
  clock CLK (rise edge)                                 0.0000     0.0000
  clock network delay (ideal)                           0.0500     0.0500
  input external delay                                  0.1400     0.1900 r
  DRAM_READY (in)                                       0.0014     0.1914 r
  U1952/ZN (INV_X1)                                     0.0234     0.2148 f
  U3619/ZN (AND2_X1)                                    0.0546     0.2694 f
  U2103/ZN (INV_X1)                                     0.0577     0.3271 r
  DP_i_U2689/ZN (NAND2_X1)                              0.1834     0.5105 f
  DP_i_U2691/ZN (NOR3_X1)                               0.2211     0.7316 r
  DP_i_U2726/ZN (INV_X1)                                0.1146     0.8463 f
  U1609/ZN (INV_X1)                                     0.0887     0.9350 r
  U8190/ZN (AOI22_X1)                                   0.0415     0.9764 f
  U2009/ZN (AND2_X1)                                    0.0519     1.0283 f
  U8193/ZN (NAND4_X1)                                   0.0323     1.0605 r
  DP_i_decode_i_B_reg_i_Y_reg_8_/D (DFF_X1)             0.0110     1.0715 r
  data arrival time                                                1.0715

  clock CLK (rise edge)                                 1.4000     1.4000
  clock network delay (ideal)                           0.0500     1.4500
  clock uncertainty                                    -0.0500     1.4000
  DP_i_decode_i_B_reg_i_Y_reg_8_/CK (DFF_X1)            0.0000     1.4000 r
  library setup time                                   -0.0280     1.3720
  data required time                                               1.3720
  --------------------------------------------------------------------------
  data required time                                               1.3720
  data arrival time                                               -1.0715
  --------------------------------------------------------------------------
  slack (MET)                                                      0.3004


  Startpoint: DRAM_READY (input port clocked by CLK)
  Endpoint: DP_i_decode_i_B_reg_i_Y_reg_10_
            (rising edge-triggered flip-flop clocked by CLK)
  Path Group: INPUTS
  Path Type: max

  Des/Clust/Port     Wire Load Model       Library
  ------------------------------------------------
  DLX                5K_hvratio_1_4        NangateOpenCellLibrary

  Point                                                   Incr       Path
  --------------------------------------------------------------------------
  clock CLK (rise edge)                                 0.0000     0.0000
  clock network delay (ideal)                           0.0500     0.0500
  input external delay                                  0.1400     0.1900 r
  DRAM_READY (in)                                       0.0014     0.1914 r
  U1952/ZN (INV_X1)                                     0.0234     0.2148 f
  U3619/ZN (AND2_X1)                                    0.0546     0.2694 f
  U2103/ZN (INV_X1)                                     0.0577     0.3271 r
  DP_i_U2689/ZN (NAND2_X1)                              0.1834     0.5105 f
  DP_i_U2691/ZN (NOR3_X1)                               0.2211     0.7316 r
  DP_i_U2726/ZN (INV_X1)                                0.1146     0.8463 f
  U7643/ZN (OR2_X1)                                     0.0948     0.9411 f
  U3148/ZN (OAI211_X1)                                  0.0366     0.9777 r
  U2016/ZN (INV_X1)                                     0.0251     1.0028 f
  U8307/ZN (NAND4_X1)                                   0.0325     1.0354 r
  DP_i_decode_i_B_reg_i_Y_reg_10_/D (DFF_X1)            0.0110     1.0464 r
  data arrival time                                                1.0464

  clock CLK (rise edge)                                 1.4000     1.4000
  clock network delay (ideal)                           0.0500     1.4500
  clock uncertainty                                    -0.0500     1.4000
  DP_i_decode_i_B_reg_i_Y_reg_10_/CK (DFF_X1)           0.0000     1.4000 r
  library setup time                                   -0.0280     1.3720
  data required time                                               1.3720
  --------------------------------------------------------------------------
  data required time                                               1.3720
  data arrival time                                               -1.0464
  --------------------------------------------------------------------------
  slack (MET)                                                      0.3256


  Startpoint: DRAM_READY (input port clocked by CLK)
  Endpoint: DP_i_decode_i_B_reg_i_Y_reg_3_
            (rising edge-triggered flip-flop clocked by CLK)
  Path Group: INPUTS
  Path Type: max

  Des/Clust/Port     Wire Load Model       Library
  ------------------------------------------------
  DLX                5K_hvratio_1_4        NangateOpenCellLibrary

  Point                                                   Incr       Path
  --------------------------------------------------------------------------
  clock CLK (rise edge)                                 0.0000     0.0000
  clock network delay (ideal)                           0.0500     0.0500
  input external delay                                  0.1400     0.1900 r
  DRAM_READY (in)                                       0.0014     0.1914 r
  U1952/ZN (INV_X1)                                     0.0234     0.2148 f
  U3619/ZN (AND2_X1)                                    0.0546     0.2694 f
  U2103/ZN (INV_X1)                                     0.0577     0.3271 r
  DP_i_U2689/ZN (NAND2_X1)                              0.1834     0.5105 f
  DP_i_U2691/ZN (NOR3_X1)                               0.2211     0.7316 r
  DP_i_U2726/ZN (INV_X1)                                0.1146     0.8463 f
  U7649/ZN (OR2_X1)                                     0.0948     0.9411 f
  U8410/ZN (OAI211_X1)                                  0.0366     0.9777 r
  U1993/ZN (INV_X1)                                     0.0251     1.0028 f
  U8413/ZN (NAND4_X1)                                   0.0325     1.0354 r
  DP_i_decode_i_B_reg_i_Y_reg_3_/D (DFF_X1)             0.0110     1.0464 r
  data arrival time                                                1.0464

  clock CLK (rise edge)                                 1.4000     1.4000
  clock network delay (ideal)                           0.0500     1.4500
  clock uncertainty                                    -0.0500     1.4000
  DP_i_decode_i_B_reg_i_Y_reg_3_/CK (DFF_X1)            0.0000     1.4000 r
  library setup time                                   -0.0280     1.3720
  data required time                                               1.3720
  --------------------------------------------------------------------------
  data required time                                               1.3720
  data arrival time                                               -1.0464
  --------------------------------------------------------------------------
  slack (MET)                                                      0.3256


  Startpoint: DP_i_fetch_i_IR_out_reg_2_
              (rising edge-triggered flip-flop clocked by CLK)
  Endpoint: IRAM_ISSUE (output port clocked by CLK)
  Path Group: OUTPUTS
  Path Type: max

  Des/Clust/Port     Wire Load Model       Library
  ------------------------------------------------
  DLX                5K_hvratio_1_4        NangateOpenCellLibrary

  Point                                                   Incr       Path
  --------------------------------------------------------------------------
  clock CLK (rise edge)                                 0.0000     0.0000
  clock network delay (ideal)                           0.0500     0.0500
  DP_i_fetch_i_IR_out_reg_2_/CK (DFF_X2)                0.0000     0.0500 r
  DP_i_fetch_i_IR_out_reg_2_/Q (DFF_X2)                 0.1429     0.1929 r
  U2678/ZN (NAND2_X1)                                   0.0672     0.2601 f
  U5808/ZN (AOI211_X1)                                  0.0898     0.3499 r
  U5814/ZN (OAI22_X1)                                   0.0393     0.3893 f
  U5815/ZN (NOR2_X1)                                    0.0409     0.4302 r
  U5818/ZN (OAI21_X1)                                   0.0316     0.4618 f
  U2631/ZN (INV_X1)                                     0.0387     0.5005 r
  U1125/ZN (AND4_X1)                                    0.0868     0.5873 r
  U2604/ZN (AND2_X1)                                    0.0718     0.6591 r
  U1726/ZN (INV_X1)                                     0.0408     0.7000 f
  U1724/ZN (OR2_X1)                                     0.0639     0.7639 f
  U3111/ZN (NAND4_X1)                                   0.0375     0.8014 r
  U3426/ZN (OAI21_X1)                                   0.0353     0.8367 f
  U5956/ZN (OAI221_X1)                                  0.0664     0.9031 r
  U5957/ZN (OAI21_X1)                                   0.0401     0.9433 f
  U5958/ZN (INV_X1)                                     0.0305     0.9738 r
  U5959/Z (MUX2_X1)                                     0.0469     1.0208 r
  U5960/ZN (NAND2_X1)                                   0.0287     1.0495 f
  U2459/ZN (AND3_X1)                                    0.0512     1.1007 f
  U6824/ZN (OR2_X1)                                     0.0625     1.1632 f
  U6825/ZN (AND2_X1)                                    0.0388     1.2020 f
  IRAM_ISSUE (out)                                      0.0035     1.2055 f
  data arrival time                                                1.2055

  clock CLK (rise edge)                                 1.4000     1.4000
  clock network delay (ideal)                           0.0500     1.4500
  clock uncertainty                                    -0.0500     1.4000
  output external delay                                -0.1400     1.2600
  data required time                                               1.2600
  --------------------------------------------------------------------------
  data required time                                               1.2600
  data arrival time                                               -1.2055
  --------------------------------------------------------------------------
  slack (MET)                                                      0.0545


  Startpoint: DP_i_fetch_i_IR_out_reg_2_
              (rising edge-triggered flip-flop clocked by CLK)
  Endpoint: IRAM_ISSUE (output port clocked by CLK)
  Path Group: OUTPUTS
  Path Type: max

  Des/Clust/Port     Wire Load Model       Library
  ------------------------------------------------
  DLX                5K_hvratio_1_4        NangateOpenCellLibrary

  Point                                                   Incr       Path
  --------------------------------------------------------------------------
  clock CLK (rise edge)                                 0.0000     0.0000
  clock network delay (ideal)                           0.0500     0.0500
  DP_i_fetch_i_IR_out_reg_2_/CK (DFF_X2)                0.0000     0.0500 r
  DP_i_fetch_i_IR_out_reg_2_/Q (DFF_X2)                 0.1429     0.1929 r
  U2678/ZN (NAND2_X1)                                   0.0672     0.2601 f
  U5808/ZN (AOI211_X1)                                  0.0898     0.3499 r
  U5814/ZN (OAI22_X1)                                   0.0393     0.3893 f
  U5815/ZN (NOR2_X1)                                    0.0409     0.4302 r
  U5818/ZN (OAI21_X1)                                   0.0316     0.4618 f
  U2631/ZN (INV_X1)                                     0.0387     0.5005 r
  U1125/ZN (AND4_X1)                                    0.0868     0.5873 r
  U2604/ZN (AND2_X1)                                    0.0718     0.6591 r
  U1726/ZN (INV_X1)                                     0.0408     0.7000 f
  U1724/ZN (OR2_X1)                                     0.0639     0.7639 f
  U3111/ZN (NAND4_X1)                                   0.0375     0.8014 r
  U3426/ZN (OAI21_X1)                                   0.0353     0.8367 f
  U5956/ZN (OAI221_X1)                                  0.0664     0.9031 r
  U5957/ZN (OAI21_X1)                                   0.0401     0.9433 f
  U5958/ZN (INV_X1)                                     0.0305     0.9738 r
  U5959/Z (MUX2_X1)                                     0.0469     1.0208 r
  U5960/ZN (NAND2_X1)                                   0.0287     1.0495 f
  U2459/ZN (AND3_X1)                                    0.0512     1.1007 f
  U6824/ZN (OR2_X1)                                     0.0625     1.1632 f
  U6825/ZN (AND2_X1)                                    0.0388     1.2020 f
  IRAM_ISSUE (out)                                      0.0035     1.2055 f
  data arrival time                                                1.2055

  clock CLK (rise edge)                                 1.4000     1.4000
  clock network delay (ideal)                           0.0500     1.4500
  clock uncertainty                                    -0.0500     1.4000
  output external delay                                -0.1400     1.2600
  data required time                                               1.2600
  --------------------------------------------------------------------------
  data required time                                               1.2600
  data arrival time                                               -1.2055
  --------------------------------------------------------------------------
  slack (MET)                                                      0.0545


  Startpoint: DP_i_execute_i_alu_out_reg_i_Y_reg_0_
              (rising edge-triggered flip-flop clocked by CLK)
  Endpoint: DRAM_DATA[30]
            (output port clocked by CLK)
  Path Group: OUTPUTS
  Path Type: max

  Des/Clust/Port     Wire Load Model       Library
  ------------------------------------------------
  DLX                5K_hvratio_1_4        NangateOpenCellLibrary

  Point                                                   Incr       Path
  --------------------------------------------------------------------------
  clock CLK (rise edge)                                 0.0000     0.0000
  clock network delay (ideal)                           0.0500     0.0500
  DP_i_execute_i_alu_out_reg_i_Y_reg_0_/CK (DFF_X2)     0.0000     0.0500 r
  DP_i_execute_i_alu_out_reg_i_Y_reg_0_/Q (DFF_X2)      0.1488     0.1988 r
  U3584/ZN (AOI21_X1)                                   0.0500     0.2488 f
  U1631/ZN (OR3_X1)                                     0.0748     0.3236 f
  U1383/ZN (NAND2_X1)                                   0.0532     0.3768 r
  U3728/ZN (NOR2_X1)                                    0.0415     0.4183 f
  U1957/ZN (INV_X1)                                     0.0455     0.4638 r
  U6073/ZN (OR2_X4)                                     0.1504     0.6142 r
  DRAM_DATA_tri_30_/Z (TBUF_X1)                         0.2586     0.8728 f
  DRAM_DATA[30] (inout)                                 0.0048     0.8777 f
  data arrival time                                                0.8777

  clock CLK (rise edge)                                 1.4000     1.4000
  clock network delay (ideal)                           0.0500     1.4500
  clock uncertainty                                    -0.0500     1.4000
  output external delay                                -0.1400     1.2600
  data required time                                               1.2600
  --------------------------------------------------------------------------
  data required time                                               1.2600
  data arrival time                                               -0.8777
  --------------------------------------------------------------------------
  slack (MET)                                                      0.3823


  Startpoint: DP_i_execute_i_alu_out_reg_i_Y_reg_0_
              (rising edge-triggered flip-flop clocked by CLK)
  Endpoint: DRAM_DATA[29]
            (output port clocked by CLK)
  Path Group: OUTPUTS
  Path Type: max

  Des/Clust/Port     Wire Load Model       Library
  ------------------------------------------------
  DLX                5K_hvratio_1_4        NangateOpenCellLibrary

  Point                                                   Incr       Path
  --------------------------------------------------------------------------
  clock CLK (rise edge)                                 0.0000     0.0000
  clock network delay (ideal)                           0.0500     0.0500
  DP_i_execute_i_alu_out_reg_i_Y_reg_0_/CK (DFF_X2)     0.0000     0.0500 r
  DP_i_execute_i_alu_out_reg_i_Y_reg_0_/Q (DFF_X2)      0.1488     0.1988 r
  U3584/ZN (AOI21_X1)                                   0.0500     0.2488 f
  U1631/ZN (OR3_X1)                                     0.0748     0.3236 f
  U1383/ZN (NAND2_X1)                                   0.0532     0.3768 r
  U3728/ZN (NOR2_X1)                                    0.0415     0.4183 f
  U1957/ZN (INV_X1)                                     0.0455     0.4638 r
  U6073/ZN (OR2_X4)                                     0.1504     0.6142 r
  DRAM_DATA_tri_29_/Z (TBUF_X1)                         0.2586     0.8728 f
  DRAM_DATA[29] (inout)                                 0.0048     0.8777 f
  data arrival time                                                0.8777

  clock CLK (rise edge)                                 1.4000     1.4000
  clock network delay (ideal)                           0.0500     1.4500
  clock uncertainty                                    -0.0500     1.4000
  output external delay                                -0.1400     1.2600
  data required time                                               1.2600
  --------------------------------------------------------------------------
  data required time                                               1.2600
  data arrival time                                               -0.8777
  --------------------------------------------------------------------------
  slack (MET)                                                      0.3823


  Startpoint: DP_i_execute_i_alu_out_reg_i_Y_reg_0_
              (rising edge-triggered flip-flop clocked by CLK)
  Endpoint: DRAM_DATA[28]
            (output port clocked by CLK)
  Path Group: OUTPUTS
  Path Type: max

  Des/Clust/Port     Wire Load Model       Library
  ------------------------------------------------
  DLX                5K_hvratio_1_4        NangateOpenCellLibrary

  Point                                                   Incr       Path
  --------------------------------------------------------------------------
  clock CLK (rise edge)                                 0.0000     0.0000
  clock network delay (ideal)                           0.0500     0.0500
  DP_i_execute_i_alu_out_reg_i_Y_reg_0_/CK (DFF_X2)     0.0000     0.0500 r
  DP_i_execute_i_alu_out_reg_i_Y_reg_0_/Q (DFF_X2)      0.1488     0.1988 r
  U3584/ZN (AOI21_X1)                                   0.0500     0.2488 f
  U1631/ZN (OR3_X1)                                     0.0748     0.3236 f
  U1383/ZN (NAND2_X1)                                   0.0532     0.3768 r
  U3728/ZN (NOR2_X1)                                    0.0415     0.4183 f
  U1957/ZN (INV_X1)                                     0.0455     0.4638 r
  U6073/ZN (OR2_X4)                                     0.1504     0.6142 r
  DRAM_DATA_tri_28_/Z (TBUF_X1)                         0.2586     0.8728 f
  DRAM_DATA[28] (inout)                                 0.0048     0.8777 f
  data arrival time                                                0.8777

  clock CLK (rise edge)                                 1.4000     1.4000
  clock network delay (ideal)                           0.0500     1.4500
  clock uncertainty                                    -0.0500     1.4000
  output external delay                                -0.1400     1.2600
  data required time                                               1.2600
  --------------------------------------------------------------------------
  data required time                                               1.2600
  data arrival time                                               -0.8777
  --------------------------------------------------------------------------
  slack (MET)                                                      0.3823


  Startpoint: DP_i_execute_i_alu_out_reg_i_Y_reg_0_
              (rising edge-triggered flip-flop clocked by CLK)
  Endpoint: DRAM_DATA[27]
            (output port clocked by CLK)
  Path Group: OUTPUTS
  Path Type: max

  Des/Clust/Port     Wire Load Model       Library
  ------------------------------------------------
  DLX                5K_hvratio_1_4        NangateOpenCellLibrary

  Point                                                   Incr       Path
  --------------------------------------------------------------------------
  clock CLK (rise edge)                                 0.0000     0.0000
  clock network delay (ideal)                           0.0500     0.0500
  DP_i_execute_i_alu_out_reg_i_Y_reg_0_/CK (DFF_X2)     0.0000     0.0500 r
  DP_i_execute_i_alu_out_reg_i_Y_reg_0_/Q (DFF_X2)      0.1488     0.1988 r
  U3584/ZN (AOI21_X1)                                   0.0500     0.2488 f
  U1631/ZN (OR3_X1)                                     0.0748     0.3236 f
  U1383/ZN (NAND2_X1)                                   0.0532     0.3768 r
  U3728/ZN (NOR2_X1)                                    0.0415     0.4183 f
  U1957/ZN (INV_X1)                                     0.0455     0.4638 r
  U6073/ZN (OR2_X4)                                     0.1504     0.6142 r
  DRAM_DATA_tri_27_/Z (TBUF_X1)                         0.2586     0.8728 f
  DRAM_DATA[27] (inout)                                 0.0048     0.8777 f
  data arrival time                                                0.8777

  clock CLK (rise edge)                                 1.4000     1.4000
  clock network delay (ideal)                           0.0500     1.4500
  clock uncertainty                                    -0.0500     1.4000
  output external delay                                -0.1400     1.2600
  data required time                                               1.2600
  --------------------------------------------------------------------------
  data required time                                               1.2600
  data arrival time                                               -0.8777
  --------------------------------------------------------------------------
  slack (MET)                                                      0.3823


  Startpoint: DP_i_execute_i_alu_out_reg_i_Y_reg_0_
              (rising edge-triggered flip-flop clocked by CLK)
  Endpoint: DRAM_DATA[26]
            (output port clocked by CLK)
  Path Group: OUTPUTS
  Path Type: max

  Des/Clust/Port     Wire Load Model       Library
  ------------------------------------------------
  DLX                5K_hvratio_1_4        NangateOpenCellLibrary

  Point                                                   Incr       Path
  --------------------------------------------------------------------------
  clock CLK (rise edge)                                 0.0000     0.0000
  clock network delay (ideal)                           0.0500     0.0500
  DP_i_execute_i_alu_out_reg_i_Y_reg_0_/CK (DFF_X2)     0.0000     0.0500 r
  DP_i_execute_i_alu_out_reg_i_Y_reg_0_/Q (DFF_X2)      0.1488     0.1988 r
  U3584/ZN (AOI21_X1)                                   0.0500     0.2488 f
  U1631/ZN (OR3_X1)                                     0.0748     0.3236 f
  U1383/ZN (NAND2_X1)                                   0.0532     0.3768 r
  U3728/ZN (NOR2_X1)                                    0.0415     0.4183 f
  U1957/ZN (INV_X1)                                     0.0455     0.4638 r
  U6073/ZN (OR2_X4)                                     0.1504     0.6142 r
  DRAM_DATA_tri_26_/Z (TBUF_X1)                         0.2586     0.8728 f
  DRAM_DATA[26] (inout)                                 0.0048     0.8777 f
  data arrival time                                                0.8777

  clock CLK (rise edge)                                 1.4000     1.4000
  clock network delay (ideal)                           0.0500     1.4500
  clock uncertainty                                    -0.0500     1.4000
  output external delay                                -0.1400     1.2600
  data required time                                               1.2600
  --------------------------------------------------------------------------
  data required time                                               1.2600
  data arrival time                                               -0.8777
  --------------------------------------------------------------------------
  slack (MET)                                                      0.3823


  Startpoint: DP_i_execute_i_alu_out_reg_i_Y_reg_0_
              (rising edge-triggered flip-flop clocked by CLK)
  Endpoint: DRAM_DATA[25]
            (output port clocked by CLK)
  Path Group: OUTPUTS
  Path Type: max

  Des/Clust/Port     Wire Load Model       Library
  ------------------------------------------------
  DLX                5K_hvratio_1_4        NangateOpenCellLibrary

  Point                                                   Incr       Path
  --------------------------------------------------------------------------
  clock CLK (rise edge)                                 0.0000     0.0000
  clock network delay (ideal)                           0.0500     0.0500
  DP_i_execute_i_alu_out_reg_i_Y_reg_0_/CK (DFF_X2)     0.0000     0.0500 r
  DP_i_execute_i_alu_out_reg_i_Y_reg_0_/Q (DFF_X2)      0.1488     0.1988 r
  U3584/ZN (AOI21_X1)                                   0.0500     0.2488 f
  U1631/ZN (OR3_X1)                                     0.0748     0.3236 f
  U1383/ZN (NAND2_X1)                                   0.0532     0.3768 r
  U3728/ZN (NOR2_X1)                                    0.0415     0.4183 f
  U1957/ZN (INV_X1)                                     0.0455     0.4638 r
  U6073/ZN (OR2_X4)                                     0.1504     0.6142 r
  DRAM_DATA_tri_25_/Z (TBUF_X1)                         0.2586     0.8728 f
  DRAM_DATA[25] (inout)                                 0.0048     0.8777 f
  data arrival time                                                0.8777

  clock CLK (rise edge)                                 1.4000     1.4000
  clock network delay (ideal)                           0.0500     1.4500
  clock uncertainty                                    -0.0500     1.4000
  output external delay                                -0.1400     1.2600
  data required time                                               1.2600
  --------------------------------------------------------------------------
  data required time                                               1.2600
  data arrival time                                               -0.8777
  --------------------------------------------------------------------------
  slack (MET)                                                      0.3823


  Startpoint: DP_i_execute_i_alu_out_reg_i_Y_reg_0_
              (rising edge-triggered flip-flop clocked by CLK)
  Endpoint: DRAM_DATA[24]
            (output port clocked by CLK)
  Path Group: OUTPUTS
  Path Type: max

  Des/Clust/Port     Wire Load Model       Library
  ------------------------------------------------
  DLX                5K_hvratio_1_4        NangateOpenCellLibrary

  Point                                                   Incr       Path
  --------------------------------------------------------------------------
  clock CLK (rise edge)                                 0.0000     0.0000
  clock network delay (ideal)                           0.0500     0.0500
  DP_i_execute_i_alu_out_reg_i_Y_reg_0_/CK (DFF_X2)     0.0000     0.0500 r
  DP_i_execute_i_alu_out_reg_i_Y_reg_0_/Q (DFF_X2)      0.1488     0.1988 r
  U3584/ZN (AOI21_X1)                                   0.0500     0.2488 f
  U1631/ZN (OR3_X1)                                     0.0748     0.3236 f
  U1383/ZN (NAND2_X1)                                   0.0532     0.3768 r
  U3728/ZN (NOR2_X1)                                    0.0415     0.4183 f
  U1957/ZN (INV_X1)                                     0.0455     0.4638 r
  U6073/ZN (OR2_X4)                                     0.1504     0.6142 r
  DRAM_DATA_tri_24_/Z (TBUF_X1)                         0.2586     0.8728 f
  DRAM_DATA[24] (inout)                                 0.0048     0.8777 f
  data arrival time                                                0.8777

  clock CLK (rise edge)                                 1.4000     1.4000
  clock network delay (ideal)                           0.0500     1.4500
  clock uncertainty                                    -0.0500     1.4000
  output external delay                                -0.1400     1.2600
  data required time                                               1.2600
  --------------------------------------------------------------------------
  data required time                                               1.2600
  data arrival time                                               -0.8777
  --------------------------------------------------------------------------
  slack (MET)                                                      0.3823


  Startpoint: DP_i_execute_i_alu_out_reg_i_Y_reg_0_
              (rising edge-triggered flip-flop clocked by CLK)
  Endpoint: DRAM_DATA[23]
            (output port clocked by CLK)
  Path Group: OUTPUTS
  Path Type: max

  Des/Clust/Port     Wire Load Model       Library
  ------------------------------------------------
  DLX                5K_hvratio_1_4        NangateOpenCellLibrary

  Point                                                   Incr       Path
  --------------------------------------------------------------------------
  clock CLK (rise edge)                                 0.0000     0.0000
  clock network delay (ideal)                           0.0500     0.0500
  DP_i_execute_i_alu_out_reg_i_Y_reg_0_/CK (DFF_X2)     0.0000     0.0500 r
  DP_i_execute_i_alu_out_reg_i_Y_reg_0_/Q (DFF_X2)      0.1488     0.1988 r
  U3584/ZN (AOI21_X1)                                   0.0500     0.2488 f
  U1631/ZN (OR3_X1)                                     0.0748     0.3236 f
  U1383/ZN (NAND2_X1)                                   0.0532     0.3768 r
  U3728/ZN (NOR2_X1)                                    0.0415     0.4183 f
  U1957/ZN (INV_X1)                                     0.0455     0.4638 r
  U6073/ZN (OR2_X4)                                     0.1504     0.6142 r
  DRAM_DATA_tri_23_/Z (TBUF_X1)                         0.2586     0.8728 f
  DRAM_DATA[23] (inout)                                 0.0048     0.8777 f
  data arrival time                                                0.8777

  clock CLK (rise edge)                                 1.4000     1.4000
  clock network delay (ideal)                           0.0500     1.4500
  clock uncertainty                                    -0.0500     1.4000
  output external delay                                -0.1400     1.2600
  data required time                                               1.2600
  --------------------------------------------------------------------------
  data required time                                               1.2600
  data arrival time                                               -0.8777
  --------------------------------------------------------------------------
  slack (MET)                                                      0.3823


  Startpoint: DP_i_decode_i_rs2_addr_i_Y_reg_4_
              (rising edge-triggered flip-flop clocked by CLK)
  Endpoint: DP_i_execute_i_zero_alu_bit_Y_reg
            (rising edge-triggered flip-flop clocked by CLK)
  Path Group: REG2REG
  Path Type: max

  Des/Clust/Port     Wire Load Model       Library
  ------------------------------------------------
  DLX                5K_hvratio_1_4        NangateOpenCellLibrary

  Point                                                   Incr       Path
  --------------------------------------------------------------------------
  clock CLK (rise edge)                                 0.0000     0.0000
  clock network delay (ideal)                           0.0500     0.0500
  DP_i_decode_i_rs2_addr_i_Y_reg_4_/CK (DFF_X1)         0.0000     0.0500 r
  DP_i_decode_i_rs2_addr_i_Y_reg_4_/QN (DFF_X1)         0.0888     0.1388 r
  U1066/ZN (XNOR2_X1)                                   0.0633     0.2021 r
  U1389/ZN (AND3_X1)                                    0.0566     0.2587 r
  U1380/ZN (NAND4_X1)                                   0.0611     0.3197 f
  U4101/ZN (AND2_X2)                                    0.0727     0.3924 f
  U4245/ZN (NAND2_X1)                                   0.0565     0.4490 r
  U2996/ZN (NAND4_X1)                                   0.0554     0.5044 f
  U3173/ZN (NAND2_X1)                                   0.0387     0.5431 r
  U3006/Z (XOR2_X1)                                     0.0785     0.6216 r
  U4661/ZN (NAND2_X1)                                   0.0372     0.6588 f
  U4669/ZN (NAND4_X1)                                   0.0337     0.6925 r
  U4674/ZN (AND3_X1)                                    0.0556     0.7481 r
  U934/ZN (INV_X1)                                      0.0253     0.7735 f
  U935/ZN (NAND3_X1)                                    0.0287     0.8021 r
  U4686/ZN (NAND2_X1)                                   0.0265     0.8286 f
  U2845/ZN (AND3_X1)                                    0.0391     0.8677 f
  U4696/ZN (NAND2_X1)                                   0.0314     0.8990 r
  U3010/Z (BUF_X1)                                      0.0386     0.9377 r
  U1172/ZN (INV_X1)                                     0.0277     0.9653 f
  U2964/ZN (OAI21_X1)                                   0.0614     1.0267 r
  U5758/ZN (XNOR2_X1)                                   0.0676     1.0943 r
  U1049/ZN (AND2_X1)                                    0.0465     1.1408 r
  U991/ZN (NAND3_X1)                                    0.0360     1.1768 f
  U989/ZN (NOR2_X1)                                     0.0426     1.2194 r
  U1407/ZN (AND4_X1)                                    0.0613     1.2807 r
  U1103/ZN (AND3_X2)                                    0.0585     1.3391 r
  U1872/ZN (AND2_X1)                                    0.0444     1.3836 r
  U2408/ZN (OAI21_X1)                                   0.0288     1.4124 f
  U2407/ZN (OAI211_X1)                                  0.0365     1.4488 r
  U2746/ZN (NAND3_X1)                                   0.0405     1.4893 f
  U7458/ZN (OAI21_X1)                                   0.0483     1.5376 r
  DP_i_execute_i_zero_alu_bit_Y_reg/D (DFF_X2)          0.0109     1.5485 r
  data arrival time                                                1.5485

  clock CLK (rise edge)                                 1.4000     1.4000
  clock network delay (ideal)                           0.0500     1.4500
  clock uncertainty                                    -0.0500     1.4000
  DP_i_execute_i_zero_alu_bit_Y_reg/CK (DFF_X2)         0.0000     1.4000 r
  library setup time                                   -0.0284     1.3716
  data required time                                               1.3716
  --------------------------------------------------------------------------
  data required time                                               1.3716
  data arrival time                                               -1.5485
  --------------------------------------------------------------------------
  slack (VIOLATED)                                                -0.1769


  Startpoint: DP_i_decode_i_rs2_addr_i_Y_reg_4_
              (rising edge-triggered flip-flop clocked by CLK)
  Endpoint: DP_i_execute_i_zero_alu_bit_Y_reg
            (rising edge-triggered flip-flop clocked by CLK)
  Path Group: REG2REG
  Path Type: max

  Des/Clust/Port     Wire Load Model       Library
  ------------------------------------------------
  DLX                5K_hvratio_1_4        NangateOpenCellLibrary

  Point                                                   Incr       Path
  --------------------------------------------------------------------------
  clock CLK (rise edge)                                 0.0000     0.0000
  clock network delay (ideal)                           0.0500     0.0500
  DP_i_decode_i_rs2_addr_i_Y_reg_4_/CK (DFF_X1)         0.0000     0.0500 r
  DP_i_decode_i_rs2_addr_i_Y_reg_4_/QN (DFF_X1)         0.0888     0.1388 r
  U1066/ZN (XNOR2_X1)                                   0.0633     0.2021 r
  U1389/ZN (AND3_X1)                                    0.0566     0.2587 r
  U1380/ZN (NAND4_X1)                                   0.0611     0.3197 f
  U4101/ZN (AND2_X2)                                    0.0727     0.3924 f
  U4245/ZN (NAND2_X1)                                   0.0565     0.4490 r
  U2996/ZN (NAND4_X1)                                   0.0554     0.5044 f
  U3173/ZN (NAND2_X1)                                   0.0387     0.5431 r
  U3006/Z (XOR2_X1)                                     0.0785     0.6216 r
  U4672/ZN (INV_X1)                                     0.0268     0.6484 f
  U4673/ZN (NAND2_X1)                                   0.0378     0.6861 r
  U4674/ZN (AND3_X1)                                    0.0620     0.7481 r
  U934/ZN (INV_X1)                                      0.0253     0.7734 f
  U935/ZN (NAND3_X1)                                    0.0287     0.8021 r
  U4686/ZN (NAND2_X1)                                   0.0265     0.8286 f
  U2845/ZN (AND3_X1)                                    0.0391     0.8677 f
  U4696/ZN (NAND2_X1)                                   0.0314     0.8990 r
  U3010/Z (BUF_X1)                                      0.0386     0.9377 r
  U1172/ZN (INV_X1)                                     0.0277     0.9653 f
  U2964/ZN (OAI21_X1)                                   0.0614     1.0267 r
  U5758/ZN (XNOR2_X1)                                   0.0676     1.0943 r
  U1049/ZN (AND2_X1)                                    0.0465     1.1408 r
  U991/ZN (NAND3_X1)                                    0.0360     1.1768 f
  U989/ZN (NOR2_X1)                                     0.0426     1.2194 r
  U1407/ZN (AND4_X1)                                    0.0613     1.2806 r
  U1103/ZN (AND3_X2)                                    0.0585     1.3391 r
  U1872/ZN (AND2_X1)                                    0.0444     1.3836 r
  U2408/ZN (OAI21_X1)                                   0.0288     1.4124 f
  U2407/ZN (OAI211_X1)                                  0.0365     1.4488 r
  U2746/ZN (NAND3_X1)                                   0.0405     1.4893 f
  U7458/ZN (OAI21_X1)                                   0.0483     1.5376 r
  DP_i_execute_i_zero_alu_bit_Y_reg/D (DFF_X2)          0.0109     1.5485 r
  data arrival time                                                1.5485

  clock CLK (rise edge)                                 1.4000     1.4000
  clock network delay (ideal)                           0.0500     1.4500
  clock uncertainty                                    -0.0500     1.4000
  DP_i_execute_i_zero_alu_bit_Y_reg/CK (DFF_X2)         0.0000     1.4000 r
  library setup time                                   -0.0284     1.3716
  data required time                                               1.3716
  --------------------------------------------------------------------------
  data required time                                               1.3716
  data arrival time                                               -1.5485
  --------------------------------------------------------------------------
  slack (VIOLATED)                                                -0.1769


  Startpoint: DP_i_fetch_i_IR_out_reg_26_
              (rising edge-triggered flip-flop clocked by CLK)
  Endpoint: DP_i_fetch_i_pc_i_Y_reg_4_
            (rising edge-triggered flip-flop clocked by CLK)
  Path Group: REG2REG
  Path Type: max

  Des/Clust/Port     Wire Load Model       Library
  ------------------------------------------------
  DLX                5K_hvratio_1_4        NangateOpenCellLibrary

  Point                                                   Incr       Path
  --------------------------------------------------------------------------
  clock CLK (rise edge)                                 0.0000     0.0000
  clock network delay (ideal)                           0.0500     0.0500
  DP_i_fetch_i_IR_out_reg_26_/CK (DFF_X1)               0.0000     0.0500 r
  DP_i_fetch_i_IR_out_reg_26_/QN (DFF_X1)               0.0861     0.1361 r
  U3099/ZN (AND2_X1)                                    0.0465     0.1826 r
  U3105/ZN (NAND2_X1)                                   0.0359     0.2185 f
  U1438/ZN (OR2_X1)                                     0.0724     0.2909 f
  U3869/ZN (NAND2_X1)                                   0.0409     0.3318 r
  U3871/ZN (NAND2_X1)                                   0.0389     0.3707 f
  U2879/ZN (NAND2_X1)                                   0.0371     0.4078 r
  U2878/ZN (XNOR2_X1)                                   0.0596     0.4675 r
  U2975/ZN (AND3_X1)                                    0.0559     0.5234 r
  U3875/ZN (OAI211_X1)                                  0.0439     0.5673 f
  U3128/ZN (AND2_X1)                                    0.0408     0.6081 f
  U1412/ZN (OR2_X1)                                     0.0520     0.6601 f
  U3889/ZN (AOI21_X1)                                   0.0371     0.6972 r
  U3891/ZN (AND2_X1)                                    0.0464     0.7437 r
  U3934/Z (BUF_X1)                                      0.0377     0.7814 r
  U2875/ZN (OR2_X1)                                     0.0382     0.8196 r
  U1414/ZN (AND2_X1)                                    0.0477     0.8673 r
  U3938/ZN (XNOR2_X1)                                   0.0585     0.9258 r
  U3100/ZN (AND4_X1)                                    0.0656     0.9914 r
  U3101/ZN (AND4_X1)                                    0.0646     1.0560 r
  U2806/ZN (NAND4_X1)                                   0.0384     1.0944 f
  U2805/ZN (NOR2_X1)                                    0.0441     1.1385 r
  U3104/ZN (AND2_X1)                                    0.0452     1.1837 r
  U3129/ZN (NAND4_X1)                                   0.0446     1.2283 f
  U1410/ZN (OAI211_X1)                                  0.0615     1.2898 r
  U892/ZN (AND2_X2)                                     0.0560     1.3458 r
  U891/ZN (AND2_X4)                                     0.0990     1.4448 r
  U8502/ZN (NAND2_X1)                                   0.0591     1.5039 f
  U8505/ZN (NAND4_X1)                                   0.0335     1.5374 r
  DP_i_fetch_i_pc_i_Y_reg_4_/D (DFF_X1)                 0.0110     1.5484 r
  data arrival time                                                1.5484

  clock CLK (rise edge)                                 1.4000     1.4000
  clock network delay (ideal)                           0.0500     1.4500
  clock uncertainty                                    -0.0500     1.4000
  DP_i_fetch_i_pc_i_Y_reg_4_/CK (DFF_X1)                0.0000     1.4000 r
  library setup time                                   -0.0278     1.3722
  data required time                                               1.3722
  --------------------------------------------------------------------------
  data required time                                               1.3722
  data arrival time                                               -1.5484
  --------------------------------------------------------------------------
  slack (VIOLATED)                                                -0.1762


  Startpoint: DP_i_fetch_i_IR_out_reg_26_
              (rising edge-triggered flip-flop clocked by CLK)
  Endpoint: DP_i_fetch_i_pc_i_Y_reg_7_
            (rising edge-triggered flip-flop clocked by CLK)
  Path Group: REG2REG
  Path Type: max

  Des/Clust/Port     Wire Load Model       Library
  ------------------------------------------------
  DLX                5K_hvratio_1_4        NangateOpenCellLibrary

  Point                                                   Incr       Path
  --------------------------------------------------------------------------
  clock CLK (rise edge)                                 0.0000     0.0000
  clock network delay (ideal)                           0.0500     0.0500
  DP_i_fetch_i_IR_out_reg_26_/CK (DFF_X1)               0.0000     0.0500 r
  DP_i_fetch_i_IR_out_reg_26_/QN (DFF_X1)               0.0861     0.1361 r
  U3099/ZN (AND2_X1)                                    0.0465     0.1826 r
  U3105/ZN (NAND2_X1)                                   0.0359     0.2185 f
  U1438/ZN (OR2_X1)                                     0.0724     0.2909 f
  U3869/ZN (NAND2_X1)                                   0.0409     0.3318 r
  U3871/ZN (NAND2_X1)                                   0.0389     0.3707 f
  U2879/ZN (NAND2_X1)                                   0.0371     0.4078 r
  U2878/ZN (XNOR2_X1)                                   0.0596     0.4675 r
  U2975/ZN (AND3_X1)                                    0.0559     0.5234 r
  U3875/ZN (OAI211_X1)                                  0.0439     0.5673 f
  U3128/ZN (AND2_X1)                                    0.0408     0.6081 f
  U1412/ZN (OR2_X1)                                     0.0520     0.6601 f
  U3889/ZN (AOI21_X1)                                   0.0371     0.6972 r
  U3891/ZN (AND2_X1)                                    0.0464     0.7437 r
  U3934/Z (BUF_X1)                                      0.0377     0.7814 r
  U2875/ZN (OR2_X1)                                     0.0382     0.8196 r
  U1414/ZN (AND2_X1)                                    0.0477     0.8673 r
  U3938/ZN (XNOR2_X1)                                   0.0585     0.9258 r
  U3100/ZN (AND4_X1)                                    0.0656     0.9914 r
  U3101/ZN (AND4_X1)                                    0.0646     1.0560 r
  U2806/ZN (NAND4_X1)                                   0.0384     1.0944 f
  U2805/ZN (NOR2_X1)                                    0.0441     1.1385 r
  U3104/ZN (AND2_X1)                                    0.0452     1.1837 r
  U3129/ZN (NAND4_X1)                                   0.0446     1.2283 f
  U1410/ZN (OAI211_X1)                                  0.0615     1.2898 r
  U892/ZN (AND2_X2)                                     0.0560     1.3458 r
  U891/ZN (AND2_X4)                                     0.0990     1.4448 r
  U8471/ZN (NAND2_X1)                                   0.0591     1.5039 f
  U8474/ZN (NAND4_X1)                                   0.0335     1.5374 r
  DP_i_fetch_i_pc_i_Y_reg_7_/D (DFF_X1)                 0.0110     1.5484 r
  data arrival time                                                1.5484

  clock CLK (rise edge)                                 1.4000     1.4000
  clock network delay (ideal)                           0.0500     1.4500
  clock uncertainty                                    -0.0500     1.4000
  DP_i_fetch_i_pc_i_Y_reg_7_/CK (DFF_X1)                0.0000     1.4000 r
  library setup time                                   -0.0278     1.3722
  data required time                                               1.3722
  --------------------------------------------------------------------------
  data required time                                               1.3722
  data arrival time                                               -1.5484
  --------------------------------------------------------------------------
  slack (VIOLATED)                                                -0.1762


  Startpoint: DP_i_fetch_i_IR_out_reg_26_
              (rising edge-triggered flip-flop clocked by CLK)
  Endpoint: DP_i_fetch_i_pc_i_Y_reg_5_
            (rising edge-triggered flip-flop clocked by CLK)
  Path Group: REG2REG
  Path Type: max

  Des/Clust/Port     Wire Load Model       Library
  ------------------------------------------------
  DLX                5K_hvratio_1_4        NangateOpenCellLibrary

  Point                                                   Incr       Path
  --------------------------------------------------------------------------
  clock CLK (rise edge)                                 0.0000     0.0000
  clock network delay (ideal)                           0.0500     0.0500
  DP_i_fetch_i_IR_out_reg_26_/CK (DFF_X1)               0.0000     0.0500 r
  DP_i_fetch_i_IR_out_reg_26_/QN (DFF_X1)               0.0861     0.1361 r
  U3099/ZN (AND2_X1)                                    0.0465     0.1826 r
  U3105/ZN (NAND2_X1)                                   0.0359     0.2185 f
  U1438/ZN (OR2_X1)                                     0.0724     0.2909 f
  U3869/ZN (NAND2_X1)                                   0.0409     0.3318 r
  U3871/ZN (NAND2_X1)                                   0.0389     0.3707 f
  U2879/ZN (NAND2_X1)                                   0.0371     0.4078 r
  U2878/ZN (XNOR2_X1)                                   0.0596     0.4675 r
  U2975/ZN (AND3_X1)                                    0.0559     0.5234 r
  U3875/ZN (OAI211_X1)                                  0.0439     0.5673 f
  U3128/ZN (AND2_X1)                                    0.0408     0.6081 f
  U1412/ZN (OR2_X1)                                     0.0520     0.6601 f
  U3889/ZN (AOI21_X1)                                   0.0371     0.6972 r
  U3891/ZN (AND2_X1)                                    0.0464     0.7437 r
  U3934/Z (BUF_X1)                                      0.0377     0.7814 r
  U2875/ZN (OR2_X1)                                     0.0382     0.8196 r
  U1414/ZN (AND2_X1)                                    0.0477     0.8673 r
  U3938/ZN (XNOR2_X1)                                   0.0585     0.9258 r
  U3100/ZN (AND4_X1)                                    0.0656     0.9914 r
  U3101/ZN (AND4_X1)                                    0.0646     1.0560 r
  U2806/ZN (NAND4_X1)                                   0.0384     1.0944 f
  U2805/ZN (NOR2_X1)                                    0.0441     1.1385 r
  U3104/ZN (AND2_X1)                                    0.0452     1.1837 r
  U3129/ZN (NAND4_X1)                                   0.0446     1.2283 f
  U1410/ZN (OAI211_X1)                                  0.0615     1.2898 r
  U892/ZN (AND2_X2)                                     0.0560     1.3458 r
  U891/ZN (AND2_X4)                                     0.0990     1.4448 r
  U8514/ZN (NAND2_X1)                                   0.0591     1.5039 f
  U8517/ZN (NAND4_X1)                                   0.0335     1.5374 r
  DP_i_fetch_i_pc_i_Y_reg_5_/D (DFF_X1)                 0.0110     1.5484 r
  data arrival time                                                1.5484

  clock CLK (rise edge)                                 1.4000     1.4000
  clock network delay (ideal)                           0.0500     1.4500
  clock uncertainty                                    -0.0500     1.4000
  DP_i_fetch_i_pc_i_Y_reg_5_/CK (DFF_X1)                0.0000     1.4000 r
  library setup time                                   -0.0278     1.3722
  data required time                                               1.3722
  --------------------------------------------------------------------------
  data required time                                               1.3722
  data arrival time                                               -1.5484
  --------------------------------------------------------------------------
  slack (VIOLATED)                                                -0.1762


  Startpoint: DP_i_fetch_i_IR_out_reg_26_
              (rising edge-triggered flip-flop clocked by CLK)
  Endpoint: DP_i_fetch_i_pc_i_Y_reg_6_
            (rising edge-triggered flip-flop clocked by CLK)
  Path Group: REG2REG
  Path Type: max

  Des/Clust/Port     Wire Load Model       Library
  ------------------------------------------------
  DLX                5K_hvratio_1_4        NangateOpenCellLibrary

  Point                                                   Incr       Path
  --------------------------------------------------------------------------
  clock CLK (rise edge)                                 0.0000     0.0000
  clock network delay (ideal)                           0.0500     0.0500
  DP_i_fetch_i_IR_out_reg_26_/CK (DFF_X1)               0.0000     0.0500 r
  DP_i_fetch_i_IR_out_reg_26_/QN (DFF_X1)               0.0861     0.1361 r
  U3099/ZN (AND2_X1)                                    0.0465     0.1826 r
  U3105/ZN (NAND2_X1)                                   0.0359     0.2185 f
  U1438/ZN (OR2_X1)                                     0.0724     0.2909 f
  U3869/ZN (NAND2_X1)                                   0.0409     0.3318 r
  U3871/ZN (NAND2_X1)                                   0.0389     0.3707 f
  U2879/ZN (NAND2_X1)                                   0.0371     0.4078 r
  U2878/ZN (XNOR2_X1)                                   0.0596     0.4675 r
  U2975/ZN (AND3_X1)                                    0.0559     0.5234 r
  U3875/ZN (OAI211_X1)                                  0.0439     0.5673 f
  U3128/ZN (AND2_X1)                                    0.0408     0.6081 f
  U1412/ZN (OR2_X1)                                     0.0520     0.6601 f
  U3889/ZN (AOI21_X1)                                   0.0371     0.6972 r
  U3891/ZN (AND2_X1)                                    0.0464     0.7437 r
  U3934/Z (BUF_X1)                                      0.0377     0.7814 r
  U2875/ZN (OR2_X1)                                     0.0382     0.8196 r
  U1414/ZN (AND2_X1)                                    0.0477     0.8673 r
  U3938/ZN (XNOR2_X1)                                   0.0585     0.9258 r
  U3100/ZN (AND4_X1)                                    0.0656     0.9914 r
  U3101/ZN (AND4_X1)                                    0.0646     1.0560 r
  U2806/ZN (NAND4_X1)                                   0.0384     1.0944 f
  U2805/ZN (NOR2_X1)                                    0.0441     1.1385 r
  U3104/ZN (AND2_X1)                                    0.0452     1.1837 r
  U3129/ZN (NAND4_X1)                                   0.0446     1.2283 f
  U1410/ZN (OAI211_X1)                                  0.0615     1.2898 r
  U892/ZN (AND2_X2)                                     0.0560     1.3458 r
  U891/ZN (AND2_X4)                                     0.0990     1.4448 r
  U8494/ZN (NAND2_X1)                                   0.0591     1.5039 f
  U8497/ZN (NAND4_X1)                                   0.0335     1.5374 r
  DP_i_fetch_i_pc_i_Y_reg_6_/D (DFF_X1)                 0.0110     1.5484 r
  data arrival time                                                1.5484

  clock CLK (rise edge)                                 1.4000     1.4000
  clock network delay (ideal)                           0.0500     1.4500
  clock uncertainty                                    -0.0500     1.4000
  DP_i_fetch_i_pc_i_Y_reg_6_/CK (DFF_X1)                0.0000     1.4000 r
  library setup time                                   -0.0278     1.3722
  data required time                                               1.3722
  --------------------------------------------------------------------------
  data required time                                               1.3722
  data arrival time                                               -1.5484
  --------------------------------------------------------------------------
  slack (VIOLATED)                                                -0.1762


  Startpoint: DP_i_fetch_i_IR_out_reg_26_
              (rising edge-triggered flip-flop clocked by CLK)
  Endpoint: DP_i_fetch_i_pc_i_Y_reg_3_
            (rising edge-triggered flip-flop clocked by CLK)
  Path Group: REG2REG
  Path Type: max

  Des/Clust/Port     Wire Load Model       Library
  ------------------------------------------------
  DLX                5K_hvratio_1_4        NangateOpenCellLibrary

  Point                                                   Incr       Path
  --------------------------------------------------------------------------
  clock CLK (rise edge)                                 0.0000     0.0000
  clock network delay (ideal)                           0.0500     0.0500
  DP_i_fetch_i_IR_out_reg_26_/CK (DFF_X1)               0.0000     0.0500 r
  DP_i_fetch_i_IR_out_reg_26_/QN (DFF_X1)               0.0861     0.1361 r
  U3099/ZN (AND2_X1)                                    0.0465     0.1826 r
  U3105/ZN (NAND2_X1)                                   0.0359     0.2185 f
  U1438/ZN (OR2_X1)                                     0.0724     0.2909 f
  U3869/ZN (NAND2_X1)                                   0.0409     0.3318 r
  U3871/ZN (NAND2_X1)                                   0.0389     0.3707 f
  U2879/ZN (NAND2_X1)                                   0.0371     0.4078 r
  U2878/ZN (XNOR2_X1)                                   0.0596     0.4675 r
  U2975/ZN (AND3_X1)                                    0.0559     0.5234 r
  U3875/ZN (OAI211_X1)                                  0.0439     0.5673 f
  U3128/ZN (AND2_X1)                                    0.0408     0.6081 f
  U1412/ZN (OR2_X1)                                     0.0520     0.6601 f
  U3889/ZN (AOI21_X1)                                   0.0371     0.6972 r
  U3891/ZN (AND2_X1)                                    0.0464     0.7437 r
  U3934/Z (BUF_X1)                                      0.0377     0.7814 r
  U2875/ZN (OR2_X1)                                     0.0382     0.8196 r
  U1414/ZN (AND2_X1)                                    0.0477     0.8673 r
  U3938/ZN (XNOR2_X1)                                   0.0585     0.9258 r
  U3100/ZN (AND4_X1)                                    0.0656     0.9914 r
  U3101/ZN (AND4_X1)                                    0.0646     1.0560 r
  U2806/ZN (NAND4_X1)                                   0.0384     1.0944 f
  U2805/ZN (NOR2_X1)                                    0.0441     1.1385 r
  U3104/ZN (AND2_X1)                                    0.0452     1.1837 r
  U3129/ZN (NAND4_X1)                                   0.0446     1.2283 f
  U1410/ZN (OAI211_X1)                                  0.0615     1.2898 r
  U892/ZN (AND2_X2)                                     0.0560     1.3458 r
  U891/ZN (AND2_X4)                                     0.0990     1.4448 r
  U8463/ZN (NAND2_X1)                                   0.0591     1.5039 f
  U8466/ZN (NAND4_X1)                                   0.0335     1.5374 r
  DP_i_fetch_i_pc_i_Y_reg_3_/D (DFF_X1)                 0.0110     1.5484 r
  data arrival time                                                1.5484

  clock CLK (rise edge)                                 1.4000     1.4000
  clock network delay (ideal)                           0.0500     1.4500
  clock uncertainty                                    -0.0500     1.4000
  DP_i_fetch_i_pc_i_Y_reg_3_/CK (DFF_X1)                0.0000     1.4000 r
  library setup time                                   -0.0278     1.3722
  data required time                                               1.3722
  --------------------------------------------------------------------------
  data required time                                               1.3722
  data arrival time                                               -1.5484
  --------------------------------------------------------------------------
  slack (VIOLATED)                                                -0.1762


  Startpoint: DP_i_fetch_i_IR_out_reg_26_
              (rising edge-triggered flip-flop clocked by CLK)
  Endpoint: DP_i_fetch_i_pc_i_Y_reg_2_
            (rising edge-triggered flip-flop clocked by CLK)
  Path Group: REG2REG
  Path Type: max

  Des/Clust/Port     Wire Load Model       Library
  ------------------------------------------------
  DLX                5K_hvratio_1_4        NangateOpenCellLibrary

  Point                                                   Incr       Path
  --------------------------------------------------------------------------
  clock CLK (rise edge)                                 0.0000     0.0000
  clock network delay (ideal)                           0.0500     0.0500
  DP_i_fetch_i_IR_out_reg_26_/CK (DFF_X1)               0.0000     0.0500 r
  DP_i_fetch_i_IR_out_reg_26_/QN (DFF_X1)               0.0861     0.1361 r
  U3099/ZN (AND2_X1)                                    0.0465     0.1826 r
  U3105/ZN (NAND2_X1)                                   0.0359     0.2185 f
  U1438/ZN (OR2_X1)                                     0.0724     0.2909 f
  U3869/ZN (NAND2_X1)                                   0.0409     0.3318 r
  U3871/ZN (NAND2_X1)                                   0.0389     0.3707 f
  U2879/ZN (NAND2_X1)                                   0.0371     0.4078 r
  U2878/ZN (XNOR2_X1)                                   0.0596     0.4675 r
  U2975/ZN (AND3_X1)                                    0.0559     0.5234 r
  U3875/ZN (OAI211_X1)                                  0.0439     0.5673 f
  U3128/ZN (AND2_X1)                                    0.0408     0.6081 f
  U1412/ZN (OR2_X1)                                     0.0520     0.6601 f
  U3889/ZN (AOI21_X1)                                   0.0371     0.6972 r
  U3891/ZN (AND2_X1)                                    0.0464     0.7437 r
  U3934/Z (BUF_X1)                                      0.0377     0.7814 r
  U2875/ZN (OR2_X1)                                     0.0382     0.8196 r
  U1414/ZN (AND2_X1)                                    0.0477     0.8673 r
  U3938/ZN (XNOR2_X1)                                   0.0585     0.9258 r
  U3100/ZN (AND4_X1)                                    0.0656     0.9914 r
  U3101/ZN (AND4_X1)                                    0.0646     1.0560 r
  U2806/ZN (NAND4_X1)                                   0.0384     1.0944 f
  U2805/ZN (NOR2_X1)                                    0.0441     1.1385 r
  U3104/ZN (AND2_X1)                                    0.0452     1.1837 r
  U3129/ZN (NAND4_X1)                                   0.0446     1.2283 f
  U1410/ZN (OAI211_X1)                                  0.0615     1.2898 r
  U892/ZN (AND2_X2)                                     0.0560     1.3458 r
  U891/ZN (AND2_X4)                                     0.0990     1.4448 r
  U8510/ZN (NAND2_X1)                                   0.0591     1.5039 f
  U8513/ZN (NAND4_X1)                                   0.0335     1.5374 r
  DP_i_fetch_i_pc_i_Y_reg_2_/D (DFF_X1)                 0.0110     1.5484 r
  data arrival time                                                1.5484

  clock CLK (rise edge)                                 1.4000     1.4000
  clock network delay (ideal)                           0.0500     1.4500
  clock uncertainty                                    -0.0500     1.4000
  DP_i_fetch_i_pc_i_Y_reg_2_/CK (DFF_X1)                0.0000     1.4000 r
  library setup time                                   -0.0278     1.3722
  data required time                                               1.3722
  --------------------------------------------------------------------------
  data required time                                               1.3722
  data arrival time                                               -1.5484
  --------------------------------------------------------------------------
  slack (VIOLATED)                                                -0.1762


  Startpoint: DP_i_fetch_i_IR_out_reg_26_
              (rising edge-triggered flip-flop clocked by CLK)
  Endpoint: DP_i_fetch_i_pc_i_Y_reg_0_
            (rising edge-triggered flip-flop clocked by CLK)
  Path Group: REG2REG
  Path Type: max

  Des/Clust/Port     Wire Load Model       Library
  ------------------------------------------------
  DLX                5K_hvratio_1_4        NangateOpenCellLibrary

  Point                                                   Incr       Path
  --------------------------------------------------------------------------
  clock CLK (rise edge)                                 0.0000     0.0000
  clock network delay (ideal)                           0.0500     0.0500
  DP_i_fetch_i_IR_out_reg_26_/CK (DFF_X1)               0.0000     0.0500 r
  DP_i_fetch_i_IR_out_reg_26_/QN (DFF_X1)               0.0861     0.1361 r
  U3099/ZN (AND2_X1)                                    0.0465     0.1826 r
  U3105/ZN (NAND2_X1)                                   0.0359     0.2185 f
  U1438/ZN (OR2_X1)                                     0.0724     0.2909 f
  U3869/ZN (NAND2_X1)                                   0.0409     0.3318 r
  U3871/ZN (NAND2_X1)                                   0.0389     0.3707 f
  U2879/ZN (NAND2_X1)                                   0.0371     0.4078 r
  U2878/ZN (XNOR2_X1)                                   0.0596     0.4675 r
  U2975/ZN (AND3_X1)                                    0.0559     0.5234 r
  U3875/ZN (OAI211_X1)                                  0.0439     0.5673 f
  U3128/ZN (AND2_X1)                                    0.0408     0.6081 f
  U1412/ZN (OR2_X1)                                     0.0520     0.6601 f
  U3889/ZN (AOI21_X1)                                   0.0371     0.6972 r
  U3891/ZN (AND2_X1)                                    0.0464     0.7437 r
  U3934/Z (BUF_X1)                                      0.0377     0.7814 r
  U2875/ZN (OR2_X1)                                     0.0382     0.8196 r
  U1414/ZN (AND2_X1)                                    0.0477     0.8673 r
  U3938/ZN (XNOR2_X1)                                   0.0585     0.9258 r
  U3100/ZN (AND4_X1)                                    0.0656     0.9914 r
  U3101/ZN (AND4_X1)                                    0.0646     1.0560 r
  U2806/ZN (NAND4_X1)                                   0.0384     1.0944 f
  U2805/ZN (NOR2_X1)                                    0.0441     1.1385 r
  U3104/ZN (AND2_X1)                                    0.0452     1.1837 r
  U3129/ZN (NAND4_X1)                                   0.0446     1.2283 f
  U1410/ZN (OAI211_X1)                                  0.0615     1.2898 r
  U892/ZN (AND2_X2)                                     0.0560     1.3458 r
  U891/ZN (AND2_X4)                                     0.0990     1.4448 r
  U8424/ZN (NAND2_X1)                                   0.0591     1.5039 f
  U8430/ZN (NAND4_X1)                                   0.0335     1.5374 r
  DP_i_fetch_i_pc_i_Y_reg_0_/D (DFF_X1)                 0.0110     1.5484 r
  data arrival time                                                1.5484

  clock CLK (rise edge)                                 1.4000     1.4000
  clock network delay (ideal)                           0.0500     1.4500
  clock uncertainty                                    -0.0500     1.4000
  DP_i_fetch_i_pc_i_Y_reg_0_/CK (DFF_X1)                0.0000     1.4000 r
  library setup time                                   -0.0278     1.3722
  data required time                                               1.3722
  --------------------------------------------------------------------------
  data required time                                               1.3722
  data arrival time                                               -1.5484
  --------------------------------------------------------------------------
  slack (VIOLATED)                                                -0.1762


  Startpoint: DP_i_fetch_i_IR_out_reg_26_
              (rising edge-triggered flip-flop clocked by CLK)
  Endpoint: DP_i_fetch_i_pc_i_Y_reg_1_
            (rising edge-triggered flip-flop clocked by CLK)
  Path Group: REG2REG
  Path Type: max

  Des/Clust/Port     Wire Load Model       Library
  ------------------------------------------------
  DLX                5K_hvratio_1_4        NangateOpenCellLibrary

  Point                                                   Incr       Path
  --------------------------------------------------------------------------
  clock CLK (rise edge)                                 0.0000     0.0000
  clock network delay (ideal)                           0.0500     0.0500
  DP_i_fetch_i_IR_out_reg_26_/CK (DFF_X1)               0.0000     0.0500 r
  DP_i_fetch_i_IR_out_reg_26_/QN (DFF_X1)               0.0861     0.1361 r
  U3099/ZN (AND2_X1)                                    0.0465     0.1826 r
  U3105/ZN (NAND2_X1)                                   0.0359     0.2185 f
  U1438/ZN (OR2_X1)                                     0.0724     0.2909 f
  U3869/ZN (NAND2_X1)                                   0.0409     0.3318 r
  U3871/ZN (NAND2_X1)                                   0.0389     0.3707 f
  U2879/ZN (NAND2_X1)                                   0.0371     0.4078 r
  U2878/ZN (XNOR2_X1)                                   0.0596     0.4675 r
  U2975/ZN (AND3_X1)                                    0.0559     0.5234 r
  U3875/ZN (OAI211_X1)                                  0.0439     0.5673 f
  U3128/ZN (AND2_X1)                                    0.0408     0.6081 f
  U1412/ZN (OR2_X1)                                     0.0520     0.6601 f
  U3889/ZN (AOI21_X1)                                   0.0371     0.6972 r
  U3891/ZN (AND2_X1)                                    0.0464     0.7437 r
  U3934/Z (BUF_X1)                                      0.0377     0.7814 r
  U2875/ZN (OR2_X1)                                     0.0382     0.8196 r
  U1414/ZN (AND2_X1)                                    0.0477     0.8673 r
  U3938/ZN (XNOR2_X1)                                   0.0585     0.9258 r
  U3100/ZN (AND4_X1)                                    0.0656     0.9914 r
  U3101/ZN (AND4_X1)                                    0.0646     1.0560 r
  U2806/ZN (NAND4_X1)                                   0.0384     1.0944 f
  U2805/ZN (NOR2_X1)                                    0.0441     1.1385 r
  U3104/ZN (AND2_X1)                                    0.0452     1.1837 r
  U3129/ZN (NAND4_X1)                                   0.0446     1.2283 f
  U1410/ZN (OAI211_X1)                                  0.0615     1.2898 r
  U892/ZN (AND2_X2)                                     0.0560     1.3458 r
  U891/ZN (AND2_X4)                                     0.0990     1.4448 r
  U8487/ZN (NAND2_X1)                                   0.0591     1.5039 f
  U8062/ZN (NAND4_X1)                                   0.0335     1.5374 r
  DP_i_fetch_i_pc_i_Y_reg_1_/D (DFF_X1)                 0.0110     1.5484 r
  data arrival time                                                1.5484

  clock CLK (rise edge)                                 1.4000     1.4000
  clock network delay (ideal)                           0.0500     1.4500
  clock uncertainty                                    -0.0500     1.4000
  DP_i_fetch_i_pc_i_Y_reg_1_/CK (DFF_X1)                0.0000     1.4000 r
  library setup time                                   -0.0278     1.3722
  data required time                                               1.3722
  --------------------------------------------------------------------------
  data required time                                               1.3722
  data arrival time                                               -1.5484
  --------------------------------------------------------------------------
  slack (VIOLATED)                                                -0.1762


1
