 
****************************************
Report : timing
        -path full
        -delay max
        -nworst 2
        -max_paths 10
Design : DLX
Version: W-2024.09-SP2
Date   : Tue Sep 29 12:39:07 2026
****************************************

Operating Conditions: typical   Library: NangateOpenCellLibrary
Wire Load Model Mode: top

  Startpoint: DP_i_fetch_i_IR_out_reg_28_
              (rising edge-triggered flip-flop clocked by CLK)
  Endpoint: DP_i_fetch_i_pc_i_clk_gate_Y_reg/latch
            (gating element for clock CLK)
  Path Group: CLK
  Path Type: max

  Des/Clust/Port     Wire Load Model       Library
  ------------------------------------------------
  DLX                5K_hvratio_1_4        NangateOpenCellLibrary

  Point                                                   Incr       Path
  --------------------------------------------------------------------------
  clock CLK (rise edge)                                 0.0000     0.0000
  clock network delay (ideal)                           0.0500     0.0500
  DP_i_fetch_i_IR_out_reg_28_/CK (DFF_X1)               0.0000     0.0500 r
  DP_i_fetch_i_IR_out_reg_28_/Q (DFF_X1)                0.0987     0.1487 f
  U1264/ZN (OR2_X1)                                     0.0734     0.2221 f
  U1172/ZN (NOR2_X1)                                    0.0450     0.2671 r
  U2823/ZN (NAND2_X1)                                   0.0439     0.3109 f
  U1088/Z (BUF_X1)                                      0.0468     0.3578 f
  U6269/ZN (AND2_X1)                                    0.0448     0.4026 f
  U6270/ZN (AND2_X1)                                    0.0471     0.4496 f
  U3791/ZN (OAI22_X1)                                   0.0551     0.5048 r
  U6287/ZN (OAI211_X1)                                  0.0443     0.5491 f
  U6294/ZN (NAND4_X1)                                   0.0408     0.5899 r
  U3333/ZN (NAND4_X1)                                   0.0470     0.6369 f
  U3037/ZN (NAND2_X1)                                   0.0388     0.6757 r
  U2824/ZN (NAND2_X1)                                   0.0345     0.7102 f
  U3304/ZN (NAND4_X1)                                   0.0363     0.7465 r
  U3332/ZN (NAND4_X1)                                   0.0447     0.7912 f
  U3314/ZN (NAND2_X1)                                   0.0447     0.8359 r
  U3297/ZN (NAND2_X1)                                   0.0395     0.8754 f
  U3088/ZN (AND2_X1)                                    0.0453     0.9208 f
  U3168/ZN (NAND2_X1)                                   0.0299     0.9506 r
  U3176/ZN (OAI211_X1)                                  0.0475     0.9981 f
  U3343/ZN (XNOR2_X1)                                   0.0612     1.0593 f
  U3296/ZN (AND3_X1)                                    0.0417     1.1010 f
  U3316/ZN (NAND4_X1)                                   0.0331     1.1341 r
  U2829/ZN (NAND4_X1)                                   0.0496     1.1837 f
  U3407/ZN (NAND2_X1)                                   0.0360     1.2197 r
  DP_i_fetch_i_pc_i_clk_gate_Y_reg/EN (SNPS_CLOCK_GATE_HIGH_data_reg_NBIT30_2_2)
                                                        0.0000     1.2197 r
  DP_i_fetch_i_pc_i_clk_gate_Y_reg/latch/E (CLKGATETST_X1)
                                                        0.0091     1.2288 r
  data arrival time                                                1.2288

  clock CLK (rise edge)                                 1.2500     1.2500
  clock network delay (ideal)                           0.0500     1.3000
  clock uncertainty                                    -0.0500     1.2500
  DP_i_fetch_i_pc_i_clk_gate_Y_reg/latch/CK (CLKGATETST_X1)
                                                        0.0000     1.2500 r
  clock gating setup time                              -0.0726     1.1774
  data required time                                               1.1774
  --------------------------------------------------------------------------
  data required time                                               1.1774
  data arrival time                                               -1.2288
  --------------------------------------------------------------------------
  slack (VIOLATED)                                                -0.0514


  Startpoint: DP_i_fetch_i_IR_out_reg_28_
              (rising edge-triggered flip-flop clocked by CLK)
  Endpoint: DP_i_fetch_i_pc_i_clk_gate_Y_reg/latch
            (gating element for clock CLK)
  Path Group: CLK
  Path Type: max

  Des/Clust/Port     Wire Load Model       Library
  ------------------------------------------------
  DLX                5K_hvratio_1_4        NangateOpenCellLibrary

  Point                                                   Incr       Path
  --------------------------------------------------------------------------
  clock CLK (rise edge)                                 0.0000     0.0000
  clock network delay (ideal)                           0.0500     0.0500
  DP_i_fetch_i_IR_out_reg_28_/CK (DFF_X1)               0.0000     0.0500 r
  DP_i_fetch_i_IR_out_reg_28_/Q (DFF_X1)                0.0987     0.1487 f
  U1264/ZN (OR2_X1)                                     0.0734     0.2221 f
  U1170/ZN (NOR2_X1)                                    0.0450     0.2671 r
  U3399/ZN (NAND2_X1)                                   0.0465     0.3136 f
  U3340/ZN (NAND2_X1)                                   0.0462     0.3598 r
  U6300/ZN (OR2_X1)                                     0.0447     0.4045 r
  U3335/ZN (NAND2_X1)                                   0.0303     0.4348 f
  U2135/ZN (OR2_X1)                                     0.0529     0.4877 f
  U6301/ZN (NAND2_X1)                                   0.0379     0.5256 r
  U3336/ZN (OAI21_X1)                                   0.0377     0.5633 f
  U6307/ZN (AND2_X1)                                    0.0415     0.6047 f
  U1829/ZN (AND2_X1)                                    0.0382     0.6430 f
  U3037/ZN (NAND2_X1)                                   0.0325     0.6755 r
  U2824/ZN (NAND2_X1)                                   0.0345     0.7100 f
  U3304/ZN (NAND4_X1)                                   0.0363     0.7463 r
  U3332/ZN (NAND4_X1)                                   0.0447     0.7910 f
  U3314/ZN (NAND2_X1)                                   0.0447     0.8357 r
  U3297/ZN (NAND2_X1)                                   0.0395     0.8752 f
  U3088/ZN (AND2_X1)                                    0.0453     0.9206 f
  U3168/ZN (NAND2_X1)                                   0.0299     0.9504 r
  U3176/ZN (OAI211_X1)                                  0.0475     0.9979 f
  U3343/ZN (XNOR2_X1)                                   0.0612     1.0591 f
  U3296/ZN (AND3_X1)                                    0.0417     1.1008 f
  U3316/ZN (NAND4_X1)                                   0.0331     1.1339 r
  U2829/ZN (NAND4_X1)                                   0.0496     1.1835 f
  U3407/ZN (NAND2_X1)                                   0.0360     1.2195 r
  DP_i_fetch_i_pc_i_clk_gate_Y_reg/EN (SNPS_CLOCK_GATE_HIGH_data_reg_NBIT30_2_2)
                                                        0.0000     1.2195 r
  DP_i_fetch_i_pc_i_clk_gate_Y_reg/latch/E (CLKGATETST_X1)
                                                        0.0091     1.2286 r
  data arrival time                                                1.2286

  clock CLK (rise edge)                                 1.2500     1.2500
  clock network delay (ideal)                           0.0500     1.3000
  clock uncertainty                                    -0.0500     1.2500
  DP_i_fetch_i_pc_i_clk_gate_Y_reg/latch/CK (CLKGATETST_X1)
                                                        0.0000     1.2500 r
  clock gating setup time                              -0.0726     1.1774
  data required time                                               1.1774
  --------------------------------------------------------------------------
  data required time                                               1.1774
  data arrival time                                               -1.2286
  --------------------------------------------------------------------------
  slack (VIOLATED)                                                -0.0512


  Startpoint: DP_i_fetch_i_btb_update_latch_i_pc_branch_out_reg_5_
              (rising edge-triggered flip-flop clocked by CLK)
  Endpoint: DP_i_fetch_i_btb_i/clk_gate_btb_table_reg_1__TARGET_/latch
            (gating element for clock CLK)
  Path Group: CLK
  Path Type: max

  Des/Clust/Port     Wire Load Model       Library
  ------------------------------------------------
  DLX                5K_hvratio_1_4        NangateOpenCellLibrary

  Point                                                   Incr       Path
  --------------------------------------------------------------------------
  clock CLK (rise edge)                                 0.0000     0.0000
  clock network delay (ideal)                           0.0500     0.0500
  DP_i_fetch_i_btb_update_latch_i_pc_branch_out_reg_5_/CK (DFF_X1)
                                                        0.0000     0.0500 r
  DP_i_fetch_i_btb_update_latch_i_pc_branch_out_reg_5_/Q (DFF_X1)
                                                        0.1128     0.1628 r
  DP_i_fetch_i_btb_i/pc_branch[5] (BTB_NBIT32_BTB_DEPTH16_BTB_INDEX_MSB5)
                                                        0.0000     0.1628 r
  DP_i_fetch_i_btb_i/U206/ZN (INV_X1)                   0.0323     0.1951 f
  DP_i_fetch_i_btb_i/U189/ZN (NOR2_X1)                  0.1290     0.3241 r
  DP_i_fetch_i_btb_i/U316/ZN (NAND2_X1)                 0.0695     0.3936 f
  DP_i_fetch_i_btb_i/U181/ZN (INV_X1)                   0.1233     0.5168 r
  DP_i_fetch_i_btb_i/U454/ZN (AOI22_X1)                 0.0707     0.5876 f
  DP_i_fetch_i_btb_i/U456/ZN (NAND4_X1)                 0.0458     0.6334 r
  DP_i_fetch_i_btb_i/U462/ZN (NOR2_X1)                  0.0294     0.6628 f
  DP_i_fetch_i_btb_i/U463/ZN (AOI22_X1)                 0.0620     0.7248 r
  DP_i_fetch_i_btb_i/U464/ZN (OAI221_X1)                0.0508     0.7755 f
  DP_i_fetch_i_btb_i/U465/ZN (NOR4_X1)                  0.1156     0.8911 r
  DP_i_fetch_i_btb_i/U141/ZN (NAND4_X2)                 0.0857     0.9769 f
  DP_i_fetch_i_btb_i/U245/ZN (AND4_X2)                  0.0773     1.0541 f
  DP_i_fetch_i_btb_i/U216/ZN (NAND2_X1)                 0.0644     1.1185 r
  DP_i_fetch_i_btb_i/U139/ZN (AND2_X2)                  0.0650     1.1835 r
  DP_i_fetch_i_btb_i/U499/ZN (NOR2_X1)                  0.0290     1.2125 f
  DP_i_fetch_i_btb_i/clk_gate_btb_table_reg_1__TARGET_/EN (SNPS_CLOCK_GATE_HIGH_BTB_NBIT32_BTB_DEPTH16_BTB_INDEX_MSB5_30)
                                                        0.0000     1.2125 f
  DP_i_fetch_i_btb_i/clk_gate_btb_table_reg_1__TARGET_/latch/E (CLKGATETST_X1)
                                                        0.0088     1.2213 f
  data arrival time                                                1.2213

  clock CLK (rise edge)                                 1.2500     1.2500
  clock network delay (ideal)                           0.0500     1.3000
  clock uncertainty                                    -0.0500     1.2500
  DP_i_fetch_i_btb_i/clk_gate_btb_table_reg_1__TARGET_/latch/CK (CLKGATETST_X1)
                                                        0.0000     1.2500 r
  clock gating setup time                              -0.0644     1.1856
  data required time                                               1.1856
  --------------------------------------------------------------------------
  data required time                                               1.1856
  data arrival time                                               -1.2213
  --------------------------------------------------------------------------
  slack (VIOLATED)                                                -0.0358


  Startpoint: DP_i_fetch_i_btb_update_latch_i_pc_branch_out_reg_5_
              (rising edge-triggered flip-flop clocked by CLK)
  Endpoint: DP_i_fetch_i_btb_i/clk_gate_btb_table_reg_0__TARGET_/latch
            (gating element for clock CLK)
  Path Group: CLK
  Path Type: max

  Des/Clust/Port     Wire Load Model       Library
  ------------------------------------------------
  DLX                5K_hvratio_1_4        NangateOpenCellLibrary

  Point                                                   Incr       Path
  --------------------------------------------------------------------------
  clock CLK (rise edge)                                 0.0000     0.0000
  clock network delay (ideal)                           0.0500     0.0500
  DP_i_fetch_i_btb_update_latch_i_pc_branch_out_reg_5_/CK (DFF_X1)
                                                        0.0000     0.0500 r
  DP_i_fetch_i_btb_update_latch_i_pc_branch_out_reg_5_/Q (DFF_X1)
                                                        0.1128     0.1628 r
  DP_i_fetch_i_btb_i/pc_branch[5] (BTB_NBIT32_BTB_DEPTH16_BTB_INDEX_MSB5)
                                                        0.0000     0.1628 r
  DP_i_fetch_i_btb_i/U206/ZN (INV_X1)                   0.0323     0.1951 f
  DP_i_fetch_i_btb_i/U189/ZN (NOR2_X1)                  0.1290     0.3241 r
  DP_i_fetch_i_btb_i/U316/ZN (NAND2_X1)                 0.0695     0.3936 f
  DP_i_fetch_i_btb_i/U181/ZN (INV_X1)                   0.1233     0.5168 r
  DP_i_fetch_i_btb_i/U454/ZN (AOI22_X1)                 0.0707     0.5876 f
  DP_i_fetch_i_btb_i/U456/ZN (NAND4_X1)                 0.0458     0.6334 r
  DP_i_fetch_i_btb_i/U462/ZN (NOR2_X1)                  0.0294     0.6628 f
  DP_i_fetch_i_btb_i/U463/ZN (AOI22_X1)                 0.0620     0.7248 r
  DP_i_fetch_i_btb_i/U464/ZN (OAI221_X1)                0.0508     0.7755 f
  DP_i_fetch_i_btb_i/U465/ZN (NOR4_X1)                  0.1156     0.8911 r
  DP_i_fetch_i_btb_i/U141/ZN (NAND4_X2)                 0.0857     0.9769 f
  DP_i_fetch_i_btb_i/U245/ZN (AND4_X2)                  0.0773     1.0541 f
  DP_i_fetch_i_btb_i/U216/ZN (NAND2_X1)                 0.0644     1.1185 r
  DP_i_fetch_i_btb_i/U139/ZN (AND2_X2)                  0.0650     1.1835 r
  DP_i_fetch_i_btb_i/U497/ZN (NOR2_X1)                  0.0290     1.2125 f
  DP_i_fetch_i_btb_i/clk_gate_btb_table_reg_0__TARGET_/EN (SNPS_CLOCK_GATE_HIGH_BTB_NBIT32_BTB_DEPTH16_BTB_INDEX_MSB5_32)
                                                        0.0000     1.2125 f
  DP_i_fetch_i_btb_i/clk_gate_btb_table_reg_0__TARGET_/latch/E (CLKGATETST_X1)
                                                        0.0088     1.2213 f
  data arrival time                                                1.2213

  clock CLK (rise edge)                                 1.2500     1.2500
  clock network delay (ideal)                           0.0500     1.3000
  clock uncertainty                                    -0.0500     1.2500
  DP_i_fetch_i_btb_i/clk_gate_btb_table_reg_0__TARGET_/latch/CK (CLKGATETST_X1)
                                                        0.0000     1.2500 r
  clock gating setup time                              -0.0644     1.1856
  data required time                                               1.1856
  --------------------------------------------------------------------------
  data required time                                               1.1856
  data arrival time                                               -1.2213
  --------------------------------------------------------------------------
  slack (VIOLATED)                                                -0.0358


  Startpoint: DP_i_fetch_i_btb_update_latch_i_pc_branch_out_reg_5_
              (rising edge-triggered flip-flop clocked by CLK)
  Endpoint: DP_i_fetch_i_btb_i/clk_gate_btb_table_reg_3__TARGET_/latch
            (gating element for clock CLK)
  Path Group: CLK
  Path Type: max

  Des/Clust/Port     Wire Load Model       Library
  ------------------------------------------------
  DLX                5K_hvratio_1_4        NangateOpenCellLibrary

  Point                                                   Incr       Path
  --------------------------------------------------------------------------
  clock CLK (rise edge)                                 0.0000     0.0000
  clock network delay (ideal)                           0.0500     0.0500
  DP_i_fetch_i_btb_update_latch_i_pc_branch_out_reg_5_/CK (DFF_X1)
                                                        0.0000     0.0500 r
  DP_i_fetch_i_btb_update_latch_i_pc_branch_out_reg_5_/Q (DFF_X1)
                                                        0.1128     0.1628 r
  DP_i_fetch_i_btb_i/pc_branch[5] (BTB_NBIT32_BTB_DEPTH16_BTB_INDEX_MSB5)
                                                        0.0000     0.1628 r
  DP_i_fetch_i_btb_i/U206/ZN (INV_X1)                   0.0323     0.1951 f
  DP_i_fetch_i_btb_i/U189/ZN (NOR2_X1)                  0.1290     0.3241 r
  DP_i_fetch_i_btb_i/U316/ZN (NAND2_X1)                 0.0695     0.3936 f
  DP_i_fetch_i_btb_i/U181/ZN (INV_X1)                   0.1233     0.5168 r
  DP_i_fetch_i_btb_i/U454/ZN (AOI22_X1)                 0.0707     0.5876 f
  DP_i_fetch_i_btb_i/U456/ZN (NAND4_X1)                 0.0458     0.6334 r
  DP_i_fetch_i_btb_i/U462/ZN (NOR2_X1)                  0.0294     0.6628 f
  DP_i_fetch_i_btb_i/U463/ZN (AOI22_X1)                 0.0620     0.7248 r
  DP_i_fetch_i_btb_i/U464/ZN (OAI221_X1)                0.0508     0.7755 f
  DP_i_fetch_i_btb_i/U465/ZN (NOR4_X1)                  0.1156     0.8911 r
  DP_i_fetch_i_btb_i/U141/ZN (NAND4_X2)                 0.0857     0.9769 f
  DP_i_fetch_i_btb_i/U245/ZN (AND4_X2)                  0.0773     1.0541 f
  DP_i_fetch_i_btb_i/U216/ZN (NAND2_X1)                 0.0644     1.1185 r
  DP_i_fetch_i_btb_i/U139/ZN (AND2_X2)                  0.0650     1.1835 r
  DP_i_fetch_i_btb_i/U504/ZN (NOR2_X1)                  0.0290     1.2125 f
  DP_i_fetch_i_btb_i/clk_gate_btb_table_reg_3__TARGET_/EN (SNPS_CLOCK_GATE_HIGH_BTB_NBIT32_BTB_DEPTH16_BTB_INDEX_MSB5_26)
                                                        0.0000     1.2125 f
  DP_i_fetch_i_btb_i/clk_gate_btb_table_reg_3__TARGET_/latch/E (CLKGATETST_X1)
                                                        0.0088     1.2213 f
  data arrival time                                                1.2213

  clock CLK (rise edge)                                 1.2500     1.2500
  clock network delay (ideal)                           0.0500     1.3000
  clock uncertainty                                    -0.0500     1.2500
  DP_i_fetch_i_btb_i/clk_gate_btb_table_reg_3__TARGET_/latch/CK (CLKGATETST_X1)
                                                        0.0000     1.2500 r
  clock gating setup time                              -0.0644     1.1856
  data required time                                               1.1856
  --------------------------------------------------------------------------
  data required time                                               1.1856
  data arrival time                                               -1.2213
  --------------------------------------------------------------------------
  slack (VIOLATED)                                                -0.0358


  Startpoint: DP_i_fetch_i_btb_update_latch_i_pc_branch_out_reg_5_
              (rising edge-triggered flip-flop clocked by CLK)
  Endpoint: DP_i_fetch_i_btb_i/clk_gate_btb_table_reg_2__TARGET_/latch
            (gating element for clock CLK)
  Path Group: CLK
  Path Type: max

  Des/Clust/Port     Wire Load Model       Library
  ------------------------------------------------
  DLX                5K_hvratio_1_4        NangateOpenCellLibrary

  Point                                                   Incr       Path
  --------------------------------------------------------------------------
  clock CLK (rise edge)                                 0.0000     0.0000
  clock network delay (ideal)                           0.0500     0.0500
  DP_i_fetch_i_btb_update_latch_i_pc_branch_out_reg_5_/CK (DFF_X1)
                                                        0.0000     0.0500 r
  DP_i_fetch_i_btb_update_latch_i_pc_branch_out_reg_5_/Q (DFF_X1)
                                                        0.1128     0.1628 r
  DP_i_fetch_i_btb_i/pc_branch[5] (BTB_NBIT32_BTB_DEPTH16_BTB_INDEX_MSB5)
                                                        0.0000     0.1628 r
  DP_i_fetch_i_btb_i/U206/ZN (INV_X1)                   0.0323     0.1951 f
  DP_i_fetch_i_btb_i/U189/ZN (NOR2_X1)                  0.1290     0.3241 r
  DP_i_fetch_i_btb_i/U316/ZN (NAND2_X1)                 0.0695     0.3936 f
  DP_i_fetch_i_btb_i/U181/ZN (INV_X1)                   0.1233     0.5168 r
  DP_i_fetch_i_btb_i/U454/ZN (AOI22_X1)                 0.0707     0.5876 f
  DP_i_fetch_i_btb_i/U456/ZN (NAND4_X1)                 0.0458     0.6334 r
  DP_i_fetch_i_btb_i/U462/ZN (NOR2_X1)                  0.0294     0.6628 f
  DP_i_fetch_i_btb_i/U463/ZN (AOI22_X1)                 0.0620     0.7248 r
  DP_i_fetch_i_btb_i/U464/ZN (OAI221_X1)                0.0508     0.7755 f
  DP_i_fetch_i_btb_i/U465/ZN (NOR4_X1)                  0.1156     0.8911 r
  DP_i_fetch_i_btb_i/U141/ZN (NAND4_X2)                 0.0857     0.9769 f
  DP_i_fetch_i_btb_i/U245/ZN (AND4_X2)                  0.0773     1.0541 f
  DP_i_fetch_i_btb_i/U216/ZN (NAND2_X1)                 0.0644     1.1185 r
  DP_i_fetch_i_btb_i/U139/ZN (AND2_X2)                  0.0650     1.1835 r
  DP_i_fetch_i_btb_i/U502/ZN (NOR2_X1)                  0.0290     1.2125 f
  DP_i_fetch_i_btb_i/clk_gate_btb_table_reg_2__TARGET_/EN (SNPS_CLOCK_GATE_HIGH_BTB_NBIT32_BTB_DEPTH16_BTB_INDEX_MSB5_28)
                                                        0.0000     1.2125 f
  DP_i_fetch_i_btb_i/clk_gate_btb_table_reg_2__TARGET_/latch/E (CLKGATETST_X1)
                                                        0.0088     1.2213 f
  data arrival time                                                1.2213

  clock CLK (rise edge)                                 1.2500     1.2500
  clock network delay (ideal)                           0.0500     1.3000
  clock uncertainty                                    -0.0500     1.2500
  DP_i_fetch_i_btb_i/clk_gate_btb_table_reg_2__TARGET_/latch/CK (CLKGATETST_X1)
                                                        0.0000     1.2500 r
  clock gating setup time                              -0.0644     1.1856
  data required time                                               1.1856
  --------------------------------------------------------------------------
  data required time                                               1.1856
  data arrival time                                               -1.2213
  --------------------------------------------------------------------------
  slack (VIOLATED)                                                -0.0358


  Startpoint: DP_i_fetch_i_btb_update_latch_i_pc_branch_out_reg_5_
              (rising edge-triggered flip-flop clocked by CLK)
  Endpoint: DP_i_fetch_i_btb_i/clk_gate_btb_table_reg_1__TARGET_/latch
            (gating element for clock CLK)
  Path Group: CLK
  Path Type: max

  Des/Clust/Port     Wire Load Model       Library
  ------------------------------------------------
  DLX                5K_hvratio_1_4        NangateOpenCellLibrary

  Point                                                   Incr       Path
  --------------------------------------------------------------------------
  clock CLK (rise edge)                                 0.0000     0.0000
  clock network delay (ideal)                           0.0500     0.0500
  DP_i_fetch_i_btb_update_latch_i_pc_branch_out_reg_5_/CK (DFF_X1)
                                                        0.0000     0.0500 r
  DP_i_fetch_i_btb_update_latch_i_pc_branch_out_reg_5_/Q (DFF_X1)
                                                        0.1128     0.1628 r
  DP_i_fetch_i_btb_i/pc_branch[5] (BTB_NBIT32_BTB_DEPTH16_BTB_INDEX_MSB5)
                                                        0.0000     0.1628 r
  DP_i_fetch_i_btb_i/U206/ZN (INV_X1)                   0.0323     0.1951 f
  DP_i_fetch_i_btb_i/U189/ZN (NOR2_X1)                  0.1290     0.3241 r
  DP_i_fetch_i_btb_i/U316/ZN (NAND2_X1)                 0.0695     0.3936 f
  DP_i_fetch_i_btb_i/U181/ZN (INV_X1)                   0.1233     0.5168 r
  DP_i_fetch_i_btb_i/U454/ZN (AOI22_X1)                 0.0676     0.5845 f
  DP_i_fetch_i_btb_i/U456/ZN (NAND4_X1)                 0.0458     0.6303 r
  DP_i_fetch_i_btb_i/U462/ZN (NOR2_X1)                  0.0294     0.6597 f
  DP_i_fetch_i_btb_i/U463/ZN (AOI22_X1)                 0.0620     0.7217 r
  DP_i_fetch_i_btb_i/U464/ZN (OAI221_X1)                0.0508     0.7724 f
  DP_i_fetch_i_btb_i/U465/ZN (NOR4_X1)                  0.1156     0.8880 r
  DP_i_fetch_i_btb_i/U141/ZN (NAND4_X2)                 0.0857     0.9738 f
  DP_i_fetch_i_btb_i/U245/ZN (AND4_X2)                  0.0773     1.0510 f
  DP_i_fetch_i_btb_i/U216/ZN (NAND2_X1)                 0.0644     1.1154 r
  DP_i_fetch_i_btb_i/U139/ZN (AND2_X2)                  0.0650     1.1804 r
  DP_i_fetch_i_btb_i/U499/ZN (NOR2_X1)                  0.0290     1.2094 f
  DP_i_fetch_i_btb_i/clk_gate_btb_table_reg_1__TARGET_/EN (SNPS_CLOCK_GATE_HIGH_BTB_NBIT32_BTB_DEPTH16_BTB_INDEX_MSB5_30)
                                                        0.0000     1.2094 f
  DP_i_fetch_i_btb_i/clk_gate_btb_table_reg_1__TARGET_/latch/E (CLKGATETST_X1)
                                                        0.0088     1.2182 f
  data arrival time                                                1.2182

  clock CLK (rise edge)                                 1.2500     1.2500
  clock network delay (ideal)                           0.0500     1.3000
  clock uncertainty                                    -0.0500     1.2500
  DP_i_fetch_i_btb_i/clk_gate_btb_table_reg_1__TARGET_/latch/CK (CLKGATETST_X1)
                                                        0.0000     1.2500 r
  clock gating setup time                              -0.0644     1.1856
  data required time                                               1.1856
  --------------------------------------------------------------------------
  data required time                                               1.1856
  data arrival time                                               -1.2182
  --------------------------------------------------------------------------
  slack (VIOLATED)                                                -0.0327


  Startpoint: DP_i_fetch_i_btb_update_latch_i_pc_branch_out_reg_5_
              (rising edge-triggered flip-flop clocked by CLK)
  Endpoint: DP_i_fetch_i_btb_i/clk_gate_btb_table_reg_0__TARGET_/latch
            (gating element for clock CLK)
  Path Group: CLK
  Path Type: max

  Des/Clust/Port     Wire Load Model       Library
  ------------------------------------------------
  DLX                5K_hvratio_1_4        NangateOpenCellLibrary

  Point                                                   Incr       Path
  --------------------------------------------------------------------------
  clock CLK (rise edge)                                 0.0000     0.0000
  clock network delay (ideal)                           0.0500     0.0500
  DP_i_fetch_i_btb_update_latch_i_pc_branch_out_reg_5_/CK (DFF_X1)
                                                        0.0000     0.0500 r
  DP_i_fetch_i_btb_update_latch_i_pc_branch_out_reg_5_/Q (DFF_X1)
                                                        0.1128     0.1628 r
  DP_i_fetch_i_btb_i/pc_branch[5] (BTB_NBIT32_BTB_DEPTH16_BTB_INDEX_MSB5)
                                                        0.0000     0.1628 r
  DP_i_fetch_i_btb_i/U206/ZN (INV_X1)                   0.0323     0.1951 f
  DP_i_fetch_i_btb_i/U189/ZN (NOR2_X1)                  0.1290     0.3241 r
  DP_i_fetch_i_btb_i/U316/ZN (NAND2_X1)                 0.0695     0.3936 f
  DP_i_fetch_i_btb_i/U181/ZN (INV_X1)                   0.1233     0.5168 r
  DP_i_fetch_i_btb_i/U454/ZN (AOI22_X1)                 0.0676     0.5845 f
  DP_i_fetch_i_btb_i/U456/ZN (NAND4_X1)                 0.0458     0.6303 r
  DP_i_fetch_i_btb_i/U462/ZN (NOR2_X1)                  0.0294     0.6597 f
  DP_i_fetch_i_btb_i/U463/ZN (AOI22_X1)                 0.0620     0.7217 r
  DP_i_fetch_i_btb_i/U464/ZN (OAI221_X1)                0.0508     0.7724 f
  DP_i_fetch_i_btb_i/U465/ZN (NOR4_X1)                  0.1156     0.8880 r
  DP_i_fetch_i_btb_i/U141/ZN (NAND4_X2)                 0.0857     0.9738 f
  DP_i_fetch_i_btb_i/U245/ZN (AND4_X2)                  0.0773     1.0510 f
  DP_i_fetch_i_btb_i/U216/ZN (NAND2_X1)                 0.0644     1.1154 r
  DP_i_fetch_i_btb_i/U139/ZN (AND2_X2)                  0.0650     1.1804 r
  DP_i_fetch_i_btb_i/U497/ZN (NOR2_X1)                  0.0290     1.2094 f
  DP_i_fetch_i_btb_i/clk_gate_btb_table_reg_0__TARGET_/EN (SNPS_CLOCK_GATE_HIGH_BTB_NBIT32_BTB_DEPTH16_BTB_INDEX_MSB5_32)
                                                        0.0000     1.2094 f
  DP_i_fetch_i_btb_i/clk_gate_btb_table_reg_0__TARGET_/latch/E (CLKGATETST_X1)
                                                        0.0088     1.2182 f
  data arrival time                                                1.2182

  clock CLK (rise edge)                                 1.2500     1.2500
  clock network delay (ideal)                           0.0500     1.3000
  clock uncertainty                                    -0.0500     1.2500
  DP_i_fetch_i_btb_i/clk_gate_btb_table_reg_0__TARGET_/latch/CK (CLKGATETST_X1)
                                                        0.0000     1.2500 r
  clock gating setup time                              -0.0644     1.1856
  data required time                                               1.1856
  --------------------------------------------------------------------------
  data required time                                               1.1856
  data arrival time                                               -1.2182
  --------------------------------------------------------------------------
  slack (VIOLATED)                                                -0.0327


  Startpoint: DP_i_fetch_i_btb_update_latch_i_pc_branch_out_reg_5_
              (rising edge-triggered flip-flop clocked by CLK)
  Endpoint: DP_i_fetch_i_btb_i/clk_gate_btb_table_reg_3__TARGET_/latch
            (gating element for clock CLK)
  Path Group: CLK
  Path Type: max

  Des/Clust/Port     Wire Load Model       Library
  ------------------------------------------------
  DLX                5K_hvratio_1_4        NangateOpenCellLibrary

  Point                                                   Incr       Path
  --------------------------------------------------------------------------
  clock CLK (rise edge)                                 0.0000     0.0000
  clock network delay (ideal)                           0.0500     0.0500
  DP_i_fetch_i_btb_update_latch_i_pc_branch_out_reg_5_/CK (DFF_X1)
                                                        0.0000     0.0500 r
  DP_i_fetch_i_btb_update_latch_i_pc_branch_out_reg_5_/Q (DFF_X1)
                                                        0.1128     0.1628 r
  DP_i_fetch_i_btb_i/pc_branch[5] (BTB_NBIT32_BTB_DEPTH16_BTB_INDEX_MSB5)
                                                        0.0000     0.1628 r
  DP_i_fetch_i_btb_i/U206/ZN (INV_X1)                   0.0323     0.1951 f
  DP_i_fetch_i_btb_i/U189/ZN (NOR2_X1)                  0.1290     0.3241 r
  DP_i_fetch_i_btb_i/U316/ZN (NAND2_X1)                 0.0695     0.3936 f
  DP_i_fetch_i_btb_i/U181/ZN (INV_X1)                   0.1233     0.5168 r
  DP_i_fetch_i_btb_i/U454/ZN (AOI22_X1)                 0.0676     0.5845 f
  DP_i_fetch_i_btb_i/U456/ZN (NAND4_X1)                 0.0458     0.6303 r
  DP_i_fetch_i_btb_i/U462/ZN (NOR2_X1)                  0.0294     0.6597 f
  DP_i_fetch_i_btb_i/U463/ZN (AOI22_X1)                 0.0620     0.7217 r
  DP_i_fetch_i_btb_i/U464/ZN (OAI221_X1)                0.0508     0.7724 f
  DP_i_fetch_i_btb_i/U465/ZN (NOR4_X1)                  0.1156     0.8880 r
  DP_i_fetch_i_btb_i/U141/ZN (NAND4_X2)                 0.0857     0.9738 f
  DP_i_fetch_i_btb_i/U245/ZN (AND4_X2)                  0.0773     1.0510 f
  DP_i_fetch_i_btb_i/U216/ZN (NAND2_X1)                 0.0644     1.1154 r
  DP_i_fetch_i_btb_i/U139/ZN (AND2_X2)                  0.0650     1.1804 r
  DP_i_fetch_i_btb_i/U504/ZN (NOR2_X1)                  0.0290     1.2094 f
  DP_i_fetch_i_btb_i/clk_gate_btb_table_reg_3__TARGET_/EN (SNPS_CLOCK_GATE_HIGH_BTB_NBIT32_BTB_DEPTH16_BTB_INDEX_MSB5_26)
                                                        0.0000     1.2094 f
  DP_i_fetch_i_btb_i/clk_gate_btb_table_reg_3__TARGET_/latch/E (CLKGATETST_X1)
                                                        0.0088     1.2182 f
  data arrival time                                                1.2182

  clock CLK (rise edge)                                 1.2500     1.2500
  clock network delay (ideal)                           0.0500     1.3000
  clock uncertainty                                    -0.0500     1.2500
  DP_i_fetch_i_btb_i/clk_gate_btb_table_reg_3__TARGET_/latch/CK (CLKGATETST_X1)
                                                        0.0000     1.2500 r
  clock gating setup time                              -0.0644     1.1856
  data required time                                               1.1856
  --------------------------------------------------------------------------
  data required time                                               1.1856
  data arrival time                                               -1.2182
  --------------------------------------------------------------------------
  slack (VIOLATED)                                                -0.0327


  Startpoint: DP_i_fetch_i_btb_update_latch_i_pc_branch_out_reg_5_
              (rising edge-triggered flip-flop clocked by CLK)
  Endpoint: DP_i_fetch_i_btb_i/clk_gate_btb_table_reg_2__TARGET_/latch
            (gating element for clock CLK)
  Path Group: CLK
  Path Type: max

  Des/Clust/Port     Wire Load Model       Library
  ------------------------------------------------
  DLX                5K_hvratio_1_4        NangateOpenCellLibrary

  Point                                                   Incr       Path
  --------------------------------------------------------------------------
  clock CLK (rise edge)                                 0.0000     0.0000
  clock network delay (ideal)                           0.0500     0.0500
  DP_i_fetch_i_btb_update_latch_i_pc_branch_out_reg_5_/CK (DFF_X1)
                                                        0.0000     0.0500 r
  DP_i_fetch_i_btb_update_latch_i_pc_branch_out_reg_5_/Q (DFF_X1)
                                                        0.1128     0.1628 r
  DP_i_fetch_i_btb_i/pc_branch[5] (BTB_NBIT32_BTB_DEPTH16_BTB_INDEX_MSB5)
                                                        0.0000     0.1628 r
  DP_i_fetch_i_btb_i/U206/ZN (INV_X1)                   0.0323     0.1951 f
  DP_i_fetch_i_btb_i/U189/ZN (NOR2_X1)                  0.1290     0.3241 r
  DP_i_fetch_i_btb_i/U316/ZN (NAND2_X1)                 0.0695     0.3936 f
  DP_i_fetch_i_btb_i/U181/ZN (INV_X1)                   0.1233     0.5168 r
  DP_i_fetch_i_btb_i/U454/ZN (AOI22_X1)                 0.0676     0.5845 f
  DP_i_fetch_i_btb_i/U456/ZN (NAND4_X1)                 0.0458     0.6303 r
  DP_i_fetch_i_btb_i/U462/ZN (NOR2_X1)                  0.0294     0.6597 f
  DP_i_fetch_i_btb_i/U463/ZN (AOI22_X1)                 0.0620     0.7217 r
  DP_i_fetch_i_btb_i/U464/ZN (OAI221_X1)                0.0508     0.7724 f
  DP_i_fetch_i_btb_i/U465/ZN (NOR4_X1)                  0.1156     0.8880 r
  DP_i_fetch_i_btb_i/U141/ZN (NAND4_X2)                 0.0857     0.9738 f
  DP_i_fetch_i_btb_i/U245/ZN (AND4_X2)                  0.0773     1.0510 f
  DP_i_fetch_i_btb_i/U216/ZN (NAND2_X1)                 0.0644     1.1154 r
  DP_i_fetch_i_btb_i/U139/ZN (AND2_X2)                  0.0650     1.1804 r
  DP_i_fetch_i_btb_i/U502/ZN (NOR2_X1)                  0.0290     1.2094 f
  DP_i_fetch_i_btb_i/clk_gate_btb_table_reg_2__TARGET_/EN (SNPS_CLOCK_GATE_HIGH_BTB_NBIT32_BTB_DEPTH16_BTB_INDEX_MSB5_28)
                                                        0.0000     1.2094 f
  DP_i_fetch_i_btb_i/clk_gate_btb_table_reg_2__TARGET_/latch/E (CLKGATETST_X1)
                                                        0.0088     1.2182 f
  data arrival time                                                1.2182

  clock CLK (rise edge)                                 1.2500     1.2500
  clock network delay (ideal)                           0.0500     1.3000
  clock uncertainty                                    -0.0500     1.2500
  DP_i_fetch_i_btb_i/clk_gate_btb_table_reg_2__TARGET_/latch/CK (CLKGATETST_X1)
                                                        0.0000     1.2500 r
  clock gating setup time                              -0.0644     1.1856
  data required time                                               1.1856
  --------------------------------------------------------------------------
  data required time                                               1.1856
  data arrival time                                               -1.2182
  --------------------------------------------------------------------------
  slack (VIOLATED)                                                -0.0327


  Startpoint: DRAM_READY (input port clocked by CLK)
  Endpoint: DP_i_execute_i_zero_alu_bit_Y_reg
            (rising edge-triggered flip-flop clocked by CLK)
  Path Group: INPUTS
  Path Type: max

  Des/Clust/Port     Wire Load Model       Library
  ------------------------------------------------
  DLX                5K_hvratio_1_4        NangateOpenCellLibrary

  Point                                                   Incr       Path
  --------------------------------------------------------------------------
  clock CLK (rise edge)                                 0.0000     0.0000
  clock network delay (ideal)                           0.0500     0.0500
  input external delay                                  0.1250     0.1750 r
  DRAM_READY (in)                                       0.0014     0.1764 r
  U1871/ZN (INV_X1)                                     0.0209     0.1973 f
  U1508/ZN (AND2_X1)                                    0.0568     0.2541 f
  U8498/ZN (NAND2_X4)                                   0.1772     0.4314 r
  U1181/ZN (INV_X2)                                     0.1522     0.5835 f
  U1488/ZN (OR2_X1)                                     0.0942     0.6777 f
  U8002/ZN (NOR3_X1)                                    0.0627     0.7404 r
  U9025/ZN (NAND4_X1)                                   0.0490     0.7894 f
  U7779/ZN (INV_X1)                                     0.0316     0.8210 r
  U3236/ZN (NAND4_X1)                                   0.0441     0.8650 f
  U9026/ZN (NOR4_X1)                                    0.0636     0.9286 r
  U7782/ZN (NAND4_X1)                                   0.0520     0.9807 f
  U7817/ZN (OAI21_X1)                                   0.0433     1.0240 r
  DP_i_execute_i_zero_alu_bit_Y_reg/D (DFF_X2)          0.0109     1.0348 r
  data arrival time                                                1.0348

  clock CLK (rise edge)                                 1.2500     1.2500
  clock network delay (ideal)                           0.0500     1.3000
  clock uncertainty                                    -0.0500     1.2500
  DP_i_execute_i_zero_alu_bit_Y_reg/CK (DFF_X2)         0.0000     1.2500 r
  library setup time                                   -0.0284     1.2216
  data required time                                               1.2216
  --------------------------------------------------------------------------
  data required time                                               1.2216
  data arrival time                                               -1.0348
  --------------------------------------------------------------------------
  slack (MET)                                                      0.1867


  Startpoint: DRAM_READY (input port clocked by CLK)
  Endpoint: DP_i_decode_i_B_reg_i_Y_reg_25_
            (rising edge-triggered flip-flop clocked by CLK)
  Path Group: INPUTS
  Path Type: max

  Des/Clust/Port     Wire Load Model       Library
  ------------------------------------------------
  DLX                5K_hvratio_1_4        NangateOpenCellLibrary

  Point                                                   Incr       Path
  --------------------------------------------------------------------------
  clock CLK (rise edge)                                 0.0000     0.0000
  clock network delay (ideal)                           0.0500     0.0500
  input external delay                                  0.1250     0.1750 r
  DRAM_READY (in)                                       0.0014     0.1764 r
  U1871/ZN (INV_X1)                                     0.0209     0.1973 f
  U1508/ZN (AND2_X1)                                    0.0568     0.2541 f
  U2727/ZN (INV_X1)                                     0.0656     0.3197 r
  DP_i_U2689/ZN (NAND2_X1)                              0.0653     0.3850 f
  DP_i_U2691/ZN (NOR3_X1)                               0.1567     0.5417 r
  U1846/ZN (INV_X1)                                     0.0590     0.6007 f
  U1397/ZN (INV_X1)                                     0.1602     0.7609 r
  U8773/ZN (AOI22_X1)                                   0.0741     0.8350 f
  U2745/ZN (OAI21_X1)                                   0.0491     0.8841 r
  U7955/ZN (INV_X1)                                     0.0253     0.9094 f
  U8775/ZN (NAND4_X1)                                   0.0348     0.9441 r
  DP_i_decode_i_B_reg_i_Y_reg_25_/D (DFF_X1)            0.0110     0.9551 r
  data arrival time                                                0.9551

  clock CLK (rise edge)                                 1.2500     1.2500
  clock network delay (ideal)                           0.0500     1.3000
  clock uncertainty                                    -0.0500     1.2500
  DP_i_decode_i_B_reg_i_Y_reg_25_/CK (DFF_X1)           0.0000     1.2500 r
  library setup time                                   -0.0281     1.2219
  data required time                                               1.2219
  --------------------------------------------------------------------------
  data required time                                               1.2219
  data arrival time                                               -0.9551
  --------------------------------------------------------------------------
  slack (MET)                                                      0.2668


  Startpoint: DRAM_READY (input port clocked by CLK)
  Endpoint: DP_i_decode_i_B_reg_i_Y_reg_19_
            (rising edge-triggered flip-flop clocked by CLK)
  Path Group: INPUTS
  Path Type: max

  Des/Clust/Port     Wire Load Model       Library
  ------------------------------------------------
  DLX                5K_hvratio_1_4        NangateOpenCellLibrary

  Point                                                   Incr       Path
  --------------------------------------------------------------------------
  clock CLK (rise edge)                                 0.0000     0.0000
  clock network delay (ideal)                           0.0500     0.0500
  input external delay                                  0.1250     0.1750 r
  DRAM_READY (in)                                       0.0014     0.1764 r
  U1871/ZN (INV_X1)                                     0.0209     0.1973 f
  U1508/ZN (AND2_X1)                                    0.0568     0.2541 f
  U2727/ZN (INV_X1)                                     0.0656     0.3197 r
  DP_i_U2689/ZN (NAND2_X1)                              0.0653     0.3850 f
  DP_i_U2691/ZN (NOR3_X1)                               0.1567     0.5417 r
  U1846/ZN (INV_X1)                                     0.0590     0.6007 f
  U1397/ZN (INV_X1)                                     0.1602     0.7609 r
  U8649/ZN (AOI22_X1)                                   0.0741     0.8350 f
  U2311/ZN (OAI21_X1)                                   0.0491     0.8841 r
  U7951/ZN (INV_X1)                                     0.0253     0.9094 f
  U8651/ZN (NAND4_X1)                                   0.0348     0.9441 r
  DP_i_decode_i_B_reg_i_Y_reg_19_/D (DFF_X1)            0.0110     0.9551 r
  data arrival time                                                0.9551

  clock CLK (rise edge)                                 1.2500     1.2500
  clock network delay (ideal)                           0.0500     1.3000
  clock uncertainty                                    -0.0500     1.2500
  DP_i_decode_i_B_reg_i_Y_reg_19_/CK (DFF_X1)           0.0000     1.2500 r
  library setup time                                   -0.0281     1.2219
  data required time                                               1.2219
  --------------------------------------------------------------------------
  data required time                                               1.2219
  data arrival time                                               -0.9551
  --------------------------------------------------------------------------
  slack (MET)                                                      0.2668


  Startpoint: DRAM_READY (input port clocked by CLK)
  Endpoint: DP_i_decode_i_B_reg_i_Y_reg_20_
            (rising edge-triggered flip-flop clocked by CLK)
  Path Group: INPUTS
  Path Type: max

  Des/Clust/Port     Wire Load Model       Library
  ------------------------------------------------
  DLX                5K_hvratio_1_4        NangateOpenCellLibrary

  Point                                                   Incr       Path
  --------------------------------------------------------------------------
  clock CLK (rise edge)                                 0.0000     0.0000
  clock network delay (ideal)                           0.0500     0.0500
  input external delay                                  0.1250     0.1750 r
  DRAM_READY (in)                                       0.0014     0.1764 r
  U1871/ZN (INV_X1)                                     0.0209     0.1973 f
  U1508/ZN (AND2_X1)                                    0.0568     0.2541 f
  U2727/ZN (INV_X1)                                     0.0656     0.3197 r
  DP_i_U2689/ZN (NAND2_X1)                              0.0653     0.3850 f
  DP_i_U2691/ZN (NOR3_X1)                               0.1567     0.5417 r
  U1846/ZN (INV_X1)                                     0.0590     0.6007 f
  U1397/ZN (INV_X1)                                     0.1602     0.7609 r
  U8706/ZN (AOI22_X1)                                   0.0741     0.8350 f
  U3222/ZN (OAI21_X1)                                   0.0491     0.8841 r
  U7960/ZN (INV_X1)                                     0.0253     0.9094 f
  U8708/ZN (NAND4_X1)                                   0.0348     0.9441 r
  DP_i_decode_i_B_reg_i_Y_reg_20_/D (DFF_X1)            0.0110     0.9551 r
  data arrival time                                                0.9551

  clock CLK (rise edge)                                 1.2500     1.2500
  clock network delay (ideal)                           0.0500     1.3000
  clock uncertainty                                    -0.0500     1.2500
  DP_i_decode_i_B_reg_i_Y_reg_20_/CK (DFF_X1)           0.0000     1.2500 r
  library setup time                                   -0.0281     1.2219
  data required time                                               1.2219
  --------------------------------------------------------------------------
  data required time                                               1.2219
  data arrival time                                               -0.9551
  --------------------------------------------------------------------------
  slack (MET)                                                      0.2668


  Startpoint: DRAM_READY (input port clocked by CLK)
  Endpoint: DP_i_decode_i_B_reg_i_Y_reg_16_
            (rising edge-triggered flip-flop clocked by CLK)
  Path Group: INPUTS
  Path Type: max

  Des/Clust/Port     Wire Load Model       Library
  ------------------------------------------------
  DLX                5K_hvratio_1_4        NangateOpenCellLibrary

  Point                                                   Incr       Path
  --------------------------------------------------------------------------
  clock CLK (rise edge)                                 0.0000     0.0000
  clock network delay (ideal)                           0.0500     0.0500
  input external delay                                  0.1250     0.1750 r
  DRAM_READY (in)                                       0.0014     0.1764 r
  U1871/ZN (INV_X1)                                     0.0209     0.1973 f
  U1508/ZN (AND2_X1)                                    0.0568     0.2541 f
  U2727/ZN (INV_X1)                                     0.0656     0.3197 r
  DP_i_U2689/ZN (NAND2_X1)                              0.0653     0.3850 f
  DP_i_U2691/ZN (NOR3_X1)                               0.1567     0.5417 r
  U1846/ZN (INV_X1)                                     0.0590     0.6007 f
  U1397/ZN (INV_X1)                                     0.1602     0.7609 r
  U8740/ZN (AOI22_X1)                                   0.0741     0.8350 f
  U3259/ZN (OAI21_X1)                                   0.0491     0.8841 r
  U7965/ZN (INV_X1)                                     0.0253     0.9094 f
  U8742/ZN (NAND4_X1)                                   0.0348     0.9441 r
  DP_i_decode_i_B_reg_i_Y_reg_16_/D (DFF_X1)            0.0110     0.9551 r
  data arrival time                                                0.9551

  clock CLK (rise edge)                                 1.2500     1.2500
  clock network delay (ideal)                           0.0500     1.3000
  clock uncertainty                                    -0.0500     1.2500
  DP_i_decode_i_B_reg_i_Y_reg_16_/CK (DFF_X1)           0.0000     1.2500 r
  library setup time                                   -0.0281     1.2219
  data required time                                               1.2219
  --------------------------------------------------------------------------
  data required time                                               1.2219
  data arrival time                                               -0.9551
  --------------------------------------------------------------------------
  slack (MET)                                                      0.2668


  Startpoint: DRAM_READY (input port clocked by CLK)
  Endpoint: DP_i_decode_i_B_reg_i_Y_reg_10_
            (rising edge-triggered flip-flop clocked by CLK)
  Path Group: INPUTS
  Path Type: max

  Des/Clust/Port     Wire Load Model       Library
  ------------------------------------------------
  DLX                5K_hvratio_1_4        NangateOpenCellLibrary

  Point                                                   Incr       Path
  --------------------------------------------------------------------------
  clock CLK (rise edge)                                 0.0000     0.0000
  clock network delay (ideal)                           0.0500     0.0500
  input external delay                                  0.1250     0.1750 r
  DRAM_READY (in)                                       0.0014     0.1764 r
  U1871/ZN (INV_X1)                                     0.0209     0.1973 f
  U1508/ZN (AND2_X1)                                    0.0568     0.2541 f
  U2727/ZN (INV_X1)                                     0.0656     0.3197 r
  DP_i_U2689/ZN (NAND2_X1)                              0.0653     0.3850 f
  DP_i_U2691/ZN (NOR3_X1)                               0.1567     0.5417 r
  U1846/ZN (INV_X1)                                     0.0590     0.6007 f
  U1397/ZN (INV_X1)                                     0.1602     0.7609 r
  U8663/ZN (AOI22_X1)                                   0.0741     0.8350 f
  U3268/ZN (OAI21_X1)                                   0.0491     0.8841 r
  U7950/ZN (INV_X1)                                     0.0253     0.9094 f
  U8665/ZN (NAND4_X1)                                   0.0348     0.9441 r
  DP_i_decode_i_B_reg_i_Y_reg_10_/D (DFF_X1)            0.0110     0.9551 r
  data arrival time                                                0.9551

  clock CLK (rise edge)                                 1.2500     1.2500
  clock network delay (ideal)                           0.0500     1.3000
  clock uncertainty                                    -0.0500     1.2500
  DP_i_decode_i_B_reg_i_Y_reg_10_/CK (DFF_X1)           0.0000     1.2500 r
  library setup time                                   -0.0281     1.2219
  data required time                                               1.2219
  --------------------------------------------------------------------------
  data required time                                               1.2219
  data arrival time                                               -0.9551
  --------------------------------------------------------------------------
  slack (MET)                                                      0.2668


  Startpoint: DRAM_READY (input port clocked by CLK)
  Endpoint: DP_i_decode_i_B_reg_i_Y_reg_15_
            (rising edge-triggered flip-flop clocked by CLK)
  Path Group: INPUTS
  Path Type: max

  Des/Clust/Port     Wire Load Model       Library
  ------------------------------------------------
  DLX                5K_hvratio_1_4        NangateOpenCellLibrary

  Point                                                   Incr       Path
  --------------------------------------------------------------------------
  clock CLK (rise edge)                                 0.0000     0.0000
  clock network delay (ideal)                           0.0500     0.0500
  input external delay                                  0.1250     0.1750 r
  DRAM_READY (in)                                       0.0014     0.1764 r
  U1871/ZN (INV_X1)                                     0.0209     0.1973 f
  U1508/ZN (AND2_X1)                                    0.0568     0.2541 f
  U2727/ZN (INV_X1)                                     0.0656     0.3197 r
  DP_i_U2689/ZN (NAND2_X1)                              0.0653     0.3850 f
  DP_i_U2691/ZN (NOR3_X1)                               0.1567     0.5417 r
  U1846/ZN (INV_X1)                                     0.0590     0.6007 f
  U1397/ZN (INV_X1)                                     0.1602     0.7609 r
  U8811/ZN (AOI22_X1)                                   0.0741     0.8350 f
  U3180/ZN (OAI21_X1)                                   0.0491     0.8841 r
  U7958/ZN (INV_X1)                                     0.0253     0.9094 f
  U8813/ZN (NAND4_X1)                                   0.0348     0.9441 r
  DP_i_decode_i_B_reg_i_Y_reg_15_/D (DFF_X1)            0.0110     0.9551 r
  data arrival time                                                0.9551

  clock CLK (rise edge)                                 1.2500     1.2500
  clock network delay (ideal)                           0.0500     1.3000
  clock uncertainty                                    -0.0500     1.2500
  DP_i_decode_i_B_reg_i_Y_reg_15_/CK (DFF_X1)           0.0000     1.2500 r
  library setup time                                   -0.0281     1.2219
  data required time                                               1.2219
  --------------------------------------------------------------------------
  data required time                                               1.2219
  data arrival time                                               -0.9551
  --------------------------------------------------------------------------
  slack (MET)                                                      0.2668


  Startpoint: DRAM_READY (input port clocked by CLK)
  Endpoint: DP_i_decode_i_B_reg_i_Y_reg_24_
            (rising edge-triggered flip-flop clocked by CLK)
  Path Group: INPUTS
  Path Type: max

  Des/Clust/Port     Wire Load Model       Library
  ------------------------------------------------
  DLX                5K_hvratio_1_4        NangateOpenCellLibrary

  Point                                                   Incr       Path
  --------------------------------------------------------------------------
  clock CLK (rise edge)                                 0.0000     0.0000
  clock network delay (ideal)                           0.0500     0.0500
  input external delay                                  0.1250     0.1750 r
  DRAM_READY (in)                                       0.0014     0.1764 r
  U1871/ZN (INV_X1)                                     0.0209     0.1973 f
  U1508/ZN (AND2_X1)                                    0.0568     0.2541 f
  U2727/ZN (INV_X1)                                     0.0656     0.3197 r
  DP_i_U2689/ZN (NAND2_X1)                              0.0653     0.3850 f
  DP_i_U2691/ZN (NOR3_X1)                               0.1567     0.5417 r
  U1846/ZN (INV_X1)                                     0.0590     0.6007 f
  U1397/ZN (INV_X1)                                     0.1602     0.7609 r
  U9003/ZN (AOI22_X1)                                   0.0741     0.8350 f
  U3274/ZN (OAI21_X1)                                   0.0491     0.8841 r
  U3874/ZN (INV_X1)                                     0.0253     0.9094 f
  U9005/ZN (NAND4_X1)                                   0.0348     0.9441 r
  DP_i_decode_i_B_reg_i_Y_reg_24_/D (DFF_X1)            0.0110     0.9551 r
  data arrival time                                                0.9551

  clock CLK (rise edge)                                 1.2500     1.2500
  clock network delay (ideal)                           0.0500     1.3000
  clock uncertainty                                    -0.0500     1.2500
  DP_i_decode_i_B_reg_i_Y_reg_24_/CK (DFF_X1)           0.0000     1.2500 r
  library setup time                                   -0.0281     1.2219
  data required time                                               1.2219
  --------------------------------------------------------------------------
  data required time                                               1.2219
  data arrival time                                               -0.9551
  --------------------------------------------------------------------------
  slack (MET)                                                      0.2668


  Startpoint: DRAM_READY (input port clocked by CLK)
  Endpoint: DP_i_decode_i_B_reg_i_Y_reg_3_
            (rising edge-triggered flip-flop clocked by CLK)
  Path Group: INPUTS
  Path Type: max

  Des/Clust/Port     Wire Load Model       Library
  ------------------------------------------------
  DLX                5K_hvratio_1_4        NangateOpenCellLibrary

  Point                                                   Incr       Path
  --------------------------------------------------------------------------
  clock CLK (rise edge)                                 0.0000     0.0000
  clock network delay (ideal)                           0.0500     0.0500
  input external delay                                  0.1250     0.1750 r
  DRAM_READY (in)                                       0.0014     0.1764 r
  U1871/ZN (INV_X1)                                     0.0209     0.1973 f
  U1508/ZN (AND2_X1)                                    0.0568     0.2541 f
  U2727/ZN (INV_X1)                                     0.0656     0.3197 r
  DP_i_U2689/ZN (NAND2_X1)                              0.0653     0.3850 f
  DP_i_U2691/ZN (NOR3_X1)                               0.1567     0.5417 r
  U1846/ZN (INV_X1)                                     0.0590     0.6007 f
  U1397/ZN (INV_X1)                                     0.1602     0.7609 r
  U8860/ZN (AOI22_X1)                                   0.0741     0.8350 f
  U8861/ZN (OAI21_X1)                                   0.0491     0.8841 r
  U7957/ZN (INV_X1)                                     0.0251     0.9092 f
  U8863/ZN (NAND4_X1)                                   0.0345     0.9437 r
  DP_i_decode_i_B_reg_i_Y_reg_3_/D (DFF_X1)             0.0110     0.9546 r
  data arrival time                                                0.9546

  clock CLK (rise edge)                                 1.2500     1.2500
  clock network delay (ideal)                           0.0500     1.3000
  clock uncertainty                                    -0.0500     1.2500
  DP_i_decode_i_B_reg_i_Y_reg_3_/CK (DFF_X1)            0.0000     1.2500 r
  library setup time                                   -0.0281     1.2219
  data required time                                               1.2219
  --------------------------------------------------------------------------
  data required time                                               1.2219
  data arrival time                                               -0.9546
  --------------------------------------------------------------------------
  slack (MET)                                                      0.2673


  Startpoint: DRAM_READY (input port clocked by CLK)
  Endpoint: DP_i_decode_i_B_reg_i_Y_reg_4_
            (rising edge-triggered flip-flop clocked by CLK)
  Path Group: INPUTS
  Path Type: max

  Des/Clust/Port     Wire Load Model       Library
  ------------------------------------------------
  DLX                5K_hvratio_1_4        NangateOpenCellLibrary

  Point                                                   Incr       Path
  --------------------------------------------------------------------------
  clock CLK (rise edge)                                 0.0000     0.0000
  clock network delay (ideal)                           0.0500     0.0500
  input external delay                                  0.1250     0.1750 r
  DRAM_READY (in)                                       0.0014     0.1764 r
  U1871/ZN (INV_X1)                                     0.0209     0.1973 f
  U1508/ZN (AND2_X1)                                    0.0568     0.2541 f
  U2727/ZN (INV_X1)                                     0.0656     0.3197 r
  DP_i_U2689/ZN (NAND2_X1)                              0.0653     0.3850 f
  DP_i_U2691/ZN (NOR3_X1)                               0.1567     0.5417 r
  U1846/ZN (INV_X1)                                     0.0590     0.6007 f
  U1397/ZN (INV_X1)                                     0.1602     0.7609 r
  U8576/ZN (AOI22_X1)                                   0.0741     0.8350 f
  U8577/ZN (OAI21_X1)                                   0.0491     0.8841 r
  U7964/ZN (INV_X1)                                     0.0251     0.9092 f
  U8579/ZN (NAND4_X1)                                   0.0345     0.9437 r
  DP_i_decode_i_B_reg_i_Y_reg_4_/D (DFF_X1)             0.0110     0.9546 r
  data arrival time                                                0.9546

  clock CLK (rise edge)                                 1.2500     1.2500
  clock network delay (ideal)                           0.0500     1.3000
  clock uncertainty                                    -0.0500     1.2500
  DP_i_decode_i_B_reg_i_Y_reg_4_/CK (DFF_X1)            0.0000     1.2500 r
  library setup time                                   -0.0281     1.2219
  data required time                                               1.2219
  --------------------------------------------------------------------------
  data required time                                               1.2219
  data arrival time                                               -0.9546
  --------------------------------------------------------------------------
  slack (MET)                                                      0.2673


  Startpoint: DP_i_fetch_i_IR_out_reg_1_
              (rising edge-triggered flip-flop clocked by CLK)
  Endpoint: IRAM_ISSUE (output port clocked by CLK)
  Path Group: OUTPUTS
  Path Type: max

  Des/Clust/Port     Wire Load Model       Library
  ------------------------------------------------
  DLX                5K_hvratio_1_4        NangateOpenCellLibrary

  Point                                                   Incr       Path
  --------------------------------------------------------------------------
  clock CLK (rise edge)                                 0.0000     0.0000
  clock network delay (ideal)                           0.0500     0.0500
  DP_i_fetch_i_IR_out_reg_1_/CK (DFF_X1)                0.0000     0.0500 r
  DP_i_fetch_i_IR_out_reg_1_/QN (DFF_X1)                0.1198     0.1698 f
  U3351/ZN (AND2_X1)                                    0.0646     0.2344 f
  U3350/ZN (NOR3_X1)                                    0.0759     0.3102 r
  U3349/ZN (OR2_X1)                                     0.0424     0.3526 r
  U3348/ZN (AND3_X1)                                    0.0467     0.3993 r
  U2159/ZN (AND2_X1)                                    0.0384     0.4377 r
  U3364/ZN (OR2_X1)                                     0.0373     0.4750 r
  U2257/ZN (AND4_X2)                                    0.0705     0.5455 r
  U3439/ZN (NAND4_X1)                                   0.0629     0.6085 f
  U4060/ZN (INV_X1)                                     0.0484     0.6569 r
  U1445/ZN (AND2_X1)                                    0.0806     0.7375 r
  U3392/ZN (NAND2_X1)                                   0.0430     0.7805 f
  U1762/ZN (AND3_X1)                                    0.0402     0.8207 f
  U3431/Z (MUX2_X1)                                     0.0666     0.8873 f
  U3397/ZN (OAI21_X1)                                   0.0470     0.9344 r
  U3366/ZN (OAI211_X1)                                  0.0461     0.9805 f
  U3313/ZN (NAND2_X1)                                   0.0440     1.0245 r
  U3295/ZN (NAND3_X1)                                   0.0361     1.0606 f
  U7162/ZN (AND2_X1)                                    0.0397     1.1003 f
  IRAM_ISSUE (out)                                      0.0035     1.1038 f
  data arrival time                                                1.1038

  clock CLK (rise edge)                                 1.2500     1.2500
  clock network delay (ideal)                           0.0500     1.3000
  clock uncertainty                                    -0.0500     1.2500
  output external delay                                -0.1250     1.1250
  data required time                                               1.1250
  --------------------------------------------------------------------------
  data required time                                               1.1250
  data arrival time                                               -1.1038
  --------------------------------------------------------------------------
  slack (MET)                                                      0.0212


  Startpoint: DP_i_fetch_i_IR_out_reg_1_
              (rising edge-triggered flip-flop clocked by CLK)
  Endpoint: IRAM_ISSUE (output port clocked by CLK)
  Path Group: OUTPUTS
  Path Type: max

  Des/Clust/Port     Wire Load Model       Library
  ------------------------------------------------
  DLX                5K_hvratio_1_4        NangateOpenCellLibrary

  Point                                                   Incr       Path
  --------------------------------------------------------------------------
  clock CLK (rise edge)                                 0.0000     0.0000
  clock network delay (ideal)                           0.0500     0.0500
  DP_i_fetch_i_IR_out_reg_1_/CK (DFF_X1)                0.0000     0.0500 r
  DP_i_fetch_i_IR_out_reg_1_/QN (DFF_X1)                0.1198     0.1698 f
  U3351/ZN (AND2_X1)                                    0.0646     0.2344 f
  U3350/ZN (NOR3_X1)                                    0.0759     0.3102 r
  U3349/ZN (OR2_X1)                                     0.0424     0.3526 r
  U3348/ZN (AND3_X1)                                    0.0467     0.3993 r
  U2159/ZN (AND2_X1)                                    0.0384     0.4377 r
  U3364/ZN (OR2_X1)                                     0.0373     0.4750 r
  U2257/ZN (AND4_X2)                                    0.0705     0.5455 r
  U3439/ZN (NAND4_X1)                                   0.0629     0.6085 f
  U4060/ZN (INV_X1)                                     0.0484     0.6569 r
  U1445/ZN (AND2_X1)                                    0.0806     0.7375 r
  U3392/ZN (NAND2_X1)                                   0.0430     0.7805 f
  U1762/ZN (AND3_X1)                                    0.0402     0.8207 f
  U3431/Z (MUX2_X1)                                     0.0666     0.8873 f
  U3397/ZN (OAI21_X1)                                   0.0470     0.9344 r
  U3366/ZN (OAI211_X1)                                  0.0461     0.9805 f
  U3313/ZN (NAND2_X1)                                   0.0440     1.0245 r
  U3295/ZN (NAND3_X1)                                   0.0361     1.0606 f
  U7162/ZN (AND2_X1)                                    0.0397     1.1003 f
  IRAM_ISSUE (out)                                      0.0035     1.1038 f
  data arrival time                                                1.1038

  clock CLK (rise edge)                                 1.2500     1.2500
  clock network delay (ideal)                           0.0500     1.3000
  clock uncertainty                                    -0.0500     1.2500
  output external delay                                -0.1250     1.1250
  data required time                                               1.1250
  --------------------------------------------------------------------------
  data required time                                               1.1250
  data arrival time                                               -1.1038
  --------------------------------------------------------------------------
  slack (MET)                                                      0.0212


  Startpoint: DP_i_execute_i_alu_out_reg_i_Y_reg_1_
              (rising edge-triggered flip-flop clocked by CLK)
  Endpoint: DRAM_DATA[31]
            (output port clocked by CLK)
  Path Group: OUTPUTS
  Path Type: max

  Des/Clust/Port     Wire Load Model       Library
  ------------------------------------------------
  DLX                5K_hvratio_1_4        NangateOpenCellLibrary

  Point                                                   Incr       Path
  --------------------------------------------------------------------------
  clock CLK (rise edge)                                 0.0000     0.0000
  clock network delay (ideal)                           0.0500     0.0500
  DP_i_execute_i_alu_out_reg_i_Y_reg_1_/CK (DFF_X1)     0.0000     0.0500 r
  DP_i_execute_i_alu_out_reg_i_Y_reg_1_/Q (DFF_X1)      0.1447     0.1947 r
  U4012/ZN (AOI21_X1)                                   0.0522     0.2469 f
  U1694/ZN (OR3_X1)                                     0.0761     0.3230 f
  U1693/ZN (NAND2_X1)                                   0.0532     0.3762 r
  U2334/ZN (NOR2_X1)                                    0.0415     0.4177 f
  U6226/ZN (INV_X1)                                     0.0362     0.4539 r
  U1499/ZN (OR2_X4)                                     0.1454     0.5993 r
  DRAM_DATA_tri_31_/Z (TBUF_X1)                         0.2585     0.8578 f
  DRAM_DATA[31] (inout)                                 0.0054     0.8633 f
  data arrival time                                                0.8633

  clock CLK (rise edge)                                 1.2500     1.2500
  clock network delay (ideal)                           0.0500     1.3000
  clock uncertainty                                    -0.0500     1.2500
  output external delay                                -0.1250     1.1250
  data required time                                               1.1250
  --------------------------------------------------------------------------
  data required time                                               1.1250
  data arrival time                                               -0.8633
  --------------------------------------------------------------------------
  slack (MET)                                                      0.2617


  Startpoint: DP_i_execute_i_alu_out_reg_i_Y_reg_1_
              (rising edge-triggered flip-flop clocked by CLK)
  Endpoint: DRAM_DATA[29]
            (output port clocked by CLK)
  Path Group: OUTPUTS
  Path Type: max

  Des/Clust/Port     Wire Load Model       Library
  ------------------------------------------------
  DLX                5K_hvratio_1_4        NangateOpenCellLibrary

  Point                                                   Incr       Path
  --------------------------------------------------------------------------
  clock CLK (rise edge)                                 0.0000     0.0000
  clock network delay (ideal)                           0.0500     0.0500
  DP_i_execute_i_alu_out_reg_i_Y_reg_1_/CK (DFF_X1)     0.0000     0.0500 r
  DP_i_execute_i_alu_out_reg_i_Y_reg_1_/Q (DFF_X1)      0.1447     0.1947 r
  U4012/ZN (AOI21_X1)                                   0.0522     0.2469 f
  U1694/ZN (OR3_X1)                                     0.0761     0.3230 f
  U1693/ZN (NAND2_X1)                                   0.0532     0.3762 r
  U2334/ZN (NOR2_X1)                                    0.0415     0.4177 f
  U6226/ZN (INV_X1)                                     0.0362     0.4539 r
  U1499/ZN (OR2_X4)                                     0.1454     0.5993 r
  DRAM_DATA_tri_29_/Z (TBUF_X1)                         0.2585     0.8578 f
  DRAM_DATA[29] (inout)                                 0.0048     0.8627 f
  data arrival time                                                0.8627

  clock CLK (rise edge)                                 1.2500     1.2500
  clock network delay (ideal)                           0.0500     1.3000
  clock uncertainty                                    -0.0500     1.2500
  output external delay                                -0.1250     1.1250
  data required time                                               1.1250
  --------------------------------------------------------------------------
  data required time                                               1.1250
  data arrival time                                               -0.8627
  --------------------------------------------------------------------------
  slack (MET)                                                      0.2623


  Startpoint: DP_i_execute_i_alu_out_reg_i_Y_reg_1_
              (rising edge-triggered flip-flop clocked by CLK)
  Endpoint: DRAM_DATA[28]
            (output port clocked by CLK)
  Path Group: OUTPUTS
  Path Type: max

  Des/Clust/Port     Wire Load Model       Library
  ------------------------------------------------
  DLX                5K_hvratio_1_4        NangateOpenCellLibrary

  Point                                                   Incr       Path
  --------------------------------------------------------------------------
  clock CLK (rise edge)                                 0.0000     0.0000
  clock network delay (ideal)                           0.0500     0.0500
  DP_i_execute_i_alu_out_reg_i_Y_reg_1_/CK (DFF_X1)     0.0000     0.0500 r
  DP_i_execute_i_alu_out_reg_i_Y_reg_1_/Q (DFF_X1)      0.1447     0.1947 r
  U4012/ZN (AOI21_X1)                                   0.0522     0.2469 f
  U1694/ZN (OR3_X1)                                     0.0761     0.3230 f
  U1693/ZN (NAND2_X1)                                   0.0532     0.3762 r
  U2334/ZN (NOR2_X1)                                    0.0415     0.4177 f
  U6226/ZN (INV_X1)                                     0.0362     0.4539 r
  U1499/ZN (OR2_X4)                                     0.1454     0.5993 r
  DRAM_DATA_tri_28_/Z (TBUF_X1)                         0.2585     0.8578 f
  DRAM_DATA[28] (inout)                                 0.0048     0.8627 f
  data arrival time                                                0.8627

  clock CLK (rise edge)                                 1.2500     1.2500
  clock network delay (ideal)                           0.0500     1.3000
  clock uncertainty                                    -0.0500     1.2500
  output external delay                                -0.1250     1.1250
  data required time                                               1.1250
  --------------------------------------------------------------------------
  data required time                                               1.1250
  data arrival time                                               -0.8627
  --------------------------------------------------------------------------
  slack (MET)                                                      0.2623


  Startpoint: DP_i_execute_i_alu_out_reg_i_Y_reg_1_
              (rising edge-triggered flip-flop clocked by CLK)
  Endpoint: DRAM_DATA[27]
            (output port clocked by CLK)
  Path Group: OUTPUTS
  Path Type: max

  Des/Clust/Port     Wire Load Model       Library
  ------------------------------------------------
  DLX                5K_hvratio_1_4        NangateOpenCellLibrary

  Point                                                   Incr       Path
  --------------------------------------------------------------------------
  clock CLK (rise edge)                                 0.0000     0.0000
  clock network delay (ideal)                           0.0500     0.0500
  DP_i_execute_i_alu_out_reg_i_Y_reg_1_/CK (DFF_X1)     0.0000     0.0500 r
  DP_i_execute_i_alu_out_reg_i_Y_reg_1_/Q (DFF_X1)      0.1447     0.1947 r
  U4012/ZN (AOI21_X1)                                   0.0522     0.2469 f
  U1694/ZN (OR3_X1)                                     0.0761     0.3230 f
  U1693/ZN (NAND2_X1)                                   0.0532     0.3762 r
  U2334/ZN (NOR2_X1)                                    0.0415     0.4177 f
  U6226/ZN (INV_X1)                                     0.0362     0.4539 r
  U1499/ZN (OR2_X4)                                     0.1454     0.5993 r
  DRAM_DATA_tri_27_/Z (TBUF_X1)                         0.2585     0.8578 f
  DRAM_DATA[27] (inout)                                 0.0048     0.8627 f
  data arrival time                                                0.8627

  clock CLK (rise edge)                                 1.2500     1.2500
  clock network delay (ideal)                           0.0500     1.3000
  clock uncertainty                                    -0.0500     1.2500
  output external delay                                -0.1250     1.1250
  data required time                                               1.1250
  --------------------------------------------------------------------------
  data required time                                               1.1250
  data arrival time                                               -0.8627
  --------------------------------------------------------------------------
  slack (MET)                                                      0.2623


  Startpoint: DP_i_execute_i_alu_out_reg_i_Y_reg_1_
              (rising edge-triggered flip-flop clocked by CLK)
  Endpoint: DRAM_DATA[26]
            (output port clocked by CLK)
  Path Group: OUTPUTS
  Path Type: max

  Des/Clust/Port     Wire Load Model       Library
  ------------------------------------------------
  DLX                5K_hvratio_1_4        NangateOpenCellLibrary

  Point                                                   Incr       Path
  --------------------------------------------------------------------------
  clock CLK (rise edge)                                 0.0000     0.0000
  clock network delay (ideal)                           0.0500     0.0500
  DP_i_execute_i_alu_out_reg_i_Y_reg_1_/CK (DFF_X1)     0.0000     0.0500 r
  DP_i_execute_i_alu_out_reg_i_Y_reg_1_/Q (DFF_X1)      0.1447     0.1947 r
  U4012/ZN (AOI21_X1)                                   0.0522     0.2469 f
  U1694/ZN (OR3_X1)                                     0.0761     0.3230 f
  U1693/ZN (NAND2_X1)                                   0.0532     0.3762 r
  U2334/ZN (NOR2_X1)                                    0.0415     0.4177 f
  U6226/ZN (INV_X1)                                     0.0362     0.4539 r
  U1499/ZN (OR2_X4)                                     0.1454     0.5993 r
  DRAM_DATA_tri_26_/Z (TBUF_X1)                         0.2585     0.8578 f
  DRAM_DATA[26] (inout)                                 0.0048     0.8627 f
  data arrival time                                                0.8627

  clock CLK (rise edge)                                 1.2500     1.2500
  clock network delay (ideal)                           0.0500     1.3000
  clock uncertainty                                    -0.0500     1.2500
  output external delay                                -0.1250     1.1250
  data required time                                               1.1250
  --------------------------------------------------------------------------
  data required time                                               1.1250
  data arrival time                                               -0.8627
  --------------------------------------------------------------------------
  slack (MET)                                                      0.2623


  Startpoint: DP_i_execute_i_alu_out_reg_i_Y_reg_1_
              (rising edge-triggered flip-flop clocked by CLK)
  Endpoint: DRAM_DATA[25]
            (output port clocked by CLK)
  Path Group: OUTPUTS
  Path Type: max

  Des/Clust/Port     Wire Load Model       Library
  ------------------------------------------------
  DLX                5K_hvratio_1_4        NangateOpenCellLibrary

  Point                                                   Incr       Path
  --------------------------------------------------------------------------
  clock CLK (rise edge)                                 0.0000     0.0000
  clock network delay (ideal)                           0.0500     0.0500
  DP_i_execute_i_alu_out_reg_i_Y_reg_1_/CK (DFF_X1)     0.0000     0.0500 r
  DP_i_execute_i_alu_out_reg_i_Y_reg_1_/Q (DFF_X1)      0.1447     0.1947 r
  U4012/ZN (AOI21_X1)                                   0.0522     0.2469 f
  U1694/ZN (OR3_X1)                                     0.0761     0.3230 f
  U1693/ZN (NAND2_X1)                                   0.0532     0.3762 r
  U2334/ZN (NOR2_X1)                                    0.0415     0.4177 f
  U6226/ZN (INV_X1)                                     0.0362     0.4539 r
  U1499/ZN (OR2_X4)                                     0.1454     0.5993 r
  DRAM_DATA_tri_25_/Z (TBUF_X1)                         0.2585     0.8578 f
  DRAM_DATA[25] (inout)                                 0.0048     0.8627 f
  data arrival time                                                0.8627

  clock CLK (rise edge)                                 1.2500     1.2500
  clock network delay (ideal)                           0.0500     1.3000
  clock uncertainty                                    -0.0500     1.2500
  output external delay                                -0.1250     1.1250
  data required time                                               1.1250
  --------------------------------------------------------------------------
  data required time                                               1.1250
  data arrival time                                               -0.8627
  --------------------------------------------------------------------------
  slack (MET)                                                      0.2623


  Startpoint: DP_i_execute_i_alu_out_reg_i_Y_reg_1_
              (rising edge-triggered flip-flop clocked by CLK)
  Endpoint: DRAM_DATA[24]
            (output port clocked by CLK)
  Path Group: OUTPUTS
  Path Type: max

  Des/Clust/Port     Wire Load Model       Library
  ------------------------------------------------
  DLX                5K_hvratio_1_4        NangateOpenCellLibrary

  Point                                                   Incr       Path
  --------------------------------------------------------------------------
  clock CLK (rise edge)                                 0.0000     0.0000
  clock network delay (ideal)                           0.0500     0.0500
  DP_i_execute_i_alu_out_reg_i_Y_reg_1_/CK (DFF_X1)     0.0000     0.0500 r
  DP_i_execute_i_alu_out_reg_i_Y_reg_1_/Q (DFF_X1)      0.1447     0.1947 r
  U4012/ZN (AOI21_X1)                                   0.0522     0.2469 f
  U1694/ZN (OR3_X1)                                     0.0761     0.3230 f
  U1693/ZN (NAND2_X1)                                   0.0532     0.3762 r
  U2334/ZN (NOR2_X1)                                    0.0415     0.4177 f
  U6226/ZN (INV_X1)                                     0.0362     0.4539 r
  U1499/ZN (OR2_X4)                                     0.1454     0.5993 r
  DRAM_DATA_tri_24_/Z (TBUF_X1)                         0.2585     0.8578 f
  DRAM_DATA[24] (inout)                                 0.0048     0.8627 f
  data arrival time                                                0.8627

  clock CLK (rise edge)                                 1.2500     1.2500
  clock network delay (ideal)                           0.0500     1.3000
  clock uncertainty                                    -0.0500     1.2500
  output external delay                                -0.1250     1.1250
  data required time                                               1.1250
  --------------------------------------------------------------------------
  data required time                                               1.1250
  data arrival time                                               -0.8627
  --------------------------------------------------------------------------
  slack (MET)                                                      0.2623


  Startpoint: DP_i_execute_i_alu_out_reg_i_Y_reg_1_
              (rising edge-triggered flip-flop clocked by CLK)
  Endpoint: DRAM_DATA[23]
            (output port clocked by CLK)
  Path Group: OUTPUTS
  Path Type: max

  Des/Clust/Port     Wire Load Model       Library
  ------------------------------------------------
  DLX                5K_hvratio_1_4        NangateOpenCellLibrary

  Point                                                   Incr       Path
  --------------------------------------------------------------------------
  clock CLK (rise edge)                                 0.0000     0.0000
  clock network delay (ideal)                           0.0500     0.0500
  DP_i_execute_i_alu_out_reg_i_Y_reg_1_/CK (DFF_X1)     0.0000     0.0500 r
  DP_i_execute_i_alu_out_reg_i_Y_reg_1_/Q (DFF_X1)      0.1447     0.1947 r
  U4012/ZN (AOI21_X1)                                   0.0522     0.2469 f
  U1694/ZN (OR3_X1)                                     0.0761     0.3230 f
  U1693/ZN (NAND2_X1)                                   0.0532     0.3762 r
  U2334/ZN (NOR2_X1)                                    0.0415     0.4177 f
  U6226/ZN (INV_X1)                                     0.0362     0.4539 r
  U1499/ZN (OR2_X4)                                     0.1454     0.5993 r
  DRAM_DATA_tri_23_/Z (TBUF_X1)                         0.2585     0.8578 f
  DRAM_DATA[23] (inout)                                 0.0048     0.8627 f
  data arrival time                                                0.8627

  clock CLK (rise edge)                                 1.2500     1.2500
  clock network delay (ideal)                           0.0500     1.3000
  clock uncertainty                                    -0.0500     1.2500
  output external delay                                -0.1250     1.1250
  data required time                                               1.1250
  --------------------------------------------------------------------------
  data required time                                               1.1250
  data arrival time                                               -0.8627
  --------------------------------------------------------------------------
  slack (MET)                                                      0.2623


  Startpoint: DP_i_decode_i_rs2_addr_i_Y_reg_4_
              (rising edge-triggered flip-flop clocked by CLK)
  Endpoint: DP_i_execute_i_zero_alu_bit_Y_reg
            (rising edge-triggered flip-flop clocked by CLK)
  Path Group: REG2REG
  Path Type: max

  Des/Clust/Port     Wire Load Model       Library
  ------------------------------------------------
  DLX                5K_hvratio_1_4        NangateOpenCellLibrary

  Point                                                   Incr       Path
  --------------------------------------------------------------------------
  clock CLK (rise edge)                                 0.0000     0.0000
  clock network delay (ideal)                           0.0500     0.0500
  DP_i_decode_i_rs2_addr_i_Y_reg_4_/CK (DFF_X1)         0.0000     0.0500 r
  DP_i_decode_i_rs2_addr_i_Y_reg_4_/Q (DFF_X1)          0.0974     0.1474 f
  U3133/ZN (XNOR2_X1)                                   0.0616     0.2091 f
  U3131/ZN (NOR2_X1)                                    0.0431     0.2522 r
  U2809/ZN (AND4_X1)                                    0.0662     0.3184 r
  U1112/ZN (AND2_X2)                                    0.0532     0.3717 r
  U4644/Z (BUF_X2)                                      0.0543     0.4260 r
  U4667/ZN (NAND2_X1)                                   0.0397     0.4657 f
  U3310/ZN (AND3_X1)                                    0.0459     0.5115 f
  U889/Z (MUX2_X2)                                      0.0746     0.5862 f
  U3237/ZN (XNOR2_X1)                                   0.0588     0.6449 f
  U3689/ZN (NAND2_X1)                                   0.0445     0.6894 r
  U3041/ZN (NAND2_X1)                                   0.0355     0.7249 f
  U3043/ZN (NAND3_X1)                                   0.0342     0.7591 r
  U4703/ZN (AND2_X1)                                    0.0444     0.8035 r
  U4704/ZN (NAND2_X1)                                   0.0301     0.8336 f
  U1024/ZN (AND3_X1)                                    0.0414     0.8750 f
  U4730/ZN (NAND2_X1)                                   0.0345     0.9095 r
  U1589/ZN (AND3_X1)                                    0.0617     0.9711 r
  U1068/ZN (NOR2_X1)                                    0.0303     1.0015 f
  U3289/ZN (NAND2_X1)                                   0.0301     1.0316 r
  U3142/ZN (NAND2_X1)                                   0.0319     1.0635 f
  U5189/ZN (XNOR2_X1)                                   0.0626     1.1261 f
  U5190/ZN (NOR3_X1)                                    0.0628     1.1889 r
  U3429/ZN (AND3_X1)                                    0.0592     1.2480 r
  U5221/ZN (NAND3_X1)                                   0.0370     1.2850 f
  U5222/ZN (XNOR2_X1)                                   0.0480     1.3330 r
  U5223/ZN (NAND2_X1)                                   0.0306     1.3636 f
  U5231/ZN (NAND2_X1)                                   0.0294     1.3929 r
  U5278/ZN (OAI21_X1)                                   0.0302     1.4232 f
  U6010/ZN (OR2_X1)                                     0.0559     1.4791 f
  U7817/ZN (OAI21_X1)                                   0.0446     1.5237 r
  DP_i_execute_i_zero_alu_bit_Y_reg/D (DFF_X2)          0.0109     1.5346 r
  data arrival time                                                1.5346

  clock CLK (rise edge)                                 1.2500     1.2500
  clock network delay (ideal)                           0.0500     1.3000
  clock uncertainty                                    -0.0500     1.2500
  DP_i_execute_i_zero_alu_bit_Y_reg/CK (DFF_X2)         0.0000     1.2500 r
  library setup time                                   -0.0284     1.2216
  data required time                                               1.2216
  --------------------------------------------------------------------------
  data required time                                               1.2216
  data arrival time                                               -1.5346
  --------------------------------------------------------------------------
  slack (VIOLATED)                                                -0.3130


  Startpoint: DP_i_decode_i_rs2_addr_i_Y_reg_4_
              (rising edge-triggered flip-flop clocked by CLK)
  Endpoint: DP_i_execute_i_zero_alu_bit_Y_reg
            (rising edge-triggered flip-flop clocked by CLK)
  Path Group: REG2REG
  Path Type: max

  Des/Clust/Port     Wire Load Model       Library
  ------------------------------------------------
  DLX                5K_hvratio_1_4        NangateOpenCellLibrary

  Point                                                   Incr       Path
  --------------------------------------------------------------------------
  clock CLK (rise edge)                                 0.0000     0.0000
  clock network delay (ideal)                           0.0500     0.0500
  DP_i_decode_i_rs2_addr_i_Y_reg_4_/CK (DFF_X1)         0.0000     0.0500 r
  DP_i_decode_i_rs2_addr_i_Y_reg_4_/Q (DFF_X1)          0.0974     0.1474 f
  U3133/ZN (XNOR2_X1)                                   0.0616     0.2091 f
  U3131/ZN (NOR2_X1)                                    0.0431     0.2522 r
  U2809/ZN (AND4_X1)                                    0.0662     0.3184 r
  U1112/ZN (AND2_X2)                                    0.0532     0.3717 r
  U4644/Z (BUF_X2)                                      0.0543     0.4260 r
  U4266/ZN (NAND2_X1)                                   0.0362     0.4622 f
  U3190/ZN (AND3_X1)                                    0.0419     0.5041 f
  U4697/Z (MUX2_X2)                                     0.0759     0.5800 f
  U4698/ZN (INV_X1)                                     0.0439     0.6239 r
  U4699/ZN (XNOR2_X1)                                   0.0641     0.6879 r
  U4700/ZN (NAND2_X1)                                   0.0284     0.7163 f
  U3183/ZN (AND2_X1)                                    0.0401     0.7564 f
  U3134/ZN (NAND2_X1)                                   0.0313     0.7877 r
  U1023/ZN (AND2_X1)                                    0.0402     0.8279 r
  U1024/ZN (AND3_X1)                                    0.0523     0.8802 r
  U4730/ZN (NAND2_X1)                                   0.0337     0.9139 f
  U1588/ZN (AND3_X1)                                    0.0487     0.9627 f
  U3021/ZN (OAI21_X1)                                   0.0482     1.0108 r
  U1587/ZN (NAND2_X1)                                   0.0354     1.0462 f
  U1118/ZN (NAND3_X1)                                   0.0365     1.0827 r
  U2903/ZN (AND2_X1)                                    0.0496     1.1323 r
  U3538/ZN (AND2_X1)                                    0.0447     1.1770 r
  U3203/ZN (NOR2_X1)                                    0.0228     1.1998 f
  U5220/ZN (AND2_X1)                                    0.0394     1.2392 f
  U5221/ZN (NAND3_X1)                                   0.0347     1.2739 r
  U5222/ZN (XNOR2_X1)                                   0.0587     1.3326 r
  U5223/ZN (NAND2_X1)                                   0.0306     1.3632 f
  U5231/ZN (NAND2_X1)                                   0.0294     1.3925 r
  U5278/ZN (OAI21_X1)                                   0.0302     1.4228 f
  U6010/ZN (OR2_X1)                                     0.0559     1.4787 f
  U7817/ZN (OAI21_X1)                                   0.0446     1.5233 r
  DP_i_execute_i_zero_alu_bit_Y_reg/D (DFF_X2)          0.0109     1.5342 r
  data arrival time                                                1.5342

  clock CLK (rise edge)                                 1.2500     1.2500
  clock network delay (ideal)                           0.0500     1.3000
  clock uncertainty                                    -0.0500     1.2500
  DP_i_execute_i_zero_alu_bit_Y_reg/CK (DFF_X2)         0.0000     1.2500 r
  library setup time                                   -0.0284     1.2216
  data required time                                               1.2216
  --------------------------------------------------------------------------
  data required time                                               1.2216
  data arrival time                                               -1.5342
  --------------------------------------------------------------------------
  slack (VIOLATED)                                                -0.3126


  Startpoint: DP_i_decode_i_rs2_addr_i_Y_reg_4_
              (rising edge-triggered flip-flop clocked by CLK)
  Endpoint: DP_i_execute_i_boothmul_i_tree_i_register_i_3_Y_temp_reg_29_
            (rising edge-triggered flip-flop clocked by CLK)
  Path Group: REG2REG
  Path Type: max

  Des/Clust/Port     Wire Load Model       Library
  ------------------------------------------------
  DLX                5K_hvratio_1_4        NangateOpenCellLibrary

  Point                                                   Incr       Path
  --------------------------------------------------------------------------
  clock CLK (rise edge)                                 0.0000     0.0000
  clock network delay (ideal)                           0.0500     0.0500
  DP_i_decode_i_rs2_addr_i_Y_reg_4_/CK (DFF_X1)         0.0000     0.0500 r
  DP_i_decode_i_rs2_addr_i_Y_reg_4_/Q (DFF_X1)          0.0974     0.1474 f
  U3133/ZN (XNOR2_X1)                                   0.0616     0.2091 f
  U3131/ZN (NOR2_X1)                                    0.0431     0.2522 r
  U2809/ZN (AND4_X1)                                    0.0662     0.3184 r
  U1112/ZN (AND2_X2)                                    0.0532     0.3717 r
  U4265/Z (BUF_X2)                                      0.0581     0.4298 r
  U4712/ZN (NAND2_X1)                                   0.0464     0.4762 f
  U1254/ZN (AND2_X1)                                    0.0424     0.5186 f
  U2136/ZN (NAND2_X1)                                   0.0330     0.5516 r
  U2145/ZN (NAND2_X1)                                   0.0489     0.6005 f
  U4897/ZN (AND2_X1)                                    0.0486     0.6491 f
  U4898/Z (MUX2_X2)                                     0.1077     0.7567 f
  U5397/ZN (AOI22_X1)                                   0.0831     0.8398 r
  U3370/Z (XOR2_X1)                                     0.0759     0.9158 r
  U3369/ZN (XNOR2_X1)                                   0.0750     0.9908 r
  U5763/ZN (XNOR2_X1)                                   0.0745     1.0654 r
  U5764/ZN (XNOR2_X1)                                   0.0680     1.1334 r
  U1139/ZN (NAND2_X1)                                   0.0304     1.1638 f
  U1138/ZN (AND2_X1)                                    0.0451     1.2088 f
  U3248/S (FA_X1)                                       0.1494     1.3582 r
  U3247/ZN (XNOR2_X1)                                   0.0628     1.4210 r
  U5875/ZN (XNOR2_X1)                                   0.0598     1.4808 r
  U7816/ZN (AND2_X1)                                    0.0420     1.5228 r
  DP_i_execute_i_boothmul_i_tree_i_register_i_3_Y_temp_reg_29_/D (DFF_X2)
                                                        0.0109     1.5337 r
  data arrival time                                                1.5337

  clock CLK (rise edge)                                 1.2500     1.2500
  clock network delay (ideal)                           0.0500     1.3000
  clock uncertainty                                    -0.0500     1.2500
  DP_i_execute_i_boothmul_i_tree_i_register_i_3_Y_temp_reg_29_/CK (DFF_X2)
                                                        0.0000     1.2500 r
  library setup time                                   -0.0262     1.2238
  data required time                                               1.2238
  --------------------------------------------------------------------------
  data required time                                               1.2238
  data arrival time                                               -1.5337
  --------------------------------------------------------------------------
  slack (VIOLATED)                                                -0.3099


  Startpoint: DP_i_execute_i_rd_out_reg_i_Y_reg_0_
              (rising edge-triggered flip-flop clocked by CLK)
  Endpoint: DP_i_execute_i_boothmul_i_tree_i_register_i_3_Y_temp_reg_29_
            (rising edge-triggered flip-flop clocked by CLK)
  Path Group: REG2REG
  Path Type: max

  Des/Clust/Port     Wire Load Model       Library
  ------------------------------------------------
  DLX                5K_hvratio_1_4        NangateOpenCellLibrary

  Point                                                   Incr       Path
  --------------------------------------------------------------------------
  clock CLK (rise edge)                                 0.0000     0.0000
  clock network delay (ideal)                           0.0500     0.0500
  DP_i_execute_i_rd_out_reg_i_Y_reg_0_/CK (DFF_X1)      0.0000     0.0500 r
  DP_i_execute_i_rd_out_reg_i_Y_reg_0_/Q (DFF_X1)       0.1044     0.1544 r
  U2807/ZN (XNOR2_X1)                                   0.0583     0.2127 r
  U2777/ZN (AND2_X1)                                    0.0468     0.2595 r
  U3141/ZN (NAND4_X1)                                   0.0503     0.3099 f
  U1107/ZN (AND2_X1)                                    0.0619     0.3718 f
  U879/Z (BUF_X2)                                       0.0565     0.4283 f
  U4693/ZN (NAND2_X1)                                   0.0385     0.4668 r
  U3211/ZN (NAND4_X1)                                   0.0499     0.5167 f
  U2844/ZN (AND2_X1)                                    0.0588     0.5755 f
  U4881/ZN (INV_X1)                                     0.0363     0.6118 r
  U4882/ZN (NAND2_X1)                                   0.0299     0.6417 f
  U1136/Z (MUX2_X1)                                     0.0834     0.7251 f
  U3008/ZN (OR2_X1)                                     0.0672     0.7923 f
  U2020/ZN (OAI21_X1)                                   0.0439     0.8362 r
  U3370/Z (XOR2_X1)                                     0.0795     0.9157 r
  U3369/ZN (XNOR2_X1)                                   0.0750     0.9907 r
  U5763/ZN (XNOR2_X1)                                   0.0745     1.0653 r
  U5764/ZN (XNOR2_X1)                                   0.0680     1.1333 r
  U1139/ZN (NAND2_X1)                                   0.0304     1.1637 f
  U1138/ZN (AND2_X1)                                    0.0451     1.2088 f
  U3248/S (FA_X1)                                       0.1494     1.3581 r
  U3247/ZN (XNOR2_X1)                                   0.0628     1.4210 r
  U5875/ZN (XNOR2_X1)                                   0.0598     1.4807 r
  U7816/ZN (AND2_X1)                                    0.0420     1.5227 r
  DP_i_execute_i_boothmul_i_tree_i_register_i_3_Y_temp_reg_29_/D (DFF_X2)
                                                        0.0109     1.5336 r
  data arrival time                                                1.5336

  clock CLK (rise edge)                                 1.2500     1.2500
  clock network delay (ideal)                           0.0500     1.3000
  clock uncertainty                                    -0.0500     1.2500
  DP_i_execute_i_boothmul_i_tree_i_register_i_3_Y_temp_reg_29_/CK (DFF_X2)
                                                        0.0000     1.2500 r
  library setup time                                   -0.0262     1.2238
  data required time                                               1.2238
  --------------------------------------------------------------------------
  data required time                                               1.2238
  data arrival time                                               -1.5336
  --------------------------------------------------------------------------
  slack (VIOLATED)                                                -0.3098


  Startpoint: DP_i_execute_i_rd_out_reg_i_Y_reg_0_
              (rising edge-triggered flip-flop clocked by CLK)
  Endpoint: DP_i_execute_i_boothmul_i_tree_i_register_i_3_Y_temp_reg_30_
            (rising edge-triggered flip-flop clocked by CLK)
  Path Group: REG2REG
  Path Type: max

  Des/Clust/Port     Wire Load Model       Library
  ------------------------------------------------
  DLX                5K_hvratio_1_4        NangateOpenCellLibrary

  Point                                                   Incr       Path
  --------------------------------------------------------------------------
  clock CLK (rise edge)                                 0.0000     0.0000
  clock network delay (ideal)                           0.0500     0.0500
  DP_i_execute_i_rd_out_reg_i_Y_reg_0_/CK (DFF_X1)      0.0000     0.0500 r
  DP_i_execute_i_rd_out_reg_i_Y_reg_0_/Q (DFF_X1)       0.1044     0.1544 r
  U2807/ZN (XNOR2_X1)                                   0.0583     0.2127 r
  U2777/ZN (AND2_X1)                                    0.0468     0.2595 r
  U3141/ZN (NAND4_X1)                                   0.0503     0.3099 f
  U1112/ZN (AND2_X2)                                    0.0564     0.3662 f
  U4265/Z (BUF_X2)                                      0.0532     0.4194 f
  U4660/ZN (NAND2_X1)                                   0.0453     0.4647 r
  U3187/ZN (NAND4_X1)                                   0.0451     0.5098 f
  U962/ZN (AND2_X2)                                     0.0554     0.5652 f
  U2670/ZN (AND2_X1)                                    0.0602     0.6254 f
  U4921/ZN (XNOR2_X2)                                   0.1622     0.7876 r
  U5329/ZN (OAI22_X1)                                   0.0737     0.8613 f
  U3251/ZN (XNOR2_X1)                                   0.0692     0.9305 r
  U3249/ZN (XNOR2_X1)                                   0.0731     1.0035 r
  U5332/ZN (NAND2_X1)                                   0.0431     1.0466 f
  U3480/ZN (OR2_X1)                                     0.0588     1.1054 f
  U5336/ZN (OAI21_X1)                                   0.0331     1.1385 r
  U5337/ZN (AND2_X1)                                    0.0459     1.1844 r
  U5338/ZN (XNOR2_X1)                                   0.0620     1.2464 r
  U5339/ZN (XNOR2_X1)                                   0.0698     1.3162 r
  U7407/Z (BUF_X1)                                      0.0415     1.3578 r
  U3323/ZN (XNOR2_X1)                                   0.0625     1.4202 r
  U3322/ZN (XNOR2_X1)                                   0.0598     1.4800 r
  U3512/ZN (AND2_X1)                                    0.0422     1.5221 r
  DP_i_execute_i_boothmul_i_tree_i_register_i_3_Y_temp_reg_30_/D (DFF_X1)
                                                        0.0110     1.5331 r
  data arrival time                                                1.5331

  clock CLK (rise edge)                                 1.2500     1.2500
  clock network delay (ideal)                           0.0500     1.3000
  clock uncertainty                                    -0.0500     1.2500
  DP_i_execute_i_boothmul_i_tree_i_register_i_3_Y_temp_reg_30_/CK (DFF_X1)
                                                        0.0000     1.2500 r
  library setup time                                   -0.0265     1.2235
  data required time                                               1.2235
  --------------------------------------------------------------------------
  data required time                                               1.2235
  data arrival time                                               -1.5331
  --------------------------------------------------------------------------
  slack (VIOLATED)                                                -0.3096


  Startpoint: DP_i_execute_i_rd_out_reg_i_Y_reg_0_
              (rising edge-triggered flip-flop clocked by CLK)
  Endpoint: DP_i_execute_i_boothmul_i_tree_i_register_i_3_Y_temp_reg_30_
            (rising edge-triggered flip-flop clocked by CLK)
  Path Group: REG2REG
  Path Type: max

  Des/Clust/Port     Wire Load Model       Library
  ------------------------------------------------
  DLX                5K_hvratio_1_4        NangateOpenCellLibrary

  Point                                                   Incr       Path
  --------------------------------------------------------------------------
  clock CLK (rise edge)                                 0.0000     0.0000
  clock network delay (ideal)                           0.0500     0.0500
  DP_i_execute_i_rd_out_reg_i_Y_reg_0_/CK (DFF_X1)      0.0000     0.0500 r
  DP_i_execute_i_rd_out_reg_i_Y_reg_0_/Q (DFF_X1)       0.1044     0.1544 r
  U2807/ZN (XNOR2_X1)                                   0.0583     0.2127 r
  U2777/ZN (AND2_X1)                                    0.0468     0.2595 r
  U3141/ZN (NAND4_X1)                                   0.0503     0.3099 f
  U1112/ZN (AND2_X2)                                    0.0564     0.3662 f
  U4265/Z (BUF_X2)                                      0.0532     0.4194 f
  U4660/ZN (NAND2_X1)                                   0.0453     0.4647 r
  U3187/ZN (NAND4_X1)                                   0.0451     0.5098 f
  U962/ZN (AND2_X2)                                     0.0554     0.5652 f
  U2670/ZN (AND2_X1)                                    0.0602     0.6254 f
  U4921/ZN (XNOR2_X2)                                   0.1622     0.7876 r
  U5329/ZN (OAI22_X1)                                   0.0737     0.8613 f
  U3251/ZN (XNOR2_X1)                                   0.0692     0.9305 r
  U3249/ZN (XNOR2_X1)                                   0.0731     1.0035 r
  U5332/ZN (NAND2_X1)                                   0.0431     1.0466 f
  U3480/ZN (OR2_X1)                                     0.0588     1.1054 f
  U5336/ZN (OAI21_X1)                                   0.0323     1.1377 r
  U5337/ZN (AND2_X1)                                    0.0459     1.1837 r
  U5338/ZN (XNOR2_X1)                                   0.0620     1.2457 r
  U5339/ZN (XNOR2_X1)                                   0.0698     1.3155 r
  U7407/Z (BUF_X1)                                      0.0415     1.3570 r
  U3323/ZN (XNOR2_X1)                                   0.0625     1.4195 r
  U3322/ZN (XNOR2_X1)                                   0.0598     1.4792 r
  U3512/ZN (AND2_X1)                                    0.0422     1.5214 r
  DP_i_execute_i_boothmul_i_tree_i_register_i_3_Y_temp_reg_30_/D (DFF_X1)
                                                        0.0110     1.5324 r
  data arrival time                                                1.5324

  clock CLK (rise edge)                                 1.2500     1.2500
  clock network delay (ideal)                           0.0500     1.3000
  clock uncertainty                                    -0.0500     1.2500
  DP_i_execute_i_boothmul_i_tree_i_register_i_3_Y_temp_reg_30_/CK (DFF_X1)
                                                        0.0000     1.2500 r
  library setup time                                   -0.0265     1.2235
  data required time                                               1.2235
  --------------------------------------------------------------------------
  data required time                                               1.2235
  data arrival time                                               -1.5324
  --------------------------------------------------------------------------
  slack (VIOLATED)                                                -0.3088


  Startpoint: DP_i_decode_i_rs2_addr_i_Y_reg_4_
              (rising edge-triggered flip-flop clocked by CLK)
  Endpoint: DP_i_execute_i_boothmul_i_tree_i_register_i_3_Y_temp_reg_23_
            (rising edge-triggered flip-flop clocked by CLK)
  Path Group: REG2REG
  Path Type: max

  Des/Clust/Port     Wire Load Model       Library
  ------------------------------------------------
  DLX                5K_hvratio_1_4        NangateOpenCellLibrary

  Point                                                   Incr       Path
  --------------------------------------------------------------------------
  clock CLK (rise edge)                                 0.0000     0.0000
  clock network delay (ideal)                           0.0500     0.0500
  DP_i_decode_i_rs2_addr_i_Y_reg_4_/CK (DFF_X1)         0.0000     0.0500 r
  DP_i_decode_i_rs2_addr_i_Y_reg_4_/Q (DFF_X1)          0.0974     0.1474 f
  U3133/ZN (XNOR2_X1)                                   0.0616     0.2091 f
  U3131/ZN (NOR2_X1)                                    0.0431     0.2522 r
  U2809/ZN (AND4_X1)                                    0.0662     0.3184 r
  U1112/ZN (AND2_X2)                                    0.0532     0.3717 r
  U4172/Z (BUF_X2)                                      0.0592     0.4308 r
  U4179/Z (BUF_X2)                                      0.0658     0.4967 r
  U4241/ZN (NAND2_X1)                                   0.0419     0.5385 f
  U1010/ZN (NAND3_X1)                                   0.0333     0.5718 r
  U3177/ZN (NAND2_X1)                                   0.0408     0.6126 f
  U2728/ZN (NOR2_X1)                                    0.0588     0.6714 r
  U3191/ZN (OR2_X1)                                     0.0499     0.7213 r
  U4913/ZN (INV_X1)                                     0.0258     0.7471 f
  U4915/Z (MUX2_X2)                                     0.0936     0.8407 f
  U5829/ZN (NAND2_X1)                                   0.0552     0.8958 r
  U5830/ZN (NAND2_X1)                                   0.0335     0.9293 f
  U5833/S (FA_X1)                                       0.1537     1.0829 r
  U5834/ZN (XNOR2_X1)                                   0.0816     1.1645 r
  U5838/ZN (OAI21_X1)                                   0.0422     1.2067 f
  U1821/ZN (AND2_X1)                                    0.0528     1.2595 f
  U5860/S (FA_X1)                                       0.1560     1.4155 r
  U7269/ZN (XNOR2_X1)                                   0.0633     1.4788 r
  U2340/ZN (AND2_X1)                                    0.0423     1.5211 r
  DP_i_execute_i_boothmul_i_tree_i_register_i_3_Y_temp_reg_23_/D (DFF_X1)
                                                        0.0110     1.5321 r
  data arrival time                                                1.5321

  clock CLK (rise edge)                                 1.2500     1.2500
  clock network delay (ideal)                           0.0500     1.3000
  clock uncertainty                                    -0.0500     1.2500
  DP_i_execute_i_boothmul_i_tree_i_register_i_3_Y_temp_reg_23_/CK (DFF_X1)
                                                        0.0000     1.2500 r
  library setup time                                   -0.0265     1.2235
  data required time                                               1.2235
  --------------------------------------------------------------------------
  data required time                                               1.2235
  data arrival time                                               -1.5321
  --------------------------------------------------------------------------
  slack (VIOLATED)                                                -0.3086


  Startpoint: DP_i_decode_i_rs2_addr_i_Y_reg_4_
              (rising edge-triggered flip-flop clocked by CLK)
  Endpoint: DP_i_execute_i_boothmul_i_tree_i_register_i_3_Y_temp_reg_23_
            (rising edge-triggered flip-flop clocked by CLK)
  Path Group: REG2REG
  Path Type: max

  Des/Clust/Port     Wire Load Model       Library
  ------------------------------------------------
  DLX                5K_hvratio_1_4        NangateOpenCellLibrary

  Point                                                   Incr       Path
  --------------------------------------------------------------------------
  clock CLK (rise edge)                                 0.0000     0.0000
  clock network delay (ideal)                           0.0500     0.0500
  DP_i_decode_i_rs2_addr_i_Y_reg_4_/CK (DFF_X1)         0.0000     0.0500 r
  DP_i_decode_i_rs2_addr_i_Y_reg_4_/Q (DFF_X1)          0.0974     0.1474 f
  U3133/ZN (XNOR2_X1)                                   0.0616     0.2091 f
  U3131/ZN (NOR2_X1)                                    0.0431     0.2522 r
  U2809/ZN (AND4_X1)                                    0.0662     0.3184 r
  U1112/ZN (AND2_X2)                                    0.0532     0.3717 r
  U4172/Z (BUF_X2)                                      0.0592     0.4308 r
  U4179/Z (BUF_X2)                                      0.0658     0.4967 r
  U4241/ZN (NAND2_X1)                                   0.0419     0.5385 f
  U1010/ZN (NAND3_X1)                                   0.0333     0.5718 r
  U3177/ZN (NAND2_X1)                                   0.0408     0.6126 f
  U2728/ZN (NOR2_X1)                                    0.0588     0.6714 r
  U3191/ZN (OR2_X1)                                     0.0499     0.7213 r
  U4913/ZN (INV_X1)                                     0.0258     0.7471 f
  U4915/Z (MUX2_X2)                                     0.0936     0.8407 f
  U5829/ZN (NAND2_X1)                                   0.0552     0.8958 r
  U5830/ZN (NAND2_X1)                                   0.0335     0.9293 f
  U5833/S (FA_X1)                                       0.1531     1.0824 r
  U5834/ZN (XNOR2_X1)                                   0.0816     1.1640 r
  U5838/ZN (OAI21_X1)                                   0.0422     1.2062 f
  U1821/ZN (AND2_X1)                                    0.0528     1.2590 f
  U5860/S (FA_X1)                                       0.1560     1.4150 r
  U7269/ZN (XNOR2_X1)                                   0.0633     1.4783 r
  U2340/ZN (AND2_X1)                                    0.0423     1.5206 r
  DP_i_execute_i_boothmul_i_tree_i_register_i_3_Y_temp_reg_23_/D (DFF_X1)
                                                        0.0110     1.5316 r
  data arrival time                                                1.5316

  clock CLK (rise edge)                                 1.2500     1.2500
  clock network delay (ideal)                           0.0500     1.3000
  clock uncertainty                                    -0.0500     1.2500
  DP_i_execute_i_boothmul_i_tree_i_register_i_3_Y_temp_reg_23_/CK (DFF_X1)
                                                        0.0000     1.2500 r
  library setup time                                   -0.0265     1.2235
  data required time                                               1.2235
  --------------------------------------------------------------------------
  data required time                                               1.2235
  data arrival time                                               -1.5316
  --------------------------------------------------------------------------
  slack (VIOLATED)                                                -0.3081


  Startpoint: DP_i_decode_i_rs2_addr_i_Y_reg_4_
              (rising edge-triggered flip-flop clocked by CLK)
  Endpoint: DP_i_execute_i_boothmul_i_tree_i_register_i_0_Y_temp_reg_21_
            (rising edge-triggered flip-flop clocked by CLK)
  Path Group: REG2REG
  Path Type: max

  Des/Clust/Port     Wire Load Model       Library
  ------------------------------------------------
  DLX                5K_hvratio_1_4        NangateOpenCellLibrary

  Point                                                   Incr       Path
  --------------------------------------------------------------------------
  clock CLK (rise edge)                                 0.0000     0.0000
  clock network delay (ideal)                           0.0500     0.0500
  DP_i_decode_i_rs2_addr_i_Y_reg_4_/CK (DFF_X1)         0.0000     0.0500 r
  DP_i_decode_i_rs2_addr_i_Y_reg_4_/Q (DFF_X1)          0.0974     0.1474 f
  U3133/ZN (XNOR2_X1)                                   0.0616     0.2091 f
  U3131/ZN (NOR2_X1)                                    0.0431     0.2522 r
  U2809/ZN (AND4_X1)                                    0.0662     0.3184 r
  U1112/ZN (AND2_X2)                                    0.0532     0.3717 r
  U4172/Z (BUF_X2)                                      0.0592     0.4308 r
  U4675/ZN (NAND2_X1)                                   0.0465     0.4774 f
  U3195/ZN (NAND4_X1)                                   0.0428     0.5202 r
  U3205/ZN (NAND2_X1)                                   0.0377     0.5579 f
  U1019/Z (BUF_X2)                                      0.0474     0.6053 f
  U2813/ZN (NOR2_X1)                                    0.0483     0.6535 r
  U3281/ZN (NAND2_X1)                                   0.0355     0.6891 f
  U2966/ZN (AND2_X2)                                    0.0723     0.7614 f
  U3097/ZN (OR2_X1)                                     0.0845     0.8458 f
  U6420/ZN (OAI21_X1)                                   0.0362     0.8820 r
  U3509/ZN (XNOR2_X1)                                   0.0653     0.9474 r
  U3458/ZN (XNOR2_X1)                                   0.0744     1.0218 r
  U6422/ZN (XNOR2_X1)                                   0.0630     1.0848 f
  U6777/CO (FA_X1)                                      0.1260     1.2108 f
  U3003/ZN (XNOR2_X1)                                   0.0717     1.2825 f
  U6802/ZN (XNOR2_X1)                                   0.0723     1.3548 f
  U6804/ZN (OAI21_X1)                                   0.0557     1.4105 r
  U7275/ZN (INV_X1)                                     0.0228     1.4334 f
  U7277/ZN (OR2_X1)                                     0.0505     1.4839 f
  U8767/ZN (AND2_X1)                                    0.0392     1.5231 f
  DP_i_execute_i_boothmul_i_tree_i_register_i_0_Y_temp_reg_21_/D (DFF_X1)
                                                        0.0104     1.5335 f
  data arrival time                                                1.5335

  clock CLK (rise edge)                                 1.2500     1.2500
  clock network delay (ideal)                           0.0500     1.3000
  clock uncertainty                                    -0.0500     1.2500
  DP_i_execute_i_boothmul_i_tree_i_register_i_0_Y_temp_reg_21_/CK (DFF_X1)
                                                        0.0000     1.2500 r
  library setup time                                   -0.0239     1.2261
  data required time                                               1.2261
  --------------------------------------------------------------------------
  data required time                                               1.2261
  data arrival time                                               -1.5335
  --------------------------------------------------------------------------
  slack (VIOLATED)                                                -0.3074


  Startpoint: DP_i_decode_i_rs2_addr_i_Y_reg_4_
              (rising edge-triggered flip-flop clocked by CLK)
  Endpoint: DP_i_execute_i_boothmul_i_tree_i_register_i_0_Y_temp_reg_21_
            (rising edge-triggered flip-flop clocked by CLK)
  Path Group: REG2REG
  Path Type: max

  Des/Clust/Port     Wire Load Model       Library
  ------------------------------------------------
  DLX                5K_hvratio_1_4        NangateOpenCellLibrary

  Point                                                   Incr       Path
  --------------------------------------------------------------------------
  clock CLK (rise edge)                                 0.0000     0.0000
  clock network delay (ideal)                           0.0500     0.0500
  DP_i_decode_i_rs2_addr_i_Y_reg_4_/CK (DFF_X1)         0.0000     0.0500 r
  DP_i_decode_i_rs2_addr_i_Y_reg_4_/Q (DFF_X1)          0.0974     0.1474 f
  U3133/ZN (XNOR2_X1)                                   0.0616     0.2091 f
  U3131/ZN (NOR2_X1)                                    0.0431     0.2522 r
  U2809/ZN (AND4_X1)                                    0.0662     0.3184 r
  U1112/ZN (AND2_X2)                                    0.0532     0.3717 r
  U4172/Z (BUF_X2)                                      0.0592     0.4308 r
  U4675/ZN (NAND2_X1)                                   0.0465     0.4774 f
  U3195/ZN (NAND4_X1)                                   0.0428     0.5202 r
  U3205/ZN (NAND2_X1)                                   0.0377     0.5579 f
  U1019/Z (BUF_X2)                                      0.0474     0.6053 f
  U2813/ZN (NOR2_X1)                                    0.0483     0.6535 r
  U3281/ZN (NAND2_X1)                                   0.0355     0.6891 f
  U2966/ZN (AND2_X2)                                    0.0723     0.7614 f
  U3097/ZN (OR2_X1)                                     0.0845     0.8458 f
  U6420/ZN (OAI21_X1)                                   0.0362     0.8820 r
  U3509/ZN (XNOR2_X1)                                   0.0653     0.9474 r
  U3458/ZN (XNOR2_X1)                                   0.0744     1.0218 r
  U6422/ZN (XNOR2_X1)                                   0.0630     1.0848 f
  U6777/CO (FA_X1)                                      0.1258     1.2106 f
  U3003/ZN (XNOR2_X1)                                   0.0717     1.2824 f
  U6802/ZN (XNOR2_X1)                                   0.0723     1.3547 f
  U6804/ZN (OAI21_X1)                                   0.0557     1.4104 r
  U7275/ZN (INV_X1)                                     0.0228     1.4332 f
  U7277/ZN (OR2_X1)                                     0.0505     1.4837 f
  U8767/ZN (AND2_X1)                                    0.0392     1.5230 f
  DP_i_execute_i_boothmul_i_tree_i_register_i_0_Y_temp_reg_21_/D (DFF_X1)
                                                        0.0104     1.5334 f
  data arrival time                                                1.5334

  clock CLK (rise edge)                                 1.2500     1.2500
  clock network delay (ideal)                           0.0500     1.3000
  clock uncertainty                                    -0.0500     1.2500
  DP_i_execute_i_boothmul_i_tree_i_register_i_0_Y_temp_reg_21_/CK (DFF_X1)
                                                        0.0000     1.2500 r
  library setup time                                   -0.0239     1.2261
  data required time                                               1.2261
  --------------------------------------------------------------------------
  data required time                                               1.2261
  data arrival time                                               -1.5334
  --------------------------------------------------------------------------
  slack (VIOLATED)                                                -0.3073


1
