 
****************************************
Report : timing
        -path full
        -delay max
        -nworst 2
        -max_paths 10
Design : DLX
Version: W-2024.09-SP2
Date   : Sun Sep 27 03:14:05 2026
****************************************

Operating Conditions: typical   Library: NangateOpenCellLibrary
Wire Load Model Mode: top

  Startpoint: DP_i_mem_access_i_rd_out_reg_i_Y_reg_3_
              (rising edge-triggered flip-flop clocked by CLK)
  Endpoint: DP_i_execute_i_zero_alu_bit_Y_reg
            (rising edge-triggered flip-flop clocked by CLK)
  Path Group: REG2REG
  Path Type: max

  Des/Clust/Port     Wire Load Model       Library
  ------------------------------------------------
  DLX                5K_hvratio_1_4        NangateOpenCellLibrary

  Point                                                   Incr       Path
  --------------------------------------------------------------------------
  clock CLK (rise edge)                                 0.0000     0.0000
  clock network delay (ideal)                           0.0500     0.0500
  DP_i_mem_access_i_rd_out_reg_i_Y_reg_3_/CK (DFF_X1)   0.0000     0.0500 r
  DP_i_mem_access_i_rd_out_reg_i_Y_reg_3_/Q (DFF_X1)    0.1071     0.1571 r
  U2708/ZN (XNOR2_X1)                                   0.0612     0.2183 r
  U2434/ZN (AND4_X2)                                    0.0722     0.2905 r
  U2433/ZN (AND4_X2)                                    0.0951     0.3856 r
  U1149/Z (BUF_X2)                                      0.0731     0.4587 r
  U3016/ZN (NAND2_X1)                                   0.0365     0.4952 f
  U3018/ZN (AND2_X1)                                    0.0373     0.5325 f
  U3019/ZN (NAND2_X1)                                   0.0325     0.5651 r
  U1448/Z (MUX2_X2)                                     0.0569     0.6220 r
  U2650/ZN (XNOR2_X1)                                   0.0627     0.6847 r
  U2575/ZN (NOR2_X1)                                    0.0318     0.7164 f
  U2630/ZN (OAI21_X1)                                   0.0604     0.7769 r
  U3156/CO (FA_X1)                                      0.0793     0.8561 r
  U4130/ZN (AND2_X1)                                    0.0467     0.9029 r
  U4116/Z (BUF_X1)                                      0.0452     0.9481 r
  U1585/ZN (NAND2_X1)                                   0.0386     0.9867 f
  U877/ZN (NAND2_X1)                                    0.0356     1.0223 r
  U2486/ZN (AND2_X1)                                    0.0518     1.0741 r
  U2737/ZN (OAI21_X1)                                   0.0390     1.1131 f
  U2692/ZN (NAND2_X1)                                   0.0430     1.1561 r
  U4056/ZN (NAND2_X1)                                   0.0315     1.1876 f
  U4057/ZN (AND2_X1)                                    0.0403     1.2279 f
  U4058/ZN (OAI21_X1)                                   0.0458     1.2737 r
  U2896/ZN (NAND2_X1)                                   0.0337     1.3074 f
  U2494/ZN (OAI21_X1)                                   0.0413     1.3488 r
  U1558/ZN (NOR2_X1)                                    0.0277     1.3764 f
  U2258/ZN (NAND2_X1)                                   0.0304     1.4069 r
  U11991/ZN (NAND4_X1)                                  0.0355     1.4424 f
  U10901/ZN (OR2_X1)                                    0.0620     1.5043 f
  U10923/ZN (OAI21_X1)                                  0.0390     1.5434 r
  DP_i_execute_i_zero_alu_bit_Y_reg/D (DFF_X2)          0.0109     1.5542 r
  data arrival time                                                1.5542

  clock CLK (rise edge)                                 1.3000     1.3000
  clock network delay (ideal)                           0.0500     1.3500
  clock uncertainty                                    -0.0500     1.3000
  DP_i_execute_i_zero_alu_bit_Y_reg/CK (DFF_X2)         0.0000     1.3000 r
  library setup time                                   -0.0283     1.2717
  data required time                                               1.2717
  --------------------------------------------------------------------------
  data required time                                               1.2717
  data arrival time                                               -1.5542
  --------------------------------------------------------------------------
  slack (VIOLATED)                                                -0.2826


  Startpoint: DP_i_mem_access_i_rd_out_reg_i_Y_reg_3_
              (rising edge-triggered flip-flop clocked by CLK)
  Endpoint: DP_i_execute_i_zero_alu_bit_Y_reg
            (rising edge-triggered flip-flop clocked by CLK)
  Path Group: REG2REG
  Path Type: max

  Des/Clust/Port     Wire Load Model       Library
  ------------------------------------------------
  DLX                5K_hvratio_1_4        NangateOpenCellLibrary

  Point                                                   Incr       Path
  --------------------------------------------------------------------------
  clock CLK (rise edge)                                 0.0000     0.0000
  clock network delay (ideal)                           0.0500     0.0500
  DP_i_mem_access_i_rd_out_reg_i_Y_reg_3_/CK (DFF_X1)   0.0000     0.0500 r
  DP_i_mem_access_i_rd_out_reg_i_Y_reg_3_/Q (DFF_X1)    0.1071     0.1571 r
  U2708/ZN (XNOR2_X1)                                   0.0612     0.2183 r
  U2434/ZN (AND4_X2)                                    0.0722     0.2905 r
  U2433/ZN (AND4_X2)                                    0.0951     0.3856 r
  U1149/Z (BUF_X2)                                      0.0731     0.4587 r
  U3016/ZN (NAND2_X1)                                   0.0365     0.4952 f
  U3018/ZN (AND2_X1)                                    0.0373     0.5325 f
  U3019/ZN (NAND2_X1)                                   0.0325     0.5651 r
  U1448/Z (MUX2_X2)                                     0.0569     0.6220 r
  U2650/ZN (XNOR2_X1)                                   0.0627     0.6847 r
  U2575/ZN (NOR2_X1)                                    0.0318     0.7164 f
  U2630/ZN (OAI21_X1)                                   0.0604     0.7769 r
  U3156/CO (FA_X1)                                      0.0793     0.8561 r
  U4130/ZN (AND2_X1)                                    0.0467     0.9029 r
  U4116/Z (BUF_X1)                                      0.0452     0.9481 r
  U2655/ZN (NAND2_X1)                                   0.0369     0.9849 f
  U2506/ZN (OR2_X2)                                     0.0581     1.0431 f
  U2401/ZN (NAND3_X1)                                   0.0353     1.0783 r
  U2835/ZN (NAND2_X1)                                   0.0381     1.1164 f
  U1447/ZN (AND2_X1)                                    0.0447     1.1611 f
  U8477/ZN (AND2_X1)                                    0.0381     1.1992 f
  U8478/ZN (OAI21_X1)                                   0.0367     1.2359 r
  U8479/ZN (AND2_X1)                                    0.0473     1.2832 r
  U2662/ZN (NAND2_X1)                                   0.0307     1.3139 f
  U2667/ZN (NOR4_X1)                                    0.0807     1.3945 r
  U11991/ZN (NAND4_X1)                                  0.0475     1.4420 f
  U10901/ZN (OR2_X1)                                    0.0620     1.5040 f
  U10923/ZN (OAI21_X1)                                  0.0390     1.5430 r
  DP_i_execute_i_zero_alu_bit_Y_reg/D (DFF_X2)          0.0109     1.5539 r
  data arrival time                                                1.5539

  clock CLK (rise edge)                                 1.3000     1.3000
  clock network delay (ideal)                           0.0500     1.3500
  clock uncertainty                                    -0.0500     1.3000
  DP_i_execute_i_zero_alu_bit_Y_reg/CK (DFF_X2)         0.0000     1.3000 r
  library setup time                                   -0.0283     1.2717
  data required time                                               1.2717
  --------------------------------------------------------------------------
  data required time                                               1.2717
  data arrival time                                               -1.5539
  --------------------------------------------------------------------------
  slack (VIOLATED)                                                -0.2822


  Startpoint: DP_i_mem_access_i_rd_out_reg_i_Y_reg_3_
              (rising edge-triggered flip-flop clocked by CLK)
  Endpoint: DP_i_execute_i_boothmul_i_tree_i_register_i_2_Y_temp_reg_31_
            (rising edge-triggered flip-flop clocked by CLK)
  Path Group: REG2REG
  Path Type: max

  Des/Clust/Port     Wire Load Model       Library
  ------------------------------------------------
  DLX                5K_hvratio_1_4        NangateOpenCellLibrary

  Point                                                   Incr       Path
  --------------------------------------------------------------------------
  clock CLK (rise edge)                                 0.0000     0.0000
  clock network delay (ideal)                           0.0500     0.0500
  DP_i_mem_access_i_rd_out_reg_i_Y_reg_3_/CK (DFF_X1)   0.0000     0.0500 r
  DP_i_mem_access_i_rd_out_reg_i_Y_reg_3_/Q (DFF_X1)    0.1071     0.1571 r
  U2708/ZN (XNOR2_X1)                                   0.0612     0.2183 r
  U2434/ZN (AND4_X2)                                    0.0722     0.2905 r
  U2433/ZN (AND4_X2)                                    0.0951     0.3856 r
  U1149/Z (BUF_X2)                                      0.0731     0.4587 r
  U3028/ZN (NAND2_X1)                                   0.0365     0.4952 f
  U1933/ZN (AND2_X1)                                    0.0484     0.5436 f
  U1085/ZN (NAND2_X1)                                   0.0378     0.5813 r
  U1190/ZN (AND2_X1)                                    0.0470     0.6283 r
  U1854/ZN (AND2_X1)                                    0.0519     0.6802 r
  U4207/ZN (NAND2_X1)                                   0.0395     0.7197 f
  U2354/Z (MUX2_X1)                                     0.0750     0.7947 f
  U1479/Z (BUF_X1)                                      0.0451     0.8398 f
  U4260/ZN (OAI21_X1)                                   0.0631     0.9029 r
  U4261/ZN (XNOR2_X1)                                   0.0781     0.9811 r
  U8586/ZN (XNOR2_X1)                                   0.0726     1.0537 r
  U1060/ZN (OR2_X2)                                     0.0516     1.1053 r
  U8587/ZN (XNOR2_X1)                                   0.0713     1.1766 r
  U8591/ZN (XNOR2_X1)                                   0.0748     1.2514 r
  U8624/ZN (XNOR2_X1)                                   0.0682     1.3196 r
  U8625/ZN (XNOR2_X1)                                   0.0650     1.3846 r
  U9817/ZN (NAND2_X1)                                   0.0305     1.4150 f
  U9820/ZN (AND2_X1)                                    0.0395     1.4545 f
  U9821/ZN (XNOR2_X1)                                   0.0535     1.5079 f
  U11277/ZN (AND2_X1)                                   0.0380     1.5459 f
  DP_i_execute_i_boothmul_i_tree_i_register_i_2_Y_temp_reg_31_/D (DFF_X1)
                                                        0.0104     1.5563 f
  data arrival time                                                1.5563

  clock CLK (rise edge)                                 1.3000     1.3000
  clock network delay (ideal)                           0.0500     1.3500
  clock uncertainty                                    -0.0500     1.3000
  DP_i_execute_i_boothmul_i_tree_i_register_i_2_Y_temp_reg_31_/CK (DFF_X1)
                                                        0.0000     1.3000 r
  library setup time                                   -0.0239     1.2761
  data required time                                               1.2761
  --------------------------------------------------------------------------
  data required time                                               1.2761
  data arrival time                                               -1.5563
  --------------------------------------------------------------------------
  slack (VIOLATED)                                                -0.2802


  Startpoint: DP_i_mem_access_i_rd_out_reg_i_Y_reg_3_
              (rising edge-triggered flip-flop clocked by CLK)
  Endpoint: DP_i_execute_i_boothmul_i_tree_i_register_i_2_Y_temp_reg_31_
            (rising edge-triggered flip-flop clocked by CLK)
  Path Group: REG2REG
  Path Type: max

  Des/Clust/Port     Wire Load Model       Library
  ------------------------------------------------
  DLX                5K_hvratio_1_4        NangateOpenCellLibrary

  Point                                                   Incr       Path
  --------------------------------------------------------------------------
  clock CLK (rise edge)                                 0.0000     0.0000
  clock network delay (ideal)                           0.0500     0.0500
  DP_i_mem_access_i_rd_out_reg_i_Y_reg_3_/CK (DFF_X1)   0.0000     0.0500 r
  DP_i_mem_access_i_rd_out_reg_i_Y_reg_3_/Q (DFF_X1)    0.1071     0.1571 r
  U2708/ZN (XNOR2_X1)                                   0.0612     0.2183 r
  U2434/ZN (AND4_X2)                                    0.0722     0.2905 r
  U2433/ZN (AND4_X2)                                    0.0951     0.3856 r
  U1149/Z (BUF_X2)                                      0.0731     0.4587 r
  U3028/ZN (NAND2_X1)                                   0.0365     0.4952 f
  U1933/ZN (AND2_X1)                                    0.0484     0.5436 f
  U1085/ZN (NAND2_X1)                                   0.0378     0.5813 r
  U1190/ZN (AND2_X1)                                    0.0470     0.6283 r
  U1854/ZN (AND2_X1)                                    0.0519     0.6802 r
  U4207/ZN (NAND2_X1)                                   0.0395     0.7197 f
  U2354/Z (MUX2_X1)                                     0.0750     0.7947 f
  U1479/Z (BUF_X1)                                      0.0451     0.8398 f
  U4260/ZN (OAI21_X1)                                   0.0631     0.9029 r
  U4261/ZN (XNOR2_X1)                                   0.0781     0.9811 r
  U8586/ZN (XNOR2_X1)                                   0.0726     1.0537 r
  U1060/ZN (OR2_X2)                                     0.0516     1.1053 r
  U8587/ZN (XNOR2_X1)                                   0.0713     1.1766 r
  U8591/ZN (XNOR2_X1)                                   0.0748     1.2514 r
  U8624/ZN (XNOR2_X1)                                   0.0682     1.3196 r
  U8625/ZN (XNOR2_X1)                                   0.0650     1.3846 r
  U9817/ZN (NAND2_X1)                                   0.0305     1.4150 f
  U9820/ZN (AND2_X1)                                    0.0395     1.4545 f
  U9821/ZN (XNOR2_X1)                                   0.0535     1.5079 f
  U11277/ZN (AND2_X1)                                   0.0380     1.5459 f
  DP_i_execute_i_boothmul_i_tree_i_register_i_2_Y_temp_reg_31_/D (DFF_X1)
                                                        0.0104     1.5563 f
  data arrival time                                                1.5563

  clock CLK (rise edge)                                 1.3000     1.3000
  clock network delay (ideal)                           0.0500     1.3500
  clock uncertainty                                    -0.0500     1.3000
  DP_i_execute_i_boothmul_i_tree_i_register_i_2_Y_temp_reg_31_/CK (DFF_X1)
                                                        0.0000     1.3000 r
  library setup time                                   -0.0239     1.2761
  data required time                                               1.2761
  --------------------------------------------------------------------------
  data required time                                               1.2761
  data arrival time                                               -1.5563
  --------------------------------------------------------------------------
  slack (VIOLATED)                                                -0.2802


  Startpoint: DP_i_fetch_i_IR_out_reg_24_
              (rising edge-triggered flip-flop clocked by CLK)
  Endpoint: CP_i_hazard_unit_i_G_scoreboard_reg_13__1_
            (rising edge-triggered flip-flop clocked by CLK)
  Path Group: REG2REG
  Path Type: max

  Des/Clust/Port     Wire Load Model       Library
  ------------------------------------------------
  DLX                5K_hvratio_1_4        NangateOpenCellLibrary

  Point                                                   Incr       Path
  --------------------------------------------------------------------------
  clock CLK (rise edge)                                 0.0000     0.0000
  clock network delay (ideal)                           0.0500     0.0500
  DP_i_fetch_i_IR_out_reg_24_/CK (DFF_X1)               0.0000     0.0500 r
  DP_i_fetch_i_IR_out_reg_24_/Q (DFF_X1)                0.1052     0.1552 r
  U3839/ZN (XNOR2_X1)                                   0.0654     0.2205 r
  U2476/ZN (AND2_X1)                                    0.0495     0.2700 r
  U2621/ZN (NAND4_X1)                                   0.0478     0.3178 f
  U1518/ZN (AND3_X2)                                    0.0601     0.3779 f
  U3849/ZN (AND2_X1)                                    0.0572     0.4351 f
  U3930/ZN (NAND2_X1)                                   0.0333     0.4684 r
  U2447/ZN (AND4_X1)                                    0.0583     0.5267 r
  U3937/ZN (AND4_X1)                                    0.0604     0.5872 r
  U962/ZN (AND3_X2)                                     0.0553     0.6425 r
  U1047/ZN (AOI21_X1)                                   0.0378     0.6803 f
  U1773/ZN (OAI21_X1)                                   0.0578     0.7381 r
  U2709/ZN (NAND2_X1)                                   0.0411     0.7791 f
  U2344/ZN (NAND2_X1)                                   0.0485     0.8277 r
  U2712/ZN (NAND3_X1)                                   0.0456     0.8733 f
  U8520/ZN (NAND2_X1)                                   0.0461     0.9194 r
  U8527/ZN (OR2_X1)                                     0.0476     0.9670 r
  U1279/ZN (NOR2_X1)                                    0.0280     0.9950 f
  U8534/ZN (NAND2_X1)                                   0.0320     1.0271 r
  U8535/ZN (NAND2_X1)                                   0.0283     1.0553 f
  U1606/ZN (OR3_X1)                                     0.0750     1.1304 f
  U1515/ZN (AOI21_X1)                                   0.0796     1.2100 r
  U2560/ZN (NAND2_X1)                                   0.0515     1.2615 f
  U2638/ZN (INV_X2)                                     0.0742     1.3357 r
  U2716/ZN (NAND2_X1)                                   0.0675     1.4032 f
  U2157/ZN (OR3_X1)                                     0.1004     1.5037 f
  U12034/ZN (OAI21_X1)                                  0.0356     1.5392 r
  CP_i_hazard_unit_i_G_scoreboard_reg_13__1_/D (DFF_X2)
                                                        0.0109     1.5501 r
  data arrival time                                                1.5501

  clock CLK (rise edge)                                 1.3000     1.3000
  clock network delay (ideal)                           0.0500     1.3500
  clock uncertainty                                    -0.0500     1.3000
  CP_i_hazard_unit_i_G_scoreboard_reg_13__1_/CK (DFF_X2)
                                                        0.0000     1.3000 r
  library setup time                                   -0.0283     1.2717
  data required time                                               1.2717
  --------------------------------------------------------------------------
  data required time                                               1.2717
  data arrival time                                               -1.5501
  --------------------------------------------------------------------------
  slack (VIOLATED)                                                -0.2784


  Startpoint: DP_i_mem_access_i_rd_out_reg_i_Y_reg_1_
              (rising edge-triggered flip-flop clocked by CLK)
  Endpoint: CP_i_hazard_unit_i_G_scoreboard_reg_13__1_
            (rising edge-triggered flip-flop clocked by CLK)
  Path Group: REG2REG
  Path Type: max

  Des/Clust/Port     Wire Load Model       Library
  ------------------------------------------------
  DLX                5K_hvratio_1_4        NangateOpenCellLibrary

  Point                                                   Incr       Path
  --------------------------------------------------------------------------
  clock CLK (rise edge)                                 0.0000     0.0000
  clock network delay (ideal)                           0.0500     0.0500
  DP_i_mem_access_i_rd_out_reg_i_Y_reg_1_/CK (DFF_X1)   0.0000     0.0500 r
  DP_i_mem_access_i_rd_out_reg_i_Y_reg_1_/Q (DFF_X1)    0.1048     0.1548 r
  U3836/ZN (XNOR2_X1)                                   0.0655     0.2203 r
  U3838/ZN (AND2_X1)                                    0.0468     0.2671 r
  U2621/ZN (NAND4_X1)                                   0.0503     0.3173 f
  U1518/ZN (AND3_X2)                                    0.0601     0.3774 f
  U3849/ZN (AND2_X1)                                    0.0572     0.4346 f
  U3930/ZN (NAND2_X1)                                   0.0333     0.4679 r
  U2447/ZN (AND4_X1)                                    0.0583     0.5263 r
  U3937/ZN (AND4_X1)                                    0.0604     0.5867 r
  U962/ZN (AND3_X2)                                     0.0553     0.6420 r
  U1047/ZN (AOI21_X1)                                   0.0378     0.6798 f
  U1773/ZN (OAI21_X1)                                   0.0578     0.7376 r
  U2709/ZN (NAND2_X1)                                   0.0411     0.7787 f
  U2344/ZN (NAND2_X1)                                   0.0485     0.8272 r
  U2712/ZN (NAND3_X1)                                   0.0456     0.8728 f
  U8520/ZN (NAND2_X1)                                   0.0461     0.9189 r
  U8527/ZN (OR2_X1)                                     0.0476     0.9666 r
  U1279/ZN (NOR2_X1)                                    0.0280     0.9946 f
  U8534/ZN (NAND2_X1)                                   0.0320     1.0266 r
  U8535/ZN (NAND2_X1)                                   0.0283     1.0549 f
  U1606/ZN (OR3_X1)                                     0.0750     1.1299 f
  U1515/ZN (AOI21_X1)                                   0.0796     1.2096 r
  U2560/ZN (NAND2_X1)                                   0.0515     1.2611 f
  U2638/ZN (INV_X2)                                     0.0742     1.3353 r
  U2716/ZN (NAND2_X1)                                   0.0675     1.4028 f
  U2157/ZN (OR3_X1)                                     0.1004     1.5032 f
  U12034/ZN (OAI21_X1)                                  0.0356     1.5388 r
  CP_i_hazard_unit_i_G_scoreboard_reg_13__1_/D (DFF_X2)
                                                        0.0109     1.5497 r
  data arrival time                                                1.5497

  clock CLK (rise edge)                                 1.3000     1.3000
  clock network delay (ideal)                           0.0500     1.3500
  clock uncertainty                                    -0.0500     1.3000
  CP_i_hazard_unit_i_G_scoreboard_reg_13__1_/CK (DFF_X2)
                                                        0.0000     1.3000 r
  library setup time                                   -0.0283     1.2717
  data required time                                               1.2717
  --------------------------------------------------------------------------
  data required time                                               1.2717
  data arrival time                                               -1.5497
  --------------------------------------------------------------------------
  slack (VIOLATED)                                                -0.2780


  Startpoint: DP_i_mem_access_i_rd_out_reg_i_Y_reg_1_
              (rising edge-triggered flip-flop clocked by CLK)
  Endpoint: DP_i_fetch_i_pc_i_Y_reg_27_
            (rising edge-triggered flip-flop clocked by CLK)
  Path Group: REG2REG
  Path Type: max

  Des/Clust/Port     Wire Load Model       Library
  ------------------------------------------------
  DLX                5K_hvratio_1_4        NangateOpenCellLibrary

  Point                                                   Incr       Path
  --------------------------------------------------------------------------
  clock CLK (rise edge)                                 0.0000     0.0000
  clock network delay (ideal)                           0.0500     0.0500
  DP_i_mem_access_i_rd_out_reg_i_Y_reg_1_/CK (DFF_X1)   0.0000     0.0500 r
  DP_i_mem_access_i_rd_out_reg_i_Y_reg_1_/Q (DFF_X1)    0.1048     0.1548 r
  U3836/ZN (XNOR2_X1)                                   0.0655     0.2203 r
  U2507/ZN (AND2_X1)                                    0.0499     0.2702 r
  U2496/ZN (NAND4_X1)                                   0.0450     0.3153 f
  U2666/ZN (AND2_X1)                                    0.0559     0.3711 f
  U1730/Z (BUF_X1)                                      0.0530     0.4241 f
  U1097/ZN (AND2_X1)                                    0.0495     0.4736 f
  U2179/Z (BUF_X1)                                      0.0875     0.5611 f
  U5336/ZN (AOI22_X1)                                   0.0917     0.6528 r
  U5340/ZN (NAND4_X1)                                   0.0455     0.6983 f
  U5351/ZN (OR4_X1)                                     0.1175     0.8158 f
  U5352/Z (MUX2_X1)                                     0.0780     0.8938 f
  U5353/ZN (XNOR2_X1)                                   0.0462     0.9401 r
  U5354/ZN (AND4_X1)                                    0.0692     1.0093 r
  U5423/ZN (NAND4_X1)                                   0.0457     1.0550 f
  U5424/ZN (NOR4_X1)                                    0.0992     1.1542 r
  U5425/ZN (NOR2_X1)                                    0.0419     1.1961 f
  U2818/ZN (NAND2_X1)                                   0.0453     1.2415 r
  U2074/ZN (NAND4_X1)                                   0.0526     1.2941 f
  U11992/Z (BUF_X1)                                     0.0695     1.3635 f
  U12368/ZN (OR3_X1)                                    0.1091     1.4726 f
  U12369/ZN (INV_X1)                                    0.0297     1.5024 r
  U10924/ZN (OR4_X2)                                    0.0380     1.5403 r
  DP_i_fetch_i_pc_i_Y_reg_27_/D (DFF_X1)                0.0110     1.5513 r
  data arrival time                                                1.5513

  clock CLK (rise edge)                                 1.3000     1.3000
  clock network delay (ideal)                           0.0500     1.3500
  clock uncertainty                                    -0.0500     1.3000
  DP_i_fetch_i_pc_i_Y_reg_27_/CK (DFF_X1)               0.0000     1.3000 r
  library setup time                                   -0.0260     1.2740
  data required time                                               1.2740
  --------------------------------------------------------------------------
  data required time                                               1.2740
  data arrival time                                               -1.5513
  --------------------------------------------------------------------------
  slack (VIOLATED)                                                -0.2773


  Startpoint: DP_i_mem_access_i_rd_out_reg_i_Y_reg_1_
              (rising edge-triggered flip-flop clocked by CLK)
  Endpoint: DP_i_fetch_i_pc_i_Y_reg_16_
            (rising edge-triggered flip-flop clocked by CLK)
  Path Group: REG2REG
  Path Type: max

  Des/Clust/Port     Wire Load Model       Library
  ------------------------------------------------
  DLX                5K_hvratio_1_4        NangateOpenCellLibrary

  Point                                                   Incr       Path
  --------------------------------------------------------------------------
  clock CLK (rise edge)                                 0.0000     0.0000
  clock network delay (ideal)                           0.0500     0.0500
  DP_i_mem_access_i_rd_out_reg_i_Y_reg_1_/CK (DFF_X1)   0.0000     0.0500 r
  DP_i_mem_access_i_rd_out_reg_i_Y_reg_1_/Q (DFF_X1)    0.1048     0.1548 r
  U3836/ZN (XNOR2_X1)                                   0.0655     0.2203 r
  U2507/ZN (AND2_X1)                                    0.0499     0.2702 r
  U2496/ZN (NAND4_X1)                                   0.0450     0.3153 f
  U2666/ZN (AND2_X1)                                    0.0559     0.3711 f
  U1730/Z (BUF_X1)                                      0.0530     0.4241 f
  U1097/ZN (AND2_X1)                                    0.0495     0.4736 f
  U2179/Z (BUF_X1)                                      0.0875     0.5611 f
  U5336/ZN (AOI22_X1)                                   0.0917     0.6528 r
  U5340/ZN (NAND4_X1)                                   0.0455     0.6983 f
  U5351/ZN (OR4_X1)                                     0.1175     0.8158 f
  U5352/Z (MUX2_X1)                                     0.0780     0.8938 f
  U5353/ZN (XNOR2_X1)                                   0.0462     0.9401 r
  U5354/ZN (AND4_X1)                                    0.0692     1.0093 r
  U5423/ZN (NAND4_X1)                                   0.0457     1.0550 f
  U5424/ZN (NOR4_X1)                                    0.0992     1.1542 r
  U5425/ZN (NOR2_X1)                                    0.0419     1.1961 f
  U2818/ZN (NAND2_X1)                                   0.0453     1.2415 r
  U2074/ZN (NAND4_X1)                                   0.0526     1.2941 f
  U11992/Z (BUF_X1)                                     0.0695     1.3635 f
  U12384/ZN (OR3_X1)                                    0.1091     1.4726 f
  U12385/ZN (INV_X1)                                    0.0297     1.5024 r
  U10927/ZN (OR4_X2)                                    0.0380     1.5403 r
  DP_i_fetch_i_pc_i_Y_reg_16_/D (DFF_X1)                0.0110     1.5513 r
  data arrival time                                                1.5513

  clock CLK (rise edge)                                 1.3000     1.3000
  clock network delay (ideal)                           0.0500     1.3500
  clock uncertainty                                    -0.0500     1.3000
  DP_i_fetch_i_pc_i_Y_reg_16_/CK (DFF_X1)               0.0000     1.3000 r
  library setup time                                   -0.0260     1.2740
  data required time                                               1.2740
  --------------------------------------------------------------------------
  data required time                                               1.2740
  data arrival time                                               -1.5513
  --------------------------------------------------------------------------
  slack (VIOLATED)                                                -0.2773


  Startpoint: DP_i_mem_access_i_rd_out_reg_i_Y_reg_1_
              (rising edge-triggered flip-flop clocked by CLK)
  Endpoint: DP_i_fetch_i_pc_i_Y_reg_8_
            (rising edge-triggered flip-flop clocked by CLK)
  Path Group: REG2REG
  Path Type: max

  Des/Clust/Port     Wire Load Model       Library
  ------------------------------------------------
  DLX                5K_hvratio_1_4        NangateOpenCellLibrary

  Point                                                   Incr       Path
  --------------------------------------------------------------------------
  clock CLK (rise edge)                                 0.0000     0.0000
  clock network delay (ideal)                           0.0500     0.0500
  DP_i_mem_access_i_rd_out_reg_i_Y_reg_1_/CK (DFF_X1)   0.0000     0.0500 r
  DP_i_mem_access_i_rd_out_reg_i_Y_reg_1_/Q (DFF_X1)    0.1048     0.1548 r
  U3836/ZN (XNOR2_X1)                                   0.0655     0.2203 r
  U2507/ZN (AND2_X1)                                    0.0499     0.2702 r
  U2496/ZN (NAND4_X1)                                   0.0450     0.3153 f
  U2666/ZN (AND2_X1)                                    0.0559     0.3711 f
  U1730/Z (BUF_X1)                                      0.0530     0.4241 f
  U1097/ZN (AND2_X1)                                    0.0495     0.4736 f
  U2179/Z (BUF_X1)                                      0.0875     0.5611 f
  U5336/ZN (AOI22_X1)                                   0.0917     0.6528 r
  U5340/ZN (NAND4_X1)                                   0.0455     0.6983 f
  U5351/ZN (OR4_X1)                                     0.1175     0.8158 f
  U5352/Z (MUX2_X1)                                     0.0780     0.8938 f
  U5353/ZN (XNOR2_X1)                                   0.0462     0.9401 r
  U5354/ZN (AND4_X1)                                    0.0692     1.0093 r
  U5423/ZN (NAND4_X1)                                   0.0457     1.0550 f
  U5424/ZN (NOR4_X1)                                    0.0992     1.1542 r
  U5425/ZN (NOR2_X1)                                    0.0419     1.1961 f
  U2818/ZN (NAND2_X1)                                   0.0453     1.2415 r
  U2074/ZN (NAND4_X1)                                   0.0526     1.2941 f
  U11993/Z (BUF_X1)                                     0.0695     1.3635 f
  U12420/ZN (OR3_X1)                                    0.1091     1.4726 f
  U12421/ZN (INV_X1)                                    0.0297     1.5024 r
  U2648/ZN (OR4_X2)                                     0.0380     1.5403 r
  DP_i_fetch_i_pc_i_Y_reg_8_/D (DFF_X1)                 0.0110     1.5513 r
  data arrival time                                                1.5513

  clock CLK (rise edge)                                 1.3000     1.3000
  clock network delay (ideal)                           0.0500     1.3500
  clock uncertainty                                    -0.0500     1.3000
  DP_i_fetch_i_pc_i_Y_reg_8_/CK (DFF_X1)                0.0000     1.3000 r
  library setup time                                   -0.0260     1.2740
  data required time                                               1.2740
  --------------------------------------------------------------------------
  data required time                                               1.2740
  data arrival time                                               -1.5513
  --------------------------------------------------------------------------
  slack (VIOLATED)                                                -0.2773


  Startpoint: DP_i_mem_access_i_rd_out_reg_i_Y_reg_1_
              (rising edge-triggered flip-flop clocked by CLK)
  Endpoint: DP_i_fetch_i_pc_i_Y_reg_3_
            (rising edge-triggered flip-flop clocked by CLK)
  Path Group: REG2REG
  Path Type: max

  Des/Clust/Port     Wire Load Model       Library
  ------------------------------------------------
  DLX                5K_hvratio_1_4        NangateOpenCellLibrary

  Point                                                   Incr       Path
  --------------------------------------------------------------------------
  clock CLK (rise edge)                                 0.0000     0.0000
  clock network delay (ideal)                           0.0500     0.0500
  DP_i_mem_access_i_rd_out_reg_i_Y_reg_1_/CK (DFF_X1)   0.0000     0.0500 r
  DP_i_mem_access_i_rd_out_reg_i_Y_reg_1_/Q (DFF_X1)    0.1048     0.1548 r
  U3836/ZN (XNOR2_X1)                                   0.0655     0.2203 r
  U2507/ZN (AND2_X1)                                    0.0499     0.2702 r
  U2496/ZN (NAND4_X1)                                   0.0450     0.3153 f
  U2666/ZN (AND2_X1)                                    0.0559     0.3711 f
  U1730/Z (BUF_X1)                                      0.0530     0.4241 f
  U1097/ZN (AND2_X1)                                    0.0495     0.4736 f
  U2179/Z (BUF_X1)                                      0.0875     0.5611 f
  U5336/ZN (AOI22_X1)                                   0.0917     0.6528 r
  U5340/ZN (NAND4_X1)                                   0.0455     0.6983 f
  U5351/ZN (OR4_X1)                                     0.1175     0.8158 f
  U5352/Z (MUX2_X1)                                     0.0780     0.8938 f
  U5353/ZN (XNOR2_X1)                                   0.0462     0.9401 r
  U5354/ZN (AND4_X1)                                    0.0692     1.0093 r
  U5423/ZN (NAND4_X1)                                   0.0457     1.0550 f
  U5424/ZN (NOR4_X1)                                    0.0992     1.1542 r
  U5425/ZN (NOR2_X1)                                    0.0419     1.1961 f
  U2818/ZN (NAND2_X1)                                   0.0453     1.2415 r
  U2074/ZN (NAND4_X1)                                   0.0526     1.2941 f
  U11992/Z (BUF_X1)                                     0.0695     1.3635 f
  U12374/ZN (OR3_X1)                                    0.1091     1.4726 f
  U12375/ZN (INV_X1)                                    0.0297     1.5024 r
  U10925/ZN (OR4_X2)                                    0.0380     1.5403 r
  DP_i_fetch_i_pc_i_Y_reg_3_/D (DFF_X1)                 0.0110     1.5513 r
  data arrival time                                                1.5513

  clock CLK (rise edge)                                 1.3000     1.3000
  clock network delay (ideal)                           0.0500     1.3500
  clock uncertainty                                    -0.0500     1.3000
  DP_i_fetch_i_pc_i_Y_reg_3_/CK (DFF_X1)                0.0000     1.3000 r
  library setup time                                   -0.0260     1.2740
  data required time                                               1.2740
  --------------------------------------------------------------------------
  data required time                                               1.2740
  data arrival time                                               -1.5513
  --------------------------------------------------------------------------
  slack (VIOLATED)                                                -0.2773


  Startpoint: DP_i_fetch_i_IR_out_reg_24_
              (rising edge-triggered flip-flop clocked by CLK)
  Endpoint: DP_i_fetch_i_btb_update_latch_i_clk_gate_taken_out_reg/latch
            (gating element for clock CLK)
  Path Group: CLK
  Path Type: max

  Des/Clust/Port     Wire Load Model       Library
  ------------------------------------------------
  DLX                5K_hvratio_1_4        NangateOpenCellLibrary

  Point                                                   Incr       Path
  --------------------------------------------------------------------------
  clock CLK (rise edge)                                 0.0000     0.0000
  clock network delay (ideal)                           0.0500     0.0500
  DP_i_fetch_i_IR_out_reg_24_/CK (DFF_X1)               0.0000     0.0500 r
  DP_i_fetch_i_IR_out_reg_24_/Q (DFF_X1)                0.1052     0.1552 r
  U3839/ZN (XNOR2_X1)                                   0.0654     0.2205 r
  U2476/ZN (AND2_X1)                                    0.0495     0.2700 r
  U2621/ZN (NAND4_X1)                                   0.0478     0.3178 f
  U1518/ZN (AND3_X2)                                    0.0601     0.3779 f
  U3849/ZN (AND2_X1)                                    0.0572     0.4351 f
  U3930/ZN (NAND2_X1)                                   0.0333     0.4684 r
  U2447/ZN (AND4_X1)                                    0.0583     0.5267 r
  U3937/ZN (AND4_X1)                                    0.0604     0.5872 r
  U962/ZN (AND3_X2)                                     0.0553     0.6425 r
  U3964/ZN (AOI21_X1)                                   0.0353     0.6777 f
  U1045/ZN (OAI21_X1)                                   0.0561     0.7338 r
  U1096/ZN (AND2_X1)                                    0.0567     0.7905 r
  U901/ZN (AND2_X2)                                     0.0572     0.8477 r
  U898/Z (BUF_X1)                                       0.0493     0.8970 r
  U6367/ZN (NAND2_X1)                                   0.0329     0.9300 f
  U2673/ZN (NAND4_X1)                                   0.0341     0.9641 r
  U2744/ZN (NAND4_X1)                                   0.0469     1.0109 f
  U895/Z (MUX2_X1)                                      0.0710     1.0819 f
  U2698/ZN (AND2_X1)                                    0.0382     1.1201 f
  U2742/ZN (OAI21_X1)                                   0.0368     1.1569 r
  U1318/ZN (OR2_X1)                                     0.0394     1.1963 r
  U1299/ZN (AND2_X1)                                    0.0534     1.2497 r
  DP_i_U4539/ZN (OAI21_X1)                              0.0331     1.2828 f
  DP_i_fetch_i_btb_update_latch_i_clk_gate_taken_out_reg/EN (SNPS_CLOCK_GATE_HIGH_latching_for_btb_update_1)
                                                        0.0000     1.2828 f
  DP_i_fetch_i_btb_update_latch_i_clk_gate_taken_out_reg/latch/E (CLKGATETST_X1)
                                                        0.0088     1.2916 f
  data arrival time                                                1.2916

  clock CLK (rise edge)                                 1.3000     1.3000
  clock network delay (ideal)                           0.0500     1.3500
  clock uncertainty                                    -0.0500     1.3000
  DP_i_fetch_i_btb_update_latch_i_clk_gate_taken_out_reg/latch/CK (CLKGATETST_X1)
                                                        0.0000     1.3000 r
  clock gating setup time                              -0.0642     1.2358
  data required time                                               1.2358
  --------------------------------------------------------------------------
  data required time                                               1.2358
  data arrival time                                               -1.2916
  --------------------------------------------------------------------------
  slack (VIOLATED)                                                -0.0558


  Startpoint: DP_i_fetch_i_IR_out_reg_24_
              (rising edge-triggered flip-flop clocked by CLK)
  Endpoint: DP_i_fetch_i_btb_update_latch_i_clk_gate_taken_out_reg/latch
            (gating element for clock CLK)
  Path Group: CLK
  Path Type: max

  Des/Clust/Port     Wire Load Model       Library
  ------------------------------------------------
  DLX                5K_hvratio_1_4        NangateOpenCellLibrary

  Point                                                   Incr       Path
  --------------------------------------------------------------------------
  clock CLK (rise edge)                                 0.0000     0.0000
  clock network delay (ideal)                           0.0500     0.0500
  DP_i_fetch_i_IR_out_reg_24_/CK (DFF_X1)               0.0000     0.0500 r
  DP_i_fetch_i_IR_out_reg_24_/Q (DFF_X1)                0.1052     0.1552 r
  U3839/ZN (XNOR2_X1)                                   0.0654     0.2205 r
  U2476/ZN (AND2_X1)                                    0.0495     0.2700 r
  U2621/ZN (NAND4_X1)                                   0.0478     0.3178 f
  U1518/ZN (AND3_X2)                                    0.0601     0.3779 f
  U3849/ZN (AND2_X1)                                    0.0572     0.4351 f
  U3930/ZN (NAND2_X1)                                   0.0333     0.4684 r
  U2447/ZN (AND4_X1)                                    0.0583     0.5267 r
  U3937/ZN (AND4_X1)                                    0.0604     0.5872 r
  U962/ZN (AND3_X2)                                     0.0553     0.6425 r
  U3964/ZN (AOI21_X1)                                   0.0353     0.6777 f
  U1045/ZN (OAI21_X1)                                   0.0561     0.7338 r
  U1096/ZN (AND2_X1)                                    0.0567     0.7905 r
  U901/ZN (AND2_X2)                                     0.0572     0.8477 r
  U898/Z (BUF_X1)                                       0.0493     0.8970 r
  U6367/ZN (NAND2_X1)                                   0.0329     0.9300 f
  U2673/ZN (NAND4_X1)                                   0.0341     0.9641 r
  U2744/ZN (NAND4_X1)                                   0.0469     1.0109 f
  U895/Z (MUX2_X1)                                      0.0710     1.0819 f
  U2698/ZN (AND2_X1)                                    0.0382     1.1201 f
  U2742/ZN (OAI21_X1)                                   0.0368     1.1569 r
  U1318/ZN (OR2_X1)                                     0.0394     1.1963 r
  U1299/ZN (AND2_X1)                                    0.0534     1.2497 r
  DP_i_U4539/ZN (OAI21_X1)                              0.0331     1.2828 f
  DP_i_fetch_i_btb_update_latch_i_clk_gate_taken_out_reg/EN (SNPS_CLOCK_GATE_HIGH_latching_for_btb_update_1)
                                                        0.0000     1.2828 f
  DP_i_fetch_i_btb_update_latch_i_clk_gate_taken_out_reg/latch/E (CLKGATETST_X1)
                                                        0.0088     1.2916 f
  data arrival time                                                1.2916

  clock CLK (rise edge)                                 1.3000     1.3000
  clock network delay (ideal)                           0.0500     1.3500
  clock uncertainty                                    -0.0500     1.3000
  DP_i_fetch_i_btb_update_latch_i_clk_gate_taken_out_reg/latch/CK (CLKGATETST_X1)
                                                        0.0000     1.3000 r
  clock gating setup time                              -0.0642     1.2358
  data required time                                               1.2358
  --------------------------------------------------------------------------
  data required time                                               1.2358
  data arrival time                                               -1.2916
  --------------------------------------------------------------------------
  slack (VIOLATED)                                                -0.0558


  Startpoint: DP_i_fetch_i_IR_out_reg_24_
              (rising edge-triggered flip-flop clocked by CLK)
  Endpoint: DP_i_fetch_i_btb_update_latch_i_clk_gate_target_out_reg/latch
            (gating element for clock CLK)
  Path Group: CLK
  Path Type: max

  Des/Clust/Port     Wire Load Model       Library
  ------------------------------------------------
  DLX                5K_hvratio_1_4        NangateOpenCellLibrary

  Point                                                   Incr       Path
  --------------------------------------------------------------------------
  clock CLK (rise edge)                                 0.0000     0.0000
  clock network delay (ideal)                           0.0500     0.0500
  DP_i_fetch_i_IR_out_reg_24_/CK (DFF_X1)               0.0000     0.0500 r
  DP_i_fetch_i_IR_out_reg_24_/Q (DFF_X1)                0.1052     0.1552 r
  U3839/ZN (XNOR2_X1)                                   0.0654     0.2205 r
  U2476/ZN (AND2_X1)                                    0.0495     0.2700 r
  U2621/ZN (NAND4_X1)                                   0.0478     0.3178 f
  U1518/ZN (AND3_X2)                                    0.0601     0.3779 f
  U3849/ZN (AND2_X1)                                    0.0572     0.4351 f
  U3930/ZN (NAND2_X1)                                   0.0333     0.4684 r
  U2447/ZN (AND4_X1)                                    0.0583     0.5267 r
  U3937/ZN (AND4_X1)                                    0.0604     0.5872 r
  U962/ZN (AND3_X2)                                     0.0553     0.6425 r
  U3964/ZN (AOI21_X1)                                   0.0353     0.6777 f
  U1045/ZN (OAI21_X1)                                   0.0561     0.7338 r
  U1096/ZN (AND2_X1)                                    0.0567     0.7905 r
  U901/ZN (AND2_X2)                                     0.0572     0.8477 r
  U898/Z (BUF_X1)                                       0.0493     0.8970 r
  U6367/ZN (NAND2_X1)                                   0.0329     0.9300 f
  U2673/ZN (NAND4_X1)                                   0.0341     0.9641 r
  U2744/ZN (NAND4_X1)                                   0.0469     1.0109 f
  U895/Z (MUX2_X1)                                      0.0710     1.0819 f
  U2698/ZN (AND2_X1)                                    0.0382     1.1201 f
  U2742/ZN (OAI21_X1)                                   0.0368     1.1569 r
  U1318/ZN (OR2_X1)                                     0.0394     1.1963 r
  U1299/ZN (AND2_X1)                                    0.0534     1.2497 r
  DP_i_U4537/ZN (NOR2_X1)                               0.0304     1.2801 f
  DP_i_fetch_i_btb_update_latch_i_clk_gate_target_out_reg/EN (SNPS_CLOCK_GATE_HIGH_latching_for_btb_update_0)
                                                        0.0000     1.2801 f
  DP_i_fetch_i_btb_update_latch_i_clk_gate_target_out_reg/latch/E (CLKGATETST_X1)
                                                        0.0097     1.2898 f
  data arrival time                                                1.2898

  clock CLK (rise edge)                                 1.3000     1.3000
  clock network delay (ideal)                           0.0500     1.3500
  clock uncertainty                                    -0.0500     1.3000
  DP_i_fetch_i_btb_update_latch_i_clk_gate_target_out_reg/latch/CK (CLKGATETST_X1)
                                                        0.0000     1.3000 r
  clock gating setup time                              -0.0629     1.2371
  data required time                                               1.2371
  --------------------------------------------------------------------------
  data required time                                               1.2371
  data arrival time                                               -1.2898
  --------------------------------------------------------------------------
  slack (VIOLATED)                                                -0.0527


  Startpoint: DP_i_fetch_i_IR_out_reg_24_
              (rising edge-triggered flip-flop clocked by CLK)
  Endpoint: DP_i_fetch_i_btb_update_latch_i_clk_gate_target_out_reg/latch
            (gating element for clock CLK)
  Path Group: CLK
  Path Type: max

  Des/Clust/Port     Wire Load Model       Library
  ------------------------------------------------
  DLX                5K_hvratio_1_4        NangateOpenCellLibrary

  Point                                                   Incr       Path
  --------------------------------------------------------------------------
  clock CLK (rise edge)                                 0.0000     0.0000
  clock network delay (ideal)                           0.0500     0.0500
  DP_i_fetch_i_IR_out_reg_24_/CK (DFF_X1)               0.0000     0.0500 r
  DP_i_fetch_i_IR_out_reg_24_/Q (DFF_X1)                0.1052     0.1552 r
  U3839/ZN (XNOR2_X1)                                   0.0654     0.2205 r
  U2476/ZN (AND2_X1)                                    0.0495     0.2700 r
  U2621/ZN (NAND4_X1)                                   0.0478     0.3178 f
  U1518/ZN (AND3_X2)                                    0.0601     0.3779 f
  U3849/ZN (AND2_X1)                                    0.0572     0.4351 f
  U3930/ZN (NAND2_X1)                                   0.0333     0.4684 r
  U2447/ZN (AND4_X1)                                    0.0583     0.5267 r
  U3937/ZN (AND4_X1)                                    0.0604     0.5872 r
  U962/ZN (AND3_X2)                                     0.0553     0.6425 r
  U3964/ZN (AOI21_X1)                                   0.0353     0.6777 f
  U1045/ZN (OAI21_X1)                                   0.0561     0.7338 r
  U1096/ZN (AND2_X1)                                    0.0567     0.7905 r
  U901/ZN (AND2_X2)                                     0.0572     0.8477 r
  U898/Z (BUF_X1)                                       0.0493     0.8970 r
  U6367/ZN (NAND2_X1)                                   0.0329     0.9300 f
  U2673/ZN (NAND4_X1)                                   0.0341     0.9641 r
  U2744/ZN (NAND4_X1)                                   0.0469     1.0109 f
  U895/Z (MUX2_X1)                                      0.0710     1.0819 f
  U2698/ZN (AND2_X1)                                    0.0382     1.1201 f
  U2742/ZN (OAI21_X1)                                   0.0368     1.1569 r
  U1318/ZN (OR2_X1)                                     0.0394     1.1963 r
  U1299/ZN (AND2_X1)                                    0.0534     1.2497 r
  DP_i_U4537/ZN (NOR2_X1)                               0.0304     1.2801 f
  DP_i_fetch_i_btb_update_latch_i_clk_gate_target_out_reg/EN (SNPS_CLOCK_GATE_HIGH_latching_for_btb_update_0)
                                                        0.0000     1.2801 f
  DP_i_fetch_i_btb_update_latch_i_clk_gate_target_out_reg/latch/E (CLKGATETST_X1)
                                                        0.0097     1.2898 f
  data arrival time                                                1.2898

  clock CLK (rise edge)                                 1.3000     1.3000
  clock network delay (ideal)                           0.0500     1.3500
  clock uncertainty                                    -0.0500     1.3000
  DP_i_fetch_i_btb_update_latch_i_clk_gate_target_out_reg/latch/CK (CLKGATETST_X1)
                                                        0.0000     1.3000 r
  clock gating setup time                              -0.0629     1.2371
  data required time                                               1.2371
  --------------------------------------------------------------------------
  data required time                                               1.2371
  data arrival time                                               -1.2898
  --------------------------------------------------------------------------
  slack (VIOLATED)                                                -0.0527


  Startpoint: DP_i_fetch_i_IR_out_reg_24_
              (rising edge-triggered flip-flop clocked by CLK)
  Endpoint: DP_i_fetch_i_clk_gate_IR_out_reg/latch
            (gating element for clock CLK)
  Path Group: CLK
  Path Type: max

  Des/Clust/Port     Wire Load Model       Library
  ------------------------------------------------
  DLX                5K_hvratio_1_4        NangateOpenCellLibrary

  Point                                                   Incr       Path
  --------------------------------------------------------------------------
  clock CLK (rise edge)                                 0.0000     0.0000
  clock network delay (ideal)                           0.0500     0.0500
  DP_i_fetch_i_IR_out_reg_24_/CK (DFF_X1)               0.0000     0.0500 r
  DP_i_fetch_i_IR_out_reg_24_/Q (DFF_X1)                0.1052     0.1552 r
  U3839/ZN (XNOR2_X1)                                   0.0654     0.2205 r
  U2476/ZN (AND2_X1)                                    0.0495     0.2700 r
  U2621/ZN (NAND4_X1)                                   0.0478     0.3178 f
  U1518/ZN (AND3_X2)                                    0.0601     0.3779 f
  U3849/ZN (AND2_X1)                                    0.0572     0.4351 f
  U3930/ZN (NAND2_X1)                                   0.0333     0.4684 r
  U2447/ZN (AND4_X1)                                    0.0583     0.5267 r
  U3937/ZN (AND4_X1)                                    0.0604     0.5872 r
  U962/ZN (AND3_X2)                                     0.0553     0.6425 r
  U3964/ZN (AOI21_X1)                                   0.0353     0.6777 f
  U1045/ZN (OAI21_X1)                                   0.0561     0.7338 r
  U1096/ZN (AND2_X1)                                    0.0567     0.7905 r
  U901/ZN (AND2_X2)                                     0.0572     0.8477 r
  U898/Z (BUF_X1)                                       0.0493     0.8970 r
  U6367/ZN (NAND2_X1)                                   0.0329     0.9300 f
  U2673/ZN (NAND4_X1)                                   0.0341     0.9641 r
  U2744/ZN (NAND4_X1)                                   0.0469     1.0109 f
  U895/Z (MUX2_X1)                                      0.0710     1.0819 f
  U2698/ZN (AND2_X1)                                    0.0382     1.1201 f
  U2742/ZN (OAI21_X1)                                   0.0368     1.1569 r
  U1318/ZN (OR2_X1)                                     0.0394     1.1963 r
  U1299/ZN (AND2_X1)                                    0.0534     1.2497 r
  DP_i_U2950/ZN (NAND2_X1)                              0.0311     1.2808 f
  DP_i_fetch_i_clk_gate_IR_out_reg/EN (SNPS_CLOCK_GATE_HIGH_fetch)
                                                        0.0000     1.2808 f
  DP_i_fetch_i_clk_gate_IR_out_reg/latch/E (CLKGATETST_X1)
                                                        0.0088     1.2896 f
  data arrival time                                                1.2896

  clock CLK (rise edge)                                 1.3000     1.3000
  clock network delay (ideal)                           0.0500     1.3500
  clock uncertainty                                    -0.0500     1.3000
  DP_i_fetch_i_clk_gate_IR_out_reg/latch/CK (CLKGATETST_X1)
                                                        0.0000     1.3000 r
  clock gating setup time                              -0.0629     1.2371
  data required time                                               1.2371
  --------------------------------------------------------------------------
  data required time                                               1.2371
  data arrival time                                               -1.2896
  --------------------------------------------------------------------------
  slack (VIOLATED)                                                -0.0525


  Startpoint: DP_i_fetch_i_IR_out_reg_24_
              (rising edge-triggered flip-flop clocked by CLK)
  Endpoint: DP_i_fetch_i_clk_gate_IR_out_reg/latch
            (gating element for clock CLK)
  Path Group: CLK
  Path Type: max

  Des/Clust/Port     Wire Load Model       Library
  ------------------------------------------------
  DLX                5K_hvratio_1_4        NangateOpenCellLibrary

  Point                                                   Incr       Path
  --------------------------------------------------------------------------
  clock CLK (rise edge)                                 0.0000     0.0000
  clock network delay (ideal)                           0.0500     0.0500
  DP_i_fetch_i_IR_out_reg_24_/CK (DFF_X1)               0.0000     0.0500 r
  DP_i_fetch_i_IR_out_reg_24_/Q (DFF_X1)                0.1052     0.1552 r
  U3839/ZN (XNOR2_X1)                                   0.0654     0.2205 r
  U2476/ZN (AND2_X1)                                    0.0495     0.2700 r
  U2621/ZN (NAND4_X1)                                   0.0478     0.3178 f
  U1518/ZN (AND3_X2)                                    0.0601     0.3779 f
  U3849/ZN (AND2_X1)                                    0.0572     0.4351 f
  U3930/ZN (NAND2_X1)                                   0.0333     0.4684 r
  U2447/ZN (AND4_X1)                                    0.0583     0.5267 r
  U3937/ZN (AND4_X1)                                    0.0604     0.5872 r
  U962/ZN (AND3_X2)                                     0.0553     0.6425 r
  U3964/ZN (AOI21_X1)                                   0.0353     0.6777 f
  U1045/ZN (OAI21_X1)                                   0.0561     0.7338 r
  U1096/ZN (AND2_X1)                                    0.0567     0.7905 r
  U901/ZN (AND2_X2)                                     0.0572     0.8477 r
  U898/Z (BUF_X1)                                       0.0493     0.8970 r
  U6367/ZN (NAND2_X1)                                   0.0329     0.9300 f
  U2673/ZN (NAND4_X1)                                   0.0341     0.9641 r
  U2744/ZN (NAND4_X1)                                   0.0469     1.0109 f
  U895/Z (MUX2_X1)                                      0.0710     1.0819 f
  U2698/ZN (AND2_X1)                                    0.0382     1.1201 f
  U2742/ZN (OAI21_X1)                                   0.0368     1.1569 r
  U1318/ZN (OR2_X1)                                     0.0394     1.1963 r
  U1299/ZN (AND2_X1)                                    0.0534     1.2497 r
  DP_i_U2950/ZN (NAND2_X1)                              0.0311     1.2808 f
  DP_i_fetch_i_clk_gate_IR_out_reg/EN (SNPS_CLOCK_GATE_HIGH_fetch)
                                                        0.0000     1.2808 f
  DP_i_fetch_i_clk_gate_IR_out_reg/latch/E (CLKGATETST_X1)
                                                        0.0088     1.2896 f
  data arrival time                                                1.2896

  clock CLK (rise edge)                                 1.3000     1.3000
  clock network delay (ideal)                           0.0500     1.3500
  clock uncertainty                                    -0.0500     1.3000
  DP_i_fetch_i_clk_gate_IR_out_reg/latch/CK (CLKGATETST_X1)
                                                        0.0000     1.3000 r
  clock gating setup time                              -0.0629     1.2371
  data required time                                               1.2371
  --------------------------------------------------------------------------
  data required time                                               1.2371
  data arrival time                                               -1.2896
  --------------------------------------------------------------------------
  slack (VIOLATED)                                                -0.0525


  Startpoint: DP_i_fetch_i_IR_out_reg_29_
              (rising edge-triggered flip-flop clocked by CLK)
  Endpoint: DP_i_fetch_i_pc_i_clk_gate_Y_reg/latch
            (gating element for clock CLK)
  Path Group: CLK
  Path Type: max

  Des/Clust/Port     Wire Load Model       Library
  ------------------------------------------------
  DLX                5K_hvratio_1_4        NangateOpenCellLibrary

  Point                                                   Incr       Path
  --------------------------------------------------------------------------
  clock CLK (rise edge)                                 0.0000     0.0000
  clock network delay (ideal)                           0.0500     0.0500
  DP_i_fetch_i_IR_out_reg_29_/CK (DFF_X1)               0.0000     0.0500 r
  DP_i_fetch_i_IR_out_reg_29_/QN (DFF_X1)               0.0900     0.1400 r
  U1272/Z (BUF_X2)                                      0.0563     0.1964 r
  U1743/ZN (AND3_X1)                                    0.0835     0.2798 r
  U3967/ZN (NAND2_X1)                                   0.0339     0.3137 f
  U2004/ZN (AND2_X1)                                    0.0418     0.3555 f
  U2384/ZN (NAND4_X1)                                   0.0421     0.3977 r
  U1197/ZN (NAND2_X1)                                   0.0449     0.4425 f
  U1106/ZN (AND2_X2)                                    0.0614     0.5040 f
  U1203/ZN (OR2_X1)                                     0.0790     0.5829 f
  U4622/ZN (NOR2_X1)                                    0.0622     0.6451 r
  U4624/ZN (NAND2_X1)                                   0.0305     0.6756 f
  U4625/ZN (AND2_X1)                                    0.0433     0.7189 f
  U2897/ZN (NAND2_X1)                                   0.0348     0.7538 r
  U4629/ZN (NAND2_X1)                                   0.0345     0.7883 f
  U1823/ZN (OAI21_X1)                                   0.0638     0.8521 r
  U1837/ZN (AND2_X1)                                    0.0508     0.9029 r
  U1834/ZN (NAND2_X1)                                   0.0289     0.9317 f
  U1835/ZN (NAND2_X1)                                   0.0308     0.9625 r
  U2503/ZN (XNOR2_X1)                                   0.0628     1.0253 r
  U4675/ZN (XNOR2_X1)                                   0.0633     1.0886 r
  U2435/ZN (AND4_X1)                                    0.0756     1.1642 r
  U1234/ZN (NAND2_X1)                                   0.0314     1.1956 f
  U1290/ZN (OAI21_X1)                                   0.0469     1.2425 r
  U1784/ZN (NAND3_X1)                                   0.0336     1.2761 f
  DP_i_fetch_i_pc_i_clk_gate_Y_reg/EN (SNPS_CLOCK_GATE_HIGH_data_reg_NBIT30_2_2)
                                                        0.0000     1.2761 f
  DP_i_fetch_i_pc_i_clk_gate_Y_reg/latch/E (CLKGATETST_X1)
                                                        0.0088     1.2849 f
  data arrival time                                                1.2849

  clock CLK (rise edge)                                 1.3000     1.3000
  clock network delay (ideal)                           0.0500     1.3500
  clock uncertainty                                    -0.0500     1.3000
  DP_i_fetch_i_pc_i_clk_gate_Y_reg/latch/CK (CLKGATETST_X1)
                                                        0.0000     1.3000 r
  clock gating setup time                              -0.0641     1.2359
  data required time                                               1.2359
  --------------------------------------------------------------------------
  data required time                                               1.2359
  data arrival time                                               -1.2849
  --------------------------------------------------------------------------
  slack (VIOLATED)                                                -0.0490


  Startpoint: DP_i_fetch_i_IR_out_reg_24_
              (rising edge-triggered flip-flop clocked by CLK)
  Endpoint: DP_i_fetch_i_pc_i_clk_gate_Y_reg/latch
            (gating element for clock CLK)
  Path Group: CLK
  Path Type: max

  Des/Clust/Port     Wire Load Model       Library
  ------------------------------------------------
  DLX                5K_hvratio_1_4        NangateOpenCellLibrary

  Point                                                   Incr       Path
  --------------------------------------------------------------------------
  clock CLK (rise edge)                                 0.0000     0.0000
  clock network delay (ideal)                           0.0500     0.0500
  DP_i_fetch_i_IR_out_reg_24_/CK (DFF_X1)               0.0000     0.0500 r
  DP_i_fetch_i_IR_out_reg_24_/Q (DFF_X1)                0.1052     0.1552 r
  U3839/ZN (XNOR2_X1)                                   0.0654     0.2205 r
  U2476/ZN (AND2_X1)                                    0.0495     0.2700 r
  U2621/ZN (NAND4_X1)                                   0.0478     0.3178 f
  U1513/ZN (AND2_X2)                                    0.0551     0.3729 f
  U2284/Z (BUF_X1)                                      0.0490     0.4219 f
  U4350/ZN (AND2_X1)                                    0.0467     0.4686 f
  U1210/Z (BUF_X1)                                      0.0812     0.5498 f
  U4457/ZN (AOI22_X1)                                   0.0847     0.6345 r
  U1831/ZN (AND4_X1)                                    0.0642     0.6987 r
  U1828/ZN (NAND4_X1)                                   0.0365     0.7352 f
  U4488/Z (MUX2_X1)                                     0.0704     0.8056 f
  U4489/ZN (NOR2_X1)                                    0.0410     0.8466 r
  U4490/Z (MUX2_X1)                                     0.0491     0.8957 r
  U4491/ZN (XNOR2_X1)                                   0.0376     0.9333 f
  U4499/ZN (OAI211_X1)                                  0.0452     0.9786 r
  U2523/ZN (AND2_X1)                                    0.0442     1.0228 r
  U2555/ZN (NAND2_X1)                                   0.0271     1.0499 f
  U2554/ZN (NOR3_X1)                                    0.0418     1.0916 r
  U2435/ZN (AND4_X1)                                    0.0718     1.1635 r
  U1234/ZN (NAND2_X1)                                   0.0314     1.1949 f
  U1290/ZN (OAI21_X1)                                   0.0469     1.2418 r
  U1784/ZN (NAND3_X1)                                   0.0336     1.2754 f
  DP_i_fetch_i_pc_i_clk_gate_Y_reg/EN (SNPS_CLOCK_GATE_HIGH_data_reg_NBIT30_2_2)
                                                        0.0000     1.2754 f
  DP_i_fetch_i_pc_i_clk_gate_Y_reg/latch/E (CLKGATETST_X1)
                                                        0.0088     1.2842 f
  data arrival time                                                1.2842

  clock CLK (rise edge)                                 1.3000     1.3000
  clock network delay (ideal)                           0.0500     1.3500
  clock uncertainty                                    -0.0500     1.3000
  DP_i_fetch_i_pc_i_clk_gate_Y_reg/latch/CK (CLKGATETST_X1)
                                                        0.0000     1.3000 r
  clock gating setup time                              -0.0641     1.2359
  data required time                                               1.2359
  --------------------------------------------------------------------------
  data required time                                               1.2359
  data arrival time                                               -1.2842
  --------------------------------------------------------------------------
  slack (VIOLATED)                                                -0.0483


  Startpoint: DP_i_fetch_i_btb_update_latch_i_pc_branch_out_reg_5_
              (rising edge-triggered flip-flop clocked by CLK)
  Endpoint: DP_i_fetch_i_btb_i_clk_gate_btb_table_reg_0__TARGET_/latch
            (gating element for clock CLK)
  Path Group: CLK
  Path Type: max

  Des/Clust/Port     Wire Load Model       Library
  ------------------------------------------------
  DLX                5K_hvratio_1_4        NangateOpenCellLibrary

  Point                                                   Incr       Path
  --------------------------------------------------------------------------
  clock CLK (rise edge)                                 0.0000     0.0000
  clock network delay (ideal)                           0.0500     0.0500
  DP_i_fetch_i_btb_update_latch_i_pc_branch_out_reg_5_/CK (DFF_X1)
                                                        0.0000     0.0500 r
  DP_i_fetch_i_btb_update_latch_i_pc_branch_out_reg_5_/Q (DFF_X1)
                                                        0.0986     0.1486 f
  U1038/ZN (NOR2_X1)                                    0.1202     0.2688 r
  U6861/ZN (NAND2_X1)                                   0.0723     0.3411 f
  U793/ZN (INV_X4)                                      0.1109     0.4520 r
  U7070/ZN (AOI22_X1)                                   0.0692     0.5212 f
  U7073/ZN (NAND4_X1)                                   0.0447     0.5659 r
  U7074/ZN (NOR2_X1)                                    0.0282     0.5942 f
  U7075/ZN (XNOR2_X1)                                   0.0539     0.6481 f
  U7076/ZN (OR2_X1)                                     0.0644     0.7124 f
  U7077/ZN (AOI21_X1)                                   0.0549     0.7673 r
  U7078/ZN (OAI21_X1)                                   0.0368     0.8041 f
  U7176/ZN (NOR4_X1)                                    0.0656     0.8697 r
  U1839/ZN (NAND4_X1)                                   0.0872     0.9569 f
  U11134/ZN (AND4_X2)                                   0.0870     1.0440 f
  DP_i_fetch_i_btb_i_U492/ZN (NAND2_X1)                 0.0665     1.1105 r
  DP_i_fetch_i_btb_i_U495/ZN (INV_X1)                   0.0356     1.1461 f
  U1037/ZN (AOI21_X2)                                   0.0769     1.2229 r
  DP_i_fetch_i_btb_i_U497/ZN (NOR2_X1)                  0.0299     1.2529 f
  DP_i_fetch_i_btb_i_clk_gate_btb_table_reg_0__TARGET_/EN (SNPS_CLOCK_GATE_HIGH_BTB_NBIT32_BTB_DEPTH16_BTB_INDEX_MSB5_32)
                                                        0.0000     1.2529 f
  DP_i_fetch_i_btb_i_clk_gate_btb_table_reg_0__TARGET_/latch/E (CLKGATETST_X1)
                                                        0.0088     1.2617 f
  data arrival time                                                1.2617

  clock CLK (rise edge)                                 1.3000     1.3000
  clock network delay (ideal)                           0.0500     1.3500
  clock uncertainty                                    -0.0500     1.3000
  DP_i_fetch_i_btb_i_clk_gate_btb_table_reg_0__TARGET_/latch/CK (CLKGATETST_X1)
                                                        0.0000     1.3000 r
  clock gating setup time                              -0.0651     1.2349
  data required time                                               1.2349
  --------------------------------------------------------------------------
  data required time                                               1.2349
  data arrival time                                               -1.2617
  --------------------------------------------------------------------------
  slack (VIOLATED)                                                -0.0268


  Startpoint: DP_i_fetch_i_btb_update_latch_i_pc_branch_out_reg_5_
              (rising edge-triggered flip-flop clocked by CLK)
  Endpoint: DP_i_fetch_i_btb_i_clk_gate_btb_table_reg_1__TARGET_/latch
            (gating element for clock CLK)
  Path Group: CLK
  Path Type: max

  Des/Clust/Port     Wire Load Model       Library
  ------------------------------------------------
  DLX                5K_hvratio_1_4        NangateOpenCellLibrary

  Point                                                   Incr       Path
  --------------------------------------------------------------------------
  clock CLK (rise edge)                                 0.0000     0.0000
  clock network delay (ideal)                           0.0500     0.0500
  DP_i_fetch_i_btb_update_latch_i_pc_branch_out_reg_5_/CK (DFF_X1)
                                                        0.0000     0.0500 r
  DP_i_fetch_i_btb_update_latch_i_pc_branch_out_reg_5_/Q (DFF_X1)
                                                        0.0986     0.1486 f
  U1038/ZN (NOR2_X1)                                    0.1202     0.2688 r
  U6861/ZN (NAND2_X1)                                   0.0723     0.3411 f
  U793/ZN (INV_X4)                                      0.1109     0.4520 r
  U7070/ZN (AOI22_X1)                                   0.0692     0.5212 f
  U7073/ZN (NAND4_X1)                                   0.0447     0.5659 r
  U7074/ZN (NOR2_X1)                                    0.0282     0.5942 f
  U7075/ZN (XNOR2_X1)                                   0.0539     0.6481 f
  U7076/ZN (OR2_X1)                                     0.0644     0.7124 f
  U7077/ZN (AOI21_X1)                                   0.0549     0.7673 r
  U7078/ZN (OAI21_X1)                                   0.0368     0.8041 f
  U7176/ZN (NOR4_X1)                                    0.0656     0.8697 r
  U1839/ZN (NAND4_X1)                                   0.0872     0.9569 f
  U11134/ZN (AND4_X2)                                   0.0870     1.0440 f
  DP_i_fetch_i_btb_i_U492/ZN (NAND2_X1)                 0.0665     1.1105 r
  DP_i_fetch_i_btb_i_U495/ZN (INV_X1)                   0.0356     1.1461 f
  U1037/ZN (AOI21_X2)                                   0.0769     1.2229 r
  DP_i_fetch_i_btb_i_U499/ZN (NOR2_X1)                  0.0299     1.2529 f
  DP_i_fetch_i_btb_i_clk_gate_btb_table_reg_1__TARGET_/EN (SNPS_CLOCK_GATE_HIGH_BTB_NBIT32_BTB_DEPTH16_BTB_INDEX_MSB5_30)
                                                        0.0000     1.2529 f
  DP_i_fetch_i_btb_i_clk_gate_btb_table_reg_1__TARGET_/latch/E (CLKGATETST_X1)
                                                        0.0088     1.2617 f
  data arrival time                                                1.2617

  clock CLK (rise edge)                                 1.3000     1.3000
  clock network delay (ideal)                           0.0500     1.3500
  clock uncertainty                                    -0.0500     1.3000
  DP_i_fetch_i_btb_i_clk_gate_btb_table_reg_1__TARGET_/latch/CK (CLKGATETST_X1)
                                                        0.0000     1.3000 r
  clock gating setup time                              -0.0644     1.2356
  data required time                                               1.2356
  --------------------------------------------------------------------------
  data required time                                               1.2356
  data arrival time                                               -1.2617
  --------------------------------------------------------------------------
  slack (VIOLATED)                                                -0.0261


  Startpoint: DRAM_READY (input port clocked by CLK)
  Endpoint: DP_i_execute_i_zero_alu_bit_Y_reg
            (rising edge-triggered flip-flop clocked by CLK)
  Path Group: INPUTS
  Path Type: max

  Des/Clust/Port     Wire Load Model       Library
  ------------------------------------------------
  DLX                5K_hvratio_1_4        NangateOpenCellLibrary

  Point                                                   Incr       Path
  --------------------------------------------------------------------------
  clock CLK (rise edge)                                 0.0000     0.0000
  clock network delay (ideal)                           0.0500     0.0500
  input external delay                                  0.1300     0.1800 r
  DRAM_READY (in)                                       0.0014     0.1814 r
  U2911/ZN (INV_X1)                                     0.0209     0.2023 f
  U1165/ZN (AND2_X1)                                    0.0515     0.2538 f
  U11430/ZN (NAND2_X2)                                  0.1885     0.4423 r
  U11144/ZN (AND2_X1)                                   0.0862     0.5285 r
  U1980/ZN (INV_X1)                                     0.0256     0.5540 f
  U2460/ZN (NOR2_X1)                                    0.0385     0.5925 r
  U2393/ZN (AND2_X1)                                    0.0423     0.6349 r
  U2676/ZN (NAND4_X1)                                   0.0424     0.6772 f
  U2694/ZN (INV_X1)                                     0.0286     0.7058 r
  U1917/ZN (AND4_X1)                                    0.0639     0.7697 r
  U2662/ZN (NAND2_X1)                                   0.0282     0.7980 f
  U2667/ZN (NOR4_X1)                                    0.0807     0.8786 r
  U11991/ZN (NAND4_X1)                                  0.0475     0.9261 f
  U10901/ZN (OR2_X1)                                    0.0620     0.9880 f
  U10923/ZN (OAI21_X1)                                  0.0390     1.0271 r
  DP_i_execute_i_zero_alu_bit_Y_reg/D (DFF_X2)          0.0109     1.0379 r
  data arrival time                                                1.0379

  clock CLK (rise edge)                                 1.3000     1.3000
  clock network delay (ideal)                           0.0500     1.3500
  clock uncertainty                                    -0.0500     1.3000
  DP_i_execute_i_zero_alu_bit_Y_reg/CK (DFF_X2)         0.0000     1.3000 r
  library setup time                                   -0.0283     1.2717
  data required time                                               1.2717
  --------------------------------------------------------------------------
  data required time                                               1.2717
  data arrival time                                               -1.0379
  --------------------------------------------------------------------------
  slack (MET)                                                      0.2338


  Startpoint: DRAM_READY (input port clocked by CLK)
  Endpoint: DP_i_decode_i_B_reg_i_Y_reg_19_
            (rising edge-triggered flip-flop clocked by CLK)
  Path Group: INPUTS
  Path Type: max

  Des/Clust/Port     Wire Load Model       Library
  ------------------------------------------------
  DLX                5K_hvratio_1_4        NangateOpenCellLibrary

  Point                                                   Incr       Path
  --------------------------------------------------------------------------
  clock CLK (rise edge)                                 0.0000     0.0000
  clock network delay (ideal)                           0.0500     0.0500
  input external delay                                  0.1300     0.1800 r
  DRAM_READY (in)                                       0.0014     0.1814 r
  U2911/ZN (INV_X1)                                     0.0209     0.2023 f
  U1165/ZN (AND2_X1)                                    0.0515     0.2538 f
  U8506/ZN (INV_X1)                                     0.0816     0.3354 r
  DP_i_U2686/ZN (NAND2_X1)                              0.0762     0.4116 f
  DP_i_U2688/ZN (NOR3_X1)                               0.1345     0.5461 r
  DP_i_U2720/ZN (INV_X1)                                0.0332     0.5793 f
  U11199/ZN (INV_X1)                                    0.1514     0.7307 r
  U12553/ZN (AOI22_X1)                                  0.0753     0.8060 f
  U12554/ZN (NAND2_X1)                                  0.0430     0.8490 r
  U11167/ZN (INV_X1)                                    0.0243     0.8733 f
  U12555/ZN (NAND4_X1)                                  0.0315     0.9049 r
  DP_i_decode_i_B_reg_i_Y_reg_19_/D (DFF_X1)            0.0110     0.9158 r
  data arrival time                                                0.9158

  clock CLK (rise edge)                                 1.3000     1.3000
  clock network delay (ideal)                           0.0500     1.3500
  clock uncertainty                                    -0.0500     1.3000
  DP_i_decode_i_B_reg_i_Y_reg_19_/CK (DFF_X1)           0.0000     1.3000 r
  library setup time                                   -0.0278     1.2722
  data required time                                               1.2722
  --------------------------------------------------------------------------
  data required time                                               1.2722
  data arrival time                                               -0.9158
  --------------------------------------------------------------------------
  slack (MET)                                                      0.3563


  Startpoint: DRAM_READY (input port clocked by CLK)
  Endpoint: DP_i_decode_i_B_reg_i_Y_reg_11_
            (rising edge-triggered flip-flop clocked by CLK)
  Path Group: INPUTS
  Path Type: max

  Des/Clust/Port     Wire Load Model       Library
  ------------------------------------------------
  DLX                5K_hvratio_1_4        NangateOpenCellLibrary

  Point                                                   Incr       Path
  --------------------------------------------------------------------------
  clock CLK (rise edge)                                 0.0000     0.0000
  clock network delay (ideal)                           0.0500     0.0500
  input external delay                                  0.1300     0.1800 r
  DRAM_READY (in)                                       0.0014     0.1814 r
  U2911/ZN (INV_X1)                                     0.0209     0.2023 f
  U1165/ZN (AND2_X1)                                    0.0515     0.2538 f
  U8506/ZN (INV_X1)                                     0.0816     0.3354 r
  DP_i_U2686/ZN (NAND2_X1)                              0.0762     0.4116 f
  DP_i_U2688/ZN (NOR3_X1)                               0.1345     0.5461 r
  DP_i_U2720/ZN (INV_X1)                                0.0332     0.5793 f
  U11199/ZN (INV_X1)                                    0.1514     0.7307 r
  U12267/ZN (AOI22_X1)                                  0.0753     0.8060 f
  U12268/ZN (NAND2_X1)                                  0.0430     0.8490 r
  U11155/ZN (INV_X1)                                    0.0243     0.8733 f
  U12269/ZN (NAND4_X1)                                  0.0315     0.9049 r
  DP_i_decode_i_B_reg_i_Y_reg_11_/D (DFF_X1)            0.0110     0.9158 r
  data arrival time                                                0.9158

  clock CLK (rise edge)                                 1.3000     1.3000
  clock network delay (ideal)                           0.0500     1.3500
  clock uncertainty                                    -0.0500     1.3000
  DP_i_decode_i_B_reg_i_Y_reg_11_/CK (DFF_X1)           0.0000     1.3000 r
  library setup time                                   -0.0278     1.2722
  data required time                                               1.2722
  --------------------------------------------------------------------------
  data required time                                               1.2722
  data arrival time                                               -0.9158
  --------------------------------------------------------------------------
  slack (MET)                                                      0.3563


  Startpoint: DRAM_READY (input port clocked by CLK)
  Endpoint: DP_i_decode_i_B_reg_i_Y_reg_17_
            (rising edge-triggered flip-flop clocked by CLK)
  Path Group: INPUTS
  Path Type: max

  Des/Clust/Port     Wire Load Model       Library
  ------------------------------------------------
  DLX                5K_hvratio_1_4        NangateOpenCellLibrary

  Point                                                   Incr       Path
  --------------------------------------------------------------------------
  clock CLK (rise edge)                                 0.0000     0.0000
  clock network delay (ideal)                           0.0500     0.0500
  input external delay                                  0.1300     0.1800 r
  DRAM_READY (in)                                       0.0014     0.1814 r
  U2911/ZN (INV_X1)                                     0.0209     0.2023 f
  U1165/ZN (AND2_X1)                                    0.0515     0.2538 f
  U8506/ZN (INV_X1)                                     0.0816     0.3354 r
  DP_i_U2686/ZN (NAND2_X1)                              0.0762     0.4116 f
  DP_i_U2688/ZN (NOR3_X1)                               0.1345     0.5461 r
  DP_i_U2720/ZN (INV_X1)                                0.0332     0.5793 f
  U11199/ZN (INV_X1)                                    0.1514     0.7307 r
  U12546/ZN (AOI22_X1)                                  0.0753     0.8060 f
  U12547/ZN (NAND2_X1)                                  0.0430     0.8490 r
  U11187/ZN (INV_X1)                                    0.0243     0.8733 f
  U12548/ZN (NAND4_X1)                                  0.0315     0.9049 r
  DP_i_decode_i_B_reg_i_Y_reg_17_/D (DFF_X1)            0.0110     0.9158 r
  data arrival time                                                0.9158

  clock CLK (rise edge)                                 1.3000     1.3000
  clock network delay (ideal)                           0.0500     1.3500
  clock uncertainty                                    -0.0500     1.3000
  DP_i_decode_i_B_reg_i_Y_reg_17_/CK (DFF_X1)           0.0000     1.3000 r
  library setup time                                   -0.0278     1.2722
  data required time                                               1.2722
  --------------------------------------------------------------------------
  data required time                                               1.2722
  data arrival time                                               -0.9158
  --------------------------------------------------------------------------
  slack (MET)                                                      0.3563


  Startpoint: DRAM_READY (input port clocked by CLK)
  Endpoint: DP_i_decode_i_B_reg_i_Y_reg_18_
            (rising edge-triggered flip-flop clocked by CLK)
  Path Group: INPUTS
  Path Type: max

  Des/Clust/Port     Wire Load Model       Library
  ------------------------------------------------
  DLX                5K_hvratio_1_4        NangateOpenCellLibrary

  Point                                                   Incr       Path
  --------------------------------------------------------------------------
  clock CLK (rise edge)                                 0.0000     0.0000
  clock network delay (ideal)                           0.0500     0.0500
  input external delay                                  0.1300     0.1800 r
  DRAM_READY (in)                                       0.0014     0.1814 r
  U2911/ZN (INV_X1)                                     0.0209     0.2023 f
  U1165/ZN (AND2_X1)                                    0.0515     0.2538 f
  U8506/ZN (INV_X1)                                     0.0816     0.3354 r
  DP_i_U2686/ZN (NAND2_X1)                              0.0762     0.4116 f
  DP_i_U2688/ZN (NOR3_X1)                               0.1345     0.5461 r
  DP_i_U2720/ZN (INV_X1)                                0.0332     0.5793 f
  U11199/ZN (INV_X1)                                    0.1514     0.7307 r
  U12341/ZN (AOI22_X1)                                  0.0753     0.8060 f
  U12342/ZN (NAND2_X1)                                  0.0430     0.8490 r
  U11192/ZN (INV_X1)                                    0.0243     0.8733 f
  U12343/ZN (NAND4_X1)                                  0.0315     0.9049 r
  DP_i_decode_i_B_reg_i_Y_reg_18_/D (DFF_X1)            0.0110     0.9158 r
  data arrival time                                                0.9158

  clock CLK (rise edge)                                 1.3000     1.3000
  clock network delay (ideal)                           0.0500     1.3500
  clock uncertainty                                    -0.0500     1.3000
  DP_i_decode_i_B_reg_i_Y_reg_18_/CK (DFF_X1)           0.0000     1.3000 r
  library setup time                                   -0.0278     1.2722
  data required time                                               1.2722
  --------------------------------------------------------------------------
  data required time                                               1.2722
  data arrival time                                               -0.9158
  --------------------------------------------------------------------------
  slack (MET)                                                      0.3563


  Startpoint: DRAM_READY (input port clocked by CLK)
  Endpoint: DP_i_decode_i_B_reg_i_Y_reg_6_
            (rising edge-triggered flip-flop clocked by CLK)
  Path Group: INPUTS
  Path Type: max

  Des/Clust/Port     Wire Load Model       Library
  ------------------------------------------------
  DLX                5K_hvratio_1_4        NangateOpenCellLibrary

  Point                                                   Incr       Path
  --------------------------------------------------------------------------
  clock CLK (rise edge)                                 0.0000     0.0000
  clock network delay (ideal)                           0.0500     0.0500
  input external delay                                  0.1300     0.1800 r
  DRAM_READY (in)                                       0.0014     0.1814 r
  U2911/ZN (INV_X1)                                     0.0209     0.2023 f
  U1165/ZN (AND2_X1)                                    0.0515     0.2538 f
  U8506/ZN (INV_X1)                                     0.0816     0.3354 r
  DP_i_U2686/ZN (NAND2_X1)                              0.0762     0.4116 f
  DP_i_U2688/ZN (NOR3_X1)                               0.1345     0.5461 r
  DP_i_U2720/ZN (INV_X1)                                0.0332     0.5793 f
  U11199/ZN (INV_X1)                                    0.1514     0.7307 r
  U12514/ZN (AOI22_X1)                                  0.0753     0.8060 f
  U12515/ZN (NAND2_X1)                                  0.0430     0.8490 r
  U11172/ZN (INV_X1)                                    0.0243     0.8733 f
  U12516/ZN (NAND4_X1)                                  0.0315     0.9049 r
  DP_i_decode_i_B_reg_i_Y_reg_6_/D (DFF_X1)             0.0110     0.9158 r
  data arrival time                                                0.9158

  clock CLK (rise edge)                                 1.3000     1.3000
  clock network delay (ideal)                           0.0500     1.3500
  clock uncertainty                                    -0.0500     1.3000
  DP_i_decode_i_B_reg_i_Y_reg_6_/CK (DFF_X1)            0.0000     1.3000 r
  library setup time                                   -0.0278     1.2722
  data required time                                               1.2722
  --------------------------------------------------------------------------
  data required time                                               1.2722
  data arrival time                                               -0.9158
  --------------------------------------------------------------------------
  slack (MET)                                                      0.3563


  Startpoint: DRAM_READY (input port clocked by CLK)
  Endpoint: DP_i_decode_i_B_reg_i_Y_reg_9_
            (rising edge-triggered flip-flop clocked by CLK)
  Path Group: INPUTS
  Path Type: max

  Des/Clust/Port     Wire Load Model       Library
  ------------------------------------------------
  DLX                5K_hvratio_1_4        NangateOpenCellLibrary

  Point                                                   Incr       Path
  --------------------------------------------------------------------------
  clock CLK (rise edge)                                 0.0000     0.0000
  clock network delay (ideal)                           0.0500     0.0500
  input external delay                                  0.1300     0.1800 r
  DRAM_READY (in)                                       0.0014     0.1814 r
  U2911/ZN (INV_X1)                                     0.0209     0.2023 f
  U1165/ZN (AND2_X1)                                    0.0515     0.2538 f
  U8506/ZN (INV_X1)                                     0.0816     0.3354 r
  DP_i_U2686/ZN (NAND2_X1)                              0.0762     0.4116 f
  DP_i_U2688/ZN (NOR3_X1)                               0.1345     0.5461 r
  DP_i_U2720/ZN (INV_X1)                                0.0332     0.5793 f
  U11199/ZN (INV_X1)                                    0.1514     0.7307 r
  U12502/ZN (AOI22_X1)                                  0.0753     0.8060 f
  U12503/ZN (NAND2_X1)                                  0.0430     0.8490 r
  U11168/ZN (INV_X1)                                    0.0243     0.8733 f
  U12504/ZN (NAND4_X1)                                  0.0315     0.9049 r
  DP_i_decode_i_B_reg_i_Y_reg_9_/D (DFF_X1)             0.0110     0.9158 r
  data arrival time                                                0.9158

  clock CLK (rise edge)                                 1.3000     1.3000
  clock network delay (ideal)                           0.0500     1.3500
  clock uncertainty                                    -0.0500     1.3000
  DP_i_decode_i_B_reg_i_Y_reg_9_/CK (DFF_X1)            0.0000     1.3000 r
  library setup time                                   -0.0278     1.2722
  data required time                                               1.2722
  --------------------------------------------------------------------------
  data required time                                               1.2722
  data arrival time                                               -0.9158
  --------------------------------------------------------------------------
  slack (MET)                                                      0.3563


  Startpoint: DRAM_READY (input port clocked by CLK)
  Endpoint: DP_i_decode_i_B_reg_i_Y_reg_7_
            (rising edge-triggered flip-flop clocked by CLK)
  Path Group: INPUTS
  Path Type: max

  Des/Clust/Port     Wire Load Model       Library
  ------------------------------------------------
  DLX                5K_hvratio_1_4        NangateOpenCellLibrary

  Point                                                   Incr       Path
  --------------------------------------------------------------------------
  clock CLK (rise edge)                                 0.0000     0.0000
  clock network delay (ideal)                           0.0500     0.0500
  input external delay                                  0.1300     0.1800 r
  DRAM_READY (in)                                       0.0014     0.1814 r
  U2911/ZN (INV_X1)                                     0.0209     0.2023 f
  U1165/ZN (AND2_X1)                                    0.0515     0.2538 f
  U8506/ZN (INV_X1)                                     0.0816     0.3354 r
  DP_i_U2686/ZN (NAND2_X1)                              0.0762     0.4116 f
  DP_i_U2688/ZN (NOR3_X1)                               0.1345     0.5461 r
  DP_i_U2720/ZN (INV_X1)                                0.0332     0.5793 f
  U11199/ZN (INV_X1)                                    0.1514     0.7307 r
  U12528/ZN (AOI22_X1)                                  0.0753     0.8060 f
  U12529/ZN (NAND2_X1)                                  0.0430     0.8490 r
  U11186/ZN (INV_X1)                                    0.0243     0.8733 f
  U12530/ZN (NAND4_X1)                                  0.0315     0.9049 r
  DP_i_decode_i_B_reg_i_Y_reg_7_/D (DFF_X1)             0.0110     0.9158 r
  data arrival time                                                0.9158

  clock CLK (rise edge)                                 1.3000     1.3000
  clock network delay (ideal)                           0.0500     1.3500
  clock uncertainty                                    -0.0500     1.3000
  DP_i_decode_i_B_reg_i_Y_reg_7_/CK (DFF_X1)            0.0000     1.3000 r
  library setup time                                   -0.0278     1.2722
  data required time                                               1.2722
  --------------------------------------------------------------------------
  data required time                                               1.2722
  data arrival time                                               -0.9158
  --------------------------------------------------------------------------
  slack (MET)                                                      0.3563


  Startpoint: DRAM_READY (input port clocked by CLK)
  Endpoint: DP_i_decode_i_B_reg_i_Y_reg_10_
            (rising edge-triggered flip-flop clocked by CLK)
  Path Group: INPUTS
  Path Type: max

  Des/Clust/Port     Wire Load Model       Library
  ------------------------------------------------
  DLX                5K_hvratio_1_4        NangateOpenCellLibrary

  Point                                                   Incr       Path
  --------------------------------------------------------------------------
  clock CLK (rise edge)                                 0.0000     0.0000
  clock network delay (ideal)                           0.0500     0.0500
  input external delay                                  0.1300     0.1800 r
  DRAM_READY (in)                                       0.0014     0.1814 r
  U2911/ZN (INV_X1)                                     0.0209     0.2023 f
  U1165/ZN (AND2_X1)                                    0.0515     0.2538 f
  U8506/ZN (INV_X1)                                     0.0816     0.3354 r
  DP_i_U2686/ZN (NAND2_X1)                              0.0762     0.4116 f
  DP_i_U2688/ZN (NOR3_X1)                               0.1345     0.5461 r
  DP_i_U2720/ZN (INV_X1)                                0.0332     0.5793 f
  U11199/ZN (INV_X1)                                    0.1514     0.7307 r
  U12334/ZN (AOI22_X1)                                  0.0753     0.8060 f
  U12335/ZN (NAND2_X1)                                  0.0430     0.8490 r
  U11177/ZN (INV_X1)                                    0.0243     0.8733 f
  U12336/ZN (NAND4_X1)                                  0.0315     0.9049 r
  DP_i_decode_i_B_reg_i_Y_reg_10_/D (DFF_X1)            0.0110     0.9158 r
  data arrival time                                                0.9158

  clock CLK (rise edge)                                 1.3000     1.3000
  clock network delay (ideal)                           0.0500     1.3500
  clock uncertainty                                    -0.0500     1.3000
  DP_i_decode_i_B_reg_i_Y_reg_10_/CK (DFF_X1)           0.0000     1.3000 r
  library setup time                                   -0.0278     1.2722
  data required time                                               1.2722
  --------------------------------------------------------------------------
  data required time                                               1.2722
  data arrival time                                               -0.9158
  --------------------------------------------------------------------------
  slack (MET)                                                      0.3563


  Startpoint: DRAM_READY (input port clocked by CLK)
  Endpoint: DP_i_decode_i_B_reg_i_Y_reg_15_
            (rising edge-triggered flip-flop clocked by CLK)
  Path Group: INPUTS
  Path Type: max

  Des/Clust/Port     Wire Load Model       Library
  ------------------------------------------------
  DLX                5K_hvratio_1_4        NangateOpenCellLibrary

  Point                                                   Incr       Path
  --------------------------------------------------------------------------
  clock CLK (rise edge)                                 0.0000     0.0000
  clock network delay (ideal)                           0.0500     0.0500
  input external delay                                  0.1300     0.1800 r
  DRAM_READY (in)                                       0.0014     0.1814 r
  U2911/ZN (INV_X1)                                     0.0209     0.2023 f
  U1165/ZN (AND2_X1)                                    0.0515     0.2538 f
  U8506/ZN (INV_X1)                                     0.0816     0.3354 r
  DP_i_U2686/ZN (NAND2_X1)                              0.0762     0.4116 f
  DP_i_U2688/ZN (NOR3_X1)                               0.1345     0.5461 r
  DP_i_U2720/ZN (INV_X1)                                0.0332     0.5793 f
  U11199/ZN (INV_X1)                                    0.1514     0.7307 r
  U12238/ZN (AOI22_X1)                                  0.0753     0.8060 f
  U12239/ZN (NAND2_X1)                                  0.0430     0.8490 r
  U11169/ZN (INV_X1)                                    0.0243     0.8733 f
  U12240/ZN (NAND4_X1)                                  0.0315     0.9049 r
  DP_i_decode_i_B_reg_i_Y_reg_15_/D (DFF_X1)            0.0110     0.9158 r
  data arrival time                                                0.9158

  clock CLK (rise edge)                                 1.3000     1.3000
  clock network delay (ideal)                           0.0500     1.3500
  clock uncertainty                                    -0.0500     1.3000
  DP_i_decode_i_B_reg_i_Y_reg_15_/CK (DFF_X1)           0.0000     1.3000 r
  library setup time                                   -0.0278     1.2722
  data required time                                               1.2722
  --------------------------------------------------------------------------
  data required time                                               1.2722
  data arrival time                                               -0.9158
  --------------------------------------------------------------------------
  slack (MET)                                                      0.3563


  Startpoint: DP_i_fetch_i_IR_out_reg_24_
              (rising edge-triggered flip-flop clocked by CLK)
  Endpoint: IRAM_ISSUE (output port clocked by CLK)
  Path Group: OUTPUTS
  Path Type: max

  Des/Clust/Port     Wire Load Model       Library
  ------------------------------------------------
  DLX                5K_hvratio_1_4        NangateOpenCellLibrary

  Point                                                   Incr       Path
  --------------------------------------------------------------------------
  clock CLK (rise edge)                                 0.0000     0.0000
  clock network delay (ideal)                           0.0500     0.0500
  DP_i_fetch_i_IR_out_reg_24_/CK (DFF_X1)               0.0000     0.0500 r
  DP_i_fetch_i_IR_out_reg_24_/Q (DFF_X1)                0.1052     0.1552 r
  U3839/ZN (XNOR2_X1)                                   0.0654     0.2205 r
  U2476/ZN (AND2_X1)                                    0.0495     0.2700 r
  U2621/ZN (NAND4_X1)                                   0.0478     0.3178 f
  U1518/ZN (AND3_X2)                                    0.0601     0.3779 f
  U3849/ZN (AND2_X1)                                    0.0572     0.4351 f
  U3930/ZN (NAND2_X1)                                   0.0333     0.4684 r
  U2447/ZN (AND4_X1)                                    0.0583     0.5267 r
  U3937/ZN (AND4_X1)                                    0.0604     0.5872 r
  U962/ZN (AND3_X2)                                     0.0553     0.6425 r
  U3964/ZN (AOI21_X1)                                   0.0353     0.6777 f
  U1045/ZN (OAI21_X1)                                   0.0561     0.7338 r
  U1096/ZN (AND2_X1)                                    0.0567     0.7905 r
  U901/ZN (AND2_X2)                                     0.0572     0.8477 r
  U898/Z (BUF_X1)                                       0.0493     0.8970 r
  U6367/ZN (NAND2_X1)                                   0.0329     0.9300 f
  U2673/ZN (NAND4_X1)                                   0.0341     0.9641 r
  U2744/ZN (NAND4_X1)                                   0.0469     1.0109 f
  U895/Z (MUX2_X1)                                      0.0710     1.0819 f
  U2698/ZN (AND2_X1)                                    0.0382     1.1201 f
  U2742/ZN (OAI21_X1)                                   0.0368     1.1569 r
  U1318/ZN (OR2_X1)                                     0.0394     1.1963 r
  U1317/ZN (NAND2_X1)                                   0.0253     1.2216 f
  IRAM_ISSUE (out)                                      0.0030     1.2246 f
  data arrival time                                                1.2246

  clock CLK (rise edge)                                 1.3000     1.3000
  clock network delay (ideal)                           0.0500     1.3500
  clock uncertainty                                    -0.0500     1.3000
  output external delay                                -0.1300     1.1700
  data required time                                               1.1700
  --------------------------------------------------------------------------
  data required time                                               1.1700
  data arrival time                                               -1.2246
  --------------------------------------------------------------------------
  slack (VIOLATED)                                                -0.0546


  Startpoint: DP_i_fetch_i_IR_out_reg_24_
              (rising edge-triggered flip-flop clocked by CLK)
  Endpoint: IRAM_ISSUE (output port clocked by CLK)
  Path Group: OUTPUTS
  Path Type: max

  Des/Clust/Port     Wire Load Model       Library
  ------------------------------------------------
  DLX                5K_hvratio_1_4        NangateOpenCellLibrary

  Point                                                   Incr       Path
  --------------------------------------------------------------------------
  clock CLK (rise edge)                                 0.0000     0.0000
  clock network delay (ideal)                           0.0500     0.0500
  DP_i_fetch_i_IR_out_reg_24_/CK (DFF_X1)               0.0000     0.0500 r
  DP_i_fetch_i_IR_out_reg_24_/Q (DFF_X1)                0.1052     0.1552 r
  U3839/ZN (XNOR2_X1)                                   0.0654     0.2205 r
  U2476/ZN (AND2_X1)                                    0.0495     0.2700 r
  U2621/ZN (NAND4_X1)                                   0.0478     0.3178 f
  U1518/ZN (AND3_X2)                                    0.0601     0.3779 f
  U3849/ZN (AND2_X1)                                    0.0572     0.4351 f
  U3930/ZN (NAND2_X1)                                   0.0333     0.4684 r
  U2447/ZN (AND4_X1)                                    0.0583     0.5267 r
  U3937/ZN (AND4_X1)                                    0.0604     0.5872 r
  U962/ZN (AND3_X2)                                     0.0553     0.6425 r
  U3964/ZN (AOI21_X1)                                   0.0353     0.6777 f
  U1045/ZN (OAI21_X1)                                   0.0561     0.7338 r
  U1096/ZN (AND2_X1)                                    0.0567     0.7905 r
  U901/ZN (AND2_X2)                                     0.0572     0.8477 r
  U898/Z (BUF_X1)                                       0.0493     0.8970 r
  U6367/ZN (NAND2_X1)                                   0.0329     0.9300 f
  U2673/ZN (NAND4_X1)                                   0.0341     0.9641 r
  U2744/ZN (NAND4_X1)                                   0.0469     1.0109 f
  U895/Z (MUX2_X1)                                      0.0710     1.0819 f
  U2698/ZN (AND2_X1)                                    0.0382     1.1201 f
  U2742/ZN (OAI21_X1)                                   0.0368     1.1569 r
  U1318/ZN (OR2_X1)                                     0.0394     1.1963 r
  U1317/ZN (NAND2_X1)                                   0.0253     1.2216 f
  IRAM_ISSUE (out)                                      0.0030     1.2246 f
  data arrival time                                                1.2246

  clock CLK (rise edge)                                 1.3000     1.3000
  clock network delay (ideal)                           0.0500     1.3500
  clock uncertainty                                    -0.0500     1.3000
  output external delay                                -0.1300     1.1700
  data required time                                               1.1700
  --------------------------------------------------------------------------
  data required time                                               1.1700
  data arrival time                                               -1.2246
  --------------------------------------------------------------------------
  slack (VIOLATED)                                                -0.0546


  Startpoint: DP_i_mem_access_i_rd_out_reg_i_Y_reg_2_
              (rising edge-triggered flip-flop clocked by CLK)
  Endpoint: DRAM_DATA[30]
            (output port clocked by CLK)
  Path Group: OUTPUTS
  Path Type: max

  Des/Clust/Port     Wire Load Model       Library
  ------------------------------------------------
  DLX                5K_hvratio_1_4        NangateOpenCellLibrary

  Point                                                   Incr       Path
  --------------------------------------------------------------------------
  clock CLK (rise edge)                                 0.0000     0.0000
  clock network delay (ideal)                           0.0500     0.0500
  DP_i_mem_access_i_rd_out_reg_i_Y_reg_2_/CK (DFF_X1)   0.0000     0.0500 r
  DP_i_mem_access_i_rd_out_reg_i_Y_reg_2_/Q (DFF_X1)    0.1181     0.1681 r
  U830/Z (BUF_X1)                                       0.0791     0.2472 r
  U6739/ZN (XNOR2_X1)                                   0.0900     0.3372 r
  U6741/ZN (AND2_X1)                                    0.0413     0.3785 r
  U6746/ZN (AND4_X1)                                    0.1692     0.5477 r
  U6748/ZN (INV_X1)                                     0.0607     0.6084 f
  U2624/ZN (NOR2_X2)                                    0.1502     0.7586 r
  U6809/ZN (NAND2_X1)                                   0.0533     0.8119 f
  U6810/ZN (AND2_X1)                                    0.0492     0.8611 f
  U10879/ZN (NOR2_X1)                                   0.0457     0.9069 r
  DRAM_DATA_tri_30_/Z (TBUF_X1)                         0.0623     0.9692 r
  DRAM_DATA[30] (inout)                                 0.0048     0.9740 r
  data arrival time                                                0.9740

  clock CLK (rise edge)                                 1.3000     1.3000
  clock network delay (ideal)                           0.0500     1.3500
  clock uncertainty                                    -0.0500     1.3000
  output external delay                                -0.1300     1.1700
  data required time                                               1.1700
  --------------------------------------------------------------------------
  data required time                                               1.1700
  data arrival time                                               -0.9740
  --------------------------------------------------------------------------
  slack (MET)                                                      0.1960


  Startpoint: DP_i_mem_access_i_rd_out_reg_i_Y_reg_2_
              (rising edge-triggered flip-flop clocked by CLK)
  Endpoint: DRAM_DATA[29]
            (output port clocked by CLK)
  Path Group: OUTPUTS
  Path Type: max

  Des/Clust/Port     Wire Load Model       Library
  ------------------------------------------------
  DLX                5K_hvratio_1_4        NangateOpenCellLibrary

  Point                                                   Incr       Path
  --------------------------------------------------------------------------
  clock CLK (rise edge)                                 0.0000     0.0000
  clock network delay (ideal)                           0.0500     0.0500
  DP_i_mem_access_i_rd_out_reg_i_Y_reg_2_/CK (DFF_X1)   0.0000     0.0500 r
  DP_i_mem_access_i_rd_out_reg_i_Y_reg_2_/Q (DFF_X1)    0.1181     0.1681 r
  U830/Z (BUF_X1)                                       0.0791     0.2472 r
  U6739/ZN (XNOR2_X1)                                   0.0900     0.3372 r
  U6741/ZN (AND2_X1)                                    0.0413     0.3785 r
  U6746/ZN (AND4_X1)                                    0.1692     0.5477 r
  U6748/ZN (INV_X1)                                     0.0607     0.6084 f
  U2624/ZN (NOR2_X2)                                    0.1502     0.7586 r
  U6812/ZN (NAND2_X1)                                   0.0533     0.8119 f
  U6813/ZN (AND2_X1)                                    0.0492     0.8611 f
  U10880/ZN (NOR2_X1)                                   0.0457     0.9069 r
  DRAM_DATA_tri_29_/Z (TBUF_X1)                         0.0623     0.9692 r
  DRAM_DATA[29] (inout)                                 0.0048     0.9740 r
  data arrival time                                                0.9740

  clock CLK (rise edge)                                 1.3000     1.3000
  clock network delay (ideal)                           0.0500     1.3500
  clock uncertainty                                    -0.0500     1.3000
  output external delay                                -0.1300     1.1700
  data required time                                               1.1700
  --------------------------------------------------------------------------
  data required time                                               1.1700
  data arrival time                                               -0.9740
  --------------------------------------------------------------------------
  slack (MET)                                                      0.1960


  Startpoint: DP_i_mem_access_i_rd_out_reg_i_Y_reg_2_
              (rising edge-triggered flip-flop clocked by CLK)
  Endpoint: DRAM_DATA[28]
            (output port clocked by CLK)
  Path Group: OUTPUTS
  Path Type: max

  Des/Clust/Port     Wire Load Model       Library
  ------------------------------------------------
  DLX                5K_hvratio_1_4        NangateOpenCellLibrary

  Point                                                   Incr       Path
  --------------------------------------------------------------------------
  clock CLK (rise edge)                                 0.0000     0.0000
  clock network delay (ideal)                           0.0500     0.0500
  DP_i_mem_access_i_rd_out_reg_i_Y_reg_2_/CK (DFF_X1)   0.0000     0.0500 r
  DP_i_mem_access_i_rd_out_reg_i_Y_reg_2_/Q (DFF_X1)    0.1181     0.1681 r
  U830/Z (BUF_X1)                                       0.0791     0.2472 r
  U6739/ZN (XNOR2_X1)                                   0.0900     0.3372 r
  U6741/ZN (AND2_X1)                                    0.0413     0.3785 r
  U6746/ZN (AND4_X1)                                    0.1692     0.5477 r
  U6748/ZN (INV_X1)                                     0.0607     0.6084 f
  U2624/ZN (NOR2_X2)                                    0.1502     0.7586 r
  U6803/ZN (NAND2_X1)                                   0.0533     0.8119 f
  U6804/ZN (AND2_X1)                                    0.0492     0.8611 f
  U10881/ZN (NOR2_X1)                                   0.0457     0.9069 r
  DRAM_DATA_tri_28_/Z (TBUF_X1)                         0.0623     0.9692 r
  DRAM_DATA[28] (inout)                                 0.0048     0.9740 r
  data arrival time                                                0.9740

  clock CLK (rise edge)                                 1.3000     1.3000
  clock network delay (ideal)                           0.0500     1.3500
  clock uncertainty                                    -0.0500     1.3000
  output external delay                                -0.1300     1.1700
  data required time                                               1.1700
  --------------------------------------------------------------------------
  data required time                                               1.1700
  data arrival time                                               -0.9740
  --------------------------------------------------------------------------
  slack (MET)                                                      0.1960


  Startpoint: DP_i_mem_access_i_rd_out_reg_i_Y_reg_2_
              (rising edge-triggered flip-flop clocked by CLK)
  Endpoint: DRAM_DATA[27]
            (output port clocked by CLK)
  Path Group: OUTPUTS
  Path Type: max

  Des/Clust/Port     Wire Load Model       Library
  ------------------------------------------------
  DLX                5K_hvratio_1_4        NangateOpenCellLibrary

  Point                                                   Incr       Path
  --------------------------------------------------------------------------
  clock CLK (rise edge)                                 0.0000     0.0000
  clock network delay (ideal)                           0.0500     0.0500
  DP_i_mem_access_i_rd_out_reg_i_Y_reg_2_/CK (DFF_X1)   0.0000     0.0500 r
  DP_i_mem_access_i_rd_out_reg_i_Y_reg_2_/Q (DFF_X1)    0.1181     0.1681 r
  U830/Z (BUF_X1)                                       0.0791     0.2472 r
  U6739/ZN (XNOR2_X1)                                   0.0900     0.3372 r
  U6741/ZN (AND2_X1)                                    0.0413     0.3785 r
  U6746/ZN (AND4_X1)                                    0.1692     0.5477 r
  U6748/ZN (INV_X1)                                     0.0607     0.6084 f
  U2624/ZN (NOR2_X2)                                    0.1502     0.7586 r
  U6800/ZN (NAND2_X1)                                   0.0533     0.8119 f
  U6801/ZN (AND2_X1)                                    0.0492     0.8611 f
  U10882/ZN (NOR2_X1)                                   0.0457     0.9069 r
  DRAM_DATA_tri_27_/Z (TBUF_X1)                         0.0623     0.9692 r
  DRAM_DATA[27] (inout)                                 0.0048     0.9740 r
  data arrival time                                                0.9740

  clock CLK (rise edge)                                 1.3000     1.3000
  clock network delay (ideal)                           0.0500     1.3500
  clock uncertainty                                    -0.0500     1.3000
  output external delay                                -0.1300     1.1700
  data required time                                               1.1700
  --------------------------------------------------------------------------
  data required time                                               1.1700
  data arrival time                                               -0.9740
  --------------------------------------------------------------------------
  slack (MET)                                                      0.1960


  Startpoint: DP_i_mem_access_i_rd_out_reg_i_Y_reg_2_
              (rising edge-triggered flip-flop clocked by CLK)
  Endpoint: DRAM_DATA[25]
            (output port clocked by CLK)
  Path Group: OUTPUTS
  Path Type: max

  Des/Clust/Port     Wire Load Model       Library
  ------------------------------------------------
  DLX                5K_hvratio_1_4        NangateOpenCellLibrary

  Point                                                   Incr       Path
  --------------------------------------------------------------------------
  clock CLK (rise edge)                                 0.0000     0.0000
  clock network delay (ideal)                           0.0500     0.0500
  DP_i_mem_access_i_rd_out_reg_i_Y_reg_2_/CK (DFF_X1)   0.0000     0.0500 r
  DP_i_mem_access_i_rd_out_reg_i_Y_reg_2_/Q (DFF_X1)    0.1181     0.1681 r
  U830/Z (BUF_X1)                                       0.0791     0.2472 r
  U6739/ZN (XNOR2_X1)                                   0.0900     0.3372 r
  U6741/ZN (AND2_X1)                                    0.0413     0.3785 r
  U6746/ZN (AND4_X1)                                    0.1692     0.5477 r
  U6748/ZN (INV_X1)                                     0.0607     0.6084 f
  U2624/ZN (NOR2_X2)                                    0.1502     0.7586 r
  U6797/ZN (NAND2_X1)                                   0.0533     0.8119 f
  U6798/ZN (AND2_X1)                                    0.0492     0.8611 f
  U10884/ZN (NOR2_X1)                                   0.0457     0.9069 r
  DRAM_DATA_tri_25_/Z (TBUF_X1)                         0.0623     0.9692 r
  DRAM_DATA[25] (inout)                                 0.0048     0.9740 r
  data arrival time                                                0.9740

  clock CLK (rise edge)                                 1.3000     1.3000
  clock network delay (ideal)                           0.0500     1.3500
  clock uncertainty                                    -0.0500     1.3000
  output external delay                                -0.1300     1.1700
  data required time                                               1.1700
  --------------------------------------------------------------------------
  data required time                                               1.1700
  data arrival time                                               -0.9740
  --------------------------------------------------------------------------
  slack (MET)                                                      0.1960


  Startpoint: DP_i_mem_access_i_rd_out_reg_i_Y_reg_2_
              (rising edge-triggered flip-flop clocked by CLK)
  Endpoint: DRAM_DATA[24]
            (output port clocked by CLK)
  Path Group: OUTPUTS
  Path Type: max

  Des/Clust/Port     Wire Load Model       Library
  ------------------------------------------------
  DLX                5K_hvratio_1_4        NangateOpenCellLibrary

  Point                                                   Incr       Path
  --------------------------------------------------------------------------
  clock CLK (rise edge)                                 0.0000     0.0000
  clock network delay (ideal)                           0.0500     0.0500
  DP_i_mem_access_i_rd_out_reg_i_Y_reg_2_/CK (DFF_X1)   0.0000     0.0500 r
  DP_i_mem_access_i_rd_out_reg_i_Y_reg_2_/Q (DFF_X1)    0.1181     0.1681 r
  U830/Z (BUF_X1)                                       0.0791     0.2472 r
  U6739/ZN (XNOR2_X1)                                   0.0900     0.3372 r
  U6741/ZN (AND2_X1)                                    0.0413     0.3785 r
  U6746/ZN (AND4_X1)                                    0.1692     0.5477 r
  U6748/ZN (INV_X1)                                     0.0607     0.6084 f
  U2624/ZN (NOR2_X2)                                    0.1502     0.7586 r
  U6806/ZN (NAND2_X1)                                   0.0533     0.8119 f
  U6807/ZN (AND2_X1)                                    0.0492     0.8611 f
  U10885/ZN (NOR2_X1)                                   0.0457     0.9069 r
  DRAM_DATA_tri_24_/Z (TBUF_X1)                         0.0623     0.9692 r
  DRAM_DATA[24] (inout)                                 0.0048     0.9740 r
  data arrival time                                                0.9740

  clock CLK (rise edge)                                 1.3000     1.3000
  clock network delay (ideal)                           0.0500     1.3500
  clock uncertainty                                    -0.0500     1.3000
  output external delay                                -0.1300     1.1700
  data required time                                               1.1700
  --------------------------------------------------------------------------
  data required time                                               1.1700
  data arrival time                                               -0.9740
  --------------------------------------------------------------------------
  slack (MET)                                                      0.1960


  Startpoint: DP_i_mem_access_i_rd_out_reg_i_Y_reg_2_
              (rising edge-triggered flip-flop clocked by CLK)
  Endpoint: DRAM_DATA[31]
            (output port clocked by CLK)
  Path Group: OUTPUTS
  Path Type: max

  Des/Clust/Port     Wire Load Model       Library
  ------------------------------------------------
  DLX                5K_hvratio_1_4        NangateOpenCellLibrary

  Point                                                   Incr       Path
  --------------------------------------------------------------------------
  clock CLK (rise edge)                                 0.0000     0.0000
  clock network delay (ideal)                           0.0500     0.0500
  DP_i_mem_access_i_rd_out_reg_i_Y_reg_2_/CK (DFF_X1)   0.0000     0.0500 r
  DP_i_mem_access_i_rd_out_reg_i_Y_reg_2_/Q (DFF_X1)    0.1181     0.1681 r
  U830/Z (BUF_X1)                                       0.0791     0.2472 r
  U6739/ZN (XNOR2_X1)                                   0.0900     0.3372 r
  U6741/ZN (AND2_X1)                                    0.0413     0.3785 r
  U6746/ZN (AND4_X1)                                    0.1692     0.5477 r
  U6748/ZN (INV_X1)                                     0.0607     0.6084 f
  U2624/ZN (NOR2_X2)                                    0.1502     0.7586 r
  U6791/ZN (NAND2_X1)                                   0.0533     0.8119 f
  U6792/ZN (AND2_X1)                                    0.0492     0.8611 f
  U10878/ZN (NOR2_X1)                                   0.0457     0.9069 r
  DRAM_DATA_tri_31_/Z (TBUF_X1)                         0.0603     0.9671 r
  DRAM_DATA[31] (inout)                                 0.0048     0.9720 r
  data arrival time                                                0.9720

  clock CLK (rise edge)                                 1.3000     1.3000
  clock network delay (ideal)                           0.0500     1.3500
  clock uncertainty                                    -0.0500     1.3000
  output external delay                                -0.1300     1.1700
  data required time                                               1.1700
  --------------------------------------------------------------------------
  data required time                                               1.1700
  data arrival time                                               -0.9720
  --------------------------------------------------------------------------
  slack (MET)                                                      0.1980


  Startpoint: DP_i_mem_access_i_rd_out_reg_i_Y_reg_2_
              (rising edge-triggered flip-flop clocked by CLK)
  Endpoint: DRAM_DATA[23]
            (output port clocked by CLK)
  Path Group: OUTPUTS
  Path Type: max

  Des/Clust/Port     Wire Load Model       Library
  ------------------------------------------------
  DLX                5K_hvratio_1_4        NangateOpenCellLibrary

  Point                                                   Incr       Path
  --------------------------------------------------------------------------
  clock CLK (rise edge)                                 0.0000     0.0000
  clock network delay (ideal)                           0.0500     0.0500
  DP_i_mem_access_i_rd_out_reg_i_Y_reg_2_/CK (DFF_X1)   0.0000     0.0500 r
  DP_i_mem_access_i_rd_out_reg_i_Y_reg_2_/Q (DFF_X1)    0.1181     0.1681 r
  U830/Z (BUF_X1)                                       0.0791     0.2472 r
  U6739/ZN (XNOR2_X1)                                   0.0900     0.3372 r
  U6741/ZN (AND2_X1)                                    0.0413     0.3785 r
  U6746/ZN (AND4_X1)                                    0.1692     0.5477 r
  U6748/ZN (INV_X1)                                     0.0607     0.6084 f
  U2624/ZN (NOR2_X2)                                    0.1502     0.7586 r
  U6794/ZN (NAND2_X1)                                   0.0533     0.8119 f
  U6795/ZN (AND2_X1)                                    0.0492     0.8611 f
  U10886/ZN (NOR2_X1)                                   0.0457     0.9069 r
  DRAM_DATA_tri_23_/Z (TBUF_X1)                         0.0600     0.9669 r
  DRAM_DATA[23] (inout)                                 0.0048     0.9717 r
  data arrival time                                                0.9717

  clock CLK (rise edge)                                 1.3000     1.3000
  clock network delay (ideal)                           0.0500     1.3500
  clock uncertainty                                    -0.0500     1.3000
  output external delay                                -0.1300     1.1700
  data required time                                               1.1700
  --------------------------------------------------------------------------
  data required time                                               1.1700
  data arrival time                                               -0.9717
  --------------------------------------------------------------------------
  slack (MET)                                                      0.1983


1
