 
****************************************
Report : timing
        -path full
        -delay max
        -nworst 2
        -max_paths 10
Design : DLX
Version: W-2024.09-SP2
Date   : Sun Sep 27 03:38:11 2026
****************************************

Operating Conditions: typical   Library: NangateOpenCellLibrary
Wire Load Model Mode: top

  Startpoint: DP_i_fetch_i_IR_out_reg_28_
              (rising edge-triggered flip-flop clocked by CLK)
  Endpoint: DP_i_fetch_i_pc_i_Y_reg_9_
            (rising edge-triggered flip-flop clocked by CLK)
  Path Group: REG2REG
  Path Type: max

  Des/Clust/Port     Wire Load Model       Library
  ------------------------------------------------
  DLX                5K_hvratio_1_4        NangateOpenCellLibrary

  Point                                                   Incr       Path
  --------------------------------------------------------------------------
  clock CLK (rise edge)                                 0.0000     0.0000
  clock network delay (ideal)                           0.0500     0.0500
  DP_i_fetch_i_IR_out_reg_28_/CK (DFF_X1)               0.0000     0.0500 r
  DP_i_fetch_i_IR_out_reg_28_/Q (DFF_X1)                0.0964     0.1464 f
  U1421/ZN (OR2_X1)                                     0.0594     0.2058 f
  U2102/ZN (NOR2_X1)                                    0.0637     0.2694 r
  U2151/ZN (NAND2_X1)                                   0.0614     0.3308 f
  U2152/Z (BUF_X2)                                      0.0819     0.4127 f
  U2314/ZN (NAND2_X1)                                   0.0583     0.4710 r
  U2096/ZN (NAND2_X1)                                   0.0342     0.5052 f
  U2097/ZN (NAND3_X1)                                   0.0403     0.5454 r
  U859/ZN (AND2_X1)                                     0.0632     0.6087 r
  U2327/ZN (XNOR2_X1)                                   0.0757     0.6843 r
  U1030/ZN (INV_X1)                                     0.0283     0.7127 f
  U1239/ZN (OR2_X1)                                     0.0647     0.7773 f
  U952/ZN (OAI211_X1)                                   0.0597     0.8371 r
  U2094/ZN (NAND2_X1)                                   0.0455     0.8825 f
  U2030/ZN (NAND4_X1)                                   0.0404     0.9229 r
  U808/ZN (AND2_X1)                                     0.0614     0.9843 r
  U964/ZN (AND3_X1)                                     0.0702     1.0545 r
  U804/ZN (XNOR2_X1)                                    0.0843     1.1387 r
  U1958/ZN (NAND2_X1)                                   0.0537     1.1925 f
  U1888/ZN (NAND4_X1)                                   0.0436     1.2361 r
  U1887/ZN (NAND2_X1)                                   0.0275     1.2636 f
  U1627/ZN (OR2_X1)                                     0.0771     1.3407 f
  U2379/ZN (XNOR2_X1)                                   0.0795     1.4203 f
  U2385/ZN (OAI21_X1)                                   0.0562     1.4765 r
  U2386/ZN (XNOR2_X1)                                   0.0721     1.5486 r
  U2002/ZN (XNOR2_X1)                                   0.0685     1.6171 r
  U1976/ZN (NAND4_X1)                                   0.0511     1.6683 f
  U1975/ZN (NAND2_X2)                                   0.0592     1.7275 r
  U1171/ZN (NAND2_X2)                                   0.1036     1.8311 f
  U8779/ZN (OR2_X1)                                     0.0936     1.9247 f
  U7847/ZN (NAND4_X1)                                   0.0364     1.9611 r
  DP_i_fetch_i_pc_i_Y_reg_9_/D (DFF_X1)                 0.0110     1.9721 r
  data arrival time                                                1.9721

  clock CLK (rise edge)                                 2.0000     2.0000
  clock network delay (ideal)                           0.0500     2.0500
  clock uncertainty                                    -0.0500     2.0000
  DP_i_fetch_i_pc_i_Y_reg_9_/CK (DFF_X1)                0.0000     2.0000 r
  library setup time                                   -0.0278     1.9722
  data required time                                               1.9722
  --------------------------------------------------------------------------
  data required time                                               1.9722
  data arrival time                                               -1.9721
  --------------------------------------------------------------------------
  slack (MET)                                                      0.0001


  Startpoint: DP_i_fetch_i_IR_out_reg_28_
              (rising edge-triggered flip-flop clocked by CLK)
  Endpoint: DP_i_fetch_i_pc_i_Y_reg_4_
            (rising edge-triggered flip-flop clocked by CLK)
  Path Group: REG2REG
  Path Type: max

  Des/Clust/Port     Wire Load Model       Library
  ------------------------------------------------
  DLX                5K_hvratio_1_4        NangateOpenCellLibrary

  Point                                                   Incr       Path
  --------------------------------------------------------------------------
  clock CLK (rise edge)                                 0.0000     0.0000
  clock network delay (ideal)                           0.0500     0.0500
  DP_i_fetch_i_IR_out_reg_28_/CK (DFF_X1)               0.0000     0.0500 r
  DP_i_fetch_i_IR_out_reg_28_/Q (DFF_X1)                0.0964     0.1464 f
  U1421/ZN (OR2_X1)                                     0.0594     0.2058 f
  U2102/ZN (NOR2_X1)                                    0.0637     0.2694 r
  U2151/ZN (NAND2_X1)                                   0.0614     0.3308 f
  U2152/Z (BUF_X2)                                      0.0819     0.4127 f
  U2314/ZN (NAND2_X1)                                   0.0583     0.4710 r
  U2096/ZN (NAND2_X1)                                   0.0342     0.5052 f
  U2097/ZN (NAND3_X1)                                   0.0403     0.5454 r
  U859/ZN (AND2_X1)                                     0.0632     0.6087 r
  U2327/ZN (XNOR2_X1)                                   0.0757     0.6843 r
  U1030/ZN (INV_X1)                                     0.0283     0.7127 f
  U1239/ZN (OR2_X1)                                     0.0647     0.7773 f
  U952/ZN (OAI211_X1)                                   0.0597     0.8371 r
  U2094/ZN (NAND2_X1)                                   0.0455     0.8825 f
  U2030/ZN (NAND4_X1)                                   0.0404     0.9229 r
  U808/ZN (AND2_X1)                                     0.0614     0.9843 r
  U964/ZN (AND3_X1)                                     0.0702     1.0545 r
  U804/ZN (XNOR2_X1)                                    0.0843     1.1387 r
  U1958/ZN (NAND2_X1)                                   0.0537     1.1925 f
  U1888/ZN (NAND4_X1)                                   0.0436     1.2361 r
  U1887/ZN (NAND2_X1)                                   0.0275     1.2636 f
  U1627/ZN (OR2_X1)                                     0.0771     1.3407 f
  U2379/ZN (XNOR2_X1)                                   0.0795     1.4203 f
  U2385/ZN (OAI21_X1)                                   0.0562     1.4765 r
  U2386/ZN (XNOR2_X1)                                   0.0721     1.5486 r
  U2002/ZN (XNOR2_X1)                                   0.0685     1.6171 r
  U1976/ZN (NAND4_X1)                                   0.0511     1.6683 f
  U1975/ZN (NAND2_X2)                                   0.0592     1.7275 r
  U1171/ZN (NAND2_X2)                                   0.1036     1.8311 f
  U8721/ZN (OR2_X1)                                     0.0936     1.9247 f
  U7842/ZN (NAND4_X1)                                   0.0364     1.9611 r
  DP_i_fetch_i_pc_i_Y_reg_4_/D (DFF_X1)                 0.0110     1.9721 r
  data arrival time                                                1.9721

  clock CLK (rise edge)                                 2.0000     2.0000
  clock network delay (ideal)                           0.0500     2.0500
  clock uncertainty                                    -0.0500     2.0000
  DP_i_fetch_i_pc_i_Y_reg_4_/CK (DFF_X1)                0.0000     2.0000 r
  library setup time                                   -0.0278     1.9722
  data required time                                               1.9722
  --------------------------------------------------------------------------
  data required time                                               1.9722
  data arrival time                                               -1.9721
  --------------------------------------------------------------------------
  slack (MET)                                                      0.0001


  Startpoint: DP_i_fetch_i_IR_out_reg_28_
              (rising edge-triggered flip-flop clocked by CLK)
  Endpoint: DP_i_fetch_i_pc_i_Y_reg_7_
            (rising edge-triggered flip-flop clocked by CLK)
  Path Group: REG2REG
  Path Type: max

  Des/Clust/Port     Wire Load Model       Library
  ------------------------------------------------
  DLX                5K_hvratio_1_4        NangateOpenCellLibrary

  Point                                                   Incr       Path
  --------------------------------------------------------------------------
  clock CLK (rise edge)                                 0.0000     0.0000
  clock network delay (ideal)                           0.0500     0.0500
  DP_i_fetch_i_IR_out_reg_28_/CK (DFF_X1)               0.0000     0.0500 r
  DP_i_fetch_i_IR_out_reg_28_/Q (DFF_X1)                0.0964     0.1464 f
  U1421/ZN (OR2_X1)                                     0.0594     0.2058 f
  U2102/ZN (NOR2_X1)                                    0.0637     0.2694 r
  U2151/ZN (NAND2_X1)                                   0.0614     0.3308 f
  U2152/Z (BUF_X2)                                      0.0819     0.4127 f
  U2314/ZN (NAND2_X1)                                   0.0583     0.4710 r
  U2096/ZN (NAND2_X1)                                   0.0342     0.5052 f
  U2097/ZN (NAND3_X1)                                   0.0403     0.5454 r
  U859/ZN (AND2_X1)                                     0.0632     0.6087 r
  U2327/ZN (XNOR2_X1)                                   0.0757     0.6843 r
  U1030/ZN (INV_X1)                                     0.0283     0.7127 f
  U1239/ZN (OR2_X1)                                     0.0647     0.7773 f
  U952/ZN (OAI211_X1)                                   0.0597     0.8371 r
  U2094/ZN (NAND2_X1)                                   0.0455     0.8825 f
  U2030/ZN (NAND4_X1)                                   0.0404     0.9229 r
  U808/ZN (AND2_X1)                                     0.0614     0.9843 r
  U964/ZN (AND3_X1)                                     0.0702     1.0545 r
  U804/ZN (XNOR2_X1)                                    0.0843     1.1387 r
  U1958/ZN (NAND2_X1)                                   0.0537     1.1925 f
  U1888/ZN (NAND4_X1)                                   0.0436     1.2361 r
  U1887/ZN (NAND2_X1)                                   0.0275     1.2636 f
  U1627/ZN (OR2_X1)                                     0.0771     1.3407 f
  U2379/ZN (XNOR2_X1)                                   0.0795     1.4203 f
  U2385/ZN (OAI21_X1)                                   0.0562     1.4765 r
  U2386/ZN (XNOR2_X1)                                   0.0721     1.5486 r
  U2002/ZN (XNOR2_X1)                                   0.0685     1.6171 r
  U1976/ZN (NAND4_X1)                                   0.0511     1.6683 f
  U1975/ZN (NAND2_X2)                                   0.0592     1.7275 r
  U1171/ZN (NAND2_X2)                                   0.1036     1.8311 f
  U8771/ZN (OR2_X1)                                     0.0936     1.9247 f
  U7845/ZN (NAND4_X1)                                   0.0364     1.9611 r
  DP_i_fetch_i_pc_i_Y_reg_7_/D (DFF_X1)                 0.0110     1.9721 r
  data arrival time                                                1.9721

  clock CLK (rise edge)                                 2.0000     2.0000
  clock network delay (ideal)                           0.0500     2.0500
  clock uncertainty                                    -0.0500     2.0000
  DP_i_fetch_i_pc_i_Y_reg_7_/CK (DFF_X1)                0.0000     2.0000 r
  library setup time                                   -0.0278     1.9722
  data required time                                               1.9722
  --------------------------------------------------------------------------
  data required time                                               1.9722
  data arrival time                                               -1.9721
  --------------------------------------------------------------------------
  slack (MET)                                                      0.0001


  Startpoint: DP_i_fetch_i_IR_out_reg_28_
              (rising edge-triggered flip-flop clocked by CLK)
  Endpoint: DP_i_fetch_i_pc_i_Y_reg_5_
            (rising edge-triggered flip-flop clocked by CLK)
  Path Group: REG2REG
  Path Type: max

  Des/Clust/Port     Wire Load Model       Library
  ------------------------------------------------
  DLX                5K_hvratio_1_4        NangateOpenCellLibrary

  Point                                                   Incr       Path
  --------------------------------------------------------------------------
  clock CLK (rise edge)                                 0.0000     0.0000
  clock network delay (ideal)                           0.0500     0.0500
  DP_i_fetch_i_IR_out_reg_28_/CK (DFF_X1)               0.0000     0.0500 r
  DP_i_fetch_i_IR_out_reg_28_/Q (DFF_X1)                0.0964     0.1464 f
  U1421/ZN (OR2_X1)                                     0.0594     0.2058 f
  U2102/ZN (NOR2_X1)                                    0.0637     0.2694 r
  U2151/ZN (NAND2_X1)                                   0.0614     0.3308 f
  U2152/Z (BUF_X2)                                      0.0819     0.4127 f
  U2314/ZN (NAND2_X1)                                   0.0583     0.4710 r
  U2096/ZN (NAND2_X1)                                   0.0342     0.5052 f
  U2097/ZN (NAND3_X1)                                   0.0403     0.5454 r
  U859/ZN (AND2_X1)                                     0.0632     0.6087 r
  U2327/ZN (XNOR2_X1)                                   0.0757     0.6843 r
  U1030/ZN (INV_X1)                                     0.0283     0.7127 f
  U1239/ZN (OR2_X1)                                     0.0647     0.7773 f
  U952/ZN (OAI211_X1)                                   0.0597     0.8371 r
  U2094/ZN (NAND2_X1)                                   0.0455     0.8825 f
  U2030/ZN (NAND4_X1)                                   0.0404     0.9229 r
  U808/ZN (AND2_X1)                                     0.0614     0.9843 r
  U964/ZN (AND3_X1)                                     0.0702     1.0545 r
  U804/ZN (XNOR2_X1)                                    0.0843     1.1387 r
  U1958/ZN (NAND2_X1)                                   0.0537     1.1925 f
  U1888/ZN (NAND4_X1)                                   0.0436     1.2361 r
  U1887/ZN (NAND2_X1)                                   0.0275     1.2636 f
  U1627/ZN (OR2_X1)                                     0.0771     1.3407 f
  U2379/ZN (XNOR2_X1)                                   0.0795     1.4203 f
  U2385/ZN (OAI21_X1)                                   0.0562     1.4765 r
  U2386/ZN (XNOR2_X1)                                   0.0721     1.5486 r
  U2002/ZN (XNOR2_X1)                                   0.0685     1.6171 r
  U1976/ZN (NAND4_X1)                                   0.0511     1.6683 f
  U1975/ZN (NAND2_X2)                                   0.0592     1.7275 r
  U1171/ZN (NAND2_X2)                                   0.1036     1.8311 f
  U8763/ZN (OR2_X1)                                     0.0936     1.9247 f
  U7843/ZN (NAND4_X1)                                   0.0364     1.9611 r
  DP_i_fetch_i_pc_i_Y_reg_5_/D (DFF_X1)                 0.0110     1.9721 r
  data arrival time                                                1.9721

  clock CLK (rise edge)                                 2.0000     2.0000
  clock network delay (ideal)                           0.0500     2.0500
  clock uncertainty                                    -0.0500     2.0000
  DP_i_fetch_i_pc_i_Y_reg_5_/CK (DFF_X1)                0.0000     2.0000 r
  library setup time                                   -0.0278     1.9722
  data required time                                               1.9722
  --------------------------------------------------------------------------
  data required time                                               1.9722
  data arrival time                                               -1.9721
  --------------------------------------------------------------------------
  slack (MET)                                                      0.0001


  Startpoint: DP_i_fetch_i_IR_out_reg_28_
              (rising edge-triggered flip-flop clocked by CLK)
  Endpoint: DP_i_fetch_i_pc_i_Y_reg_8_
            (rising edge-triggered flip-flop clocked by CLK)
  Path Group: REG2REG
  Path Type: max

  Des/Clust/Port     Wire Load Model       Library
  ------------------------------------------------
  DLX                5K_hvratio_1_4        NangateOpenCellLibrary

  Point                                                   Incr       Path
  --------------------------------------------------------------------------
  clock CLK (rise edge)                                 0.0000     0.0000
  clock network delay (ideal)                           0.0500     0.0500
  DP_i_fetch_i_IR_out_reg_28_/CK (DFF_X1)               0.0000     0.0500 r
  DP_i_fetch_i_IR_out_reg_28_/Q (DFF_X1)                0.0964     0.1464 f
  U1421/ZN (OR2_X1)                                     0.0594     0.2058 f
  U2102/ZN (NOR2_X1)                                    0.0637     0.2694 r
  U2151/ZN (NAND2_X1)                                   0.0614     0.3308 f
  U2152/Z (BUF_X2)                                      0.0819     0.4127 f
  U2314/ZN (NAND2_X1)                                   0.0583     0.4710 r
  U2096/ZN (NAND2_X1)                                   0.0342     0.5052 f
  U2097/ZN (NAND3_X1)                                   0.0403     0.5454 r
  U859/ZN (AND2_X1)                                     0.0632     0.6087 r
  U2327/ZN (XNOR2_X1)                                   0.0757     0.6843 r
  U1030/ZN (INV_X1)                                     0.0283     0.7127 f
  U1239/ZN (OR2_X1)                                     0.0647     0.7773 f
  U952/ZN (OAI211_X1)                                   0.0597     0.8371 r
  U2094/ZN (NAND2_X1)                                   0.0455     0.8825 f
  U2030/ZN (NAND4_X1)                                   0.0404     0.9229 r
  U808/ZN (AND2_X1)                                     0.0614     0.9843 r
  U964/ZN (AND3_X1)                                     0.0702     1.0545 r
  U804/ZN (XNOR2_X1)                                    0.0843     1.1387 r
  U1958/ZN (NAND2_X1)                                   0.0537     1.1925 f
  U1888/ZN (NAND4_X1)                                   0.0436     1.2361 r
  U1887/ZN (NAND2_X1)                                   0.0275     1.2636 f
  U1627/ZN (OR2_X1)                                     0.0771     1.3407 f
  U2379/ZN (XNOR2_X1)                                   0.0795     1.4203 f
  U2385/ZN (OAI21_X1)                                   0.0562     1.4765 r
  U2386/ZN (XNOR2_X1)                                   0.0721     1.5486 r
  U2002/ZN (XNOR2_X1)                                   0.0685     1.6171 r
  U1976/ZN (NAND4_X1)                                   0.0511     1.6683 f
  U1975/ZN (NAND2_X2)                                   0.0592     1.7275 r
  U1171/ZN (NAND2_X2)                                   0.1036     1.8311 f
  U8775/ZN (OR2_X1)                                     0.0936     1.9247 f
  U7846/ZN (NAND4_X1)                                   0.0364     1.9611 r
  DP_i_fetch_i_pc_i_Y_reg_8_/D (DFF_X1)                 0.0110     1.9721 r
  data arrival time                                                1.9721

  clock CLK (rise edge)                                 2.0000     2.0000
  clock network delay (ideal)                           0.0500     2.0500
  clock uncertainty                                    -0.0500     2.0000
  DP_i_fetch_i_pc_i_Y_reg_8_/CK (DFF_X1)                0.0000     2.0000 r
  library setup time                                   -0.0278     1.9722
  data required time                                               1.9722
  --------------------------------------------------------------------------
  data required time                                               1.9722
  data arrival time                                               -1.9721
  --------------------------------------------------------------------------
  slack (MET)                                                      0.0001


  Startpoint: DP_i_fetch_i_IR_out_reg_28_
              (rising edge-triggered flip-flop clocked by CLK)
  Endpoint: DP_i_fetch_i_pc_i_Y_reg_6_
            (rising edge-triggered flip-flop clocked by CLK)
  Path Group: REG2REG
  Path Type: max

  Des/Clust/Port     Wire Load Model       Library
  ------------------------------------------------
  DLX                5K_hvratio_1_4        NangateOpenCellLibrary

  Point                                                   Incr       Path
  --------------------------------------------------------------------------
  clock CLK (rise edge)                                 0.0000     0.0000
  clock network delay (ideal)                           0.0500     0.0500
  DP_i_fetch_i_IR_out_reg_28_/CK (DFF_X1)               0.0000     0.0500 r
  DP_i_fetch_i_IR_out_reg_28_/Q (DFF_X1)                0.0964     0.1464 f
  U1421/ZN (OR2_X1)                                     0.0594     0.2058 f
  U2102/ZN (NOR2_X1)                                    0.0637     0.2694 r
  U2151/ZN (NAND2_X1)                                   0.0614     0.3308 f
  U2152/Z (BUF_X2)                                      0.0819     0.4127 f
  U2314/ZN (NAND2_X1)                                   0.0583     0.4710 r
  U2096/ZN (NAND2_X1)                                   0.0342     0.5052 f
  U2097/ZN (NAND3_X1)                                   0.0403     0.5454 r
  U859/ZN (AND2_X1)                                     0.0632     0.6087 r
  U2327/ZN (XNOR2_X1)                                   0.0757     0.6843 r
  U1030/ZN (INV_X1)                                     0.0283     0.7127 f
  U1239/ZN (OR2_X1)                                     0.0647     0.7773 f
  U952/ZN (OAI211_X1)                                   0.0597     0.8371 r
  U2094/ZN (NAND2_X1)                                   0.0455     0.8825 f
  U2030/ZN (NAND4_X1)                                   0.0404     0.9229 r
  U808/ZN (AND2_X1)                                     0.0614     0.9843 r
  U964/ZN (AND3_X1)                                     0.0702     1.0545 r
  U804/ZN (XNOR2_X1)                                    0.0843     1.1387 r
  U1958/ZN (NAND2_X1)                                   0.0537     1.1925 f
  U1888/ZN (NAND4_X1)                                   0.0436     1.2361 r
  U1887/ZN (NAND2_X1)                                   0.0275     1.2636 f
  U1627/ZN (OR2_X1)                                     0.0771     1.3407 f
  U2379/ZN (XNOR2_X1)                                   0.0795     1.4203 f
  U2385/ZN (OAI21_X1)                                   0.0562     1.4765 r
  U2386/ZN (XNOR2_X1)                                   0.0721     1.5486 r
  U2002/ZN (XNOR2_X1)                                   0.0685     1.6171 r
  U1976/ZN (NAND4_X1)                                   0.0511     1.6683 f
  U1975/ZN (NAND2_X2)                                   0.0592     1.7275 r
  U1171/ZN (NAND2_X2)                                   0.1036     1.8311 f
  U8767/ZN (OR2_X1)                                     0.0936     1.9247 f
  U7844/ZN (NAND4_X1)                                   0.0364     1.9611 r
  DP_i_fetch_i_pc_i_Y_reg_6_/D (DFF_X1)                 0.0110     1.9721 r
  data arrival time                                                1.9721

  clock CLK (rise edge)                                 2.0000     2.0000
  clock network delay (ideal)                           0.0500     2.0500
  clock uncertainty                                    -0.0500     2.0000
  DP_i_fetch_i_pc_i_Y_reg_6_/CK (DFF_X1)                0.0000     2.0000 r
  library setup time                                   -0.0278     1.9722
  data required time                                               1.9722
  --------------------------------------------------------------------------
  data required time                                               1.9722
  data arrival time                                               -1.9721
  --------------------------------------------------------------------------
  slack (MET)                                                      0.0001


  Startpoint: DP_i_fetch_i_IR_out_reg_28_
              (rising edge-triggered flip-flop clocked by CLK)
  Endpoint: DP_i_fetch_i_pc_i_Y_reg_1_
            (rising edge-triggered flip-flop clocked by CLK)
  Path Group: REG2REG
  Path Type: max

  Des/Clust/Port     Wire Load Model       Library
  ------------------------------------------------
  DLX                5K_hvratio_1_4        NangateOpenCellLibrary

  Point                                                   Incr       Path
  --------------------------------------------------------------------------
  clock CLK (rise edge)                                 0.0000     0.0000
  clock network delay (ideal)                           0.0500     0.0500
  DP_i_fetch_i_IR_out_reg_28_/CK (DFF_X1)               0.0000     0.0500 r
  DP_i_fetch_i_IR_out_reg_28_/Q (DFF_X1)                0.0964     0.1464 f
  U1421/ZN (OR2_X1)                                     0.0594     0.2058 f
  U2102/ZN (NOR2_X1)                                    0.0637     0.2694 r
  U2151/ZN (NAND2_X1)                                   0.0614     0.3308 f
  U2152/Z (BUF_X2)                                      0.0819     0.4127 f
  U2314/ZN (NAND2_X1)                                   0.0583     0.4710 r
  U2096/ZN (NAND2_X1)                                   0.0342     0.5052 f
  U2097/ZN (NAND3_X1)                                   0.0403     0.5454 r
  U859/ZN (AND2_X1)                                     0.0632     0.6087 r
  U2327/ZN (XNOR2_X1)                                   0.0757     0.6843 r
  U1030/ZN (INV_X1)                                     0.0283     0.7127 f
  U1239/ZN (OR2_X1)                                     0.0647     0.7773 f
  U952/ZN (OAI211_X1)                                   0.0597     0.8371 r
  U2094/ZN (NAND2_X1)                                   0.0455     0.8825 f
  U2030/ZN (NAND4_X1)                                   0.0404     0.9229 r
  U808/ZN (AND2_X1)                                     0.0614     0.9843 r
  U964/ZN (AND3_X1)                                     0.0702     1.0545 r
  U804/ZN (XNOR2_X1)                                    0.0843     1.1387 r
  U1958/ZN (NAND2_X1)                                   0.0537     1.1925 f
  U1888/ZN (NAND4_X1)                                   0.0436     1.2361 r
  U1887/ZN (NAND2_X1)                                   0.0275     1.2636 f
  U1627/ZN (OR2_X1)                                     0.0771     1.3407 f
  U2379/ZN (XNOR2_X1)                                   0.0795     1.4203 f
  U2385/ZN (OAI21_X1)                                   0.0562     1.4765 r
  U2386/ZN (XNOR2_X1)                                   0.0721     1.5486 r
  U2002/ZN (XNOR2_X1)                                   0.0685     1.6171 r
  U1976/ZN (NAND4_X1)                                   0.0511     1.6683 f
  U1975/ZN (NAND2_X2)                                   0.0592     1.7275 r
  U1171/ZN (NAND2_X2)                                   0.1036     1.8311 f
  U1466/ZN (OR2_X1)                                     0.0936     1.9247 f
  U7865/ZN (NAND4_X1)                                   0.0364     1.9611 r
  DP_i_fetch_i_pc_i_Y_reg_1_/D (DFF_X1)                 0.0110     1.9721 r
  data arrival time                                                1.9721

  clock CLK (rise edge)                                 2.0000     2.0000
  clock network delay (ideal)                           0.0500     2.0500
  clock uncertainty                                    -0.0500     2.0000
  DP_i_fetch_i_pc_i_Y_reg_1_/CK (DFF_X1)                0.0000     2.0000 r
  library setup time                                   -0.0278     1.9722
  data required time                                               1.9722
  --------------------------------------------------------------------------
  data required time                                               1.9722
  data arrival time                                               -1.9721
  --------------------------------------------------------------------------
  slack (MET)                                                      0.0001


  Startpoint: DP_i_fetch_i_IR_out_reg_28_
              (rising edge-triggered flip-flop clocked by CLK)
  Endpoint: DP_i_fetch_i_pc_i_Y_reg_3_
            (rising edge-triggered flip-flop clocked by CLK)
  Path Group: REG2REG
  Path Type: max

  Des/Clust/Port     Wire Load Model       Library
  ------------------------------------------------
  DLX                5K_hvratio_1_4        NangateOpenCellLibrary

  Point                                                   Incr       Path
  --------------------------------------------------------------------------
  clock CLK (rise edge)                                 0.0000     0.0000
  clock network delay (ideal)                           0.0500     0.0500
  DP_i_fetch_i_IR_out_reg_28_/CK (DFF_X1)               0.0000     0.0500 r
  DP_i_fetch_i_IR_out_reg_28_/Q (DFF_X1)                0.0964     0.1464 f
  U1421/ZN (OR2_X1)                                     0.0594     0.2058 f
  U2102/ZN (NOR2_X1)                                    0.0637     0.2694 r
  U2151/ZN (NAND2_X1)                                   0.0614     0.3308 f
  U2152/Z (BUF_X2)                                      0.0819     0.4127 f
  U2314/ZN (NAND2_X1)                                   0.0583     0.4710 r
  U2096/ZN (NAND2_X1)                                   0.0342     0.5052 f
  U2097/ZN (NAND3_X1)                                   0.0403     0.5454 r
  U859/ZN (AND2_X1)                                     0.0632     0.6087 r
  U2327/ZN (XNOR2_X1)                                   0.0757     0.6843 r
  U1030/ZN (INV_X1)                                     0.0283     0.7127 f
  U1239/ZN (OR2_X1)                                     0.0647     0.7773 f
  U952/ZN (OAI211_X1)                                   0.0597     0.8371 r
  U2094/ZN (NAND2_X1)                                   0.0455     0.8825 f
  U2030/ZN (NAND4_X1)                                   0.0404     0.9229 r
  U808/ZN (AND2_X1)                                     0.0614     0.9843 r
  U964/ZN (AND3_X1)                                     0.0702     1.0545 r
  U804/ZN (XNOR2_X1)                                    0.0843     1.1387 r
  U1958/ZN (NAND2_X1)                                   0.0537     1.1925 f
  U1888/ZN (NAND4_X1)                                   0.0436     1.2361 r
  U1887/ZN (NAND2_X1)                                   0.0275     1.2636 f
  U1627/ZN (OR2_X1)                                     0.0771     1.3407 f
  U2379/ZN (XNOR2_X1)                                   0.0795     1.4203 f
  U2385/ZN (OAI21_X1)                                   0.0562     1.4765 r
  U2386/ZN (XNOR2_X1)                                   0.0721     1.5486 r
  U2002/ZN (XNOR2_X1)                                   0.0685     1.6171 r
  U1976/ZN (NAND4_X1)                                   0.0511     1.6683 f
  U1975/ZN (NAND2_X2)                                   0.0592     1.7275 r
  U1171/ZN (NAND2_X2)                                   0.1036     1.8311 f
  U8684/ZN (OR2_X1)                                     0.0936     1.9247 f
  U7841/ZN (NAND4_X1)                                   0.0364     1.9611 r
  DP_i_fetch_i_pc_i_Y_reg_3_/D (DFF_X1)                 0.0110     1.9721 r
  data arrival time                                                1.9721

  clock CLK (rise edge)                                 2.0000     2.0000
  clock network delay (ideal)                           0.0500     2.0500
  clock uncertainty                                    -0.0500     2.0000
  DP_i_fetch_i_pc_i_Y_reg_3_/CK (DFF_X1)                0.0000     2.0000 r
  library setup time                                   -0.0278     1.9722
  data required time                                               1.9722
  --------------------------------------------------------------------------
  data required time                                               1.9722
  data arrival time                                               -1.9721
  --------------------------------------------------------------------------
  slack (MET)                                                      0.0001


  Startpoint: DP_i_fetch_i_IR_out_reg_28_
              (rising edge-triggered flip-flop clocked by CLK)
  Endpoint: DP_i_fetch_i_pc_i_Y_reg_2_
            (rising edge-triggered flip-flop clocked by CLK)
  Path Group: REG2REG
  Path Type: max

  Des/Clust/Port     Wire Load Model       Library
  ------------------------------------------------
  DLX                5K_hvratio_1_4        NangateOpenCellLibrary

  Point                                                   Incr       Path
  --------------------------------------------------------------------------
  clock CLK (rise edge)                                 0.0000     0.0000
  clock network delay (ideal)                           0.0500     0.0500
  DP_i_fetch_i_IR_out_reg_28_/CK (DFF_X1)               0.0000     0.0500 r
  DP_i_fetch_i_IR_out_reg_28_/Q (DFF_X1)                0.0964     0.1464 f
  U1421/ZN (OR2_X1)                                     0.0594     0.2058 f
  U2102/ZN (NOR2_X1)                                    0.0637     0.2694 r
  U2151/ZN (NAND2_X1)                                   0.0614     0.3308 f
  U2152/Z (BUF_X2)                                      0.0819     0.4127 f
  U2314/ZN (NAND2_X1)                                   0.0583     0.4710 r
  U2096/ZN (NAND2_X1)                                   0.0342     0.5052 f
  U2097/ZN (NAND3_X1)                                   0.0403     0.5454 r
  U859/ZN (AND2_X1)                                     0.0632     0.6087 r
  U2327/ZN (XNOR2_X1)                                   0.0757     0.6843 r
  U1030/ZN (INV_X1)                                     0.0283     0.7127 f
  U1239/ZN (OR2_X1)                                     0.0647     0.7773 f
  U952/ZN (OAI211_X1)                                   0.0597     0.8371 r
  U2094/ZN (NAND2_X1)                                   0.0455     0.8825 f
  U2030/ZN (NAND4_X1)                                   0.0404     0.9229 r
  U808/ZN (AND2_X1)                                     0.0614     0.9843 r
  U964/ZN (AND3_X1)                                     0.0702     1.0545 r
  U804/ZN (XNOR2_X1)                                    0.0843     1.1387 r
  U1958/ZN (NAND2_X1)                                   0.0537     1.1925 f
  U1888/ZN (NAND4_X1)                                   0.0436     1.2361 r
  U1887/ZN (NAND2_X1)                                   0.0275     1.2636 f
  U1627/ZN (OR2_X1)                                     0.0771     1.3407 f
  U2379/ZN (XNOR2_X1)                                   0.0795     1.4203 f
  U2385/ZN (OAI21_X1)                                   0.0562     1.4765 r
  U2386/ZN (XNOR2_X1)                                   0.0721     1.5486 r
  U2002/ZN (XNOR2_X1)                                   0.0685     1.6171 r
  U1976/ZN (NAND4_X1)                                   0.0511     1.6683 f
  U1975/ZN (NAND2_X2)                                   0.0592     1.7275 r
  U1171/ZN (NAND2_X2)                                   0.1036     1.8311 f
  U8651/ZN (OR2_X1)                                     0.0936     1.9247 f
  U7840/ZN (NAND4_X1)                                   0.0364     1.9611 r
  DP_i_fetch_i_pc_i_Y_reg_2_/D (DFF_X1)                 0.0110     1.9721 r
  data arrival time                                                1.9721

  clock CLK (rise edge)                                 2.0000     2.0000
  clock network delay (ideal)                           0.0500     2.0500
  clock uncertainty                                    -0.0500     2.0000
  DP_i_fetch_i_pc_i_Y_reg_2_/CK (DFF_X1)                0.0000     2.0000 r
  library setup time                                   -0.0278     1.9722
  data required time                                               1.9722
  --------------------------------------------------------------------------
  data required time                                               1.9722
  data arrival time                                               -1.9721
  --------------------------------------------------------------------------
  slack (MET)                                                      0.0001


  Startpoint: DP_i_fetch_i_IR_out_reg_28_
              (rising edge-triggered flip-flop clocked by CLK)
  Endpoint: DP_i_fetch_i_pc_i_Y_reg_0_
            (rising edge-triggered flip-flop clocked by CLK)
  Path Group: REG2REG
  Path Type: max

  Des/Clust/Port     Wire Load Model       Library
  ------------------------------------------------
  DLX                5K_hvratio_1_4        NangateOpenCellLibrary

  Point                                                   Incr       Path
  --------------------------------------------------------------------------
  clock CLK (rise edge)                                 0.0000     0.0000
  clock network delay (ideal)                           0.0500     0.0500
  DP_i_fetch_i_IR_out_reg_28_/CK (DFF_X1)               0.0000     0.0500 r
  DP_i_fetch_i_IR_out_reg_28_/Q (DFF_X1)                0.0964     0.1464 f
  U1421/ZN (OR2_X1)                                     0.0594     0.2058 f
  U2102/ZN (NOR2_X1)                                    0.0637     0.2694 r
  U2151/ZN (NAND2_X1)                                   0.0614     0.3308 f
  U2152/Z (BUF_X2)                                      0.0819     0.4127 f
  U2314/ZN (NAND2_X1)                                   0.0583     0.4710 r
  U2096/ZN (NAND2_X1)                                   0.0342     0.5052 f
  U2097/ZN (NAND3_X1)                                   0.0403     0.5454 r
  U859/ZN (AND2_X1)                                     0.0632     0.6087 r
  U2327/ZN (XNOR2_X1)                                   0.0757     0.6843 r
  U1030/ZN (INV_X1)                                     0.0283     0.7127 f
  U1239/ZN (OR2_X1)                                     0.0647     0.7773 f
  U952/ZN (OAI211_X1)                                   0.0597     0.8371 r
  U2094/ZN (NAND2_X1)                                   0.0455     0.8825 f
  U2030/ZN (NAND4_X1)                                   0.0404     0.9229 r
  U808/ZN (AND2_X1)                                     0.0614     0.9843 r
  U964/ZN (AND3_X1)                                     0.0702     1.0545 r
  U804/ZN (XNOR2_X1)                                    0.0843     1.1387 r
  U1958/ZN (NAND2_X1)                                   0.0537     1.1925 f
  U1888/ZN (NAND4_X1)                                   0.0436     1.2361 r
  U1887/ZN (NAND2_X1)                                   0.0275     1.2636 f
  U1627/ZN (OR2_X1)                                     0.0771     1.3407 f
  U2379/ZN (XNOR2_X1)                                   0.0795     1.4203 f
  U2385/ZN (OAI21_X1)                                   0.0562     1.4765 r
  U2386/ZN (XNOR2_X1)                                   0.0721     1.5486 r
  U2002/ZN (XNOR2_X1)                                   0.0685     1.6171 r
  U1976/ZN (NAND4_X1)                                   0.0511     1.6683 f
  U1975/ZN (NAND2_X2)                                   0.0592     1.7275 r
  U1171/ZN (NAND2_X2)                                   0.1036     1.8311 f
  U8855/ZN (OR2_X1)                                     0.0936     1.9247 f
  U7864/ZN (NAND4_X1)                                   0.0364     1.9611 r
  DP_i_fetch_i_pc_i_Y_reg_0_/D (DFF_X1)                 0.0110     1.9721 r
  data arrival time                                                1.9721

  clock CLK (rise edge)                                 2.0000     2.0000
  clock network delay (ideal)                           0.0500     2.0500
  clock uncertainty                                    -0.0500     2.0000
  DP_i_fetch_i_pc_i_Y_reg_0_/CK (DFF_X1)                0.0000     2.0000 r
  library setup time                                   -0.0278     1.9722
  data required time                                               1.9722
  --------------------------------------------------------------------------
  data required time                                               1.9722
  data arrival time                                               -1.9721
  --------------------------------------------------------------------------
  slack (MET)                                                      0.0001


  Startpoint: DP_i_fetch_i_IR_out_reg_28_
              (rising edge-triggered flip-flop clocked by CLK)
  Endpoint: DP_i_fetch_i_pc_i_clk_gate_Y_reg/latch
            (gating element for clock CLK)
  Path Group: CLK
  Path Type: max

  Des/Clust/Port     Wire Load Model       Library
  ------------------------------------------------
  DLX                5K_hvratio_1_4        NangateOpenCellLibrary

  Point                                                   Incr       Path
  --------------------------------------------------------------------------
  clock CLK (rise edge)                                 0.0000     0.0000
  clock network delay (ideal)                           0.0500     0.0500
  DP_i_fetch_i_IR_out_reg_28_/CK (DFF_X1)               0.0000     0.0500 r
  DP_i_fetch_i_IR_out_reg_28_/Q (DFF_X1)                0.0964     0.1464 f
  U1421/ZN (OR2_X1)                                     0.0594     0.2058 f
  U2102/ZN (NOR2_X1)                                    0.0637     0.2694 r
  U2151/ZN (NAND2_X1)                                   0.0614     0.3308 f
  U2152/Z (BUF_X2)                                      0.0819     0.4127 f
  U4073/ZN (OR3_X1)                                     0.1164     0.5291 f
  U4074/ZN (NOR4_X1)                                    0.1138     0.6428 r
  U2133/ZN (AND2_X1)                                    0.0844     0.7272 r
  U4099/ZN (INV_X1)                                     0.0396     0.7668 f
  U4100/ZN (AOI21_X1)                                   0.0686     0.8354 r
  U834/ZN (OR3_X2)                                      0.0850     0.9205 r
  U1903/ZN (INV_X1)                                     0.0444     0.9649 f
  U1011/ZN (AND2_X1)                                    0.0478     1.0127 f
  U4740/ZN (NAND2_X1)                                   0.0325     1.0452 r
  U4742/ZN (NAND2_X1)                                   0.0400     1.0852 f
  U805/ZN (NOR2_X1)                                     0.1304     1.2156 r
  U4761/ZN (AOI22_X1)                                   0.0663     1.2819 f
  U4762/ZN (OAI211_X1)                                  0.0444     1.3264 r
  U4763/ZN (OAI221_X1)                                  0.0497     1.3761 f
  U4770/ZN (OAI221_X1)                                  0.0698     1.4459 r
  U4771/ZN (OAI21_X1)                                   0.0451     1.4910 f
  U4772/ZN (NAND2_X1)                                   0.0385     1.5295 r
  U4782/ZN (NAND3_X1)                                   0.0396     1.5691 f
  U2026/ZN (NAND2_X1)                                   0.0391     1.6082 r
  U1575/ZN (INV_X1)                                     0.0302     1.6384 f
  U6388/ZN (AND2_X1)                                    0.0406     1.6790 f
  U8270/ZN (OR2_X1)                                     0.0579     1.7369 f
  U8269/ZN (INV_X1)                                     0.0277     1.7646 r
  U8884/ZN (NAND2_X1)                                   0.0268     1.7914 f
  DP_i_fetch_i_pc_i_clk_gate_Y_reg/EN (SNPS_CLOCK_GATE_HIGH_data_reg_NBIT30_2_2)
                                                        0.0000     1.7914 f
  DP_i_fetch_i_pc_i_clk_gate_Y_reg/latch/E (CLKGATETST_X1)
                                                        0.0088     1.8002 f
  data arrival time                                                1.8002

  clock CLK (rise edge)                                 2.0000     2.0000
  clock network delay (ideal)                           0.0500     2.0500
  clock uncertainty                                    -0.0500     2.0000
  DP_i_fetch_i_pc_i_clk_gate_Y_reg/latch/CK (CLKGATETST_X1)
                                                        0.0000     2.0000 r
  clock gating setup time                              -0.0633     1.9367
  data required time                                               1.9367
  --------------------------------------------------------------------------
  data required time                                               1.9367
  data arrival time                                               -1.8002
  --------------------------------------------------------------------------
  slack (MET)                                                      0.1365


  Startpoint: DP_i_fetch_i_IR_out_reg_28_
              (rising edge-triggered flip-flop clocked by CLK)
  Endpoint: DP_i_fetch_i_pc_i_clk_gate_Y_reg/latch
            (gating element for clock CLK)
  Path Group: CLK
  Path Type: max

  Des/Clust/Port     Wire Load Model       Library
  ------------------------------------------------
  DLX                5K_hvratio_1_4        NangateOpenCellLibrary

  Point                                                   Incr       Path
  --------------------------------------------------------------------------
  clock CLK (rise edge)                                 0.0000     0.0000
  clock network delay (ideal)                           0.0500     0.0500
  DP_i_fetch_i_IR_out_reg_28_/CK (DFF_X1)               0.0000     0.0500 r
  DP_i_fetch_i_IR_out_reg_28_/Q (DFF_X1)                0.0964     0.1464 f
  U1421/ZN (OR2_X1)                                     0.0594     0.2058 f
  U2102/ZN (NOR2_X1)                                    0.0637     0.2694 r
  U2151/ZN (NAND2_X1)                                   0.0614     0.3308 f
  U2152/Z (BUF_X2)                                      0.0819     0.4127 f
  U4073/ZN (OR3_X1)                                     0.1164     0.5291 f
  U4074/ZN (NOR4_X1)                                    0.1138     0.6428 r
  U2133/ZN (AND2_X1)                                    0.0844     0.7272 r
  U4099/ZN (INV_X1)                                     0.0396     0.7668 f
  U4100/ZN (AOI21_X1)                                   0.0686     0.8354 r
  U834/ZN (OR3_X2)                                      0.0850     0.9205 r
  U1903/ZN (INV_X1)                                     0.0444     0.9649 f
  U1011/ZN (AND2_X1)                                    0.0478     1.0127 f
  U4740/ZN (NAND2_X1)                                   0.0325     1.0452 r
  U4742/ZN (NAND2_X1)                                   0.0400     1.0852 f
  U805/ZN (NOR2_X1)                                     0.1304     1.2156 r
  U4761/ZN (AOI22_X1)                                   0.0663     1.2819 f
  U4762/ZN (OAI211_X1)                                  0.0435     1.3254 r
  U4763/ZN (OAI221_X1)                                  0.0497     1.3751 f
  U4770/ZN (OAI221_X1)                                  0.0698     1.4449 r
  U4771/ZN (OAI21_X1)                                   0.0451     1.4900 f
  U4772/ZN (NAND2_X1)                                   0.0385     1.5286 r
  U4782/ZN (NAND3_X1)                                   0.0396     1.5681 f
  U2026/ZN (NAND2_X1)                                   0.0391     1.6072 r
  U1575/ZN (INV_X1)                                     0.0302     1.6374 f
  U6388/ZN (AND2_X1)                                    0.0406     1.6781 f
  U8270/ZN (OR2_X1)                                     0.0579     1.7360 f
  U8269/ZN (INV_X1)                                     0.0277     1.7637 r
  U8884/ZN (NAND2_X1)                                   0.0268     1.7905 f
  DP_i_fetch_i_pc_i_clk_gate_Y_reg/EN (SNPS_CLOCK_GATE_HIGH_data_reg_NBIT30_2_2)
                                                        0.0000     1.7905 f
  DP_i_fetch_i_pc_i_clk_gate_Y_reg/latch/E (CLKGATETST_X1)
                                                        0.0088     1.7993 f
  data arrival time                                                1.7993

  clock CLK (rise edge)                                 2.0000     2.0000
  clock network delay (ideal)                           0.0500     2.0500
  clock uncertainty                                    -0.0500     2.0000
  DP_i_fetch_i_pc_i_clk_gate_Y_reg/latch/CK (CLKGATETST_X1)
                                                        0.0000     2.0000 r
  clock gating setup time                              -0.0633     1.9367
  data required time                                               1.9367
  --------------------------------------------------------------------------
  data required time                                               1.9367
  data arrival time                                               -1.7993
  --------------------------------------------------------------------------
  slack (MET)                                                      0.1374


  Startpoint: DP_i_fetch_i_IR_out_reg_28_
              (rising edge-triggered flip-flop clocked by CLK)
  Endpoint: DP_i_fetch_i_btb_update_latch_i_clk_gate_target_out_reg/latch
            (gating element for clock CLK)
  Path Group: CLK
  Path Type: max

  Des/Clust/Port     Wire Load Model       Library
  ------------------------------------------------
  DLX                5K_hvratio_1_4        NangateOpenCellLibrary

  Point                                                   Incr       Path
  --------------------------------------------------------------------------
  clock CLK (rise edge)                                 0.0000     0.0000
  clock network delay (ideal)                           0.0500     0.0500
  DP_i_fetch_i_IR_out_reg_28_/CK (DFF_X1)               0.0000     0.0500 r
  DP_i_fetch_i_IR_out_reg_28_/Q (DFF_X1)                0.0964     0.1464 f
  U1421/ZN (OR2_X1)                                     0.0594     0.2058 f
  U2102/ZN (NOR2_X1)                                    0.0637     0.2694 r
  U2151/ZN (NAND2_X1)                                   0.0614     0.3308 f
  U2152/Z (BUF_X2)                                      0.0819     0.4127 f
  U4073/ZN (OR3_X1)                                     0.1164     0.5291 f
  U4074/ZN (NOR4_X1)                                    0.1138     0.6428 r
  U2133/ZN (AND2_X1)                                    0.0844     0.7272 r
  U4099/ZN (INV_X1)                                     0.0396     0.7668 f
  U4100/ZN (AOI21_X1)                                   0.0686     0.8354 r
  U834/ZN (OR3_X2)                                      0.0850     0.9205 r
  U1903/ZN (INV_X1)                                     0.0444     0.9649 f
  U1011/ZN (AND2_X1)                                    0.0478     1.0127 f
  U2024/ZN (NAND2_X1)                                   0.0325     1.0452 r
  U1297/ZN (NAND2_X1)                                   0.0321     1.0773 f
  U4686/ZN (NAND2_X1)                                   0.0682     1.1455 r
  U4747/ZN (INV_X1)                                     0.0700     1.2156 f
  U4760/ZN (AOI21_X1)                                   0.0726     1.2882 r
  U4762/ZN (OAI211_X1)                                  0.0457     1.3339 f
  U4763/ZN (OAI221_X1)                                  0.0403     1.3742 r
  U4770/ZN (OAI221_X1)                                  0.0523     1.4265 f
  U4771/ZN (OAI21_X1)                                   0.0487     1.4752 r
  U4772/ZN (NAND2_X1)                                   0.0333     1.5085 f
  U4782/ZN (NAND3_X1)                                   0.0365     1.5450 r
  U2026/ZN (NAND2_X1)                                   0.0357     1.5807 f
  U4809/ZN (AOI21_X1)                                   0.0456     1.6264 r
  U4810/ZN (INV_X1)                                     0.0347     1.6610 f
  DP_i_U4537/ZN (NOR2_X1)                               0.0509     1.7120 r
  DP_i_fetch_i_btb_update_latch_i_clk_gate_target_out_reg/EN (SNPS_CLOCK_GATE_HIGH_latching_for_btb_update_0)
                                                        0.0000     1.7120 r
  DP_i_fetch_i_btb_update_latch_i_clk_gate_target_out_reg/latch/E (CLKGATETST_X1)
                                                        0.0100     1.7219 r
  data arrival time                                                1.7219

  clock CLK (rise edge)                                 2.0000     2.0000
  clock network delay (ideal)                           0.0500     2.0500
  clock uncertainty                                    -0.0500     2.0000
  DP_i_fetch_i_btb_update_latch_i_clk_gate_target_out_reg/latch/CK (CLKGATETST_X1)
                                                        0.0000     2.0000 r
  clock gating setup time                              -0.0751     1.9249
  data required time                                               1.9249
  --------------------------------------------------------------------------
  data required time                                               1.9249
  data arrival time                                               -1.7219
  --------------------------------------------------------------------------
  slack (MET)                                                      0.2029


  Startpoint: DP_i_fetch_i_IR_out_reg_28_
              (rising edge-triggered flip-flop clocked by CLK)
  Endpoint: DP_i_fetch_i_btb_update_latch_i_clk_gate_target_out_reg/latch
            (gating element for clock CLK)
  Path Group: CLK
  Path Type: max

  Des/Clust/Port     Wire Load Model       Library
  ------------------------------------------------
  DLX                5K_hvratio_1_4        NangateOpenCellLibrary

  Point                                                   Incr       Path
  --------------------------------------------------------------------------
  clock CLK (rise edge)                                 0.0000     0.0000
  clock network delay (ideal)                           0.0500     0.0500
  DP_i_fetch_i_IR_out_reg_28_/CK (DFF_X1)               0.0000     0.0500 r
  DP_i_fetch_i_IR_out_reg_28_/Q (DFF_X1)                0.0964     0.1464 f
  U1421/ZN (OR2_X1)                                     0.0594     0.2058 f
  U2102/ZN (NOR2_X1)                                    0.0637     0.2694 r
  U2151/ZN (NAND2_X1)                                   0.0614     0.3308 f
  U2152/Z (BUF_X2)                                      0.0819     0.4127 f
  U4073/ZN (OR3_X1)                                     0.1164     0.5291 f
  U4074/ZN (NOR4_X1)                                    0.1138     0.6428 r
  U2133/ZN (AND2_X1)                                    0.0844     0.7272 r
  U4099/ZN (INV_X1)                                     0.0396     0.7668 f
  U4100/ZN (AOI21_X1)                                   0.0686     0.8354 r
  U834/ZN (OR3_X2)                                      0.0850     0.9205 r
  U1903/ZN (INV_X1)                                     0.0444     0.9649 f
  U1011/ZN (AND2_X1)                                    0.0478     1.0127 f
  U2110/ZN (NAND2_X1)                                   0.0393     1.0520 r
  U4744/ZN (NAND2_X1)                                   0.0381     1.0901 f
  U4749/ZN (NAND2_X1)                                   0.0581     1.1482 r
  U4750/ZN (INV_X1)                                     0.0434     1.1916 f
  U4758/ZN (AOI22_X1)                                   0.0658     1.2574 r
  U4759/ZN (OAI211_X1)                                  0.0512     1.3085 f
  U4763/ZN (OAI221_X1)                                  0.0657     1.3742 r
  U4770/ZN (OAI221_X1)                                  0.0523     1.4265 f
  U4771/ZN (OAI21_X1)                                   0.0487     1.4752 r
  U4772/ZN (NAND2_X1)                                   0.0333     1.5085 f
  U4782/ZN (NAND3_X1)                                   0.0365     1.5450 r
  U2026/ZN (NAND2_X1)                                   0.0357     1.5807 f
  U4809/ZN (AOI21_X1)                                   0.0456     1.6264 r
  U4810/ZN (INV_X1)                                     0.0347     1.6610 f
  DP_i_U4537/ZN (NOR2_X1)                               0.0509     1.7119 r
  DP_i_fetch_i_btb_update_latch_i_clk_gate_target_out_reg/EN (SNPS_CLOCK_GATE_HIGH_latching_for_btb_update_0)
                                                        0.0000     1.7119 r
  DP_i_fetch_i_btb_update_latch_i_clk_gate_target_out_reg/latch/E (CLKGATETST_X1)
                                                        0.0100     1.7219 r
  data arrival time                                                1.7219

  clock CLK (rise edge)                                 2.0000     2.0000
  clock network delay (ideal)                           0.0500     2.0500
  clock uncertainty                                    -0.0500     2.0000
  DP_i_fetch_i_btb_update_latch_i_clk_gate_target_out_reg/latch/CK (CLKGATETST_X1)
                                                        0.0000     2.0000 r
  clock gating setup time                              -0.0751     1.9249
  data required time                                               1.9249
  --------------------------------------------------------------------------
  data required time                                               1.9249
  data arrival time                                               -1.7219
  --------------------------------------------------------------------------
  slack (MET)                                                      0.2030


  Startpoint: DP_i_fetch_i_IR_out_reg_28_
              (rising edge-triggered flip-flop clocked by CLK)
  Endpoint: DP_i_fetch_i_btb_update_latch_i_clk_gate_taken_out_reg/latch
            (gating element for clock CLK)
  Path Group: CLK
  Path Type: max

  Des/Clust/Port     Wire Load Model       Library
  ------------------------------------------------
  DLX                5K_hvratio_1_4        NangateOpenCellLibrary

  Point                                                   Incr       Path
  --------------------------------------------------------------------------
  clock CLK (rise edge)                                 0.0000     0.0000
  clock network delay (ideal)                           0.0500     0.0500
  DP_i_fetch_i_IR_out_reg_28_/CK (DFF_X1)               0.0000     0.0500 r
  DP_i_fetch_i_IR_out_reg_28_/Q (DFF_X1)                0.0964     0.1464 f
  U1421/ZN (OR2_X1)                                     0.0594     0.2058 f
  U2102/ZN (NOR2_X1)                                    0.0637     0.2694 r
  U2151/ZN (NAND2_X1)                                   0.0614     0.3308 f
  U2152/Z (BUF_X2)                                      0.0819     0.4127 f
  U4073/ZN (OR3_X1)                                     0.1164     0.5291 f
  U4074/ZN (NOR4_X1)                                    0.1138     0.6428 r
  U2133/ZN (AND2_X1)                                    0.0844     0.7272 r
  U4099/ZN (INV_X1)                                     0.0396     0.7668 f
  U4100/ZN (AOI21_X1)                                   0.0686     0.8354 r
  U834/ZN (OR3_X2)                                      0.0850     0.9205 r
  U1903/ZN (INV_X1)                                     0.0444     0.9649 f
  U1011/ZN (AND2_X1)                                    0.0478     1.0127 f
  U2024/ZN (NAND2_X1)                                   0.0325     1.0452 r
  U1297/ZN (NAND2_X1)                                   0.0321     1.0773 f
  U4686/ZN (NAND2_X1)                                   0.0682     1.1455 r
  U4747/ZN (INV_X1)                                     0.0700     1.2156 f
  U4760/ZN (AOI21_X1)                                   0.0726     1.2882 r
  U4762/ZN (OAI211_X1)                                  0.0457     1.3339 f
  U4763/ZN (OAI221_X1)                                  0.0403     1.3742 r
  U4770/ZN (OAI221_X1)                                  0.0523     1.4265 f
  U4771/ZN (OAI21_X1)                                   0.0487     1.4752 r
  U4772/ZN (NAND2_X1)                                   0.0333     1.5085 f
  U4782/ZN (NAND3_X1)                                   0.0365     1.5450 r
  U2026/ZN (NAND2_X1)                                   0.0357     1.5807 f
  U4809/ZN (AOI21_X1)                                   0.0456     1.6264 r
  U4810/ZN (INV_X1)                                     0.0347     1.6610 f
  DP_i_U4539/ZN (OAI21_X1)                              0.0470     1.7081 r
  DP_i_fetch_i_btb_update_latch_i_clk_gate_taken_out_reg/EN (SNPS_CLOCK_GATE_HIGH_latching_for_btb_update_1)
                                                        0.0000     1.7081 r
  DP_i_fetch_i_btb_update_latch_i_clk_gate_taken_out_reg/latch/E (CLKGATETST_X1)
                                                        0.0091     1.7171 r
  data arrival time                                                1.7171

  clock CLK (rise edge)                                 2.0000     2.0000
  clock network delay (ideal)                           0.0500     2.0500
  clock uncertainty                                    -0.0500     2.0000
  DP_i_fetch_i_btb_update_latch_i_clk_gate_taken_out_reg/latch/CK (CLKGATETST_X1)
                                                        0.0000     2.0000 r
  clock gating setup time                              -0.0742     1.9258
  data required time                                               1.9258
  --------------------------------------------------------------------------
  data required time                                               1.9258
  data arrival time                                               -1.7171
  --------------------------------------------------------------------------
  slack (MET)                                                      0.2087


  Startpoint: DP_i_fetch_i_IR_out_reg_28_
              (rising edge-triggered flip-flop clocked by CLK)
  Endpoint: DP_i_fetch_i_btb_update_latch_i_clk_gate_taken_out_reg/latch
            (gating element for clock CLK)
  Path Group: CLK
  Path Type: max

  Des/Clust/Port     Wire Load Model       Library
  ------------------------------------------------
  DLX                5K_hvratio_1_4        NangateOpenCellLibrary

  Point                                                   Incr       Path
  --------------------------------------------------------------------------
  clock CLK (rise edge)                                 0.0000     0.0000
  clock network delay (ideal)                           0.0500     0.0500
  DP_i_fetch_i_IR_out_reg_28_/CK (DFF_X1)               0.0000     0.0500 r
  DP_i_fetch_i_IR_out_reg_28_/Q (DFF_X1)                0.0964     0.1464 f
  U1421/ZN (OR2_X1)                                     0.0594     0.2058 f
  U2102/ZN (NOR2_X1)                                    0.0637     0.2694 r
  U2151/ZN (NAND2_X1)                                   0.0614     0.3308 f
  U2152/Z (BUF_X2)                                      0.0819     0.4127 f
  U4073/ZN (OR3_X1)                                     0.1164     0.5291 f
  U4074/ZN (NOR4_X1)                                    0.1138     0.6428 r
  U2133/ZN (AND2_X1)                                    0.0844     0.7272 r
  U4099/ZN (INV_X1)                                     0.0396     0.7668 f
  U4100/ZN (AOI21_X1)                                   0.0686     0.8354 r
  U834/ZN (OR3_X2)                                      0.0850     0.9205 r
  U1903/ZN (INV_X1)                                     0.0444     0.9649 f
  U1011/ZN (AND2_X1)                                    0.0478     1.0127 f
  U2110/ZN (NAND2_X1)                                   0.0393     1.0520 r
  U4744/ZN (NAND2_X1)                                   0.0381     1.0901 f
  U4749/ZN (NAND2_X1)                                   0.0581     1.1482 r
  U4750/ZN (INV_X1)                                     0.0434     1.1916 f
  U4758/ZN (AOI22_X1)                                   0.0658     1.2574 r
  U4759/ZN (OAI211_X1)                                  0.0512     1.3085 f
  U4763/ZN (OAI221_X1)                                  0.0657     1.3742 r
  U4770/ZN (OAI221_X1)                                  0.0523     1.4265 f
  U4771/ZN (OAI21_X1)                                   0.0487     1.4752 r
  U4772/ZN (NAND2_X1)                                   0.0333     1.5085 f
  U4782/ZN (NAND3_X1)                                   0.0365     1.5450 r
  U2026/ZN (NAND2_X1)                                   0.0357     1.5807 f
  U4809/ZN (AOI21_X1)                                   0.0456     1.6264 r
  U4810/ZN (INV_X1)                                     0.0347     1.6610 f
  DP_i_U4539/ZN (OAI21_X1)                              0.0470     1.7081 r
  DP_i_fetch_i_btb_update_latch_i_clk_gate_taken_out_reg/EN (SNPS_CLOCK_GATE_HIGH_latching_for_btb_update_1)
                                                        0.0000     1.7081 r
  DP_i_fetch_i_btb_update_latch_i_clk_gate_taken_out_reg/latch/E (CLKGATETST_X1)
                                                        0.0091     1.7171 r
  data arrival time                                                1.7171

  clock CLK (rise edge)                                 2.0000     2.0000
  clock network delay (ideal)                           0.0500     2.0500
  clock uncertainty                                    -0.0500     2.0000
  DP_i_fetch_i_btb_update_latch_i_clk_gate_taken_out_reg/latch/CK (CLKGATETST_X1)
                                                        0.0000     2.0000 r
  clock gating setup time                              -0.0742     1.9258
  data required time                                               1.9258
  --------------------------------------------------------------------------
  data required time                                               1.9258
  data arrival time                                               -1.7171
  --------------------------------------------------------------------------
  slack (MET)                                                      0.2087


  Startpoint: DP_i_fetch_i_IR_out_reg_28_
              (rising edge-triggered flip-flop clocked by CLK)
  Endpoint: DP_i_fetch_i_clk_gate_IR_out_reg/latch
            (gating element for clock CLK)
  Path Group: CLK
  Path Type: max

  Des/Clust/Port     Wire Load Model       Library
  ------------------------------------------------
  DLX                5K_hvratio_1_4        NangateOpenCellLibrary

  Point                                                   Incr       Path
  --------------------------------------------------------------------------
  clock CLK (rise edge)                                 0.0000     0.0000
  clock network delay (ideal)                           0.0500     0.0500
  DP_i_fetch_i_IR_out_reg_28_/CK (DFF_X1)               0.0000     0.0500 r
  DP_i_fetch_i_IR_out_reg_28_/Q (DFF_X1)                0.0964     0.1464 f
  U1421/ZN (OR2_X1)                                     0.0594     0.2058 f
  U2102/ZN (NOR2_X1)                                    0.0637     0.2694 r
  U2151/ZN (NAND2_X1)                                   0.0614     0.3308 f
  U2152/Z (BUF_X2)                                      0.0819     0.4127 f
  U4073/ZN (OR3_X1)                                     0.1164     0.5291 f
  U4074/ZN (NOR4_X1)                                    0.1138     0.6428 r
  U2133/ZN (AND2_X1)                                    0.0844     0.7272 r
  U4099/ZN (INV_X1)                                     0.0396     0.7668 f
  U4100/ZN (AOI21_X1)                                   0.0686     0.8354 r
  U834/ZN (OR3_X2)                                      0.0850     0.9205 r
  U1903/ZN (INV_X1)                                     0.0444     0.9649 f
  U1011/ZN (AND2_X1)                                    0.0478     1.0127 f
  U4740/ZN (NAND2_X1)                                   0.0325     1.0452 r
  U4742/ZN (NAND2_X1)                                   0.0400     1.0852 f
  U805/ZN (NOR2_X1)                                     0.1304     1.2156 r
  U4761/ZN (AOI22_X1)                                   0.0663     1.2819 f
  U4762/ZN (OAI211_X1)                                  0.0444     1.3264 r
  U4763/ZN (OAI221_X1)                                  0.0497     1.3761 f
  U4770/ZN (OAI221_X1)                                  0.0698     1.4459 r
  U4771/ZN (OAI21_X1)                                   0.0451     1.4910 f
  U4772/ZN (NAND2_X1)                                   0.0385     1.5295 r
  U4782/ZN (NAND3_X1)                                   0.0396     1.5691 f
  U2026/ZN (NAND2_X1)                                   0.0391     1.6082 r
  U4809/ZN (AOI21_X1)                                   0.0333     1.6415 f
  U4810/ZN (INV_X1)                                     0.0411     1.6826 r
  DP_i_U2950/ZN (NAND2_X1)                              0.0322     1.7147 f
  DP_i_fetch_i_clk_gate_IR_out_reg/EN (SNPS_CLOCK_GATE_HIGH_fetch)
                                                        0.0000     1.7147 f
  DP_i_fetch_i_clk_gate_IR_out_reg/latch/E (CLKGATETST_X1)
                                                        0.0088     1.7235 f
  data arrival time                                                1.7235

  clock CLK (rise edge)                                 2.0000     2.0000
  clock network delay (ideal)                           0.0500     2.0500
  clock uncertainty                                    -0.0500     2.0000
  DP_i_fetch_i_clk_gate_IR_out_reg/latch/CK (CLKGATETST_X1)
                                                        0.0000     2.0000 r
  clock gating setup time                              -0.0623     1.9377
  data required time                                               1.9377
  --------------------------------------------------------------------------
  data required time                                               1.9377
  data arrival time                                               -1.7235
  --------------------------------------------------------------------------
  slack (MET)                                                      0.2142


  Startpoint: DP_i_fetch_i_IR_out_reg_28_
              (rising edge-triggered flip-flop clocked by CLK)
  Endpoint: DP_i_fetch_i_clk_gate_IR_out_reg/latch
            (gating element for clock CLK)
  Path Group: CLK
  Path Type: max

  Des/Clust/Port     Wire Load Model       Library
  ------------------------------------------------
  DLX                5K_hvratio_1_4        NangateOpenCellLibrary

  Point                                                   Incr       Path
  --------------------------------------------------------------------------
  clock CLK (rise edge)                                 0.0000     0.0000
  clock network delay (ideal)                           0.0500     0.0500
  DP_i_fetch_i_IR_out_reg_28_/CK (DFF_X1)               0.0000     0.0500 r
  DP_i_fetch_i_IR_out_reg_28_/Q (DFF_X1)                0.0964     0.1464 f
  U1421/ZN (OR2_X1)                                     0.0594     0.2058 f
  U2102/ZN (NOR2_X1)                                    0.0637     0.2694 r
  U2151/ZN (NAND2_X1)                                   0.0614     0.3308 f
  U2152/Z (BUF_X2)                                      0.0819     0.4127 f
  U4073/ZN (OR3_X1)                                     0.1164     0.5291 f
  U4074/ZN (NOR4_X1)                                    0.1138     0.6428 r
  U2133/ZN (AND2_X1)                                    0.0844     0.7272 r
  U4099/ZN (INV_X1)                                     0.0396     0.7668 f
  U4100/ZN (AOI21_X1)                                   0.0686     0.8354 r
  U834/ZN (OR3_X2)                                      0.0850     0.9205 r
  U1903/ZN (INV_X1)                                     0.0444     0.9649 f
  U1011/ZN (AND2_X1)                                    0.0478     1.0127 f
  U4740/ZN (NAND2_X1)                                   0.0325     1.0452 r
  U4742/ZN (NAND2_X1)                                   0.0400     1.0852 f
  U805/ZN (NOR2_X1)                                     0.1304     1.2156 r
  U4761/ZN (AOI22_X1)                                   0.0663     1.2819 f
  U4762/ZN (OAI211_X1)                                  0.0435     1.3254 r
  U4763/ZN (OAI221_X1)                                  0.0497     1.3751 f
  U4770/ZN (OAI221_X1)                                  0.0698     1.4449 r
  U4771/ZN (OAI21_X1)                                   0.0451     1.4900 f
  U4772/ZN (NAND2_X1)                                   0.0385     1.5286 r
  U4782/ZN (NAND3_X1)                                   0.0396     1.5681 f
  U2026/ZN (NAND2_X1)                                   0.0391     1.6072 r
  U4809/ZN (AOI21_X1)                                   0.0333     1.6405 f
  U4810/ZN (INV_X1)                                     0.0411     1.6816 r
  DP_i_U2950/ZN (NAND2_X1)                              0.0322     1.7138 f
  DP_i_fetch_i_clk_gate_IR_out_reg/EN (SNPS_CLOCK_GATE_HIGH_fetch)
                                                        0.0000     1.7138 f
  DP_i_fetch_i_clk_gate_IR_out_reg/latch/E (CLKGATETST_X1)
                                                        0.0088     1.7226 f
  data arrival time                                                1.7226

  clock CLK (rise edge)                                 2.0000     2.0000
  clock network delay (ideal)                           0.0500     2.0500
  clock uncertainty                                    -0.0500     2.0000
  DP_i_fetch_i_clk_gate_IR_out_reg/latch/CK (CLKGATETST_X1)
                                                        0.0000     2.0000 r
  clock gating setup time                              -0.0623     1.9377
  data required time                                               1.9377
  --------------------------------------------------------------------------
  data required time                                               1.9377
  data arrival time                                               -1.7226
  --------------------------------------------------------------------------
  slack (MET)                                                      0.2151


  Startpoint: DP_i_fetch_i_btb_update_latch_i_pc_branch_out_reg_5_
              (rising edge-triggered flip-flop clocked by CLK)
  Endpoint: DP_i_fetch_i_btb_i_clk_gate_btb_table_reg_0__TARGET_/latch
            (gating element for clock CLK)
  Path Group: CLK
  Path Type: max

  Des/Clust/Port     Wire Load Model       Library
  ------------------------------------------------
  DLX                5K_hvratio_1_4        NangateOpenCellLibrary

  Point                                                   Incr       Path
  --------------------------------------------------------------------------
  clock CLK (rise edge)                                 0.0000     0.0000
  clock network delay (ideal)                           0.0500     0.0500
  DP_i_fetch_i_btb_update_latch_i_pc_branch_out_reg_5_/CK (DFF_X1)
                                                        0.0000     0.0500 r
  DP_i_fetch_i_btb_update_latch_i_pc_branch_out_reg_5_/Q (DFF_X1)
                                                        0.0974     0.1474 f
  U4171/ZN (NOR2_X1)                                    0.1281     0.2755 r
  U4177/ZN (NAND2_X1)                                   0.0671     0.3426 f
  U1763/ZN (INV_X2)                                     0.1290     0.4716 r
  U4411/ZN (AOI22_X1)                                   0.0742     0.5457 f
  U4414/ZN (NAND4_X1)                                   0.0429     0.5887 r
  U4415/ZN (NOR2_X1)                                    0.0307     0.6193 f
  U4416/ZN (AOI22_X1)                                   0.0620     0.6813 r
  U4417/ZN (OAI221_X1)                                  0.0507     0.7320 f
  U4418/ZN (AOI21_X1)                                   0.0624     0.7944 r
  U4419/ZN (OAI21_X1)                                   0.0372     0.8316 f
  U4517/ZN (NOR4_X1)                                    0.0958     0.9274 r
  U4518/ZN (NAND4_X1)                                   0.0956     1.0229 f
  DP_i_fetch_i_btb_i_U491/ZN (AND4_X1)                  0.0953     1.1182 f
  DP_i_fetch_i_btb_i_U492/ZN (NAND2_X1)                 0.0702     1.1884 r
  DP_i_fetch_i_btb_i_U495/ZN (INV_X1)                   0.0321     1.2205 f
  DP_i_fetch_i_btb_i_U496/ZN (AOI21_X1)                 0.0889     1.3094 r
  DP_i_fetch_i_btb_i_U497/ZN (NOR2_X1)                  0.0292     1.3386 f
  DP_i_fetch_i_btb_i_clk_gate_btb_table_reg_0__TARGET_/EN (SNPS_CLOCK_GATE_HIGH_BTB_NBIT32_BTB_DEPTH16_BTB_INDEX_MSB5_32)
                                                        0.0000     1.3386 f
  DP_i_fetch_i_btb_i_clk_gate_btb_table_reg_0__TARGET_/latch/E (CLKGATETST_X1)
                                                        0.0088     1.3474 f
  data arrival time                                                1.3474

  clock CLK (rise edge)                                 2.0000     2.0000
  clock network delay (ideal)                           0.0500     2.0500
  clock uncertainty                                    -0.0500     2.0000
  DP_i_fetch_i_btb_i_clk_gate_btb_table_reg_0__TARGET_/latch/CK (CLKGATETST_X1)
                                                        0.0000     2.0000 r
  clock gating setup time                              -0.0646     1.9354
  data required time                                               1.9354
  --------------------------------------------------------------------------
  data required time                                               1.9354
  data arrival time                                               -1.3474
  --------------------------------------------------------------------------
  slack (MET)                                                      0.5880


  Startpoint: DP_i_fetch_i_btb_update_latch_i_pc_branch_out_reg_5_
              (rising edge-triggered flip-flop clocked by CLK)
  Endpoint: DP_i_fetch_i_btb_i_clk_gate_btb_table_reg_1__TARGET_/latch
            (gating element for clock CLK)
  Path Group: CLK
  Path Type: max

  Des/Clust/Port     Wire Load Model       Library
  ------------------------------------------------
  DLX                5K_hvratio_1_4        NangateOpenCellLibrary

  Point                                                   Incr       Path
  --------------------------------------------------------------------------
  clock CLK (rise edge)                                 0.0000     0.0000
  clock network delay (ideal)                           0.0500     0.0500
  DP_i_fetch_i_btb_update_latch_i_pc_branch_out_reg_5_/CK (DFF_X1)
                                                        0.0000     0.0500 r
  DP_i_fetch_i_btb_update_latch_i_pc_branch_out_reg_5_/Q (DFF_X1)
                                                        0.0974     0.1474 f
  U4171/ZN (NOR2_X1)                                    0.1281     0.2755 r
  U4177/ZN (NAND2_X1)                                   0.0671     0.3426 f
  U1763/ZN (INV_X2)                                     0.1290     0.4716 r
  U4411/ZN (AOI22_X1)                                   0.0742     0.5457 f
  U4414/ZN (NAND4_X1)                                   0.0429     0.5887 r
  U4415/ZN (NOR2_X1)                                    0.0307     0.6193 f
  U4416/ZN (AOI22_X1)                                   0.0620     0.6813 r
  U4417/ZN (OAI221_X1)                                  0.0507     0.7320 f
  U4418/ZN (AOI21_X1)                                   0.0624     0.7944 r
  U4419/ZN (OAI21_X1)                                   0.0372     0.8316 f
  U4517/ZN (NOR4_X1)                                    0.0958     0.9274 r
  U4518/ZN (NAND4_X1)                                   0.0956     1.0229 f
  DP_i_fetch_i_btb_i_U491/ZN (AND4_X1)                  0.0953     1.1182 f
  DP_i_fetch_i_btb_i_U492/ZN (NAND2_X1)                 0.0702     1.1884 r
  DP_i_fetch_i_btb_i_U495/ZN (INV_X1)                   0.0321     1.2205 f
  DP_i_fetch_i_btb_i_U496/ZN (AOI21_X1)                 0.0889     1.3094 r
  DP_i_fetch_i_btb_i_U499/ZN (NOR2_X1)                  0.0292     1.3386 f
  DP_i_fetch_i_btb_i_clk_gate_btb_table_reg_1__TARGET_/EN (SNPS_CLOCK_GATE_HIGH_BTB_NBIT32_BTB_DEPTH16_BTB_INDEX_MSB5_30)
                                                        0.0000     1.3386 f
  DP_i_fetch_i_btb_i_clk_gate_btb_table_reg_1__TARGET_/latch/E (CLKGATETST_X1)
                                                        0.0088     1.3474 f
  data arrival time                                                1.3474

  clock CLK (rise edge)                                 2.0000     2.0000
  clock network delay (ideal)                           0.0500     2.0500
  clock uncertainty                                    -0.0500     2.0000
  DP_i_fetch_i_btb_i_clk_gate_btb_table_reg_1__TARGET_/latch/CK (CLKGATETST_X1)
                                                        0.0000     2.0000 r
  clock gating setup time                              -0.0646     1.9354
  data required time                                               1.9354
  --------------------------------------------------------------------------
  data required time                                               1.9354
  data arrival time                                               -1.3474
  --------------------------------------------------------------------------
  slack (MET)                                                      0.5880


  Startpoint: DRAM_READY (input port clocked by CLK)
  Endpoint: DP_i_decode_i_B_reg_i_Y_reg_25_
            (rising edge-triggered flip-flop clocked by CLK)
  Path Group: INPUTS
  Path Type: max

  Des/Clust/Port     Wire Load Model       Library
  ------------------------------------------------
  DLX                5K_hvratio_1_4        NangateOpenCellLibrary

  Point                                                   Incr       Path
  --------------------------------------------------------------------------
  clock CLK (rise edge)                                 0.0000     0.0000
  clock network delay (ideal)                           0.0500     0.0500
  input external delay                                  0.2000     0.2500 f
  DRAM_READY (in)                                       0.0007     0.2507 f
  U1801/ZN (OR2_X1)                                     0.0872     0.3379 f
  DP_i_U2528/ZN (NOR2_X4)                               0.2223     0.5602 r
  U869/ZN (INV_X16)                                     0.4447     1.0049 f
  U1510/ZN (INV_X1)                                     0.0574     1.0623 r
  U1908/ZN (AND2_X1)                                    0.0385     1.1008 r
  U8234/ZN (OR2_X1)                                     0.0326     1.1333 r
  DP_i_U2734/ZN (AOI21_X1)                              0.0264     1.1597 f
  DP_i_U2736/ZN (OAI211_X1)                             0.0519     1.2116 r
  DP_i_decode_i_B_reg_i_Y_reg_25_/D (DFF_X1)            0.0110     1.2226 r
  data arrival time                                                1.2226

  clock CLK (rise edge)                                 2.0000     2.0000
  clock network delay (ideal)                           0.0500     2.0500
  clock uncertainty                                    -0.0500     2.0000
  DP_i_decode_i_B_reg_i_Y_reg_25_/CK (DFF_X1)           0.0000     2.0000 r
  library setup time                                   -0.0310     1.9690
  data required time                                               1.9690
  --------------------------------------------------------------------------
  data required time                                               1.9690
  data arrival time                                               -1.2226
  --------------------------------------------------------------------------
  slack (MET)                                                      0.7464


  Startpoint: DRAM_READY (input port clocked by CLK)
  Endpoint: DP_i_decode_i_B_reg_i_Y_reg_25_
            (rising edge-triggered flip-flop clocked by CLK)
  Path Group: INPUTS
  Path Type: max

  Des/Clust/Port     Wire Load Model       Library
  ------------------------------------------------
  DLX                5K_hvratio_1_4        NangateOpenCellLibrary

  Point                                                   Incr       Path
  --------------------------------------------------------------------------
  clock CLK (rise edge)                                 0.0000     0.0000
  clock network delay (ideal)                           0.0500     0.0500
  input external delay                                  0.2000     0.2500 f
  DRAM_READY (in)                                       0.0007     0.2507 f
  U1801/ZN (OR2_X1)                                     0.0872     0.3379 f
  DP_i_U2528/ZN (NOR2_X4)                               0.2223     0.5602 r
  U869/ZN (INV_X16)                                     0.4447     1.0049 f
  U1510/ZN (INV_X1)                                     0.0574     1.0623 r
  U1908/ZN (AND2_X1)                                    0.0385     1.1008 r
  U8234/ZN (OR2_X1)                                     0.0326     1.1333 r
  DP_i_U2734/ZN (AOI21_X1)                              0.0254     1.1587 f
  DP_i_U2736/ZN (OAI211_X1)                             0.0519     1.2106 r
  DP_i_decode_i_B_reg_i_Y_reg_25_/D (DFF_X1)            0.0110     1.2216 r
  data arrival time                                                1.2216

  clock CLK (rise edge)                                 2.0000     2.0000
  clock network delay (ideal)                           0.0500     2.0500
  clock uncertainty                                    -0.0500     2.0000
  DP_i_decode_i_B_reg_i_Y_reg_25_/CK (DFF_X1)           0.0000     2.0000 r
  library setup time                                   -0.0310     1.9690
  data required time                                               1.9690
  --------------------------------------------------------------------------
  data required time                                               1.9690
  data arrival time                                               -1.2216
  --------------------------------------------------------------------------
  slack (MET)                                                      0.7474


  Startpoint: DRAM_READY (input port clocked by CLK)
  Endpoint: DP_i_decode_i_B_reg_i_Y_reg_13_
            (rising edge-triggered flip-flop clocked by CLK)
  Path Group: INPUTS
  Path Type: max

  Des/Clust/Port     Wire Load Model       Library
  ------------------------------------------------
  DLX                5K_hvratio_1_4        NangateOpenCellLibrary

  Point                                                   Incr       Path
  --------------------------------------------------------------------------
  clock CLK (rise edge)                                 0.0000     0.0000
  clock network delay (ideal)                           0.0500     0.0500
  input external delay                                  0.2000     0.2500 f
  DRAM_READY (in)                                       0.0007     0.2507 f
  U1801/ZN (OR2_X1)                                     0.0872     0.3379 f
  DP_i_U2528/ZN (NOR2_X4)                               0.2223     0.5602 r
  U869/ZN (INV_X16)                                     0.4447     1.0049 f
  U9013/ZN (NOR2_X1)                                    0.0661     1.0710 r
  U8227/ZN (OR2_X1)                                     0.0358     1.1068 r
  DP_i_U2806/ZN (AOI21_X1)                              0.0264     1.1332 f
  DP_i_U2808/ZN (OAI211_X1)                             0.0519     1.1850 r
  DP_i_decode_i_B_reg_i_Y_reg_13_/D (DFF_X1)            0.0110     1.1960 r
  data arrival time                                                1.1960

  clock CLK (rise edge)                                 2.0000     2.0000
  clock network delay (ideal)                           0.0500     2.0500
  clock uncertainty                                    -0.0500     2.0000
  DP_i_decode_i_B_reg_i_Y_reg_13_/CK (DFF_X1)           0.0000     2.0000 r
  library setup time                                   -0.0310     1.9690
  data required time                                               1.9690
  --------------------------------------------------------------------------
  data required time                                               1.9690
  data arrival time                                               -1.1960
  --------------------------------------------------------------------------
  slack (MET)                                                      0.7729


  Startpoint: DRAM_READY (input port clocked by CLK)
  Endpoint: DP_i_decode_i_B_reg_i_Y_reg_11_
            (rising edge-triggered flip-flop clocked by CLK)
  Path Group: INPUTS
  Path Type: max

  Des/Clust/Port     Wire Load Model       Library
  ------------------------------------------------
  DLX                5K_hvratio_1_4        NangateOpenCellLibrary

  Point                                                   Incr       Path
  --------------------------------------------------------------------------
  clock CLK (rise edge)                                 0.0000     0.0000
  clock network delay (ideal)                           0.0500     0.0500
  input external delay                                  0.2000     0.2500 f
  DRAM_READY (in)                                       0.0007     0.2507 f
  U1801/ZN (OR2_X1)                                     0.0872     0.3379 f
  DP_i_U2528/ZN (NOR2_X4)                               0.2223     0.5602 r
  U869/ZN (INV_X16)                                     0.4447     1.0049 f
  U9015/ZN (NOR2_X1)                                    0.0661     1.0710 r
  U8223/ZN (OR2_X1)                                     0.0358     1.1068 r
  DP_i_U2818/ZN (AOI21_X1)                              0.0264     1.1332 f
  DP_i_U2820/ZN (OAI211_X1)                             0.0519     1.1850 r
  DP_i_decode_i_B_reg_i_Y_reg_11_/D (DFF_X1)            0.0110     1.1960 r
  data arrival time                                                1.1960

  clock CLK (rise edge)                                 2.0000     2.0000
  clock network delay (ideal)                           0.0500     2.0500
  clock uncertainty                                    -0.0500     2.0000
  DP_i_decode_i_B_reg_i_Y_reg_11_/CK (DFF_X1)           0.0000     2.0000 r
  library setup time                                   -0.0310     1.9690
  data required time                                               1.9690
  --------------------------------------------------------------------------
  data required time                                               1.9690
  data arrival time                                               -1.1960
  --------------------------------------------------------------------------
  slack (MET)                                                      0.7729


  Startpoint: DRAM_READY (input port clocked by CLK)
  Endpoint: DP_i_decode_i_B_reg_i_Y_reg_14_
            (rising edge-triggered flip-flop clocked by CLK)
  Path Group: INPUTS
  Path Type: max

  Des/Clust/Port     Wire Load Model       Library
  ------------------------------------------------
  DLX                5K_hvratio_1_4        NangateOpenCellLibrary

  Point                                                   Incr       Path
  --------------------------------------------------------------------------
  clock CLK (rise edge)                                 0.0000     0.0000
  clock network delay (ideal)                           0.0500     0.0500
  input external delay                                  0.2000     0.2500 f
  DRAM_READY (in)                                       0.0007     0.2507 f
  U1801/ZN (OR2_X1)                                     0.0872     0.3379 f
  DP_i_U2528/ZN (NOR2_X4)                               0.2223     0.5602 r
  U869/ZN (INV_X16)                                     0.4447     1.0049 f
  U2082/ZN (NOR2_X1)                                    0.0661     1.0710 r
  U8232/ZN (OR2_X1)                                     0.0358     1.1068 r
  DP_i_U2800/ZN (AOI21_X1)                              0.0264     1.1332 f
  DP_i_U2802/ZN (OAI211_X1)                             0.0519     1.1850 r
  DP_i_decode_i_B_reg_i_Y_reg_14_/D (DFF_X1)            0.0110     1.1960 r
  data arrival time                                                1.1960

  clock CLK (rise edge)                                 2.0000     2.0000
  clock network delay (ideal)                           0.0500     2.0500
  clock uncertainty                                    -0.0500     2.0000
  DP_i_decode_i_B_reg_i_Y_reg_14_/CK (DFF_X1)           0.0000     2.0000 r
  library setup time                                   -0.0310     1.9690
  data required time                                               1.9690
  --------------------------------------------------------------------------
  data required time                                               1.9690
  data arrival time                                               -1.1960
  --------------------------------------------------------------------------
  slack (MET)                                                      0.7729


  Startpoint: DRAM_READY (input port clocked by CLK)
  Endpoint: DP_i_decode_i_B_reg_i_Y_reg_12_
            (rising edge-triggered flip-flop clocked by CLK)
  Path Group: INPUTS
  Path Type: max

  Des/Clust/Port     Wire Load Model       Library
  ------------------------------------------------
  DLX                5K_hvratio_1_4        NangateOpenCellLibrary

  Point                                                   Incr       Path
  --------------------------------------------------------------------------
  clock CLK (rise edge)                                 0.0000     0.0000
  clock network delay (ideal)                           0.0500     0.0500
  input external delay                                  0.2000     0.2500 f
  DRAM_READY (in)                                       0.0007     0.2507 f
  U1801/ZN (OR2_X1)                                     0.0872     0.3379 f
  DP_i_U2528/ZN (NOR2_X4)                               0.2223     0.5602 r
  U869/ZN (INV_X16)                                     0.4447     1.0049 f
  U9014/ZN (NOR2_X1)                                    0.0661     1.0710 r
  U8241/ZN (OR2_X1)                                     0.0358     1.1068 r
  DP_i_U2812/ZN (AOI21_X1)                              0.0264     1.1332 f
  DP_i_U2814/ZN (OAI211_X1)                             0.0519     1.1850 r
  DP_i_decode_i_B_reg_i_Y_reg_12_/D (DFF_X1)            0.0110     1.1960 r
  data arrival time                                                1.1960

  clock CLK (rise edge)                                 2.0000     2.0000
  clock network delay (ideal)                           0.0500     2.0500
  clock uncertainty                                    -0.0500     2.0000
  DP_i_decode_i_B_reg_i_Y_reg_12_/CK (DFF_X1)           0.0000     2.0000 r
  library setup time                                   -0.0310     1.9690
  data required time                                               1.9690
  --------------------------------------------------------------------------
  data required time                                               1.9690
  data arrival time                                               -1.1960
  --------------------------------------------------------------------------
  slack (MET)                                                      0.7729


  Startpoint: DRAM_READY (input port clocked by CLK)
  Endpoint: DP_i_decode_i_B_reg_i_Y_reg_7_
            (rising edge-triggered flip-flop clocked by CLK)
  Path Group: INPUTS
  Path Type: max

  Des/Clust/Port     Wire Load Model       Library
  ------------------------------------------------
  DLX                5K_hvratio_1_4        NangateOpenCellLibrary

  Point                                                   Incr       Path
  --------------------------------------------------------------------------
  clock CLK (rise edge)                                 0.0000     0.0000
  clock network delay (ideal)                           0.0500     0.0500
  input external delay                                  0.2000     0.2500 f
  DRAM_READY (in)                                       0.0007     0.2507 f
  U1801/ZN (OR2_X1)                                     0.0872     0.3379 f
  DP_i_U2528/ZN (NOR2_X4)                               0.2223     0.5602 r
  U869/ZN (INV_X16)                                     0.4447     1.0049 f
  U9019/ZN (NOR2_X1)                                    0.0661     1.0710 r
  U8239/ZN (OR2_X1)                                     0.0358     1.1068 r
  DP_i_U2842/ZN (AOI21_X1)                              0.0264     1.1332 f
  DP_i_U2844/ZN (OAI211_X1)                             0.0519     1.1850 r
  DP_i_decode_i_B_reg_i_Y_reg_7_/D (DFF_X1)             0.0110     1.1960 r
  data arrival time                                                1.1960

  clock CLK (rise edge)                                 2.0000     2.0000
  clock network delay (ideal)                           0.0500     2.0500
  clock uncertainty                                    -0.0500     2.0000
  DP_i_decode_i_B_reg_i_Y_reg_7_/CK (DFF_X1)            0.0000     2.0000 r
  library setup time                                   -0.0310     1.9690
  data required time                                               1.9690
  --------------------------------------------------------------------------
  data required time                                               1.9690
  data arrival time                                               -1.1960
  --------------------------------------------------------------------------
  slack (MET)                                                      0.7729


  Startpoint: DRAM_READY (input port clocked by CLK)
  Endpoint: DP_i_decode_i_B_reg_i_Y_reg_10_
            (rising edge-triggered flip-flop clocked by CLK)
  Path Group: INPUTS
  Path Type: max

  Des/Clust/Port     Wire Load Model       Library
  ------------------------------------------------
  DLX                5K_hvratio_1_4        NangateOpenCellLibrary

  Point                                                   Incr       Path
  --------------------------------------------------------------------------
  clock CLK (rise edge)                                 0.0000     0.0000
  clock network delay (ideal)                           0.0500     0.0500
  input external delay                                  0.2000     0.2500 f
  DRAM_READY (in)                                       0.0007     0.2507 f
  U1801/ZN (OR2_X1)                                     0.0872     0.3379 f
  DP_i_U2528/ZN (NOR2_X4)                               0.2223     0.5602 r
  U869/ZN (INV_X16)                                     0.4447     1.0049 f
  U9016/ZN (NOR2_X1)                                    0.0661     1.0710 r
  U8240/ZN (OR2_X1)                                     0.0358     1.1068 r
  DP_i_U2824/ZN (AOI21_X1)                              0.0264     1.1332 f
  DP_i_U2826/ZN (OAI211_X1)                             0.0519     1.1850 r
  DP_i_decode_i_B_reg_i_Y_reg_10_/D (DFF_X1)            0.0110     1.1960 r
  data arrival time                                                1.1960

  clock CLK (rise edge)                                 2.0000     2.0000
  clock network delay (ideal)                           0.0500     2.0500
  clock uncertainty                                    -0.0500     2.0000
  DP_i_decode_i_B_reg_i_Y_reg_10_/CK (DFF_X1)           0.0000     2.0000 r
  library setup time                                   -0.0310     1.9690
  data required time                                               1.9690
  --------------------------------------------------------------------------
  data required time                                               1.9690
  data arrival time                                               -1.1960
  --------------------------------------------------------------------------
  slack (MET)                                                      0.7729


  Startpoint: DRAM_READY (input port clocked by CLK)
  Endpoint: DP_i_decode_i_B_reg_i_Y_reg_8_
            (rising edge-triggered flip-flop clocked by CLK)
  Path Group: INPUTS
  Path Type: max

  Des/Clust/Port     Wire Load Model       Library
  ------------------------------------------------
  DLX                5K_hvratio_1_4        NangateOpenCellLibrary

  Point                                                   Incr       Path
  --------------------------------------------------------------------------
  clock CLK (rise edge)                                 0.0000     0.0000
  clock network delay (ideal)                           0.0500     0.0500
  input external delay                                  0.2000     0.2500 f
  DRAM_READY (in)                                       0.0007     0.2507 f
  U1801/ZN (OR2_X1)                                     0.0872     0.3379 f
  DP_i_U2528/ZN (NOR2_X4)                               0.2223     0.5602 r
  U869/ZN (INV_X16)                                     0.4447     1.0049 f
  U9018/ZN (NOR2_X1)                                    0.0661     1.0710 r
  U8233/ZN (OR2_X1)                                     0.0358     1.1068 r
  DP_i_U2836/ZN (AOI21_X1)                              0.0264     1.1332 f
  DP_i_U2838/ZN (OAI211_X1)                             0.0519     1.1850 r
  DP_i_decode_i_B_reg_i_Y_reg_8_/D (DFF_X1)             0.0110     1.1960 r
  data arrival time                                                1.1960

  clock CLK (rise edge)                                 2.0000     2.0000
  clock network delay (ideal)                           0.0500     2.0500
  clock uncertainty                                    -0.0500     2.0000
  DP_i_decode_i_B_reg_i_Y_reg_8_/CK (DFF_X1)            0.0000     2.0000 r
  library setup time                                   -0.0310     1.9690
  data required time                                               1.9690
  --------------------------------------------------------------------------
  data required time                                               1.9690
  data arrival time                                               -1.1960
  --------------------------------------------------------------------------
  slack (MET)                                                      0.7729


  Startpoint: DRAM_READY (input port clocked by CLK)
  Endpoint: DP_i_decode_i_B_reg_i_Y_reg_15_
            (rising edge-triggered flip-flop clocked by CLK)
  Path Group: INPUTS
  Path Type: max

  Des/Clust/Port     Wire Load Model       Library
  ------------------------------------------------
  DLX                5K_hvratio_1_4        NangateOpenCellLibrary

  Point                                                   Incr       Path
  --------------------------------------------------------------------------
  clock CLK (rise edge)                                 0.0000     0.0000
  clock network delay (ideal)                           0.0500     0.0500
  input external delay                                  0.2000     0.2500 f
  DRAM_READY (in)                                       0.0007     0.2507 f
  U1801/ZN (OR2_X1)                                     0.0872     0.3379 f
  DP_i_U2528/ZN (NOR2_X4)                               0.2223     0.5602 r
  U869/ZN (INV_X16)                                     0.4447     1.0049 f
  U1894/ZN (NOR2_X1)                                    0.0661     1.0710 r
  U8222/ZN (OR2_X1)                                     0.0358     1.1068 r
  DP_i_U2794/ZN (AOI21_X1)                              0.0264     1.1332 f
  DP_i_U2796/ZN (OAI211_X1)                             0.0519     1.1850 r
  DP_i_decode_i_B_reg_i_Y_reg_15_/D (DFF_X1)            0.0110     1.1960 r
  data arrival time                                                1.1960

  clock CLK (rise edge)                                 2.0000     2.0000
  clock network delay (ideal)                           0.0500     2.0500
  clock uncertainty                                    -0.0500     2.0000
  DP_i_decode_i_B_reg_i_Y_reg_15_/CK (DFF_X1)           0.0000     2.0000 r
  library setup time                                   -0.0310     1.9690
  data required time                                               1.9690
  --------------------------------------------------------------------------
  data required time                                               1.9690
  data arrival time                                               -1.1960
  --------------------------------------------------------------------------
  slack (MET)                                                      0.7729


  Startpoint: DP_i_fetch_i_IR_out_reg_28_
              (rising edge-triggered flip-flop clocked by CLK)
  Endpoint: IRAM_ISSUE (output port clocked by CLK)
  Path Group: OUTPUTS
  Path Type: max

  Des/Clust/Port     Wire Load Model       Library
  ------------------------------------------------
  DLX                5K_hvratio_1_4        NangateOpenCellLibrary

  Point                                                   Incr       Path
  --------------------------------------------------------------------------
  clock CLK (rise edge)                                 0.0000     0.0000
  clock network delay (ideal)                           0.0500     0.0500
  DP_i_fetch_i_IR_out_reg_28_/CK (DFF_X1)               0.0000     0.0500 r
  DP_i_fetch_i_IR_out_reg_28_/Q (DFF_X1)                0.0964     0.1464 f
  U1421/ZN (OR2_X1)                                     0.0594     0.2058 f
  U2102/ZN (NOR2_X1)                                    0.0637     0.2694 r
  U2151/ZN (NAND2_X1)                                   0.0614     0.3308 f
  U2152/Z (BUF_X2)                                      0.0819     0.4127 f
  U4073/ZN (OR3_X1)                                     0.1164     0.5291 f
  U4074/ZN (NOR4_X1)                                    0.1138     0.6428 r
  U2133/ZN (AND2_X1)                                    0.0844     0.7272 r
  U4099/ZN (INV_X1)                                     0.0396     0.7668 f
  U4100/ZN (AOI21_X1)                                   0.0686     0.8354 r
  U834/ZN (OR3_X2)                                      0.0850     0.9205 r
  U1903/ZN (INV_X1)                                     0.0444     0.9649 f
  U1011/ZN (AND2_X1)                                    0.0478     1.0127 f
  U4740/ZN (NAND2_X1)                                   0.0325     1.0452 r
  U4742/ZN (NAND2_X1)                                   0.0400     1.0852 f
  U805/ZN (NOR2_X1)                                     0.1304     1.2156 r
  U4761/ZN (AOI22_X1)                                   0.0663     1.2819 f
  U4762/ZN (OAI211_X1)                                  0.0444     1.3264 r
  U4763/ZN (OAI221_X1)                                  0.0497     1.3761 f
  U4770/ZN (OAI221_X1)                                  0.0698     1.4459 r
  U4771/ZN (OAI21_X1)                                   0.0451     1.4910 f
  U4772/ZN (NAND2_X1)                                   0.0385     1.5295 r
  U4782/ZN (NAND3_X1)                                   0.0396     1.5691 f
  U2026/ZN (NAND2_X1)                                   0.0391     1.6082 r
  U4809/ZN (AOI21_X1)                                   0.0333     1.6415 f
  IRAM_ISSUE (out)                                      0.0035     1.6449 f
  data arrival time                                                1.6449

  clock CLK (rise edge)                                 2.0000     2.0000
  clock network delay (ideal)                           0.0500     2.0500
  clock uncertainty                                    -0.0500     2.0000
  output external delay                                -0.2000     1.8000
  data required time                                               1.8000
  --------------------------------------------------------------------------
  data required time                                               1.8000
  data arrival time                                               -1.6449
  --------------------------------------------------------------------------
  slack (MET)                                                      0.1551


  Startpoint: DP_i_fetch_i_IR_out_reg_28_
              (rising edge-triggered flip-flop clocked by CLK)
  Endpoint: IRAM_ISSUE (output port clocked by CLK)
  Path Group: OUTPUTS
  Path Type: max

  Des/Clust/Port     Wire Load Model       Library
  ------------------------------------------------
  DLX                5K_hvratio_1_4        NangateOpenCellLibrary

  Point                                                   Incr       Path
  --------------------------------------------------------------------------
  clock CLK (rise edge)                                 0.0000     0.0000
  clock network delay (ideal)                           0.0500     0.0500
  DP_i_fetch_i_IR_out_reg_28_/CK (DFF_X1)               0.0000     0.0500 r
  DP_i_fetch_i_IR_out_reg_28_/Q (DFF_X1)                0.0964     0.1464 f
  U1421/ZN (OR2_X1)                                     0.0594     0.2058 f
  U2102/ZN (NOR2_X1)                                    0.0637     0.2694 r
  U2151/ZN (NAND2_X1)                                   0.0614     0.3308 f
  U2152/Z (BUF_X2)                                      0.0819     0.4127 f
  U4073/ZN (OR3_X1)                                     0.1164     0.5291 f
  U4074/ZN (NOR4_X1)                                    0.1138     0.6428 r
  U2133/ZN (AND2_X1)                                    0.0844     0.7272 r
  U4099/ZN (INV_X1)                                     0.0396     0.7668 f
  U4100/ZN (AOI21_X1)                                   0.0686     0.8354 r
  U834/ZN (OR3_X2)                                      0.0850     0.9205 r
  U1903/ZN (INV_X1)                                     0.0444     0.9649 f
  U1011/ZN (AND2_X1)                                    0.0478     1.0127 f
  U4740/ZN (NAND2_X1)                                   0.0325     1.0452 r
  U4742/ZN (NAND2_X1)                                   0.0400     1.0852 f
  U805/ZN (NOR2_X1)                                     0.1304     1.2156 r
  U4761/ZN (AOI22_X1)                                   0.0663     1.2819 f
  U4762/ZN (OAI211_X1)                                  0.0435     1.3254 r
  U4763/ZN (OAI221_X1)                                  0.0497     1.3751 f
  U4770/ZN (OAI221_X1)                                  0.0698     1.4449 r
  U4771/ZN (OAI21_X1)                                   0.0451     1.4900 f
  U4772/ZN (NAND2_X1)                                   0.0385     1.5286 r
  U4782/ZN (NAND3_X1)                                   0.0396     1.5681 f
  U2026/ZN (NAND2_X1)                                   0.0391     1.6072 r
  U4809/ZN (AOI21_X1)                                   0.0333     1.6405 f
  IRAM_ISSUE (out)                                      0.0035     1.6440 f
  data arrival time                                                1.6440

  clock CLK (rise edge)                                 2.0000     2.0000
  clock network delay (ideal)                           0.0500     2.0500
  clock uncertainty                                    -0.0500     2.0000
  output external delay                                -0.2000     1.8000
  data required time                                               1.8000
  --------------------------------------------------------------------------
  data required time                                               1.8000
  data arrival time                                               -1.6440
  --------------------------------------------------------------------------
  slack (MET)                                                      0.1560


  Startpoint: DP_i_execute_i_alu_out_reg_i_Y_reg_1_
              (rising edge-triggered flip-flop clocked by CLK)
  Endpoint: DRAM_DATA[31]
            (output port clocked by CLK)
  Path Group: OUTPUTS
  Path Type: max

  Des/Clust/Port     Wire Load Model       Library
  ------------------------------------------------
  DLX                5K_hvratio_1_4        NangateOpenCellLibrary

  Point                                                   Incr       Path
  --------------------------------------------------------------------------
  clock CLK (rise edge)                                 0.0000     0.0000
  clock network delay (ideal)                           0.0500     0.0500
  DP_i_execute_i_alu_out_reg_i_Y_reg_1_/CK (DFF_X1)     0.0000     0.0500 r
  DP_i_execute_i_alu_out_reg_i_Y_reg_1_/Q (DFF_X1)      0.1516     0.2016 r
  U2617/ZN (AOI21_X1)                                   0.0534     0.2550 f
  U2128/ZN (OR3_X1)                                     0.0765     0.3314 f
  U2618/ZN (NAND2_X1)                                   0.0514     0.3828 r
  U2134/ZN (NOR2_X1)                                    0.0383     0.4211 f
  U4138/ZN (INV_X1)                                     0.0369     0.4580 r
  U1836/ZN (OR2_X4)                                     0.1493     0.6073 r
  DRAM_DATA_tri_31_/Z (TBUF_X1)                         0.2590     0.8663 f
  DRAM_DATA[31] (inout)                                 0.0054     0.8717 f
  data arrival time                                                0.8717

  clock CLK (rise edge)                                 2.0000     2.0000
  clock network delay (ideal)                           0.0500     2.0500
  clock uncertainty                                    -0.0500     2.0000
  output external delay                                -0.2000     1.8000
  data required time                                               1.8000
  --------------------------------------------------------------------------
  data required time                                               1.8000
  data arrival time                                               -0.8717
  --------------------------------------------------------------------------
  slack (MET)                                                      0.9283


  Startpoint: DP_i_execute_i_alu_out_reg_i_Y_reg_1_
              (rising edge-triggered flip-flop clocked by CLK)
  Endpoint: DRAM_DATA[28]
            (output port clocked by CLK)
  Path Group: OUTPUTS
  Path Type: max

  Des/Clust/Port     Wire Load Model       Library
  ------------------------------------------------
  DLX                5K_hvratio_1_4        NangateOpenCellLibrary

  Point                                                   Incr       Path
  --------------------------------------------------------------------------
  clock CLK (rise edge)                                 0.0000     0.0000
  clock network delay (ideal)                           0.0500     0.0500
  DP_i_execute_i_alu_out_reg_i_Y_reg_1_/CK (DFF_X1)     0.0000     0.0500 r
  DP_i_execute_i_alu_out_reg_i_Y_reg_1_/Q (DFF_X1)      0.1516     0.2016 r
  U2617/ZN (AOI21_X1)                                   0.0534     0.2550 f
  U2128/ZN (OR3_X1)                                     0.0765     0.3314 f
  U2618/ZN (NAND2_X1)                                   0.0514     0.3828 r
  U2134/ZN (NOR2_X1)                                    0.0383     0.4211 f
  U4138/ZN (INV_X1)                                     0.0369     0.4580 r
  U1836/ZN (OR2_X4)                                     0.1493     0.6073 r
  DRAM_DATA_tri_28_/Z (TBUF_X1)                         0.2590     0.8663 f
  DRAM_DATA[28] (inout)                                 0.0048     0.8711 f
  data arrival time                                                0.8711

  clock CLK (rise edge)                                 2.0000     2.0000
  clock network delay (ideal)                           0.0500     2.0500
  clock uncertainty                                    -0.0500     2.0000
  output external delay                                -0.2000     1.8000
  data required time                                               1.8000
  --------------------------------------------------------------------------
  data required time                                               1.8000
  data arrival time                                               -0.8711
  --------------------------------------------------------------------------
  slack (MET)                                                      0.9289


  Startpoint: DP_i_execute_i_alu_out_reg_i_Y_reg_1_
              (rising edge-triggered flip-flop clocked by CLK)
  Endpoint: DRAM_DATA[27]
            (output port clocked by CLK)
  Path Group: OUTPUTS
  Path Type: max

  Des/Clust/Port     Wire Load Model       Library
  ------------------------------------------------
  DLX                5K_hvratio_1_4        NangateOpenCellLibrary

  Point                                                   Incr       Path
  --------------------------------------------------------------------------
  clock CLK (rise edge)                                 0.0000     0.0000
  clock network delay (ideal)                           0.0500     0.0500
  DP_i_execute_i_alu_out_reg_i_Y_reg_1_/CK (DFF_X1)     0.0000     0.0500 r
  DP_i_execute_i_alu_out_reg_i_Y_reg_1_/Q (DFF_X1)      0.1516     0.2016 r
  U2617/ZN (AOI21_X1)                                   0.0534     0.2550 f
  U2128/ZN (OR3_X1)                                     0.0765     0.3314 f
  U2618/ZN (NAND2_X1)                                   0.0514     0.3828 r
  U2134/ZN (NOR2_X1)                                    0.0383     0.4211 f
  U4138/ZN (INV_X1)                                     0.0369     0.4580 r
  U1836/ZN (OR2_X4)                                     0.1493     0.6073 r
  DRAM_DATA_tri_27_/Z (TBUF_X1)                         0.2590     0.8663 f
  DRAM_DATA[27] (inout)                                 0.0048     0.8711 f
  data arrival time                                                0.8711

  clock CLK (rise edge)                                 2.0000     2.0000
  clock network delay (ideal)                           0.0500     2.0500
  clock uncertainty                                    -0.0500     2.0000
  output external delay                                -0.2000     1.8000
  data required time                                               1.8000
  --------------------------------------------------------------------------
  data required time                                               1.8000
  data arrival time                                               -0.8711
  --------------------------------------------------------------------------
  slack (MET)                                                      0.9289


  Startpoint: DP_i_execute_i_alu_out_reg_i_Y_reg_1_
              (rising edge-triggered flip-flop clocked by CLK)
  Endpoint: DRAM_DATA[26]
            (output port clocked by CLK)
  Path Group: OUTPUTS
  Path Type: max

  Des/Clust/Port     Wire Load Model       Library
  ------------------------------------------------
  DLX                5K_hvratio_1_4        NangateOpenCellLibrary

  Point                                                   Incr       Path
  --------------------------------------------------------------------------
  clock CLK (rise edge)                                 0.0000     0.0000
  clock network delay (ideal)                           0.0500     0.0500
  DP_i_execute_i_alu_out_reg_i_Y_reg_1_/CK (DFF_X1)     0.0000     0.0500 r
  DP_i_execute_i_alu_out_reg_i_Y_reg_1_/Q (DFF_X1)      0.1516     0.2016 r
  U2617/ZN (AOI21_X1)                                   0.0534     0.2550 f
  U2128/ZN (OR3_X1)                                     0.0765     0.3314 f
  U2618/ZN (NAND2_X1)                                   0.0514     0.3828 r
  U2134/ZN (NOR2_X1)                                    0.0383     0.4211 f
  U4138/ZN (INV_X1)                                     0.0369     0.4580 r
  U1836/ZN (OR2_X4)                                     0.1493     0.6073 r
  DRAM_DATA_tri_26_/Z (TBUF_X1)                         0.2590     0.8663 f
  DRAM_DATA[26] (inout)                                 0.0048     0.8711 f
  data arrival time                                                0.8711

  clock CLK (rise edge)                                 2.0000     2.0000
  clock network delay (ideal)                           0.0500     2.0500
  clock uncertainty                                    -0.0500     2.0000
  output external delay                                -0.2000     1.8000
  data required time                                               1.8000
  --------------------------------------------------------------------------
  data required time                                               1.8000
  data arrival time                                               -0.8711
  --------------------------------------------------------------------------
  slack (MET)                                                      0.9289


  Startpoint: DP_i_execute_i_alu_out_reg_i_Y_reg_1_
              (rising edge-triggered flip-flop clocked by CLK)
  Endpoint: DRAM_DATA[25]
            (output port clocked by CLK)
  Path Group: OUTPUTS
  Path Type: max

  Des/Clust/Port     Wire Load Model       Library
  ------------------------------------------------
  DLX                5K_hvratio_1_4        NangateOpenCellLibrary

  Point                                                   Incr       Path
  --------------------------------------------------------------------------
  clock CLK (rise edge)                                 0.0000     0.0000
  clock network delay (ideal)                           0.0500     0.0500
  DP_i_execute_i_alu_out_reg_i_Y_reg_1_/CK (DFF_X1)     0.0000     0.0500 r
  DP_i_execute_i_alu_out_reg_i_Y_reg_1_/Q (DFF_X1)      0.1516     0.2016 r
  U2617/ZN (AOI21_X1)                                   0.0534     0.2550 f
  U2128/ZN (OR3_X1)                                     0.0765     0.3314 f
  U2618/ZN (NAND2_X1)                                   0.0514     0.3828 r
  U2134/ZN (NOR2_X1)                                    0.0383     0.4211 f
  U4138/ZN (INV_X1)                                     0.0369     0.4580 r
  U1836/ZN (OR2_X4)                                     0.1493     0.6073 r
  DRAM_DATA_tri_25_/Z (TBUF_X1)                         0.2590     0.8663 f
  DRAM_DATA[25] (inout)                                 0.0048     0.8711 f
  data arrival time                                                0.8711

  clock CLK (rise edge)                                 2.0000     2.0000
  clock network delay (ideal)                           0.0500     2.0500
  clock uncertainty                                    -0.0500     2.0000
  output external delay                                -0.2000     1.8000
  data required time                                               1.8000
  --------------------------------------------------------------------------
  data required time                                               1.8000
  data arrival time                                               -0.8711
  --------------------------------------------------------------------------
  slack (MET)                                                      0.9289


  Startpoint: DP_i_execute_i_alu_out_reg_i_Y_reg_1_
              (rising edge-triggered flip-flop clocked by CLK)
  Endpoint: DRAM_DATA[24]
            (output port clocked by CLK)
  Path Group: OUTPUTS
  Path Type: max

  Des/Clust/Port     Wire Load Model       Library
  ------------------------------------------------
  DLX                5K_hvratio_1_4        NangateOpenCellLibrary

  Point                                                   Incr       Path
  --------------------------------------------------------------------------
  clock CLK (rise edge)                                 0.0000     0.0000
  clock network delay (ideal)                           0.0500     0.0500
  DP_i_execute_i_alu_out_reg_i_Y_reg_1_/CK (DFF_X1)     0.0000     0.0500 r
  DP_i_execute_i_alu_out_reg_i_Y_reg_1_/Q (DFF_X1)      0.1516     0.2016 r
  U2617/ZN (AOI21_X1)                                   0.0534     0.2550 f
  U2128/ZN (OR3_X1)                                     0.0765     0.3314 f
  U2618/ZN (NAND2_X1)                                   0.0514     0.3828 r
  U2134/ZN (NOR2_X1)                                    0.0383     0.4211 f
  U4138/ZN (INV_X1)                                     0.0369     0.4580 r
  U1836/ZN (OR2_X4)                                     0.1493     0.6073 r
  DRAM_DATA_tri_24_/Z (TBUF_X1)                         0.2590     0.8663 f
  DRAM_DATA[24] (inout)                                 0.0048     0.8711 f
  data arrival time                                                0.8711

  clock CLK (rise edge)                                 2.0000     2.0000
  clock network delay (ideal)                           0.0500     2.0500
  clock uncertainty                                    -0.0500     2.0000
  output external delay                                -0.2000     1.8000
  data required time                                               1.8000
  --------------------------------------------------------------------------
  data required time                                               1.8000
  data arrival time                                               -0.8711
  --------------------------------------------------------------------------
  slack (MET)                                                      0.9289


  Startpoint: DP_i_execute_i_alu_out_reg_i_Y_reg_1_
              (rising edge-triggered flip-flop clocked by CLK)
  Endpoint: DRAM_DATA[23]
            (output port clocked by CLK)
  Path Group: OUTPUTS
  Path Type: max

  Des/Clust/Port     Wire Load Model       Library
  ------------------------------------------------
  DLX                5K_hvratio_1_4        NangateOpenCellLibrary

  Point                                                   Incr       Path
  --------------------------------------------------------------------------
  clock CLK (rise edge)                                 0.0000     0.0000
  clock network delay (ideal)                           0.0500     0.0500
  DP_i_execute_i_alu_out_reg_i_Y_reg_1_/CK (DFF_X1)     0.0000     0.0500 r
  DP_i_execute_i_alu_out_reg_i_Y_reg_1_/Q (DFF_X1)      0.1516     0.2016 r
  U2617/ZN (AOI21_X1)                                   0.0534     0.2550 f
  U2128/ZN (OR3_X1)                                     0.0765     0.3314 f
  U2618/ZN (NAND2_X1)                                   0.0514     0.3828 r
  U2134/ZN (NOR2_X1)                                    0.0383     0.4211 f
  U4138/ZN (INV_X1)                                     0.0369     0.4580 r
  U1836/ZN (OR2_X4)                                     0.1493     0.6073 r
  DRAM_DATA_tri_23_/Z (TBUF_X1)                         0.2590     0.8663 f
  DRAM_DATA[23] (inout)                                 0.0048     0.8711 f
  data arrival time                                                0.8711

  clock CLK (rise edge)                                 2.0000     2.0000
  clock network delay (ideal)                           0.0500     2.0500
  clock uncertainty                                    -0.0500     2.0000
  output external delay                                -0.2000     1.8000
  data required time                                               1.8000
  --------------------------------------------------------------------------
  data required time                                               1.8000
  data arrival time                                               -0.8711
  --------------------------------------------------------------------------
  slack (MET)                                                      0.9289


  Startpoint: DP_i_execute_i_alu_out_reg_i_Y_reg_1_
              (rising edge-triggered flip-flop clocked by CLK)
  Endpoint: DRAM_DATA[15]
            (output port clocked by CLK)
  Path Group: OUTPUTS
  Path Type: max

  Des/Clust/Port     Wire Load Model       Library
  ------------------------------------------------
  DLX                5K_hvratio_1_4        NangateOpenCellLibrary

  Point                                                   Incr       Path
  --------------------------------------------------------------------------
  clock CLK (rise edge)                                 0.0000     0.0000
  clock network delay (ideal)                           0.0500     0.0500
  DP_i_execute_i_alu_out_reg_i_Y_reg_1_/CK (DFF_X1)     0.0000     0.0500 r
  DP_i_execute_i_alu_out_reg_i_Y_reg_1_/Q (DFF_X1)      0.1516     0.2016 r
  U2617/ZN (AOI21_X1)                                   0.0534     0.2550 f
  U2128/ZN (OR3_X1)                                     0.0765     0.3314 f
  U2618/ZN (NAND2_X1)                                   0.0514     0.3828 r
  U2134/ZN (NOR2_X1)                                    0.0383     0.4211 f
  U4138/ZN (INV_X1)                                     0.0369     0.4580 r
  U1836/ZN (OR2_X4)                                     0.1493     0.6073 r
  DRAM_DATA_tri_15_/Z (TBUF_X1)                         0.2590     0.8663 f
  DRAM_DATA[15] (inout)                                 0.0048     0.8711 f
  data arrival time                                                0.8711

  clock CLK (rise edge)                                 2.0000     2.0000
  clock network delay (ideal)                           0.0500     2.0500
  clock uncertainty                                    -0.0500     2.0000
  output external delay                                -0.2000     1.8000
  data required time                                               1.8000
  --------------------------------------------------------------------------
  data required time                                               1.8000
  data arrival time                                               -0.8711
  --------------------------------------------------------------------------
  slack (MET)                                                      0.9289


1
