 
****************************************
Report : timing
        -path full
        -delay max
        -nworst 2
        -max_paths 10
Design : DLX
Version: W-2024.09-SP2
Date   : Sun Sep 27 11:59:26 2026
****************************************

Operating Conditions: typical   Library: NangateOpenCellLibrary
Wire Load Model Mode: top

  Startpoint: DP_i/fetch_i_IR_out_reg_26_
              (rising edge-triggered flip-flop clocked by CLK)
  Endpoint: DP_i/fetch_i_pc_i_Y_reg_26_
            (rising edge-triggered flip-flop clocked by CLK)
  Path Group: REG2REG
  Path Type: max

  Des/Clust/Port     Wire Load Model       Library
  ------------------------------------------------
  DLX                5K_hvratio_1_4        NangateOpenCellLibrary

  Point                                                   Incr       Path
  --------------------------------------------------------------------------
  clock CLK (rise edge)                                 0.0000     0.0000
  clock network delay (ideal)                           0.0500     0.0500
  DP_i/fetch_i_IR_out_reg_26_/CK (DFF_X1)               0.0000     0.0500 r
  DP_i/fetch_i_IR_out_reg_26_/Q (DFF_X1)                0.1050     0.1550 f
  DP_i/opcode[0] (DataPath)                             0.0000     0.1550 f
  U805/ZN (INV_X1)                                      0.0497     0.2047 r
  U808/ZN (NAND3_X1)                                    0.0443     0.2490 f
  U809/ZN (NOR2_X1)                                     0.0797     0.3287 r
  DP_i/RF2 (DataPath)                                   0.0000     0.3287 r
  DP_i/U1270/ZN (OR2_X1)                                0.0497     0.3784 r
  DP_i/U1271/ZN (NOR2_X1)                               0.0322     0.4106 f
  DP_i/U1272/ZN (AOI21_X1)                              0.0689     0.4796 r
  DP_i/U1273/ZN (AOI21_X1)                              0.0371     0.5166 f
  DP_i/U1274/ZN (AND2_X1)                               0.0462     0.5628 f
  DP_i/U1275/ZN (NOR2_X1)                               0.0511     0.6138 r
  DP_i/U1276/ZN (OAI211_X1)                             0.0502     0.6640 f
  DP_i/U1277/ZN (NOR2_X1)                               0.0551     0.7191 r
  DP_i/U1278/ZN (NAND2_X1)                              0.0331     0.7522 f
  DP_i/U1280/ZN (NAND2_X1)                              0.0318     0.7840 r
  DP_i/U1434/CO (FA_X1)                                 0.0703     0.8543 r
  DP_i/U1290/ZN (NAND2_X1)                              0.0353     0.8896 f
  DP_i/U1294/ZN (NAND2_X1)                              0.0345     0.9241 r
  DP_i/U1296/ZN (NOR2_X1)                               0.0294     0.9535 f
  DP_i/U1297/ZN (NOR2_X1)                               0.0524     1.0059 r
  DP_i/U1300/ZN (NAND2_X1)                              0.0322     1.0380 f
  DP_i/U1301/ZN (NAND2_X1)                              0.0294     1.0674 r
  DP_i/U1304/ZN (NAND2_X1)                              0.0307     1.0981 f
  DP_i/U1306/ZN (NOR2_X1)                               0.0575     1.1555 r
  DP_i/U1309/ZN (XNOR2_X1)                              0.0703     1.2259 r
  DP_i/U1310/ZN (NOR2_X1)                               0.0333     1.2592 f
  DP_i/U1311/ZN (AOI21_X1)                              0.0678     1.3270 r
  DP_i/U1312/ZN (NAND2_X1)                              0.0330     1.3600 f
  DP_i/U1313/ZN (NAND2_X1)                              0.0331     1.3932 r
  DP_i/U1314/ZN (NAND2_X1)                              0.0339     1.4271 f
  DP_i/U1316/ZN (OAI21_X1)                              0.0653     1.4924 r
  DP_i/U1319/ZN (NAND2_X1)                              0.0339     1.5263 f
  DP_i/U1320/ZN (NAND2_X1)                              0.0339     1.5602 r
  DP_i/U1323/ZN (NOR2_X1)                               0.0295     1.5897 f
  DP_i/U1324/ZN (AOI21_X1)                              0.0648     1.6546 r
  DP_i/U1327/ZN (NAND2_X1)                              0.0366     1.6911 f
  DP_i/U1328/ZN (NOR2_X1)                               0.0536     1.7447 r
  DP_i/U1329/ZN (OR2_X1)                                0.0435     1.7882 r
  DP_i/U1432/CO (FA_X1)                                 0.0822     1.8704 r
  DP_i/U1330/ZN (OAI21_X1)                              0.0407     1.9111 f
  DP_i/U1334/ZN (NOR2_X1)                               0.0487     1.9599 r
  DP_i/U1339/ZN (NAND2_X1)                              0.0351     1.9949 f
  DP_i/U1346/ZN (NAND2_X1)                              0.0339     2.0289 r
  DP_i/U1347/ZN (AOI21_X1)                              0.0355     2.0644 f
  DP_i/U1348/ZN (AOI21_X1)                              0.0809     2.1452 r
  DP_i/U1350/ZN (NAND2_X1)                              0.0409     2.1861 f
  DP_i/U1351/ZN (NOR2_X1)                               0.0724     2.2585 r
  DP_i/U1362/ZN (XNOR2_X1)                              0.0771     2.3356 r
  DP_i/U1364/ZN (AND2_X1)                               0.0508     2.3864 r
  DP_i/U1365/ZN (NOR3_X1)                               0.0252     2.4116 f
  DP_i/U1469/ZN (OAI211_X1)                             0.0366     2.4482 r
  DP_i/U1471/ZN (NOR2_X1)                               0.0275     2.4757 f
  DP_i/U1575/ZN (AOI211_X1)                             0.0825     2.5582 r
  DP_i/U97/Z (BUF_X1)                                   0.0624     2.6206 r
  DP_i/U2972/ZN (NAND3_X2)                              0.1548     2.7754 f
  DP_i/U2990/ZN (OAI22_X1)                              0.1126     2.8880 r
  DP_i/U2991/ZN (AOI21_X1)                              0.0345     2.9225 f
  DP_i/U6046/ZN (NAND2_X1)                              0.0361     2.9586 r
  DP_i/fetch_i_pc_i_Y_reg_26_/D (DFF_X1)                0.0110     2.9696 r
  data arrival time                                                2.9696

  clock CLK (rise edge)                                 3.0000     3.0000
  clock network delay (ideal)                           0.0500     3.0500
  clock uncertainty                                    -0.0500     3.0000
  DP_i/fetch_i_pc_i_Y_reg_26_/CK (DFF_X1)               0.0000     3.0000 r
  library setup time                                   -0.0272     2.9728
  data required time                                               2.9728
  --------------------------------------------------------------------------
  data required time                                               2.9728
  data arrival time                                               -2.9696
  --------------------------------------------------------------------------
  slack (MET)                                                      0.0032


  Startpoint: DP_i/fetch_i_IR_out_reg_26_
              (rising edge-triggered flip-flop clocked by CLK)
  Endpoint: DP_i/fetch_i_pc_i_Y_reg_7_
            (rising edge-triggered flip-flop clocked by CLK)
  Path Group: REG2REG
  Path Type: max

  Des/Clust/Port     Wire Load Model       Library
  ------------------------------------------------
  DLX                5K_hvratio_1_4        NangateOpenCellLibrary

  Point                                                   Incr       Path
  --------------------------------------------------------------------------
  clock CLK (rise edge)                                 0.0000     0.0000
  clock network delay (ideal)                           0.0500     0.0500
  DP_i/fetch_i_IR_out_reg_26_/CK (DFF_X1)               0.0000     0.0500 r
  DP_i/fetch_i_IR_out_reg_26_/Q (DFF_X1)                0.1050     0.1550 f
  DP_i/opcode[0] (DataPath)                             0.0000     0.1550 f
  U805/ZN (INV_X1)                                      0.0497     0.2047 r
  U808/ZN (NAND3_X1)                                    0.0443     0.2490 f
  U809/ZN (NOR2_X1)                                     0.0797     0.3287 r
  DP_i/RF2 (DataPath)                                   0.0000     0.3287 r
  DP_i/U1270/ZN (OR2_X1)                                0.0497     0.3784 r
  DP_i/U1271/ZN (NOR2_X1)                               0.0322     0.4106 f
  DP_i/U1272/ZN (AOI21_X1)                              0.0689     0.4796 r
  DP_i/U1273/ZN (AOI21_X1)                              0.0371     0.5166 f
  DP_i/U1274/ZN (AND2_X1)                               0.0462     0.5628 f
  DP_i/U1275/ZN (NOR2_X1)                               0.0511     0.6138 r
  DP_i/U1276/ZN (OAI211_X1)                             0.0502     0.6640 f
  DP_i/U1277/ZN (NOR2_X1)                               0.0551     0.7191 r
  DP_i/U1278/ZN (NAND2_X1)                              0.0331     0.7522 f
  DP_i/U1280/ZN (NAND2_X1)                              0.0318     0.7840 r
  DP_i/U1434/CO (FA_X1)                                 0.0703     0.8543 r
  DP_i/U1290/ZN (NAND2_X1)                              0.0353     0.8896 f
  DP_i/U1294/ZN (NAND2_X1)                              0.0345     0.9241 r
  DP_i/U1296/ZN (NOR2_X1)                               0.0294     0.9535 f
  DP_i/U1297/ZN (NOR2_X1)                               0.0524     1.0059 r
  DP_i/U1300/ZN (NAND2_X1)                              0.0322     1.0380 f
  DP_i/U1301/ZN (NAND2_X1)                              0.0294     1.0674 r
  DP_i/U1304/ZN (NAND2_X1)                              0.0307     1.0981 f
  DP_i/U1306/ZN (NOR2_X1)                               0.0575     1.1555 r
  DP_i/U1309/ZN (XNOR2_X1)                              0.0703     1.2259 r
  DP_i/U1310/ZN (NOR2_X1)                               0.0333     1.2592 f
  DP_i/U1311/ZN (AOI21_X1)                              0.0678     1.3270 r
  DP_i/U1312/ZN (NAND2_X1)                              0.0330     1.3600 f
  DP_i/U1313/ZN (NAND2_X1)                              0.0331     1.3932 r
  DP_i/U1314/ZN (NAND2_X1)                              0.0339     1.4271 f
  DP_i/U1316/ZN (OAI21_X1)                              0.0653     1.4924 r
  DP_i/U1319/ZN (NAND2_X1)                              0.0339     1.5263 f
  DP_i/U1320/ZN (NAND2_X1)                              0.0339     1.5602 r
  DP_i/U1323/ZN (NOR2_X1)                               0.0295     1.5897 f
  DP_i/U1324/ZN (AOI21_X1)                              0.0648     1.6546 r
  DP_i/U1327/ZN (NAND2_X1)                              0.0366     1.6911 f
  DP_i/U1328/ZN (NOR2_X1)                               0.0536     1.7447 r
  DP_i/U1329/ZN (OR2_X1)                                0.0435     1.7882 r
  DP_i/U1432/CO (FA_X1)                                 0.0822     1.8704 r
  DP_i/U1330/ZN (OAI21_X1)                              0.0407     1.9111 f
  DP_i/U1334/ZN (NOR2_X1)                               0.0487     1.9599 r
  DP_i/U1339/ZN (NAND2_X1)                              0.0351     1.9949 f
  DP_i/U1346/ZN (NAND2_X1)                              0.0339     2.0289 r
  DP_i/U1347/ZN (AOI21_X1)                              0.0355     2.0644 f
  DP_i/U1348/ZN (AOI21_X1)                              0.0809     2.1452 r
  DP_i/U1350/ZN (NAND2_X1)                              0.0409     2.1861 f
  DP_i/U1351/ZN (NOR2_X1)                               0.0724     2.2585 r
  DP_i/U1362/ZN (XNOR2_X1)                              0.0771     2.3356 r
  DP_i/U1364/ZN (AND2_X1)                               0.0508     2.3864 r
  DP_i/U1365/ZN (NOR3_X1)                               0.0252     2.4116 f
  DP_i/U1469/ZN (OAI211_X1)                             0.0366     2.4482 r
  DP_i/U1471/ZN (NOR2_X1)                               0.0275     2.4757 f
  DP_i/U1575/ZN (AOI211_X1)                             0.0825     2.5582 r
  DP_i/U97/Z (BUF_X1)                                   0.0624     2.6206 r
  DP_i/U2972/ZN (NAND3_X2)                              0.1548     2.7754 f
  DP_i/U3085/ZN (OAI22_X1)                              0.1126     2.8880 r
  DP_i/U3086/ZN (AOI21_X1)                              0.0345     2.9225 f
  DP_i/U6043/ZN (NAND2_X1)                              0.0361     2.9586 r
  DP_i/fetch_i_pc_i_Y_reg_7_/D (DFF_X1)                 0.0110     2.9696 r
  data arrival time                                                2.9696

  clock CLK (rise edge)                                 3.0000     3.0000
  clock network delay (ideal)                           0.0500     3.0500
  clock uncertainty                                    -0.0500     3.0000
  DP_i/fetch_i_pc_i_Y_reg_7_/CK (DFF_X1)                0.0000     3.0000 r
  library setup time                                   -0.0272     2.9728
  data required time                                               2.9728
  --------------------------------------------------------------------------
  data required time                                               2.9728
  data arrival time                                               -2.9696
  --------------------------------------------------------------------------
  slack (MET)                                                      0.0032


  Startpoint: DP_i/fetch_i_IR_out_reg_26_
              (rising edge-triggered flip-flop clocked by CLK)
  Endpoint: DP_i/fetch_i_pc_i_Y_reg_6_
            (rising edge-triggered flip-flop clocked by CLK)
  Path Group: REG2REG
  Path Type: max

  Des/Clust/Port     Wire Load Model       Library
  ------------------------------------------------
  DLX                5K_hvratio_1_4        NangateOpenCellLibrary

  Point                                                   Incr       Path
  --------------------------------------------------------------------------
  clock CLK (rise edge)                                 0.0000     0.0000
  clock network delay (ideal)                           0.0500     0.0500
  DP_i/fetch_i_IR_out_reg_26_/CK (DFF_X1)               0.0000     0.0500 r
  DP_i/fetch_i_IR_out_reg_26_/Q (DFF_X1)                0.1050     0.1550 f
  DP_i/opcode[0] (DataPath)                             0.0000     0.1550 f
  U805/ZN (INV_X1)                                      0.0497     0.2047 r
  U808/ZN (NAND3_X1)                                    0.0443     0.2490 f
  U809/ZN (NOR2_X1)                                     0.0797     0.3287 r
  DP_i/RF2 (DataPath)                                   0.0000     0.3287 r
  DP_i/U1270/ZN (OR2_X1)                                0.0497     0.3784 r
  DP_i/U1271/ZN (NOR2_X1)                               0.0322     0.4106 f
  DP_i/U1272/ZN (AOI21_X1)                              0.0689     0.4796 r
  DP_i/U1273/ZN (AOI21_X1)                              0.0371     0.5166 f
  DP_i/U1274/ZN (AND2_X1)                               0.0462     0.5628 f
  DP_i/U1275/ZN (NOR2_X1)                               0.0511     0.6138 r
  DP_i/U1276/ZN (OAI211_X1)                             0.0502     0.6640 f
  DP_i/U1277/ZN (NOR2_X1)                               0.0551     0.7191 r
  DP_i/U1278/ZN (NAND2_X1)                              0.0331     0.7522 f
  DP_i/U1280/ZN (NAND2_X1)                              0.0318     0.7840 r
  DP_i/U1434/CO (FA_X1)                                 0.0703     0.8543 r
  DP_i/U1290/ZN (NAND2_X1)                              0.0353     0.8896 f
  DP_i/U1294/ZN (NAND2_X1)                              0.0345     0.9241 r
  DP_i/U1296/ZN (NOR2_X1)                               0.0294     0.9535 f
  DP_i/U1297/ZN (NOR2_X1)                               0.0524     1.0059 r
  DP_i/U1300/ZN (NAND2_X1)                              0.0322     1.0380 f
  DP_i/U1301/ZN (NAND2_X1)                              0.0294     1.0674 r
  DP_i/U1304/ZN (NAND2_X1)                              0.0307     1.0981 f
  DP_i/U1306/ZN (NOR2_X1)                               0.0575     1.1555 r
  DP_i/U1309/ZN (XNOR2_X1)                              0.0703     1.2259 r
  DP_i/U1310/ZN (NOR2_X1)                               0.0333     1.2592 f
  DP_i/U1311/ZN (AOI21_X1)                              0.0678     1.3270 r
  DP_i/U1312/ZN (NAND2_X1)                              0.0330     1.3600 f
  DP_i/U1313/ZN (NAND2_X1)                              0.0331     1.3932 r
  DP_i/U1314/ZN (NAND2_X1)                              0.0339     1.4271 f
  DP_i/U1316/ZN (OAI21_X1)                              0.0653     1.4924 r
  DP_i/U1319/ZN (NAND2_X1)                              0.0339     1.5263 f
  DP_i/U1320/ZN (NAND2_X1)                              0.0339     1.5602 r
  DP_i/U1323/ZN (NOR2_X1)                               0.0295     1.5897 f
  DP_i/U1324/ZN (AOI21_X1)                              0.0648     1.6546 r
  DP_i/U1327/ZN (NAND2_X1)                              0.0366     1.6911 f
  DP_i/U1328/ZN (NOR2_X1)                               0.0536     1.7447 r
  DP_i/U1329/ZN (OR2_X1)                                0.0435     1.7882 r
  DP_i/U1432/CO (FA_X1)                                 0.0822     1.8704 r
  DP_i/U1330/ZN (OAI21_X1)                              0.0407     1.9111 f
  DP_i/U1334/ZN (NOR2_X1)                               0.0487     1.9599 r
  DP_i/U1339/ZN (NAND2_X1)                              0.0351     1.9949 f
  DP_i/U1346/ZN (NAND2_X1)                              0.0339     2.0289 r
  DP_i/U1347/ZN (AOI21_X1)                              0.0355     2.0644 f
  DP_i/U1348/ZN (AOI21_X1)                              0.0809     2.1452 r
  DP_i/U1350/ZN (NAND2_X1)                              0.0409     2.1861 f
  DP_i/U1351/ZN (NOR2_X1)                               0.0724     2.2585 r
  DP_i/U1362/ZN (XNOR2_X1)                              0.0771     2.3356 r
  DP_i/U1364/ZN (AND2_X1)                               0.0508     2.3864 r
  DP_i/U1365/ZN (NOR3_X1)                               0.0252     2.4116 f
  DP_i/U1469/ZN (OAI211_X1)                             0.0366     2.4482 r
  DP_i/U1471/ZN (NOR2_X1)                               0.0275     2.4757 f
  DP_i/U1575/ZN (AOI211_X1)                             0.0825     2.5582 r
  DP_i/U97/Z (BUF_X1)                                   0.0624     2.6206 r
  DP_i/U2972/ZN (NAND3_X2)                              0.1548     2.7754 f
  DP_i/U3090/ZN (OAI22_X1)                              0.1126     2.8880 r
  DP_i/U3091/ZN (AOI21_X1)                              0.0345     2.9225 f
  DP_i/U6042/ZN (NAND2_X1)                              0.0361     2.9586 r
  DP_i/fetch_i_pc_i_Y_reg_6_/D (DFF_X1)                 0.0110     2.9696 r
  data arrival time                                                2.9696

  clock CLK (rise edge)                                 3.0000     3.0000
  clock network delay (ideal)                           0.0500     3.0500
  clock uncertainty                                    -0.0500     3.0000
  DP_i/fetch_i_pc_i_Y_reg_6_/CK (DFF_X1)                0.0000     3.0000 r
  library setup time                                   -0.0272     2.9728
  data required time                                               2.9728
  --------------------------------------------------------------------------
  data required time                                               2.9728
  data arrival time                                               -2.9696
  --------------------------------------------------------------------------
  slack (MET)                                                      0.0032


  Startpoint: DP_i/fetch_i_IR_out_reg_26_
              (rising edge-triggered flip-flop clocked by CLK)
  Endpoint: DP_i/fetch_i_pc_i_Y_reg_8_
            (rising edge-triggered flip-flop clocked by CLK)
  Path Group: REG2REG
  Path Type: max

  Des/Clust/Port     Wire Load Model       Library
  ------------------------------------------------
  DLX                5K_hvratio_1_4        NangateOpenCellLibrary

  Point                                                   Incr       Path
  --------------------------------------------------------------------------
  clock CLK (rise edge)                                 0.0000     0.0000
  clock network delay (ideal)                           0.0500     0.0500
  DP_i/fetch_i_IR_out_reg_26_/CK (DFF_X1)               0.0000     0.0500 r
  DP_i/fetch_i_IR_out_reg_26_/Q (DFF_X1)                0.1050     0.1550 f
  DP_i/opcode[0] (DataPath)                             0.0000     0.1550 f
  U805/ZN (INV_X1)                                      0.0497     0.2047 r
  U808/ZN (NAND3_X1)                                    0.0443     0.2490 f
  U809/ZN (NOR2_X1)                                     0.0797     0.3287 r
  DP_i/RF2 (DataPath)                                   0.0000     0.3287 r
  DP_i/U1270/ZN (OR2_X1)                                0.0497     0.3784 r
  DP_i/U1271/ZN (NOR2_X1)                               0.0322     0.4106 f
  DP_i/U1272/ZN (AOI21_X1)                              0.0689     0.4796 r
  DP_i/U1273/ZN (AOI21_X1)                              0.0371     0.5166 f
  DP_i/U1274/ZN (AND2_X1)                               0.0462     0.5628 f
  DP_i/U1275/ZN (NOR2_X1)                               0.0511     0.6138 r
  DP_i/U1276/ZN (OAI211_X1)                             0.0502     0.6640 f
  DP_i/U1277/ZN (NOR2_X1)                               0.0551     0.7191 r
  DP_i/U1278/ZN (NAND2_X1)                              0.0331     0.7522 f
  DP_i/U1280/ZN (NAND2_X1)                              0.0318     0.7840 r
  DP_i/U1434/CO (FA_X1)                                 0.0703     0.8543 r
  DP_i/U1290/ZN (NAND2_X1)                              0.0353     0.8896 f
  DP_i/U1294/ZN (NAND2_X1)                              0.0345     0.9241 r
  DP_i/U1296/ZN (NOR2_X1)                               0.0294     0.9535 f
  DP_i/U1297/ZN (NOR2_X1)                               0.0524     1.0059 r
  DP_i/U1300/ZN (NAND2_X1)                              0.0322     1.0380 f
  DP_i/U1301/ZN (NAND2_X1)                              0.0294     1.0674 r
  DP_i/U1304/ZN (NAND2_X1)                              0.0307     1.0981 f
  DP_i/U1306/ZN (NOR2_X1)                               0.0575     1.1555 r
  DP_i/U1309/ZN (XNOR2_X1)                              0.0703     1.2259 r
  DP_i/U1310/ZN (NOR2_X1)                               0.0333     1.2592 f
  DP_i/U1311/ZN (AOI21_X1)                              0.0678     1.3270 r
  DP_i/U1312/ZN (NAND2_X1)                              0.0330     1.3600 f
  DP_i/U1313/ZN (NAND2_X1)                              0.0331     1.3932 r
  DP_i/U1314/ZN (NAND2_X1)                              0.0339     1.4271 f
  DP_i/U1316/ZN (OAI21_X1)                              0.0653     1.4924 r
  DP_i/U1319/ZN (NAND2_X1)                              0.0339     1.5263 f
  DP_i/U1320/ZN (NAND2_X1)                              0.0339     1.5602 r
  DP_i/U1323/ZN (NOR2_X1)                               0.0295     1.5897 f
  DP_i/U1324/ZN (AOI21_X1)                              0.0648     1.6546 r
  DP_i/U1327/ZN (NAND2_X1)                              0.0366     1.6911 f
  DP_i/U1328/ZN (NOR2_X1)                               0.0536     1.7447 r
  DP_i/U1329/ZN (OR2_X1)                                0.0435     1.7882 r
  DP_i/U1432/CO (FA_X1)                                 0.0822     1.8704 r
  DP_i/U1330/ZN (OAI21_X1)                              0.0407     1.9111 f
  DP_i/U1334/ZN (NOR2_X1)                               0.0487     1.9599 r
  DP_i/U1339/ZN (NAND2_X1)                              0.0351     1.9949 f
  DP_i/U1346/ZN (NAND2_X1)                              0.0339     2.0289 r
  DP_i/U1347/ZN (AOI21_X1)                              0.0355     2.0644 f
  DP_i/U1348/ZN (AOI21_X1)                              0.0809     2.1452 r
  DP_i/U1350/ZN (NAND2_X1)                              0.0409     2.1861 f
  DP_i/U1351/ZN (NOR2_X1)                               0.0724     2.2585 r
  DP_i/U1362/ZN (XNOR2_X1)                              0.0771     2.3356 r
  DP_i/U1364/ZN (AND2_X1)                               0.0508     2.3864 r
  DP_i/U1365/ZN (NOR3_X1)                               0.0252     2.4116 f
  DP_i/U1469/ZN (OAI211_X1)                             0.0366     2.4482 r
  DP_i/U1471/ZN (NOR2_X1)                               0.0275     2.4757 f
  DP_i/U1575/ZN (AOI211_X1)                             0.0825     2.5582 r
  DP_i/U97/Z (BUF_X1)                                   0.0624     2.6206 r
  DP_i/U2972/ZN (NAND3_X2)                              0.1548     2.7754 f
  DP_i/U3080/ZN (OAI22_X1)                              0.1126     2.8880 r
  DP_i/U3081/ZN (AOI21_X1)                              0.0345     2.9225 f
  DP_i/U6044/ZN (NAND2_X1)                              0.0361     2.9586 r
  DP_i/fetch_i_pc_i_Y_reg_8_/D (DFF_X1)                 0.0110     2.9696 r
  data arrival time                                                2.9696

  clock CLK (rise edge)                                 3.0000     3.0000
  clock network delay (ideal)                           0.0500     3.0500
  clock uncertainty                                    -0.0500     3.0000
  DP_i/fetch_i_pc_i_Y_reg_8_/CK (DFF_X1)                0.0000     3.0000 r
  library setup time                                   -0.0272     2.9728
  data required time                                               2.9728
  --------------------------------------------------------------------------
  data required time                                               2.9728
  data arrival time                                               -2.9696
  --------------------------------------------------------------------------
  slack (MET)                                                      0.0032


  Startpoint: DP_i/fetch_i_IR_out_reg_26_
              (rising edge-triggered flip-flop clocked by CLK)
  Endpoint: DP_i/fetch_i_pc_i_Y_reg_14_
            (rising edge-triggered flip-flop clocked by CLK)
  Path Group: REG2REG
  Path Type: max

  Des/Clust/Port     Wire Load Model       Library
  ------------------------------------------------
  DLX                5K_hvratio_1_4        NangateOpenCellLibrary

  Point                                                   Incr       Path
  --------------------------------------------------------------------------
  clock CLK (rise edge)                                 0.0000     0.0000
  clock network delay (ideal)                           0.0500     0.0500
  DP_i/fetch_i_IR_out_reg_26_/CK (DFF_X1)               0.0000     0.0500 r
  DP_i/fetch_i_IR_out_reg_26_/Q (DFF_X1)                0.1050     0.1550 f
  DP_i/opcode[0] (DataPath)                             0.0000     0.1550 f
  U805/ZN (INV_X1)                                      0.0497     0.2047 r
  U808/ZN (NAND3_X1)                                    0.0443     0.2490 f
  U809/ZN (NOR2_X1)                                     0.0797     0.3287 r
  DP_i/RF2 (DataPath)                                   0.0000     0.3287 r
  DP_i/U1270/ZN (OR2_X1)                                0.0497     0.3784 r
  DP_i/U1271/ZN (NOR2_X1)                               0.0322     0.4106 f
  DP_i/U1272/ZN (AOI21_X1)                              0.0689     0.4796 r
  DP_i/U1273/ZN (AOI21_X1)                              0.0371     0.5166 f
  DP_i/U1274/ZN (AND2_X1)                               0.0462     0.5628 f
  DP_i/U1275/ZN (NOR2_X1)                               0.0511     0.6138 r
  DP_i/U1276/ZN (OAI211_X1)                             0.0502     0.6640 f
  DP_i/U1277/ZN (NOR2_X1)                               0.0551     0.7191 r
  DP_i/U1278/ZN (NAND2_X1)                              0.0331     0.7522 f
  DP_i/U1280/ZN (NAND2_X1)                              0.0318     0.7840 r
  DP_i/U1434/CO (FA_X1)                                 0.0703     0.8543 r
  DP_i/U1290/ZN (NAND2_X1)                              0.0353     0.8896 f
  DP_i/U1294/ZN (NAND2_X1)                              0.0345     0.9241 r
  DP_i/U1296/ZN (NOR2_X1)                               0.0294     0.9535 f
  DP_i/U1297/ZN (NOR2_X1)                               0.0524     1.0059 r
  DP_i/U1300/ZN (NAND2_X1)                              0.0322     1.0380 f
  DP_i/U1301/ZN (NAND2_X1)                              0.0294     1.0674 r
  DP_i/U1304/ZN (NAND2_X1)                              0.0307     1.0981 f
  DP_i/U1306/ZN (NOR2_X1)                               0.0575     1.1555 r
  DP_i/U1309/ZN (XNOR2_X1)                              0.0703     1.2259 r
  DP_i/U1310/ZN (NOR2_X1)                               0.0333     1.2592 f
  DP_i/U1311/ZN (AOI21_X1)                              0.0678     1.3270 r
  DP_i/U1312/ZN (NAND2_X1)                              0.0330     1.3600 f
  DP_i/U1313/ZN (NAND2_X1)                              0.0331     1.3932 r
  DP_i/U1314/ZN (NAND2_X1)                              0.0339     1.4271 f
  DP_i/U1316/ZN (OAI21_X1)                              0.0653     1.4924 r
  DP_i/U1319/ZN (NAND2_X1)                              0.0339     1.5263 f
  DP_i/U1320/ZN (NAND2_X1)                              0.0339     1.5602 r
  DP_i/U1323/ZN (NOR2_X1)                               0.0295     1.5897 f
  DP_i/U1324/ZN (AOI21_X1)                              0.0648     1.6546 r
  DP_i/U1327/ZN (NAND2_X1)                              0.0366     1.6911 f
  DP_i/U1328/ZN (NOR2_X1)                               0.0536     1.7447 r
  DP_i/U1329/ZN (OR2_X1)                                0.0435     1.7882 r
  DP_i/U1432/CO (FA_X1)                                 0.0822     1.8704 r
  DP_i/U1330/ZN (OAI21_X1)                              0.0407     1.9111 f
  DP_i/U1334/ZN (NOR2_X1)                               0.0487     1.9599 r
  DP_i/U1339/ZN (NAND2_X1)                              0.0351     1.9949 f
  DP_i/U1346/ZN (NAND2_X1)                              0.0339     2.0289 r
  DP_i/U1347/ZN (AOI21_X1)                              0.0355     2.0644 f
  DP_i/U1348/ZN (AOI21_X1)                              0.0809     2.1452 r
  DP_i/U1350/ZN (NAND2_X1)                              0.0409     2.1861 f
  DP_i/U1351/ZN (NOR2_X1)                               0.0724     2.2585 r
  DP_i/U1362/ZN (XNOR2_X1)                              0.0771     2.3356 r
  DP_i/U1364/ZN (AND2_X1)                               0.0508     2.3864 r
  DP_i/U1365/ZN (NOR3_X1)                               0.0252     2.4116 f
  DP_i/U1469/ZN (OAI211_X1)                             0.0366     2.4482 r
  DP_i/U1471/ZN (NOR2_X1)                               0.0275     2.4757 f
  DP_i/U1575/ZN (AOI211_X1)                             0.0825     2.5582 r
  DP_i/U97/Z (BUF_X1)                                   0.0624     2.6206 r
  DP_i/U2972/ZN (NAND3_X2)                              0.1548     2.7754 f
  DP_i/U3050/ZN (OAI22_X1)                              0.1126     2.8880 r
  DP_i/U3051/ZN (AOI21_X1)                              0.0345     2.9225 f
  DP_i/U6045/ZN (NAND2_X1)                              0.0361     2.9586 r
  DP_i/fetch_i_pc_i_Y_reg_14_/D (DFF_X1)                0.0110     2.9696 r
  data arrival time                                                2.9696

  clock CLK (rise edge)                                 3.0000     3.0000
  clock network delay (ideal)                           0.0500     3.0500
  clock uncertainty                                    -0.0500     3.0000
  DP_i/fetch_i_pc_i_Y_reg_14_/CK (DFF_X1)               0.0000     3.0000 r
  library setup time                                   -0.0272     2.9728
  data required time                                               2.9728
  --------------------------------------------------------------------------
  data required time                                               2.9728
  data arrival time                                               -2.9696
  --------------------------------------------------------------------------
  slack (MET)                                                      0.0032


  Startpoint: DP_i/fetch_i_IR_out_reg_26_
              (rising edge-triggered flip-flop clocked by CLK)
  Endpoint: DP_i/fetch_i_pc_i_Y_reg_13_
            (rising edge-triggered flip-flop clocked by CLK)
  Path Group: REG2REG
  Path Type: max

  Des/Clust/Port     Wire Load Model       Library
  ------------------------------------------------
  DLX                5K_hvratio_1_4        NangateOpenCellLibrary

  Point                                                   Incr       Path
  --------------------------------------------------------------------------
  clock CLK (rise edge)                                 0.0000     0.0000
  clock network delay (ideal)                           0.0500     0.0500
  DP_i/fetch_i_IR_out_reg_26_/CK (DFF_X1)               0.0000     0.0500 r
  DP_i/fetch_i_IR_out_reg_26_/Q (DFF_X1)                0.1050     0.1550 f
  DP_i/opcode[0] (DataPath)                             0.0000     0.1550 f
  U805/ZN (INV_X1)                                      0.0497     0.2047 r
  U808/ZN (NAND3_X1)                                    0.0443     0.2490 f
  U809/ZN (NOR2_X1)                                     0.0797     0.3287 r
  DP_i/RF2 (DataPath)                                   0.0000     0.3287 r
  DP_i/U1270/ZN (OR2_X1)                                0.0497     0.3784 r
  DP_i/U1271/ZN (NOR2_X1)                               0.0322     0.4106 f
  DP_i/U1272/ZN (AOI21_X1)                              0.0689     0.4796 r
  DP_i/U1273/ZN (AOI21_X1)                              0.0371     0.5166 f
  DP_i/U1274/ZN (AND2_X1)                               0.0462     0.5628 f
  DP_i/U1275/ZN (NOR2_X1)                               0.0511     0.6138 r
  DP_i/U1276/ZN (OAI211_X1)                             0.0502     0.6640 f
  DP_i/U1277/ZN (NOR2_X1)                               0.0551     0.7191 r
  DP_i/U1278/ZN (NAND2_X1)                              0.0331     0.7522 f
  DP_i/U1280/ZN (NAND2_X1)                              0.0318     0.7840 r
  DP_i/U1434/CO (FA_X1)                                 0.0703     0.8543 r
  DP_i/U1290/ZN (NAND2_X1)                              0.0353     0.8896 f
  DP_i/U1294/ZN (NAND2_X1)                              0.0345     0.9241 r
  DP_i/U1296/ZN (NOR2_X1)                               0.0294     0.9535 f
  DP_i/U1297/ZN (NOR2_X1)                               0.0524     1.0059 r
  DP_i/U1300/ZN (NAND2_X1)                              0.0322     1.0380 f
  DP_i/U1301/ZN (NAND2_X1)                              0.0294     1.0674 r
  DP_i/U1304/ZN (NAND2_X1)                              0.0307     1.0981 f
  DP_i/U1306/ZN (NOR2_X1)                               0.0575     1.1555 r
  DP_i/U1309/ZN (XNOR2_X1)                              0.0703     1.2259 r
  DP_i/U1310/ZN (NOR2_X1)                               0.0333     1.2592 f
  DP_i/U1311/ZN (AOI21_X1)                              0.0678     1.3270 r
  DP_i/U1312/ZN (NAND2_X1)                              0.0330     1.3600 f
  DP_i/U1313/ZN (NAND2_X1)                              0.0331     1.3932 r
  DP_i/U1314/ZN (NAND2_X1)                              0.0339     1.4271 f
  DP_i/U1316/ZN (OAI21_X1)                              0.0653     1.4924 r
  DP_i/U1319/ZN (NAND2_X1)                              0.0339     1.5263 f
  DP_i/U1320/ZN (NAND2_X1)                              0.0339     1.5602 r
  DP_i/U1323/ZN (NOR2_X1)                               0.0295     1.5897 f
  DP_i/U1324/ZN (AOI21_X1)                              0.0648     1.6546 r
  DP_i/U1327/ZN (NAND2_X1)                              0.0366     1.6911 f
  DP_i/U1328/ZN (NOR2_X1)                               0.0536     1.7447 r
  DP_i/U1329/ZN (OR2_X1)                                0.0435     1.7882 r
  DP_i/U1432/CO (FA_X1)                                 0.0822     1.8704 r
  DP_i/U1330/ZN (OAI21_X1)                              0.0407     1.9111 f
  DP_i/U1334/ZN (NOR2_X1)                               0.0487     1.9599 r
  DP_i/U1339/ZN (NAND2_X1)                              0.0351     1.9949 f
  DP_i/U1346/ZN (NAND2_X1)                              0.0339     2.0289 r
  DP_i/U1347/ZN (AOI21_X1)                              0.0355     2.0644 f
  DP_i/U1348/ZN (AOI21_X1)                              0.0809     2.1452 r
  DP_i/U1350/ZN (NAND2_X1)                              0.0409     2.1861 f
  DP_i/U1351/ZN (NOR2_X1)                               0.0724     2.2585 r
  DP_i/U1362/ZN (XNOR2_X1)                              0.0771     2.3356 r
  DP_i/U1364/ZN (AND2_X1)                               0.0508     2.3864 r
  DP_i/U1365/ZN (NOR3_X1)                               0.0252     2.4116 f
  DP_i/U1469/ZN (OAI211_X1)                             0.0366     2.4482 r
  DP_i/U1471/ZN (NOR2_X1)                               0.0275     2.4757 f
  DP_i/U1575/ZN (AOI211_X1)                             0.0825     2.5582 r
  DP_i/U97/Z (BUF_X1)                                   0.0624     2.6206 r
  DP_i/U2974/ZN (NAND3_X2)                              0.1531     2.7737 f
  DP_i/U3055/ZN (OAI22_X1)                              0.1138     2.8875 r
  DP_i/U3056/ZN (AOI21_X1)                              0.0343     2.9218 f
  DP_i/U6030/ZN (NAND3_X1)                              0.0352     2.9570 r
  DP_i/fetch_i_pc_i_Y_reg_13_/D (DFF_X1)                0.0110     2.9679 r
  data arrival time                                                2.9679

  clock CLK (rise edge)                                 3.0000     3.0000
  clock network delay (ideal)                           0.0500     3.0500
  clock uncertainty                                    -0.0500     3.0000
  DP_i/fetch_i_pc_i_Y_reg_13_/CK (DFF_X1)               0.0000     3.0000 r
  library setup time                                   -0.0286     2.9714
  data required time                                               2.9714
  --------------------------------------------------------------------------
  data required time                                               2.9714
  data arrival time                                               -2.9679
  --------------------------------------------------------------------------
  slack (MET)                                                      0.0035


  Startpoint: DP_i/fetch_i_IR_out_reg_26_
              (rising edge-triggered flip-flop clocked by CLK)
  Endpoint: DP_i/fetch_i_pc_i_Y_reg_12_
            (rising edge-triggered flip-flop clocked by CLK)
  Path Group: REG2REG
  Path Type: max

  Des/Clust/Port     Wire Load Model       Library
  ------------------------------------------------
  DLX                5K_hvratio_1_4        NangateOpenCellLibrary

  Point                                                   Incr       Path
  --------------------------------------------------------------------------
  clock CLK (rise edge)                                 0.0000     0.0000
  clock network delay (ideal)                           0.0500     0.0500
  DP_i/fetch_i_IR_out_reg_26_/CK (DFF_X1)               0.0000     0.0500 r
  DP_i/fetch_i_IR_out_reg_26_/Q (DFF_X1)                0.1050     0.1550 f
  DP_i/opcode[0] (DataPath)                             0.0000     0.1550 f
  U805/ZN (INV_X1)                                      0.0497     0.2047 r
  U808/ZN (NAND3_X1)                                    0.0443     0.2490 f
  U809/ZN (NOR2_X1)                                     0.0797     0.3287 r
  DP_i/RF2 (DataPath)                                   0.0000     0.3287 r
  DP_i/U1270/ZN (OR2_X1)                                0.0497     0.3784 r
  DP_i/U1271/ZN (NOR2_X1)                               0.0322     0.4106 f
  DP_i/U1272/ZN (AOI21_X1)                              0.0689     0.4796 r
  DP_i/U1273/ZN (AOI21_X1)                              0.0371     0.5166 f
  DP_i/U1274/ZN (AND2_X1)                               0.0462     0.5628 f
  DP_i/U1275/ZN (NOR2_X1)                               0.0511     0.6138 r
  DP_i/U1276/ZN (OAI211_X1)                             0.0502     0.6640 f
  DP_i/U1277/ZN (NOR2_X1)                               0.0551     0.7191 r
  DP_i/U1278/ZN (NAND2_X1)                              0.0331     0.7522 f
  DP_i/U1280/ZN (NAND2_X1)                              0.0318     0.7840 r
  DP_i/U1434/CO (FA_X1)                                 0.0703     0.8543 r
  DP_i/U1290/ZN (NAND2_X1)                              0.0353     0.8896 f
  DP_i/U1294/ZN (NAND2_X1)                              0.0345     0.9241 r
  DP_i/U1296/ZN (NOR2_X1)                               0.0294     0.9535 f
  DP_i/U1297/ZN (NOR2_X1)                               0.0524     1.0059 r
  DP_i/U1300/ZN (NAND2_X1)                              0.0322     1.0380 f
  DP_i/U1301/ZN (NAND2_X1)                              0.0294     1.0674 r
  DP_i/U1304/ZN (NAND2_X1)                              0.0307     1.0981 f
  DP_i/U1306/ZN (NOR2_X1)                               0.0575     1.1555 r
  DP_i/U1309/ZN (XNOR2_X1)                              0.0703     1.2259 r
  DP_i/U1310/ZN (NOR2_X1)                               0.0333     1.2592 f
  DP_i/U1311/ZN (AOI21_X1)                              0.0678     1.3270 r
  DP_i/U1312/ZN (NAND2_X1)                              0.0330     1.3600 f
  DP_i/U1313/ZN (NAND2_X1)                              0.0331     1.3932 r
  DP_i/U1314/ZN (NAND2_X1)                              0.0339     1.4271 f
  DP_i/U1316/ZN (OAI21_X1)                              0.0653     1.4924 r
  DP_i/U1319/ZN (NAND2_X1)                              0.0339     1.5263 f
  DP_i/U1320/ZN (NAND2_X1)                              0.0339     1.5602 r
  DP_i/U1323/ZN (NOR2_X1)                               0.0295     1.5897 f
  DP_i/U1324/ZN (AOI21_X1)                              0.0648     1.6546 r
  DP_i/U1327/ZN (NAND2_X1)                              0.0366     1.6911 f
  DP_i/U1328/ZN (NOR2_X1)                               0.0536     1.7447 r
  DP_i/U1329/ZN (OR2_X1)                                0.0435     1.7882 r
  DP_i/U1432/CO (FA_X1)                                 0.0822     1.8704 r
  DP_i/U1330/ZN (OAI21_X1)                              0.0407     1.9111 f
  DP_i/U1334/ZN (NOR2_X1)                               0.0487     1.9599 r
  DP_i/U1339/ZN (NAND2_X1)                              0.0351     1.9949 f
  DP_i/U1346/ZN (NAND2_X1)                              0.0339     2.0289 r
  DP_i/U1347/ZN (AOI21_X1)                              0.0355     2.0644 f
  DP_i/U1348/ZN (AOI21_X1)                              0.0809     2.1452 r
  DP_i/U1350/ZN (NAND2_X1)                              0.0409     2.1861 f
  DP_i/U1351/ZN (NOR2_X1)                               0.0724     2.2585 r
  DP_i/U1362/ZN (XNOR2_X1)                              0.0771     2.3356 r
  DP_i/U1364/ZN (AND2_X1)                               0.0508     2.3864 r
  DP_i/U1365/ZN (NOR3_X1)                               0.0252     2.4116 f
  DP_i/U1469/ZN (OAI211_X1)                             0.0366     2.4482 r
  DP_i/U1471/ZN (NOR2_X1)                               0.0275     2.4757 f
  DP_i/U1575/ZN (AOI211_X1)                             0.0825     2.5582 r
  DP_i/U97/Z (BUF_X1)                                   0.0624     2.6206 r
  DP_i/U2974/ZN (NAND3_X2)                              0.1531     2.7737 f
  DP_i/U3060/ZN (OAI22_X1)                              0.1138     2.8875 r
  DP_i/U3061/ZN (AOI21_X1)                              0.0343     2.9218 f
  DP_i/U6029/ZN (NAND3_X1)                              0.0352     2.9570 r
  DP_i/fetch_i_pc_i_Y_reg_12_/D (DFF_X1)                0.0110     2.9679 r
  data arrival time                                                2.9679

  clock CLK (rise edge)                                 3.0000     3.0000
  clock network delay (ideal)                           0.0500     3.0500
  clock uncertainty                                    -0.0500     3.0000
  DP_i/fetch_i_pc_i_Y_reg_12_/CK (DFF_X1)               0.0000     3.0000 r
  library setup time                                   -0.0286     2.9714
  data required time                                               2.9714
  --------------------------------------------------------------------------
  data required time                                               2.9714
  data arrival time                                               -2.9679
  --------------------------------------------------------------------------
  slack (MET)                                                      0.0035


  Startpoint: DP_i/fetch_i_IR_out_reg_26_
              (rising edge-triggered flip-flop clocked by CLK)
  Endpoint: DP_i/fetch_i_pc_i_Y_reg_20_
            (rising edge-triggered flip-flop clocked by CLK)
  Path Group: REG2REG
  Path Type: max

  Des/Clust/Port     Wire Load Model       Library
  ------------------------------------------------
  DLX                5K_hvratio_1_4        NangateOpenCellLibrary

  Point                                                   Incr       Path
  --------------------------------------------------------------------------
  clock CLK (rise edge)                                 0.0000     0.0000
  clock network delay (ideal)                           0.0500     0.0500
  DP_i/fetch_i_IR_out_reg_26_/CK (DFF_X1)               0.0000     0.0500 r
  DP_i/fetch_i_IR_out_reg_26_/Q (DFF_X1)                0.1050     0.1550 f
  DP_i/opcode[0] (DataPath)                             0.0000     0.1550 f
  U805/ZN (INV_X1)                                      0.0497     0.2047 r
  U808/ZN (NAND3_X1)                                    0.0443     0.2490 f
  U809/ZN (NOR2_X1)                                     0.0797     0.3287 r
  DP_i/RF2 (DataPath)                                   0.0000     0.3287 r
  DP_i/U1270/ZN (OR2_X1)                                0.0497     0.3784 r
  DP_i/U1271/ZN (NOR2_X1)                               0.0322     0.4106 f
  DP_i/U1272/ZN (AOI21_X1)                              0.0689     0.4796 r
  DP_i/U1273/ZN (AOI21_X1)                              0.0371     0.5166 f
  DP_i/U1274/ZN (AND2_X1)                               0.0462     0.5628 f
  DP_i/U1275/ZN (NOR2_X1)                               0.0511     0.6138 r
  DP_i/U1276/ZN (OAI211_X1)                             0.0502     0.6640 f
  DP_i/U1277/ZN (NOR2_X1)                               0.0551     0.7191 r
  DP_i/U1278/ZN (NAND2_X1)                              0.0331     0.7522 f
  DP_i/U1280/ZN (NAND2_X1)                              0.0318     0.7840 r
  DP_i/U1434/CO (FA_X1)                                 0.0703     0.8543 r
  DP_i/U1290/ZN (NAND2_X1)                              0.0353     0.8896 f
  DP_i/U1294/ZN (NAND2_X1)                              0.0345     0.9241 r
  DP_i/U1296/ZN (NOR2_X1)                               0.0294     0.9535 f
  DP_i/U1297/ZN (NOR2_X1)                               0.0524     1.0059 r
  DP_i/U1300/ZN (NAND2_X1)                              0.0322     1.0380 f
  DP_i/U1301/ZN (NAND2_X1)                              0.0294     1.0674 r
  DP_i/U1304/ZN (NAND2_X1)                              0.0307     1.0981 f
  DP_i/U1306/ZN (NOR2_X1)                               0.0575     1.1555 r
  DP_i/U1309/ZN (XNOR2_X1)                              0.0703     1.2259 r
  DP_i/U1310/ZN (NOR2_X1)                               0.0333     1.2592 f
  DP_i/U1311/ZN (AOI21_X1)                              0.0678     1.3270 r
  DP_i/U1312/ZN (NAND2_X1)                              0.0330     1.3600 f
  DP_i/U1313/ZN (NAND2_X1)                              0.0331     1.3932 r
  DP_i/U1314/ZN (NAND2_X1)                              0.0339     1.4271 f
  DP_i/U1316/ZN (OAI21_X1)                              0.0653     1.4924 r
  DP_i/U1319/ZN (NAND2_X1)                              0.0339     1.5263 f
  DP_i/U1320/ZN (NAND2_X1)                              0.0339     1.5602 r
  DP_i/U1323/ZN (NOR2_X1)                               0.0295     1.5897 f
  DP_i/U1324/ZN (AOI21_X1)                              0.0648     1.6546 r
  DP_i/U1327/ZN (NAND2_X1)                              0.0366     1.6911 f
  DP_i/U1328/ZN (NOR2_X1)                               0.0536     1.7447 r
  DP_i/U1329/ZN (OR2_X1)                                0.0435     1.7882 r
  DP_i/U1432/CO (FA_X1)                                 0.0822     1.8704 r
  DP_i/U1330/ZN (OAI21_X1)                              0.0407     1.9111 f
  DP_i/U1334/ZN (NOR2_X1)                               0.0487     1.9599 r
  DP_i/U1339/ZN (NAND2_X1)                              0.0351     1.9949 f
  DP_i/U1346/ZN (NAND2_X1)                              0.0339     2.0289 r
  DP_i/U1347/ZN (AOI21_X1)                              0.0355     2.0644 f
  DP_i/U1348/ZN (AOI21_X1)                              0.0809     2.1452 r
  DP_i/U1350/ZN (NAND2_X1)                              0.0409     2.1861 f
  DP_i/U1351/ZN (NOR2_X1)                               0.0724     2.2585 r
  DP_i/U1362/ZN (XNOR2_X1)                              0.0771     2.3356 r
  DP_i/U1364/ZN (AND2_X1)                               0.0508     2.3864 r
  DP_i/U1365/ZN (NOR3_X1)                               0.0252     2.4116 f
  DP_i/U1469/ZN (OAI211_X1)                             0.0366     2.4482 r
  DP_i/U1471/ZN (NOR2_X1)                               0.0275     2.4757 f
  DP_i/U1575/ZN (AOI211_X1)                             0.0825     2.5582 r
  DP_i/U97/Z (BUF_X1)                                   0.0624     2.6206 r
  DP_i/U2974/ZN (NAND3_X2)                              0.1531     2.7737 f
  DP_i/U3020/ZN (OAI22_X1)                              0.1138     2.8875 r
  DP_i/U3021/ZN (AOI21_X1)                              0.0343     2.9218 f
  DP_i/U6032/ZN (NAND3_X1)                              0.0352     2.9570 r
  DP_i/fetch_i_pc_i_Y_reg_20_/D (DFF_X1)                0.0110     2.9679 r
  data arrival time                                                2.9679

  clock CLK (rise edge)                                 3.0000     3.0000
  clock network delay (ideal)                           0.0500     3.0500
  clock uncertainty                                    -0.0500     3.0000
  DP_i/fetch_i_pc_i_Y_reg_20_/CK (DFF_X1)               0.0000     3.0000 r
  library setup time                                   -0.0286     2.9714
  data required time                                               2.9714
  --------------------------------------------------------------------------
  data required time                                               2.9714
  data arrival time                                               -2.9679
  --------------------------------------------------------------------------
  slack (MET)                                                      0.0035


  Startpoint: DP_i/fetch_i_IR_out_reg_26_
              (rising edge-triggered flip-flop clocked by CLK)
  Endpoint: DP_i/fetch_i_pc_i_Y_reg_19_
            (rising edge-triggered flip-flop clocked by CLK)
  Path Group: REG2REG
  Path Type: max

  Des/Clust/Port     Wire Load Model       Library
  ------------------------------------------------
  DLX                5K_hvratio_1_4        NangateOpenCellLibrary

  Point                                                   Incr       Path
  --------------------------------------------------------------------------
  clock CLK (rise edge)                                 0.0000     0.0000
  clock network delay (ideal)                           0.0500     0.0500
  DP_i/fetch_i_IR_out_reg_26_/CK (DFF_X1)               0.0000     0.0500 r
  DP_i/fetch_i_IR_out_reg_26_/Q (DFF_X1)                0.1050     0.1550 f
  DP_i/opcode[0] (DataPath)                             0.0000     0.1550 f
  U805/ZN (INV_X1)                                      0.0497     0.2047 r
  U808/ZN (NAND3_X1)                                    0.0443     0.2490 f
  U809/ZN (NOR2_X1)                                     0.0797     0.3287 r
  DP_i/RF2 (DataPath)                                   0.0000     0.3287 r
  DP_i/U1270/ZN (OR2_X1)                                0.0497     0.3784 r
  DP_i/U1271/ZN (NOR2_X1)                               0.0322     0.4106 f
  DP_i/U1272/ZN (AOI21_X1)                              0.0689     0.4796 r
  DP_i/U1273/ZN (AOI21_X1)                              0.0371     0.5166 f
  DP_i/U1274/ZN (AND2_X1)                               0.0462     0.5628 f
  DP_i/U1275/ZN (NOR2_X1)                               0.0511     0.6138 r
  DP_i/U1276/ZN (OAI211_X1)                             0.0502     0.6640 f
  DP_i/U1277/ZN (NOR2_X1)                               0.0551     0.7191 r
  DP_i/U1278/ZN (NAND2_X1)                              0.0331     0.7522 f
  DP_i/U1280/ZN (NAND2_X1)                              0.0318     0.7840 r
  DP_i/U1434/CO (FA_X1)                                 0.0703     0.8543 r
  DP_i/U1290/ZN (NAND2_X1)                              0.0353     0.8896 f
  DP_i/U1294/ZN (NAND2_X1)                              0.0345     0.9241 r
  DP_i/U1296/ZN (NOR2_X1)                               0.0294     0.9535 f
  DP_i/U1297/ZN (NOR2_X1)                               0.0524     1.0059 r
  DP_i/U1300/ZN (NAND2_X1)                              0.0322     1.0380 f
  DP_i/U1301/ZN (NAND2_X1)                              0.0294     1.0674 r
  DP_i/U1304/ZN (NAND2_X1)                              0.0307     1.0981 f
  DP_i/U1306/ZN (NOR2_X1)                               0.0575     1.1555 r
  DP_i/U1309/ZN (XNOR2_X1)                              0.0703     1.2259 r
  DP_i/U1310/ZN (NOR2_X1)                               0.0333     1.2592 f
  DP_i/U1311/ZN (AOI21_X1)                              0.0678     1.3270 r
  DP_i/U1312/ZN (NAND2_X1)                              0.0330     1.3600 f
  DP_i/U1313/ZN (NAND2_X1)                              0.0331     1.3932 r
  DP_i/U1314/ZN (NAND2_X1)                              0.0339     1.4271 f
  DP_i/U1316/ZN (OAI21_X1)                              0.0653     1.4924 r
  DP_i/U1319/ZN (NAND2_X1)                              0.0339     1.5263 f
  DP_i/U1320/ZN (NAND2_X1)                              0.0339     1.5602 r
  DP_i/U1323/ZN (NOR2_X1)                               0.0295     1.5897 f
  DP_i/U1324/ZN (AOI21_X1)                              0.0648     1.6546 r
  DP_i/U1327/ZN (NAND2_X1)                              0.0366     1.6911 f
  DP_i/U1328/ZN (NOR2_X1)                               0.0536     1.7447 r
  DP_i/U1329/ZN (OR2_X1)                                0.0435     1.7882 r
  DP_i/U1432/CO (FA_X1)                                 0.0822     1.8704 r
  DP_i/U1330/ZN (OAI21_X1)                              0.0407     1.9111 f
  DP_i/U1334/ZN (NOR2_X1)                               0.0487     1.9599 r
  DP_i/U1339/ZN (NAND2_X1)                              0.0351     1.9949 f
  DP_i/U1346/ZN (NAND2_X1)                              0.0339     2.0289 r
  DP_i/U1347/ZN (AOI21_X1)                              0.0355     2.0644 f
  DP_i/U1348/ZN (AOI21_X1)                              0.0809     2.1452 r
  DP_i/U1350/ZN (NAND2_X1)                              0.0409     2.1861 f
  DP_i/U1351/ZN (NOR2_X1)                               0.0724     2.2585 r
  DP_i/U1362/ZN (XNOR2_X1)                              0.0771     2.3356 r
  DP_i/U1364/ZN (AND2_X1)                               0.0508     2.3864 r
  DP_i/U1365/ZN (NOR3_X1)                               0.0252     2.4116 f
  DP_i/U1469/ZN (OAI211_X1)                             0.0366     2.4482 r
  DP_i/U1471/ZN (NOR2_X1)                               0.0275     2.4757 f
  DP_i/U1575/ZN (AOI211_X1)                             0.0825     2.5582 r
  DP_i/U97/Z (BUF_X1)                                   0.0624     2.6206 r
  DP_i/U2974/ZN (NAND3_X2)                              0.1531     2.7737 f
  DP_i/U3025/ZN (OAI22_X1)                              0.1138     2.8875 r
  DP_i/U3026/ZN (AOI21_X1)                              0.0343     2.9218 f
  DP_i/U6031/ZN (NAND3_X1)                              0.0352     2.9570 r
  DP_i/fetch_i_pc_i_Y_reg_19_/D (DFF_X1)                0.0110     2.9679 r
  data arrival time                                                2.9679

  clock CLK (rise edge)                                 3.0000     3.0000
  clock network delay (ideal)                           0.0500     3.0500
  clock uncertainty                                    -0.0500     3.0000
  DP_i/fetch_i_pc_i_Y_reg_19_/CK (DFF_X1)               0.0000     3.0000 r
  library setup time                                   -0.0286     2.9714
  data required time                                               2.9714
  --------------------------------------------------------------------------
  data required time                                               2.9714
  data arrival time                                               -2.9679
  --------------------------------------------------------------------------
  slack (MET)                                                      0.0035


  Startpoint: DP_i/fetch_i_IR_out_reg_26_
              (rising edge-triggered flip-flop clocked by CLK)
  Endpoint: DP_i/fetch_i_pc_i_Y_reg_10_
            (rising edge-triggered flip-flop clocked by CLK)
  Path Group: REG2REG
  Path Type: max

  Des/Clust/Port     Wire Load Model       Library
  ------------------------------------------------
  DLX                5K_hvratio_1_4        NangateOpenCellLibrary

  Point                                                   Incr       Path
  --------------------------------------------------------------------------
  clock CLK (rise edge)                                 0.0000     0.0000
  clock network delay (ideal)                           0.0500     0.0500
  DP_i/fetch_i_IR_out_reg_26_/CK (DFF_X1)               0.0000     0.0500 r
  DP_i/fetch_i_IR_out_reg_26_/Q (DFF_X1)                0.1050     0.1550 f
  DP_i/opcode[0] (DataPath)                             0.0000     0.1550 f
  U805/ZN (INV_X1)                                      0.0497     0.2047 r
  U808/ZN (NAND3_X1)                                    0.0443     0.2490 f
  U809/ZN (NOR2_X1)                                     0.0797     0.3287 r
  DP_i/RF2 (DataPath)                                   0.0000     0.3287 r
  DP_i/U1270/ZN (OR2_X1)                                0.0497     0.3784 r
  DP_i/U1271/ZN (NOR2_X1)                               0.0322     0.4106 f
  DP_i/U1272/ZN (AOI21_X1)                              0.0689     0.4796 r
  DP_i/U1273/ZN (AOI21_X1)                              0.0371     0.5166 f
  DP_i/U1274/ZN (AND2_X1)                               0.0462     0.5628 f
  DP_i/U1275/ZN (NOR2_X1)                               0.0511     0.6138 r
  DP_i/U1276/ZN (OAI211_X1)                             0.0502     0.6640 f
  DP_i/U1277/ZN (NOR2_X1)                               0.0551     0.7191 r
  DP_i/U1278/ZN (NAND2_X1)                              0.0331     0.7522 f
  DP_i/U1280/ZN (NAND2_X1)                              0.0318     0.7840 r
  DP_i/U1434/CO (FA_X1)                                 0.0703     0.8543 r
  DP_i/U1290/ZN (NAND2_X1)                              0.0353     0.8896 f
  DP_i/U1294/ZN (NAND2_X1)                              0.0345     0.9241 r
  DP_i/U1296/ZN (NOR2_X1)                               0.0294     0.9535 f
  DP_i/U1297/ZN (NOR2_X1)                               0.0524     1.0059 r
  DP_i/U1300/ZN (NAND2_X1)                              0.0322     1.0380 f
  DP_i/U1301/ZN (NAND2_X1)                              0.0294     1.0674 r
  DP_i/U1304/ZN (NAND2_X1)                              0.0307     1.0981 f
  DP_i/U1306/ZN (NOR2_X1)                               0.0575     1.1555 r
  DP_i/U1309/ZN (XNOR2_X1)                              0.0703     1.2259 r
  DP_i/U1310/ZN (NOR2_X1)                               0.0333     1.2592 f
  DP_i/U1311/ZN (AOI21_X1)                              0.0678     1.3270 r
  DP_i/U1312/ZN (NAND2_X1)                              0.0330     1.3600 f
  DP_i/U1313/ZN (NAND2_X1)                              0.0331     1.3932 r
  DP_i/U1314/ZN (NAND2_X1)                              0.0339     1.4271 f
  DP_i/U1316/ZN (OAI21_X1)                              0.0653     1.4924 r
  DP_i/U1319/ZN (NAND2_X1)                              0.0339     1.5263 f
  DP_i/U1320/ZN (NAND2_X1)                              0.0339     1.5602 r
  DP_i/U1323/ZN (NOR2_X1)                               0.0295     1.5897 f
  DP_i/U1324/ZN (AOI21_X1)                              0.0648     1.6546 r
  DP_i/U1327/ZN (NAND2_X1)                              0.0366     1.6911 f
  DP_i/U1328/ZN (NOR2_X1)                               0.0536     1.7447 r
  DP_i/U1329/ZN (OR2_X1)                                0.0435     1.7882 r
  DP_i/U1432/CO (FA_X1)                                 0.0822     1.8704 r
  DP_i/U1330/ZN (OAI21_X1)                              0.0407     1.9111 f
  DP_i/U1334/ZN (NOR2_X1)                               0.0487     1.9599 r
  DP_i/U1339/ZN (NAND2_X1)                              0.0351     1.9949 f
  DP_i/U1346/ZN (NAND2_X1)                              0.0339     2.0289 r
  DP_i/U1347/ZN (AOI21_X1)                              0.0355     2.0644 f
  DP_i/U1348/ZN (AOI21_X1)                              0.0809     2.1452 r
  DP_i/U1350/ZN (NAND2_X1)                              0.0409     2.1861 f
  DP_i/U1351/ZN (NOR2_X1)                               0.0724     2.2585 r
  DP_i/U1362/ZN (XNOR2_X1)                              0.0771     2.3356 r
  DP_i/U1364/ZN (AND2_X1)                               0.0508     2.3864 r
  DP_i/U1365/ZN (NOR3_X1)                               0.0252     2.4116 f
  DP_i/U1469/ZN (OAI211_X1)                             0.0366     2.4482 r
  DP_i/U1471/ZN (NOR2_X1)                               0.0275     2.4757 f
  DP_i/U1575/ZN (AOI211_X1)                             0.0825     2.5582 r
  DP_i/U97/Z (BUF_X1)                                   0.0624     2.6206 r
  DP_i/U2974/ZN (NAND3_X2)                              0.1531     2.7737 f
  DP_i/U3070/ZN (OAI22_X1)                              0.1138     2.8875 r
  DP_i/U3071/ZN (AOI21_X1)                              0.0343     2.9218 f
  DP_i/U6028/ZN (NAND3_X1)                              0.0352     2.9570 r
  DP_i/fetch_i_pc_i_Y_reg_10_/D (DFF_X1)                0.0110     2.9679 r
  data arrival time                                                2.9679

  clock CLK (rise edge)                                 3.0000     3.0000
  clock network delay (ideal)                           0.0500     3.0500
  clock uncertainty                                    -0.0500     3.0000
  DP_i/fetch_i_pc_i_Y_reg_10_/CK (DFF_X1)               0.0000     3.0000 r
  library setup time                                   -0.0286     2.9714
  data required time                                               2.9714
  --------------------------------------------------------------------------
  data required time                                               2.9714
  data arrival time                                               -2.9679
  --------------------------------------------------------------------------
  slack (MET)                                                      0.0035


  Startpoint: DP_i/mem_access_i_rd_out_reg_i_Y_reg_2_
              (rising edge-triggered flip-flop clocked by CLK)
  Endpoint: DP_i/fetch_i_btb_i_clk_gate_btb_table_reg_3__TARGET_/latch
            (gating element for clock CLK)
  Path Group: CLK
  Path Type: max

  Des/Clust/Port     Wire Load Model       Library
  ------------------------------------------------
  DLX                5K_hvratio_1_4        NangateOpenCellLibrary

  Point                                                   Incr       Path
  --------------------------------------------------------------------------
  clock CLK (rise edge)                                 0.0000     0.0000
  clock network delay (ideal)                           0.0500     0.0500
  DP_i/mem_access_i_rd_out_reg_i_Y_reg_2_/CK (DFF_X1)   0.0000     0.0500 r
  DP_i/mem_access_i_rd_out_reg_i_Y_reg_2_/Q (DFF_X1)    0.1128     0.1628 f
  DP_i/decode_i_reg_file_i/addr_w[2] (register_file)    0.0000     0.1628 f
  DP_i/decode_i_reg_file_i/U30/ZN (INV_X1)              0.0847     0.2475 r
  DP_i/decode_i_reg_file_i/U31/ZN (OAI22_X1)            0.0595     0.3070 f
  DP_i/decode_i_reg_file_i/U32/ZN (AOI221_X1)           0.0894     0.3964 r
  DP_i/decode_i_reg_file_i/U36/ZN (NAND4_X1)            0.0733     0.4697 f
  DP_i/decode_i_reg_file_i/U37/ZN (NAND3_X1)            0.0920     0.5617 r
  DP_i/decode_i_reg_file_i/U104/ZN (NOR2_X1)            0.0866     0.6483 f
  DP_i/decode_i_reg_file_i/U105/Z (CLKBUF_X1)           0.1976     0.8459 f
  DP_i/decode_i_reg_file_i/U1558/ZN (AOI22_X1)          0.1157     0.9616 r
  DP_i/decode_i_reg_file_i/U1561/ZN (NAND4_X1)          0.0469     1.0085 f
  DP_i/decode_i_reg_file_i/U1562/ZN (OR4_X1)            0.1285     1.1370 f
  DP_i/decode_i_reg_file_i/output1[1] (register_file)   0.0000     1.1370 f
  DP_i/U1188/ZN (INV_X1)                                0.0369     1.1739 r
  DP_i/U1189/ZN (OAI221_X1)                             0.0488     1.2227 f
  DP_i/U1190/ZN (OAI221_X1)                             0.0553     1.2780 r
  DP_i/U1207/ZN (AOI21_X1)                              0.0530     1.3310 f
  DP_i/U2339/ZN (OR2_X4)                                0.1296     1.4606 f
  DP_i/U4625/ZN (NOR2_X1)                               0.1036     1.5642 r
  DP_i/rs2_live[3] (DataPath)                           0.0000     1.5642 r
  U980/ZN (INV_X1)                                      0.0325     1.5967 f
  U982/ZN (AND2_X1)                                     0.0625     1.6592 f
  U986/ZN (AOI22_X1)                                    0.0832     1.7424 r
  U987/ZN (OAI21_X1)                                    0.0377     1.7801 f
  U988/ZN (AOI211_X1)                                   0.0810     1.8611 r
  U989/ZN (NOR2_X1)                                     0.0278     1.8889 f
  U998/Z (MUX2_X1)                                      0.0686     1.9575 f
  U1012/ZN (OAI21_X1)                                   0.0587     2.0162 r
  U1013/ZN (AOI221_X1)                                  0.0377     2.0539 f
  U1041/ZN (AOI211_X1)                                  0.1262     2.1802 r
  U1052/ZN (INV_X1)                                     0.0349     2.2151 f
  U1131/ZN (AOI21_X1)                                   0.0558     2.2709 r
  DP_i/F_ID_enable (DataPath)                           0.0000     2.2709 r
  DP_i/U4849/ZN (NAND2_X1)                              0.0415     2.3124 f
  DP_i/U4850/ZN (INV_X1)                                0.0310     2.3434 r
  DP_i/fetch_i_btb_i_U835/ZN (NAND3_X1)                 0.0418     2.3852 f
  DP_i/fetch_i_btb_i_U1199/ZN (AOI211_X1)               0.2017     2.5869 r
  DP_i/fetch_i_btb_i_U1200/ZN (NAND2_X1)                0.0835     2.6704 f
  DP_i/fetch_i_btb_i_U1204/ZN (INV_X1)                  0.0438     2.7142 r
  DP_i/fetch_i_btb_i_U1205/ZN (AOI21_X1)                0.0362     2.7504 f
  DP_i/fetch_i_btb_i_U1213/ZN (NOR2_X1)                 0.0480     2.7983 r
  DP_i/fetch_i_btb_i_clk_gate_btb_table_reg_3__TARGET_/EN (SNPS_CLOCK_GATE_HIGH_BTB_NBIT32_BTB_DEPTH16_BTB_INDEX_MSB5_26)
                                                        0.0000     2.7983 r
  DP_i/fetch_i_btb_i_clk_gate_btb_table_reg_3__TARGET_/latch/E (CLKGATETST_X1)
                                                        0.0091     2.8074 r
  data arrival time                                                2.8074

  clock CLK (rise edge)                                 3.0000     3.0000
  clock network delay (ideal)                           0.0500     3.0500
  clock uncertainty                                    -0.0500     3.0000
  DP_i/fetch_i_btb_i_clk_gate_btb_table_reg_3__TARGET_/latch/CK (CLKGATETST_X1)
                                                        0.0000     3.0000 r
  clock gating setup time                              -0.0746     2.9254
  data required time                                               2.9254
  --------------------------------------------------------------------------
  data required time                                               2.9254
  data arrival time                                               -2.8074
  --------------------------------------------------------------------------
  slack (MET)                                                      0.1180


  Startpoint: DP_i/mem_access_i_rd_out_reg_i_Y_reg_2_
              (rising edge-triggered flip-flop clocked by CLK)
  Endpoint: DP_i/fetch_i_btb_i_clk_gate_btb_table_reg_1__TARGET_/latch
            (gating element for clock CLK)
  Path Group: CLK
  Path Type: max

  Des/Clust/Port     Wire Load Model       Library
  ------------------------------------------------
  DLX                5K_hvratio_1_4        NangateOpenCellLibrary

  Point                                                   Incr       Path
  --------------------------------------------------------------------------
  clock CLK (rise edge)                                 0.0000     0.0000
  clock network delay (ideal)                           0.0500     0.0500
  DP_i/mem_access_i_rd_out_reg_i_Y_reg_2_/CK (DFF_X1)   0.0000     0.0500 r
  DP_i/mem_access_i_rd_out_reg_i_Y_reg_2_/Q (DFF_X1)    0.1128     0.1628 f
  DP_i/decode_i_reg_file_i/addr_w[2] (register_file)    0.0000     0.1628 f
  DP_i/decode_i_reg_file_i/U30/ZN (INV_X1)              0.0847     0.2475 r
  DP_i/decode_i_reg_file_i/U31/ZN (OAI22_X1)            0.0595     0.3070 f
  DP_i/decode_i_reg_file_i/U32/ZN (AOI221_X1)           0.0894     0.3964 r
  DP_i/decode_i_reg_file_i/U36/ZN (NAND4_X1)            0.0733     0.4697 f
  DP_i/decode_i_reg_file_i/U37/ZN (NAND3_X1)            0.0920     0.5617 r
  DP_i/decode_i_reg_file_i/U104/ZN (NOR2_X1)            0.0866     0.6483 f
  DP_i/decode_i_reg_file_i/U105/Z (CLKBUF_X1)           0.1976     0.8459 f
  DP_i/decode_i_reg_file_i/U1558/ZN (AOI22_X1)          0.1157     0.9616 r
  DP_i/decode_i_reg_file_i/U1561/ZN (NAND4_X1)          0.0469     1.0085 f
  DP_i/decode_i_reg_file_i/U1562/ZN (OR4_X1)            0.1285     1.1370 f
  DP_i/decode_i_reg_file_i/output1[1] (register_file)   0.0000     1.1370 f
  DP_i/U1188/ZN (INV_X1)                                0.0369     1.1739 r
  DP_i/U1189/ZN (OAI221_X1)                             0.0488     1.2227 f
  DP_i/U1190/ZN (OAI221_X1)                             0.0553     1.2780 r
  DP_i/U1207/ZN (AOI21_X1)                              0.0530     1.3310 f
  DP_i/U2339/ZN (OR2_X4)                                0.1296     1.4606 f
  DP_i/U4625/ZN (NOR2_X1)                               0.1036     1.5642 r
  DP_i/rs2_live[3] (DataPath)                           0.0000     1.5642 r
  U980/ZN (INV_X1)                                      0.0325     1.5967 f
  U982/ZN (AND2_X1)                                     0.0625     1.6592 f
  U986/ZN (AOI22_X1)                                    0.0832     1.7424 r
  U987/ZN (OAI21_X1)                                    0.0377     1.7801 f
  U988/ZN (AOI211_X1)                                   0.0810     1.8611 r
  U989/ZN (NOR2_X1)                                     0.0278     1.8889 f
  U998/Z (MUX2_X1)                                      0.0686     1.9575 f
  U1012/ZN (OAI21_X1)                                   0.0587     2.0162 r
  U1013/ZN (AOI221_X1)                                  0.0377     2.0539 f
  U1041/ZN (AOI211_X1)                                  0.1262     2.1802 r
  U1052/ZN (INV_X1)                                     0.0349     2.2151 f
  U1131/ZN (AOI21_X1)                                   0.0558     2.2709 r
  DP_i/F_ID_enable (DataPath)                           0.0000     2.2709 r
  DP_i/U4849/ZN (NAND2_X1)                              0.0415     2.3124 f
  DP_i/U4850/ZN (INV_X1)                                0.0310     2.3434 r
  DP_i/fetch_i_btb_i_U835/ZN (NAND3_X1)                 0.0418     2.3852 f
  DP_i/fetch_i_btb_i_U1199/ZN (AOI211_X1)               0.2017     2.5869 r
  DP_i/fetch_i_btb_i_U1200/ZN (NAND2_X1)                0.0835     2.6704 f
  DP_i/fetch_i_btb_i_U1204/ZN (INV_X1)                  0.0438     2.7142 r
  DP_i/fetch_i_btb_i_U1205/ZN (AOI21_X1)                0.0362     2.7504 f
  DP_i/fetch_i_btb_i_U1208/ZN (NOR2_X1)                 0.0480     2.7983 r
  DP_i/fetch_i_btb_i_clk_gate_btb_table_reg_1__TARGET_/EN (SNPS_CLOCK_GATE_HIGH_BTB_NBIT32_BTB_DEPTH16_BTB_INDEX_MSB5_30)
                                                        0.0000     2.7983 r
  DP_i/fetch_i_btb_i_clk_gate_btb_table_reg_1__TARGET_/latch/E (CLKGATETST_X1)
                                                        0.0091     2.8074 r
  data arrival time                                                2.8074

  clock CLK (rise edge)                                 3.0000     3.0000
  clock network delay (ideal)                           0.0500     3.0500
  clock uncertainty                                    -0.0500     3.0000
  DP_i/fetch_i_btb_i_clk_gate_btb_table_reg_1__TARGET_/latch/CK (CLKGATETST_X1)
                                                        0.0000     3.0000 r
  clock gating setup time                              -0.0746     2.9254
  data required time                                               2.9254
  --------------------------------------------------------------------------
  data required time                                               2.9254
  data arrival time                                               -2.8074
  --------------------------------------------------------------------------
  slack (MET)                                                      0.1180


  Startpoint: DP_i/mem_access_i_rd_out_reg_i_Y_reg_2_
              (rising edge-triggered flip-flop clocked by CLK)
  Endpoint: DP_i/fetch_i_btb_i_clk_gate_btb_table_reg_3__TARGET_/latch
            (gating element for clock CLK)
  Path Group: CLK
  Path Type: max

  Des/Clust/Port     Wire Load Model       Library
  ------------------------------------------------
  DLX                5K_hvratio_1_4        NangateOpenCellLibrary

  Point                                                   Incr       Path
  --------------------------------------------------------------------------
  clock CLK (rise edge)                                 0.0000     0.0000
  clock network delay (ideal)                           0.0500     0.0500
  DP_i/mem_access_i_rd_out_reg_i_Y_reg_2_/CK (DFF_X1)   0.0000     0.0500 r
  DP_i/mem_access_i_rd_out_reg_i_Y_reg_2_/Q (DFF_X1)    0.1128     0.1628 f
  DP_i/decode_i_reg_file_i/addr_w[2] (register_file)    0.0000     0.1628 f
  DP_i/decode_i_reg_file_i/U30/ZN (INV_X1)              0.0847     0.2475 r
  DP_i/decode_i_reg_file_i/U31/ZN (OAI22_X1)            0.0595     0.3070 f
  DP_i/decode_i_reg_file_i/U32/ZN (AOI221_X1)           0.0894     0.3964 r
  DP_i/decode_i_reg_file_i/U36/ZN (NAND4_X1)            0.0733     0.4697 f
  DP_i/decode_i_reg_file_i/U37/ZN (NAND3_X1)            0.0920     0.5617 r
  DP_i/decode_i_reg_file_i/U104/ZN (NOR2_X1)            0.0866     0.6483 f
  DP_i/decode_i_reg_file_i/U105/Z (CLKBUF_X1)           0.1976     0.8459 f
  DP_i/decode_i_reg_file_i/U1558/ZN (AOI22_X1)          0.1157     0.9616 r
  DP_i/decode_i_reg_file_i/U1561/ZN (NAND4_X1)          0.0469     1.0085 f
  DP_i/decode_i_reg_file_i/U1562/ZN (OR4_X1)            0.1285     1.1370 f
  DP_i/decode_i_reg_file_i/output1[1] (register_file)   0.0000     1.1370 f
  DP_i/U1188/ZN (INV_X1)                                0.0369     1.1739 r
  DP_i/U1189/ZN (OAI221_X1)                             0.0488     1.2227 f
  DP_i/U1190/ZN (OAI221_X1)                             0.0553     1.2780 r
  DP_i/U1207/ZN (AOI21_X1)                              0.0530     1.3310 f
  DP_i/U2339/ZN (OR2_X4)                                0.1296     1.4606 f
  DP_i/U4625/ZN (NOR2_X1)                               0.1036     1.5642 r
  DP_i/rs2_live[3] (DataPath)                           0.0000     1.5642 r
  U980/ZN (INV_X1)                                      0.0325     1.5967 f
  U982/ZN (AND2_X1)                                     0.0625     1.6592 f
  U986/ZN (AOI22_X1)                                    0.0832     1.7424 r
  U987/ZN (OAI21_X1)                                    0.0377     1.7801 f
  U988/ZN (AOI211_X1)                                   0.0810     1.8611 r
  U989/ZN (NOR2_X1)                                     0.0278     1.8889 f
  U998/Z (MUX2_X1)                                      0.0686     1.9575 f
  U1012/ZN (OAI21_X1)                                   0.0587     2.0162 r
  U1013/ZN (AOI221_X1)                                  0.0377     2.0539 f
  U1041/ZN (AOI211_X1)                                  0.1262     2.1802 r
  U1052/ZN (INV_X1)                                     0.0349     2.2151 f
  U1131/ZN (AOI21_X1)                                   0.0558     2.2709 r
  DP_i/F_ID_enable (DataPath)                           0.0000     2.2709 r
  DP_i/U4849/ZN (NAND2_X1)                              0.0415     2.3124 f
  DP_i/U4850/ZN (INV_X1)                                0.0310     2.3434 r
  DP_i/fetch_i_btb_i_U835/ZN (NAND3_X1)                 0.0418     2.3852 f
  DP_i/fetch_i_btb_i_U1199/ZN (AOI211_X1)               0.2017     2.5869 r
  DP_i/fetch_i_btb_i_U1200/ZN (NAND2_X1)                0.0835     2.6704 f
  DP_i/fetch_i_btb_i_U1204/ZN (INV_X1)                  0.0438     2.7142 r
  DP_i/fetch_i_btb_i_U1205/ZN (AOI21_X1)                0.0362     2.7504 f
  DP_i/fetch_i_btb_i_U1213/ZN (NOR2_X1)                 0.0480     2.7983 r
  DP_i/fetch_i_btb_i_clk_gate_btb_table_reg_3__TARGET_/EN (SNPS_CLOCK_GATE_HIGH_BTB_NBIT32_BTB_DEPTH16_BTB_INDEX_MSB5_26)
                                                        0.0000     2.7983 r
  DP_i/fetch_i_btb_i_clk_gate_btb_table_reg_3__TARGET_/latch/E (CLKGATETST_X1)
                                                        0.0091     2.8074 r
  data arrival time                                                2.8074

  clock CLK (rise edge)                                 3.0000     3.0000
  clock network delay (ideal)                           0.0500     3.0500
  clock uncertainty                                    -0.0500     3.0000
  DP_i/fetch_i_btb_i_clk_gate_btb_table_reg_3__TARGET_/latch/CK (CLKGATETST_X1)
                                                        0.0000     3.0000 r
  clock gating setup time                              -0.0746     2.9254
  data required time                                               2.9254
  --------------------------------------------------------------------------
  data required time                                               2.9254
  data arrival time                                               -2.8074
  --------------------------------------------------------------------------
  slack (MET)                                                      0.1180


  Startpoint: DP_i/mem_access_i_rd_out_reg_i_Y_reg_2_
              (rising edge-triggered flip-flop clocked by CLK)
  Endpoint: DP_i/fetch_i_btb_i_clk_gate_btb_table_reg_1__TARGET_/latch
            (gating element for clock CLK)
  Path Group: CLK
  Path Type: max

  Des/Clust/Port     Wire Load Model       Library
  ------------------------------------------------
  DLX                5K_hvratio_1_4        NangateOpenCellLibrary

  Point                                                   Incr       Path
  --------------------------------------------------------------------------
  clock CLK (rise edge)                                 0.0000     0.0000
  clock network delay (ideal)                           0.0500     0.0500
  DP_i/mem_access_i_rd_out_reg_i_Y_reg_2_/CK (DFF_X1)   0.0000     0.0500 r
  DP_i/mem_access_i_rd_out_reg_i_Y_reg_2_/Q (DFF_X1)    0.1128     0.1628 f
  DP_i/decode_i_reg_file_i/addr_w[2] (register_file)    0.0000     0.1628 f
  DP_i/decode_i_reg_file_i/U30/ZN (INV_X1)              0.0847     0.2475 r
  DP_i/decode_i_reg_file_i/U31/ZN (OAI22_X1)            0.0595     0.3070 f
  DP_i/decode_i_reg_file_i/U32/ZN (AOI221_X1)           0.0894     0.3964 r
  DP_i/decode_i_reg_file_i/U36/ZN (NAND4_X1)            0.0733     0.4697 f
  DP_i/decode_i_reg_file_i/U37/ZN (NAND3_X1)            0.0920     0.5617 r
  DP_i/decode_i_reg_file_i/U104/ZN (NOR2_X1)            0.0866     0.6483 f
  DP_i/decode_i_reg_file_i/U105/Z (CLKBUF_X1)           0.1976     0.8459 f
  DP_i/decode_i_reg_file_i/U1558/ZN (AOI22_X1)          0.1157     0.9616 r
  DP_i/decode_i_reg_file_i/U1561/ZN (NAND4_X1)          0.0469     1.0085 f
  DP_i/decode_i_reg_file_i/U1562/ZN (OR4_X1)            0.1285     1.1370 f
  DP_i/decode_i_reg_file_i/output1[1] (register_file)   0.0000     1.1370 f
  DP_i/U1188/ZN (INV_X1)                                0.0369     1.1739 r
  DP_i/U1189/ZN (OAI221_X1)                             0.0488     1.2227 f
  DP_i/U1190/ZN (OAI221_X1)                             0.0553     1.2780 r
  DP_i/U1207/ZN (AOI21_X1)                              0.0530     1.3310 f
  DP_i/U2339/ZN (OR2_X4)                                0.1296     1.4606 f
  DP_i/U4625/ZN (NOR2_X1)                               0.1036     1.5642 r
  DP_i/rs2_live[3] (DataPath)                           0.0000     1.5642 r
  U980/ZN (INV_X1)                                      0.0325     1.5967 f
  U982/ZN (AND2_X1)                                     0.0625     1.6592 f
  U986/ZN (AOI22_X1)                                    0.0832     1.7424 r
  U987/ZN (OAI21_X1)                                    0.0377     1.7801 f
  U988/ZN (AOI211_X1)                                   0.0810     1.8611 r
  U989/ZN (NOR2_X1)                                     0.0278     1.8889 f
  U998/Z (MUX2_X1)                                      0.0686     1.9575 f
  U1012/ZN (OAI21_X1)                                   0.0587     2.0162 r
  U1013/ZN (AOI221_X1)                                  0.0377     2.0539 f
  U1041/ZN (AOI211_X1)                                  0.1262     2.1802 r
  U1052/ZN (INV_X1)                                     0.0349     2.2151 f
  U1131/ZN (AOI21_X1)                                   0.0558     2.2709 r
  DP_i/F_ID_enable (DataPath)                           0.0000     2.2709 r
  DP_i/U4849/ZN (NAND2_X1)                              0.0415     2.3124 f
  DP_i/U4850/ZN (INV_X1)                                0.0310     2.3434 r
  DP_i/fetch_i_btb_i_U835/ZN (NAND3_X1)                 0.0418     2.3852 f
  DP_i/fetch_i_btb_i_U1199/ZN (AOI211_X1)               0.2017     2.5869 r
  DP_i/fetch_i_btb_i_U1200/ZN (NAND2_X1)                0.0835     2.6704 f
  DP_i/fetch_i_btb_i_U1204/ZN (INV_X1)                  0.0438     2.7142 r
  DP_i/fetch_i_btb_i_U1205/ZN (AOI21_X1)                0.0362     2.7504 f
  DP_i/fetch_i_btb_i_U1208/ZN (NOR2_X1)                 0.0480     2.7983 r
  DP_i/fetch_i_btb_i_clk_gate_btb_table_reg_1__TARGET_/EN (SNPS_CLOCK_GATE_HIGH_BTB_NBIT32_BTB_DEPTH16_BTB_INDEX_MSB5_30)
                                                        0.0000     2.7983 r
  DP_i/fetch_i_btb_i_clk_gate_btb_table_reg_1__TARGET_/latch/E (CLKGATETST_X1)
                                                        0.0091     2.8074 r
  data arrival time                                                2.8074

  clock CLK (rise edge)                                 3.0000     3.0000
  clock network delay (ideal)                           0.0500     3.0500
  clock uncertainty                                    -0.0500     3.0000
  DP_i/fetch_i_btb_i_clk_gate_btb_table_reg_1__TARGET_/latch/CK (CLKGATETST_X1)
                                                        0.0000     3.0000 r
  clock gating setup time                              -0.0746     2.9254
  data required time                                               2.9254
  --------------------------------------------------------------------------
  data required time                                               2.9254
  data arrival time                                               -2.8074
  --------------------------------------------------------------------------
  slack (MET)                                                      0.1180


  Startpoint: DP_i/mem_access_i_rd_out_reg_i_Y_reg_2_
              (rising edge-triggered flip-flop clocked by CLK)
  Endpoint: DP_i/fetch_i_btb_i_clk_gate_btb_table_reg_2__TARGET_/latch
            (gating element for clock CLK)
  Path Group: CLK
  Path Type: max

  Des/Clust/Port     Wire Load Model       Library
  ------------------------------------------------
  DLX                5K_hvratio_1_4        NangateOpenCellLibrary

  Point                                                   Incr       Path
  --------------------------------------------------------------------------
  clock CLK (rise edge)                                 0.0000     0.0000
  clock network delay (ideal)                           0.0500     0.0500
  DP_i/mem_access_i_rd_out_reg_i_Y_reg_2_/CK (DFF_X1)   0.0000     0.0500 r
  DP_i/mem_access_i_rd_out_reg_i_Y_reg_2_/Q (DFF_X1)    0.1128     0.1628 f
  DP_i/decode_i_reg_file_i/addr_w[2] (register_file)    0.0000     0.1628 f
  DP_i/decode_i_reg_file_i/U30/ZN (INV_X1)              0.0847     0.2475 r
  DP_i/decode_i_reg_file_i/U31/ZN (OAI22_X1)            0.0595     0.3070 f
  DP_i/decode_i_reg_file_i/U32/ZN (AOI221_X1)           0.0894     0.3964 r
  DP_i/decode_i_reg_file_i/U36/ZN (NAND4_X1)            0.0733     0.4697 f
  DP_i/decode_i_reg_file_i/U37/ZN (NAND3_X1)            0.0920     0.5617 r
  DP_i/decode_i_reg_file_i/U104/ZN (NOR2_X1)            0.0866     0.6483 f
  DP_i/decode_i_reg_file_i/U105/Z (CLKBUF_X1)           0.1976     0.8459 f
  DP_i/decode_i_reg_file_i/U1558/ZN (AOI22_X1)          0.1157     0.9616 r
  DP_i/decode_i_reg_file_i/U1561/ZN (NAND4_X1)          0.0469     1.0085 f
  DP_i/decode_i_reg_file_i/U1562/ZN (OR4_X1)            0.1285     1.1370 f
  DP_i/decode_i_reg_file_i/output1[1] (register_file)   0.0000     1.1370 f
  DP_i/U1188/ZN (INV_X1)                                0.0369     1.1739 r
  DP_i/U1189/ZN (OAI221_X1)                             0.0488     1.2227 f
  DP_i/U1190/ZN (OAI221_X1)                             0.0553     1.2780 r
  DP_i/U1207/ZN (AOI21_X1)                              0.0530     1.3310 f
  DP_i/U2339/ZN (OR2_X4)                                0.1296     1.4606 f
  DP_i/U4625/ZN (NOR2_X1)                               0.1036     1.5642 r
  DP_i/rs2_live[3] (DataPath)                           0.0000     1.5642 r
  U980/ZN (INV_X1)                                      0.0325     1.5967 f
  U982/ZN (AND2_X1)                                     0.0625     1.6592 f
  U986/ZN (AOI22_X1)                                    0.0832     1.7424 r
  U987/ZN (OAI21_X1)                                    0.0377     1.7801 f
  U988/ZN (AOI211_X1)                                   0.0810     1.8611 r
  U989/ZN (NOR2_X1)                                     0.0278     1.8889 f
  U998/Z (MUX2_X1)                                      0.0686     1.9575 f
  U1012/ZN (OAI21_X1)                                   0.0587     2.0162 r
  U1013/ZN (AOI221_X1)                                  0.0377     2.0539 f
  U1041/ZN (AOI211_X1)                                  0.1262     2.1802 r
  U1052/ZN (INV_X1)                                     0.0349     2.2151 f
  U1131/ZN (AOI21_X1)                                   0.0558     2.2709 r
  DP_i/F_ID_enable (DataPath)                           0.0000     2.2709 r
  DP_i/U4849/ZN (NAND2_X1)                              0.0415     2.3124 f
  DP_i/U4850/ZN (INV_X1)                                0.0310     2.3434 r
  DP_i/fetch_i_btb_i_U835/ZN (NAND3_X1)                 0.0418     2.3852 f
  DP_i/fetch_i_btb_i_U1199/ZN (AOI211_X1)               0.2017     2.5869 r
  DP_i/fetch_i_btb_i_U1200/ZN (NAND2_X1)                0.0835     2.6704 f
  DP_i/fetch_i_btb_i_U1204/ZN (INV_X1)                  0.0438     2.7142 r
  DP_i/fetch_i_btb_i_U1205/ZN (AOI21_X1)                0.0362     2.7504 f
  DP_i/fetch_i_btb_i_U1211/ZN (NOR2_X1)                 0.0480     2.7983 r
  DP_i/fetch_i_btb_i_clk_gate_btb_table_reg_2__TARGET_/EN (SNPS_CLOCK_GATE_HIGH_BTB_NBIT32_BTB_DEPTH16_BTB_INDEX_MSB5_28)
                                                        0.0000     2.7983 r
  DP_i/fetch_i_btb_i_clk_gate_btb_table_reg_2__TARGET_/latch/E (CLKGATETST_X1)
                                                        0.0091     2.8074 r
  data arrival time                                                2.8074

  clock CLK (rise edge)                                 3.0000     3.0000
  clock network delay (ideal)                           0.0500     3.0500
  clock uncertainty                                    -0.0500     3.0000
  DP_i/fetch_i_btb_i_clk_gate_btb_table_reg_2__TARGET_/latch/CK (CLKGATETST_X1)
                                                        0.0000     3.0000 r
  clock gating setup time                              -0.0742     2.9258
  data required time                                               2.9258
  --------------------------------------------------------------------------
  data required time                                               2.9258
  data arrival time                                               -2.8074
  --------------------------------------------------------------------------
  slack (MET)                                                      0.1184


  Startpoint: DP_i/mem_access_i_rd_out_reg_i_Y_reg_2_
              (rising edge-triggered flip-flop clocked by CLK)
  Endpoint: DP_i/fetch_i_btb_i_clk_gate_btb_table_reg_0__TARGET_/latch
            (gating element for clock CLK)
  Path Group: CLK
  Path Type: max

  Des/Clust/Port     Wire Load Model       Library
  ------------------------------------------------
  DLX                5K_hvratio_1_4        NangateOpenCellLibrary

  Point                                                   Incr       Path
  --------------------------------------------------------------------------
  clock CLK (rise edge)                                 0.0000     0.0000
  clock network delay (ideal)                           0.0500     0.0500
  DP_i/mem_access_i_rd_out_reg_i_Y_reg_2_/CK (DFF_X1)   0.0000     0.0500 r
  DP_i/mem_access_i_rd_out_reg_i_Y_reg_2_/Q (DFF_X1)    0.1128     0.1628 f
  DP_i/decode_i_reg_file_i/addr_w[2] (register_file)    0.0000     0.1628 f
  DP_i/decode_i_reg_file_i/U30/ZN (INV_X1)              0.0847     0.2475 r
  DP_i/decode_i_reg_file_i/U31/ZN (OAI22_X1)            0.0595     0.3070 f
  DP_i/decode_i_reg_file_i/U32/ZN (AOI221_X1)           0.0894     0.3964 r
  DP_i/decode_i_reg_file_i/U36/ZN (NAND4_X1)            0.0733     0.4697 f
  DP_i/decode_i_reg_file_i/U37/ZN (NAND3_X1)            0.0920     0.5617 r
  DP_i/decode_i_reg_file_i/U104/ZN (NOR2_X1)            0.0866     0.6483 f
  DP_i/decode_i_reg_file_i/U105/Z (CLKBUF_X1)           0.1976     0.8459 f
  DP_i/decode_i_reg_file_i/U1558/ZN (AOI22_X1)          0.1157     0.9616 r
  DP_i/decode_i_reg_file_i/U1561/ZN (NAND4_X1)          0.0469     1.0085 f
  DP_i/decode_i_reg_file_i/U1562/ZN (OR4_X1)            0.1285     1.1370 f
  DP_i/decode_i_reg_file_i/output1[1] (register_file)   0.0000     1.1370 f
  DP_i/U1188/ZN (INV_X1)                                0.0369     1.1739 r
  DP_i/U1189/ZN (OAI221_X1)                             0.0488     1.2227 f
  DP_i/U1190/ZN (OAI221_X1)                             0.0553     1.2780 r
  DP_i/U1207/ZN (AOI21_X1)                              0.0530     1.3310 f
  DP_i/U2339/ZN (OR2_X4)                                0.1296     1.4606 f
  DP_i/U4625/ZN (NOR2_X1)                               0.1036     1.5642 r
  DP_i/rs2_live[3] (DataPath)                           0.0000     1.5642 r
  U980/ZN (INV_X1)                                      0.0325     1.5967 f
  U982/ZN (AND2_X1)                                     0.0625     1.6592 f
  U986/ZN (AOI22_X1)                                    0.0832     1.7424 r
  U987/ZN (OAI21_X1)                                    0.0377     1.7801 f
  U988/ZN (AOI211_X1)                                   0.0810     1.8611 r
  U989/ZN (NOR2_X1)                                     0.0278     1.8889 f
  U998/Z (MUX2_X1)                                      0.0686     1.9575 f
  U1012/ZN (OAI21_X1)                                   0.0587     2.0162 r
  U1013/ZN (AOI221_X1)                                  0.0377     2.0539 f
  U1041/ZN (AOI211_X1)                                  0.1262     2.1802 r
  U1052/ZN (INV_X1)                                     0.0349     2.2151 f
  U1131/ZN (AOI21_X1)                                   0.0558     2.2709 r
  DP_i/F_ID_enable (DataPath)                           0.0000     2.2709 r
  DP_i/U4849/ZN (NAND2_X1)                              0.0415     2.3124 f
  DP_i/U4850/ZN (INV_X1)                                0.0310     2.3434 r
  DP_i/fetch_i_btb_i_U835/ZN (NAND3_X1)                 0.0418     2.3852 f
  DP_i/fetch_i_btb_i_U1199/ZN (AOI211_X1)               0.2017     2.5869 r
  DP_i/fetch_i_btb_i_U1200/ZN (NAND2_X1)                0.0835     2.6704 f
  DP_i/fetch_i_btb_i_U1204/ZN (INV_X1)                  0.0438     2.7142 r
  DP_i/fetch_i_btb_i_U1205/ZN (AOI21_X1)                0.0362     2.7504 f
  DP_i/fetch_i_btb_i_U1206/ZN (NOR2_X1)                 0.0480     2.7983 r
  DP_i/fetch_i_btb_i_clk_gate_btb_table_reg_0__TARGET_/EN (SNPS_CLOCK_GATE_HIGH_BTB_NBIT32_BTB_DEPTH16_BTB_INDEX_MSB5_32)
                                                        0.0000     2.7983 r
  DP_i/fetch_i_btb_i_clk_gate_btb_table_reg_0__TARGET_/latch/E (CLKGATETST_X1)
                                                        0.0091     2.8074 r
  data arrival time                                                2.8074

  clock CLK (rise edge)                                 3.0000     3.0000
  clock network delay (ideal)                           0.0500     3.0500
  clock uncertainty                                    -0.0500     3.0000
  DP_i/fetch_i_btb_i_clk_gate_btb_table_reg_0__TARGET_/latch/CK (CLKGATETST_X1)
                                                        0.0000     3.0000 r
  clock gating setup time                              -0.0742     2.9258
  data required time                                               2.9258
  --------------------------------------------------------------------------
  data required time                                               2.9258
  data arrival time                                               -2.8074
  --------------------------------------------------------------------------
  slack (MET)                                                      0.1184


  Startpoint: DP_i/mem_access_i_rd_out_reg_i_Y_reg_2_
              (rising edge-triggered flip-flop clocked by CLK)
  Endpoint: DP_i/fetch_i_btb_i_clk_gate_btb_table_reg_2__TARGET_/latch
            (gating element for clock CLK)
  Path Group: CLK
  Path Type: max

  Des/Clust/Port     Wire Load Model       Library
  ------------------------------------------------
  DLX                5K_hvratio_1_4        NangateOpenCellLibrary

  Point                                                   Incr       Path
  --------------------------------------------------------------------------
  clock CLK (rise edge)                                 0.0000     0.0000
  clock network delay (ideal)                           0.0500     0.0500
  DP_i/mem_access_i_rd_out_reg_i_Y_reg_2_/CK (DFF_X1)   0.0000     0.0500 r
  DP_i/mem_access_i_rd_out_reg_i_Y_reg_2_/Q (DFF_X1)    0.1128     0.1628 f
  DP_i/decode_i_reg_file_i/addr_w[2] (register_file)    0.0000     0.1628 f
  DP_i/decode_i_reg_file_i/U30/ZN (INV_X1)              0.0847     0.2475 r
  DP_i/decode_i_reg_file_i/U31/ZN (OAI22_X1)            0.0595     0.3070 f
  DP_i/decode_i_reg_file_i/U32/ZN (AOI221_X1)           0.0894     0.3964 r
  DP_i/decode_i_reg_file_i/U36/ZN (NAND4_X1)            0.0733     0.4697 f
  DP_i/decode_i_reg_file_i/U37/ZN (NAND3_X1)            0.0920     0.5617 r
  DP_i/decode_i_reg_file_i/U104/ZN (NOR2_X1)            0.0866     0.6483 f
  DP_i/decode_i_reg_file_i/U105/Z (CLKBUF_X1)           0.1976     0.8459 f
  DP_i/decode_i_reg_file_i/U1558/ZN (AOI22_X1)          0.1157     0.9616 r
  DP_i/decode_i_reg_file_i/U1561/ZN (NAND4_X1)          0.0469     1.0085 f
  DP_i/decode_i_reg_file_i/U1562/ZN (OR4_X1)            0.1285     1.1370 f
  DP_i/decode_i_reg_file_i/output1[1] (register_file)   0.0000     1.1370 f
  DP_i/U1188/ZN (INV_X1)                                0.0369     1.1739 r
  DP_i/U1189/ZN (OAI221_X1)                             0.0488     1.2227 f
  DP_i/U1190/ZN (OAI221_X1)                             0.0553     1.2780 r
  DP_i/U1207/ZN (AOI21_X1)                              0.0530     1.3310 f
  DP_i/U2339/ZN (OR2_X4)                                0.1296     1.4606 f
  DP_i/U4625/ZN (NOR2_X1)                               0.1036     1.5642 r
  DP_i/rs2_live[3] (DataPath)                           0.0000     1.5642 r
  U980/ZN (INV_X1)                                      0.0325     1.5967 f
  U982/ZN (AND2_X1)                                     0.0625     1.6592 f
  U986/ZN (AOI22_X1)                                    0.0832     1.7424 r
  U987/ZN (OAI21_X1)                                    0.0377     1.7801 f
  U988/ZN (AOI211_X1)                                   0.0810     1.8611 r
  U989/ZN (NOR2_X1)                                     0.0278     1.8889 f
  U998/Z (MUX2_X1)                                      0.0686     1.9575 f
  U1012/ZN (OAI21_X1)                                   0.0587     2.0162 r
  U1013/ZN (AOI221_X1)                                  0.0377     2.0539 f
  U1041/ZN (AOI211_X1)                                  0.1262     2.1802 r
  U1052/ZN (INV_X1)                                     0.0349     2.2151 f
  U1131/ZN (AOI21_X1)                                   0.0558     2.2709 r
  DP_i/F_ID_enable (DataPath)                           0.0000     2.2709 r
  DP_i/U4849/ZN (NAND2_X1)                              0.0415     2.3124 f
  DP_i/U4850/ZN (INV_X1)                                0.0310     2.3434 r
  DP_i/fetch_i_btb_i_U835/ZN (NAND3_X1)                 0.0418     2.3852 f
  DP_i/fetch_i_btb_i_U1199/ZN (AOI211_X1)               0.2017     2.5869 r
  DP_i/fetch_i_btb_i_U1200/ZN (NAND2_X1)                0.0835     2.6704 f
  DP_i/fetch_i_btb_i_U1204/ZN (INV_X1)                  0.0438     2.7142 r
  DP_i/fetch_i_btb_i_U1205/ZN (AOI21_X1)                0.0362     2.7504 f
  DP_i/fetch_i_btb_i_U1211/ZN (NOR2_X1)                 0.0480     2.7983 r
  DP_i/fetch_i_btb_i_clk_gate_btb_table_reg_2__TARGET_/EN (SNPS_CLOCK_GATE_HIGH_BTB_NBIT32_BTB_DEPTH16_BTB_INDEX_MSB5_28)
                                                        0.0000     2.7983 r
  DP_i/fetch_i_btb_i_clk_gate_btb_table_reg_2__TARGET_/latch/E (CLKGATETST_X1)
                                                        0.0091     2.8074 r
  data arrival time                                                2.8074

  clock CLK (rise edge)                                 3.0000     3.0000
  clock network delay (ideal)                           0.0500     3.0500
  clock uncertainty                                    -0.0500     3.0000
  DP_i/fetch_i_btb_i_clk_gate_btb_table_reg_2__TARGET_/latch/CK (CLKGATETST_X1)
                                                        0.0000     3.0000 r
  clock gating setup time                              -0.0742     2.9258
  data required time                                               2.9258
  --------------------------------------------------------------------------
  data required time                                               2.9258
  data arrival time                                               -2.8074
  --------------------------------------------------------------------------
  slack (MET)                                                      0.1184


  Startpoint: DP_i/mem_access_i_rd_out_reg_i_Y_reg_2_
              (rising edge-triggered flip-flop clocked by CLK)
  Endpoint: DP_i/fetch_i_btb_i_clk_gate_btb_table_reg_0__TARGET_/latch
            (gating element for clock CLK)
  Path Group: CLK
  Path Type: max

  Des/Clust/Port     Wire Load Model       Library
  ------------------------------------------------
  DLX                5K_hvratio_1_4        NangateOpenCellLibrary

  Point                                                   Incr       Path
  --------------------------------------------------------------------------
  clock CLK (rise edge)                                 0.0000     0.0000
  clock network delay (ideal)                           0.0500     0.0500
  DP_i/mem_access_i_rd_out_reg_i_Y_reg_2_/CK (DFF_X1)   0.0000     0.0500 r
  DP_i/mem_access_i_rd_out_reg_i_Y_reg_2_/Q (DFF_X1)    0.1128     0.1628 f
  DP_i/decode_i_reg_file_i/addr_w[2] (register_file)    0.0000     0.1628 f
  DP_i/decode_i_reg_file_i/U30/ZN (INV_X1)              0.0847     0.2475 r
  DP_i/decode_i_reg_file_i/U31/ZN (OAI22_X1)            0.0595     0.3070 f
  DP_i/decode_i_reg_file_i/U32/ZN (AOI221_X1)           0.0894     0.3964 r
  DP_i/decode_i_reg_file_i/U36/ZN (NAND4_X1)            0.0733     0.4697 f
  DP_i/decode_i_reg_file_i/U37/ZN (NAND3_X1)            0.0920     0.5617 r
  DP_i/decode_i_reg_file_i/U104/ZN (NOR2_X1)            0.0866     0.6483 f
  DP_i/decode_i_reg_file_i/U105/Z (CLKBUF_X1)           0.1976     0.8459 f
  DP_i/decode_i_reg_file_i/U1558/ZN (AOI22_X1)          0.1157     0.9616 r
  DP_i/decode_i_reg_file_i/U1561/ZN (NAND4_X1)          0.0469     1.0085 f
  DP_i/decode_i_reg_file_i/U1562/ZN (OR4_X1)            0.1285     1.1370 f
  DP_i/decode_i_reg_file_i/output1[1] (register_file)   0.0000     1.1370 f
  DP_i/U1188/ZN (INV_X1)                                0.0369     1.1739 r
  DP_i/U1189/ZN (OAI221_X1)                             0.0488     1.2227 f
  DP_i/U1190/ZN (OAI221_X1)                             0.0553     1.2780 r
  DP_i/U1207/ZN (AOI21_X1)                              0.0530     1.3310 f
  DP_i/U2339/ZN (OR2_X4)                                0.1296     1.4606 f
  DP_i/U4625/ZN (NOR2_X1)                               0.1036     1.5642 r
  DP_i/rs2_live[3] (DataPath)                           0.0000     1.5642 r
  U980/ZN (INV_X1)                                      0.0325     1.5967 f
  U982/ZN (AND2_X1)                                     0.0625     1.6592 f
  U986/ZN (AOI22_X1)                                    0.0832     1.7424 r
  U987/ZN (OAI21_X1)                                    0.0377     1.7801 f
  U988/ZN (AOI211_X1)                                   0.0810     1.8611 r
  U989/ZN (NOR2_X1)                                     0.0278     1.8889 f
  U998/Z (MUX2_X1)                                      0.0686     1.9575 f
  U1012/ZN (OAI21_X1)                                   0.0587     2.0162 r
  U1013/ZN (AOI221_X1)                                  0.0377     2.0539 f
  U1041/ZN (AOI211_X1)                                  0.1262     2.1802 r
  U1052/ZN (INV_X1)                                     0.0349     2.2151 f
  U1131/ZN (AOI21_X1)                                   0.0558     2.2709 r
  DP_i/F_ID_enable (DataPath)                           0.0000     2.2709 r
  DP_i/U4849/ZN (NAND2_X1)                              0.0415     2.3124 f
  DP_i/U4850/ZN (INV_X1)                                0.0310     2.3434 r
  DP_i/fetch_i_btb_i_U835/ZN (NAND3_X1)                 0.0418     2.3852 f
  DP_i/fetch_i_btb_i_U1199/ZN (AOI211_X1)               0.2017     2.5869 r
  DP_i/fetch_i_btb_i_U1200/ZN (NAND2_X1)                0.0835     2.6704 f
  DP_i/fetch_i_btb_i_U1204/ZN (INV_X1)                  0.0438     2.7142 r
  DP_i/fetch_i_btb_i_U1205/ZN (AOI21_X1)                0.0362     2.7504 f
  DP_i/fetch_i_btb_i_U1206/ZN (NOR2_X1)                 0.0480     2.7983 r
  DP_i/fetch_i_btb_i_clk_gate_btb_table_reg_0__TARGET_/EN (SNPS_CLOCK_GATE_HIGH_BTB_NBIT32_BTB_DEPTH16_BTB_INDEX_MSB5_32)
                                                        0.0000     2.7983 r
  DP_i/fetch_i_btb_i_clk_gate_btb_table_reg_0__TARGET_/latch/E (CLKGATETST_X1)
                                                        0.0091     2.8074 r
  data arrival time                                                2.8074

  clock CLK (rise edge)                                 3.0000     3.0000
  clock network delay (ideal)                           0.0500     3.0500
  clock uncertainty                                    -0.0500     3.0000
  DP_i/fetch_i_btb_i_clk_gate_btb_table_reg_0__TARGET_/latch/CK (CLKGATETST_X1)
                                                        0.0000     3.0000 r
  clock gating setup time                              -0.0742     2.9258
  data required time                                               2.9258
  --------------------------------------------------------------------------
  data required time                                               2.9258
  data arrival time                                               -2.8074
  --------------------------------------------------------------------------
  slack (MET)                                                      0.1184


  Startpoint: DP_i/mem_access_i_rd_out_reg_i_Y_reg_2_
              (rising edge-triggered flip-flop clocked by CLK)
  Endpoint: DP_i/fetch_i_btb_i_clk_gate_btb_table_reg_3__PC_/latch
            (gating element for clock CLK)
  Path Group: CLK
  Path Type: max

  Des/Clust/Port     Wire Load Model       Library
  ------------------------------------------------
  DLX                5K_hvratio_1_4        NangateOpenCellLibrary

  Point                                                   Incr       Path
  --------------------------------------------------------------------------
  clock CLK (rise edge)                                 0.0000     0.0000
  clock network delay (ideal)                           0.0500     0.0500
  DP_i/mem_access_i_rd_out_reg_i_Y_reg_2_/CK (DFF_X1)   0.0000     0.0500 r
  DP_i/mem_access_i_rd_out_reg_i_Y_reg_2_/Q (DFF_X1)    0.1128     0.1628 f
  DP_i/decode_i_reg_file_i/addr_w[2] (register_file)    0.0000     0.1628 f
  DP_i/decode_i_reg_file_i/U30/ZN (INV_X1)              0.0847     0.2475 r
  DP_i/decode_i_reg_file_i/U31/ZN (OAI22_X1)            0.0595     0.3070 f
  DP_i/decode_i_reg_file_i/U32/ZN (AOI221_X1)           0.0894     0.3964 r
  DP_i/decode_i_reg_file_i/U36/ZN (NAND4_X1)            0.0733     0.4697 f
  DP_i/decode_i_reg_file_i/U37/ZN (NAND3_X1)            0.0920     0.5617 r
  DP_i/decode_i_reg_file_i/U104/ZN (NOR2_X1)            0.0866     0.6483 f
  DP_i/decode_i_reg_file_i/U105/Z (CLKBUF_X1)           0.1976     0.8459 f
  DP_i/decode_i_reg_file_i/U1558/ZN (AOI22_X1)          0.1157     0.9616 r
  DP_i/decode_i_reg_file_i/U1561/ZN (NAND4_X1)          0.0469     1.0085 f
  DP_i/decode_i_reg_file_i/U1562/ZN (OR4_X1)            0.1285     1.1370 f
  DP_i/decode_i_reg_file_i/output1[1] (register_file)   0.0000     1.1370 f
  DP_i/U1188/ZN (INV_X1)                                0.0369     1.1739 r
  DP_i/U1189/ZN (OAI221_X1)                             0.0488     1.2227 f
  DP_i/U1190/ZN (OAI221_X1)                             0.0553     1.2780 r
  DP_i/U1207/ZN (AOI21_X1)                              0.0530     1.3310 f
  DP_i/U2339/ZN (OR2_X4)                                0.1296     1.4606 f
  DP_i/U4625/ZN (NOR2_X1)                               0.1036     1.5642 r
  DP_i/rs2_live[3] (DataPath)                           0.0000     1.5642 r
  U980/ZN (INV_X1)                                      0.0325     1.5967 f
  U982/ZN (AND2_X1)                                     0.0625     1.6592 f
  U986/ZN (AOI22_X1)                                    0.0832     1.7424 r
  U987/ZN (OAI21_X1)                                    0.0377     1.7801 f
  U988/ZN (AOI211_X1)                                   0.0810     1.8611 r
  U989/ZN (NOR2_X1)                                     0.0278     1.8889 f
  U998/Z (MUX2_X1)                                      0.0686     1.9575 f
  U1012/ZN (OAI21_X1)                                   0.0587     2.0162 r
  U1013/ZN (AOI221_X1)                                  0.0377     2.0539 f
  U1041/ZN (AOI211_X1)                                  0.1262     2.1802 r
  U1052/ZN (INV_X1)                                     0.0349     2.2151 f
  U1131/ZN (AOI21_X1)                                   0.0558     2.2709 r
  DP_i/F_ID_enable (DataPath)                           0.0000     2.2709 r
  DP_i/U4849/ZN (NAND2_X1)                              0.0415     2.3124 f
  DP_i/U4850/ZN (INV_X1)                                0.0310     2.3434 r
  DP_i/fetch_i_btb_i_U835/ZN (NAND3_X1)                 0.0418     2.3852 f
  DP_i/fetch_i_btb_i_U1199/ZN (AOI211_X1)               0.2017     2.5869 r
  DP_i/fetch_i_btb_i_U1200/ZN (NAND2_X1)                0.0835     2.6704 f
  DP_i/fetch_i_btb_i_U1212/ZN (NOR2_X1)                 0.0559     2.7263 r
  DP_i/fetch_i_btb_i_clk_gate_btb_table_reg_3__PC_/EN (SNPS_CLOCK_GATE_HIGH_BTB_NBIT32_BTB_DEPTH16_BTB_INDEX_MSB5_27)
                                                        0.0000     2.7263 r
  DP_i/fetch_i_btb_i_clk_gate_btb_table_reg_3__PC_/latch/E (CLKGATETST_X1)
                                                        0.0091     2.7353 r
  data arrival time                                                2.7353

  clock CLK (rise edge)                                 3.0000     3.0000
  clock network delay (ideal)                           0.0500     3.0500
  clock uncertainty                                    -0.0500     3.0000
  DP_i/fetch_i_btb_i_clk_gate_btb_table_reg_3__PC_/latch/CK (CLKGATETST_X1)
                                                        0.0000     3.0000 r
  clock gating setup time                              -0.0753     2.9247
  data required time                                               2.9247
  --------------------------------------------------------------------------
  data required time                                               2.9247
  data arrival time                                               -2.7353
  --------------------------------------------------------------------------
  slack (MET)                                                      0.1894


  Startpoint: DP_i/mem_access_i_rd_out_reg_i_Y_reg_2_
              (rising edge-triggered flip-flop clocked by CLK)
  Endpoint: DP_i/fetch_i_btb_i_clk_gate_btb_table_reg_1__PC_/latch
            (gating element for clock CLK)
  Path Group: CLK
  Path Type: max

  Des/Clust/Port     Wire Load Model       Library
  ------------------------------------------------
  DLX                5K_hvratio_1_4        NangateOpenCellLibrary

  Point                                                   Incr       Path
  --------------------------------------------------------------------------
  clock CLK (rise edge)                                 0.0000     0.0000
  clock network delay (ideal)                           0.0500     0.0500
  DP_i/mem_access_i_rd_out_reg_i_Y_reg_2_/CK (DFF_X1)   0.0000     0.0500 r
  DP_i/mem_access_i_rd_out_reg_i_Y_reg_2_/Q (DFF_X1)    0.1128     0.1628 f
  DP_i/decode_i_reg_file_i/addr_w[2] (register_file)    0.0000     0.1628 f
  DP_i/decode_i_reg_file_i/U30/ZN (INV_X1)              0.0847     0.2475 r
  DP_i/decode_i_reg_file_i/U31/ZN (OAI22_X1)            0.0595     0.3070 f
  DP_i/decode_i_reg_file_i/U32/ZN (AOI221_X1)           0.0894     0.3964 r
  DP_i/decode_i_reg_file_i/U36/ZN (NAND4_X1)            0.0733     0.4697 f
  DP_i/decode_i_reg_file_i/U37/ZN (NAND3_X1)            0.0920     0.5617 r
  DP_i/decode_i_reg_file_i/U104/ZN (NOR2_X1)            0.0866     0.6483 f
  DP_i/decode_i_reg_file_i/U105/Z (CLKBUF_X1)           0.1976     0.8459 f
  DP_i/decode_i_reg_file_i/U1558/ZN (AOI22_X1)          0.1157     0.9616 r
  DP_i/decode_i_reg_file_i/U1561/ZN (NAND4_X1)          0.0469     1.0085 f
  DP_i/decode_i_reg_file_i/U1562/ZN (OR4_X1)            0.1285     1.1370 f
  DP_i/decode_i_reg_file_i/output1[1] (register_file)   0.0000     1.1370 f
  DP_i/U1188/ZN (INV_X1)                                0.0369     1.1739 r
  DP_i/U1189/ZN (OAI221_X1)                             0.0488     1.2227 f
  DP_i/U1190/ZN (OAI221_X1)                             0.0553     1.2780 r
  DP_i/U1207/ZN (AOI21_X1)                              0.0530     1.3310 f
  DP_i/U2339/ZN (OR2_X4)                                0.1296     1.4606 f
  DP_i/U4625/ZN (NOR2_X1)                               0.1036     1.5642 r
  DP_i/rs2_live[3] (DataPath)                           0.0000     1.5642 r
  U980/ZN (INV_X1)                                      0.0325     1.5967 f
  U982/ZN (AND2_X1)                                     0.0625     1.6592 f
  U986/ZN (AOI22_X1)                                    0.0832     1.7424 r
  U987/ZN (OAI21_X1)                                    0.0377     1.7801 f
  U988/ZN (AOI211_X1)                                   0.0810     1.8611 r
  U989/ZN (NOR2_X1)                                     0.0278     1.8889 f
  U998/Z (MUX2_X1)                                      0.0686     1.9575 f
  U1012/ZN (OAI21_X1)                                   0.0587     2.0162 r
  U1013/ZN (AOI221_X1)                                  0.0377     2.0539 f
  U1041/ZN (AOI211_X1)                                  0.1262     2.1802 r
  U1052/ZN (INV_X1)                                     0.0349     2.2151 f
  U1131/ZN (AOI21_X1)                                   0.0558     2.2709 r
  DP_i/F_ID_enable (DataPath)                           0.0000     2.2709 r
  DP_i/U4849/ZN (NAND2_X1)                              0.0415     2.3124 f
  DP_i/U4850/ZN (INV_X1)                                0.0310     2.3434 r
  DP_i/fetch_i_btb_i_U835/ZN (NAND3_X1)                 0.0418     2.3852 f
  DP_i/fetch_i_btb_i_U1199/ZN (AOI211_X1)               0.2017     2.5869 r
  DP_i/fetch_i_btb_i_U1200/ZN (NAND2_X1)                0.0835     2.6704 f
  DP_i/fetch_i_btb_i_U1207/ZN (NOR2_X1)                 0.0559     2.7263 r
  DP_i/fetch_i_btb_i_clk_gate_btb_table_reg_1__PC_/EN (SNPS_CLOCK_GATE_HIGH_BTB_NBIT32_BTB_DEPTH16_BTB_INDEX_MSB5_31)
                                                        0.0000     2.7263 r
  DP_i/fetch_i_btb_i_clk_gate_btb_table_reg_1__PC_/latch/E (CLKGATETST_X1)
                                                        0.0091     2.7353 r
  data arrival time                                                2.7353

  clock CLK (rise edge)                                 3.0000     3.0000
  clock network delay (ideal)                           0.0500     3.0500
  clock uncertainty                                    -0.0500     3.0000
  DP_i/fetch_i_btb_i_clk_gate_btb_table_reg_1__PC_/latch/CK (CLKGATETST_X1)
                                                        0.0000     3.0000 r
  clock gating setup time                              -0.0753     2.9247
  data required time                                               2.9247
  --------------------------------------------------------------------------
  data required time                                               2.9247
  data arrival time                                               -2.7353
  --------------------------------------------------------------------------
  slack (MET)                                                      0.1894


  Startpoint: DRAM_READY (input port clocked by CLK)
  Endpoint: DP_i/decode_i_B_reg_i_Y_reg_3_
            (rising edge-triggered flip-flop clocked by CLK)
  Path Group: INPUTS
  Path Type: max

  Des/Clust/Port     Wire Load Model       Library
  ------------------------------------------------
  DLX                5K_hvratio_1_4        NangateOpenCellLibrary

  Point                                                   Incr       Path
  --------------------------------------------------------------------------
  clock CLK (rise edge)                                 0.0000     0.0000
  clock network delay (ideal)                           0.0500     0.0500
  input external delay                                  0.3000     0.3500 r
  DRAM_READY (in)                                       0.0014     0.3514 r
  U788/ZN (NOR2_X1)                                     0.0299     0.3813 f
  U1051/ZN (INV_X1)                                     0.0722     0.4535 r
  DP_i/ID_EX_enable (DataPath)                          0.0000     0.4535 r
  DP_i/U2667/ZN (NAND3_X1)                              0.0748     0.5283 f
  DP_i/U2678/ZN (NOR4_X1)                               0.8872     1.4155 r
  DP_i/U2850/ZN (AOI22_X1)                              0.0800     1.4955 f
  DP_i/U2851/ZN (OAI211_X1)                             0.0772     1.5727 r
  DP_i/decode_i_B_reg_i_Y_reg_3_/D (DFF_X1)             0.0110     1.5837 r
  data arrival time                                                1.5837

  clock CLK (rise edge)                                 3.0000     3.0000
  clock network delay (ideal)                           0.0500     3.0500
  clock uncertainty                                    -0.0500     3.0000
  DP_i/decode_i_B_reg_i_Y_reg_3_/CK (DFF_X1)            0.0000     3.0000 r
  library setup time                                   -0.0335     2.9665
  data required time                                               2.9665
  --------------------------------------------------------------------------
  data required time                                               2.9665
  data arrival time                                               -1.5837
  --------------------------------------------------------------------------
  slack (MET)                                                      1.3828


  Startpoint: DRAM_READY (input port clocked by CLK)
  Endpoint: DP_i/decode_i_B_reg_i_Y_reg_3_
            (rising edge-triggered flip-flop clocked by CLK)
  Path Group: INPUTS
  Path Type: max

  Des/Clust/Port     Wire Load Model       Library
  ------------------------------------------------
  DLX                5K_hvratio_1_4        NangateOpenCellLibrary

  Point                                                   Incr       Path
  --------------------------------------------------------------------------
  clock CLK (rise edge)                                 0.0000     0.0000
  clock network delay (ideal)                           0.0500     0.0500
  input external delay                                  0.3000     0.3500 r
  DRAM_READY (in)                                       0.0014     0.3514 r
  U788/ZN (NOR2_X1)                                     0.0299     0.3813 f
  U1051/ZN (INV_X1)                                     0.0722     0.4535 r
  DP_i/ID_EX_enable (DataPath)                          0.0000     0.4535 r
  DP_i/U2667/ZN (NAND3_X1)                              0.0748     0.5283 f
  DP_i/U2678/ZN (NOR4_X1)                               0.8872     1.4155 r
  DP_i/U2850/ZN (AOI22_X1)                              0.0800     1.4955 f
  DP_i/U2851/ZN (OAI211_X1)                             0.0754     1.5709 r
  DP_i/decode_i_B_reg_i_Y_reg_3_/D (DFF_X1)             0.0110     1.5819 r
  data arrival time                                                1.5819

  clock CLK (rise edge)                                 3.0000     3.0000
  clock network delay (ideal)                           0.0500     3.0500
  clock uncertainty                                    -0.0500     3.0000
  DP_i/decode_i_B_reg_i_Y_reg_3_/CK (DFF_X1)            0.0000     3.0000 r
  library setup time                                   -0.0335     2.9665
  data required time                                               2.9665
  --------------------------------------------------------------------------
  data required time                                               2.9665
  data arrival time                                               -1.5819
  --------------------------------------------------------------------------
  slack (MET)                                                      1.3845


  Startpoint: DRAM_READY (input port clocked by CLK)
  Endpoint: DP_i/decode_i_B_reg_i_Y_reg_2_
            (rising edge-triggered flip-flop clocked by CLK)
  Path Group: INPUTS
  Path Type: max

  Des/Clust/Port     Wire Load Model       Library
  ------------------------------------------------
  DLX                5K_hvratio_1_4        NangateOpenCellLibrary

  Point                                                   Incr       Path
  --------------------------------------------------------------------------
  clock CLK (rise edge)                                 0.0000     0.0000
  clock network delay (ideal)                           0.0500     0.0500
  input external delay                                  0.3000     0.3500 r
  DRAM_READY (in)                                       0.0014     0.3514 r
  U788/ZN (NOR2_X1)                                     0.0299     0.3813 f
  U1051/ZN (INV_X1)                                     0.0722     0.4535 r
  DP_i/ID_EX_enable (DataPath)                          0.0000     0.4535 r
  DP_i/U2667/ZN (NAND3_X1)                              0.0748     0.5283 f
  DP_i/U2678/ZN (NOR4_X1)                               0.8872     1.4155 r
  DP_i/U2857/ZN (AOI22_X1)                              0.0805     1.4960 f
  DP_i/U2859/ZN (NAND4_X1)                              0.0720     1.5680 r
  DP_i/decode_i_B_reg_i_Y_reg_2_/D (DFF_X1)             0.0110     1.5790 r
  data arrival time                                                1.5790

  clock CLK (rise edge)                                 3.0000     3.0000
  clock network delay (ideal)                           0.0500     3.0500
  clock uncertainty                                    -0.0500     3.0000
  DP_i/decode_i_B_reg_i_Y_reg_2_/CK (DFF_X1)            0.0000     3.0000 r
  library setup time                                   -0.0325     2.9675
  data required time                                               2.9675
  --------------------------------------------------------------------------
  data required time                                               2.9675
  data arrival time                                               -1.5790
  --------------------------------------------------------------------------
  slack (MET)                                                      1.3885


  Startpoint: DRAM_READY (input port clocked by CLK)
  Endpoint: DP_i/decode_i_B_reg_i_Y_reg_2_
            (rising edge-triggered flip-flop clocked by CLK)
  Path Group: INPUTS
  Path Type: max

  Des/Clust/Port     Wire Load Model       Library
  ------------------------------------------------
  DLX                5K_hvratio_1_4        NangateOpenCellLibrary

  Point                                                   Incr       Path
  --------------------------------------------------------------------------
  clock CLK (rise edge)                                 0.0000     0.0000
  clock network delay (ideal)                           0.0500     0.0500
  input external delay                                  0.3000     0.3500 r
  DRAM_READY (in)                                       0.0014     0.3514 r
  U788/ZN (NOR2_X1)                                     0.0299     0.3813 f
  U1051/ZN (INV_X1)                                     0.0722     0.4535 r
  DP_i/ID_EX_enable (DataPath)                          0.0000     0.4535 r
  DP_i/U2667/ZN (NAND3_X1)                              0.0748     0.5283 f
  DP_i/U2678/ZN (NOR4_X1)                               0.8872     1.4155 r
  DP_i/U2857/ZN (AOI22_X1)                              0.0688     1.4843 f
  DP_i/U2859/ZN (NAND4_X1)                              0.0720     1.5563 r
  DP_i/decode_i_B_reg_i_Y_reg_2_/D (DFF_X1)             0.0110     1.5673 r
  data arrival time                                                1.5673

  clock CLK (rise edge)                                 3.0000     3.0000
  clock network delay (ideal)                           0.0500     3.0500
  clock uncertainty                                    -0.0500     3.0000
  DP_i/decode_i_B_reg_i_Y_reg_2_/CK (DFF_X1)            0.0000     3.0000 r
  library setup time                                   -0.0325     2.9675
  data required time                                               2.9675
  --------------------------------------------------------------------------
  data required time                                               2.9675
  data arrival time                                               -1.5673
  --------------------------------------------------------------------------
  slack (MET)                                                      1.4002


  Startpoint: DRAM_READY (input port clocked by CLK)
  Endpoint: DP_i/decode_i_B_reg_i_Y_reg_4_
            (rising edge-triggered flip-flop clocked by CLK)
  Path Group: INPUTS
  Path Type: max

  Des/Clust/Port     Wire Load Model       Library
  ------------------------------------------------
  DLX                5K_hvratio_1_4        NangateOpenCellLibrary

  Point                                                   Incr       Path
  --------------------------------------------------------------------------
  clock CLK (rise edge)                                 0.0000     0.0000
  clock network delay (ideal)                           0.0500     0.0500
  input external delay                                  0.3000     0.3500 r
  DRAM_READY (in)                                       0.0014     0.3514 r
  U788/ZN (NOR2_X1)                                     0.0299     0.3813 f
  U1051/ZN (INV_X1)                                     0.0722     0.4535 r
  DP_i/ID_EX_enable (DataPath)                          0.0000     0.4535 r
  DP_i/U2667/ZN (NAND3_X1)                              0.0748     0.5283 f
  DP_i/U2678/ZN (NOR4_X1)                               0.8872     1.4155 r
  DP_i/U2844/ZN (AOI22_X1)                              0.0412     1.4567 f
  DP_i/U2845/ZN (OAI211_X1)                             0.0702     1.5270 r
  DP_i/decode_i_B_reg_i_Y_reg_4_/D (DFF_X1)             0.0110     1.5379 r
  data arrival time                                                1.5379

  clock CLK (rise edge)                                 3.0000     3.0000
  clock network delay (ideal)                           0.0500     3.0500
  clock uncertainty                                    -0.0500     3.0000
  DP_i/decode_i_B_reg_i_Y_reg_4_/CK (DFF_X1)            0.0000     3.0000 r
  library setup time                                   -0.0323     2.9677
  data required time                                               2.9677
  --------------------------------------------------------------------------
  data required time                                               2.9677
  data arrival time                                               -1.5379
  --------------------------------------------------------------------------
  slack (MET)                                                      1.4297


  Startpoint: DRAM_READY (input port clocked by CLK)
  Endpoint: DP_i/decode_i_B_reg_i_Y_reg_6_
            (rising edge-triggered flip-flop clocked by CLK)
  Path Group: INPUTS
  Path Type: max

  Des/Clust/Port     Wire Load Model       Library
  ------------------------------------------------
  DLX                5K_hvratio_1_4        NangateOpenCellLibrary

  Point                                                   Incr       Path
  --------------------------------------------------------------------------
  clock CLK (rise edge)                                 0.0000     0.0000
  clock network delay (ideal)                           0.0500     0.0500
  input external delay                                  0.3000     0.3500 r
  DRAM_READY (in)                                       0.0014     0.3514 r
  U788/ZN (NOR2_X1)                                     0.0299     0.3813 f
  U1051/ZN (INV_X1)                                     0.0722     0.4535 r
  DP_i/ID_EX_enable (DataPath)                          0.0000     0.4535 r
  DP_i/U2667/ZN (NAND3_X1)                              0.0748     0.5283 f
  DP_i/U2678/ZN (NOR4_X1)                               0.8872     1.4155 r
  DP_i/U2832/ZN (AOI22_X1)                              0.0412     1.4567 f
  DP_i/U2833/ZN (OAI211_X1)                             0.0702     1.5270 r
  DP_i/decode_i_B_reg_i_Y_reg_6_/D (DFF_X1)             0.0110     1.5379 r
  data arrival time                                                1.5379

  clock CLK (rise edge)                                 3.0000     3.0000
  clock network delay (ideal)                           0.0500     3.0500
  clock uncertainty                                    -0.0500     3.0000
  DP_i/decode_i_B_reg_i_Y_reg_6_/CK (DFF_X1)            0.0000     3.0000 r
  library setup time                                   -0.0323     2.9677
  data required time                                               2.9677
  --------------------------------------------------------------------------
  data required time                                               2.9677
  data arrival time                                               -1.5379
  --------------------------------------------------------------------------
  slack (MET)                                                      1.4297


  Startpoint: DRAM_READY (input port clocked by CLK)
  Endpoint: DP_i/decode_i_B_reg_i_Y_reg_5_
            (rising edge-triggered flip-flop clocked by CLK)
  Path Group: INPUTS
  Path Type: max

  Des/Clust/Port     Wire Load Model       Library
  ------------------------------------------------
  DLX                5K_hvratio_1_4        NangateOpenCellLibrary

  Point                                                   Incr       Path
  --------------------------------------------------------------------------
  clock CLK (rise edge)                                 0.0000     0.0000
  clock network delay (ideal)                           0.0500     0.0500
  input external delay                                  0.3000     0.3500 r
  DRAM_READY (in)                                       0.0014     0.3514 r
  U788/ZN (NOR2_X1)                                     0.0299     0.3813 f
  U1051/ZN (INV_X1)                                     0.0722     0.4535 r
  DP_i/ID_EX_enable (DataPath)                          0.0000     0.4535 r
  DP_i/U2667/ZN (NAND3_X1)                              0.0748     0.5283 f
  DP_i/U2678/ZN (NOR4_X1)                               0.8872     1.4155 r
  DP_i/U2838/ZN (AOI22_X1)                              0.0412     1.4567 f
  DP_i/U2839/ZN (OAI211_X1)                             0.0702     1.5270 r
  DP_i/decode_i_B_reg_i_Y_reg_5_/D (DFF_X1)             0.0110     1.5379 r
  data arrival time                                                1.5379

  clock CLK (rise edge)                                 3.0000     3.0000
  clock network delay (ideal)                           0.0500     3.0500
  clock uncertainty                                    -0.0500     3.0000
  DP_i/decode_i_B_reg_i_Y_reg_5_/CK (DFF_X1)            0.0000     3.0000 r
  library setup time                                   -0.0323     2.9677
  data required time                                               2.9677
  --------------------------------------------------------------------------
  data required time                                               2.9677
  data arrival time                                               -1.5379
  --------------------------------------------------------------------------
  slack (MET)                                                      1.4297


  Startpoint: DRAM_READY (input port clocked by CLK)
  Endpoint: DP_i/decode_i_B_reg_i_Y_reg_10_
            (rising edge-triggered flip-flop clocked by CLK)
  Path Group: INPUTS
  Path Type: max

  Des/Clust/Port     Wire Load Model       Library
  ------------------------------------------------
  DLX                5K_hvratio_1_4        NangateOpenCellLibrary

  Point                                                   Incr       Path
  --------------------------------------------------------------------------
  clock CLK (rise edge)                                 0.0000     0.0000
  clock network delay (ideal)                           0.0500     0.0500
  input external delay                                  0.3000     0.3500 r
  DRAM_READY (in)                                       0.0014     0.3514 r
  U788/ZN (NOR2_X1)                                     0.0299     0.3813 f
  U1051/ZN (INV_X1)                                     0.0722     0.4535 r
  DP_i/ID_EX_enable (DataPath)                          0.0000     0.4535 r
  DP_i/U2667/ZN (NAND3_X1)                              0.0748     0.5283 f
  DP_i/U2678/ZN (NOR4_X1)                               0.8872     1.4155 r
  DP_i/U2808/ZN (AOI22_X1)                              0.0412     1.4567 f
  DP_i/U2809/ZN (OAI211_X1)                             0.0702     1.5270 r
  DP_i/decode_i_B_reg_i_Y_reg_10_/D (DFF_X1)            0.0110     1.5379 r
  data arrival time                                                1.5379

  clock CLK (rise edge)                                 3.0000     3.0000
  clock network delay (ideal)                           0.0500     3.0500
  clock uncertainty                                    -0.0500     3.0000
  DP_i/decode_i_B_reg_i_Y_reg_10_/CK (DFF_X1)           0.0000     3.0000 r
  library setup time                                   -0.0323     2.9677
  data required time                                               2.9677
  --------------------------------------------------------------------------
  data required time                                               2.9677
  data arrival time                                               -1.5379
  --------------------------------------------------------------------------
  slack (MET)                                                      1.4297


  Startpoint: DRAM_READY (input port clocked by CLK)
  Endpoint: DP_i/decode_i_B_reg_i_Y_reg_7_
            (rising edge-triggered flip-flop clocked by CLK)
  Path Group: INPUTS
  Path Type: max

  Des/Clust/Port     Wire Load Model       Library
  ------------------------------------------------
  DLX                5K_hvratio_1_4        NangateOpenCellLibrary

  Point                                                   Incr       Path
  --------------------------------------------------------------------------
  clock CLK (rise edge)                                 0.0000     0.0000
  clock network delay (ideal)                           0.0500     0.0500
  input external delay                                  0.3000     0.3500 r
  DRAM_READY (in)                                       0.0014     0.3514 r
  U788/ZN (NOR2_X1)                                     0.0299     0.3813 f
  U1051/ZN (INV_X1)                                     0.0722     0.4535 r
  DP_i/ID_EX_enable (DataPath)                          0.0000     0.4535 r
  DP_i/U2667/ZN (NAND3_X1)                              0.0748     0.5283 f
  DP_i/U2678/ZN (NOR4_X1)                               0.8872     1.4155 r
  DP_i/U2826/ZN (AOI22_X1)                              0.0412     1.4567 f
  DP_i/U2827/ZN (OAI211_X1)                             0.0702     1.5270 r
  DP_i/decode_i_B_reg_i_Y_reg_7_/D (DFF_X1)             0.0110     1.5379 r
  data arrival time                                                1.5379

  clock CLK (rise edge)                                 3.0000     3.0000
  clock network delay (ideal)                           0.0500     3.0500
  clock uncertainty                                    -0.0500     3.0000
  DP_i/decode_i_B_reg_i_Y_reg_7_/CK (DFF_X1)            0.0000     3.0000 r
  library setup time                                   -0.0323     2.9677
  data required time                                               2.9677
  --------------------------------------------------------------------------
  data required time                                               2.9677
  data arrival time                                               -1.5379
  --------------------------------------------------------------------------
  slack (MET)                                                      1.4297


  Startpoint: DRAM_READY (input port clocked by CLK)
  Endpoint: DP_i/decode_i_B_reg_i_Y_reg_11_
            (rising edge-triggered flip-flop clocked by CLK)
  Path Group: INPUTS
  Path Type: max

  Des/Clust/Port     Wire Load Model       Library
  ------------------------------------------------
  DLX                5K_hvratio_1_4        NangateOpenCellLibrary

  Point                                                   Incr       Path
  --------------------------------------------------------------------------
  clock CLK (rise edge)                                 0.0000     0.0000
  clock network delay (ideal)                           0.0500     0.0500
  input external delay                                  0.3000     0.3500 r
  DRAM_READY (in)                                       0.0014     0.3514 r
  U788/ZN (NOR2_X1)                                     0.0299     0.3813 f
  U1051/ZN (INV_X1)                                     0.0722     0.4535 r
  DP_i/ID_EX_enable (DataPath)                          0.0000     0.4535 r
  DP_i/U2667/ZN (NAND3_X1)                              0.0748     0.5283 f
  DP_i/U2678/ZN (NOR4_X1)                               0.8872     1.4155 r
  DP_i/U2802/ZN (AOI22_X1)                              0.0412     1.4567 f
  DP_i/U2803/ZN (OAI211_X1)                             0.0702     1.5270 r
  DP_i/decode_i_B_reg_i_Y_reg_11_/D (DFF_X1)            0.0110     1.5379 r
  data arrival time                                                1.5379

  clock CLK (rise edge)                                 3.0000     3.0000
  clock network delay (ideal)                           0.0500     3.0500
  clock uncertainty                                    -0.0500     3.0000
  DP_i/decode_i_B_reg_i_Y_reg_11_/CK (DFF_X1)           0.0000     3.0000 r
  library setup time                                   -0.0323     2.9677
  data required time                                               2.9677
  --------------------------------------------------------------------------
  data required time                                               2.9677
  data arrival time                                               -1.5379
  --------------------------------------------------------------------------
  slack (MET)                                                      1.4297


  Startpoint: DP_i/mem_access_i_rd_out_reg_i_Y_reg_2_
              (rising edge-triggered flip-flop clocked by CLK)
  Endpoint: IRAM_ISSUE (output port clocked by CLK)
  Path Group: OUTPUTS
  Path Type: max

  Des/Clust/Port     Wire Load Model       Library
  ------------------------------------------------
  DLX                5K_hvratio_1_4        NangateOpenCellLibrary

  Point                                                   Incr       Path
  --------------------------------------------------------------------------
  clock CLK (rise edge)                                 0.0000     0.0000
  clock network delay (ideal)                           0.0500     0.0500
  DP_i/mem_access_i_rd_out_reg_i_Y_reg_2_/CK (DFF_X1)   0.0000     0.0500 r
  DP_i/mem_access_i_rd_out_reg_i_Y_reg_2_/Q (DFF_X1)    0.1128     0.1628 f
  DP_i/decode_i_reg_file_i/addr_w[2] (register_file)    0.0000     0.1628 f
  DP_i/decode_i_reg_file_i/U30/ZN (INV_X1)              0.0847     0.2475 r
  DP_i/decode_i_reg_file_i/U31/ZN (OAI22_X1)            0.0595     0.3070 f
  DP_i/decode_i_reg_file_i/U32/ZN (AOI221_X1)           0.0894     0.3964 r
  DP_i/decode_i_reg_file_i/U36/ZN (NAND4_X1)            0.0733     0.4697 f
  DP_i/decode_i_reg_file_i/U37/ZN (NAND3_X1)            0.0920     0.5617 r
  DP_i/decode_i_reg_file_i/U104/ZN (NOR2_X1)            0.0866     0.6483 f
  DP_i/decode_i_reg_file_i/U105/Z (CLKBUF_X1)           0.1976     0.8459 f
  DP_i/decode_i_reg_file_i/U1558/ZN (AOI22_X1)          0.1157     0.9616 r
  DP_i/decode_i_reg_file_i/U1561/ZN (NAND4_X1)          0.0469     1.0085 f
  DP_i/decode_i_reg_file_i/U1562/ZN (OR4_X1)            0.1285     1.1370 f
  DP_i/decode_i_reg_file_i/output1[1] (register_file)   0.0000     1.1370 f
  DP_i/U1188/ZN (INV_X1)                                0.0369     1.1739 r
  DP_i/U1189/ZN (OAI221_X1)                             0.0488     1.2227 f
  DP_i/U1190/ZN (OAI221_X1)                             0.0553     1.2780 r
  DP_i/U1207/ZN (AOI21_X1)                              0.0530     1.3310 f
  DP_i/U2339/ZN (OR2_X4)                                0.1296     1.4606 f
  DP_i/U4625/ZN (NOR2_X1)                               0.1036     1.5642 r
  DP_i/rs2_live[3] (DataPath)                           0.0000     1.5642 r
  U980/ZN (INV_X1)                                      0.0325     1.5967 f
  U982/ZN (AND2_X1)                                     0.0625     1.6592 f
  U986/ZN (AOI22_X1)                                    0.0832     1.7424 r
  U987/ZN (OAI21_X1)                                    0.0377     1.7801 f
  U988/ZN (AOI211_X1)                                   0.0810     1.8611 r
  U989/ZN (NOR2_X1)                                     0.0278     1.8889 f
  U998/Z (MUX2_X1)                                      0.0686     1.9575 f
  U1012/ZN (OAI21_X1)                                   0.0587     2.0162 r
  U1013/ZN (AOI221_X1)                                  0.0377     2.0539 f
  U1041/ZN (AOI211_X1)                                  0.1262     2.1802 r
  U1052/ZN (INV_X1)                                     0.0349     2.2151 f
  U1131/ZN (AOI21_X1)                                   0.0558     2.2709 r
  IRAM_ISSUE (out)                                      0.0041     2.2750 r
  data arrival time                                                2.2750

  clock CLK (rise edge)                                 3.0000     3.0000
  clock network delay (ideal)                           0.0500     3.0500
  clock uncertainty                                    -0.0500     3.0000
  output external delay                                -0.3000     2.7000
  data required time                                               2.7000
  --------------------------------------------------------------------------
  data required time                                               2.7000
  data arrival time                                               -2.2750
  --------------------------------------------------------------------------
  slack (MET)                                                      0.4250


  Startpoint: DP_i/mem_access_i_rd_out_reg_i_Y_reg_2_
              (rising edge-triggered flip-flop clocked by CLK)
  Endpoint: IRAM_ISSUE (output port clocked by CLK)
  Path Group: OUTPUTS
  Path Type: max

  Des/Clust/Port     Wire Load Model       Library
  ------------------------------------------------
  DLX                5K_hvratio_1_4        NangateOpenCellLibrary

  Point                                                   Incr       Path
  --------------------------------------------------------------------------
  clock CLK (rise edge)                                 0.0000     0.0000
  clock network delay (ideal)                           0.0500     0.0500
  DP_i/mem_access_i_rd_out_reg_i_Y_reg_2_/CK (DFF_X1)   0.0000     0.0500 r
  DP_i/mem_access_i_rd_out_reg_i_Y_reg_2_/Q (DFF_X1)    0.1128     0.1628 f
  DP_i/decode_i_reg_file_i/addr_w[2] (register_file)    0.0000     0.1628 f
  DP_i/decode_i_reg_file_i/U30/ZN (INV_X1)              0.0847     0.2475 r
  DP_i/decode_i_reg_file_i/U31/ZN (OAI22_X1)            0.0595     0.3070 f
  DP_i/decode_i_reg_file_i/U32/ZN (AOI221_X1)           0.0894     0.3964 r
  DP_i/decode_i_reg_file_i/U36/ZN (NAND4_X1)            0.0733     0.4697 f
  DP_i/decode_i_reg_file_i/U37/ZN (NAND3_X1)            0.0920     0.5617 r
  DP_i/decode_i_reg_file_i/U104/ZN (NOR2_X1)            0.0866     0.6483 f
  DP_i/decode_i_reg_file_i/U105/Z (CLKBUF_X1)           0.1976     0.8459 f
  DP_i/decode_i_reg_file_i/U1558/ZN (AOI22_X1)          0.1157     0.9616 r
  DP_i/decode_i_reg_file_i/U1561/ZN (NAND4_X1)          0.0469     1.0085 f
  DP_i/decode_i_reg_file_i/U1562/ZN (OR4_X1)            0.1285     1.1370 f
  DP_i/decode_i_reg_file_i/output1[1] (register_file)   0.0000     1.1370 f
  DP_i/U1188/ZN (INV_X1)                                0.0369     1.1739 r
  DP_i/U1189/ZN (OAI221_X1)                             0.0488     1.2227 f
  DP_i/U1190/ZN (OAI221_X1)                             0.0553     1.2780 r
  DP_i/U1207/ZN (AOI21_X1)                              0.0530     1.3310 f
  DP_i/U2339/ZN (OR2_X4)                                0.1296     1.4606 f
  DP_i/U4625/ZN (NOR2_X1)                               0.1036     1.5642 r
  DP_i/rs2_live[3] (DataPath)                           0.0000     1.5642 r
  U980/ZN (INV_X1)                                      0.0325     1.5967 f
  U982/ZN (AND2_X1)                                     0.0625     1.6592 f
  U986/ZN (AOI22_X1)                                    0.0832     1.7424 r
  U987/ZN (OAI21_X1)                                    0.0377     1.7801 f
  U988/ZN (AOI211_X1)                                   0.0810     1.8611 r
  U989/ZN (NOR2_X1)                                     0.0278     1.8889 f
  U998/Z (MUX2_X1)                                      0.0686     1.9575 f
  U1012/ZN (OAI21_X1)                                   0.0587     2.0162 r
  U1013/ZN (AOI221_X1)                                  0.0377     2.0539 f
  U1041/ZN (AOI211_X1)                                  0.1262     2.1802 r
  U1052/ZN (INV_X1)                                     0.0349     2.2151 f
  U1131/ZN (AOI21_X1)                                   0.0558     2.2709 r
  IRAM_ISSUE (out)                                      0.0041     2.2750 r
  data arrival time                                                2.2750

  clock CLK (rise edge)                                 3.0000     3.0000
  clock network delay (ideal)                           0.0500     3.0500
  clock uncertainty                                    -0.0500     3.0000
  output external delay                                -0.3000     2.7000
  data required time                                               2.7000
  --------------------------------------------------------------------------
  data required time                                               2.7000
  data arrival time                                               -2.2750
  --------------------------------------------------------------------------
  slack (MET)                                                      0.4250


  Startpoint: DP_i/mem_access_i_rd_out_reg_i_Y_reg_2_
              (rising edge-triggered flip-flop clocked by CLK)
  Endpoint: DRAM_DATA[31]
            (output port clocked by CLK)
  Path Group: OUTPUTS
  Path Type: max

  Des/Clust/Port     Wire Load Model       Library
  ------------------------------------------------
  DLX                5K_hvratio_1_4        NangateOpenCellLibrary

  Point                                                   Incr       Path
  --------------------------------------------------------------------------
  clock CLK (rise edge)                                 0.0000     0.0000
  clock network delay (ideal)                           0.0500     0.0500
  DP_i/mem_access_i_rd_out_reg_i_Y_reg_2_/CK (DFF_X1)   0.0000     0.0500 r
  DP_i/mem_access_i_rd_out_reg_i_Y_reg_2_/Q (DFF_X1)    0.1307     0.1807 r
  DP_i/rd_mem_w[2] (DataPath)                           0.0000     0.1807 r
  U1062/ZN (INV_X1)                                     0.0562     0.2369 f
  U1113/ZN (AOI22_X1)                                   0.0664     0.3033 r
  U1114/ZN (OAI221_X1)                                  0.0507     0.3540 f
  U1115/ZN (NOR3_X1)                                    0.1159     0.4700 r
  DP_i/fw_mem_mem (DataPath)                            0.0000     0.4700 r
  DP_i/U2212/ZN (INV_X1)                                0.0807     0.5506 f
  DP_i/U229/ZN (NOR2_X2)                                0.1843     0.7349 r
  DP_i/U2291/ZN (AOI22_X1)                              0.0686     0.8036 f
  DP_i/U2292/ZN (INV_X1)                                0.0365     0.8400 r
  DP_i/D_RAM_write_data[31] (DataPath)                  0.0000     0.8400 r
  U842/ZN (AND2_X1)                                     0.0436     0.8836 r
  DRAM_DATA_tri_31_/Z (TBUF_X1)                         0.0591     0.9427 r
  DRAM_DATA[31] (inout)                                 0.0048     0.9475 r
  data arrival time                                                0.9475

  clock CLK (rise edge)                                 3.0000     3.0000
  clock network delay (ideal)                           0.0500     3.0500
  clock uncertainty                                    -0.0500     3.0000
  output external delay                                -0.3000     2.7000
  data required time                                               2.7000
  --------------------------------------------------------------------------
  data required time                                               2.7000
  data arrival time                                               -0.9475
  --------------------------------------------------------------------------
  slack (MET)                                                      1.7525


  Startpoint: DP_i/mem_access_i_rd_out_reg_i_Y_reg_2_
              (rising edge-triggered flip-flop clocked by CLK)
  Endpoint: DRAM_DATA[31]
            (output port clocked by CLK)
  Path Group: OUTPUTS
  Path Type: max

  Des/Clust/Port     Wire Load Model       Library
  ------------------------------------------------
  DLX                5K_hvratio_1_4        NangateOpenCellLibrary

  Point                                                   Incr       Path
  --------------------------------------------------------------------------
  clock CLK (rise edge)                                 0.0000     0.0000
  clock network delay (ideal)                           0.0500     0.0500
  DP_i/mem_access_i_rd_out_reg_i_Y_reg_2_/CK (DFF_X1)   0.0000     0.0500 r
  DP_i/mem_access_i_rd_out_reg_i_Y_reg_2_/Q (DFF_X1)    0.1307     0.1807 r
  DP_i/rd_mem_w[2] (DataPath)                           0.0000     0.1807 r
  U1062/ZN (INV_X1)                                     0.0562     0.2369 f
  U1113/ZN (AOI22_X1)                                   0.0664     0.3033 r
  U1114/ZN (OAI221_X1)                                  0.0507     0.3540 f
  U1115/ZN (NOR3_X1)                                    0.1159     0.4700 r
  DP_i/fw_mem_mem (DataPath)                            0.0000     0.4700 r
  DP_i/U2212/ZN (INV_X1)                                0.0807     0.5506 f
  DP_i/U229/ZN (NOR2_X2)                                0.1843     0.7349 r
  DP_i/U2291/ZN (AOI22_X1)                              0.0683     0.8032 f
  DP_i/U2292/ZN (INV_X1)                                0.0365     0.8397 r
  DP_i/D_RAM_write_data[31] (DataPath)                  0.0000     0.8397 r
  U842/ZN (AND2_X1)                                     0.0436     0.8833 r
  DRAM_DATA_tri_31_/Z (TBUF_X1)                         0.0591     0.9424 r
  DRAM_DATA[31] (inout)                                 0.0048     0.9472 r
  data arrival time                                                0.9472

  clock CLK (rise edge)                                 3.0000     3.0000
  clock network delay (ideal)                           0.0500     3.0500
  clock uncertainty                                    -0.0500     3.0000
  output external delay                                -0.3000     2.7000
  data required time                                               2.7000
  --------------------------------------------------------------------------
  data required time                                               2.7000
  data arrival time                                               -0.9472
  --------------------------------------------------------------------------
  slack (MET)                                                      1.7528


  Startpoint: DP_i/mem_access_i_rd_out_reg_i_Y_reg_2_
              (rising edge-triggered flip-flop clocked by CLK)
  Endpoint: DRAM_DATA[27]
            (output port clocked by CLK)
  Path Group: OUTPUTS
  Path Type: max

  Des/Clust/Port     Wire Load Model       Library
  ------------------------------------------------
  DLX                5K_hvratio_1_4        NangateOpenCellLibrary

  Point                                                   Incr       Path
  --------------------------------------------------------------------------
  clock CLK (rise edge)                                 0.0000     0.0000
  clock network delay (ideal)                           0.0500     0.0500
  DP_i/mem_access_i_rd_out_reg_i_Y_reg_2_/CK (DFF_X1)   0.0000     0.0500 r
  DP_i/mem_access_i_rd_out_reg_i_Y_reg_2_/Q (DFF_X1)    0.1307     0.1807 r
  DP_i/rd_mem_w[2] (DataPath)                           0.0000     0.1807 r
  U1062/ZN (INV_X1)                                     0.0562     0.2369 f
  U1113/ZN (AOI22_X1)                                   0.0664     0.3033 r
  U1114/ZN (OAI221_X1)                                  0.0507     0.3540 f
  U1115/ZN (NOR3_X1)                                    0.1159     0.4700 r
  DP_i/fw_mem_mem (DataPath)                            0.0000     0.4700 r
  DP_i/U2212/ZN (INV_X1)                                0.0807     0.5506 f
  DP_i/U229/ZN (NOR2_X2)                                0.1843     0.7349 r
  DP_i/U2285/ZN (AOI22_X1)                              0.0686     0.8036 f
  DP_i/U2286/ZN (INV_X1)                                0.0356     0.8392 r
  DP_i/D_RAM_write_data[27] (DataPath)                  0.0000     0.8392 r
  U840/ZN (AND2_X1)                                     0.0434     0.8825 r
  DRAM_DATA_tri_27_/Z (TBUF_X1)                         0.0597     0.9423 r
  DRAM_DATA[27] (inout)                                 0.0048     0.9471 r
  data arrival time                                                0.9471

  clock CLK (rise edge)                                 3.0000     3.0000
  clock network delay (ideal)                           0.0500     3.0500
  clock uncertainty                                    -0.0500     3.0000
  output external delay                                -0.3000     2.7000
  data required time                                               2.7000
  --------------------------------------------------------------------------
  data required time                                               2.7000
  data arrival time                                               -0.9471
  --------------------------------------------------------------------------
  slack (MET)                                                      1.7529


  Startpoint: DP_i/mem_access_i_rd_out_reg_i_Y_reg_2_
              (rising edge-triggered flip-flop clocked by CLK)
  Endpoint: DRAM_DATA[26]
            (output port clocked by CLK)
  Path Group: OUTPUTS
  Path Type: max

  Des/Clust/Port     Wire Load Model       Library
  ------------------------------------------------
  DLX                5K_hvratio_1_4        NangateOpenCellLibrary

  Point                                                   Incr       Path
  --------------------------------------------------------------------------
  clock CLK (rise edge)                                 0.0000     0.0000
  clock network delay (ideal)                           0.0500     0.0500
  DP_i/mem_access_i_rd_out_reg_i_Y_reg_2_/CK (DFF_X1)   0.0000     0.0500 r
  DP_i/mem_access_i_rd_out_reg_i_Y_reg_2_/Q (DFF_X1)    0.1307     0.1807 r
  DP_i/rd_mem_w[2] (DataPath)                           0.0000     0.1807 r
  U1062/ZN (INV_X1)                                     0.0562     0.2369 f
  U1113/ZN (AOI22_X1)                                   0.0664     0.3033 r
  U1114/ZN (OAI221_X1)                                  0.0507     0.3540 f
  U1115/ZN (NOR3_X1)                                    0.1159     0.4700 r
  DP_i/fw_mem_mem (DataPath)                            0.0000     0.4700 r
  DP_i/U2212/ZN (INV_X1)                                0.0807     0.5506 f
  DP_i/U229/ZN (NOR2_X2)                                0.1843     0.7349 r
  DP_i/U2281/ZN (AOI22_X1)                              0.0686     0.8036 f
  DP_i/U2282/ZN (INV_X1)                                0.0354     0.8390 r
  DP_i/D_RAM_write_data[26] (DataPath)                  0.0000     0.8390 r
  U839/ZN (AND2_X1)                                     0.0434     0.8823 r
  DRAM_DATA_tri_26_/Z (TBUF_X1)                         0.0597     0.9421 r
  DRAM_DATA[26] (inout)                                 0.0048     0.9469 r
  data arrival time                                                0.9469

  clock CLK (rise edge)                                 3.0000     3.0000
  clock network delay (ideal)                           0.0500     3.0500
  clock uncertainty                                    -0.0500     3.0000
  output external delay                                -0.3000     2.7000
  data required time                                               2.7000
  --------------------------------------------------------------------------
  data required time                                               2.7000
  data arrival time                                               -0.9469
  --------------------------------------------------------------------------
  slack (MET)                                                      1.7531


  Startpoint: DP_i/mem_access_i_rd_out_reg_i_Y_reg_2_
              (rising edge-triggered flip-flop clocked by CLK)
  Endpoint: DRAM_DATA[30]
            (output port clocked by CLK)
  Path Group: OUTPUTS
  Path Type: max

  Des/Clust/Port     Wire Load Model       Library
  ------------------------------------------------
  DLX                5K_hvratio_1_4        NangateOpenCellLibrary

  Point                                                   Incr       Path
  --------------------------------------------------------------------------
  clock CLK (rise edge)                                 0.0000     0.0000
  clock network delay (ideal)                           0.0500     0.0500
  DP_i/mem_access_i_rd_out_reg_i_Y_reg_2_/CK (DFF_X1)   0.0000     0.0500 r
  DP_i/mem_access_i_rd_out_reg_i_Y_reg_2_/Q (DFF_X1)    0.1307     0.1807 r
  DP_i/rd_mem_w[2] (DataPath)                           0.0000     0.1807 r
  U1062/ZN (INV_X1)                                     0.0562     0.2369 f
  U1113/ZN (AOI22_X1)                                   0.0664     0.3033 r
  U1114/ZN (OAI221_X1)                                  0.0507     0.3540 f
  U1115/ZN (NOR3_X1)                                    0.1159     0.4700 r
  DP_i/fw_mem_mem (DataPath)                            0.0000     0.4700 r
  DP_i/U2212/ZN (INV_X1)                                0.0807     0.5506 f
  DP_i/U229/ZN (NOR2_X2)                                0.1843     0.7349 r
  DP_i/U2273/ZN (AOI22_X1)                              0.0686     0.8036 f
  DP_i/U2274/ZN (INV_X1)                                0.0354     0.8390 r
  DP_i/D_RAM_write_data[30] (DataPath)                  0.0000     0.8390 r
  U837/ZN (AND2_X1)                                     0.0434     0.8823 r
  DRAM_DATA_tri_30_/Z (TBUF_X1)                         0.0597     0.9421 r
  DRAM_DATA[30] (inout)                                 0.0048     0.9469 r
  data arrival time                                                0.9469

  clock CLK (rise edge)                                 3.0000     3.0000
  clock network delay (ideal)                           0.0500     3.0500
  clock uncertainty                                    -0.0500     3.0000
  output external delay                                -0.3000     2.7000
  data required time                                               2.7000
  --------------------------------------------------------------------------
  data required time                                               2.7000
  data arrival time                                               -0.9469
  --------------------------------------------------------------------------
  slack (MET)                                                      1.7531


  Startpoint: DP_i/mem_access_i_rd_out_reg_i_Y_reg_2_
              (rising edge-triggered flip-flop clocked by CLK)
  Endpoint: DRAM_DATA[25]
            (output port clocked by CLK)
  Path Group: OUTPUTS
  Path Type: max

  Des/Clust/Port     Wire Load Model       Library
  ------------------------------------------------
  DLX                5K_hvratio_1_4        NangateOpenCellLibrary

  Point                                                   Incr       Path
  --------------------------------------------------------------------------
  clock CLK (rise edge)                                 0.0000     0.0000
  clock network delay (ideal)                           0.0500     0.0500
  DP_i/mem_access_i_rd_out_reg_i_Y_reg_2_/CK (DFF_X1)   0.0000     0.0500 r
  DP_i/mem_access_i_rd_out_reg_i_Y_reg_2_/Q (DFF_X1)    0.1307     0.1807 r
  DP_i/rd_mem_w[2] (DataPath)                           0.0000     0.1807 r
  U1062/ZN (INV_X1)                                     0.0562     0.2369 f
  U1113/ZN (AOI22_X1)                                   0.0664     0.3033 r
  U1114/ZN (OAI221_X1)                                  0.0507     0.3540 f
  U1115/ZN (NOR3_X1)                                    0.1159     0.4700 r
  DP_i/fw_mem_mem (DataPath)                            0.0000     0.4700 r
  DP_i/U2212/ZN (INV_X1)                                0.0807     0.5506 f
  DP_i/U229/ZN (NOR2_X2)                                0.1843     0.7349 r
  DP_i/U2287/ZN (AOI22_X1)                              0.0686     0.8036 f
  DP_i/U2290/ZN (INV_X1)                                0.0354     0.8390 r
  DP_i/D_RAM_write_data[25] (DataPath)                  0.0000     0.8390 r
  U841/ZN (AND2_X1)                                     0.0434     0.8823 r
  DRAM_DATA_tri_25_/Z (TBUF_X1)                         0.0597     0.9421 r
  DRAM_DATA[25] (inout)                                 0.0048     0.9469 r
  data arrival time                                                0.9469

  clock CLK (rise edge)                                 3.0000     3.0000
  clock network delay (ideal)                           0.0500     3.0500
  clock uncertainty                                    -0.0500     3.0000
  output external delay                                -0.3000     2.7000
  data required time                                               2.7000
  --------------------------------------------------------------------------
  data required time                                               2.7000
  data arrival time                                               -0.9469
  --------------------------------------------------------------------------
  slack (MET)                                                      1.7531


  Startpoint: DP_i/mem_access_i_rd_out_reg_i_Y_reg_2_
              (rising edge-triggered flip-flop clocked by CLK)
  Endpoint: DRAM_DATA[29]
            (output port clocked by CLK)
  Path Group: OUTPUTS
  Path Type: max

  Des/Clust/Port     Wire Load Model       Library
  ------------------------------------------------
  DLX                5K_hvratio_1_4        NangateOpenCellLibrary

  Point                                                   Incr       Path
  --------------------------------------------------------------------------
  clock CLK (rise edge)                                 0.0000     0.0000
  clock network delay (ideal)                           0.0500     0.0500
  DP_i/mem_access_i_rd_out_reg_i_Y_reg_2_/CK (DFF_X1)   0.0000     0.0500 r
  DP_i/mem_access_i_rd_out_reg_i_Y_reg_2_/Q (DFF_X1)    0.1307     0.1807 r
  DP_i/rd_mem_w[2] (DataPath)                           0.0000     0.1807 r
  U1062/ZN (INV_X1)                                     0.0562     0.2369 f
  U1113/ZN (AOI22_X1)                                   0.0664     0.3033 r
  U1114/ZN (OAI221_X1)                                  0.0507     0.3540 f
  U1115/ZN (NOR3_X1)                                    0.1159     0.4700 r
  DP_i/fw_mem_mem (DataPath)                            0.0000     0.4700 r
  DP_i/U2212/ZN (INV_X1)                                0.0807     0.5506 f
  DP_i/U229/ZN (NOR2_X2)                                0.1843     0.7349 r
  DP_i/U2265/ZN (AOI22_X1)                              0.0686     0.8036 f
  DP_i/U2268/ZN (INV_X1)                                0.0354     0.8390 r
  DP_i/D_RAM_write_data[29] (DataPath)                  0.0000     0.8390 r
  U835/ZN (AND2_X1)                                     0.0434     0.8823 r
  DRAM_DATA_tri_29_/Z (TBUF_X1)                         0.0597     0.9421 r
  DRAM_DATA[29] (inout)                                 0.0048     0.9469 r
  data arrival time                                                0.9469

  clock CLK (rise edge)                                 3.0000     3.0000
  clock network delay (ideal)                           0.0500     3.0500
  clock uncertainty                                    -0.0500     3.0000
  output external delay                                -0.3000     2.7000
  data required time                                               2.7000
  --------------------------------------------------------------------------
  data required time                                               2.7000
  data arrival time                                               -0.9469
  --------------------------------------------------------------------------
  slack (MET)                                                      1.7531


  Startpoint: DP_i/mem_access_i_rd_out_reg_i_Y_reg_2_
              (rising edge-triggered flip-flop clocked by CLK)
  Endpoint: DRAM_DATA[24]
            (output port clocked by CLK)
  Path Group: OUTPUTS
  Path Type: max

  Des/Clust/Port     Wire Load Model       Library
  ------------------------------------------------
  DLX                5K_hvratio_1_4        NangateOpenCellLibrary

  Point                                                   Incr       Path
  --------------------------------------------------------------------------
  clock CLK (rise edge)                                 0.0000     0.0000
  clock network delay (ideal)                           0.0500     0.0500
  DP_i/mem_access_i_rd_out_reg_i_Y_reg_2_/CK (DFF_X1)   0.0000     0.0500 r
  DP_i/mem_access_i_rd_out_reg_i_Y_reg_2_/Q (DFF_X1)    0.1307     0.1807 r
  DP_i/rd_mem_w[2] (DataPath)                           0.0000     0.1807 r
  U1062/ZN (INV_X1)                                     0.0562     0.2369 f
  U1113/ZN (AOI22_X1)                                   0.0664     0.3033 r
  U1114/ZN (OAI221_X1)                                  0.0507     0.3540 f
  U1115/ZN (NOR3_X1)                                    0.1159     0.4700 r
  DP_i/fw_mem_mem (DataPath)                            0.0000     0.4700 r
  DP_i/U2212/ZN (INV_X1)                                0.0807     0.5506 f
  DP_i/U229/ZN (NOR2_X2)                                0.1843     0.7349 r
  DP_i/U2269/ZN (AOI22_X1)                              0.0686     0.8036 f
  DP_i/U2270/ZN (INV_X1)                                0.0354     0.8390 r
  DP_i/D_RAM_write_data[24] (DataPath)                  0.0000     0.8390 r
  U836/ZN (AND2_X1)                                     0.0434     0.8823 r
  DRAM_DATA_tri_24_/Z (TBUF_X1)                         0.0597     0.9421 r
  DRAM_DATA[24] (inout)                                 0.0048     0.9469 r
  data arrival time                                                0.9469

  clock CLK (rise edge)                                 3.0000     3.0000
  clock network delay (ideal)                           0.0500     3.0500
  clock uncertainty                                    -0.0500     3.0000
  output external delay                                -0.3000     2.7000
  data required time                                               2.7000
  --------------------------------------------------------------------------
  data required time                                               2.7000
  data arrival time                                               -0.9469
  --------------------------------------------------------------------------
  slack (MET)                                                      1.7531


1
