 
****************************************
Report : timing
        -path full
        -delay max
        -nworst 2
        -max_paths 10
Design : DLX
Version: W-2024.09-SP2
Date   : Tue Sep 29 12:54:56 2026
****************************************

Operating Conditions: typical   Library: NangateOpenCellLibrary
Wire Load Model Mode: top

  Startpoint: DP_i_fetch_i_IR_out_reg_28_
              (rising edge-triggered flip-flop clocked by CLK)
  Endpoint: DP_i_fetch_i_pc_i_clk_gate_Y_reg/latch
            (gating element for clock CLK)
  Path Group: CLK
  Path Type: max

  Des/Clust/Port     Wire Load Model       Library
  ------------------------------------------------
  DLX                5K_hvratio_1_4        NangateOpenCellLibrary

  Point                                                   Incr       Path
  --------------------------------------------------------------------------
  clock CLK (rise edge)                                 0.0000     0.0000
  clock network delay (ideal)                           0.0500     0.0500
  DP_i_fetch_i_IR_out_reg_28_/CK (DFF_X1)               0.0000     0.0500 r
  DP_i_fetch_i_IR_out_reg_28_/Q (DFF_X1)                0.1026     0.1526 f
  U2858/ZN (NOR2_X1)                                    0.0495     0.2021 r
  U2388/ZN (NAND4_X1)                                   0.0526     0.2547 f
  U1373/Z (BUF_X1)                                      0.0482     0.3029 f
  U2703/ZN (NAND2_X1)                                   0.0363     0.3392 r
  U1463/ZN (OAI21_X1)                                   0.0356     0.3748 f
  U3159/ZN (OR2_X1)                                     0.0542     0.4290 f
  U3161/ZN (AND2_X1)                                    0.0401     0.4691 f
  U3171/ZN (AOI21_X1)                                   0.0379     0.5069 r
  U3172/ZN (OR2_X1)                                     0.0403     0.5473 r
  U3192/ZN (NAND3_X1)                                   0.0400     0.5872 f
  U1346/ZN (NAND2_X1)                                   0.0370     0.6242 r
  U1811/ZN (NAND4_X1)                                   0.0403     0.6645 f
  U1809/ZN (NAND4_X1)                                   0.0364     0.7008 r
  U1815/ZN (NAND2_X1)                                   0.0340     0.7348 f
  U2704/ZN (NAND2_X1)                                   0.0313     0.7661 r
  U2449/ZN (NAND3_X1)                                   0.0364     0.8025 f
  U3223/ZN (NAND2_X1)                                   0.0414     0.8438 r
  U2457/ZN (NAND3_X1)                                   0.0484     0.8922 f
  U1167/ZN (AND3_X2)                                    0.0554     0.9476 f
  U1786/ZN (NOR2_X1)                                    0.0480     0.9956 r
  U1777/ZN (OAI21_X1)                                   0.0361     1.0317 f
  U1785/ZN (NAND3_X1)                                   0.0369     1.0686 r
  U2327/ZN (XNOR2_X1)                                   0.0587     1.1273 r
  U1039/ZN (AND4_X2)                                    0.0689     1.1963 r
  U6801/ZN (NAND4_X1)                                   0.0399     1.2362 f
  U6802/ZN (NAND2_X1)                                   0.0400     1.2762 r
  U12599/ZN (NAND2_X1)                                  0.0307     1.3068 f
  DP_i_fetch_i_pc_i_clk_gate_Y_reg/EN (SNPS_CLOCK_GATE_HIGH_data_reg_NBIT30_2_2)
                                                        0.0000     1.3068 f
  DP_i_fetch_i_pc_i_clk_gate_Y_reg/latch/E (CLKGATETST_X1)
                                                        0.0088     1.3156 f
  data arrival time                                                1.3156

  clock CLK (rise edge)                                 1.1000     1.1000
  clock network delay (ideal)                           0.0500     1.1500
  clock uncertainty                                    -0.0500     1.1000
  DP_i_fetch_i_pc_i_clk_gate_Y_reg/latch/CK (CLKGATETST_X1)
                                                        0.0000     1.1000 r
  clock gating setup time                              -0.0628     1.0372
  data required time                                               1.0372
  --------------------------------------------------------------------------
  data required time                                               1.0372
  data arrival time                                               -1.3156
  --------------------------------------------------------------------------
  slack (VIOLATED)                                                -0.2784


  Startpoint: DP_i_fetch_i_IR_out_reg_28_
              (rising edge-triggered flip-flop clocked by CLK)
  Endpoint: DP_i_fetch_i_pc_i_clk_gate_Y_reg/latch
            (gating element for clock CLK)
  Path Group: CLK
  Path Type: max

  Des/Clust/Port     Wire Load Model       Library
  ------------------------------------------------
  DLX                5K_hvratio_1_4        NangateOpenCellLibrary

  Point                                                   Incr       Path
  --------------------------------------------------------------------------
  clock CLK (rise edge)                                 0.0000     0.0000
  clock network delay (ideal)                           0.0500     0.0500
  DP_i_fetch_i_IR_out_reg_28_/CK (DFF_X1)               0.0000     0.0500 r
  DP_i_fetch_i_IR_out_reg_28_/Q (DFF_X1)                0.1026     0.1526 f
  U2858/ZN (NOR2_X1)                                    0.0495     0.2021 r
  U2388/ZN (NAND4_X1)                                   0.0526     0.2547 f
  U1373/Z (BUF_X1)                                      0.0482     0.3029 f
  U2703/ZN (NAND2_X1)                                   0.0363     0.3392 r
  U1463/ZN (OAI21_X1)                                   0.0356     0.3748 f
  U3159/ZN (OR2_X1)                                     0.0542     0.4290 f
  U3161/ZN (AND2_X1)                                    0.0401     0.4691 f
  U3171/ZN (AOI21_X1)                                   0.0379     0.5069 r
  U3172/ZN (OR2_X1)                                     0.0403     0.5473 r
  U3192/ZN (NAND3_X1)                                   0.0400     0.5872 f
  U1346/ZN (NAND2_X1)                                   0.0370     0.6242 r
  U1811/ZN (NAND4_X1)                                   0.0403     0.6645 f
  U1809/ZN (NAND4_X1)                                   0.0364     0.7008 r
  U1815/ZN (NAND2_X1)                                   0.0340     0.7348 f
  U2704/ZN (NAND2_X1)                                   0.0313     0.7661 r
  U2449/ZN (NAND3_X1)                                   0.0364     0.8025 f
  U3223/ZN (NAND2_X1)                                   0.0414     0.8438 r
  U2457/ZN (NAND3_X1)                                   0.0484     0.8922 f
  U1167/ZN (AND3_X2)                                    0.0554     0.9476 f
  U1787/ZN (AND2_X1)                                    0.0411     0.9887 f
  U1777/ZN (OAI21_X1)                                   0.0471     1.0358 r
  U1785/ZN (NAND3_X1)                                   0.0427     1.0785 f
  U2327/ZN (XNOR2_X1)                                   0.0484     1.1270 r
  U1039/ZN (AND4_X2)                                    0.0689     1.1959 r
  U6801/ZN (NAND4_X1)                                   0.0399     1.2358 f
  U6802/ZN (NAND2_X1)                                   0.0400     1.2758 r
  U12599/ZN (NAND2_X1)                                  0.0307     1.3064 f
  DP_i_fetch_i_pc_i_clk_gate_Y_reg/EN (SNPS_CLOCK_GATE_HIGH_data_reg_NBIT30_2_2)
                                                        0.0000     1.3064 f
  DP_i_fetch_i_pc_i_clk_gate_Y_reg/latch/E (CLKGATETST_X1)
                                                        0.0088     1.3152 f
  data arrival time                                                1.3152

  clock CLK (rise edge)                                 1.1000     1.1000
  clock network delay (ideal)                           0.0500     1.1500
  clock uncertainty                                    -0.0500     1.1000
  DP_i_fetch_i_pc_i_clk_gate_Y_reg/latch/CK (CLKGATETST_X1)
                                                        0.0000     1.1000 r
  clock gating setup time                              -0.0628     1.0372
  data required time                                               1.0372
  --------------------------------------------------------------------------
  data required time                                               1.0372
  data arrival time                                               -1.3152
  --------------------------------------------------------------------------
  slack (VIOLATED)                                                -0.2780


  Startpoint: DP_i_mem_access_i_rd_out_reg_i_Y_reg_3_
              (rising edge-triggered flip-flop clocked by CLK)
  Endpoint: DP_i_fetch_i_btb_i_clk_gate_btb_table_reg_4__TARGET_/latch
            (gating element for clock CLK)
  Path Group: CLK
  Path Type: max

  Des/Clust/Port     Wire Load Model       Library
  ------------------------------------------------
  DLX                5K_hvratio_1_4        NangateOpenCellLibrary

  Point                                                   Incr       Path
  --------------------------------------------------------------------------
  clock CLK (rise edge)                                 0.0000     0.0000
  clock network delay (ideal)                           0.0500     0.0500
  DP_i_mem_access_i_rd_out_reg_i_Y_reg_3_/CK (DFF_X1)   0.0000     0.0500 r
  DP_i_mem_access_i_rd_out_reg_i_Y_reg_3_/Q (DFF_X1)    0.1085     0.1585 r
  U2892/ZN (XNOR2_X1)                                   0.0807     0.2392 r
  U1836/ZN (NAND4_X1)                                   0.0778     0.3170 f
  U3098/ZN (INV_X1)                                     0.0553     0.3722 r
  U3099/ZN (NOR2_X1)                                    0.0355     0.4077 f
  U2446/Z (BUF_X2)                                      0.0668     0.4745 f
  U3505/ZN (AND2_X1)                                    0.0625     0.5371 f
  U1080/ZN (OR2_X1)                                     0.0580     0.5951 f
  U1109/ZN (NOR3_X1)                                    0.0647     0.6598 r
  U1094/ZN (AND4_X2)                                    0.0719     0.7316 r
  U3590/ZN (AND4_X1)                                    0.0655     0.7972 r
  U2296/ZN (AND2_X1)                                    0.0480     0.8452 r
  U2617/ZN (NAND4_X1)                                   0.0423     0.8875 f
  U1799/ZN (AND3_X1)                                    0.0429     0.9304 f
  U1763/ZN (OAI211_X1)                                  0.0486     0.9790 r
  U1759/ZN (NAND2_X1)                                   0.0401     1.0191 f
  U2343/ZN (OAI21_X1)                                   0.0623     1.0814 r
  U2281/ZN (NAND4_X1)                                   0.0564     1.1379 f
  U2056/ZN (AND2_X1)                                    0.0537     1.1916 f
  U13518/ZN (OR2_X2)                                    0.0633     1.2549 f
  U12600/ZN (NOR2_X1)                                   0.0394     1.2943 r
  DP_i_fetch_i_btb_i_clk_gate_btb_table_reg_4__TARGET_/EN (SNPS_CLOCK_GATE_HIGH_BTB_NBIT32_BTB_DEPTH16_BTB_INDEX_MSB5_24)
                                                        0.0000     1.2943 r
  DP_i_fetch_i_btb_i_clk_gate_btb_table_reg_4__TARGET_/latch/E (CLKGATETST_X1)
                                                        0.0091     1.3033 r
  data arrival time                                                1.3033

  clock CLK (rise edge)                                 1.1000     1.1000
  clock network delay (ideal)                           0.0500     1.1500
  clock uncertainty                                    -0.0500     1.1000
  DP_i_fetch_i_btb_i_clk_gate_btb_table_reg_4__TARGET_/latch/CK (CLKGATETST_X1)
                                                        0.0000     1.1000 r
  clock gating setup time                              -0.0737     1.0263
  data required time                                               1.0263
  --------------------------------------------------------------------------
  data required time                                               1.0263
  data arrival time                                               -1.3033
  --------------------------------------------------------------------------
  slack (VIOLATED)                                                -0.2771


  Startpoint: DP_i_mem_access_i_rd_out_reg_i_Y_reg_3_
              (rising edge-triggered flip-flop clocked by CLK)
  Endpoint: DP_i_fetch_i_btb_i_clk_gate_btb_table_reg_8__TARGET_/latch
            (gating element for clock CLK)
  Path Group: CLK
  Path Type: max

  Des/Clust/Port     Wire Load Model       Library
  ------------------------------------------------
  DLX                5K_hvratio_1_4        NangateOpenCellLibrary

  Point                                                   Incr       Path
  --------------------------------------------------------------------------
  clock CLK (rise edge)                                 0.0000     0.0000
  clock network delay (ideal)                           0.0500     0.0500
  DP_i_mem_access_i_rd_out_reg_i_Y_reg_3_/CK (DFF_X1)   0.0000     0.0500 r
  DP_i_mem_access_i_rd_out_reg_i_Y_reg_3_/Q (DFF_X1)    0.1085     0.1585 r
  U2892/ZN (XNOR2_X1)                                   0.0807     0.2392 r
  U1836/ZN (NAND4_X1)                                   0.0778     0.3170 f
  U3098/ZN (INV_X1)                                     0.0553     0.3722 r
  U3099/ZN (NOR2_X1)                                    0.0355     0.4077 f
  U2446/Z (BUF_X2)                                      0.0668     0.4745 f
  U3505/ZN (AND2_X1)                                    0.0625     0.5371 f
  U1080/ZN (OR2_X1)                                     0.0580     0.5951 f
  U1109/ZN (NOR3_X1)                                    0.0647     0.6598 r
  U1094/ZN (AND4_X2)                                    0.0719     0.7316 r
  U3590/ZN (AND4_X1)                                    0.0655     0.7972 r
  U2296/ZN (AND2_X1)                                    0.0480     0.8452 r
  U2617/ZN (NAND4_X1)                                   0.0423     0.8875 f
  U1799/ZN (AND3_X1)                                    0.0429     0.9304 f
  U1763/ZN (OAI211_X1)                                  0.0486     0.9790 r
  U1759/ZN (NAND2_X1)                                   0.0401     1.0191 f
  U2343/ZN (OAI21_X1)                                   0.0623     1.0814 r
  U2281/ZN (NAND4_X1)                                   0.0564     1.1379 f
  U2056/ZN (AND2_X1)                                    0.0537     1.1916 f
  U13511/ZN (OR2_X2)                                    0.0633     1.2549 f
  U12601/ZN (NOR2_X1)                                   0.0394     1.2943 r
  DP_i_fetch_i_btb_i_clk_gate_btb_table_reg_8__TARGET_/EN (SNPS_CLOCK_GATE_HIGH_BTB_NBIT32_BTB_DEPTH16_BTB_INDEX_MSB5_16)
                                                        0.0000     1.2943 r
  DP_i_fetch_i_btb_i_clk_gate_btb_table_reg_8__TARGET_/latch/E (CLKGATETST_X1)
                                                        0.0091     1.3033 r
  data arrival time                                                1.3033

  clock CLK (rise edge)                                 1.1000     1.1000
  clock network delay (ideal)                           0.0500     1.1500
  clock uncertainty                                    -0.0500     1.1000
  DP_i_fetch_i_btb_i_clk_gate_btb_table_reg_8__TARGET_/latch/CK (CLKGATETST_X1)
                                                        0.0000     1.1000 r
  clock gating setup time                              -0.0737     1.0263
  data required time                                               1.0263
  --------------------------------------------------------------------------
  data required time                                               1.0263
  data arrival time                                               -1.3033
  --------------------------------------------------------------------------
  slack (VIOLATED)                                                -0.2771


  Startpoint: DP_i_mem_access_i_rd_out_reg_i_Y_reg_3_
              (rising edge-triggered flip-flop clocked by CLK)
  Endpoint: DP_i_fetch_i_btb_i_clk_gate_btb_table_reg_12__TARGET_/latch
            (gating element for clock CLK)
  Path Group: CLK
  Path Type: max

  Des/Clust/Port     Wire Load Model       Library
  ------------------------------------------------
  DLX                5K_hvratio_1_4        NangateOpenCellLibrary

  Point                                                   Incr       Path
  --------------------------------------------------------------------------
  clock CLK (rise edge)                                 0.0000     0.0000
  clock network delay (ideal)                           0.0500     0.0500
  DP_i_mem_access_i_rd_out_reg_i_Y_reg_3_/CK (DFF_X1)   0.0000     0.0500 r
  DP_i_mem_access_i_rd_out_reg_i_Y_reg_3_/Q (DFF_X1)    0.1085     0.1585 r
  U2892/ZN (XNOR2_X1)                                   0.0807     0.2392 r
  U1836/ZN (NAND4_X1)                                   0.0778     0.3170 f
  U3098/ZN (INV_X1)                                     0.0553     0.3722 r
  U3099/ZN (NOR2_X1)                                    0.0355     0.4077 f
  U2446/Z (BUF_X2)                                      0.0668     0.4745 f
  U3505/ZN (AND2_X1)                                    0.0625     0.5371 f
  U1080/ZN (OR2_X1)                                     0.0580     0.5951 f
  U1109/ZN (NOR3_X1)                                    0.0647     0.6598 r
  U1094/ZN (AND4_X2)                                    0.0719     0.7316 r
  U3590/ZN (AND4_X1)                                    0.0655     0.7972 r
  U2296/ZN (AND2_X1)                                    0.0480     0.8452 r
  U2617/ZN (NAND4_X1)                                   0.0423     0.8875 f
  U1799/ZN (AND3_X1)                                    0.0429     0.9304 f
  U1763/ZN (OAI211_X1)                                  0.0486     0.9790 r
  U1759/ZN (NAND2_X1)                                   0.0401     1.0191 f
  U2343/ZN (OAI21_X1)                                   0.0623     1.0814 r
  U2281/ZN (NAND4_X1)                                   0.0564     1.1379 f
  U2056/ZN (AND2_X1)                                    0.0537     1.1916 f
  U13504/ZN (OR2_X2)                                    0.0633     1.2549 f
  U12602/ZN (NOR2_X1)                                   0.0394     1.2943 r
  DP_i_fetch_i_btb_i_clk_gate_btb_table_reg_12__TARGET_/EN (SNPS_CLOCK_GATE_HIGH_BTB_NBIT32_BTB_DEPTH16_BTB_INDEX_MSB5_8)
                                                        0.0000     1.2943 r
  DP_i_fetch_i_btb_i_clk_gate_btb_table_reg_12__TARGET_/latch/E (CLKGATETST_X1)
                                                        0.0091     1.3033 r
  data arrival time                                                1.3033

  clock CLK (rise edge)                                 1.1000     1.1000
  clock network delay (ideal)                           0.0500     1.1500
  clock uncertainty                                    -0.0500     1.1000
  DP_i_fetch_i_btb_i_clk_gate_btb_table_reg_12__TARGET_/latch/CK (CLKGATETST_X1)
                                                        0.0000     1.1000 r
  clock gating setup time                              -0.0737     1.0263
  data required time                                               1.0263
  --------------------------------------------------------------------------
  data required time                                               1.0263
  data arrival time                                               -1.3033
  --------------------------------------------------------------------------
  slack (VIOLATED)                                                -0.2771


  Startpoint: DP_i_mem_access_i_rd_out_reg_i_Y_reg_3_
              (rising edge-triggered flip-flop clocked by CLK)
  Endpoint: DP_i_fetch_i_btb_i_clk_gate_btb_table_reg_6__TARGET_/latch
            (gating element for clock CLK)
  Path Group: CLK
  Path Type: max

  Des/Clust/Port     Wire Load Model       Library
  ------------------------------------------------
  DLX                5K_hvratio_1_4        NangateOpenCellLibrary

  Point                                                   Incr       Path
  --------------------------------------------------------------------------
  clock CLK (rise edge)                                 0.0000     0.0000
  clock network delay (ideal)                           0.0500     0.0500
  DP_i_mem_access_i_rd_out_reg_i_Y_reg_3_/CK (DFF_X1)   0.0000     0.0500 r
  DP_i_mem_access_i_rd_out_reg_i_Y_reg_3_/Q (DFF_X1)    0.1085     0.1585 r
  U2892/ZN (XNOR2_X1)                                   0.0807     0.2392 r
  U1836/ZN (NAND4_X1)                                   0.0778     0.3170 f
  U3098/ZN (INV_X1)                                     0.0553     0.3722 r
  U3099/ZN (NOR2_X1)                                    0.0355     0.4077 f
  U2446/Z (BUF_X2)                                      0.0668     0.4745 f
  U3505/ZN (AND2_X1)                                    0.0625     0.5371 f
  U1080/ZN (OR2_X1)                                     0.0580     0.5951 f
  U1109/ZN (NOR3_X1)                                    0.0647     0.6598 r
  U1094/ZN (AND4_X2)                                    0.0719     0.7316 r
  U3590/ZN (AND4_X1)                                    0.0655     0.7972 r
  U2296/ZN (AND2_X1)                                    0.0480     0.8452 r
  U2617/ZN (NAND4_X1)                                   0.0423     0.8875 f
  U1799/ZN (AND3_X1)                                    0.0429     0.9304 f
  U1763/ZN (OAI211_X1)                                  0.0486     0.9790 r
  U1759/ZN (NAND2_X1)                                   0.0401     1.0191 f
  U2343/ZN (OAI21_X1)                                   0.0623     1.0814 r
  U2281/ZN (NAND4_X1)                                   0.0564     1.1379 f
  U2056/ZN (AND2_X1)                                    0.0537     1.1916 f
  U13518/ZN (OR2_X2)                                    0.0633     1.2549 f
  U13521/ZN (NOR2_X1)                                   0.0394     1.2943 r
  DP_i_fetch_i_btb_i_clk_gate_btb_table_reg_6__TARGET_/EN (SNPS_CLOCK_GATE_HIGH_BTB_NBIT32_BTB_DEPTH16_BTB_INDEX_MSB5_20)
                                                        0.0000     1.2943 r
  DP_i_fetch_i_btb_i_clk_gate_btb_table_reg_6__TARGET_/latch/E (CLKGATETST_X1)
                                                        0.0091     1.3033 r
  data arrival time                                                1.3033

  clock CLK (rise edge)                                 1.1000     1.1000
  clock network delay (ideal)                           0.0500     1.1500
  clock uncertainty                                    -0.0500     1.1000
  DP_i_fetch_i_btb_i_clk_gate_btb_table_reg_6__TARGET_/latch/CK (CLKGATETST_X1)
                                                        0.0000     1.1000 r
  clock gating setup time                              -0.0735     1.0265
  data required time                                               1.0265
  --------------------------------------------------------------------------
  data required time                                               1.0265
  data arrival time                                               -1.3033
  --------------------------------------------------------------------------
  slack (VIOLATED)                                                -0.2768


  Startpoint: DP_i_mem_access_i_rd_out_reg_i_Y_reg_3_
              (rising edge-triggered flip-flop clocked by CLK)
  Endpoint: DP_i_fetch_i_btb_i_clk_gate_btb_table_reg_10__TARGET_/latch
            (gating element for clock CLK)
  Path Group: CLK
  Path Type: max

  Des/Clust/Port     Wire Load Model       Library
  ------------------------------------------------
  DLX                5K_hvratio_1_4        NangateOpenCellLibrary

  Point                                                   Incr       Path
  --------------------------------------------------------------------------
  clock CLK (rise edge)                                 0.0000     0.0000
  clock network delay (ideal)                           0.0500     0.0500
  DP_i_mem_access_i_rd_out_reg_i_Y_reg_3_/CK (DFF_X1)   0.0000     0.0500 r
  DP_i_mem_access_i_rd_out_reg_i_Y_reg_3_/Q (DFF_X1)    0.1085     0.1585 r
  U2892/ZN (XNOR2_X1)                                   0.0807     0.2392 r
  U1836/ZN (NAND4_X1)                                   0.0778     0.3170 f
  U3098/ZN (INV_X1)                                     0.0553     0.3722 r
  U3099/ZN (NOR2_X1)                                    0.0355     0.4077 f
  U2446/Z (BUF_X2)                                      0.0668     0.4745 f
  U3505/ZN (AND2_X1)                                    0.0625     0.5371 f
  U1080/ZN (OR2_X1)                                     0.0580     0.5951 f
  U1109/ZN (NOR3_X1)                                    0.0647     0.6598 r
  U1094/ZN (AND4_X2)                                    0.0719     0.7316 r
  U3590/ZN (AND4_X1)                                    0.0655     0.7972 r
  U2296/ZN (AND2_X1)                                    0.0480     0.8452 r
  U2617/ZN (NAND4_X1)                                   0.0423     0.8875 f
  U1799/ZN (AND3_X1)                                    0.0429     0.9304 f
  U1763/ZN (OAI211_X1)                                  0.0486     0.9790 r
  U1759/ZN (NAND2_X1)                                   0.0401     1.0191 f
  U2343/ZN (OAI21_X1)                                   0.0623     1.0814 r
  U2281/ZN (NAND4_X1)                                   0.0564     1.1379 f
  U2056/ZN (AND2_X1)                                    0.0537     1.1916 f
  U13511/ZN (OR2_X2)                                    0.0633     1.2549 f
  U13514/ZN (NOR2_X1)                                   0.0394     1.2943 r
  DP_i_fetch_i_btb_i_clk_gate_btb_table_reg_10__TARGET_/EN (SNPS_CLOCK_GATE_HIGH_BTB_NBIT32_BTB_DEPTH16_BTB_INDEX_MSB5_12)
                                                        0.0000     1.2943 r
  DP_i_fetch_i_btb_i_clk_gate_btb_table_reg_10__TARGET_/latch/E (CLKGATETST_X1)
                                                        0.0091     1.3033 r
  data arrival time                                                1.3033

  clock CLK (rise edge)                                 1.1000     1.1000
  clock network delay (ideal)                           0.0500     1.1500
  clock uncertainty                                    -0.0500     1.1000
  DP_i_fetch_i_btb_i_clk_gate_btb_table_reg_10__TARGET_/latch/CK (CLKGATETST_X1)
                                                        0.0000     1.1000 r
  clock gating setup time                              -0.0735     1.0265
  data required time                                               1.0265
  --------------------------------------------------------------------------
  data required time                                               1.0265
  data arrival time                                               -1.3033
  --------------------------------------------------------------------------
  slack (VIOLATED)                                                -0.2768


  Startpoint: DP_i_mem_access_i_rd_out_reg_i_Y_reg_3_
              (rising edge-triggered flip-flop clocked by CLK)
  Endpoint: DP_i_fetch_i_btb_i_clk_gate_btb_table_reg_14__TARGET_/latch
            (gating element for clock CLK)
  Path Group: CLK
  Path Type: max

  Des/Clust/Port     Wire Load Model       Library
  ------------------------------------------------
  DLX                5K_hvratio_1_4        NangateOpenCellLibrary

  Point                                                   Incr       Path
  --------------------------------------------------------------------------
  clock CLK (rise edge)                                 0.0000     0.0000
  clock network delay (ideal)                           0.0500     0.0500
  DP_i_mem_access_i_rd_out_reg_i_Y_reg_3_/CK (DFF_X1)   0.0000     0.0500 r
  DP_i_mem_access_i_rd_out_reg_i_Y_reg_3_/Q (DFF_X1)    0.1085     0.1585 r
  U2892/ZN (XNOR2_X1)                                   0.0807     0.2392 r
  U1836/ZN (NAND4_X1)                                   0.0778     0.3170 f
  U3098/ZN (INV_X1)                                     0.0553     0.3722 r
  U3099/ZN (NOR2_X1)                                    0.0355     0.4077 f
  U2446/Z (BUF_X2)                                      0.0668     0.4745 f
  U3505/ZN (AND2_X1)                                    0.0625     0.5371 f
  U1080/ZN (OR2_X1)                                     0.0580     0.5951 f
  U1109/ZN (NOR3_X1)                                    0.0647     0.6598 r
  U1094/ZN (AND4_X2)                                    0.0719     0.7316 r
  U3590/ZN (AND4_X1)                                    0.0655     0.7972 r
  U2296/ZN (AND2_X1)                                    0.0480     0.8452 r
  U2617/ZN (NAND4_X1)                                   0.0423     0.8875 f
  U1799/ZN (AND3_X1)                                    0.0429     0.9304 f
  U1763/ZN (OAI211_X1)                                  0.0486     0.9790 r
  U1759/ZN (NAND2_X1)                                   0.0401     1.0191 f
  U2343/ZN (OAI21_X1)                                   0.0623     1.0814 r
  U2281/ZN (NAND4_X1)                                   0.0564     1.1379 f
  U2056/ZN (AND2_X1)                                    0.0537     1.1916 f
  U13504/ZN (OR2_X2)                                    0.0633     1.2549 f
  U13507/ZN (NOR2_X1)                                   0.0394     1.2943 r
  DP_i_fetch_i_btb_i_clk_gate_btb_table_reg_14__TARGET_/EN (SNPS_CLOCK_GATE_HIGH_BTB_NBIT32_BTB_DEPTH16_BTB_INDEX_MSB5_4)
                                                        0.0000     1.2943 r
  DP_i_fetch_i_btb_i_clk_gate_btb_table_reg_14__TARGET_/latch/E (CLKGATETST_X1)
                                                        0.0091     1.3033 r
  data arrival time                                                1.3033

  clock CLK (rise edge)                                 1.1000     1.1000
  clock network delay (ideal)                           0.0500     1.1500
  clock uncertainty                                    -0.0500     1.1000
  DP_i_fetch_i_btb_i_clk_gate_btb_table_reg_14__TARGET_/latch/CK (CLKGATETST_X1)
                                                        0.0000     1.1000 r
  clock gating setup time                              -0.0735     1.0265
  data required time                                               1.0265
  --------------------------------------------------------------------------
  data required time                                               1.0265
  data arrival time                                               -1.3033
  --------------------------------------------------------------------------
  slack (VIOLATED)                                                -0.2768


  Startpoint: DP_i_mem_access_i_rd_out_reg_i_Y_reg_3_
              (rising edge-triggered flip-flop clocked by CLK)
  Endpoint: DP_i_fetch_i_btb_i_clk_gate_btb_table_reg_11__TARGET_/latch
            (gating element for clock CLK)
  Path Group: CLK
  Path Type: max

  Des/Clust/Port     Wire Load Model       Library
  ------------------------------------------------
  DLX                5K_hvratio_1_4        NangateOpenCellLibrary

  Point                                                   Incr       Path
  --------------------------------------------------------------------------
  clock CLK (rise edge)                                 0.0000     0.0000
  clock network delay (ideal)                           0.0500     0.0500
  DP_i_mem_access_i_rd_out_reg_i_Y_reg_3_/CK (DFF_X1)   0.0000     0.0500 r
  DP_i_mem_access_i_rd_out_reg_i_Y_reg_3_/Q (DFF_X1)    0.1085     0.1585 r
  U2892/ZN (XNOR2_X1)                                   0.0807     0.2392 r
  U1836/ZN (NAND4_X1)                                   0.0778     0.3170 f
  U3098/ZN (INV_X1)                                     0.0553     0.3722 r
  U3099/ZN (NOR2_X1)                                    0.0355     0.4077 f
  U2446/Z (BUF_X2)                                      0.0668     0.4745 f
  U3505/ZN (AND2_X1)                                    0.0625     0.5371 f
  U1080/ZN (OR2_X1)                                     0.0580     0.5951 f
  U1109/ZN (NOR3_X1)                                    0.0647     0.6598 r
  U1094/ZN (AND4_X2)                                    0.0719     0.7316 r
  U3590/ZN (AND4_X1)                                    0.0655     0.7972 r
  U2296/ZN (AND2_X1)                                    0.0480     0.8452 r
  U2617/ZN (NAND4_X1)                                   0.0423     0.8875 f
  U1799/ZN (AND3_X1)                                    0.0429     0.9304 f
  U1763/ZN (OAI211_X1)                                  0.0486     0.9790 r
  U1759/ZN (NAND2_X1)                                   0.0401     1.0191 f
  U2343/ZN (OAI21_X1)                                   0.0623     1.0814 r
  U2281/ZN (NAND4_X1)                                   0.0564     1.1379 f
  U2056/ZN (AND2_X1)                                    0.0537     1.1916 f
  U13511/ZN (OR2_X2)                                    0.0633     1.2549 f
  U13512/ZN (NOR2_X1)                                   0.0394     1.2943 r
  DP_i_fetch_i_btb_i_clk_gate_btb_table_reg_11__TARGET_/EN (SNPS_CLOCK_GATE_HIGH_BTB_NBIT32_BTB_DEPTH16_BTB_INDEX_MSB5_10)
                                                        0.0000     1.2943 r
  DP_i_fetch_i_btb_i_clk_gate_btb_table_reg_11__TARGET_/latch/E (CLKGATETST_X1)
                                                        0.0091     1.3033 r
  data arrival time                                                1.3033

  clock CLK (rise edge)                                 1.1000     1.1000
  clock network delay (ideal)                           0.0500     1.1500
  clock uncertainty                                    -0.0500     1.1000
  DP_i_fetch_i_btb_i_clk_gate_btb_table_reg_11__TARGET_/latch/CK (CLKGATETST_X1)
                                                        0.0000     1.1000 r
  clock gating setup time                              -0.0735     1.0265
  data required time                                               1.0265
  --------------------------------------------------------------------------
  data required time                                               1.0265
  data arrival time                                               -1.3033
  --------------------------------------------------------------------------
  slack (VIOLATED)                                                -0.2768


  Startpoint: DP_i_mem_access_i_rd_out_reg_i_Y_reg_3_
              (rising edge-triggered flip-flop clocked by CLK)
  Endpoint: DP_i_fetch_i_btb_i_clk_gate_btb_table_reg_15__TARGET_/latch
            (gating element for clock CLK)
  Path Group: CLK
  Path Type: max

  Des/Clust/Port     Wire Load Model       Library
  ------------------------------------------------
  DLX                5K_hvratio_1_4        NangateOpenCellLibrary

  Point                                                   Incr       Path
  --------------------------------------------------------------------------
  clock CLK (rise edge)                                 0.0000     0.0000
  clock network delay (ideal)                           0.0500     0.0500
  DP_i_mem_access_i_rd_out_reg_i_Y_reg_3_/CK (DFF_X1)   0.0000     0.0500 r
  DP_i_mem_access_i_rd_out_reg_i_Y_reg_3_/Q (DFF_X1)    0.1085     0.1585 r
  U2892/ZN (XNOR2_X1)                                   0.0807     0.2392 r
  U1836/ZN (NAND4_X1)                                   0.0778     0.3170 f
  U3098/ZN (INV_X1)                                     0.0553     0.3722 r
  U3099/ZN (NOR2_X1)                                    0.0355     0.4077 f
  U2446/Z (BUF_X2)                                      0.0668     0.4745 f
  U3505/ZN (AND2_X1)                                    0.0625     0.5371 f
  U1080/ZN (OR2_X1)                                     0.0580     0.5951 f
  U1109/ZN (NOR3_X1)                                    0.0647     0.6598 r
  U1094/ZN (AND4_X2)                                    0.0719     0.7316 r
  U3590/ZN (AND4_X1)                                    0.0655     0.7972 r
  U2296/ZN (AND2_X1)                                    0.0480     0.8452 r
  U2617/ZN (NAND4_X1)                                   0.0423     0.8875 f
  U1799/ZN (AND3_X1)                                    0.0429     0.9304 f
  U1763/ZN (OAI211_X1)                                  0.0486     0.9790 r
  U1759/ZN (NAND2_X1)                                   0.0401     1.0191 f
  U2343/ZN (OAI21_X1)                                   0.0623     1.0814 r
  U2281/ZN (NAND4_X1)                                   0.0564     1.1379 f
  U2056/ZN (AND2_X1)                                    0.0537     1.1916 f
  U13504/ZN (OR2_X2)                                    0.0633     1.2549 f
  U13505/ZN (NOR2_X1)                                   0.0394     1.2943 r
  DP_i_fetch_i_btb_i_clk_gate_btb_table_reg_15__TARGET_/EN (SNPS_CLOCK_GATE_HIGH_BTB_NBIT32_BTB_DEPTH16_BTB_INDEX_MSB5_2)
                                                        0.0000     1.2943 r
  DP_i_fetch_i_btb_i_clk_gate_btb_table_reg_15__TARGET_/latch/E (CLKGATETST_X1)
                                                        0.0091     1.3033 r
  data arrival time                                                1.3033

  clock CLK (rise edge)                                 1.1000     1.1000
  clock network delay (ideal)                           0.0500     1.1500
  clock uncertainty                                    -0.0500     1.1000
  DP_i_fetch_i_btb_i_clk_gate_btb_table_reg_15__TARGET_/latch/CK (CLKGATETST_X1)
                                                        0.0000     1.1000 r
  clock gating setup time                              -0.0735     1.0265
  data required time                                               1.0265
  --------------------------------------------------------------------------
  data required time                                               1.0265
  data arrival time                                               -1.3033
  --------------------------------------------------------------------------
  slack (VIOLATED)                                                -0.2768


  Startpoint: DRAM_READY (input port clocked by CLK)
  Endpoint: DP_i_decode_i_B_reg_i_Y_reg_25_
            (rising edge-triggered flip-flop clocked by CLK)
  Path Group: INPUTS
  Path Type: max

  Des/Clust/Port     Wire Load Model       Library
  ------------------------------------------------
  DLX                5K_hvratio_1_4        NangateOpenCellLibrary

  Point                                                   Incr       Path
  --------------------------------------------------------------------------
  clock CLK (rise edge)                                 0.0000     0.0000
  clock network delay (ideal)                           0.0500     0.0500
  input external delay                                  0.1100     0.1600 f
  DRAM_READY (in)                                       0.0027     0.1627 f
  U7709/ZN (INV_X1)                                     0.0267     0.1895 r
  U1677/ZN (NAND2_X1)                                   0.0577     0.2472 f
  U11896/ZN (AND2_X1)                                   0.0644     0.3116 f
  U11893/ZN (INV_X1)                                    0.0352     0.3468 r
  U12177/ZN (OR2_X1)                                    0.1750     0.5218 r
  U1447/ZN (INV_X8)                                     0.2102     0.7320 f
  U12766/ZN (AOI211_X1)                                 0.0759     0.8079 r
  U12768/ZN (NAND4_X1)                                  0.0455     0.8534 f
  DP_i_decode_i_B_reg_i_Y_reg_25_/D (DFF_X1)            0.0104     0.8638 f
  data arrival time                                                0.8638

  clock CLK (rise edge)                                 1.1000     1.1000
  clock network delay (ideal)                           0.0500     1.1500
  clock uncertainty                                    -0.0500     1.1000
  DP_i_decode_i_B_reg_i_Y_reg_25_/CK (DFF_X1)           0.0000     1.1000 r
  library setup time                                   -0.0293     1.0707
  data required time                                               1.0707
  --------------------------------------------------------------------------
  data required time                                               1.0707
  data arrival time                                               -0.8638
  --------------------------------------------------------------------------
  slack (MET)                                                      0.2069


  Startpoint: DRAM_READY (input port clocked by CLK)
  Endpoint: DP_i_decode_i_B_reg_i_Y_reg_23_
            (rising edge-triggered flip-flop clocked by CLK)
  Path Group: INPUTS
  Path Type: max

  Des/Clust/Port     Wire Load Model       Library
  ------------------------------------------------
  DLX                5K_hvratio_1_4        NangateOpenCellLibrary

  Point                                                   Incr       Path
  --------------------------------------------------------------------------
  clock CLK (rise edge)                                 0.0000     0.0000
  clock network delay (ideal)                           0.0500     0.0500
  input external delay                                  0.1100     0.1600 f
  DRAM_READY (in)                                       0.0027     0.1627 f
  U7709/ZN (INV_X1)                                     0.0267     0.1895 r
  U1677/ZN (NAND2_X1)                                   0.0577     0.2472 f
  U11896/ZN (AND2_X1)                                   0.0644     0.3116 f
  U11893/ZN (INV_X1)                                    0.0352     0.3468 r
  U12177/ZN (OR2_X1)                                    0.1750     0.5218 r
  U1447/ZN (INV_X8)                                     0.2102     0.7320 f
  U13020/ZN (AOI211_X1)                                 0.0759     0.8079 r
  U13022/ZN (NAND4_X1)                                  0.0454     0.8532 f
  DP_i_decode_i_B_reg_i_Y_reg_23_/D (DFF_X1)            0.0104     0.8637 f
  data arrival time                                                0.8637

  clock CLK (rise edge)                                 1.1000     1.1000
  clock network delay (ideal)                           0.0500     1.1500
  clock uncertainty                                    -0.0500     1.1000
  DP_i_decode_i_B_reg_i_Y_reg_23_/CK (DFF_X1)           0.0000     1.1000 r
  library setup time                                   -0.0293     1.0707
  data required time                                               1.0707
  --------------------------------------------------------------------------
  data required time                                               1.0707
  data arrival time                                               -0.8637
  --------------------------------------------------------------------------
  slack (MET)                                                      0.2071


  Startpoint: DRAM_READY (input port clocked by CLK)
  Endpoint: DP_i_decode_i_B_reg_i_Y_reg_28_
            (rising edge-triggered flip-flop clocked by CLK)
  Path Group: INPUTS
  Path Type: max

  Des/Clust/Port     Wire Load Model       Library
  ------------------------------------------------
  DLX                5K_hvratio_1_4        NangateOpenCellLibrary

  Point                                                   Incr       Path
  --------------------------------------------------------------------------
  clock CLK (rise edge)                                 0.0000     0.0000
  clock network delay (ideal)                           0.0500     0.0500
  input external delay                                  0.1100     0.1600 f
  DRAM_READY (in)                                       0.0027     0.1627 f
  U7709/ZN (INV_X1)                                     0.0267     0.1895 r
  U1677/ZN (NAND2_X1)                                   0.0577     0.2472 f
  U11896/ZN (AND2_X1)                                   0.0644     0.3116 f
  U11893/ZN (INV_X1)                                    0.0352     0.3468 r
  U12177/ZN (OR2_X1)                                    0.1750     0.5218 r
  U1447/ZN (INV_X8)                                     0.2102     0.7320 f
  U12898/ZN (AOI211_X1)                                 0.0759     0.8079 r
  U12900/ZN (NAND4_X1)                                  0.0453     0.8532 f
  DP_i_decode_i_B_reg_i_Y_reg_28_/D (DFF_X1)            0.0104     0.8636 f
  data arrival time                                                0.8636

  clock CLK (rise edge)                                 1.1000     1.1000
  clock network delay (ideal)                           0.0500     1.1500
  clock uncertainty                                    -0.0500     1.1000
  DP_i_decode_i_B_reg_i_Y_reg_28_/CK (DFF_X1)           0.0000     1.1000 r
  library setup time                                   -0.0293     1.0707
  data required time                                               1.0707
  --------------------------------------------------------------------------
  data required time                                               1.0707
  data arrival time                                               -0.8636
  --------------------------------------------------------------------------
  slack (MET)                                                      0.2071


  Startpoint: DRAM_READY (input port clocked by CLK)
  Endpoint: DP_i_decode_i_B_reg_i_Y_reg_29_
            (rising edge-triggered flip-flop clocked by CLK)
  Path Group: INPUTS
  Path Type: max

  Des/Clust/Port     Wire Load Model       Library
  ------------------------------------------------
  DLX                5K_hvratio_1_4        NangateOpenCellLibrary

  Point                                                   Incr       Path
  --------------------------------------------------------------------------
  clock CLK (rise edge)                                 0.0000     0.0000
  clock network delay (ideal)                           0.0500     0.0500
  input external delay                                  0.1100     0.1600 f
  DRAM_READY (in)                                       0.0027     0.1627 f
  U7709/ZN (INV_X1)                                     0.0267     0.1895 r
  U1677/ZN (NAND2_X1)                                   0.0577     0.2472 f
  U11896/ZN (AND2_X1)                                   0.0644     0.3116 f
  U11893/ZN (INV_X1)                                    0.0352     0.3468 r
  U12177/ZN (OR2_X1)                                    0.1750     0.5218 r
  U1447/ZN (INV_X8)                                     0.2102     0.7320 f
  U12950/ZN (AOI211_X1)                                 0.0759     0.8079 r
  U12952/ZN (NAND4_X1)                                  0.0453     0.8531 f
  DP_i_decode_i_B_reg_i_Y_reg_29_/D (DFF_X1)            0.0104     0.8636 f
  data arrival time                                                0.8636

  clock CLK (rise edge)                                 1.1000     1.1000
  clock network delay (ideal)                           0.0500     1.1500
  clock uncertainty                                    -0.0500     1.1000
  DP_i_decode_i_B_reg_i_Y_reg_29_/CK (DFF_X1)           0.0000     1.1000 r
  library setup time                                   -0.0293     1.0707
  data required time                                               1.0707
  --------------------------------------------------------------------------
  data required time                                               1.0707
  data arrival time                                               -0.8636
  --------------------------------------------------------------------------
  slack (MET)                                                      0.2072


  Startpoint: DRAM_READY (input port clocked by CLK)
  Endpoint: DP_i_decode_i_B_reg_i_Y_reg_30_
            (rising edge-triggered flip-flop clocked by CLK)
  Path Group: INPUTS
  Path Type: max

  Des/Clust/Port     Wire Load Model       Library
  ------------------------------------------------
  DLX                5K_hvratio_1_4        NangateOpenCellLibrary

  Point                                                   Incr       Path
  --------------------------------------------------------------------------
  clock CLK (rise edge)                                 0.0000     0.0000
  clock network delay (ideal)                           0.0500     0.0500
  input external delay                                  0.1100     0.1600 f
  DRAM_READY (in)                                       0.0027     0.1627 f
  U7709/ZN (INV_X1)                                     0.0267     0.1895 r
  U1677/ZN (NAND2_X1)                                   0.0577     0.2472 f
  U11896/ZN (AND2_X1)                                   0.0644     0.3116 f
  U11893/ZN (INV_X1)                                    0.0352     0.3468 r
  U12177/ZN (OR2_X1)                                    0.1750     0.5218 r
  U1447/ZN (INV_X8)                                     0.2102     0.7320 f
  U12961/ZN (AOI211_X1)                                 0.0759     0.8079 r
  U12963/ZN (NAND4_X1)                                  0.0452     0.8531 f
  DP_i_decode_i_B_reg_i_Y_reg_30_/D (DFF_X1)            0.0104     0.8635 f
  data arrival time                                                0.8635

  clock CLK (rise edge)                                 1.1000     1.1000
  clock network delay (ideal)                           0.0500     1.1500
  clock uncertainty                                    -0.0500     1.1000
  DP_i_decode_i_B_reg_i_Y_reg_30_/CK (DFF_X1)           0.0000     1.1000 r
  library setup time                                   -0.0293     1.0707
  data required time                                               1.0707
  --------------------------------------------------------------------------
  data required time                                               1.0707
  data arrival time                                               -0.8635
  --------------------------------------------------------------------------
  slack (MET)                                                      0.2072


  Startpoint: DRAM_READY (input port clocked by CLK)
  Endpoint: DP_i_decode_i_B_reg_i_Y_reg_22_
            (rising edge-triggered flip-flop clocked by CLK)
  Path Group: INPUTS
  Path Type: max

  Des/Clust/Port     Wire Load Model       Library
  ------------------------------------------------
  DLX                5K_hvratio_1_4        NangateOpenCellLibrary

  Point                                                   Incr       Path
  --------------------------------------------------------------------------
  clock CLK (rise edge)                                 0.0000     0.0000
  clock network delay (ideal)                           0.0500     0.0500
  input external delay                                  0.1100     0.1600 f
  DRAM_READY (in)                                       0.0027     0.1627 f
  U7709/ZN (INV_X1)                                     0.0267     0.1895 r
  U1677/ZN (NAND2_X1)                                   0.0577     0.2472 f
  U11896/ZN (AND2_X1)                                   0.0644     0.3116 f
  U11893/ZN (INV_X1)                                    0.0352     0.3468 r
  U12177/ZN (OR2_X1)                                    0.1750     0.5218 r
  U1447/ZN (INV_X8)                                     0.2102     0.7320 f
  U12835/ZN (AOI211_X1)                                 0.0759     0.8079 r
  U12837/ZN (NAND4_X1)                                  0.0452     0.8531 f
  DP_i_decode_i_B_reg_i_Y_reg_22_/D (DFF_X1)            0.0104     0.8635 f
  data arrival time                                                0.8635

  clock CLK (rise edge)                                 1.1000     1.1000
  clock network delay (ideal)                           0.0500     1.1500
  clock uncertainty                                    -0.0500     1.1000
  DP_i_decode_i_B_reg_i_Y_reg_22_/CK (DFF_X1)           0.0000     1.1000 r
  library setup time                                   -0.0293     1.0707
  data required time                                               1.0707
  --------------------------------------------------------------------------
  data required time                                               1.0707
  data arrival time                                               -0.8635
  --------------------------------------------------------------------------
  slack (MET)                                                      0.2072


  Startpoint: DRAM_READY (input port clocked by CLK)
  Endpoint: DP_i_decode_i_B_reg_i_Y_reg_21_
            (rising edge-triggered flip-flop clocked by CLK)
  Path Group: INPUTS
  Path Type: max

  Des/Clust/Port     Wire Load Model       Library
  ------------------------------------------------
  DLX                5K_hvratio_1_4        NangateOpenCellLibrary

  Point                                                   Incr       Path
  --------------------------------------------------------------------------
  clock CLK (rise edge)                                 0.0000     0.0000
  clock network delay (ideal)                           0.0500     0.0500
  input external delay                                  0.1100     0.1600 f
  DRAM_READY (in)                                       0.0027     0.1627 f
  U7709/ZN (INV_X1)                                     0.0267     0.1895 r
  U1677/ZN (NAND2_X1)                                   0.0577     0.2472 f
  U11896/ZN (AND2_X1)                                   0.0644     0.3116 f
  U11893/ZN (INV_X1)                                    0.0352     0.3468 r
  U12177/ZN (OR2_X1)                                    0.1750     0.5218 r
  U1447/ZN (INV_X8)                                     0.2102     0.7320 f
  U12847/ZN (AOI211_X1)                                 0.0759     0.8079 r
  U12849/ZN (NAND4_X1)                                  0.0452     0.8531 f
  DP_i_decode_i_B_reg_i_Y_reg_21_/D (DFF_X1)            0.0104     0.8635 f
  data arrival time                                                0.8635

  clock CLK (rise edge)                                 1.1000     1.1000
  clock network delay (ideal)                           0.0500     1.1500
  clock uncertainty                                    -0.0500     1.1000
  DP_i_decode_i_B_reg_i_Y_reg_21_/CK (DFF_X1)           0.0000     1.1000 r
  library setup time                                   -0.0292     1.0708
  data required time                                               1.0708
  --------------------------------------------------------------------------
  data required time                                               1.0708
  data arrival time                                               -0.8635
  --------------------------------------------------------------------------
  slack (MET)                                                      0.2073


  Startpoint: DRAM_READY (input port clocked by CLK)
  Endpoint: DP_i_decode_i_B_reg_i_Y_reg_26_
            (rising edge-triggered flip-flop clocked by CLK)
  Path Group: INPUTS
  Path Type: max

  Des/Clust/Port     Wire Load Model       Library
  ------------------------------------------------
  DLX                5K_hvratio_1_4        NangateOpenCellLibrary

  Point                                                   Incr       Path
  --------------------------------------------------------------------------
  clock CLK (rise edge)                                 0.0000     0.0000
  clock network delay (ideal)                           0.0500     0.0500
  input external delay                                  0.1100     0.1600 f
  DRAM_READY (in)                                       0.0027     0.1627 f
  U7709/ZN (INV_X1)                                     0.0267     0.1895 r
  U1677/ZN (NAND2_X1)                                   0.0577     0.2472 f
  U11896/ZN (AND2_X1)                                   0.0644     0.3116 f
  U11893/ZN (INV_X1)                                    0.0352     0.3468 r
  U12177/ZN (OR2_X1)                                    0.1750     0.5218 r
  U1447/ZN (INV_X8)                                     0.2102     0.7320 f
  U12877/ZN (AOI211_X1)                                 0.0759     0.8079 r
  U12879/ZN (NAND4_X1)                                  0.0452     0.8531 f
  DP_i_decode_i_B_reg_i_Y_reg_26_/D (DFF_X1)            0.0104     0.8635 f
  data arrival time                                                0.8635

  clock CLK (rise edge)                                 1.1000     1.1000
  clock network delay (ideal)                           0.0500     1.1500
  clock uncertainty                                    -0.0500     1.1000
  DP_i_decode_i_B_reg_i_Y_reg_26_/CK (DFF_X1)           0.0000     1.1000 r
  library setup time                                   -0.0292     1.0708
  data required time                                               1.0708
  --------------------------------------------------------------------------
  data required time                                               1.0708
  data arrival time                                               -0.8635
  --------------------------------------------------------------------------
  slack (MET)                                                      0.2073


  Startpoint: DRAM_READY (input port clocked by CLK)
  Endpoint: DP_i_decode_i_B_reg_i_Y_reg_20_
            (rising edge-triggered flip-flop clocked by CLK)
  Path Group: INPUTS
  Path Type: max

  Des/Clust/Port     Wire Load Model       Library
  ------------------------------------------------
  DLX                5K_hvratio_1_4        NangateOpenCellLibrary

  Point                                                   Incr       Path
  --------------------------------------------------------------------------
  clock CLK (rise edge)                                 0.0000     0.0000
  clock network delay (ideal)                           0.0500     0.0500
  input external delay                                  0.1100     0.1600 f
  DRAM_READY (in)                                       0.0027     0.1627 f
  U7709/ZN (INV_X1)                                     0.0267     0.1895 r
  U1677/ZN (NAND2_X1)                                   0.0577     0.2472 f
  U11896/ZN (AND2_X1)                                   0.0644     0.3116 f
  U11893/ZN (INV_X1)                                    0.0352     0.3468 r
  U12177/ZN (OR2_X1)                                    0.1750     0.5218 r
  U1447/ZN (INV_X8)                                     0.2102     0.7320 f
  U12868/ZN (AOI211_X1)                                 0.0759     0.8079 r
  U12870/ZN (NAND4_X1)                                  0.0452     0.8530 f
  DP_i_decode_i_B_reg_i_Y_reg_20_/D (DFF_X1)            0.0104     0.8634 f
  data arrival time                                                0.8634

  clock CLK (rise edge)                                 1.1000     1.1000
  clock network delay (ideal)                           0.0500     1.1500
  clock uncertainty                                    -0.0500     1.1000
  DP_i_decode_i_B_reg_i_Y_reg_20_/CK (DFF_X1)           0.0000     1.1000 r
  library setup time                                   -0.0292     1.0708
  data required time                                               1.0708
  --------------------------------------------------------------------------
  data required time                                               1.0708
  data arrival time                                               -0.8634
  --------------------------------------------------------------------------
  slack (MET)                                                      0.2073


  Startpoint: DRAM_READY (input port clocked by CLK)
  Endpoint: DP_i_decode_i_B_reg_i_Y_reg_31_
            (rising edge-triggered flip-flop clocked by CLK)
  Path Group: INPUTS
  Path Type: max

  Des/Clust/Port     Wire Load Model       Library
  ------------------------------------------------
  DLX                5K_hvratio_1_4        NangateOpenCellLibrary

  Point                                                   Incr       Path
  --------------------------------------------------------------------------
  clock CLK (rise edge)                                 0.0000     0.0000
  clock network delay (ideal)                           0.0500     0.0500
  input external delay                                  0.1100     0.1600 f
  DRAM_READY (in)                                       0.0027     0.1627 f
  U7709/ZN (INV_X1)                                     0.0267     0.1895 r
  U1677/ZN (NAND2_X1)                                   0.0577     0.2472 f
  U11896/ZN (AND2_X1)                                   0.0644     0.3116 f
  U11893/ZN (INV_X1)                                    0.0352     0.3468 r
  U12177/ZN (OR2_X1)                                    0.1750     0.5218 r
  U1447/ZN (INV_X8)                                     0.2102     0.7320 f
  U13100/ZN (AOI211_X1)                                 0.0759     0.8079 r
  U13102/ZN (NAND4_X1)                                  0.0452     0.8530 f
  DP_i_decode_i_B_reg_i_Y_reg_31_/D (DFF_X1)            0.0104     0.8634 f
  data arrival time                                                0.8634

  clock CLK (rise edge)                                 1.1000     1.1000
  clock network delay (ideal)                           0.0500     1.1500
  clock uncertainty                                    -0.0500     1.1000
  DP_i_decode_i_B_reg_i_Y_reg_31_/CK (DFF_X1)           0.0000     1.1000 r
  library setup time                                   -0.0292     1.0708
  data required time                                               1.0708
  --------------------------------------------------------------------------
  data required time                                               1.0708
  data arrival time                                               -0.8634
  --------------------------------------------------------------------------
  slack (MET)                                                      0.2073


  Startpoint: DP_i_fetch_i_IR_out_reg_22_
              (rising edge-triggered flip-flop clocked by CLK)
  Endpoint: IRAM_ISSUE (output port clocked by CLK)
  Path Group: OUTPUTS
  Path Type: max

  Des/Clust/Port     Wire Load Model       Library
  ------------------------------------------------
  DLX                5K_hvratio_1_4        NangateOpenCellLibrary

  Point                                                   Incr       Path
  --------------------------------------------------------------------------
  clock CLK (rise edge)                                 0.0000     0.0000
  clock network delay (ideal)                           0.0500     0.0500
  DP_i_fetch_i_IR_out_reg_22_/CK (DFF_X1)               0.0000     0.0500 r
  DP_i_fetch_i_IR_out_reg_22_/QN (DFF_X1)               0.0846     0.1346 r
  U2891/ZN (XNOR2_X1)                                   0.0660     0.2005 r
  U1157/ZN (AND2_X1)                                    0.0517     0.2522 r
  U1912/ZN (NAND4_X1)                                   0.0530     0.3053 f
  U1154/Z (BUF_X2)                                      0.0543     0.3596 f
  U1143/Z (BUF_X1)                                      0.0480     0.4076 f
  U1014/Z (BUF_X1)                                      0.0421     0.4497 f
  U3060/ZN (NAND3_X1)                                   0.0313     0.4809 r
  U1322/ZN (AND4_X2)                                    0.0653     0.5463 r
  U1002/ZN (AND2_X1)                                    0.0435     0.5898 r
  U1320/ZN (NAND3_X1)                                   0.0397     0.6295 f
  U2434/ZN (NAND2_X1)                                   0.0379     0.6674 r
  U2304/ZN (NAND4_X1)                                   0.0409     0.7084 f
  U2632/ZN (NAND2_X1)                                   0.0400     0.7484 r
  U1046/ZN (AND2_X1)                                    0.0564     0.8048 r
  U2571/Z (MUX2_X1)                                     0.0856     0.8904 f
  U2570/ZN (OAI211_X1)                                  0.0464     0.9368 r
  U7707/ZN (NAND2_X1)                                   0.0286     0.9653 f
  U2315/ZN (AND2_X1)                                    0.0398     1.0051 f
  U2312/ZN (NAND2_X1)                                   0.0312     1.0363 r
  U2313/ZN (NAND2_X1)                                   0.0259     1.0622 f
  IRAM_ISSUE (out)                                      0.0030     1.0652 f
  data arrival time                                                1.0652

  clock CLK (rise edge)                                 1.1000     1.1000
  clock network delay (ideal)                           0.0500     1.1500
  clock uncertainty                                    -0.0500     1.1000
  output external delay                                -0.1100     0.9900
  data required time                                               0.9900
  --------------------------------------------------------------------------
  data required time                                               0.9900
  data arrival time                                               -1.0652
  --------------------------------------------------------------------------
  slack (VIOLATED)                                                -0.0752


  Startpoint: DP_i_mem_access_i_rd_out_reg_i_Y_reg_1_
              (rising edge-triggered flip-flop clocked by CLK)
  Endpoint: IRAM_ISSUE (output port clocked by CLK)
  Path Group: OUTPUTS
  Path Type: max

  Des/Clust/Port     Wire Load Model       Library
  ------------------------------------------------
  DLX                5K_hvratio_1_4        NangateOpenCellLibrary

  Point                                                   Incr       Path
  --------------------------------------------------------------------------
  clock CLK (rise edge)                                 0.0000     0.0000
  clock network delay (ideal)                           0.0500     0.0500
  DP_i_mem_access_i_rd_out_reg_i_Y_reg_1_/CK (DFF_X1)   0.0000     0.0500 r
  DP_i_mem_access_i_rd_out_reg_i_Y_reg_1_/QN (DFF_X1)   0.0870     0.1370 r
  U2891/ZN (XNOR2_X1)                                   0.0634     0.2004 r
  U1157/ZN (AND2_X1)                                    0.0517     0.2521 r
  U1912/ZN (NAND4_X1)                                   0.0530     0.3051 f
  U1154/Z (BUF_X2)                                      0.0543     0.3595 f
  U1143/Z (BUF_X1)                                      0.0480     0.4074 f
  U1014/Z (BUF_X1)                                      0.0421     0.4496 f
  U3060/ZN (NAND3_X1)                                   0.0313     0.4808 r
  U1322/ZN (AND4_X2)                                    0.0653     0.5462 r
  U1002/ZN (AND2_X1)                                    0.0435     0.5897 r
  U1320/ZN (NAND3_X1)                                   0.0397     0.6294 f
  U2434/ZN (NAND2_X1)                                   0.0379     0.6673 r
  U2304/ZN (NAND4_X1)                                   0.0409     0.7082 f
  U2632/ZN (NAND2_X1)                                   0.0400     0.7483 r
  U1046/ZN (AND2_X1)                                    0.0564     0.8047 r
  U2571/Z (MUX2_X1)                                     0.0856     0.8903 f
  U2570/ZN (OAI211_X1)                                  0.0464     0.9366 r
  U7707/ZN (NAND2_X1)                                   0.0286     0.9652 f
  U2315/ZN (AND2_X1)                                    0.0398     1.0050 f
  U2312/ZN (NAND2_X1)                                   0.0312     1.0362 r
  U2313/ZN (NAND2_X1)                                   0.0259     1.0621 f
  IRAM_ISSUE (out)                                      0.0030     1.0651 f
  data arrival time                                                1.0651

  clock CLK (rise edge)                                 1.1000     1.1000
  clock network delay (ideal)                           0.0500     1.1500
  clock uncertainty                                    -0.0500     1.1000
  output external delay                                -0.1100     0.9900
  data required time                                               0.9900
  --------------------------------------------------------------------------
  data required time                                               0.9900
  data arrival time                                               -1.0651
  --------------------------------------------------------------------------
  slack (VIOLATED)                                                -0.0751


  Startpoint: DP_i_mem_access_i_rd_out_reg_i_Y_reg_4_
              (rising edge-triggered flip-flop clocked by CLK)
  Endpoint: DRAM_DATA[31]
            (output port clocked by CLK)
  Path Group: OUTPUTS
  Path Type: max

  Des/Clust/Port     Wire Load Model       Library
  ------------------------------------------------
  DLX                5K_hvratio_1_4        NangateOpenCellLibrary

  Point                                                   Incr       Path
  --------------------------------------------------------------------------
  clock CLK (rise edge)                                 0.0000     0.0000
  clock network delay (ideal)                           0.0500     0.0500
  DP_i_mem_access_i_rd_out_reg_i_Y_reg_4_/CK (DFF_X1)   0.0000     0.0500 r
  DP_i_mem_access_i_rd_out_reg_i_Y_reg_4_/Q (DFF_X1)    0.1109     0.1609 r
  U1386/Z (BUF_X1)                                      0.0625     0.2234 r
  U7845/ZN (XNOR2_X1)                                   0.0730     0.2964 r
  U7847/ZN (AND2_X1)                                    0.0413     0.3377 r
  U7850/ZN (AND4_X1)                                    0.1337     0.4715 r
  U7853/ZN (INV_X1)                                     0.0507     0.5222 f
  U7854/ZN (NOR2_X1)                                    0.1042     0.6264 r
  U7882/ZN (INV_X1)                                     0.0695     0.6959 f
  U7913/ZN (OR2_X1)                                     0.0739     0.7698 f
  U7914/ZN (AND2_X1)                                    0.0425     0.8122 f
  U2225/ZN (NOR2_X1)                                    0.0395     0.8518 r
  DRAM_DATA_tri_31_/Z (TBUF_X1)                         0.0605     0.9123 r
  DRAM_DATA[31] (inout)                                 0.0048     0.9171 r
  data arrival time                                                0.9171

  clock CLK (rise edge)                                 1.1000     1.1000
  clock network delay (ideal)                           0.0500     1.1500
  clock uncertainty                                    -0.0500     1.1000
  output external delay                                -0.1100     0.9900
  data required time                                               0.9900
  --------------------------------------------------------------------------
  data required time                                               0.9900
  data arrival time                                               -0.9171
  --------------------------------------------------------------------------
  slack (MET)                                                      0.0729


  Startpoint: DP_i_mem_access_i_rd_out_reg_i_Y_reg_4_
              (rising edge-triggered flip-flop clocked by CLK)
  Endpoint: DRAM_DATA[30]
            (output port clocked by CLK)
  Path Group: OUTPUTS
  Path Type: max

  Des/Clust/Port     Wire Load Model       Library
  ------------------------------------------------
  DLX                5K_hvratio_1_4        NangateOpenCellLibrary

  Point                                                   Incr       Path
  --------------------------------------------------------------------------
  clock CLK (rise edge)                                 0.0000     0.0000
  clock network delay (ideal)                           0.0500     0.0500
  DP_i_mem_access_i_rd_out_reg_i_Y_reg_4_/CK (DFF_X1)   0.0000     0.0500 r
  DP_i_mem_access_i_rd_out_reg_i_Y_reg_4_/Q (DFF_X1)    0.1109     0.1609 r
  U1386/Z (BUF_X1)                                      0.0625     0.2234 r
  U7845/ZN (XNOR2_X1)                                   0.0730     0.2964 r
  U7847/ZN (AND2_X1)                                    0.0413     0.3377 r
  U7850/ZN (AND4_X1)                                    0.1337     0.4715 r
  U7853/ZN (INV_X1)                                     0.0507     0.5222 f
  U7854/ZN (NOR2_X1)                                    0.1042     0.6264 r
  U7882/ZN (INV_X1)                                     0.0695     0.6959 f
  U7883/ZN (OR2_X1)                                     0.0739     0.7698 f
  U7884/ZN (AND2_X1)                                    0.0425     0.8122 f
  U9972/ZN (NOR2_X1)                                    0.0395     0.8518 r
  DRAM_DATA_tri_30_/Z (TBUF_X1)                         0.0604     0.9122 r
  DRAM_DATA[30] (inout)                                 0.0048     0.9170 r
  data arrival time                                                0.9170

  clock CLK (rise edge)                                 1.1000     1.1000
  clock network delay (ideal)                           0.0500     1.1500
  clock uncertainty                                    -0.0500     1.1000
  output external delay                                -0.1100     0.9900
  data required time                                               0.9900
  --------------------------------------------------------------------------
  data required time                                               0.9900
  data arrival time                                               -0.9170
  --------------------------------------------------------------------------
  slack (MET)                                                      0.0730


  Startpoint: DP_i_mem_access_i_rd_out_reg_i_Y_reg_4_
              (rising edge-triggered flip-flop clocked by CLK)
  Endpoint: DRAM_DATA[29]
            (output port clocked by CLK)
  Path Group: OUTPUTS
  Path Type: max

  Des/Clust/Port     Wire Load Model       Library
  ------------------------------------------------
  DLX                5K_hvratio_1_4        NangateOpenCellLibrary

  Point                                                   Incr       Path
  --------------------------------------------------------------------------
  clock CLK (rise edge)                                 0.0000     0.0000
  clock network delay (ideal)                           0.0500     0.0500
  DP_i_mem_access_i_rd_out_reg_i_Y_reg_4_/CK (DFF_X1)   0.0000     0.0500 r
  DP_i_mem_access_i_rd_out_reg_i_Y_reg_4_/Q (DFF_X1)    0.1109     0.1609 r
  U1386/Z (BUF_X1)                                      0.0625     0.2234 r
  U7845/ZN (XNOR2_X1)                                   0.0730     0.2964 r
  U7847/ZN (AND2_X1)                                    0.0413     0.3377 r
  U7850/ZN (AND4_X1)                                    0.1337     0.4715 r
  U7853/ZN (INV_X1)                                     0.0507     0.5222 f
  U7854/ZN (NOR2_X1)                                    0.1042     0.6264 r
  U7882/ZN (INV_X1)                                     0.0695     0.6959 f
  U7901/ZN (OR2_X1)                                     0.0739     0.7698 f
  U7902/ZN (AND2_X1)                                    0.0425     0.8122 f
  U2226/ZN (NOR2_X1)                                    0.0395     0.8518 r
  DRAM_DATA_tri_29_/Z (TBUF_X1)                         0.0604     0.9122 r
  DRAM_DATA[29] (inout)                                 0.0048     0.9170 r
  data arrival time                                                0.9170

  clock CLK (rise edge)                                 1.1000     1.1000
  clock network delay (ideal)                           0.0500     1.1500
  clock uncertainty                                    -0.0500     1.1000
  output external delay                                -0.1100     0.9900
  data required time                                               0.9900
  --------------------------------------------------------------------------
  data required time                                               0.9900
  data arrival time                                               -0.9170
  --------------------------------------------------------------------------
  slack (MET)                                                      0.0730


  Startpoint: DP_i_mem_access_i_rd_out_reg_i_Y_reg_4_
              (rising edge-triggered flip-flop clocked by CLK)
  Endpoint: DRAM_DATA[28]
            (output port clocked by CLK)
  Path Group: OUTPUTS
  Path Type: max

  Des/Clust/Port     Wire Load Model       Library
  ------------------------------------------------
  DLX                5K_hvratio_1_4        NangateOpenCellLibrary

  Point                                                   Incr       Path
  --------------------------------------------------------------------------
  clock CLK (rise edge)                                 0.0000     0.0000
  clock network delay (ideal)                           0.0500     0.0500
  DP_i_mem_access_i_rd_out_reg_i_Y_reg_4_/CK (DFF_X1)   0.0000     0.0500 r
  DP_i_mem_access_i_rd_out_reg_i_Y_reg_4_/Q (DFF_X1)    0.1109     0.1609 r
  U1386/Z (BUF_X1)                                      0.0625     0.2234 r
  U7845/ZN (XNOR2_X1)                                   0.0730     0.2964 r
  U7847/ZN (AND2_X1)                                    0.0413     0.3377 r
  U7850/ZN (AND4_X1)                                    0.1337     0.4715 r
  U7853/ZN (INV_X1)                                     0.0507     0.5222 f
  U7854/ZN (NOR2_X1)                                    0.1042     0.6264 r
  U7882/ZN (INV_X1)                                     0.0695     0.6959 f
  U7907/ZN (OR2_X1)                                     0.0739     0.7698 f
  U7908/ZN (AND2_X1)                                    0.0425     0.8122 f
  U2227/ZN (NOR2_X1)                                    0.0395     0.8518 r
  DRAM_DATA_tri_28_/Z (TBUF_X1)                         0.0604     0.9122 r
  DRAM_DATA[28] (inout)                                 0.0048     0.9170 r
  data arrival time                                                0.9170

  clock CLK (rise edge)                                 1.1000     1.1000
  clock network delay (ideal)                           0.0500     1.1500
  clock uncertainty                                    -0.0500     1.1000
  output external delay                                -0.1100     0.9900
  data required time                                               0.9900
  --------------------------------------------------------------------------
  data required time                                               0.9900
  data arrival time                                               -0.9170
  --------------------------------------------------------------------------
  slack (MET)                                                      0.0730


  Startpoint: DP_i_mem_access_i_rd_out_reg_i_Y_reg_4_
              (rising edge-triggered flip-flop clocked by CLK)
  Endpoint: DRAM_DATA[27]
            (output port clocked by CLK)
  Path Group: OUTPUTS
  Path Type: max

  Des/Clust/Port     Wire Load Model       Library
  ------------------------------------------------
  DLX                5K_hvratio_1_4        NangateOpenCellLibrary

  Point                                                   Incr       Path
  --------------------------------------------------------------------------
  clock CLK (rise edge)                                 0.0000     0.0000
  clock network delay (ideal)                           0.0500     0.0500
  DP_i_mem_access_i_rd_out_reg_i_Y_reg_4_/CK (DFF_X1)   0.0000     0.0500 r
  DP_i_mem_access_i_rd_out_reg_i_Y_reg_4_/Q (DFF_X1)    0.1109     0.1609 r
  U1386/Z (BUF_X1)                                      0.0625     0.2234 r
  U7845/ZN (XNOR2_X1)                                   0.0730     0.2964 r
  U7847/ZN (AND2_X1)                                    0.0413     0.3377 r
  U7850/ZN (AND4_X1)                                    0.1337     0.4715 r
  U7853/ZN (INV_X1)                                     0.0507     0.5222 f
  U7854/ZN (NOR2_X1)                                    0.1042     0.6264 r
  U7882/ZN (INV_X1)                                     0.0695     0.6959 f
  U7910/ZN (OR2_X1)                                     0.0739     0.7698 f
  U7911/ZN (AND2_X1)                                    0.0425     0.8122 f
  U2228/ZN (NOR2_X1)                                    0.0395     0.8518 r
  DRAM_DATA_tri_27_/Z (TBUF_X1)                         0.0604     0.9122 r
  DRAM_DATA[27] (inout)                                 0.0048     0.9170 r
  data arrival time                                                0.9170

  clock CLK (rise edge)                                 1.1000     1.1000
  clock network delay (ideal)                           0.0500     1.1500
  clock uncertainty                                    -0.0500     1.1000
  output external delay                                -0.1100     0.9900
  data required time                                               0.9900
  --------------------------------------------------------------------------
  data required time                                               0.9900
  data arrival time                                               -0.9170
  --------------------------------------------------------------------------
  slack (MET)                                                      0.0730


  Startpoint: DP_i_mem_access_i_rd_out_reg_i_Y_reg_4_
              (rising edge-triggered flip-flop clocked by CLK)
  Endpoint: DRAM_DATA[26]
            (output port clocked by CLK)
  Path Group: OUTPUTS
  Path Type: max

  Des/Clust/Port     Wire Load Model       Library
  ------------------------------------------------
  DLX                5K_hvratio_1_4        NangateOpenCellLibrary

  Point                                                   Incr       Path
  --------------------------------------------------------------------------
  clock CLK (rise edge)                                 0.0000     0.0000
  clock network delay (ideal)                           0.0500     0.0500
  DP_i_mem_access_i_rd_out_reg_i_Y_reg_4_/CK (DFF_X1)   0.0000     0.0500 r
  DP_i_mem_access_i_rd_out_reg_i_Y_reg_4_/Q (DFF_X1)    0.1109     0.1609 r
  U1386/Z (BUF_X1)                                      0.0625     0.2234 r
  U7845/ZN (XNOR2_X1)                                   0.0730     0.2964 r
  U7847/ZN (AND2_X1)                                    0.0413     0.3377 r
  U7850/ZN (AND4_X1)                                    0.1337     0.4715 r
  U7853/ZN (INV_X1)                                     0.0507     0.5222 f
  U7854/ZN (NOR2_X1)                                    0.1042     0.6264 r
  U7882/ZN (INV_X1)                                     0.0695     0.6959 f
  U7904/ZN (OR2_X1)                                     0.0739     0.7698 f
  U7905/ZN (AND2_X1)                                    0.0425     0.8122 f
  U2229/ZN (NOR2_X1)                                    0.0395     0.8518 r
  DRAM_DATA_tri_26_/Z (TBUF_X1)                         0.0604     0.9122 r
  DRAM_DATA[26] (inout)                                 0.0048     0.9170 r
  data arrival time                                                0.9170

  clock CLK (rise edge)                                 1.1000     1.1000
  clock network delay (ideal)                           0.0500     1.1500
  clock uncertainty                                    -0.0500     1.1000
  output external delay                                -0.1100     0.9900
  data required time                                               0.9900
  --------------------------------------------------------------------------
  data required time                                               0.9900
  data arrival time                                               -0.9170
  --------------------------------------------------------------------------
  slack (MET)                                                      0.0730


  Startpoint: DP_i_mem_access_i_rd_out_reg_i_Y_reg_4_
              (rising edge-triggered flip-flop clocked by CLK)
  Endpoint: DRAM_DATA[25]
            (output port clocked by CLK)
  Path Group: OUTPUTS
  Path Type: max

  Des/Clust/Port     Wire Load Model       Library
  ------------------------------------------------
  DLX                5K_hvratio_1_4        NangateOpenCellLibrary

  Point                                                   Incr       Path
  --------------------------------------------------------------------------
  clock CLK (rise edge)                                 0.0000     0.0000
  clock network delay (ideal)                           0.0500     0.0500
  DP_i_mem_access_i_rd_out_reg_i_Y_reg_4_/CK (DFF_X1)   0.0000     0.0500 r
  DP_i_mem_access_i_rd_out_reg_i_Y_reg_4_/Q (DFF_X1)    0.1109     0.1609 r
  U1386/Z (BUF_X1)                                      0.0625     0.2234 r
  U7845/ZN (XNOR2_X1)                                   0.0730     0.2964 r
  U7847/ZN (AND2_X1)                                    0.0413     0.3377 r
  U7850/ZN (AND4_X1)                                    0.1337     0.4715 r
  U7853/ZN (INV_X1)                                     0.0507     0.5222 f
  U7854/ZN (NOR2_X1)                                    0.1042     0.6264 r
  U7882/ZN (INV_X1)                                     0.0695     0.6959 f
  U7898/ZN (OR2_X1)                                     0.0739     0.7698 f
  U7899/ZN (AND2_X1)                                    0.0425     0.8122 f
  U2230/ZN (NOR2_X1)                                    0.0395     0.8518 r
  DRAM_DATA_tri_25_/Z (TBUF_X1)                         0.0604     0.9122 r
  DRAM_DATA[25] (inout)                                 0.0048     0.9170 r
  data arrival time                                                0.9170

  clock CLK (rise edge)                                 1.1000     1.1000
  clock network delay (ideal)                           0.0500     1.1500
  clock uncertainty                                    -0.0500     1.1000
  output external delay                                -0.1100     0.9900
  data required time                                               0.9900
  --------------------------------------------------------------------------
  data required time                                               0.9900
  data arrival time                                               -0.9170
  --------------------------------------------------------------------------
  slack (MET)                                                      0.0730


  Startpoint: DP_i_mem_access_i_rd_out_reg_i_Y_reg_4_
              (rising edge-triggered flip-flop clocked by CLK)
  Endpoint: DRAM_DATA[20]
            (output port clocked by CLK)
  Path Group: OUTPUTS
  Path Type: max

  Des/Clust/Port     Wire Load Model       Library
  ------------------------------------------------
  DLX                5K_hvratio_1_4        NangateOpenCellLibrary

  Point                                                   Incr       Path
  --------------------------------------------------------------------------
  clock CLK (rise edge)                                 0.0000     0.0000
  clock network delay (ideal)                           0.0500     0.0500
  DP_i_mem_access_i_rd_out_reg_i_Y_reg_4_/CK (DFF_X1)   0.0000     0.0500 r
  DP_i_mem_access_i_rd_out_reg_i_Y_reg_4_/Q (DFF_X1)    0.1109     0.1609 r
  U1386/Z (BUF_X1)                                      0.0625     0.2234 r
  U7845/ZN (XNOR2_X1)                                   0.0730     0.2964 r
  U7847/ZN (AND2_X1)                                    0.0413     0.3377 r
  U7850/ZN (AND4_X1)                                    0.1337     0.4715 r
  U7853/ZN (INV_X1)                                     0.0507     0.5222 f
  U7854/ZN (NOR2_X1)                                    0.1042     0.6264 r
  U7882/ZN (INV_X1)                                     0.0695     0.6959 f
  U7895/ZN (OR2_X1)                                     0.0739     0.7698 f
  U7896/ZN (AND2_X1)                                    0.0425     0.8122 f
  U2233/ZN (NOR2_X1)                                    0.0395     0.8518 r
  DRAM_DATA_tri_20_/Z (TBUF_X1)                         0.0561     0.9078 r
  DRAM_DATA[20] (inout)                                 0.0041     0.9119 r
  data arrival time                                                0.9119

  clock CLK (rise edge)                                 1.1000     1.1000
  clock network delay (ideal)                           0.0500     1.1500
  clock uncertainty                                    -0.0500     1.1000
  output external delay                                -0.1100     0.9900
  data required time                                               0.9900
  --------------------------------------------------------------------------
  data required time                                               0.9900
  data arrival time                                               -0.9119
  --------------------------------------------------------------------------
  slack (MET)                                                      0.0781


  Startpoint: DP_i_decode_i_rs2_addr_i_Y_reg_1_
              (rising edge-triggered flip-flop clocked by CLK)
  Endpoint: DP_i_execute_i_zero_alu_bit_Y_reg
            (rising edge-triggered flip-flop clocked by CLK)
  Path Group: REG2REG
  Path Type: max

  Des/Clust/Port     Wire Load Model       Library
  ------------------------------------------------
  DLX                5K_hvratio_1_4        NangateOpenCellLibrary

  Point                                                   Incr       Path
  --------------------------------------------------------------------------
  clock CLK (rise edge)                                 0.0000     0.0000
  clock network delay (ideal)                           0.0500     0.0500
  DP_i_decode_i_rs2_addr_i_Y_reg_1_/CK (DFF_X1)         0.0000     0.0500 r
  DP_i_decode_i_rs2_addr_i_Y_reg_1_/QN (DFF_X1)         0.0782     0.1282 f
  U4146/ZN (INV_X1)                                     0.0304     0.1586 r
  U4147/ZN (XNOR2_X1)                                   0.0555     0.2141 r
  U4149/ZN (AND2_X1)                                    0.0476     0.2617 r
  U4155/ZN (NAND4_X1)                                   0.0449     0.3065 f
  U4163/Z (BUF_X1)                                      0.0458     0.3523 f
  U4164/ZN (NAND2_X1)                                   0.0351     0.3874 r
  U4165/ZN (INV_X1)                                     0.0355     0.4229 f
  U4166/Z (BUF_X2)                                      0.0532     0.4761 f
  U4174/ZN (AOI222_X1)                                  0.1196     0.5957 r
  U937/Z (MUX2_X2)                                      0.0692     0.6649 r
  U1234/ZN (XNOR2_X1)                                   0.0421     0.7071 f
  U4666/ZN (NAND2_X1)                                   0.0383     0.7454 r
  U2650/CO (FA_X1)                                      0.0744     0.8198 r
  U2649/ZN (OAI21_X1)                                   0.0348     0.8546 f
  U850/ZN (OR2_X2)                                      0.0644     0.9191 f
  U2793/ZN (NAND2_X1)                                   0.0303     0.9494 r
  U2556/ZN (AND3_X2)                                    0.0576     1.0070 r
  U2361/ZN (OAI211_X1)                                  0.0580     1.0649 f
  U1874/ZN (NAND2_X1)                                   0.0530     1.1179 r
  U5652/ZN (INV_X1)                                     0.0281     1.1461 f
  U5653/ZN (OAI21_X1)                                   0.0511     1.1972 r
  U5654/ZN (XNOR2_X1)                                   0.0678     1.2650 r
  U5686/ZN (OAI211_X1)                                  0.0443     1.3093 f
  U5824/ZN (NOR4_X1)                                    0.0978     1.4071 r
  U5825/ZN (AND4_X1)                                    0.0718     1.4789 r
  U11383/ZN (NAND4_X1)                                  0.0389     1.5179 f
  U11446/ZN (NAND2_X1)                                  0.0318     1.5497 r
  DP_i_execute_i_zero_alu_bit_Y_reg/D (DFF_X2)          0.0109     1.5606 r
  data arrival time                                                1.5606

  clock CLK (rise edge)                                 1.1000     1.1000
  clock network delay (ideal)                           0.0500     1.1500
  clock uncertainty                                    -0.0500     1.1000
  DP_i_execute_i_zero_alu_bit_Y_reg/CK (DFF_X2)         0.0000     1.1000 r
  library setup time                                   -0.0265     1.0735
  data required time                                               1.0735
  --------------------------------------------------------------------------
  data required time                                               1.0735
  data arrival time                                               -1.5606
  --------------------------------------------------------------------------
  slack (VIOLATED)                                                -0.4871


  Startpoint: DP_i_decode_i_rs2_addr_i_Y_reg_1_
              (rising edge-triggered flip-flop clocked by CLK)
  Endpoint: DP_i_execute_i_zero_alu_bit_Y_reg
            (rising edge-triggered flip-flop clocked by CLK)
  Path Group: REG2REG
  Path Type: max

  Des/Clust/Port     Wire Load Model       Library
  ------------------------------------------------
  DLX                5K_hvratio_1_4        NangateOpenCellLibrary

  Point                                                   Incr       Path
  --------------------------------------------------------------------------
  clock CLK (rise edge)                                 0.0000     0.0000
  clock network delay (ideal)                           0.0500     0.0500
  DP_i_decode_i_rs2_addr_i_Y_reg_1_/CK (DFF_X1)         0.0000     0.0500 r
  DP_i_decode_i_rs2_addr_i_Y_reg_1_/QN (DFF_X1)         0.0780     0.1280 r
  U4146/ZN (INV_X1)                                     0.0242     0.1522 f
  U4147/ZN (XNOR2_X1)                                   0.0526     0.2048 f
  U4149/ZN (AND2_X1)                                    0.0429     0.2477 f
  U4155/ZN (NAND4_X1)                                   0.0359     0.2836 r
  U4160/ZN (NAND4_X1)                                   0.0595     0.3431 f
  U4164/ZN (NAND2_X1)                                   0.0440     0.3871 r
  U4165/ZN (INV_X1)                                     0.0355     0.4227 f
  U4166/Z (BUF_X2)                                      0.0532     0.4758 f
  U4174/ZN (AOI222_X1)                                  0.1196     0.5954 r
  U937/Z (MUX2_X2)                                      0.0692     0.6647 r
  U1234/ZN (XNOR2_X1)                                   0.0421     0.7068 f
  U4666/ZN (NAND2_X1)                                   0.0383     0.7451 r
  U2650/CO (FA_X1)                                      0.0744     0.8195 r
  U2649/ZN (OAI21_X1)                                   0.0348     0.8544 f
  U850/ZN (OR2_X2)                                      0.0644     0.9188 f
  U2793/ZN (NAND2_X1)                                   0.0303     0.9491 r
  U2556/ZN (AND3_X2)                                    0.0576     1.0067 r
  U2361/ZN (OAI211_X1)                                  0.0580     1.0647 f
  U1874/ZN (NAND2_X1)                                   0.0530     1.1177 r
  U5652/ZN (INV_X1)                                     0.0281     1.1458 f
  U5653/ZN (OAI21_X1)                                   0.0511     1.1970 r
  U5654/ZN (XNOR2_X1)                                   0.0678     1.2647 r
  U5686/ZN (OAI211_X1)                                  0.0443     1.3090 f
  U5824/ZN (NOR4_X1)                                    0.0978     1.4068 r
  U5825/ZN (AND4_X1)                                    0.0718     1.4787 r
  U11383/ZN (NAND4_X1)                                  0.0389     1.5176 f
  U11446/ZN (NAND2_X1)                                  0.0318     1.5494 r
  DP_i_execute_i_zero_alu_bit_Y_reg/D (DFF_X2)          0.0109     1.5603 r
  data arrival time                                                1.5603

  clock CLK (rise edge)                                 1.1000     1.1000
  clock network delay (ideal)                           0.0500     1.1500
  clock uncertainty                                    -0.0500     1.1000
  DP_i_execute_i_zero_alu_bit_Y_reg/CK (DFF_X2)         0.0000     1.1000 r
  library setup time                                   -0.0265     1.0735
  data required time                                               1.0735
  --------------------------------------------------------------------------
  data required time                                               1.0735
  data arrival time                                               -1.5603
  --------------------------------------------------------------------------
  slack (VIOLATED)                                                -0.4868


  Startpoint: DP_i_decode_i_rs2_addr_i_Y_reg_1_
              (rising edge-triggered flip-flop clocked by CLK)
  Endpoint: DP_i_execute_i_boothmul_i_tree_i_register_i_2_Y_temp_reg_31_
            (rising edge-triggered flip-flop clocked by CLK)
  Path Group: REG2REG
  Path Type: max

  Des/Clust/Port     Wire Load Model       Library
  ------------------------------------------------
  DLX                5K_hvratio_1_4        NangateOpenCellLibrary

  Point                                                   Incr       Path
  --------------------------------------------------------------------------
  clock CLK (rise edge)                                 0.0000     0.0000
  clock network delay (ideal)                           0.0500     0.0500
  DP_i_decode_i_rs2_addr_i_Y_reg_1_/CK (DFF_X1)         0.0000     0.0500 r
  DP_i_decode_i_rs2_addr_i_Y_reg_1_/QN (DFF_X1)         0.0782     0.1282 f
  U4146/ZN (INV_X1)                                     0.0304     0.1586 r
  U4147/ZN (XNOR2_X1)                                   0.0555     0.2141 r
  U4149/ZN (AND2_X1)                                    0.0476     0.2617 r
  U4155/ZN (NAND4_X1)                                   0.0449     0.3065 f
  U4163/Z (BUF_X1)                                      0.0458     0.3523 f
  U4164/ZN (NAND2_X1)                                   0.0351     0.3874 r
  U4165/ZN (INV_X1)                                     0.0355     0.4229 f
  U4166/Z (BUF_X2)                                      0.0532     0.4761 f
  U4216/ZN (AOI222_X1)                                  0.1132     0.5893 r
  U924/Z (MUX2_X1)                                      0.0700     0.6593 r
  U4404/ZN (INV_X1)                                     0.0329     0.6922 f
  U4405/ZN (AND2_X1)                                    0.0384     0.7306 f
  U2709/Z (MUX2_X2)                                     0.0846     0.8152 f
  U4475/ZN (AOI22_X1)                                   0.0960     0.9112 r
  U1303/ZN (XNOR2_X1)                                   0.0719     0.9831 r
  U1302/ZN (XNOR2_X1)                                   0.0669     1.0500 r
  U1762/ZN (XNOR2_X1)                                   0.0666     1.1166 r
  U1760/ZN (XNOR2_X1)                                   0.0631     1.1797 r
  U4503/ZN (XNOR2_X1)                                   0.0645     1.2442 r
  U4504/S (FA_X1)                                       0.1249     1.3691 f
  U4510/ZN (XNOR2_X1)                                   0.0682     1.4373 f
  U10076/ZN (AOI22_X1)                                  0.0484     1.4856 r
  U12585/ZN (AND4_X1)                                   0.0626     1.5482 r
  DP_i_execute_i_boothmul_i_tree_i_register_i_2_Y_temp_reg_31_/D (DFF_X2)
                                                        0.0109     1.5591 r
  data arrival time                                                1.5591

  clock CLK (rise edge)                                 1.1000     1.1000
  clock network delay (ideal)                           0.0500     1.1500
  clock uncertainty                                    -0.0500     1.1000
  DP_i_execute_i_boothmul_i_tree_i_register_i_2_Y_temp_reg_31_/CK (DFF_X2)
                                                        0.0000     1.1000 r
  library setup time                                   -0.0270     1.0730
  data required time                                               1.0730
  --------------------------------------------------------------------------
  data required time                                               1.0730
  data arrival time                                               -1.5591
  --------------------------------------------------------------------------
  slack (VIOLATED)                                                -0.4861


  Startpoint: DP_i_decode_i_rs2_addr_i_Y_reg_1_
              (rising edge-triggered flip-flop clocked by CLK)
  Endpoint: DP_i_execute_i_boothmul_i_tree_i_register_i_2_Y_temp_reg_31_
            (rising edge-triggered flip-flop clocked by CLK)
  Path Group: REG2REG
  Path Type: max

  Des/Clust/Port     Wire Load Model       Library
  ------------------------------------------------
  DLX                5K_hvratio_1_4        NangateOpenCellLibrary

  Point                                                   Incr       Path
  --------------------------------------------------------------------------
  clock CLK (rise edge)                                 0.0000     0.0000
  clock network delay (ideal)                           0.0500     0.0500
  DP_i_decode_i_rs2_addr_i_Y_reg_1_/CK (DFF_X1)         0.0000     0.0500 r
  DP_i_decode_i_rs2_addr_i_Y_reg_1_/QN (DFF_X1)         0.0782     0.1282 f
  U4146/ZN (INV_X1)                                     0.0304     0.1586 r
  U4147/ZN (XNOR2_X1)                                   0.0555     0.2141 r
  U4149/ZN (AND2_X1)                                    0.0476     0.2617 r
  U4155/ZN (NAND4_X1)                                   0.0449     0.3065 f
  U4163/Z (BUF_X1)                                      0.0458     0.3523 f
  U4164/ZN (NAND2_X1)                                   0.0351     0.3874 r
  U4165/ZN (INV_X1)                                     0.0355     0.4229 f
  U4166/Z (BUF_X2)                                      0.0532     0.4761 f
  U4216/ZN (AOI222_X1)                                  0.1132     0.5893 r
  U924/Z (MUX2_X1)                                      0.0700     0.6593 r
  U4404/ZN (INV_X1)                                     0.0329     0.6922 f
  U4405/ZN (AND2_X1)                                    0.0384     0.7306 f
  U2709/Z (MUX2_X2)                                     0.0846     0.8152 f
  U4475/ZN (AOI22_X1)                                   0.0960     0.9112 r
  U1303/ZN (XNOR2_X1)                                   0.0719     0.9831 r
  U1302/ZN (XNOR2_X1)                                   0.0669     1.0500 r
  U1762/ZN (XNOR2_X1)                                   0.0666     1.1166 r
  U1760/ZN (XNOR2_X1)                                   0.0631     1.1797 r
  U4503/ZN (XNOR2_X1)                                   0.0645     1.2442 r
  U4504/S (FA_X1)                                       0.1249     1.3691 f
  U4510/ZN (XNOR2_X1)                                   0.0682     1.4373 f
  U10076/ZN (AOI22_X1)                                  0.0484     1.4856 r
  U12585/ZN (AND4_X1)                                   0.0626     1.5482 r
  DP_i_execute_i_boothmul_i_tree_i_register_i_2_Y_temp_reg_31_/D (DFF_X2)
                                                        0.0109     1.5591 r
  data arrival time                                                1.5591

  clock CLK (rise edge)                                 1.1000     1.1000
  clock network delay (ideal)                           0.0500     1.1500
  clock uncertainty                                    -0.0500     1.1000
  DP_i_execute_i_boothmul_i_tree_i_register_i_2_Y_temp_reg_31_/CK (DFF_X2)
                                                        0.0000     1.1000 r
  library setup time                                   -0.0270     1.0730
  data required time                                               1.0730
  --------------------------------------------------------------------------
  data required time                                               1.0730
  data arrival time                                               -1.5591
  --------------------------------------------------------------------------
  slack (VIOLATED)                                                -0.4861


  Startpoint: DP_i_execute_i_rd_out_reg_i_Y_reg_1_
              (rising edge-triggered flip-flop clocked by CLK)
  Endpoint: DP_i_execute_i_boothmul_i_tree_i_register_i_3_Y_temp_reg_28_
            (rising edge-triggered flip-flop clocked by CLK)
  Path Group: REG2REG
  Path Type: max

  Des/Clust/Port     Wire Load Model       Library
  ------------------------------------------------
  DLX                5K_hvratio_1_4        NangateOpenCellLibrary

  Point                                                   Incr       Path
  --------------------------------------------------------------------------
  clock CLK (rise edge)                                 0.0000     0.0000
  clock network delay (ideal)                           0.0500     0.0500
  DP_i_execute_i_rd_out_reg_i_Y_reg_1_/CK (DFF_X1)      0.0000     0.0500 r
  DP_i_execute_i_rd_out_reg_i_Y_reg_1_/QN (DFF_X1)      0.0937     0.1437 f
  U4180/Z (XOR2_X1)                                     0.0853     0.2290 f
  U4182/ZN (AND2_X1)                                    0.0389     0.2679 f
  U2675/ZN (NAND4_X1)                                   0.0408     0.3087 r
  U2676/ZN (NAND4_X1)                                   0.0538     0.3625 f
  U4191/ZN (NAND2_X1)                                   0.0449     0.4074 r
  U4192/ZN (INV_X2)                                     0.0611     0.4684 f
  U4323/ZN (AND2_X1)                                    0.0607     0.5292 f
  U4325/ZN (AOI211_X4)                                  0.1289     0.6580 r
  U4536/ZN (INV_X1)                                     0.0440     0.7020 f
  U2502/ZN (OR2_X2)                                     0.0861     0.7881 f
  U2501/ZN (INV_X2)                                     0.0900     0.8781 r
  U6554/ZN (AOI22_X1)                                   0.0640     0.9421 f
  U6561/S (FA_X1)                                       0.1653     1.1074 r
  U6562/ZN (XNOR2_X1)                                   0.0567     1.1641 f
  U6564/CO (FA_X1)                                      0.1158     1.2799 f
  U9851/S (FA_X1)                                       0.1602     1.4400 r
  U10414/ZN (XNOR2_X1)                                  0.0663     1.5063 r
  U12005/ZN (AND2_X1)                                   0.0422     1.5485 r
  DP_i_execute_i_boothmul_i_tree_i_register_i_3_Y_temp_reg_28_/D (DFF_X1)
                                                        0.0110     1.5595 r
  data arrival time                                                1.5595

  clock CLK (rise edge)                                 1.1000     1.1000
  clock network delay (ideal)                           0.0500     1.1500
  clock uncertainty                                    -0.0500     1.1000
  DP_i_execute_i_boothmul_i_tree_i_register_i_3_Y_temp_reg_28_/CK (DFF_X1)
                                                        0.0000     1.1000 r
  library setup time                                   -0.0265     1.0735
  data required time                                               1.0735
  --------------------------------------------------------------------------
  data required time                                               1.0735
  data arrival time                                               -1.5595
  --------------------------------------------------------------------------
  slack (VIOLATED)                                                -0.4859


  Startpoint: DP_i_execute_i_rd_out_reg_i_Y_reg_1_
              (rising edge-triggered flip-flop clocked by CLK)
  Endpoint: DP_i_execute_i_boothmul_i_tree_i_register_i_3_Y_temp_reg_28_
            (rising edge-triggered flip-flop clocked by CLK)
  Path Group: REG2REG
  Path Type: max

  Des/Clust/Port     Wire Load Model       Library
  ------------------------------------------------
  DLX                5K_hvratio_1_4        NangateOpenCellLibrary

  Point                                                   Incr       Path
  --------------------------------------------------------------------------
  clock CLK (rise edge)                                 0.0000     0.0000
  clock network delay (ideal)                           0.0500     0.0500
  DP_i_execute_i_rd_out_reg_i_Y_reg_1_/CK (DFF_X1)      0.0000     0.0500 r
  DP_i_execute_i_rd_out_reg_i_Y_reg_1_/QN (DFF_X1)      0.0937     0.1437 f
  U4180/Z (XOR2_X1)                                     0.0853     0.2290 f
  U4182/ZN (AND2_X1)                                    0.0389     0.2679 f
  U2675/ZN (NAND4_X1)                                   0.0408     0.3087 r
  U2676/ZN (NAND4_X1)                                   0.0538     0.3625 f
  U4191/ZN (NAND2_X1)                                   0.0449     0.4074 r
  U4192/ZN (INV_X2)                                     0.0611     0.4684 f
  U4323/ZN (AND2_X1)                                    0.0607     0.5292 f
  U4325/ZN (AOI211_X4)                                  0.1289     0.6580 r
  U4536/ZN (INV_X1)                                     0.0440     0.7020 f
  U2502/ZN (OR2_X2)                                     0.0861     0.7881 f
  U2501/ZN (INV_X2)                                     0.0900     0.8781 r
  U6554/ZN (AOI22_X1)                                   0.0640     0.9421 f
  U6561/S (FA_X1)                                       0.1653     1.1074 r
  U6562/ZN (XNOR2_X1)                                   0.0567     1.1641 f
  U6564/CO (FA_X1)                                      0.1157     1.2797 f
  U9851/S (FA_X1)                                       0.1602     1.4399 r
  U10414/ZN (XNOR2_X1)                                  0.0663     1.5062 r
  U12005/ZN (AND2_X1)                                   0.0422     1.5484 r
  DP_i_execute_i_boothmul_i_tree_i_register_i_3_Y_temp_reg_28_/D (DFF_X1)
                                                        0.0110     1.5594 r
  data arrival time                                                1.5594

  clock CLK (rise edge)                                 1.1000     1.1000
  clock network delay (ideal)                           0.0500     1.1500
  clock uncertainty                                    -0.0500     1.1000
  DP_i_execute_i_boothmul_i_tree_i_register_i_3_Y_temp_reg_28_/CK (DFF_X1)
                                                        0.0000     1.1000 r
  library setup time                                   -0.0265     1.0735
  data required time                                               1.0735
  --------------------------------------------------------------------------
  data required time                                               1.0735
  data arrival time                                               -1.5594
  --------------------------------------------------------------------------
  slack (VIOLATED)                                                -0.4858


  Startpoint: DP_i_decode_i_rs2_addr_i_Y_reg_1_
              (rising edge-triggered flip-flop clocked by CLK)
  Endpoint: DP_i_execute_i_boothmul_i_tree_i_register_i_2_Y_temp_reg_26_
            (rising edge-triggered flip-flop clocked by CLK)
  Path Group: REG2REG
  Path Type: max

  Des/Clust/Port     Wire Load Model       Library
  ------------------------------------------------
  DLX                5K_hvratio_1_4        NangateOpenCellLibrary

  Point                                                   Incr       Path
  --------------------------------------------------------------------------
  clock CLK (rise edge)                                 0.0000     0.0000
  clock network delay (ideal)                           0.0500     0.0500
  DP_i_decode_i_rs2_addr_i_Y_reg_1_/CK (DFF_X1)         0.0000     0.0500 r
  DP_i_decode_i_rs2_addr_i_Y_reg_1_/QN (DFF_X1)         0.0782     0.1282 f
  U4146/ZN (INV_X1)                                     0.0304     0.1586 r
  U4147/ZN (XNOR2_X1)                                   0.0555     0.2141 r
  U4149/ZN (AND2_X1)                                    0.0476     0.2617 r
  U4155/ZN (NAND4_X1)                                   0.0449     0.3065 f
  U4160/ZN (NAND4_X1)                                   0.0506     0.3571 r
  U4164/ZN (NAND2_X1)                                   0.0376     0.3947 f
  U4168/Z (BUF_X1)                                      0.0466     0.4414 f
  U4309/ZN (OR2_X1)                                     0.0718     0.5131 f
  U2379/ZN (AND2_X1)                                    0.0422     0.5553 f
  U2492/ZN (NAND2_X1)                                   0.0330     0.5883 r
  U4483/Z (MUX2_X1)                                     0.0630     0.6513 r
  U2572/ZN (INV_X1)                                     0.0277     0.6790 f
  U2493/ZN (OR3_X2)                                     0.0774     0.7564 f
  U2574/ZN (NAND2_X2)                                   0.0849     0.8413 r
  U2565/ZN (NOR2_X1)                                    0.0498     0.8910 f
  U9676/ZN (OR2_X1)                                     0.0657     0.9567 f
  U9679/S (FA_X1)                                       0.1407     1.0974 r
  U9767/ZN (XNOR2_X1)                                   0.0737     1.1711 r
  U9769/CO (FA_X1)                                      0.1001     1.2712 r
  U9775/ZN (INV_X1)                                     0.0263     1.2975 f
  U1175/ZN (AND2_X1)                                    0.0392     1.3368 f
  U1173/ZN (NOR2_X1)                                    0.0555     1.3923 r
  U10220/S (FA_X1)                                      0.1189     1.5112 f
  U11971/ZN (AND2_X1)                                   0.0396     1.5508 f
  DP_i_execute_i_boothmul_i_tree_i_register_i_2_Y_temp_reg_26_/D (DFF_X1)
                                                        0.0104     1.5612 f
  data arrival time                                                1.5612

  clock CLK (rise edge)                                 1.1000     1.1000
  clock network delay (ideal)                           0.0500     1.1500
  clock uncertainty                                    -0.0500     1.1000
  DP_i_execute_i_boothmul_i_tree_i_register_i_2_Y_temp_reg_26_/CK (DFF_X1)
                                                        0.0000     1.1000 r
  library setup time                                   -0.0239     1.0761
  data required time                                               1.0761
  --------------------------------------------------------------------------
  data required time                                               1.0761
  data arrival time                                               -1.5612
  --------------------------------------------------------------------------
  slack (VIOLATED)                                                -0.4851


  Startpoint: DP_i_decode_i_rs2_addr_i_Y_reg_1_
              (rising edge-triggered flip-flop clocked by CLK)
  Endpoint: DP_i_execute_i_boothmul_i_tree_i_register_i_2_Y_temp_reg_26_
            (rising edge-triggered flip-flop clocked by CLK)
  Path Group: REG2REG
  Path Type: max

  Des/Clust/Port     Wire Load Model       Library
  ------------------------------------------------
  DLX                5K_hvratio_1_4        NangateOpenCellLibrary

  Point                                                   Incr       Path
  --------------------------------------------------------------------------
  clock CLK (rise edge)                                 0.0000     0.0000
  clock network delay (ideal)                           0.0500     0.0500
  DP_i_decode_i_rs2_addr_i_Y_reg_1_/CK (DFF_X1)         0.0000     0.0500 r
  DP_i_decode_i_rs2_addr_i_Y_reg_1_/QN (DFF_X1)         0.0782     0.1282 f
  U4146/ZN (INV_X1)                                     0.0304     0.1586 r
  U4147/ZN (XNOR2_X1)                                   0.0555     0.2141 r
  U4149/ZN (AND2_X1)                                    0.0476     0.2617 r
  U4155/ZN (NAND4_X1)                                   0.0449     0.3065 f
  U4160/ZN (NAND4_X1)                                   0.0506     0.3571 r
  U4164/ZN (NAND2_X1)                                   0.0376     0.3947 f
  U4168/Z (BUF_X1)                                      0.0466     0.4414 f
  U4309/ZN (OR2_X1)                                     0.0718     0.5131 f
  U2379/ZN (AND2_X1)                                    0.0422     0.5553 f
  U2492/ZN (NAND2_X1)                                   0.0330     0.5883 r
  U4483/Z (MUX2_X1)                                     0.0630     0.6513 r
  U2572/ZN (INV_X1)                                     0.0277     0.6790 f
  U2493/ZN (OR3_X2)                                     0.0774     0.7564 f
  U2574/ZN (NAND2_X2)                                   0.0849     0.8413 r
  U2565/ZN (NOR2_X1)                                    0.0498     0.8910 f
  U9676/ZN (OR2_X1)                                     0.0657     0.9567 f
  U9679/S (FA_X1)                                       0.1407     1.0974 r
  U9767/ZN (XNOR2_X1)                                   0.0737     1.1711 r
  U9769/CO (FA_X1)                                      0.1001     1.2712 r
  U9775/ZN (INV_X1)                                     0.0263     1.2975 f
  U1175/ZN (AND2_X1)                                    0.0392     1.3367 f
  U1173/ZN (NOR2_X1)                                    0.0555     1.3923 r
  U10220/S (FA_X1)                                      0.1189     1.5112 f
  U11971/ZN (AND2_X1)                                   0.0396     1.5508 f
  DP_i_execute_i_boothmul_i_tree_i_register_i_2_Y_temp_reg_26_/D (DFF_X1)
                                                        0.0104     1.5612 f
  data arrival time                                                1.5612

  clock CLK (rise edge)                                 1.1000     1.1000
  clock network delay (ideal)                           0.0500     1.1500
  clock uncertainty                                    -0.0500     1.1000
  DP_i_execute_i_boothmul_i_tree_i_register_i_2_Y_temp_reg_26_/CK (DFF_X1)
                                                        0.0000     1.1000 r
  library setup time                                   -0.0239     1.0761
  data required time                                               1.0761
  --------------------------------------------------------------------------
  data required time                                               1.0761
  data arrival time                                               -1.5612
  --------------------------------------------------------------------------
  slack (VIOLATED)                                                -0.4851


  Startpoint: DP_i_decode_i_rs2_addr_i_Y_reg_1_
              (rising edge-triggered flip-flop clocked by CLK)
  Endpoint: DP_i_execute_i_boothmul_i_tree_i_register_i_2_Y_temp_reg_27_
            (rising edge-triggered flip-flop clocked by CLK)
  Path Group: REG2REG
  Path Type: max

  Des/Clust/Port     Wire Load Model       Library
  ------------------------------------------------
  DLX                5K_hvratio_1_4        NangateOpenCellLibrary

  Point                                                   Incr       Path
  --------------------------------------------------------------------------
  clock CLK (rise edge)                                 0.0000     0.0000
  clock network delay (ideal)                           0.0500     0.0500
  DP_i_decode_i_rs2_addr_i_Y_reg_1_/CK (DFF_X1)         0.0000     0.0500 r
  DP_i_decode_i_rs2_addr_i_Y_reg_1_/QN (DFF_X1)         0.0782     0.1282 f
  U4146/ZN (INV_X1)                                     0.0304     0.1586 r
  U4147/ZN (XNOR2_X1)                                   0.0555     0.2141 r
  U4149/ZN (AND2_X1)                                    0.0476     0.2617 r
  U4155/ZN (NAND4_X1)                                   0.0449     0.3065 f
  U4163/Z (BUF_X1)                                      0.0458     0.3523 f
  U4164/ZN (NAND2_X1)                                   0.0351     0.3874 r
  U4165/ZN (INV_X1)                                     0.0355     0.4229 f
  U4173/Z (BUF_X2)                                      0.0515     0.4744 f
  U4301/ZN (AOI222_X1)                                  0.1109     0.5853 r
  U964/Z (MUX2_X1)                                      0.0687     0.6540 r
  U2626/Z (BUF_X2)                                      0.0500     0.7040 r
  U4461/ZN (NAND2_X1)                                   0.0334     0.7374 f
  U4463/ZN (OAI211_X1)                                  0.0762     0.8137 r
  U1244/Z (BUF_X1)                                      0.0560     0.8697 r
  U9948/ZN (XNOR2_X1)                                   0.0780     0.9478 r
  U1951/ZN (NOR2_X1)                                    0.0327     0.9805 f
  U2683/ZN (NAND2_X1)                                   0.0302     1.0107 r
  U1289/ZN (AND3_X2)                                    0.0591     1.0698 r
  U2380/ZN (XNOR2_X1)                                   0.0745     1.1444 r
  U2682/ZN (XNOR2_X1)                                   0.0756     1.2199 r
  U10049/ZN (NOR2_X1)                                   0.0321     1.2521 f
  U1256/ZN (OR2_X2)                                     0.0576     1.3097 f
  U2595/ZN (OAI21_X1)                                   0.0360     1.3457 r
  U2117/ZN (NAND2_X1)                                   0.0412     1.3869 f
  U10237/S (FA_X1)                                      0.1398     1.5266 r
  U12933/ZN (NOR2_X1)                                   0.0237     1.5503 f
  DP_i_execute_i_boothmul_i_tree_i_register_i_2_Y_temp_reg_27_/D (DFF_X1)
                                                        0.0104     1.5607 f
  data arrival time                                                1.5607

  clock CLK (rise edge)                                 1.1000     1.1000
  clock network delay (ideal)                           0.0500     1.1500
  clock uncertainty                                    -0.0500     1.1000
  DP_i_execute_i_boothmul_i_tree_i_register_i_2_Y_temp_reg_27_/CK (DFF_X1)
                                                        0.0000     1.1000 r
  library setup time                                   -0.0235     1.0765
  data required time                                               1.0765
  --------------------------------------------------------------------------
  data required time                                               1.0765
  data arrival time                                               -1.5607
  --------------------------------------------------------------------------
  slack (VIOLATED)                                                -0.4842


  Startpoint: DP_i_decode_i_rs2_addr_i_Y_reg_1_
              (rising edge-triggered flip-flop clocked by CLK)
  Endpoint: DP_i_execute_i_boothmul_i_tree_i_register_i_2_Y_temp_reg_27_
            (rising edge-triggered flip-flop clocked by CLK)
  Path Group: REG2REG
  Path Type: max

  Des/Clust/Port     Wire Load Model       Library
  ------------------------------------------------
  DLX                5K_hvratio_1_4        NangateOpenCellLibrary

  Point                                                   Incr       Path
  --------------------------------------------------------------------------
  clock CLK (rise edge)                                 0.0000     0.0000
  clock network delay (ideal)                           0.0500     0.0500
  DP_i_decode_i_rs2_addr_i_Y_reg_1_/CK (DFF_X1)         0.0000     0.0500 r
  DP_i_decode_i_rs2_addr_i_Y_reg_1_/QN (DFF_X1)         0.0782     0.1282 f
  U4146/ZN (INV_X1)                                     0.0304     0.1586 r
  U4147/ZN (XNOR2_X1)                                   0.0555     0.2141 r
  U4149/ZN (AND2_X1)                                    0.0476     0.2617 r
  U4155/ZN (NAND4_X1)                                   0.0449     0.3065 f
  U4163/Z (BUF_X1)                                      0.0458     0.3523 f
  U4164/ZN (NAND2_X1)                                   0.0351     0.3874 r
  U4165/ZN (INV_X1)                                     0.0355     0.4229 f
  U4173/Z (BUF_X2)                                      0.0515     0.4744 f
  U4301/ZN (AOI222_X1)                                  0.1109     0.5853 r
  U964/Z (MUX2_X1)                                      0.0687     0.6540 r
  U2626/Z (BUF_X2)                                      0.0500     0.7040 r
  U4461/ZN (NAND2_X1)                                   0.0334     0.7374 f
  U4463/ZN (OAI211_X1)                                  0.0762     0.8137 r
  U1244/Z (BUF_X1)                                      0.0560     0.8697 r
  U9948/ZN (XNOR2_X1)                                   0.0780     0.9478 r
  U1951/ZN (NOR2_X1)                                    0.0327     0.9805 f
  U2683/ZN (NAND2_X1)                                   0.0302     1.0107 r
  U1289/ZN (AND3_X2)                                    0.0591     1.0698 r
  U2380/ZN (XNOR2_X1)                                   0.0745     1.1444 r
  U2682/ZN (XNOR2_X1)                                   0.0756     1.2199 r
  U10049/ZN (NOR2_X1)                                   0.0321     1.2521 f
  U1256/ZN (OR2_X2)                                     0.0576     1.3097 f
  U2595/ZN (OAI21_X1)                                   0.0360     1.3457 r
  U2117/ZN (NAND2_X1)                                   0.0412     1.3869 f
  U10237/S (FA_X1)                                      0.1398     1.5266 r
  U12933/ZN (NOR2_X1)                                   0.0237     1.5503 f
  DP_i_execute_i_boothmul_i_tree_i_register_i_2_Y_temp_reg_27_/D (DFF_X1)
                                                        0.0104     1.5607 f
  data arrival time                                                1.5607

  clock CLK (rise edge)                                 1.1000     1.1000
  clock network delay (ideal)                           0.0500     1.1500
  clock uncertainty                                    -0.0500     1.1000
  DP_i_execute_i_boothmul_i_tree_i_register_i_2_Y_temp_reg_27_/CK (DFF_X1)
                                                        0.0000     1.1000 r
  library setup time                                   -0.0235     1.0765
  data required time                                               1.0765
  --------------------------------------------------------------------------
  data required time                                               1.0765
  data arrival time                                               -1.5607
  --------------------------------------------------------------------------
  slack (VIOLATED)                                                -0.4842


1
