 
****************************************
Report : timing
        -path full
        -delay max
        -nworst 2
        -max_paths 10
Design : DLX
Version: W-2024.09-SP2
Date   : Sun Sep 27 02:51:45 2026
****************************************

Operating Conditions: typical   Library: NangateOpenCellLibrary
Wire Load Model Mode: top

  Startpoint: DP_i_fetch_i_IR_out_reg_30_
              (rising edge-triggered flip-flop clocked by CLK)
  Endpoint: DP_i_fetch_i_pc_i_Y_reg_19_
            (rising edge-triggered flip-flop clocked by CLK)
  Path Group: REG2REG
  Path Type: max

  Des/Clust/Port     Wire Load Model       Library
  ------------------------------------------------
  DLX                5K_hvratio_1_4        NangateOpenCellLibrary

  Point                                                   Incr       Path
  --------------------------------------------------------------------------
  clock CLK (rise edge)                                 0.0000     0.0000
  clock network delay (ideal)                           0.0500     0.0500
  DP_i_fetch_i_IR_out_reg_30_/CK (DFF_X1)               0.0000     0.0500 r
  DP_i_fetch_i_IR_out_reg_30_/Q (DFF_X1)                0.1075     0.1575 r
  U4087/ZN (AND2_X1)                                    0.0494     0.2070 r
  U4088/ZN (XNOR2_X1)                                   0.0594     0.2664 r
  U4090/ZN (AND2_X1)                                    0.0469     0.3133 r
  U5851/ZN (AOI21_X1)                                   0.0345     0.3478 f
  U5859/ZN (OR4_X2)                                     0.0907     0.4385 f
  U5861/ZN (NAND2_X1)                                   0.0447     0.4832 r
  U5867/ZN (NAND2_X1)                                   0.0351     0.5183 f
  U2890/ZN (AND2_X1)                                    0.0416     0.5599 f
  U5954/S (FA_X1)                                       0.1349     0.6948 r
  U5959/ZN (NAND4_X1)                                   0.0482     0.7430 f
  U5960/ZN (NAND2_X1)                                   0.0362     0.7792 r
  U816/ZN (AND4_X2)                                     0.0604     0.8396 r
  U5961/ZN (XNOR2_X1)                                   0.0612     0.9008 r
  U5962/ZN (NAND2_X1)                                   0.0414     0.9422 f
  U5971/ZN (OR2_X1)                                     0.0583     1.0004 f
  U5977/ZN (OAI211_X1)                                  0.0394     1.0399 r
  U3184/Z (BUF_X1)                                      0.0424     1.0823 r
  U6098/ZN (INV_X1)                                     0.0274     1.1097 f
  U6099/ZN (XNOR2_X1)                                   0.0431     1.1529 r
  U998/ZN (AND4_X1)                                     0.0620     1.2149 r
  U6126/ZN (NAND4_X1)                                   0.0440     1.2589 f
  U8217/ZN (NAND2_X1)                                   0.0513     1.3101 r
  U11628/ZN (NAND4_X4)                                  0.1250     1.4351 f
  U12849/ZN (OR2_X1)                                    0.0949     1.5300 f
  U12851/ZN (NAND4_X1)                                  0.0312     1.5612 r
  DP_i_fetch_i_pc_i_Y_reg_19_/D (DFF_X2)                0.0109     1.5721 r
  data arrival time                                                1.5721

  clock CLK (rise edge)                                 1.0000     1.0000
  clock network delay (ideal)                           0.0500     1.0500
  clock uncertainty                                    -0.0500     1.0000
  DP_i_fetch_i_pc_i_Y_reg_19_/CK (DFF_X2)               0.0000     1.0000 r
  library setup time                                   -0.0276     0.9724
  data required time                                               0.9724
  --------------------------------------------------------------------------
  data required time                                               0.9724
  data arrival time                                               -1.5721
  --------------------------------------------------------------------------
  slack (VIOLATED)                                                -0.5997


  Startpoint: DP_i_fetch_i_IR_out_reg_30_
              (rising edge-triggered flip-flop clocked by CLK)
  Endpoint: DP_i_fetch_i_pc_i_Y_reg_22_
            (rising edge-triggered flip-flop clocked by CLK)
  Path Group: REG2REG
  Path Type: max

  Des/Clust/Port     Wire Load Model       Library
  ------------------------------------------------
  DLX                5K_hvratio_1_4        NangateOpenCellLibrary

  Point                                                   Incr       Path
  --------------------------------------------------------------------------
  clock CLK (rise edge)                                 0.0000     0.0000
  clock network delay (ideal)                           0.0500     0.0500
  DP_i_fetch_i_IR_out_reg_30_/CK (DFF_X1)               0.0000     0.0500 r
  DP_i_fetch_i_IR_out_reg_30_/Q (DFF_X1)                0.1075     0.1575 r
  U4087/ZN (AND2_X1)                                    0.0494     0.2070 r
  U4088/ZN (XNOR2_X1)                                   0.0594     0.2664 r
  U4090/ZN (AND2_X1)                                    0.0469     0.3133 r
  U5851/ZN (AOI21_X1)                                   0.0345     0.3478 f
  U5859/ZN (OR4_X2)                                     0.0907     0.4385 f
  U5861/ZN (NAND2_X1)                                   0.0447     0.4832 r
  U5867/ZN (NAND2_X1)                                   0.0351     0.5183 f
  U2890/ZN (AND2_X1)                                    0.0416     0.5599 f
  U5954/S (FA_X1)                                       0.1349     0.6948 r
  U5959/ZN (NAND4_X1)                                   0.0482     0.7430 f
  U5960/ZN (NAND2_X1)                                   0.0362     0.7792 r
  U816/ZN (AND4_X2)                                     0.0604     0.8396 r
  U5961/ZN (XNOR2_X1)                                   0.0612     0.9008 r
  U5962/ZN (NAND2_X1)                                   0.0414     0.9422 f
  U5971/ZN (OR2_X1)                                     0.0583     1.0004 f
  U5977/ZN (OAI211_X1)                                  0.0394     1.0399 r
  U3184/Z (BUF_X1)                                      0.0424     1.0823 r
  U6098/ZN (INV_X1)                                     0.0274     1.1097 f
  U6099/ZN (XNOR2_X1)                                   0.0431     1.1529 r
  U998/ZN (AND4_X1)                                     0.0620     1.2149 r
  U6126/ZN (NAND4_X1)                                   0.0440     1.2589 f
  U8217/ZN (NAND2_X1)                                   0.0513     1.3101 r
  U11628/ZN (NAND4_X4)                                  0.1250     1.4351 f
  U12841/ZN (OR2_X1)                                    0.0949     1.5300 f
  U12843/ZN (NAND4_X1)                                  0.0312     1.5612 r
  DP_i_fetch_i_pc_i_Y_reg_22_/D (DFF_X2)                0.0109     1.5721 r
  data arrival time                                                1.5721

  clock CLK (rise edge)                                 1.0000     1.0000
  clock network delay (ideal)                           0.0500     1.0500
  clock uncertainty                                    -0.0500     1.0000
  DP_i_fetch_i_pc_i_Y_reg_22_/CK (DFF_X2)               0.0000     1.0000 r
  library setup time                                   -0.0276     0.9724
  data required time                                               0.9724
  --------------------------------------------------------------------------
  data required time                                               0.9724
  data arrival time                                               -1.5721
  --------------------------------------------------------------------------
  slack (VIOLATED)                                                -0.5997


  Startpoint: DP_i_fetch_i_IR_out_reg_30_
              (rising edge-triggered flip-flop clocked by CLK)
  Endpoint: DP_i_fetch_i_pc_i_Y_reg_1_
            (rising edge-triggered flip-flop clocked by CLK)
  Path Group: REG2REG
  Path Type: max

  Des/Clust/Port     Wire Load Model       Library
  ------------------------------------------------
  DLX                5K_hvratio_1_4        NangateOpenCellLibrary

  Point                                                   Incr       Path
  --------------------------------------------------------------------------
  clock CLK (rise edge)                                 0.0000     0.0000
  clock network delay (ideal)                           0.0500     0.0500
  DP_i_fetch_i_IR_out_reg_30_/CK (DFF_X1)               0.0000     0.0500 r
  DP_i_fetch_i_IR_out_reg_30_/Q (DFF_X1)                0.1075     0.1575 r
  U4087/ZN (AND2_X1)                                    0.0494     0.2070 r
  U4088/ZN (XNOR2_X1)                                   0.0594     0.2664 r
  U4090/ZN (AND2_X1)                                    0.0469     0.3133 r
  U5851/ZN (AOI21_X1)                                   0.0345     0.3478 f
  U5859/ZN (OR4_X2)                                     0.0907     0.4385 f
  U5861/ZN (NAND2_X1)                                   0.0447     0.4832 r
  U5867/ZN (NAND2_X1)                                   0.0351     0.5183 f
  U2890/ZN (AND2_X1)                                    0.0416     0.5599 f
  U5954/S (FA_X1)                                       0.1349     0.6948 r
  U5959/ZN (NAND4_X1)                                   0.0482     0.7430 f
  U5960/ZN (NAND2_X1)                                   0.0362     0.7792 r
  U816/ZN (AND4_X2)                                     0.0604     0.8396 r
  U5961/ZN (XNOR2_X1)                                   0.0612     0.9008 r
  U5962/ZN (NAND2_X1)                                   0.0414     0.9422 f
  U5971/ZN (OR2_X1)                                     0.0583     1.0004 f
  U5977/ZN (OAI211_X1)                                  0.0394     1.0399 r
  U3184/Z (BUF_X1)                                      0.0424     1.0823 r
  U6098/ZN (INV_X1)                                     0.0274     1.1097 f
  U6099/ZN (XNOR2_X1)                                   0.0431     1.1529 r
  U998/ZN (AND4_X1)                                     0.0620     1.2149 r
  U6126/ZN (NAND4_X1)                                   0.0440     1.2589 f
  U8217/ZN (NAND2_X1)                                   0.0513     1.3101 r
  U11628/ZN (NAND4_X4)                                  0.1250     1.4351 f
  U12897/ZN (OR2_X1)                                    0.0949     1.5300 f
  U12899/ZN (NAND4_X1)                                  0.0312     1.5612 r
  DP_i_fetch_i_pc_i_Y_reg_1_/D (DFF_X2)                 0.0109     1.5721 r
  data arrival time                                                1.5721

  clock CLK (rise edge)                                 1.0000     1.0000
  clock network delay (ideal)                           0.0500     1.0500
  clock uncertainty                                    -0.0500     1.0000
  DP_i_fetch_i_pc_i_Y_reg_1_/CK (DFF_X2)                0.0000     1.0000 r
  library setup time                                   -0.0275     0.9725
  data required time                                               0.9725
  --------------------------------------------------------------------------
  data required time                                               0.9725
  data arrival time                                               -1.5721
  --------------------------------------------------------------------------
  slack (VIOLATED)                                                -0.5996


  Startpoint: DP_i_fetch_i_IR_out_reg_30_
              (rising edge-triggered flip-flop clocked by CLK)
  Endpoint: DP_i_fetch_i_pc_i_Y_reg_5_
            (rising edge-triggered flip-flop clocked by CLK)
  Path Group: REG2REG
  Path Type: max

  Des/Clust/Port     Wire Load Model       Library
  ------------------------------------------------
  DLX                5K_hvratio_1_4        NangateOpenCellLibrary

  Point                                                   Incr       Path
  --------------------------------------------------------------------------
  clock CLK (rise edge)                                 0.0000     0.0000
  clock network delay (ideal)                           0.0500     0.0500
  DP_i_fetch_i_IR_out_reg_30_/CK (DFF_X1)               0.0000     0.0500 r
  DP_i_fetch_i_IR_out_reg_30_/Q (DFF_X1)                0.1075     0.1575 r
  U4087/ZN (AND2_X1)                                    0.0494     0.2070 r
  U4088/ZN (XNOR2_X1)                                   0.0594     0.2664 r
  U4090/ZN (AND2_X1)                                    0.0469     0.3133 r
  U5851/ZN (AOI21_X1)                                   0.0345     0.3478 f
  U5859/ZN (OR4_X2)                                     0.0907     0.4385 f
  U5861/ZN (NAND2_X1)                                   0.0447     0.4832 r
  U5867/ZN (NAND2_X1)                                   0.0351     0.5183 f
  U2890/ZN (AND2_X1)                                    0.0416     0.5599 f
  U5954/S (FA_X1)                                       0.1349     0.6948 r
  U5959/ZN (NAND4_X1)                                   0.0482     0.7430 f
  U5960/ZN (NAND2_X1)                                   0.0362     0.7792 r
  U816/ZN (AND4_X2)                                     0.0604     0.8396 r
  U5961/ZN (XNOR2_X1)                                   0.0612     0.9008 r
  U5962/ZN (NAND2_X1)                                   0.0414     0.9422 f
  U5971/ZN (OR2_X1)                                     0.0583     1.0004 f
  U5977/ZN (OAI211_X1)                                  0.0394     1.0399 r
  U3184/Z (BUF_X1)                                      0.0424     1.0823 r
  U6098/ZN (INV_X1)                                     0.0274     1.1097 f
  U6099/ZN (XNOR2_X1)                                   0.0431     1.1529 r
  U998/ZN (AND4_X1)                                     0.0620     1.2149 r
  U6126/ZN (NAND4_X1)                                   0.0440     1.2589 f
  U8217/ZN (NAND2_X1)                                   0.0513     1.3101 r
  U11628/ZN (NAND4_X4)                                  0.1250     1.4351 f
  U12889/ZN (OR2_X1)                                    0.0949     1.5300 f
  U12891/ZN (NAND4_X1)                                  0.0312     1.5612 r
  DP_i_fetch_i_pc_i_Y_reg_5_/D (DFF_X2)                 0.0109     1.5721 r
  data arrival time                                                1.5721

  clock CLK (rise edge)                                 1.0000     1.0000
  clock network delay (ideal)                           0.0500     1.0500
  clock uncertainty                                    -0.0500     1.0000
  DP_i_fetch_i_pc_i_Y_reg_5_/CK (DFF_X2)                0.0000     1.0000 r
  library setup time                                   -0.0275     0.9725
  data required time                                               0.9725
  --------------------------------------------------------------------------
  data required time                                               0.9725
  data arrival time                                               -1.5721
  --------------------------------------------------------------------------
  slack (VIOLATED)                                                -0.5996


  Startpoint: DP_i_fetch_i_IR_out_reg_30_
              (rising edge-triggered flip-flop clocked by CLK)
  Endpoint: DP_i_fetch_i_pc_i_Y_reg_3_
            (rising edge-triggered flip-flop clocked by CLK)
  Path Group: REG2REG
  Path Type: max

  Des/Clust/Port     Wire Load Model       Library
  ------------------------------------------------
  DLX                5K_hvratio_1_4        NangateOpenCellLibrary

  Point                                                   Incr       Path
  --------------------------------------------------------------------------
  clock CLK (rise edge)                                 0.0000     0.0000
  clock network delay (ideal)                           0.0500     0.0500
  DP_i_fetch_i_IR_out_reg_30_/CK (DFF_X1)               0.0000     0.0500 r
  DP_i_fetch_i_IR_out_reg_30_/Q (DFF_X1)                0.1075     0.1575 r
  U4087/ZN (AND2_X1)                                    0.0494     0.2070 r
  U4088/ZN (XNOR2_X1)                                   0.0594     0.2664 r
  U4090/ZN (AND2_X1)                                    0.0469     0.3133 r
  U5851/ZN (AOI21_X1)                                   0.0345     0.3478 f
  U5859/ZN (OR4_X2)                                     0.0907     0.4385 f
  U5861/ZN (NAND2_X1)                                   0.0447     0.4832 r
  U5867/ZN (NAND2_X1)                                   0.0351     0.5183 f
  U2890/ZN (AND2_X1)                                    0.0416     0.5599 f
  U5954/S (FA_X1)                                       0.1349     0.6948 r
  U5959/ZN (NAND4_X1)                                   0.0482     0.7430 f
  U5960/ZN (NAND2_X1)                                   0.0362     0.7792 r
  U816/ZN (AND4_X2)                                     0.0604     0.8396 r
  U5961/ZN (XNOR2_X1)                                   0.0612     0.9008 r
  U5962/ZN (NAND2_X1)                                   0.0414     0.9422 f
  U5971/ZN (OR2_X1)                                     0.0583     1.0004 f
  U5977/ZN (OAI211_X1)                                  0.0394     1.0399 r
  U3184/Z (BUF_X1)                                      0.0424     1.0823 r
  U6098/ZN (INV_X1)                                     0.0274     1.1097 f
  U6099/ZN (XNOR2_X1)                                   0.0431     1.1529 r
  U998/ZN (AND4_X1)                                     0.0620     1.2149 r
  U6126/ZN (NAND4_X1)                                   0.0440     1.2589 f
  U8217/ZN (NAND2_X1)                                   0.0513     1.3101 r
  U11628/ZN (NAND4_X4)                                  0.1250     1.4351 f
  U12905/ZN (OR2_X1)                                    0.0949     1.5300 f
  U12907/ZN (NAND4_X1)                                  0.0312     1.5612 r
  DP_i_fetch_i_pc_i_Y_reg_3_/D (DFF_X2)                 0.0109     1.5721 r
  data arrival time                                                1.5721

  clock CLK (rise edge)                                 1.0000     1.0000
  clock network delay (ideal)                           0.0500     1.0500
  clock uncertainty                                    -0.0500     1.0000
  DP_i_fetch_i_pc_i_Y_reg_3_/CK (DFF_X2)                0.0000     1.0000 r
  library setup time                                   -0.0275     0.9725
  data required time                                               0.9725
  --------------------------------------------------------------------------
  data required time                                               0.9725
  data arrival time                                               -1.5721
  --------------------------------------------------------------------------
  slack (VIOLATED)                                                -0.5996


  Startpoint: DP_i_fetch_i_IR_out_reg_30_
              (rising edge-triggered flip-flop clocked by CLK)
  Endpoint: DP_i_fetch_i_pc_i_Y_reg_0_
            (rising edge-triggered flip-flop clocked by CLK)
  Path Group: REG2REG
  Path Type: max

  Des/Clust/Port     Wire Load Model       Library
  ------------------------------------------------
  DLX                5K_hvratio_1_4        NangateOpenCellLibrary

  Point                                                   Incr       Path
  --------------------------------------------------------------------------
  clock CLK (rise edge)                                 0.0000     0.0000
  clock network delay (ideal)                           0.0500     0.0500
  DP_i_fetch_i_IR_out_reg_30_/CK (DFF_X1)               0.0000     0.0500 r
  DP_i_fetch_i_IR_out_reg_30_/Q (DFF_X1)                0.1075     0.1575 r
  U4087/ZN (AND2_X1)                                    0.0494     0.2070 r
  U4088/ZN (XNOR2_X1)                                   0.0594     0.2664 r
  U4090/ZN (AND2_X1)                                    0.0469     0.3133 r
  U5851/ZN (AOI21_X1)                                   0.0345     0.3478 f
  U5859/ZN (OR4_X2)                                     0.0907     0.4385 f
  U5861/ZN (NAND2_X1)                                   0.0447     0.4832 r
  U5867/ZN (NAND2_X1)                                   0.0351     0.5183 f
  U2890/ZN (AND2_X1)                                    0.0416     0.5599 f
  U5954/S (FA_X1)                                       0.1349     0.6948 r
  U5959/ZN (NAND4_X1)                                   0.0482     0.7430 f
  U5960/ZN (NAND2_X1)                                   0.0362     0.7792 r
  U816/ZN (AND4_X2)                                     0.0604     0.8396 r
  U5961/ZN (XNOR2_X1)                                   0.0612     0.9008 r
  U5962/ZN (NAND2_X1)                                   0.0414     0.9422 f
  U5971/ZN (OR2_X1)                                     0.0583     1.0004 f
  U5977/ZN (OAI211_X1)                                  0.0394     1.0399 r
  U3184/Z (BUF_X1)                                      0.0424     1.0823 r
  U6098/ZN (INV_X1)                                     0.0274     1.1097 f
  U6099/ZN (XNOR2_X1)                                   0.0431     1.1529 r
  U998/ZN (AND4_X1)                                     0.0620     1.2149 r
  U6126/ZN (NAND4_X1)                                   0.0440     1.2589 f
  U8217/ZN (NAND2_X1)                                   0.0513     1.3101 r
  U11628/ZN (NAND4_X4)                                  0.1250     1.4351 f
  U12954/ZN (OR2_X1)                                    0.0949     1.5300 f
  U12956/ZN (NAND4_X1)                                  0.0312     1.5612 r
  DP_i_fetch_i_pc_i_Y_reg_0_/D (DFF_X2)                 0.0109     1.5721 r
  data arrival time                                                1.5721

  clock CLK (rise edge)                                 1.0000     1.0000
  clock network delay (ideal)                           0.0500     1.0500
  clock uncertainty                                    -0.0500     1.0000
  DP_i_fetch_i_pc_i_Y_reg_0_/CK (DFF_X2)                0.0000     1.0000 r
  library setup time                                   -0.0275     0.9725
  data required time                                               0.9725
  --------------------------------------------------------------------------
  data required time                                               0.9725
  data arrival time                                               -1.5721
  --------------------------------------------------------------------------
  slack (VIOLATED)                                                -0.5996


  Startpoint: DP_i_fetch_i_IR_out_reg_30_
              (rising edge-triggered flip-flop clocked by CLK)
  Endpoint: DP_i_fetch_i_pc_i_Y_reg_7_
            (rising edge-triggered flip-flop clocked by CLK)
  Path Group: REG2REG
  Path Type: max

  Des/Clust/Port     Wire Load Model       Library
  ------------------------------------------------
  DLX                5K_hvratio_1_4        NangateOpenCellLibrary

  Point                                                   Incr       Path
  --------------------------------------------------------------------------
  clock CLK (rise edge)                                 0.0000     0.0000
  clock network delay (ideal)                           0.0500     0.0500
  DP_i_fetch_i_IR_out_reg_30_/CK (DFF_X1)               0.0000     0.0500 r
  DP_i_fetch_i_IR_out_reg_30_/Q (DFF_X1)                0.1075     0.1575 r
  U4087/ZN (AND2_X1)                                    0.0494     0.2070 r
  U4088/ZN (XNOR2_X1)                                   0.0594     0.2664 r
  U4090/ZN (AND2_X1)                                    0.0469     0.3133 r
  U5851/ZN (AOI21_X1)                                   0.0345     0.3478 f
  U5859/ZN (OR4_X2)                                     0.0907     0.4385 f
  U5861/ZN (NAND2_X1)                                   0.0447     0.4832 r
  U5867/ZN (NAND2_X1)                                   0.0351     0.5183 f
  U2890/ZN (AND2_X1)                                    0.0416     0.5599 f
  U5954/S (FA_X1)                                       0.1349     0.6948 r
  U5959/ZN (NAND4_X1)                                   0.0482     0.7430 f
  U5960/ZN (NAND2_X1)                                   0.0362     0.7792 r
  U816/ZN (AND4_X2)                                     0.0604     0.8396 r
  U5961/ZN (XNOR2_X1)                                   0.0612     0.9008 r
  U5962/ZN (NAND2_X1)                                   0.0414     0.9422 f
  U5971/ZN (OR2_X1)                                     0.0583     1.0004 f
  U5977/ZN (OAI211_X1)                                  0.0394     1.0399 r
  U3184/Z (BUF_X1)                                      0.0424     1.0823 r
  U6098/ZN (INV_X1)                                     0.0274     1.1097 f
  U6099/ZN (XNOR2_X1)                                   0.0431     1.1529 r
  U998/ZN (AND4_X1)                                     0.0620     1.2149 r
  U6126/ZN (NAND4_X1)                                   0.0440     1.2589 f
  U8217/ZN (NAND2_X1)                                   0.0513     1.3101 r
  U11628/ZN (NAND4_X4)                                  0.1250     1.4351 f
  U12881/ZN (OR2_X1)                                    0.0949     1.5300 f
  U12883/ZN (NAND4_X1)                                  0.0312     1.5612 r
  DP_i_fetch_i_pc_i_Y_reg_7_/D (DFF_X2)                 0.0109     1.5721 r
  data arrival time                                                1.5721

  clock CLK (rise edge)                                 1.0000     1.0000
  clock network delay (ideal)                           0.0500     1.0500
  clock uncertainty                                    -0.0500     1.0000
  DP_i_fetch_i_pc_i_Y_reg_7_/CK (DFF_X2)                0.0000     1.0000 r
  library setup time                                   -0.0275     0.9725
  data required time                                               0.9725
  --------------------------------------------------------------------------
  data required time                                               0.9725
  data arrival time                                               -1.5721
  --------------------------------------------------------------------------
  slack (VIOLATED)                                                -0.5996


  Startpoint: DP_i_fetch_i_IR_out_reg_30_
              (rising edge-triggered flip-flop clocked by CLK)
  Endpoint: DP_i_fetch_i_pc_i_Y_reg_6_
            (rising edge-triggered flip-flop clocked by CLK)
  Path Group: REG2REG
  Path Type: max

  Des/Clust/Port     Wire Load Model       Library
  ------------------------------------------------
  DLX                5K_hvratio_1_4        NangateOpenCellLibrary

  Point                                                   Incr       Path
  --------------------------------------------------------------------------
  clock CLK (rise edge)                                 0.0000     0.0000
  clock network delay (ideal)                           0.0500     0.0500
  DP_i_fetch_i_IR_out_reg_30_/CK (DFF_X1)               0.0000     0.0500 r
  DP_i_fetch_i_IR_out_reg_30_/Q (DFF_X1)                0.1075     0.1575 r
  U4087/ZN (AND2_X1)                                    0.0494     0.2070 r
  U4088/ZN (XNOR2_X1)                                   0.0594     0.2664 r
  U4090/ZN (AND2_X1)                                    0.0469     0.3133 r
  U5851/ZN (AOI21_X1)                                   0.0345     0.3478 f
  U5859/ZN (OR4_X2)                                     0.0907     0.4385 f
  U5861/ZN (NAND2_X1)                                   0.0447     0.4832 r
  U5867/ZN (NAND2_X1)                                   0.0351     0.5183 f
  U2890/ZN (AND2_X1)                                    0.0416     0.5599 f
  U5954/S (FA_X1)                                       0.1349     0.6948 r
  U5959/ZN (NAND4_X1)                                   0.0482     0.7430 f
  U5960/ZN (NAND2_X1)                                   0.0362     0.7792 r
  U816/ZN (AND4_X2)                                     0.0604     0.8396 r
  U5961/ZN (XNOR2_X1)                                   0.0612     0.9008 r
  U5962/ZN (NAND2_X1)                                   0.0414     0.9422 f
  U5971/ZN (OR2_X1)                                     0.0583     1.0004 f
  U5977/ZN (OAI211_X1)                                  0.0394     1.0399 r
  U3184/Z (BUF_X1)                                      0.0424     1.0823 r
  U6098/ZN (INV_X1)                                     0.0274     1.1097 f
  U6099/ZN (XNOR2_X1)                                   0.0431     1.1529 r
  U998/ZN (AND4_X1)                                     0.0620     1.2149 r
  U6126/ZN (NAND4_X1)                                   0.0440     1.2589 f
  U8217/ZN (NAND2_X1)                                   0.0513     1.3101 r
  U11628/ZN (NAND4_X4)                                  0.1250     1.4351 f
  U12909/ZN (OR2_X1)                                    0.0949     1.5300 f
  U12911/ZN (NAND4_X1)                                  0.0312     1.5612 r
  DP_i_fetch_i_pc_i_Y_reg_6_/D (DFF_X2)                 0.0109     1.5721 r
  data arrival time                                                1.5721

  clock CLK (rise edge)                                 1.0000     1.0000
  clock network delay (ideal)                           0.0500     1.0500
  clock uncertainty                                    -0.0500     1.0000
  DP_i_fetch_i_pc_i_Y_reg_6_/CK (DFF_X2)                0.0000     1.0000 r
  library setup time                                   -0.0275     0.9725
  data required time                                               0.9725
  --------------------------------------------------------------------------
  data required time                                               0.9725
  data arrival time                                               -1.5721
  --------------------------------------------------------------------------
  slack (VIOLATED)                                                -0.5996


  Startpoint: DP_i_fetch_i_IR_out_reg_30_
              (rising edge-triggered flip-flop clocked by CLK)
  Endpoint: DP_i_fetch_i_pc_i_Y_reg_4_
            (rising edge-triggered flip-flop clocked by CLK)
  Path Group: REG2REG
  Path Type: max

  Des/Clust/Port     Wire Load Model       Library
  ------------------------------------------------
  DLX                5K_hvratio_1_4        NangateOpenCellLibrary

  Point                                                   Incr       Path
  --------------------------------------------------------------------------
  clock CLK (rise edge)                                 0.0000     0.0000
  clock network delay (ideal)                           0.0500     0.0500
  DP_i_fetch_i_IR_out_reg_30_/CK (DFF_X1)               0.0000     0.0500 r
  DP_i_fetch_i_IR_out_reg_30_/Q (DFF_X1)                0.1075     0.1575 r
  U4087/ZN (AND2_X1)                                    0.0494     0.2070 r
  U4088/ZN (XNOR2_X1)                                   0.0594     0.2664 r
  U4090/ZN (AND2_X1)                                    0.0469     0.3133 r
  U5851/ZN (AOI21_X1)                                   0.0345     0.3478 f
  U5859/ZN (OR4_X2)                                     0.0907     0.4385 f
  U5861/ZN (NAND2_X1)                                   0.0447     0.4832 r
  U5867/ZN (NAND2_X1)                                   0.0351     0.5183 f
  U2890/ZN (AND2_X1)                                    0.0416     0.5599 f
  U5954/S (FA_X1)                                       0.1349     0.6948 r
  U5959/ZN (NAND4_X1)                                   0.0482     0.7430 f
  U5960/ZN (NAND2_X1)                                   0.0362     0.7792 r
  U816/ZN (AND4_X2)                                     0.0604     0.8396 r
  U5961/ZN (XNOR2_X1)                                   0.0612     0.9008 r
  U5962/ZN (NAND2_X1)                                   0.0414     0.9422 f
  U5971/ZN (OR2_X1)                                     0.0583     1.0004 f
  U5977/ZN (OAI211_X1)                                  0.0394     1.0399 r
  U3184/Z (BUF_X1)                                      0.0424     1.0823 r
  U6098/ZN (INV_X1)                                     0.0274     1.1097 f
  U6099/ZN (XNOR2_X1)                                   0.0431     1.1529 r
  U998/ZN (AND4_X1)                                     0.0620     1.2149 r
  U6126/ZN (NAND4_X1)                                   0.0440     1.2589 f
  U8217/ZN (NAND2_X1)                                   0.0513     1.3101 r
  U11628/ZN (NAND4_X4)                                  0.1250     1.4351 f
  U12893/ZN (OR2_X1)                                    0.0949     1.5300 f
  U12895/ZN (NAND4_X1)                                  0.0312     1.5612 r
  DP_i_fetch_i_pc_i_Y_reg_4_/D (DFF_X2)                 0.0109     1.5721 r
  data arrival time                                                1.5721

  clock CLK (rise edge)                                 1.0000     1.0000
  clock network delay (ideal)                           0.0500     1.0500
  clock uncertainty                                    -0.0500     1.0000
  DP_i_fetch_i_pc_i_Y_reg_4_/CK (DFF_X2)                0.0000     1.0000 r
  library setup time                                   -0.0275     0.9725
  data required time                                               0.9725
  --------------------------------------------------------------------------
  data required time                                               0.9725
  data arrival time                                               -1.5721
  --------------------------------------------------------------------------
  slack (VIOLATED)                                                -0.5996


  Startpoint: DP_i_fetch_i_IR_out_reg_30_
              (rising edge-triggered flip-flop clocked by CLK)
  Endpoint: DP_i_fetch_i_pc_i_Y_reg_2_
            (rising edge-triggered flip-flop clocked by CLK)
  Path Group: REG2REG
  Path Type: max

  Des/Clust/Port     Wire Load Model       Library
  ------------------------------------------------
  DLX                5K_hvratio_1_4        NangateOpenCellLibrary

  Point                                                   Incr       Path
  --------------------------------------------------------------------------
  clock CLK (rise edge)                                 0.0000     0.0000
  clock network delay (ideal)                           0.0500     0.0500
  DP_i_fetch_i_IR_out_reg_30_/CK (DFF_X1)               0.0000     0.0500 r
  DP_i_fetch_i_IR_out_reg_30_/Q (DFF_X1)                0.1075     0.1575 r
  U4087/ZN (AND2_X1)                                    0.0494     0.2070 r
  U4088/ZN (XNOR2_X1)                                   0.0594     0.2664 r
  U4090/ZN (AND2_X1)                                    0.0469     0.3133 r
  U5851/ZN (AOI21_X1)                                   0.0345     0.3478 f
  U5859/ZN (OR4_X2)                                     0.0907     0.4385 f
  U5861/ZN (NAND2_X1)                                   0.0447     0.4832 r
  U5867/ZN (NAND2_X1)                                   0.0351     0.5183 f
  U2890/ZN (AND2_X1)                                    0.0416     0.5599 f
  U5954/S (FA_X1)                                       0.1349     0.6948 r
  U5959/ZN (NAND4_X1)                                   0.0482     0.7430 f
  U5960/ZN (NAND2_X1)                                   0.0362     0.7792 r
  U816/ZN (AND4_X2)                                     0.0604     0.8396 r
  U5961/ZN (XNOR2_X1)                                   0.0612     0.9008 r
  U5962/ZN (NAND2_X1)                                   0.0414     0.9422 f
  U5971/ZN (OR2_X1)                                     0.0583     1.0004 f
  U5977/ZN (OAI211_X1)                                  0.0394     1.0399 r
  U3184/Z (BUF_X1)                                      0.0424     1.0823 r
  U6098/ZN (INV_X1)                                     0.0274     1.1097 f
  U6099/ZN (XNOR2_X1)                                   0.0431     1.1529 r
  U998/ZN (AND4_X1)                                     0.0620     1.2149 r
  U6126/ZN (NAND4_X1)                                   0.0440     1.2589 f
  U8217/ZN (NAND2_X1)                                   0.0513     1.3101 r
  U11628/ZN (NAND4_X4)                                  0.1250     1.4351 f
  U12901/ZN (OR2_X1)                                    0.0949     1.5300 f
  U12903/ZN (NAND4_X1)                                  0.0312     1.5612 r
  DP_i_fetch_i_pc_i_Y_reg_2_/D (DFF_X2)                 0.0109     1.5721 r
  data arrival time                                                1.5721

  clock CLK (rise edge)                                 1.0000     1.0000
  clock network delay (ideal)                           0.0500     1.0500
  clock uncertainty                                    -0.0500     1.0000
  DP_i_fetch_i_pc_i_Y_reg_2_/CK (DFF_X2)                0.0000     1.0000 r
  library setup time                                   -0.0275     0.9725
  data required time                                               0.9725
  --------------------------------------------------------------------------
  data required time                                               0.9725
  data arrival time                                               -1.5721
  --------------------------------------------------------------------------
  slack (VIOLATED)                                                -0.5996


  Startpoint: DP_i_fetch_i_IR_out_reg_30_
              (rising edge-triggered flip-flop clocked by CLK)
  Endpoint: DP_i_fetch_i_pc_i_clk_gate_Y_reg/latch
            (gating element for clock CLK)
  Path Group: CLK
  Path Type: max

  Des/Clust/Port     Wire Load Model       Library
  ------------------------------------------------
  DLX                5K_hvratio_1_4        NangateOpenCellLibrary

  Point                                                   Incr       Path
  --------------------------------------------------------------------------
  clock CLK (rise edge)                                 0.0000     0.0000
  clock network delay (ideal)                           0.0500     0.0500
  DP_i_fetch_i_IR_out_reg_30_/CK (DFF_X1)               0.0000     0.0500 r
  DP_i_fetch_i_IR_out_reg_30_/Q (DFF_X1)                0.1075     0.1575 r
  U4087/ZN (AND2_X1)                                    0.0494     0.2070 r
  U4088/ZN (XNOR2_X1)                                   0.0594     0.2664 r
  U4090/ZN (AND2_X1)                                    0.0469     0.3133 r
  U5851/ZN (AOI21_X1)                                   0.0345     0.3478 f
  U5859/ZN (OR4_X2)                                     0.0907     0.4385 f
  U5861/ZN (NAND2_X1)                                   0.0447     0.4832 r
  U5867/ZN (NAND2_X1)                                   0.0351     0.5183 f
  U2890/ZN (AND2_X1)                                    0.0416     0.5599 f
  U5954/S (FA_X1)                                       0.1349     0.6948 r
  U5959/ZN (NAND4_X1)                                   0.0482     0.7430 f
  U5960/ZN (NAND2_X1)                                   0.0362     0.7792 r
  U816/ZN (AND4_X2)                                     0.0604     0.8396 r
  U5961/ZN (XNOR2_X1)                                   0.0612     0.9008 r
  U5962/ZN (NAND2_X1)                                   0.0414     0.9422 f
  U5971/ZN (OR2_X1)                                     0.0583     1.0004 f
  U5977/ZN (OAI211_X1)                                  0.0394     1.0399 r
  U3184/Z (BUF_X1)                                      0.0424     1.0823 r
  U6098/ZN (INV_X1)                                     0.0274     1.1097 f
  U6099/ZN (XNOR2_X1)                                   0.0431     1.1529 r
  U998/ZN (AND4_X1)                                     0.0620     1.2149 r
  U6126/ZN (NAND4_X1)                                   0.0440     1.2589 f
  U6127/ZN (OR2_X1)                                     0.0720     1.3309 f
  U2852/ZN (NAND2_X1)                                   0.0338     1.3647 r
  U12021/ZN (NAND2_X1)                                  0.0258     1.3906 f
  DP_i_fetch_i_pc_i_clk_gate_Y_reg/EN (SNPS_CLOCK_GATE_HIGH_data_reg_NBIT30_2_2)
                                                        0.0000     1.3906 f
  DP_i_fetch_i_pc_i_clk_gate_Y_reg/latch/E (CLKGATETST_X1)
                                                        0.0088     1.3994 f
  data arrival time                                                1.3994

  clock CLK (rise edge)                                 1.0000     1.0000
  clock network delay (ideal)                           0.0500     1.0500
  clock uncertainty                                    -0.0500     1.0000
  DP_i_fetch_i_pc_i_clk_gate_Y_reg/latch/CK (CLKGATETST_X1)
                                                        0.0000     1.0000 r
  clock gating setup time                              -0.0626     0.9374
  data required time                                               0.9374
  --------------------------------------------------------------------------
  data required time                                               0.9374
  data arrival time                                               -1.3994
  --------------------------------------------------------------------------
  slack (VIOLATED)                                                -0.4620


  Startpoint: DP_i_fetch_i_IR_out_reg_30_
              (rising edge-triggered flip-flop clocked by CLK)
  Endpoint: DP_i_fetch_i_pc_i_clk_gate_Y_reg/latch
            (gating element for clock CLK)
  Path Group: CLK
  Path Type: max

  Des/Clust/Port     Wire Load Model       Library
  ------------------------------------------------
  DLX                5K_hvratio_1_4        NangateOpenCellLibrary

  Point                                                   Incr       Path
  --------------------------------------------------------------------------
  clock CLK (rise edge)                                 0.0000     0.0000
  clock network delay (ideal)                           0.0500     0.0500
  DP_i_fetch_i_IR_out_reg_30_/CK (DFF_X1)               0.0000     0.0500 r
  DP_i_fetch_i_IR_out_reg_30_/Q (DFF_X1)                0.1075     0.1575 r
  U4087/ZN (AND2_X1)                                    0.0494     0.2070 r
  U4088/ZN (XNOR2_X1)                                   0.0594     0.2664 r
  U4090/ZN (AND2_X1)                                    0.0469     0.3133 r
  U5851/ZN (AOI21_X1)                                   0.0345     0.3478 f
  U5859/ZN (OR4_X2)                                     0.0907     0.4385 f
  U5861/ZN (NAND2_X1)                                   0.0447     0.4832 r
  U5867/ZN (NAND2_X1)                                   0.0351     0.5183 f
  U2890/ZN (AND2_X1)                                    0.0416     0.5599 f
  U5954/S (FA_X1)                                       0.1349     0.6948 r
  U5959/ZN (NAND4_X1)                                   0.0482     0.7430 f
  U5960/ZN (NAND2_X1)                                   0.0362     0.7792 r
  U816/ZN (AND4_X2)                                     0.0604     0.8396 r
  U5961/ZN (XNOR2_X1)                                   0.0612     0.9008 r
  U5962/ZN (NAND2_X1)                                   0.0414     0.9422 f
  U5971/ZN (OR2_X1)                                     0.0583     1.0004 f
  U5977/ZN (OAI211_X1)                                  0.0394     1.0399 r
  U2803/ZN (NAND3_X1)                                   0.0365     1.0764 f
  U5997/ZN (AND2_X1)                                    0.0420     1.1184 f
  U5998/ZN (OAI211_X1)                                  0.0380     1.1564 r
  U5999/ZN (XNOR2_X1)                                   0.0618     1.2183 r
  U6007/ZN (NAND4_X1)                                   0.0460     1.2642 f
  U6127/ZN (OR2_X1)                                     0.0666     1.3308 f
  U2852/ZN (NAND2_X1)                                   0.0338     1.3646 r
  U12021/ZN (NAND2_X1)                                  0.0258     1.3905 f
  DP_i_fetch_i_pc_i_clk_gate_Y_reg/EN (SNPS_CLOCK_GATE_HIGH_data_reg_NBIT30_2_2)
                                                        0.0000     1.3905 f
  DP_i_fetch_i_pc_i_clk_gate_Y_reg/latch/E (CLKGATETST_X1)
                                                        0.0088     1.3993 f
  data arrival time                                                1.3993

  clock CLK (rise edge)                                 1.0000     1.0000
  clock network delay (ideal)                           0.0500     1.0500
  clock uncertainty                                    -0.0500     1.0000
  DP_i_fetch_i_pc_i_clk_gate_Y_reg/latch/CK (CLKGATETST_X1)
                                                        0.0000     1.0000 r
  clock gating setup time                              -0.0626     0.9374
  data required time                                               0.9374
  --------------------------------------------------------------------------
  data required time                                               0.9374
  data arrival time                                               -1.3993
  --------------------------------------------------------------------------
  slack (VIOLATED)                                                -0.4619


  Startpoint: DP_i_mem_access_i_rd_out_reg_i_Y_reg_0_
              (rising edge-triggered flip-flop clocked by CLK)
  Endpoint: DP_i_fetch_i_btb_i_clk_gate_btb_table_reg_6__TARGET_/latch
            (gating element for clock CLK)
  Path Group: CLK
  Path Type: max

  Des/Clust/Port     Wire Load Model       Library
  ------------------------------------------------
  DLX                5K_hvratio_1_4        NangateOpenCellLibrary

  Point                                                   Incr       Path
  --------------------------------------------------------------------------
  clock CLK (rise edge)                                 0.0000     0.0000
  clock network delay (ideal)                           0.0500     0.0500
  DP_i_mem_access_i_rd_out_reg_i_Y_reg_0_/CK (DFF_X1)   0.0000     0.0500 r
  DP_i_mem_access_i_rd_out_reg_i_Y_reg_0_/QN (DFF_X1)   0.0840     0.1340 r
  U3953/ZN (XNOR2_X1)                                   0.0624     0.1964 r
  U3954/ZN (AND2_X1)                                    0.0452     0.2417 r
  U5875/ZN (AND4_X1)                                    0.0720     0.3137 r
  U3972/Z (BUF_X4)                                      0.0795     0.3932 r
  U4125/ZN (NOR2_X1)                                    0.0550     0.4482 f
  U861/Z (BUF_X1)                                       0.0811     0.5293 f
  U4172/ZN (AOI22_X1)                                   0.0854     0.6146 r
  U4173/ZN (AND2_X1)                                    0.0436     0.6582 r
  U2074/ZN (AND4_X1)                                    0.0645     0.7227 r
  U839/ZN (AND4_X1)                                     0.0786     0.8013 r
  U5815/ZN (AND4_X1)                                    0.0716     0.8729 r
  U5842/ZN (NAND4_X1)                                   0.0457     0.9187 f
  U2831/ZN (OAI211_X1)                                  0.0595     0.9781 r
  U2830/ZN (OR3_X1)                                     0.0433     1.0214 r
  U1456/ZN (AND4_X2)                                    0.0700     1.0914 r
  U1408/ZN (AND3_X1)                                    0.0661     1.1575 r
  U13117/ZN (NAND2_X2)                                  0.0621     1.2196 f
  U13118/ZN (NAND2_X1)                                  0.0602     1.2798 r
  U13145/ZN (AND2_X1)                                   0.0556     1.3354 r
  U13149/ZN (AND2_X1)                                   0.0449     1.3802 r
  DP_i_fetch_i_btb_i_clk_gate_btb_table_reg_6__TARGET_/EN (SNPS_CLOCK_GATE_HIGH_BTB_NBIT32_BTB_DEPTH16_BTB_INDEX_MSB5_20)
                                                        0.0000     1.3802 r
  DP_i_fetch_i_btb_i_clk_gate_btb_table_reg_6__TARGET_/latch/E (CLKGATETST_X1)
                                                        0.0091     1.3893 r
  data arrival time                                                1.3893

  clock CLK (rise edge)                                 1.0000     1.0000
  clock network delay (ideal)                           0.0500     1.0500
  clock uncertainty                                    -0.0500     1.0000
  DP_i_fetch_i_btb_i_clk_gate_btb_table_reg_6__TARGET_/latch/CK (CLKGATETST_X1)
                                                        0.0000     1.0000 r
  clock gating setup time                              -0.0720     0.9280
  data required time                                               0.9280
  --------------------------------------------------------------------------
  data required time                                               0.9280
  data arrival time                                               -1.3893
  --------------------------------------------------------------------------
  slack (VIOLATED)                                                -0.4612


  Startpoint: DP_i_mem_access_i_rd_out_reg_i_Y_reg_0_
              (rising edge-triggered flip-flop clocked by CLK)
  Endpoint: DP_i_fetch_i_btb_i_clk_gate_btb_table_reg_10__TARGET_/latch
            (gating element for clock CLK)
  Path Group: CLK
  Path Type: max

  Des/Clust/Port     Wire Load Model       Library
  ------------------------------------------------
  DLX                5K_hvratio_1_4        NangateOpenCellLibrary

  Point                                                   Incr       Path
  --------------------------------------------------------------------------
  clock CLK (rise edge)                                 0.0000     0.0000
  clock network delay (ideal)                           0.0500     0.0500
  DP_i_mem_access_i_rd_out_reg_i_Y_reg_0_/CK (DFF_X1)   0.0000     0.0500 r
  DP_i_mem_access_i_rd_out_reg_i_Y_reg_0_/QN (DFF_X1)   0.0840     0.1340 r
  U3953/ZN (XNOR2_X1)                                   0.0624     0.1964 r
  U3954/ZN (AND2_X1)                                    0.0452     0.2417 r
  U5875/ZN (AND4_X1)                                    0.0720     0.3137 r
  U3972/Z (BUF_X4)                                      0.0795     0.3932 r
  U4125/ZN (NOR2_X1)                                    0.0550     0.4482 f
  U861/Z (BUF_X1)                                       0.0811     0.5293 f
  U4172/ZN (AOI22_X1)                                   0.0854     0.6146 r
  U4173/ZN (AND2_X1)                                    0.0436     0.6582 r
  U2074/ZN (AND4_X1)                                    0.0645     0.7227 r
  U839/ZN (AND4_X1)                                     0.0786     0.8013 r
  U5815/ZN (AND4_X1)                                    0.0716     0.8729 r
  U5842/ZN (NAND4_X1)                                   0.0457     0.9187 f
  U2831/ZN (OAI211_X1)                                  0.0595     0.9781 r
  U2830/ZN (OR3_X1)                                     0.0433     1.0214 r
  U1456/ZN (AND4_X2)                                    0.0700     1.0914 r
  U1408/ZN (AND3_X1)                                    0.0661     1.1575 r
  U13117/ZN (NAND2_X2)                                  0.0621     1.2196 f
  U13118/ZN (NAND2_X1)                                  0.0602     1.2798 r
  U13132/ZN (AND2_X1)                                   0.0556     1.3354 r
  U13136/ZN (AND2_X1)                                   0.0449     1.3802 r
  DP_i_fetch_i_btb_i_clk_gate_btb_table_reg_10__TARGET_/EN (SNPS_CLOCK_GATE_HIGH_BTB_NBIT32_BTB_DEPTH16_BTB_INDEX_MSB5_12)
                                                        0.0000     1.3802 r
  DP_i_fetch_i_btb_i_clk_gate_btb_table_reg_10__TARGET_/latch/E (CLKGATETST_X1)
                                                        0.0091     1.3893 r
  data arrival time                                                1.3893

  clock CLK (rise edge)                                 1.0000     1.0000
  clock network delay (ideal)                           0.0500     1.0500
  clock uncertainty                                    -0.0500     1.0000
  DP_i_fetch_i_btb_i_clk_gate_btb_table_reg_10__TARGET_/latch/CK (CLKGATETST_X1)
                                                        0.0000     1.0000 r
  clock gating setup time                              -0.0720     0.9280
  data required time                                               0.9280
  --------------------------------------------------------------------------
  data required time                                               0.9280
  data arrival time                                               -1.3893
  --------------------------------------------------------------------------
  slack (VIOLATED)                                                -0.4612


  Startpoint: DP_i_mem_access_i_rd_out_reg_i_Y_reg_0_
              (rising edge-triggered flip-flop clocked by CLK)
  Endpoint: DP_i_fetch_i_btb_i_clk_gate_btb_table_reg_5__TARGET_/latch
            (gating element for clock CLK)
  Path Group: CLK
  Path Type: max

  Des/Clust/Port     Wire Load Model       Library
  ------------------------------------------------
  DLX                5K_hvratio_1_4        NangateOpenCellLibrary

  Point                                                   Incr       Path
  --------------------------------------------------------------------------
  clock CLK (rise edge)                                 0.0000     0.0000
  clock network delay (ideal)                           0.0500     0.0500
  DP_i_mem_access_i_rd_out_reg_i_Y_reg_0_/CK (DFF_X1)   0.0000     0.0500 r
  DP_i_mem_access_i_rd_out_reg_i_Y_reg_0_/QN (DFF_X1)   0.0840     0.1340 r
  U3953/ZN (XNOR2_X1)                                   0.0624     0.1964 r
  U3954/ZN (AND2_X1)                                    0.0452     0.2417 r
  U5875/ZN (AND4_X1)                                    0.0720     0.3137 r
  U3972/Z (BUF_X4)                                      0.0795     0.3932 r
  U4125/ZN (NOR2_X1)                                    0.0550     0.4482 f
  U861/Z (BUF_X1)                                       0.0811     0.5293 f
  U4172/ZN (AOI22_X1)                                   0.0854     0.6146 r
  U4173/ZN (AND2_X1)                                    0.0436     0.6582 r
  U2074/ZN (AND4_X1)                                    0.0645     0.7227 r
  U839/ZN (AND4_X1)                                     0.0786     0.8013 r
  U5815/ZN (AND4_X1)                                    0.0716     0.8729 r
  U5842/ZN (NAND4_X1)                                   0.0457     0.9187 f
  U2831/ZN (OAI211_X1)                                  0.0595     0.9781 r
  U2830/ZN (OR3_X1)                                     0.0433     1.0214 r
  U1456/ZN (AND4_X2)                                    0.0700     1.0914 r
  U1408/ZN (AND3_X1)                                    0.0661     1.1575 r
  U13117/ZN (NAND2_X2)                                  0.0621     1.2196 f
  U13118/ZN (NAND2_X1)                                  0.0602     1.2798 r
  U13145/ZN (AND2_X1)                                   0.0556     1.3354 r
  U13152/ZN (AND2_X1)                                   0.0449     1.3802 r
  DP_i_fetch_i_btb_i_clk_gate_btb_table_reg_5__TARGET_/EN (SNPS_CLOCK_GATE_HIGH_BTB_NBIT32_BTB_DEPTH16_BTB_INDEX_MSB5_22)
                                                        0.0000     1.3802 r
  DP_i_fetch_i_btb_i_clk_gate_btb_table_reg_5__TARGET_/latch/E (CLKGATETST_X1)
                                                        0.0091     1.3893 r
  data arrival time                                                1.3893

  clock CLK (rise edge)                                 1.0000     1.0000
  clock network delay (ideal)                           0.0500     1.0500
  clock uncertainty                                    -0.0500     1.0000
  DP_i_fetch_i_btb_i_clk_gate_btb_table_reg_5__TARGET_/latch/CK (CLKGATETST_X1)
                                                        0.0000     1.0000 r
  clock gating setup time                              -0.0720     0.9280
  data required time                                               0.9280
  --------------------------------------------------------------------------
  data required time                                               0.9280
  data arrival time                                               -1.3893
  --------------------------------------------------------------------------
  slack (VIOLATED)                                                -0.4612


  Startpoint: DP_i_mem_access_i_rd_out_reg_i_Y_reg_0_
              (rising edge-triggered flip-flop clocked by CLK)
  Endpoint: DP_i_fetch_i_btb_i_clk_gate_btb_table_reg_9__TARGET_/latch
            (gating element for clock CLK)
  Path Group: CLK
  Path Type: max

  Des/Clust/Port     Wire Load Model       Library
  ------------------------------------------------
  DLX                5K_hvratio_1_4        NangateOpenCellLibrary

  Point                                                   Incr       Path
  --------------------------------------------------------------------------
  clock CLK (rise edge)                                 0.0000     0.0000
  clock network delay (ideal)                           0.0500     0.0500
  DP_i_mem_access_i_rd_out_reg_i_Y_reg_0_/CK (DFF_X1)   0.0000     0.0500 r
  DP_i_mem_access_i_rd_out_reg_i_Y_reg_0_/QN (DFF_X1)   0.0840     0.1340 r
  U3953/ZN (XNOR2_X1)                                   0.0624     0.1964 r
  U3954/ZN (AND2_X1)                                    0.0452     0.2417 r
  U5875/ZN (AND4_X1)                                    0.0720     0.3137 r
  U3972/Z (BUF_X4)                                      0.0795     0.3932 r
  U4125/ZN (NOR2_X1)                                    0.0550     0.4482 f
  U861/Z (BUF_X1)                                       0.0811     0.5293 f
  U4172/ZN (AOI22_X1)                                   0.0854     0.6146 r
  U4173/ZN (AND2_X1)                                    0.0436     0.6582 r
  U2074/ZN (AND4_X1)                                    0.0645     0.7227 r
  U839/ZN (AND4_X1)                                     0.0786     0.8013 r
  U5815/ZN (AND4_X1)                                    0.0716     0.8729 r
  U5842/ZN (NAND4_X1)                                   0.0457     0.9187 f
  U2831/ZN (OAI211_X1)                                  0.0595     0.9781 r
  U2830/ZN (OR3_X1)                                     0.0433     1.0214 r
  U1456/ZN (AND4_X2)                                    0.0700     1.0914 r
  U1408/ZN (AND3_X1)                                    0.0661     1.1575 r
  U13117/ZN (NAND2_X2)                                  0.0621     1.2196 f
  U13118/ZN (NAND2_X1)                                  0.0602     1.2798 r
  U13132/ZN (AND2_X1)                                   0.0556     1.3354 r
  U13139/ZN (AND2_X1)                                   0.0449     1.3802 r
  DP_i_fetch_i_btb_i_clk_gate_btb_table_reg_9__TARGET_/EN (SNPS_CLOCK_GATE_HIGH_BTB_NBIT32_BTB_DEPTH16_BTB_INDEX_MSB5_14)
                                                        0.0000     1.3802 r
  DP_i_fetch_i_btb_i_clk_gate_btb_table_reg_9__TARGET_/latch/E (CLKGATETST_X1)
                                                        0.0091     1.3893 r
  data arrival time                                                1.3893

  clock CLK (rise edge)                                 1.0000     1.0000
  clock network delay (ideal)                           0.0500     1.0500
  clock uncertainty                                    -0.0500     1.0000
  DP_i_fetch_i_btb_i_clk_gate_btb_table_reg_9__TARGET_/latch/CK (CLKGATETST_X1)
                                                        0.0000     1.0000 r
  clock gating setup time                              -0.0720     0.9280
  data required time                                               0.9280
  --------------------------------------------------------------------------
  data required time                                               0.9280
  data arrival time                                               -1.3893
  --------------------------------------------------------------------------
  slack (VIOLATED)                                                -0.4612


  Startpoint: DP_i_mem_access_i_rd_out_reg_i_Y_reg_0_
              (rising edge-triggered flip-flop clocked by CLK)
  Endpoint: DP_i_fetch_i_btb_i_clk_gate_btb_table_reg_7__TARGET_/latch
            (gating element for clock CLK)
  Path Group: CLK
  Path Type: max

  Des/Clust/Port     Wire Load Model       Library
  ------------------------------------------------
  DLX                5K_hvratio_1_4        NangateOpenCellLibrary

  Point                                                   Incr       Path
  --------------------------------------------------------------------------
  clock CLK (rise edge)                                 0.0000     0.0000
  clock network delay (ideal)                           0.0500     0.0500
  DP_i_mem_access_i_rd_out_reg_i_Y_reg_0_/CK (DFF_X1)   0.0000     0.0500 r
  DP_i_mem_access_i_rd_out_reg_i_Y_reg_0_/QN (DFF_X1)   0.0840     0.1340 r
  U3953/ZN (XNOR2_X1)                                   0.0624     0.1964 r
  U3954/ZN (AND2_X1)                                    0.0452     0.2417 r
  U5875/ZN (AND4_X1)                                    0.0720     0.3137 r
  U3972/Z (BUF_X4)                                      0.0795     0.3932 r
  U4125/ZN (NOR2_X1)                                    0.0550     0.4482 f
  U861/Z (BUF_X1)                                       0.0811     0.5293 f
  U4172/ZN (AOI22_X1)                                   0.0854     0.6146 r
  U4173/ZN (AND2_X1)                                    0.0436     0.6582 r
  U2074/ZN (AND4_X1)                                    0.0645     0.7227 r
  U839/ZN (AND4_X1)                                     0.0786     0.8013 r
  U5815/ZN (AND4_X1)                                    0.0716     0.8729 r
  U5842/ZN (NAND4_X1)                                   0.0457     0.9187 f
  U2831/ZN (OAI211_X1)                                  0.0595     0.9781 r
  U2830/ZN (OR3_X1)                                     0.0433     1.0214 r
  U1456/ZN (AND4_X2)                                    0.0700     1.0914 r
  U1408/ZN (AND3_X1)                                    0.0661     1.1575 r
  U13117/ZN (NAND2_X2)                                  0.0621     1.2196 f
  U13118/ZN (NAND2_X1)                                  0.0602     1.2798 r
  U13145/ZN (AND2_X1)                                   0.0556     1.3354 r
  U13146/ZN (AND2_X1)                                   0.0449     1.3802 r
  DP_i_fetch_i_btb_i_clk_gate_btb_table_reg_7__TARGET_/EN (SNPS_CLOCK_GATE_HIGH_BTB_NBIT32_BTB_DEPTH16_BTB_INDEX_MSB5_18)
                                                        0.0000     1.3802 r
  DP_i_fetch_i_btb_i_clk_gate_btb_table_reg_7__TARGET_/latch/E (CLKGATETST_X1)
                                                        0.0091     1.3893 r
  data arrival time                                                1.3893

  clock CLK (rise edge)                                 1.0000     1.0000
  clock network delay (ideal)                           0.0500     1.0500
  clock uncertainty                                    -0.0500     1.0000
  DP_i_fetch_i_btb_i_clk_gate_btb_table_reg_7__TARGET_/latch/CK (CLKGATETST_X1)
                                                        0.0000     1.0000 r
  clock gating setup time                              -0.0720     0.9280
  data required time                                               0.9280
  --------------------------------------------------------------------------
  data required time                                               0.9280
  data arrival time                                               -1.3893
  --------------------------------------------------------------------------
  slack (VIOLATED)                                                -0.4612


  Startpoint: DP_i_mem_access_i_rd_out_reg_i_Y_reg_0_
              (rising edge-triggered flip-flop clocked by CLK)
  Endpoint: DP_i_fetch_i_btb_i_clk_gate_btb_table_reg_11__TARGET_/latch
            (gating element for clock CLK)
  Path Group: CLK
  Path Type: max

  Des/Clust/Port     Wire Load Model       Library
  ------------------------------------------------
  DLX                5K_hvratio_1_4        NangateOpenCellLibrary

  Point                                                   Incr       Path
  --------------------------------------------------------------------------
  clock CLK (rise edge)                                 0.0000     0.0000
  clock network delay (ideal)                           0.0500     0.0500
  DP_i_mem_access_i_rd_out_reg_i_Y_reg_0_/CK (DFF_X1)   0.0000     0.0500 r
  DP_i_mem_access_i_rd_out_reg_i_Y_reg_0_/QN (DFF_X1)   0.0840     0.1340 r
  U3953/ZN (XNOR2_X1)                                   0.0624     0.1964 r
  U3954/ZN (AND2_X1)                                    0.0452     0.2417 r
  U5875/ZN (AND4_X1)                                    0.0720     0.3137 r
  U3972/Z (BUF_X4)                                      0.0795     0.3932 r
  U4125/ZN (NOR2_X1)                                    0.0550     0.4482 f
  U861/Z (BUF_X1)                                       0.0811     0.5293 f
  U4172/ZN (AOI22_X1)                                   0.0854     0.6146 r
  U4173/ZN (AND2_X1)                                    0.0436     0.6582 r
  U2074/ZN (AND4_X1)                                    0.0645     0.7227 r
  U839/ZN (AND4_X1)                                     0.0786     0.8013 r
  U5815/ZN (AND4_X1)                                    0.0716     0.8729 r
  U5842/ZN (NAND4_X1)                                   0.0457     0.9187 f
  U2831/ZN (OAI211_X1)                                  0.0595     0.9781 r
  U2830/ZN (OR3_X1)                                     0.0433     1.0214 r
  U1456/ZN (AND4_X2)                                    0.0700     1.0914 r
  U1408/ZN (AND3_X1)                                    0.0661     1.1575 r
  U13117/ZN (NAND2_X2)                                  0.0621     1.2196 f
  U13118/ZN (NAND2_X1)                                  0.0602     1.2798 r
  U13132/ZN (AND2_X1)                                   0.0556     1.3354 r
  U13133/ZN (AND2_X1)                                   0.0449     1.3802 r
  DP_i_fetch_i_btb_i_clk_gate_btb_table_reg_11__TARGET_/EN (SNPS_CLOCK_GATE_HIGH_BTB_NBIT32_BTB_DEPTH16_BTB_INDEX_MSB5_10)
                                                        0.0000     1.3802 r
  DP_i_fetch_i_btb_i_clk_gate_btb_table_reg_11__TARGET_/latch/E (CLKGATETST_X1)
                                                        0.0091     1.3893 r
  data arrival time                                                1.3893

  clock CLK (rise edge)                                 1.0000     1.0000
  clock network delay (ideal)                           0.0500     1.0500
  clock uncertainty                                    -0.0500     1.0000
  DP_i_fetch_i_btb_i_clk_gate_btb_table_reg_11__TARGET_/latch/CK (CLKGATETST_X1)
                                                        0.0000     1.0000 r
  clock gating setup time                              -0.0720     0.9280
  data required time                                               0.9280
  --------------------------------------------------------------------------
  data required time                                               0.9280
  data arrival time                                               -1.3893
  --------------------------------------------------------------------------
  slack (VIOLATED)                                                -0.4612


  Startpoint: DP_i_mem_access_i_rd_out_reg_i_Y_reg_0_
              (rising edge-triggered flip-flop clocked by CLK)
  Endpoint: DP_i_fetch_i_btb_i_clk_gate_btb_table_reg_14__TARGET_/latch
            (gating element for clock CLK)
  Path Group: CLK
  Path Type: max

  Des/Clust/Port     Wire Load Model       Library
  ------------------------------------------------
  DLX                5K_hvratio_1_4        NangateOpenCellLibrary

  Point                                                   Incr       Path
  --------------------------------------------------------------------------
  clock CLK (rise edge)                                 0.0000     0.0000
  clock network delay (ideal)                           0.0500     0.0500
  DP_i_mem_access_i_rd_out_reg_i_Y_reg_0_/CK (DFF_X1)   0.0000     0.0500 r
  DP_i_mem_access_i_rd_out_reg_i_Y_reg_0_/QN (DFF_X1)   0.0840     0.1340 r
  U3953/ZN (XNOR2_X1)                                   0.0624     0.1964 r
  U3954/ZN (AND2_X1)                                    0.0452     0.2417 r
  U5875/ZN (AND4_X1)                                    0.0720     0.3137 r
  U3972/Z (BUF_X4)                                      0.0795     0.3932 r
  U4125/ZN (NOR2_X1)                                    0.0550     0.4482 f
  U861/Z (BUF_X1)                                       0.0811     0.5293 f
  U4172/ZN (AOI22_X1)                                   0.0854     0.6146 r
  U4173/ZN (AND2_X1)                                    0.0436     0.6582 r
  U2074/ZN (AND4_X1)                                    0.0645     0.7227 r
  U839/ZN (AND4_X1)                                     0.0786     0.8013 r
  U5815/ZN (AND4_X1)                                    0.0716     0.8729 r
  U5842/ZN (NAND4_X1)                                   0.0457     0.9187 f
  U2831/ZN (OAI211_X1)                                  0.0595     0.9781 r
  U2830/ZN (OR3_X1)                                     0.0433     1.0214 r
  U1456/ZN (AND4_X2)                                    0.0700     1.0914 r
  U1408/ZN (AND3_X1)                                    0.0661     1.1575 r
  U13117/ZN (NAND2_X2)                                  0.0621     1.2196 f
  U13118/ZN (NAND2_X1)                                  0.0602     1.2798 r
  U13119/ZN (AND2_X1)                                   0.0556     1.3354 r
  U13123/ZN (AND2_X1)                                   0.0449     1.3802 r
  DP_i_fetch_i_btb_i_clk_gate_btb_table_reg_14__TARGET_/EN (SNPS_CLOCK_GATE_HIGH_BTB_NBIT32_BTB_DEPTH16_BTB_INDEX_MSB5_4)
                                                        0.0000     1.3802 r
  DP_i_fetch_i_btb_i_clk_gate_btb_table_reg_14__TARGET_/latch/E (CLKGATETST_X1)
                                                        0.0091     1.3893 r
  data arrival time                                                1.3893

  clock CLK (rise edge)                                 1.0000     1.0000
  clock network delay (ideal)                           0.0500     1.0500
  clock uncertainty                                    -0.0500     1.0000
  DP_i_fetch_i_btb_i_clk_gate_btb_table_reg_14__TARGET_/latch/CK (CLKGATETST_X1)
                                                        0.0000     1.0000 r
  clock gating setup time                              -0.0720     0.9280
  data required time                                               0.9280
  --------------------------------------------------------------------------
  data required time                                               0.9280
  data arrival time                                               -1.3893
  --------------------------------------------------------------------------
  slack (VIOLATED)                                                -0.4612


  Startpoint: DP_i_mem_access_i_rd_out_reg_i_Y_reg_0_
              (rising edge-triggered flip-flop clocked by CLK)
  Endpoint: DP_i_fetch_i_btb_i_clk_gate_btb_table_reg_13__TARGET_/latch
            (gating element for clock CLK)
  Path Group: CLK
  Path Type: max

  Des/Clust/Port     Wire Load Model       Library
  ------------------------------------------------
  DLX                5K_hvratio_1_4        NangateOpenCellLibrary

  Point                                                   Incr       Path
  --------------------------------------------------------------------------
  clock CLK (rise edge)                                 0.0000     0.0000
  clock network delay (ideal)                           0.0500     0.0500
  DP_i_mem_access_i_rd_out_reg_i_Y_reg_0_/CK (DFF_X1)   0.0000     0.0500 r
  DP_i_mem_access_i_rd_out_reg_i_Y_reg_0_/QN (DFF_X1)   0.0840     0.1340 r
  U3953/ZN (XNOR2_X1)                                   0.0624     0.1964 r
  U3954/ZN (AND2_X1)                                    0.0452     0.2417 r
  U5875/ZN (AND4_X1)                                    0.0720     0.3137 r
  U3972/Z (BUF_X4)                                      0.0795     0.3932 r
  U4125/ZN (NOR2_X1)                                    0.0550     0.4482 f
  U861/Z (BUF_X1)                                       0.0811     0.5293 f
  U4172/ZN (AOI22_X1)                                   0.0854     0.6146 r
  U4173/ZN (AND2_X1)                                    0.0436     0.6582 r
  U2074/ZN (AND4_X1)                                    0.0645     0.7227 r
  U839/ZN (AND4_X1)                                     0.0786     0.8013 r
  U5815/ZN (AND4_X1)                                    0.0716     0.8729 r
  U5842/ZN (NAND4_X1)                                   0.0457     0.9187 f
  U2831/ZN (OAI211_X1)                                  0.0595     0.9781 r
  U2830/ZN (OR3_X1)                                     0.0433     1.0214 r
  U1456/ZN (AND4_X2)                                    0.0700     1.0914 r
  U1408/ZN (AND3_X1)                                    0.0661     1.1575 r
  U13117/ZN (NAND2_X2)                                  0.0621     1.2196 f
  U13118/ZN (NAND2_X1)                                  0.0602     1.2798 r
  U13119/ZN (AND2_X1)                                   0.0556     1.3354 r
  U13126/ZN (AND2_X1)                                   0.0449     1.3802 r
  DP_i_fetch_i_btb_i_clk_gate_btb_table_reg_13__TARGET_/EN (SNPS_CLOCK_GATE_HIGH_BTB_NBIT32_BTB_DEPTH16_BTB_INDEX_MSB5_6)
                                                        0.0000     1.3802 r
  DP_i_fetch_i_btb_i_clk_gate_btb_table_reg_13__TARGET_/latch/E (CLKGATETST_X1)
                                                        0.0091     1.3893 r
  data arrival time                                                1.3893

  clock CLK (rise edge)                                 1.0000     1.0000
  clock network delay (ideal)                           0.0500     1.0500
  clock uncertainty                                    -0.0500     1.0000
  DP_i_fetch_i_btb_i_clk_gate_btb_table_reg_13__TARGET_/latch/CK (CLKGATETST_X1)
                                                        0.0000     1.0000 r
  clock gating setup time                              -0.0720     0.9280
  data required time                                               0.9280
  --------------------------------------------------------------------------
  data required time                                               0.9280
  data arrival time                                               -1.3893
  --------------------------------------------------------------------------
  slack (VIOLATED)                                                -0.4612


  Startpoint: DRAM_READY (input port clocked by CLK)
  Endpoint: DP_i_execute_i_zero_alu_bit_Y_reg
            (rising edge-triggered flip-flop clocked by CLK)
  Path Group: INPUTS
  Path Type: max

  Des/Clust/Port     Wire Load Model       Library
  ------------------------------------------------
  DLX                5K_hvratio_1_4        NangateOpenCellLibrary

  Point                                                   Incr       Path
  --------------------------------------------------------------------------
  clock CLK (rise edge)                                 0.0000     0.0000
  clock network delay (ideal)                           0.0500     0.0500
  input external delay                                  0.1000     0.1500 r
  DRAM_READY (in)                                       0.0014     0.1514 r
  U2712/ZN (INV_X1)                                     0.0209     0.1723 f
  U2408/ZN (AND2_X1)                                    0.0579     0.2302 f
  U11893/ZN (NAND2_X4)                                  0.2069     0.4372 r
  U13102/ZN (AND2_X1)                                   0.0831     0.5203 r
  U12037/ZN (NAND4_X1)                                  0.0465     0.5668 f
  U11599/ZN (INV_X1)                                    0.0324     0.5992 r
  U11632/ZN (NAND3_X1)                                  0.0351     0.6342 f
  U11683/ZN (NOR4_X1)                                   0.0843     0.7186 r
  U11631/ZN (AND4_X1)                                   0.0721     0.7906 r
  U11598/ZN (NAND4_X1)                                  0.0434     0.8341 f
  U11627/ZN (NAND2_X1)                                  0.0313     0.8654 r
  DP_i_execute_i_zero_alu_bit_Y_reg/D (DFF_X1)          0.0110     0.8764 r
  data arrival time                                                0.8764

  clock CLK (rise edge)                                 1.0000     1.0000
  clock network delay (ideal)                           0.0500     1.0500
  clock uncertainty                                    -0.0500     1.0000
  DP_i_execute_i_zero_alu_bit_Y_reg/CK (DFF_X1)         0.0000     1.0000 r
  library setup time                                   -0.0268     0.9732
  data required time                                               0.9732
  --------------------------------------------------------------------------
  data required time                                               0.9732
  data arrival time                                               -0.8764
  --------------------------------------------------------------------------
  slack (MET)                                                      0.0969


  Startpoint: DRAM_READY (input port clocked by CLK)
  Endpoint: DP_i_decode_i_B_reg_i_Y_reg_2_
            (rising edge-triggered flip-flop clocked by CLK)
  Path Group: INPUTS
  Path Type: max

  Des/Clust/Port     Wire Load Model       Library
  ------------------------------------------------
  DLX                5K_hvratio_1_4        NangateOpenCellLibrary

  Point                                                   Incr       Path
  --------------------------------------------------------------------------
  clock CLK (rise edge)                                 0.0000     0.0000
  clock network delay (ideal)                           0.0500     0.0500
  input external delay                                  0.1000     0.1500 r
  DRAM_READY (in)                                       0.0014     0.1514 r
  U2712/ZN (INV_X1)                                     0.0209     0.1723 f
  U2408/ZN (AND2_X1)                                    0.0579     0.2302 f
  U12040/ZN (NOR2_X1)                                   0.0506     0.2809 r
  U12039/ZN (INV_X1)                                    0.0225     0.3034 f
  U1058/Z (CLKBUF_X1)                                   0.0369     0.3404 f
  U1042/Z (CLKBUF_X1)                                   0.0501     0.3904 f
  U2032/ZN (INV_X1)                                     0.0590     0.4494 r
  U12105/ZN (AND3_X1)                                   0.0690     0.5184 r
  U11667/ZN (INV_X1)                                    0.0239     0.5423 f
  U1026/Z (CLKBUF_X1)                                   0.0483     0.5906 f
  U1726/ZN (INV_X1)                                     0.0921     0.6827 r
  U12992/ZN (OAI21_X1)                                  0.0614     0.7441 f
  U12993/ZN (OAI211_X1)                                 0.0406     0.7847 r
  U11666/ZN (INV_X1)                                    0.0249     0.8097 f
  U12996/ZN (NAND4_X1)                                  0.0322     0.8419 r
  DP_i_decode_i_B_reg_i_Y_reg_2_/D (DFF_X1)             0.0110     0.8529 r
  data arrival time                                                0.8529

  clock CLK (rise edge)                                 1.0000     1.0000
  clock network delay (ideal)                           0.0500     1.0500
  clock uncertainty                                    -0.0500     1.0000
  DP_i_decode_i_B_reg_i_Y_reg_2_/CK (DFF_X1)            0.0000     1.0000 r
  library setup time                                   -0.0278     0.9722
  data required time                                               0.9722
  --------------------------------------------------------------------------
  data required time                                               0.9722
  data arrival time                                               -0.8529
  --------------------------------------------------------------------------
  slack (MET)                                                      0.1193


  Startpoint: DRAM_READY (input port clocked by CLK)
  Endpoint: DP_i_decode_i_B_reg_i_Y_reg_2_
            (rising edge-triggered flip-flop clocked by CLK)
  Path Group: INPUTS
  Path Type: max

  Des/Clust/Port     Wire Load Model       Library
  ------------------------------------------------
  DLX                5K_hvratio_1_4        NangateOpenCellLibrary

  Point                                                   Incr       Path
  --------------------------------------------------------------------------
  clock CLK (rise edge)                                 0.0000     0.0000
  clock network delay (ideal)                           0.0500     0.0500
  input external delay                                  0.1000     0.1500 r
  DRAM_READY (in)                                       0.0014     0.1514 r
  U2712/ZN (INV_X1)                                     0.0209     0.1723 f
  U2408/ZN (AND2_X1)                                    0.0579     0.2302 f
  U12040/ZN (NOR2_X1)                                   0.0506     0.2809 r
  U12039/ZN (INV_X1)                                    0.0225     0.3034 f
  U1058/Z (CLKBUF_X1)                                   0.0369     0.3404 f
  U1042/Z (CLKBUF_X1)                                   0.0501     0.3904 f
  U2032/ZN (INV_X1)                                     0.0590     0.4494 r
  U12105/ZN (AND3_X1)                                   0.0690     0.5184 r
  U11667/ZN (INV_X1)                                    0.0239     0.5423 f
  U1026/Z (CLKBUF_X1)                                   0.0483     0.5906 f
  U1726/ZN (INV_X1)                                     0.0921     0.6827 r
  U12992/ZN (OAI21_X1)                                  0.0614     0.7441 f
  U12993/ZN (OAI211_X1)                                 0.0397     0.7838 r
  U11666/ZN (INV_X1)                                    0.0249     0.8088 f
  U12996/ZN (NAND4_X1)                                  0.0322     0.8410 r
  DP_i_decode_i_B_reg_i_Y_reg_2_/D (DFF_X1)             0.0110     0.8520 r
  data arrival time                                                0.8520

  clock CLK (rise edge)                                 1.0000     1.0000
  clock network delay (ideal)                           0.0500     1.0500
  clock uncertainty                                    -0.0500     1.0000
  DP_i_decode_i_B_reg_i_Y_reg_2_/CK (DFF_X1)            0.0000     1.0000 r
  library setup time                                   -0.0278     0.9722
  data required time                                               0.9722
  --------------------------------------------------------------------------
  data required time                                               0.9722
  data arrival time                                               -0.8520
  --------------------------------------------------------------------------
  slack (MET)                                                      0.1202


  Startpoint: DRAM_READY (input port clocked by CLK)
  Endpoint: DP_i_decode_i_B_reg_i_Y_reg_8_
            (rising edge-triggered flip-flop clocked by CLK)
  Path Group: INPUTS
  Path Type: max

  Des/Clust/Port     Wire Load Model       Library
  ------------------------------------------------
  DLX                5K_hvratio_1_4        NangateOpenCellLibrary

  Point                                                   Incr       Path
  --------------------------------------------------------------------------
  clock CLK (rise edge)                                 0.0000     0.0000
  clock network delay (ideal)                           0.0500     0.0500
  input external delay                                  0.1000     0.1500 r
  DRAM_READY (in)                                       0.0014     0.1514 r
  U2712/ZN (INV_X1)                                     0.0209     0.1723 f
  U2408/ZN (AND2_X1)                                    0.0579     0.2302 f
  U12040/ZN (NOR2_X1)                                   0.0506     0.2809 r
  U12039/ZN (INV_X1)                                    0.0225     0.3034 f
  U1058/Z (CLKBUF_X1)                                   0.0369     0.3404 f
  U1042/Z (CLKBUF_X1)                                   0.0501     0.3904 f
  U2032/ZN (INV_X1)                                     0.0590     0.4494 r
  U1970/ZN (AND2_X1)                                    0.0665     0.5159 r
  U12007/ZN (NAND2_X1)                                  0.0371     0.5530 f
  U1665/ZN (OR2_X1)                                     0.0763     0.6293 f
  U936/ZN (INV_X4)                                      0.1097     0.7390 r
  U12221/ZN (NAND2_X1)                                  0.0591     0.7981 f
  U12226/ZN (NAND4_X1)                                  0.0358     0.8339 r
  DP_i_decode_i_B_reg_i_Y_reg_8_/D (DFF_X1)             0.0110     0.8449 r
  data arrival time                                                0.8449

  clock CLK (rise edge)                                 1.0000     1.0000
  clock network delay (ideal)                           0.0500     1.0500
  clock uncertainty                                    -0.0500     1.0000
  DP_i_decode_i_B_reg_i_Y_reg_8_/CK (DFF_X1)            0.0000     1.0000 r
  library setup time                                   -0.0278     0.9722
  data required time                                               0.9722
  --------------------------------------------------------------------------
  data required time                                               0.9722
  data arrival time                                               -0.8449
  --------------------------------------------------------------------------
  slack (MET)                                                      0.1273


  Startpoint: DRAM_READY (input port clocked by CLK)
  Endpoint: DP_i_decode_i_B_reg_i_Y_reg_7_
            (rising edge-triggered flip-flop clocked by CLK)
  Path Group: INPUTS
  Path Type: max

  Des/Clust/Port     Wire Load Model       Library
  ------------------------------------------------
  DLX                5K_hvratio_1_4        NangateOpenCellLibrary

  Point                                                   Incr       Path
  --------------------------------------------------------------------------
  clock CLK (rise edge)                                 0.0000     0.0000
  clock network delay (ideal)                           0.0500     0.0500
  input external delay                                  0.1000     0.1500 r
  DRAM_READY (in)                                       0.0014     0.1514 r
  U2712/ZN (INV_X1)                                     0.0209     0.1723 f
  U2408/ZN (AND2_X1)                                    0.0579     0.2302 f
  U12040/ZN (NOR2_X1)                                   0.0506     0.2809 r
  U12039/ZN (INV_X1)                                    0.0225     0.3034 f
  U1058/Z (CLKBUF_X1)                                   0.0369     0.3404 f
  U1042/Z (CLKBUF_X1)                                   0.0501     0.3904 f
  U2032/ZN (INV_X1)                                     0.0590     0.4494 r
  U1970/ZN (AND2_X1)                                    0.0665     0.5159 r
  U12007/ZN (NAND2_X1)                                  0.0371     0.5530 f
  U1665/ZN (OR2_X1)                                     0.0763     0.6293 f
  U936/ZN (INV_X4)                                      0.1097     0.7390 r
  U12665/ZN (NAND2_X1)                                  0.0591     0.7981 f
  U12670/ZN (NAND4_X1)                                  0.0358     0.8339 r
  DP_i_decode_i_B_reg_i_Y_reg_7_/D (DFF_X1)             0.0110     0.8449 r
  data arrival time                                                0.8449

  clock CLK (rise edge)                                 1.0000     1.0000
  clock network delay (ideal)                           0.0500     1.0500
  clock uncertainty                                    -0.0500     1.0000
  DP_i_decode_i_B_reg_i_Y_reg_7_/CK (DFF_X1)            0.0000     1.0000 r
  library setup time                                   -0.0278     0.9722
  data required time                                               0.9722
  --------------------------------------------------------------------------
  data required time                                               0.9722
  data arrival time                                               -0.8449
  --------------------------------------------------------------------------
  slack (MET)                                                      0.1273


  Startpoint: DRAM_READY (input port clocked by CLK)
  Endpoint: DP_i_decode_i_B_reg_i_Y_reg_10_
            (rising edge-triggered flip-flop clocked by CLK)
  Path Group: INPUTS
  Path Type: max

  Des/Clust/Port     Wire Load Model       Library
  ------------------------------------------------
  DLX                5K_hvratio_1_4        NangateOpenCellLibrary

  Point                                                   Incr       Path
  --------------------------------------------------------------------------
  clock CLK (rise edge)                                 0.0000     0.0000
  clock network delay (ideal)                           0.0500     0.0500
  input external delay                                  0.1000     0.1500 r
  DRAM_READY (in)                                       0.0014     0.1514 r
  U2712/ZN (INV_X1)                                     0.0209     0.1723 f
  U2408/ZN (AND2_X1)                                    0.0579     0.2302 f
  U12040/ZN (NOR2_X1)                                   0.0506     0.2809 r
  U12039/ZN (INV_X1)                                    0.0225     0.3034 f
  U1058/Z (CLKBUF_X1)                                   0.0369     0.3404 f
  U1042/Z (CLKBUF_X1)                                   0.0501     0.3904 f
  U2032/ZN (INV_X1)                                     0.0590     0.4494 r
  U1970/ZN (AND2_X1)                                    0.0665     0.5159 r
  U12007/ZN (NAND2_X1)                                  0.0371     0.5530 f
  U1665/ZN (OR2_X1)                                     0.0763     0.6293 f
  U936/ZN (INV_X4)                                      0.1097     0.7390 r
  U12264/ZN (NAND2_X1)                                  0.0591     0.7981 f
  U12269/ZN (NAND4_X1)                                  0.0358     0.8339 r
  DP_i_decode_i_B_reg_i_Y_reg_10_/D (DFF_X1)            0.0110     0.8449 r
  data arrival time                                                0.8449

  clock CLK (rise edge)                                 1.0000     1.0000
  clock network delay (ideal)                           0.0500     1.0500
  clock uncertainty                                    -0.0500     1.0000
  DP_i_decode_i_B_reg_i_Y_reg_10_/CK (DFF_X1)           0.0000     1.0000 r
  library setup time                                   -0.0278     0.9722
  data required time                                               0.9722
  --------------------------------------------------------------------------
  data required time                                               0.9722
  data arrival time                                               -0.8449
  --------------------------------------------------------------------------
  slack (MET)                                                      0.1273


  Startpoint: DRAM_READY (input port clocked by CLK)
  Endpoint: DP_i_decode_i_B_reg_i_Y_reg_5_
            (rising edge-triggered flip-flop clocked by CLK)
  Path Group: INPUTS
  Path Type: max

  Des/Clust/Port     Wire Load Model       Library
  ------------------------------------------------
  DLX                5K_hvratio_1_4        NangateOpenCellLibrary

  Point                                                   Incr       Path
  --------------------------------------------------------------------------
  clock CLK (rise edge)                                 0.0000     0.0000
  clock network delay (ideal)                           0.0500     0.0500
  input external delay                                  0.1000     0.1500 r
  DRAM_READY (in)                                       0.0014     0.1514 r
  U2712/ZN (INV_X1)                                     0.0209     0.1723 f
  U2408/ZN (AND2_X1)                                    0.0579     0.2302 f
  U12040/ZN (NOR2_X1)                                   0.0506     0.2809 r
  U12039/ZN (INV_X1)                                    0.0225     0.3034 f
  U1058/Z (CLKBUF_X1)                                   0.0369     0.3404 f
  U1042/Z (CLKBUF_X1)                                   0.0501     0.3904 f
  U2032/ZN (INV_X1)                                     0.0590     0.4494 r
  U1970/ZN (AND2_X1)                                    0.0665     0.5159 r
  U12007/ZN (NAND2_X1)                                  0.0371     0.5530 f
  U1665/ZN (OR2_X1)                                     0.0763     0.6293 f
  U936/ZN (INV_X4)                                      0.1097     0.7390 r
  U12685/ZN (NAND2_X1)                                  0.0591     0.7981 f
  U12690/ZN (NAND4_X1)                                  0.0358     0.8339 r
  DP_i_decode_i_B_reg_i_Y_reg_5_/D (DFF_X1)             0.0110     0.8449 r
  data arrival time                                                0.8449

  clock CLK (rise edge)                                 1.0000     1.0000
  clock network delay (ideal)                           0.0500     1.0500
  clock uncertainty                                    -0.0500     1.0000
  DP_i_decode_i_B_reg_i_Y_reg_5_/CK (DFF_X1)            0.0000     1.0000 r
  library setup time                                   -0.0278     0.9722
  data required time                                               0.9722
  --------------------------------------------------------------------------
  data required time                                               0.9722
  data arrival time                                               -0.8449
  --------------------------------------------------------------------------
  slack (MET)                                                      0.1273


  Startpoint: DRAM_READY (input port clocked by CLK)
  Endpoint: DP_i_decode_i_B_reg_i_Y_reg_3_
            (rising edge-triggered flip-flop clocked by CLK)
  Path Group: INPUTS
  Path Type: max

  Des/Clust/Port     Wire Load Model       Library
  ------------------------------------------------
  DLX                5K_hvratio_1_4        NangateOpenCellLibrary

  Point                                                   Incr       Path
  --------------------------------------------------------------------------
  clock CLK (rise edge)                                 0.0000     0.0000
  clock network delay (ideal)                           0.0500     0.0500
  input external delay                                  0.1000     0.1500 r
  DRAM_READY (in)                                       0.0014     0.1514 r
  U2712/ZN (INV_X1)                                     0.0209     0.1723 f
  U2408/ZN (AND2_X1)                                    0.0579     0.2302 f
  U12040/ZN (NOR2_X1)                                   0.0506     0.2809 r
  U12039/ZN (INV_X1)                                    0.0225     0.3034 f
  U1058/Z (CLKBUF_X1)                                   0.0369     0.3404 f
  U1042/Z (CLKBUF_X1)                                   0.0501     0.3904 f
  U2032/ZN (INV_X1)                                     0.0590     0.4494 r
  U1970/ZN (AND2_X1)                                    0.0665     0.5159 r
  U12007/ZN (NAND2_X1)                                  0.0371     0.5530 f
  U1665/ZN (OR2_X1)                                     0.0763     0.6293 f
  U936/ZN (INV_X4)                                      0.1097     0.7390 r
  U12151/ZN (NAND2_X1)                                  0.0591     0.7981 f
  U12156/ZN (NAND4_X1)                                  0.0358     0.8339 r
  DP_i_decode_i_B_reg_i_Y_reg_3_/D (DFF_X1)             0.0110     0.8449 r
  data arrival time                                                0.8449

  clock CLK (rise edge)                                 1.0000     1.0000
  clock network delay (ideal)                           0.0500     1.0500
  clock uncertainty                                    -0.0500     1.0000
  DP_i_decode_i_B_reg_i_Y_reg_3_/CK (DFF_X1)            0.0000     1.0000 r
  library setup time                                   -0.0278     0.9722
  data required time                                               0.9722
  --------------------------------------------------------------------------
  data required time                                               0.9722
  data arrival time                                               -0.8449
  --------------------------------------------------------------------------
  slack (MET)                                                      0.1273


  Startpoint: DRAM_READY (input port clocked by CLK)
  Endpoint: DP_i_decode_i_B_reg_i_Y_reg_6_
            (rising edge-triggered flip-flop clocked by CLK)
  Path Group: INPUTS
  Path Type: max

  Des/Clust/Port     Wire Load Model       Library
  ------------------------------------------------
  DLX                5K_hvratio_1_4        NangateOpenCellLibrary

  Point                                                   Incr       Path
  --------------------------------------------------------------------------
  clock CLK (rise edge)                                 0.0000     0.0000
  clock network delay (ideal)                           0.0500     0.0500
  input external delay                                  0.1000     0.1500 r
  DRAM_READY (in)                                       0.0014     0.1514 r
  U2712/ZN (INV_X1)                                     0.0209     0.1723 f
  U2408/ZN (AND2_X1)                                    0.0579     0.2302 f
  U12040/ZN (NOR2_X1)                                   0.0506     0.2809 r
  U12039/ZN (INV_X1)                                    0.0225     0.3034 f
  U1058/Z (CLKBUF_X1)                                   0.0369     0.3404 f
  U1042/Z (CLKBUF_X1)                                   0.0501     0.3904 f
  U2032/ZN (INV_X1)                                     0.0590     0.4494 r
  U1970/ZN (AND2_X1)                                    0.0665     0.5159 r
  U12007/ZN (NAND2_X1)                                  0.0371     0.5530 f
  U1665/ZN (OR2_X1)                                     0.0763     0.6293 f
  U936/ZN (INV_X4)                                      0.1097     0.7390 r
  U12648/ZN (NAND2_X1)                                  0.0591     0.7981 f
  U12653/ZN (NAND4_X1)                                  0.0358     0.8339 r
  DP_i_decode_i_B_reg_i_Y_reg_6_/D (DFF_X1)             0.0110     0.8449 r
  data arrival time                                                0.8449

  clock CLK (rise edge)                                 1.0000     1.0000
  clock network delay (ideal)                           0.0500     1.0500
  clock uncertainty                                    -0.0500     1.0000
  DP_i_decode_i_B_reg_i_Y_reg_6_/CK (DFF_X1)            0.0000     1.0000 r
  library setup time                                   -0.0278     0.9722
  data required time                                               0.9722
  --------------------------------------------------------------------------
  data required time                                               0.9722
  data arrival time                                               -0.8449
  --------------------------------------------------------------------------
  slack (MET)                                                      0.1273


  Startpoint: DRAM_READY (input port clocked by CLK)
  Endpoint: DP_i_decode_i_B_reg_i_Y_reg_4_
            (rising edge-triggered flip-flop clocked by CLK)
  Path Group: INPUTS
  Path Type: max

  Des/Clust/Port     Wire Load Model       Library
  ------------------------------------------------
  DLX                5K_hvratio_1_4        NangateOpenCellLibrary

  Point                                                   Incr       Path
  --------------------------------------------------------------------------
  clock CLK (rise edge)                                 0.0000     0.0000
  clock network delay (ideal)                           0.0500     0.0500
  input external delay                                  0.1000     0.1500 r
  DRAM_READY (in)                                       0.0014     0.1514 r
  U2712/ZN (INV_X1)                                     0.0209     0.1723 f
  U2408/ZN (AND2_X1)                                    0.0579     0.2302 f
  U12040/ZN (NOR2_X1)                                   0.0506     0.2809 r
  U12039/ZN (INV_X1)                                    0.0225     0.3034 f
  U1058/Z (CLKBUF_X1)                                   0.0369     0.3404 f
  U1042/Z (CLKBUF_X1)                                   0.0501     0.3904 f
  U2032/ZN (INV_X1)                                     0.0590     0.4494 r
  U1970/ZN (AND2_X1)                                    0.0665     0.5159 r
  U12007/ZN (NAND2_X1)                                  0.0371     0.5530 f
  U1665/ZN (OR2_X1)                                     0.0763     0.6293 f
  U936/ZN (INV_X4)                                      0.1097     0.7390 r
  U12744/ZN (NAND2_X1)                                  0.0591     0.7981 f
  U12749/ZN (NAND4_X1)                                  0.0358     0.8339 r
  DP_i_decode_i_B_reg_i_Y_reg_4_/D (DFF_X1)             0.0110     0.8449 r
  data arrival time                                                0.8449

  clock CLK (rise edge)                                 1.0000     1.0000
  clock network delay (ideal)                           0.0500     1.0500
  clock uncertainty                                    -0.0500     1.0000
  DP_i_decode_i_B_reg_i_Y_reg_4_/CK (DFF_X1)            0.0000     1.0000 r
  library setup time                                   -0.0278     0.9722
  data required time                                               0.9722
  --------------------------------------------------------------------------
  data required time                                               0.9722
  data arrival time                                               -0.8449
  --------------------------------------------------------------------------
  slack (MET)                                                      0.1273


  Startpoint: DP_i_mem_access_i_rd_out_reg_i_Y_reg_0_
              (rising edge-triggered flip-flop clocked by CLK)
  Endpoint: IRAM_ISSUE (output port clocked by CLK)
  Path Group: OUTPUTS
  Path Type: max

  Des/Clust/Port     Wire Load Model       Library
  ------------------------------------------------
  DLX                5K_hvratio_1_4        NangateOpenCellLibrary

  Point                                                   Incr       Path
  --------------------------------------------------------------------------
  clock CLK (rise edge)                                 0.0000     0.0000
  clock network delay (ideal)                           0.0500     0.0500
  DP_i_mem_access_i_rd_out_reg_i_Y_reg_0_/CK (DFF_X1)   0.0000     0.0500 r
  DP_i_mem_access_i_rd_out_reg_i_Y_reg_0_/QN (DFF_X1)   0.0840     0.1340 r
  U3953/ZN (XNOR2_X1)                                   0.0624     0.1964 r
  U3954/ZN (AND2_X1)                                    0.0452     0.2417 r
  U3960/ZN (AND4_X1)                                    0.0726     0.3143 r
  U7002/Z (CLKBUF_X3)                                   0.0650     0.3793 r
  U6261/ZN (INV_X1)                                     0.0602     0.4395 f
  U3983/ZN (NAND3_X1)                                   0.0405     0.4800 r
  U3991/ZN (AND4_X1)                                    0.0681     0.5481 r
  U3215/ZN (AND4_X2)                                    0.0692     0.6173 r
  U842/ZN (AND2_X2)                                     0.0509     0.6682 r
  U2738/ZN (AND2_X1)                                    0.0449     0.7132 r
  U2743/ZN (NOR2_X1)                                    0.0306     0.7438 f
  U7355/ZN (NOR2_X1)                                    0.0489     0.7927 r
  U6177/Z (MUX2_X1)                                     0.0829     0.8757 f
  U6241/ZN (NAND3_X1)                                   0.0314     0.9071 r
  U2722/ZN (AND3_X1)                                    0.0534     0.9606 r
  U8220/ZN (AOI22_X1)                                   0.0377     0.9982 f
  U901/ZN (OR2_X2)                                      0.0683     1.0665 f
  U7604/ZN (AND2_X1)                                    0.0430     1.1095 f
  IRAM_ISSUE (out)                                      0.0030     1.1125 f
  data arrival time                                                1.1125

  clock CLK (rise edge)                                 1.0000     1.0000
  clock network delay (ideal)                           0.0500     1.0500
  clock uncertainty                                    -0.0500     1.0000
  output external delay                                -0.1000     0.9000
  data required time                                               0.9000
  --------------------------------------------------------------------------
  data required time                                               0.9000
  data arrival time                                               -1.1125
  --------------------------------------------------------------------------
  slack (VIOLATED)                                                -0.2125


  Startpoint: DP_i_mem_access_i_rd_out_reg_i_Y_reg_0_
              (rising edge-triggered flip-flop clocked by CLK)
  Endpoint: IRAM_ISSUE (output port clocked by CLK)
  Path Group: OUTPUTS
  Path Type: max

  Des/Clust/Port     Wire Load Model       Library
  ------------------------------------------------
  DLX                5K_hvratio_1_4        NangateOpenCellLibrary

  Point                                                   Incr       Path
  --------------------------------------------------------------------------
  clock CLK (rise edge)                                 0.0000     0.0000
  clock network delay (ideal)                           0.0500     0.0500
  DP_i_mem_access_i_rd_out_reg_i_Y_reg_0_/CK (DFF_X1)   0.0000     0.0500 r
  DP_i_mem_access_i_rd_out_reg_i_Y_reg_0_/QN (DFF_X1)   0.0840     0.1340 r
  U3953/ZN (XNOR2_X1)                                   0.0624     0.1964 r
  U3954/ZN (AND2_X1)                                    0.0452     0.2417 r
  U3960/ZN (AND4_X1)                                    0.0726     0.3143 r
  U7002/Z (CLKBUF_X3)                                   0.0650     0.3793 r
  U2717/ZN (INV_X1)                                     0.0602     0.4395 f
  U4021/ZN (NAND3_X1)                                   0.0426     0.4821 r
  U831/ZN (AND4_X2)                                     0.0683     0.5504 r
  U792/ZN (AND4_X1)                                     0.0683     0.6187 r
  U2736/ZN (AND3_X1)                                    0.0529     0.6716 r
  U2738/ZN (AND2_X1)                                    0.0408     0.7125 r
  U2743/ZN (NOR2_X1)                                    0.0306     0.7431 f
  U7355/ZN (NOR2_X1)                                    0.0489     0.7920 r
  U6177/Z (MUX2_X1)                                     0.0829     0.8750 f
  U6241/ZN (NAND3_X1)                                   0.0314     0.9064 r
  U2722/ZN (AND3_X1)                                    0.0534     0.9599 r
  U8220/ZN (AOI22_X1)                                   0.0377     0.9975 f
  U901/ZN (OR2_X2)                                      0.0683     1.0658 f
  U7604/ZN (AND2_X1)                                    0.0430     1.1088 f
  IRAM_ISSUE (out)                                      0.0030     1.1118 f
  data arrival time                                                1.1118

  clock CLK (rise edge)                                 1.0000     1.0000
  clock network delay (ideal)                           0.0500     1.0500
  clock uncertainty                                    -0.0500     1.0000
  output external delay                                -0.1000     0.9000
  data required time                                               0.9000
  --------------------------------------------------------------------------
  data required time                                               0.9000
  data arrival time                                               -1.1118
  --------------------------------------------------------------------------
  slack (VIOLATED)                                                -0.2118


  Startpoint: DP_i_mem_access_i_rd_out_reg_i_Y_reg_1_
              (rising edge-triggered flip-flop clocked by CLK)
  Endpoint: DRAM_DATA[31]
            (output port clocked by CLK)
  Path Group: OUTPUTS
  Path Type: max

  Des/Clust/Port     Wire Load Model       Library
  ------------------------------------------------
  DLX                5K_hvratio_1_4        NangateOpenCellLibrary

  Point                                                   Incr       Path
  --------------------------------------------------------------------------
  clock CLK (rise edge)                                 0.0000     0.0000
  clock network delay (ideal)                           0.0500     0.0500
  DP_i_mem_access_i_rd_out_reg_i_Y_reg_1_/CK (DFF_X1)   0.0000     0.0500 r
  DP_i_mem_access_i_rd_out_reg_i_Y_reg_1_/QN (DFF_X1)   0.0828     0.1328 f
  U1852/Z (CLKBUF_X1)                                   0.0492     0.1820 f
  U4217/ZN (INV_X1)                                     0.0496     0.2316 r
  U7613/ZN (XNOR2_X1)                                   0.0695     0.3011 r
  U3628/ZN (AND2_X1)                                    0.0419     0.3430 r
  U2526/ZN (AND4_X1)                                    0.0783     0.4212 r
  U2481/ZN (INV_X1)                                     0.0637     0.4849 f
  U7634/ZN (NOR2_X2)                                    0.1799     0.6649 r
  U8428/ZN (NAND2_X1)                                   0.0551     0.7200 f
  U2330/ZN (AND2_X1)                                    0.0439     0.7639 f
  U9627/ZN (NOR2_X1)                                    0.0395     0.8035 r
  DRAM_DATA_tri_31_/Z (TBUF_X1)                         0.0651     0.8686 r
  DRAM_DATA[31] (inout)                                 0.0054     0.8740 r
  data arrival time                                                0.8740

  clock CLK (rise edge)                                 1.0000     1.0000
  clock network delay (ideal)                           0.0500     1.0500
  clock uncertainty                                    -0.0500     1.0000
  output external delay                                -0.1000     0.9000
  data required time                                               0.9000
  --------------------------------------------------------------------------
  data required time                                               0.9000
  data arrival time                                               -0.8740
  --------------------------------------------------------------------------
  slack (MET)                                                      0.0260


  Startpoint: DP_i_mem_access_i_rd_out_reg_i_Y_reg_1_
              (rising edge-triggered flip-flop clocked by CLK)
  Endpoint: DRAM_DATA[30]
            (output port clocked by CLK)
  Path Group: OUTPUTS
  Path Type: max

  Des/Clust/Port     Wire Load Model       Library
  ------------------------------------------------
  DLX                5K_hvratio_1_4        NangateOpenCellLibrary

  Point                                                   Incr       Path
  --------------------------------------------------------------------------
  clock CLK (rise edge)                                 0.0000     0.0000
  clock network delay (ideal)                           0.0500     0.0500
  DP_i_mem_access_i_rd_out_reg_i_Y_reg_1_/CK (DFF_X1)   0.0000     0.0500 r
  DP_i_mem_access_i_rd_out_reg_i_Y_reg_1_/QN (DFF_X1)   0.0828     0.1328 f
  U1852/Z (CLKBUF_X1)                                   0.0492     0.1820 f
  U4217/ZN (INV_X1)                                     0.0496     0.2316 r
  U7613/ZN (XNOR2_X1)                                   0.0695     0.3011 r
  U3628/ZN (AND2_X1)                                    0.0419     0.3430 r
  U2526/ZN (AND4_X1)                                    0.0783     0.4212 r
  U2481/ZN (INV_X1)                                     0.0637     0.4849 f
  U7634/ZN (NOR2_X2)                                    0.1799     0.6649 r
  U8427/ZN (NAND2_X1)                                   0.0552     0.7201 f
  U2307/ZN (AND2_X1)                                    0.0465     0.7666 f
  U9625/ZN (NOR2_X1)                                    0.0395     0.8062 r
  DRAM_DATA_tri_30_/Z (TBUF_X1)                         0.0629     0.8690 r
  DRAM_DATA[30] (inout)                                 0.0048     0.8738 r
  data arrival time                                                0.8738

  clock CLK (rise edge)                                 1.0000     1.0000
  clock network delay (ideal)                           0.0500     1.0500
  clock uncertainty                                    -0.0500     1.0000
  output external delay                                -0.1000     0.9000
  data required time                                               0.9000
  --------------------------------------------------------------------------
  data required time                                               0.9000
  data arrival time                                               -0.8738
  --------------------------------------------------------------------------
  slack (MET)                                                      0.0262


  Startpoint: DP_i_mem_access_i_rd_out_reg_i_Y_reg_1_
              (rising edge-triggered flip-flop clocked by CLK)
  Endpoint: DRAM_DATA[25]
            (output port clocked by CLK)
  Path Group: OUTPUTS
  Path Type: max

  Des/Clust/Port     Wire Load Model       Library
  ------------------------------------------------
  DLX                5K_hvratio_1_4        NangateOpenCellLibrary

  Point                                                   Incr       Path
  --------------------------------------------------------------------------
  clock CLK (rise edge)                                 0.0000     0.0000
  clock network delay (ideal)                           0.0500     0.0500
  DP_i_mem_access_i_rd_out_reg_i_Y_reg_1_/CK (DFF_X1)   0.0000     0.0500 r
  DP_i_mem_access_i_rd_out_reg_i_Y_reg_1_/QN (DFF_X1)   0.0828     0.1328 f
  U1852/Z (CLKBUF_X1)                                   0.0492     0.1820 f
  U4217/ZN (INV_X1)                                     0.0496     0.2316 r
  U7613/ZN (XNOR2_X1)                                   0.0695     0.3011 r
  U3628/ZN (AND2_X1)                                    0.0419     0.3430 r
  U2526/ZN (AND4_X1)                                    0.0783     0.4212 r
  U2481/ZN (INV_X1)                                     0.0637     0.4849 f
  U7634/ZN (NOR2_X2)                                    0.1799     0.6649 r
  U8424/ZN (NAND2_X1)                                   0.0551     0.7200 f
  U2312/ZN (AND2_X1)                                    0.0449     0.7649 f
  U9626/ZN (NOR2_X1)                                    0.0395     0.8044 r
  DRAM_DATA_tri_25_/Z (TBUF_X1)                         0.0629     0.8673 r
  DRAM_DATA[25] (inout)                                 0.0048     0.8721 r
  data arrival time                                                0.8721

  clock CLK (rise edge)                                 1.0000     1.0000
  clock network delay (ideal)                           0.0500     1.0500
  clock uncertainty                                    -0.0500     1.0000
  output external delay                                -0.1000     0.9000
  data required time                                               0.9000
  --------------------------------------------------------------------------
  data required time                                               0.9000
  data arrival time                                               -0.8721
  --------------------------------------------------------------------------
  slack (MET)                                                      0.0279


  Startpoint: DP_i_mem_access_i_rd_out_reg_i_Y_reg_1_
              (rising edge-triggered flip-flop clocked by CLK)
  Endpoint: DRAM_DATA[29]
            (output port clocked by CLK)
  Path Group: OUTPUTS
  Path Type: max

  Des/Clust/Port     Wire Load Model       Library
  ------------------------------------------------
  DLX                5K_hvratio_1_4        NangateOpenCellLibrary

  Point                                                   Incr       Path
  --------------------------------------------------------------------------
  clock CLK (rise edge)                                 0.0000     0.0000
  clock network delay (ideal)                           0.0500     0.0500
  DP_i_mem_access_i_rd_out_reg_i_Y_reg_1_/CK (DFF_X1)   0.0000     0.0500 r
  DP_i_mem_access_i_rd_out_reg_i_Y_reg_1_/QN (DFF_X1)   0.0828     0.1328 f
  U1852/Z (CLKBUF_X1)                                   0.0492     0.1820 f
  U4217/ZN (INV_X1)                                     0.0496     0.2316 r
  U7613/ZN (XNOR2_X1)                                   0.0695     0.3011 r
  U3628/ZN (AND2_X1)                                    0.0419     0.3430 r
  U2526/ZN (AND4_X1)                                    0.0783     0.4212 r
  U2481/ZN (INV_X1)                                     0.0637     0.4849 f
  U7634/ZN (NOR2_X2)                                    0.1799     0.6649 r
  U7652/ZN (NAND2_X1)                                   0.0551     0.7200 f
  U2310/ZN (AND2_X1)                                    0.0439     0.7639 f
  U2233/ZN (NOR2_X1)                                    0.0395     0.8035 r
  DRAM_DATA_tri_29_/Z (TBUF_X1)                         0.0629     0.8663 r
  DRAM_DATA[29] (inout)                                 0.0048     0.8712 r
  data arrival time                                                0.8712

  clock CLK (rise edge)                                 1.0000     1.0000
  clock network delay (ideal)                           0.0500     1.0500
  clock uncertainty                                    -0.0500     1.0000
  output external delay                                -0.1000     0.9000
  data required time                                               0.9000
  --------------------------------------------------------------------------
  data required time                                               0.9000
  data arrival time                                               -0.8712
  --------------------------------------------------------------------------
  slack (MET)                                                      0.0288


  Startpoint: DP_i_mem_access_i_rd_out_reg_i_Y_reg_1_
              (rising edge-triggered flip-flop clocked by CLK)
  Endpoint: DRAM_DATA[28]
            (output port clocked by CLK)
  Path Group: OUTPUTS
  Path Type: max

  Des/Clust/Port     Wire Load Model       Library
  ------------------------------------------------
  DLX                5K_hvratio_1_4        NangateOpenCellLibrary

  Point                                                   Incr       Path
  --------------------------------------------------------------------------
  clock CLK (rise edge)                                 0.0000     0.0000
  clock network delay (ideal)                           0.0500     0.0500
  DP_i_mem_access_i_rd_out_reg_i_Y_reg_1_/CK (DFF_X1)   0.0000     0.0500 r
  DP_i_mem_access_i_rd_out_reg_i_Y_reg_1_/QN (DFF_X1)   0.0828     0.1328 f
  U1852/Z (CLKBUF_X1)                                   0.0492     0.1820 f
  U4217/ZN (INV_X1)                                     0.0496     0.2316 r
  U7613/ZN (XNOR2_X1)                                   0.0695     0.3011 r
  U3628/ZN (AND2_X1)                                    0.0419     0.3430 r
  U2526/ZN (AND4_X1)                                    0.0783     0.4212 r
  U2481/ZN (INV_X1)                                     0.0637     0.4849 f
  U7634/ZN (NOR2_X2)                                    0.1799     0.6649 r
  U7654/ZN (NAND2_X1)                                   0.0551     0.7200 f
  U2313/ZN (AND2_X1)                                    0.0439     0.7639 f
  U2260/ZN (NOR2_X1)                                    0.0395     0.8035 r
  DRAM_DATA_tri_28_/Z (TBUF_X1)                         0.0629     0.8663 r
  DRAM_DATA[28] (inout)                                 0.0048     0.8712 r
  data arrival time                                                0.8712

  clock CLK (rise edge)                                 1.0000     1.0000
  clock network delay (ideal)                           0.0500     1.0500
  clock uncertainty                                    -0.0500     1.0000
  output external delay                                -0.1000     0.9000
  data required time                                               0.9000
  --------------------------------------------------------------------------
  data required time                                               0.9000
  data arrival time                                               -0.8712
  --------------------------------------------------------------------------
  slack (MET)                                                      0.0288


  Startpoint: DP_i_mem_access_i_rd_out_reg_i_Y_reg_1_
              (rising edge-triggered flip-flop clocked by CLK)
  Endpoint: DRAM_DATA[27]
            (output port clocked by CLK)
  Path Group: OUTPUTS
  Path Type: max

  Des/Clust/Port     Wire Load Model       Library
  ------------------------------------------------
  DLX                5K_hvratio_1_4        NangateOpenCellLibrary

  Point                                                   Incr       Path
  --------------------------------------------------------------------------
  clock CLK (rise edge)                                 0.0000     0.0000
  clock network delay (ideal)                           0.0500     0.0500
  DP_i_mem_access_i_rd_out_reg_i_Y_reg_1_/CK (DFF_X1)   0.0000     0.0500 r
  DP_i_mem_access_i_rd_out_reg_i_Y_reg_1_/QN (DFF_X1)   0.0828     0.1328 f
  U1852/Z (CLKBUF_X1)                                   0.0492     0.1820 f
  U4217/ZN (INV_X1)                                     0.0496     0.2316 r
  U7613/ZN (XNOR2_X1)                                   0.0695     0.3011 r
  U3628/ZN (AND2_X1)                                    0.0419     0.3430 r
  U2526/ZN (AND4_X1)                                    0.0783     0.4212 r
  U2481/ZN (INV_X1)                                     0.0637     0.4849 f
  U7634/ZN (NOR2_X2)                                    0.1799     0.6649 r
  U7650/ZN (NAND2_X1)                                   0.0551     0.7200 f
  U2318/ZN (AND2_X1)                                    0.0439     0.7639 f
  U2262/ZN (NOR2_X1)                                    0.0395     0.8035 r
  DRAM_DATA_tri_27_/Z (TBUF_X1)                         0.0629     0.8663 r
  DRAM_DATA[27] (inout)                                 0.0048     0.8712 r
  data arrival time                                                0.8712

  clock CLK (rise edge)                                 1.0000     1.0000
  clock network delay (ideal)                           0.0500     1.0500
  clock uncertainty                                    -0.0500     1.0000
  output external delay                                -0.1000     0.9000
  data required time                                               0.9000
  --------------------------------------------------------------------------
  data required time                                               0.9000
  data arrival time                                               -0.8712
  --------------------------------------------------------------------------
  slack (MET)                                                      0.0288


  Startpoint: DP_i_mem_access_i_rd_out_reg_i_Y_reg_1_
              (rising edge-triggered flip-flop clocked by CLK)
  Endpoint: DRAM_DATA[26]
            (output port clocked by CLK)
  Path Group: OUTPUTS
  Path Type: max

  Des/Clust/Port     Wire Load Model       Library
  ------------------------------------------------
  DLX                5K_hvratio_1_4        NangateOpenCellLibrary

  Point                                                   Incr       Path
  --------------------------------------------------------------------------
  clock CLK (rise edge)                                 0.0000     0.0000
  clock network delay (ideal)                           0.0500     0.0500
  DP_i_mem_access_i_rd_out_reg_i_Y_reg_1_/CK (DFF_X1)   0.0000     0.0500 r
  DP_i_mem_access_i_rd_out_reg_i_Y_reg_1_/QN (DFF_X1)   0.0828     0.1328 f
  U1852/Z (CLKBUF_X1)                                   0.0492     0.1820 f
  U4217/ZN (INV_X1)                                     0.0496     0.2316 r
  U7613/ZN (XNOR2_X1)                                   0.0695     0.3011 r
  U3628/ZN (AND2_X1)                                    0.0419     0.3430 r
  U2526/ZN (AND4_X1)                                    0.0783     0.4212 r
  U2481/ZN (INV_X1)                                     0.0637     0.4849 f
  U7634/ZN (NOR2_X2)                                    0.1799     0.6649 r
  U7656/ZN (NAND2_X1)                                   0.0551     0.7200 f
  U3833/ZN (AND2_X1)                                    0.0439     0.7639 f
  U2264/ZN (NOR2_X1)                                    0.0395     0.8035 r
  DRAM_DATA_tri_26_/Z (TBUF_X1)                         0.0629     0.8663 r
  DRAM_DATA[26] (inout)                                 0.0048     0.8712 r
  data arrival time                                                0.8712

  clock CLK (rise edge)                                 1.0000     1.0000
  clock network delay (ideal)                           0.0500     1.0500
  clock uncertainty                                    -0.0500     1.0000
  output external delay                                -0.1000     0.9000
  data required time                                               0.9000
  --------------------------------------------------------------------------
  data required time                                               0.9000
  data arrival time                                               -0.8712
  --------------------------------------------------------------------------
  slack (MET)                                                      0.0288


  Startpoint: DP_i_mem_access_i_rd_out_reg_i_Y_reg_1_
              (rising edge-triggered flip-flop clocked by CLK)
  Endpoint: DRAM_DATA[24]
            (output port clocked by CLK)
  Path Group: OUTPUTS
  Path Type: max

  Des/Clust/Port     Wire Load Model       Library
  ------------------------------------------------
  DLX                5K_hvratio_1_4        NangateOpenCellLibrary

  Point                                                   Incr       Path
  --------------------------------------------------------------------------
  clock CLK (rise edge)                                 0.0000     0.0000
  clock network delay (ideal)                           0.0500     0.0500
  DP_i_mem_access_i_rd_out_reg_i_Y_reg_1_/CK (DFF_X1)   0.0000     0.0500 r
  DP_i_mem_access_i_rd_out_reg_i_Y_reg_1_/QN (DFF_X1)   0.0828     0.1328 f
  U1852/Z (CLKBUF_X1)                                   0.0492     0.1820 f
  U4217/ZN (INV_X1)                                     0.0496     0.2316 r
  U7613/ZN (XNOR2_X1)                                   0.0695     0.3011 r
  U3628/ZN (AND2_X1)                                    0.0419     0.3430 r
  U2526/ZN (AND4_X1)                                    0.0783     0.4212 r
  U2481/ZN (INV_X1)                                     0.0637     0.4849 f
  U7634/ZN (NOR2_X2)                                    0.1799     0.6649 r
  U7658/ZN (NAND2_X1)                                   0.0551     0.7200 f
  U2309/ZN (AND2_X1)                                    0.0439     0.7639 f
  U2268/ZN (NOR2_X1)                                    0.0395     0.8035 r
  DRAM_DATA_tri_24_/Z (TBUF_X1)                         0.0629     0.8663 r
  DRAM_DATA[24] (inout)                                 0.0048     0.8712 r
  data arrival time                                                0.8712

  clock CLK (rise edge)                                 1.0000     1.0000
  clock network delay (ideal)                           0.0500     1.0500
  clock uncertainty                                    -0.0500     1.0000
  output external delay                                -0.1000     0.9000
  data required time                                               0.9000
  --------------------------------------------------------------------------
  data required time                                               0.9000
  data arrival time                                               -0.8712
  --------------------------------------------------------------------------
  slack (MET)                                                      0.0288


1
