 
****************************************
Report : timing
        -path full
        -delay max
        -nworst 2
        -max_paths 10
Design : DLX
Version: W-2024.09-SP2
Date   : Sun Sep 27 03:01:40 2026
****************************************

Operating Conditions: typical   Library: NangateOpenCellLibrary
Wire Load Model Mode: top

  Startpoint: DP_i_fetch_i_IR_out_reg_27_
              (rising edge-triggered flip-flop clocked by CLK)
  Endpoint: DP_i_fetch_i_pc_i_Y_reg_1_
            (rising edge-triggered flip-flop clocked by CLK)
  Path Group: REG2REG
  Path Type: max

  Des/Clust/Port     Wire Load Model       Library
  ------------------------------------------------
  DLX                5K_hvratio_1_4        NangateOpenCellLibrary

  Point                                                   Incr       Path
  --------------------------------------------------------------------------
  clock CLK (rise edge)                                 0.0000     0.0000
  clock network delay (ideal)                           0.0500     0.0500
  DP_i_fetch_i_IR_out_reg_27_/CK (DFF_X1)               0.0000     0.0500 r
  DP_i_fetch_i_IR_out_reg_27_/Q (DFF_X1)                0.0977     0.1477 f
  U1360/ZN (OR2_X1)                                     0.0642     0.2118 f
  U2358/ZN (OR3_X2)                                     0.0901     0.3019 f
  U5928/ZN (AND2_X2)                                    0.0492     0.3511 f
  U1878/ZN (AND2_X1)                                    0.0414     0.3925 f
  U1224/ZN (OR2_X1)                                     0.0536     0.4461 f
  U1086/ZN (NAND4_X1)                                   0.0366     0.4827 r
  U1085/ZN (NOR2_X1)                                    0.0253     0.5080 f
  U2554/ZN (OAI21_X1)                                   0.0512     0.5592 r
  U1277/Z (BUF_X2)                                      0.0478     0.6069 r
  U6045/ZN (XNOR2_X1)                                   0.0665     0.6735 r
  U6046/ZN (NAND2_X1)                                   0.0331     0.7066 f
  U1185/ZN (NAND2_X1)                                   0.0316     0.7382 r
  U1184/ZN (XNOR2_X1)                                   0.0624     0.8007 r
  U6047/ZN (XNOR2_X1)                                   0.0628     0.8635 r
  U2044/ZN (AND4_X1)                                    0.0596     0.9231 r
  U1640/ZN (AND4_X1)                                    0.0602     0.9833 r
  U2042/ZN (NAND4_X1)                                   0.0382     1.0214 f
  U6124/ZN (NOR4_X1)                                    0.0572     1.0786 r
  U6125/ZN (AND3_X1)                                    0.0654     1.1440 r
  U1325/ZN (NAND4_X1)                                   0.0485     1.1925 f
  U1181/ZN (NAND4_X1)                                   0.0413     1.2337 r
  U1938/ZN (AND4_X1)                                    0.0606     1.2944 r
  U12643/Z (BUF_X1)                                     0.0412     1.3356 r
  U12642/Z (BUF_X1)                                     0.0889     1.4244 r
  U13324/ZN (AND2_X1)                                   0.0683     1.4928 r
  U941/ZN (INV_X1)                                      0.0230     1.5158 f
  U936/ZN (NAND4_X1)                                    0.0284     1.5443 r
  DP_i_fetch_i_pc_i_Y_reg_1_/D (DFF_X1)                 0.0110     1.5552 r
  data arrival time                                                1.5552

  clock CLK (rise edge)                                 1.2000     1.2000
  clock network delay (ideal)                           0.0500     1.2500
  clock uncertainty                                    -0.0500     1.2000
  DP_i_fetch_i_pc_i_Y_reg_1_/CK (DFF_X1)                0.0000     1.2000 r
  library setup time                                   -0.0278     1.1722
  data required time                                               1.1722
  --------------------------------------------------------------------------
  data required time                                               1.1722
  data arrival time                                               -1.5552
  --------------------------------------------------------------------------
  slack (VIOLATED)                                                -0.3831


  Startpoint: DP_i_fetch_i_IR_out_reg_27_
              (rising edge-triggered flip-flop clocked by CLK)
  Endpoint: DP_i_fetch_i_pc_i_Y_reg_1_
            (rising edge-triggered flip-flop clocked by CLK)
  Path Group: REG2REG
  Path Type: max

  Des/Clust/Port     Wire Load Model       Library
  ------------------------------------------------
  DLX                5K_hvratio_1_4        NangateOpenCellLibrary

  Point                                                   Incr       Path
  --------------------------------------------------------------------------
  clock CLK (rise edge)                                 0.0000     0.0000
  clock network delay (ideal)                           0.0500     0.0500
  DP_i_fetch_i_IR_out_reg_27_/CK (DFF_X1)               0.0000     0.0500 r
  DP_i_fetch_i_IR_out_reg_27_/Q (DFF_X1)                0.0977     0.1477 f
  U1379/ZN (OR2_X1)                                     0.0657     0.2133 f
  U3629/ZN (OR3_X2)                                     0.0952     0.3085 f
  U1421/ZN (AND2_X1)                                    0.0485     0.3570 f
  U1357/ZN (OR2_X1)                                     0.0552     0.4122 f
  U2437/ZN (AND2_X1)                                    0.0395     0.4517 f
  U1086/ZN (NAND4_X1)                                   0.0308     0.4825 r
  U1085/ZN (NOR2_X1)                                    0.0253     0.5078 f
  U2554/ZN (OAI21_X1)                                   0.0512     0.5590 r
  U1277/Z (BUF_X2)                                      0.0478     0.6067 r
  U6045/ZN (XNOR2_X1)                                   0.0665     0.6732 r
  U6046/ZN (NAND2_X1)                                   0.0331     0.7064 f
  U1185/ZN (NAND2_X1)                                   0.0316     0.7380 r
  U1184/ZN (XNOR2_X1)                                   0.0624     0.8005 r
  U6047/ZN (XNOR2_X1)                                   0.0628     0.8632 r
  U2044/ZN (AND4_X1)                                    0.0596     0.9229 r
  U1640/ZN (AND4_X1)                                    0.0602     0.9830 r
  U2042/ZN (NAND4_X1)                                   0.0382     1.0212 f
  U6124/ZN (NOR4_X1)                                    0.0572     1.0784 r
  U6125/ZN (AND3_X1)                                    0.0654     1.1438 r
  U1325/ZN (NAND4_X1)                                   0.0485     1.1923 f
  U1181/ZN (NAND4_X1)                                   0.0413     1.2335 r
  U1938/ZN (AND4_X1)                                    0.0606     1.2942 r
  U12643/Z (BUF_X1)                                     0.0412     1.3353 r
  U12642/Z (BUF_X1)                                     0.0889     1.4242 r
  U13324/ZN (AND2_X1)                                   0.0683     1.4925 r
  U941/ZN (INV_X1)                                      0.0230     1.5156 f
  U936/ZN (NAND4_X1)                                    0.0284     1.5440 r
  DP_i_fetch_i_pc_i_Y_reg_1_/D (DFF_X1)                 0.0110     1.5550 r
  data arrival time                                                1.5550

  clock CLK (rise edge)                                 1.2000     1.2000
  clock network delay (ideal)                           0.0500     1.2500
  clock uncertainty                                    -0.0500     1.2000
  DP_i_fetch_i_pc_i_Y_reg_1_/CK (DFF_X1)                0.0000     1.2000 r
  library setup time                                   -0.0278     1.1722
  data required time                                               1.1722
  --------------------------------------------------------------------------
  data required time                                               1.1722
  data arrival time                                               -1.5550
  --------------------------------------------------------------------------
  slack (VIOLATED)                                                -0.3829


  Startpoint: DP_i_decode_i_rs2_addr_i_Y_reg_1_
              (rising edge-triggered flip-flop clocked by CLK)
  Endpoint: DP_i_execute_i_zero_alu_bit_Y_reg
            (rising edge-triggered flip-flop clocked by CLK)
  Path Group: REG2REG
  Path Type: max

  Des/Clust/Port     Wire Load Model       Library
  ------------------------------------------------
  DLX                5K_hvratio_1_4        NangateOpenCellLibrary

  Point                                                   Incr       Path
  --------------------------------------------------------------------------
  clock CLK (rise edge)                                 0.0000     0.0000
  clock network delay (ideal)                           0.0500     0.0500
  DP_i_decode_i_rs2_addr_i_Y_reg_1_/CK (DFF_X1)         0.0000     0.0500 r
  DP_i_decode_i_rs2_addr_i_Y_reg_1_/QN (DFF_X1)         0.0782     0.1282 f
  U2525/ZN (INV_X1)                                     0.0304     0.1586 r
  U2736/ZN (XNOR2_X1)                                   0.0588     0.2173 r
  U2748/ZN (AND2_X1)                                    0.0464     0.2637 r
  U2749/ZN (NAND4_X1)                                   0.0474     0.3111 f
  U2079/ZN (AND4_X1)                                    0.0560     0.3672 f
  U2552/Z (BUF_X2)                                      0.0592     0.4263 f
  U3516/ZN (OAI211_X1)                                  0.0751     0.5014 r
  U1165/ZN (OAI211_X1)                                  0.0433     0.5446 f
  U3521/ZN (XNOR2_X1)                                   0.0693     0.6139 f
  U3522/ZN (XNOR2_X1)                                   0.0712     0.6851 f
  U11465/ZN (OR2_X1)                                    0.0572     0.7423 f
  U3530/ZN (NAND2_X1)                                   0.0299     0.7722 r
  U3531/Z (MUX2_X1)                                     0.0756     0.8478 f
  U3534/ZN (NAND2_X1)                                   0.0385     0.8864 r
  U3580/ZN (OR3_X2)                                     0.0499     0.9362 r
  U2438/ZN (NAND4_X1)                                   0.0447     0.9810 f
  U4472/ZN (NOR2_X1)                                    0.0609     1.0419 r
  U1321/Z (BUF_X1)                                      0.0461     1.0880 r
  U1603/ZN (OAI211_X1)                                  0.0357     1.1237 f
  U1593/ZN (NAND2_X1)                                   0.0336     1.1573 r
  U2541/Z (XOR2_X1)                                     0.0771     1.2344 r
  U2716/ZN (NOR2_X1)                                    0.0299     1.2643 f
  U1504/ZN (OR3_X2)                                     0.0767     1.3410 f
  U5123/ZN (NOR2_X1)                                    0.0430     1.3840 r
  U2721/ZN (AND4_X1)                                    0.0678     1.4518 r
  U11567/ZN (NAND4_X1)                                  0.0435     1.4953 f
  U12638/ZN (OAI21_X1)                                  0.0477     1.5430 r
  DP_i_execute_i_zero_alu_bit_Y_reg/D (DFF_X2)          0.0109     1.5538 r
  data arrival time                                                1.5538

  clock CLK (rise edge)                                 1.2000     1.2000
  clock network delay (ideal)                           0.0500     1.2500
  clock uncertainty                                    -0.0500     1.2000
  DP_i_execute_i_zero_alu_bit_Y_reg/CK (DFF_X2)         0.0000     1.2000 r
  library setup time                                   -0.0283     1.1717
  data required time                                               1.1717
  --------------------------------------------------------------------------
  data required time                                               1.1717
  data arrival time                                               -1.5538
  --------------------------------------------------------------------------
  slack (VIOLATED)                                                -0.3822


  Startpoint: DP_i_mem_access_i_rd_out_reg_i_Y_reg_0_
              (rising edge-triggered flip-flop clocked by CLK)
  Endpoint: DP_i_execute_i_zero_alu_bit_Y_reg
            (rising edge-triggered flip-flop clocked by CLK)
  Path Group: REG2REG
  Path Type: max

  Des/Clust/Port     Wire Load Model       Library
  ------------------------------------------------
  DLX                5K_hvratio_1_4        NangateOpenCellLibrary

  Point                                                   Incr       Path
  --------------------------------------------------------------------------
  clock CLK (rise edge)                                 0.0000     0.0000
  clock network delay (ideal)                           0.0500     0.0500
  DP_i_mem_access_i_rd_out_reg_i_Y_reg_0_/CK (DFF_X1)   0.0000     0.0500 r
  DP_i_mem_access_i_rd_out_reg_i_Y_reg_0_/Q (DFF_X1)    0.1028     0.1528 r
  U2135/Z (CLKBUF_X1)                                   0.0427     0.1954 r
  U2765/ZN (XNOR2_X1)                                   0.0592     0.2547 r
  U1268/ZN (AND4_X1)                                    0.0751     0.3298 r
  U1232/ZN (AND4_X2)                                    0.0808     0.4106 r
  U1231/Z (BUF_X2)                                      0.0858     0.4964 r
  U2823/ZN (NAND2_X1)                                   0.0510     0.5474 f
  U2825/ZN (AND2_X1)                                    0.0422     0.5896 f
  U1783/ZN (INV_X1)                                     0.0262     0.6157 r
  U1749/ZN (OR2_X1)                                     0.1031     0.7188 r
  U4544/ZN (NOR2_X1)                                    0.0473     0.7661 f
  U1293/ZN (OR3_X1)                                     0.1080     0.8741 f
  U4915/ZN (NAND2_X1)                                   0.0391     0.9132 r
  U4916/ZN (NAND4_X1)                                   0.0525     0.9657 f
  U7475/ZN (AND2_X1)                                    0.0448     1.0106 f
  U7476/ZN (OR4_X2)                                     0.1237     1.1342 f
  U13205/ZN (NOR3_X1)                                   0.0531     1.1873 r
  U13206/ZN (NAND2_X1)                                  0.0329     1.2201 f
  U13207/ZN (NOR2_X1)                                   0.0402     1.2603 r
  U13208/ZN (AND4_X1)                                   0.0654     1.3257 r
  U13209/ZN (AND4_X1)                                   0.0579     1.3836 r
  U2721/ZN (AND4_X1)                                    0.0679     1.4515 r
  U11567/ZN (NAND4_X1)                                  0.0435     1.4951 f
  U12638/ZN (OAI21_X1)                                  0.0477     1.5427 r
  DP_i_execute_i_zero_alu_bit_Y_reg/D (DFF_X2)          0.0109     1.5536 r
  data arrival time                                                1.5536

  clock CLK (rise edge)                                 1.2000     1.2000
  clock network delay (ideal)                           0.0500     1.2500
  clock uncertainty                                    -0.0500     1.2000
  DP_i_execute_i_zero_alu_bit_Y_reg/CK (DFF_X2)         0.0000     1.2000 r
  library setup time                                   -0.0283     1.1717
  data required time                                               1.1717
  --------------------------------------------------------------------------
  data required time                                               1.1717
  data arrival time                                               -1.5536
  --------------------------------------------------------------------------
  slack (VIOLATED)                                                -0.3819


  Startpoint: DP_i_fetch_i_IR_out_reg_30_
              (rising edge-triggered flip-flop clocked by CLK)
  Endpoint: DP_i_fetch_i_pc_i_Y_reg_8_
            (rising edge-triggered flip-flop clocked by CLK)
  Path Group: REG2REG
  Path Type: max

  Des/Clust/Port     Wire Load Model       Library
  ------------------------------------------------
  DLX                5K_hvratio_1_4        NangateOpenCellLibrary

  Point                                                   Incr       Path
  --------------------------------------------------------------------------
  clock CLK (rise edge)                                 0.0000     0.0000
  clock network delay (ideal)                           0.0500     0.0500
  DP_i_fetch_i_IR_out_reg_30_/CK (DFF_X1)               0.0000     0.0500 r
  DP_i_fetch_i_IR_out_reg_30_/Q (DFF_X1)                0.1006     0.1506 f
  U1037/ZN (OR2_X1)                                     0.0703     0.2209 f
  U1189/ZN (INV_X1)                                     0.0321     0.2530 r
  U3669/ZN (NAND2_X1)                                   0.0280     0.2810 f
  U3670/ZN (AND2_X1)                                    0.0407     0.3217 f
  U3673/ZN (AOI21_X1)                                   0.0492     0.3708 r
  U1374/ZN (OR3_X2)                                     0.0497     0.4206 r
  U2347/ZN (NAND2_X1)                                   0.0382     0.4588 f
  U1381/ZN (AND2_X1)                                    0.0414     0.5002 f
  U5974/ZN (OR2_X1)                                     0.0523     0.5526 f
  U13733/ZN (OAI21_X1)                                  0.0362     0.5888 r
  U1365/ZN (AND2_X1)                                    0.0464     0.6351 r
  U5982/ZN (AOI22_X1)                                   0.0364     0.6716 f
  U5983/ZN (OR2_X1)                                     0.0674     0.7389 f
  U5985/ZN (NAND2_X1)                                   0.0309     0.7698 r
  U5994/ZN (OAI211_X1)                                  0.0408     0.8106 f
  U6005/ZN (OAI21_X1)                                   0.0634     0.8740 r
  U6019/ZN (NAND2_X1)                                   0.0498     0.9238 f
  U2425/ZN (AND2_X1)                                    0.0490     0.9728 f
  U1622/ZN (OR2_X1)                                     0.0520     1.0248 f
  U2609/ZN (AND2_X1)                                    0.0413     1.0661 f
  U6153/ZN (XNOR2_X1)                                   0.0612     1.1273 f
  U6154/ZN (NAND4_X1)                                   0.0434     1.1708 r
  U1114/ZN (AND4_X1)                                    0.0657     1.2365 r
  U1006/ZN (OR2_X1)                                     0.0418     1.2782 r
  U1408/ZN (AND2_X1)                                    0.0517     1.3299 r
  U1411/Z (BUF_X2)                                      0.0495     1.3794 r
  U13298/ZN (OAI22_X1)                                  0.0421     1.4215 f
  U1946/ZN (OR4_X2)                                     0.1214     1.5429 f
  DP_i_fetch_i_pc_i_Y_reg_8_/D (DFF_X1)                 0.0104     1.5533 f
  data arrival time                                                1.5533

  clock CLK (rise edge)                                 1.2000     1.2000
  clock network delay (ideal)                           0.0500     1.2500
  clock uncertainty                                    -0.0500     1.2000
  DP_i_fetch_i_pc_i_Y_reg_8_/CK (DFF_X1)                0.0000     1.2000 r
  library setup time                                   -0.0276     1.1724
  data required time                                               1.1724
  --------------------------------------------------------------------------
  data required time                                               1.1724
  data arrival time                                               -1.5533
  --------------------------------------------------------------------------
  slack (VIOLATED)                                                -0.3809


  Startpoint: DP_i_fetch_i_IR_out_reg_30_
              (rising edge-triggered flip-flop clocked by CLK)
  Endpoint: DP_i_fetch_i_pc_i_Y_reg_8_
            (rising edge-triggered flip-flop clocked by CLK)
  Path Group: REG2REG
  Path Type: max

  Des/Clust/Port     Wire Load Model       Library
  ------------------------------------------------
  DLX                5K_hvratio_1_4        NangateOpenCellLibrary

  Point                                                   Incr       Path
  --------------------------------------------------------------------------
  clock CLK (rise edge)                                 0.0000     0.0000
  clock network delay (ideal)                           0.0500     0.0500
  DP_i_fetch_i_IR_out_reg_30_/CK (DFF_X1)               0.0000     0.0500 r
  DP_i_fetch_i_IR_out_reg_30_/Q (DFF_X1)                0.1006     0.1506 f
  U1037/ZN (OR2_X1)                                     0.0703     0.2209 f
  U1189/ZN (INV_X1)                                     0.0321     0.2530 r
  U3669/ZN (NAND2_X1)                                   0.0280     0.2810 f
  U3670/ZN (AND2_X1)                                    0.0407     0.3217 f
  U3673/ZN (AOI21_X1)                                   0.0492     0.3708 r
  U1374/ZN (OR3_X2)                                     0.0497     0.4206 r
  U2347/ZN (NAND2_X1)                                   0.0382     0.4588 f
  U1381/ZN (AND2_X1)                                    0.0414     0.5002 f
  U5974/ZN (OR2_X1)                                     0.0523     0.5526 f
  U13733/ZN (OAI21_X1)                                  0.0362     0.5888 r
  U1365/ZN (AND2_X1)                                    0.0464     0.6351 r
  U5982/ZN (AOI22_X1)                                   0.0364     0.6716 f
  U5983/ZN (OR2_X1)                                     0.0674     0.7389 f
  U5985/ZN (NAND2_X1)                                   0.0309     0.7698 r
  U5994/ZN (OAI211_X1)                                  0.0408     0.8106 f
  U6005/ZN (OAI21_X1)                                   0.0634     0.8740 r
  U6019/ZN (NAND2_X1)                                   0.0498     0.9238 f
  U2425/ZN (AND2_X1)                                    0.0490     0.9728 f
  U1622/ZN (OR2_X1)                                     0.0520     1.0248 f
  U2609/ZN (AND2_X1)                                    0.0413     1.0661 f
  U6153/ZN (XNOR2_X1)                                   0.0612     1.1273 f
  U6154/ZN (NAND4_X1)                                   0.0434     1.1708 r
  U1114/ZN (AND4_X1)                                    0.0657     1.2365 r
  U7225/ZN (OR3_X1)                                     0.0429     1.2793 r
  U1408/ZN (AND2_X1)                                    0.0506     1.3299 r
  U1411/Z (BUF_X2)                                      0.0495     1.3793 r
  U13298/ZN (OAI22_X1)                                  0.0421     1.4214 f
  U1946/ZN (OR4_X2)                                     0.1214     1.5429 f
  DP_i_fetch_i_pc_i_Y_reg_8_/D (DFF_X1)                 0.0104     1.5533 f
  data arrival time                                                1.5533

  clock CLK (rise edge)                                 1.2000     1.2000
  clock network delay (ideal)                           0.0500     1.2500
  clock uncertainty                                    -0.0500     1.2000
  DP_i_fetch_i_pc_i_Y_reg_8_/CK (DFF_X1)                0.0000     1.2000 r
  library setup time                                   -0.0276     1.1724
  data required time                                               1.1724
  --------------------------------------------------------------------------
  data required time                                               1.1724
  data arrival time                                               -1.5533
  --------------------------------------------------------------------------
  slack (VIOLATED)                                                -0.3809


  Startpoint: DP_i_decode_i_rs2_addr_i_Y_reg_1_
              (rising edge-triggered flip-flop clocked by CLK)
  Endpoint: DP_i_execute_i_boothmul_i_tree_i_register_i_2_Y_temp_reg_31_
            (rising edge-triggered flip-flop clocked by CLK)
  Path Group: REG2REG
  Path Type: max

  Des/Clust/Port     Wire Load Model       Library
  ------------------------------------------------
  DLX                5K_hvratio_1_4        NangateOpenCellLibrary

  Point                                                   Incr       Path
  --------------------------------------------------------------------------
  clock CLK (rise edge)                                 0.0000     0.0000
  clock network delay (ideal)                           0.0500     0.0500
  DP_i_decode_i_rs2_addr_i_Y_reg_1_/CK (DFF_X1)         0.0000     0.0500 r
  DP_i_decode_i_rs2_addr_i_Y_reg_1_/QN (DFF_X1)         0.0782     0.1282 f
  U2525/ZN (INV_X1)                                     0.0304     0.1586 r
  U2736/ZN (XNOR2_X1)                                   0.0588     0.2173 r
  U2748/ZN (AND2_X1)                                    0.0464     0.2637 r
  U2749/ZN (NAND4_X1)                                   0.0474     0.3111 f
  U2751/ZN (NAND4_X1)                                   0.0452     0.3563 r
  U2753/ZN (NAND2_X1)                                   0.0468     0.4031 f
  U2754/ZN (INV_X1)                                     0.0515     0.4546 r
  U2895/Z (BUF_X2)                                      0.0546     0.5092 r
  U2909/ZN (NAND2_X1)                                   0.0358     0.5449 f
  U2913/ZN (NAND2_X1)                                   0.0392     0.5841 r
  U1155/Z (MUX2_X1)                                     0.0584     0.6425 r
  U1259/ZN (NAND2_X1)                                   0.0380     0.6805 f
  U4164/ZN (OR2_X1)                                     0.0651     0.7456 f
  U4166/Z (MUX2_X1)                                     0.0710     0.8166 f
  U1453/Z (BUF_X1)                                      0.0485     0.8651 f
  U4170/ZN (OAI21_X1)                                   0.0562     0.9213 r
  U4177/ZN (XNOR2_X1)                                   0.0737     0.9950 r
  U2001/ZN (XNOR2_X1)                                   0.0790     1.0740 r
  U1613/ZN (AND2_X1)                                    0.0586     1.1326 r
  U4429/ZN (XNOR2_X1)                                   0.0660     1.1986 r
  U4430/ZN (XNOR2_X1)                                   0.0669     1.2656 r
  U4431/ZN (XNOR2_X1)                                   0.0758     1.3414 r
  U10845/ZN (XNOR2_X1)                                  0.0720     1.4134 r
  U10849/ZN (OAI21_X1)                                  0.0368     1.4502 f
  U10850/ZN (XNOR2_X1)                                  0.0564     1.5066 f
  U12119/ZN (AND2_X1)                                   0.0380     1.5445 f
  DP_i_execute_i_boothmul_i_tree_i_register_i_2_Y_temp_reg_31_/D (DFF_X2)
                                                        0.0104     1.5549 f
  data arrival time                                                1.5549

  clock CLK (rise edge)                                 1.2000     1.2000
  clock network delay (ideal)                           0.0500     1.2500
  clock uncertainty                                    -0.0500     1.2000
  DP_i_execute_i_boothmul_i_tree_i_register_i_2_Y_temp_reg_31_/CK (DFF_X2)
                                                        0.0000     1.2000 r
  library setup time                                   -0.0258     1.1742
  data required time                                               1.1742
  --------------------------------------------------------------------------
  data required time                                               1.1742
  data arrival time                                               -1.5549
  --------------------------------------------------------------------------
  slack (VIOLATED)                                                -0.3807


  Startpoint: DP_i_decode_i_rs2_addr_i_Y_reg_1_
              (rising edge-triggered flip-flop clocked by CLK)
  Endpoint: DP_i_execute_i_boothmul_i_tree_i_register_i_2_Y_temp_reg_31_
            (rising edge-triggered flip-flop clocked by CLK)
  Path Group: REG2REG
  Path Type: max

  Des/Clust/Port     Wire Load Model       Library
  ------------------------------------------------
  DLX                5K_hvratio_1_4        NangateOpenCellLibrary

  Point                                                   Incr       Path
  --------------------------------------------------------------------------
  clock CLK (rise edge)                                 0.0000     0.0000
  clock network delay (ideal)                           0.0500     0.0500
  DP_i_decode_i_rs2_addr_i_Y_reg_1_/CK (DFF_X1)         0.0000     0.0500 r
  DP_i_decode_i_rs2_addr_i_Y_reg_1_/QN (DFF_X1)         0.0782     0.1282 f
  U2525/ZN (INV_X1)                                     0.0304     0.1586 r
  U2736/ZN (XNOR2_X1)                                   0.0588     0.2173 r
  U2748/ZN (AND2_X1)                                    0.0464     0.2637 r
  U2749/ZN (NAND4_X1)                                   0.0474     0.3111 f
  U2751/ZN (NAND4_X1)                                   0.0452     0.3563 r
  U2753/ZN (NAND2_X1)                                   0.0468     0.4031 f
  U2754/ZN (INV_X1)                                     0.0515     0.4546 r
  U2895/Z (BUF_X2)                                      0.0546     0.5092 r
  U2909/ZN (NAND2_X1)                                   0.0358     0.5449 f
  U2913/ZN (NAND2_X1)                                   0.0392     0.5841 r
  U1155/Z (MUX2_X1)                                     0.0584     0.6425 r
  U1259/ZN (NAND2_X1)                                   0.0380     0.6805 f
  U4164/ZN (OR2_X1)                                     0.0651     0.7456 f
  U4166/Z (MUX2_X1)                                     0.0710     0.8166 f
  U1453/Z (BUF_X1)                                      0.0485     0.8651 f
  U4170/ZN (OAI21_X1)                                   0.0562     0.9213 r
  U4177/ZN (XNOR2_X1)                                   0.0737     0.9950 r
  U2001/ZN (XNOR2_X1)                                   0.0790     1.0740 r
  U1613/ZN (AND2_X1)                                    0.0586     1.1326 r
  U4429/ZN (XNOR2_X1)                                   0.0660     1.1986 r
  U4430/ZN (XNOR2_X1)                                   0.0669     1.2656 r
  U4431/ZN (XNOR2_X1)                                   0.0758     1.3414 r
  U10845/ZN (XNOR2_X1)                                  0.0720     1.4134 r
  U10849/ZN (OAI21_X1)                                  0.0368     1.4502 f
  U10850/ZN (XNOR2_X1)                                  0.0564     1.5066 f
  U12119/ZN (AND2_X1)                                   0.0380     1.5445 f
  DP_i_execute_i_boothmul_i_tree_i_register_i_2_Y_temp_reg_31_/D (DFF_X2)
                                                        0.0104     1.5549 f
  data arrival time                                                1.5549

  clock CLK (rise edge)                                 1.2000     1.2000
  clock network delay (ideal)                           0.0500     1.2500
  clock uncertainty                                    -0.0500     1.2000
  DP_i_execute_i_boothmul_i_tree_i_register_i_2_Y_temp_reg_31_/CK (DFF_X2)
                                                        0.0000     1.2000 r
  library setup time                                   -0.0258     1.1742
  data required time                                               1.1742
  --------------------------------------------------------------------------
  data required time                                               1.1742
  data arrival time                                               -1.5549
  --------------------------------------------------------------------------
  slack (VIOLATED)                                                -0.3807


  Startpoint: DP_i_decode_i_rs2_addr_i_Y_reg_1_
              (rising edge-triggered flip-flop clocked by CLK)
  Endpoint: DP_i_execute_i_alu_out_reg_i_Y_reg_0_
            (rising edge-triggered flip-flop clocked by CLK)
  Path Group: REG2REG
  Path Type: max

  Des/Clust/Port     Wire Load Model       Library
  ------------------------------------------------
  DLX                5K_hvratio_1_4        NangateOpenCellLibrary

  Point                                                   Incr       Path
  --------------------------------------------------------------------------
  clock CLK (rise edge)                                 0.0000     0.0000
  clock network delay (ideal)                           0.0500     0.0500
  DP_i_decode_i_rs2_addr_i_Y_reg_1_/CK (DFF_X1)         0.0000     0.0500 r
  DP_i_decode_i_rs2_addr_i_Y_reg_1_/QN (DFF_X1)         0.0782     0.1282 f
  U2525/ZN (INV_X1)                                     0.0304     0.1586 r
  U2736/ZN (XNOR2_X1)                                   0.0588     0.2173 r
  U2748/ZN (AND2_X1)                                    0.0464     0.2637 r
  U2749/ZN (NAND4_X1)                                   0.0474     0.3111 f
  U2751/ZN (NAND4_X1)                                   0.0452     0.3563 r
  U2082/Z (BUF_X1)                                      0.0421     0.3984 r
  U1402/ZN (INV_X1)                                     0.0432     0.4416 f
  U2896/ZN (AOI222_X1)                                  0.1144     0.5560 r
  U1786/Z (MUX2_X1)                                     0.0688     0.6248 r
  U3396/ZN (XNOR2_X1)                                   0.0718     0.6966 r
  U3399/ZN (XNOR2_X1)                                   0.0848     0.7814 r
  U1161/ZN (OR2_X1)                                     0.0519     0.8333 r
  U1160/ZN (NAND2_X1)                                   0.0333     0.8666 f
  U3613/ZN (NAND2_X1)                                   0.0317     0.8983 r
  U3615/ZN (NAND2_X1)                                   0.0306     0.9289 f
  U4439/ZN (OR2_X1)                                     0.0604     0.9893 f
  U1010/ZN (AOI21_X1)                                   0.0766     1.0659 r
  U4443/ZN (NAND2_X1)                                   0.0436     1.1095 f
  U2387/ZN (NAND3_X1)                                   0.0432     1.1527 r
  U4459/ZN (NAND2_X1)                                   0.0345     1.1872 f
  U1582/ZN (OAI211_X1)                                  0.0411     1.2282 r
  U4521/ZN (AND4_X1)                                    0.0712     1.2995 r
  U1956/ZN (AND4_X2)                                    0.0672     1.3667 r
  U1999/ZN (XNOR2_X1)                                   0.0630     1.4297 r
  U1998/ZN (NAND2_X1)                                   0.0338     1.4635 f
  U1559/ZN (AND2_X1)                                    0.0398     1.5033 f
  U1997/ZN (AOI21_X1)                                   0.0370     1.5403 r
  DP_i_execute_i_alu_out_reg_i_Y_reg_0_/D (DFF_X2)      0.0109     1.5512 r
  data arrival time                                                1.5512

  clock CLK (rise edge)                                 1.2000     1.2000
  clock network delay (ideal)                           0.0500     1.2500
  clock uncertainty                                    -0.0500     1.2000
  DP_i_execute_i_alu_out_reg_i_Y_reg_0_/CK (DFF_X2)     0.0000     1.2000 r
  library setup time                                   -0.0290     1.1710
  data required time                                               1.1710
  --------------------------------------------------------------------------
  data required time                                               1.1710
  data arrival time                                               -1.5512
  --------------------------------------------------------------------------
  slack (VIOLATED)                                                -0.3802


  Startpoint: DP_i_decode_i_rs2_addr_i_Y_reg_1_
              (rising edge-triggered flip-flop clocked by CLK)
  Endpoint: DP_i_execute_i_alu_out_reg_i_Y_reg_0_
            (rising edge-triggered flip-flop clocked by CLK)
  Path Group: REG2REG
  Path Type: max

  Des/Clust/Port     Wire Load Model       Library
  ------------------------------------------------
  DLX                5K_hvratio_1_4        NangateOpenCellLibrary

  Point                                                   Incr       Path
  --------------------------------------------------------------------------
  clock CLK (rise edge)                                 0.0000     0.0000
  clock network delay (ideal)                           0.0500     0.0500
  DP_i_decode_i_rs2_addr_i_Y_reg_1_/CK (DFF_X1)         0.0000     0.0500 r
  DP_i_decode_i_rs2_addr_i_Y_reg_1_/QN (DFF_X1)         0.0782     0.1282 f
  U2525/ZN (INV_X1)                                     0.0304     0.1586 r
  U2736/ZN (XNOR2_X1)                                   0.0588     0.2173 r
  U2748/ZN (AND2_X1)                                    0.0464     0.2637 r
  U2749/ZN (NAND4_X1)                                   0.0474     0.3111 f
  U2751/ZN (NAND4_X1)                                   0.0452     0.3563 r
  U2082/Z (BUF_X1)                                      0.0421     0.3984 r
  U1402/ZN (INV_X1)                                     0.0432     0.4416 f
  U2896/ZN (AOI222_X1)                                  0.1144     0.5560 r
  U1786/Z (MUX2_X1)                                     0.0688     0.6248 r
  U3396/ZN (XNOR2_X1)                                   0.0718     0.6966 r
  U3399/ZN (XNOR2_X1)                                   0.0848     0.7814 r
  U1161/ZN (OR2_X1)                                     0.0519     0.8333 r
  U1160/ZN (NAND2_X1)                                   0.0333     0.8666 f
  U3613/ZN (NAND2_X1)                                   0.0317     0.8983 r
  U3615/ZN (NAND2_X1)                                   0.0306     0.9289 f
  U4439/ZN (OR2_X1)                                     0.0604     0.9893 f
  U1010/ZN (AOI21_X1)                                   0.0766     1.0659 r
  U4443/ZN (NAND2_X1)                                   0.0436     1.1095 f
  U2387/ZN (NAND3_X1)                                   0.0432     1.1527 r
  U4459/ZN (NAND2_X1)                                   0.0345     1.1872 f
  U1582/ZN (OAI211_X1)                                  0.0411     1.2282 r
  U4521/ZN (AND4_X1)                                    0.0712     1.2995 r
  U1956/ZN (AND4_X2)                                    0.0672     1.3667 r
  U1999/ZN (XNOR2_X1)                                   0.0630     1.4297 r
  U1998/ZN (NAND2_X1)                                   0.0338     1.4635 f
  U1559/ZN (AND2_X1)                                    0.0398     1.5033 f
  U1997/ZN (AOI21_X1)                                   0.0370     1.5403 r
  DP_i_execute_i_alu_out_reg_i_Y_reg_0_/D (DFF_X2)      0.0109     1.5512 r
  data arrival time                                                1.5512

  clock CLK (rise edge)                                 1.2000     1.2000
  clock network delay (ideal)                           0.0500     1.2500
  clock uncertainty                                    -0.0500     1.2000
  DP_i_execute_i_alu_out_reg_i_Y_reg_0_/CK (DFF_X2)     0.0000     1.2000 r
  library setup time                                   -0.0290     1.1710
  data required time                                               1.1710
  --------------------------------------------------------------------------
  data required time                                               1.1710
  data arrival time                                               -1.5512
  --------------------------------------------------------------------------
  slack (VIOLATED)                                                -0.3802


  Startpoint: DP_i_fetch_i_IR_out_reg_27_
              (rising edge-triggered flip-flop clocked by CLK)
  Endpoint: DP_i_fetch_i_pc_i_clk_gate_Y_reg/latch
            (gating element for clock CLK)
  Path Group: CLK
  Path Type: max

  Des/Clust/Port     Wire Load Model       Library
  ------------------------------------------------
  DLX                5K_hvratio_1_4        NangateOpenCellLibrary

  Point                                                   Incr       Path
  --------------------------------------------------------------------------
  clock CLK (rise edge)                                 0.0000     0.0000
  clock network delay (ideal)                           0.0500     0.0500
  DP_i_fetch_i_IR_out_reg_27_/CK (DFF_X1)               0.0000     0.0500 r
  DP_i_fetch_i_IR_out_reg_27_/Q (DFF_X1)                0.0977     0.1477 f
  U1360/ZN (OR2_X1)                                     0.0642     0.2118 f
  U2358/ZN (OR3_X2)                                     0.0901     0.3019 f
  U5928/ZN (AND2_X2)                                    0.0492     0.3511 f
  U1878/ZN (AND2_X1)                                    0.0414     0.3925 f
  U1224/ZN (OR2_X1)                                     0.0536     0.4461 f
  U1086/ZN (NAND4_X1)                                   0.0366     0.4827 r
  U1085/ZN (NOR2_X1)                                    0.0253     0.5080 f
  U2554/ZN (OAI21_X1)                                   0.0512     0.5592 r
  U1277/Z (BUF_X2)                                      0.0478     0.6069 r
  U6045/ZN (XNOR2_X1)                                   0.0665     0.6735 r
  U6046/ZN (NAND2_X1)                                   0.0331     0.7066 f
  U1185/ZN (NAND2_X1)                                   0.0316     0.7382 r
  U1184/ZN (XNOR2_X1)                                   0.0624     0.8007 r
  U6047/ZN (XNOR2_X1)                                   0.0628     0.8635 r
  U2044/ZN (AND4_X1)                                    0.0596     0.9231 r
  U1640/ZN (AND4_X1)                                    0.0602     0.9833 r
  U2042/ZN (NAND4_X1)                                   0.0382     1.0214 f
  U6124/ZN (NOR4_X1)                                    0.0572     1.0786 r
  U6125/ZN (AND3_X1)                                    0.0654     1.1440 r
  U6154/ZN (NAND4_X1)                                   0.0433     1.1873 f
  U2389/ZN (AND4_X1)                                    0.0461     1.2334 f
  U1917/ZN (OR2_X1)                                     0.0507     1.2841 f
  DP_i_fetch_i_pc_i_clk_gate_Y_reg/EN (SNPS_CLOCK_GATE_HIGH_data_reg_NBIT30_2_2)
                                                        0.0000     1.2841 f
  DP_i_fetch_i_pc_i_clk_gate_Y_reg/latch/E (CLKGATETST_X1)
                                                        0.0088     1.2929 f
  data arrival time                                                1.2929

  clock CLK (rise edge)                                 1.2000     1.2000
  clock network delay (ideal)                           0.0500     1.2500
  clock uncertainty                                    -0.0500     1.2000
  DP_i_fetch_i_pc_i_clk_gate_Y_reg/latch/CK (CLKGATETST_X1)
                                                        0.0000     1.2000 r
  clock gating setup time                              -0.0632     1.1368
  data required time                                               1.1368
  --------------------------------------------------------------------------
  data required time                                               1.1368
  data arrival time                                               -1.2929
  --------------------------------------------------------------------------
  slack (VIOLATED)                                                -0.1560


  Startpoint: DP_i_fetch_i_IR_out_reg_27_
              (rising edge-triggered flip-flop clocked by CLK)
  Endpoint: DP_i_fetch_i_pc_i_clk_gate_Y_reg/latch
            (gating element for clock CLK)
  Path Group: CLK
  Path Type: max

  Des/Clust/Port     Wire Load Model       Library
  ------------------------------------------------
  DLX                5K_hvratio_1_4        NangateOpenCellLibrary

  Point                                                   Incr       Path
  --------------------------------------------------------------------------
  clock CLK (rise edge)                                 0.0000     0.0000
  clock network delay (ideal)                           0.0500     0.0500
  DP_i_fetch_i_IR_out_reg_27_/CK (DFF_X1)               0.0000     0.0500 r
  DP_i_fetch_i_IR_out_reg_27_/Q (DFF_X1)                0.0977     0.1477 f
  U1379/ZN (OR2_X1)                                     0.0657     0.2133 f
  U3629/ZN (OR3_X2)                                     0.0952     0.3085 f
  U1421/ZN (AND2_X1)                                    0.0485     0.3570 f
  U1357/ZN (OR2_X1)                                     0.0552     0.4121 f
  U2437/ZN (AND2_X1)                                    0.0395     0.4517 f
  U1086/ZN (NAND4_X1)                                   0.0308     0.4825 r
  U1085/ZN (NOR2_X1)                                    0.0253     0.5078 f
  U2554/ZN (OAI21_X1)                                   0.0512     0.5590 r
  U1277/Z (BUF_X2)                                      0.0478     0.6067 r
  U6045/ZN (XNOR2_X1)                                   0.0665     0.6732 r
  U6046/ZN (NAND2_X1)                                   0.0331     0.7064 f
  U1185/ZN (NAND2_X1)                                   0.0316     0.7380 r
  U1184/ZN (XNOR2_X1)                                   0.0624     0.8005 r
  U6047/ZN (XNOR2_X1)                                   0.0628     0.8632 r
  U2044/ZN (AND4_X1)                                    0.0596     0.9229 r
  U1640/ZN (AND4_X1)                                    0.0602     0.9830 r
  U2042/ZN (NAND4_X1)                                   0.0382     1.0212 f
  U6124/ZN (NOR4_X1)                                    0.0572     1.0784 r
  U6125/ZN (AND3_X1)                                    0.0654     1.1438 r
  U6154/ZN (NAND4_X1)                                   0.0433     1.1871 f
  U2389/ZN (AND4_X1)                                    0.0461     1.2332 f
  U1917/ZN (OR2_X1)                                     0.0507     1.2839 f
  DP_i_fetch_i_pc_i_clk_gate_Y_reg/EN (SNPS_CLOCK_GATE_HIGH_data_reg_NBIT30_2_2)
                                                        0.0000     1.2839 f
  DP_i_fetch_i_pc_i_clk_gate_Y_reg/latch/E (CLKGATETST_X1)
                                                        0.0088     1.2926 f
  data arrival time                                                1.2926

  clock CLK (rise edge)                                 1.2000     1.2000
  clock network delay (ideal)                           0.0500     1.2500
  clock uncertainty                                    -0.0500     1.2000
  DP_i_fetch_i_pc_i_clk_gate_Y_reg/latch/CK (CLKGATETST_X1)
                                                        0.0000     1.2000 r
  clock gating setup time                              -0.0632     1.1368
  data required time                                               1.1368
  --------------------------------------------------------------------------
  data required time                                               1.1368
  data arrival time                                               -1.2926
  --------------------------------------------------------------------------
  slack (VIOLATED)                                                -0.1558


  Startpoint: DP_i_mem_access_i_rd_out_reg_i_Y_reg_0_
              (rising edge-triggered flip-flop clocked by CLK)
  Endpoint: DP_i_fetch_i_btb_i_clk_gate_btb_table_reg_10__TARGET_/latch
            (gating element for clock CLK)
  Path Group: CLK
  Path Type: max

  Des/Clust/Port     Wire Load Model       Library
  ------------------------------------------------
  DLX                5K_hvratio_1_4        NangateOpenCellLibrary

  Point                                                   Incr       Path
  --------------------------------------------------------------------------
  clock CLK (rise edge)                                 0.0000     0.0000
  clock network delay (ideal)                           0.0500     0.0500
  DP_i_mem_access_i_rd_out_reg_i_Y_reg_0_/CK (DFF_X1)   0.0000     0.0500 r
  DP_i_mem_access_i_rd_out_reg_i_Y_reg_0_/Q (DFF_X1)    0.1028     0.1528 r
  U2319/ZN (NAND2_X1)                                   0.0292     0.1820 f
  U2317/ZN (NAND2_X1)                                   0.0299     0.2119 r
  U2073/ZN (AND2_X1)                                    0.0477     0.2596 r
  U9746/ZN (AND4_X2)                                    0.0717     0.3313 r
  U9390/Z (BUF_X2)                                      0.0546     0.3859 r
  U913/ZN (OR2_X1)                                      0.0546     0.4405 r
  U1154/ZN (INV_X1)                                     0.0578     0.4983 f
  U5542/ZN (AOI22_X1)                                   0.0674     0.5657 r
  U5543/ZN (AND2_X1)                                    0.0432     0.6089 r
  U5547/ZN (AND4_X1)                                    0.0646     0.6735 r
  U1117/ZN (AND4_X1)                                    0.0777     0.7512 r
  U2478/ZN (AND2_X1)                                    0.0449     0.7961 r
  U1084/ZN (AND4_X1)                                    0.0711     0.8673 r
  U2030/ZN (NAND4_X1)                                   0.0560     0.9233 f
  U1327/ZN (OAI211_X1)                                  0.0422     0.9655 r
  U1331/ZN (AND2_X1)                                    0.0487     1.0142 r
  U1514/ZN (AND2_X1)                                    0.0532     1.0675 r
  U2415/ZN (NAND4_X1)                                   0.0512     1.1187 f
  U2598/ZN (NAND2_X1)                                   0.0443     1.1630 r
  U2590/ZN (AND2_X1)                                    0.0549     1.2179 r
  U13666/ZN (AND2_X1)                                   0.0448     1.2628 r
  DP_i_fetch_i_btb_i_clk_gate_btb_table_reg_10__TARGET_/EN (SNPS_CLOCK_GATE_HIGH_BTB_NBIT32_BTB_DEPTH16_BTB_INDEX_MSB5_12)
                                                        0.0000     1.2628 r
  DP_i_fetch_i_btb_i_clk_gate_btb_table_reg_10__TARGET_/latch/E (CLKGATETST_X1)
                                                        0.0091     1.2718 r
  data arrival time                                                1.2718

  clock CLK (rise edge)                                 1.2000     1.2000
  clock network delay (ideal)                           0.0500     1.2500
  clock uncertainty                                    -0.0500     1.2000
  DP_i_fetch_i_btb_i_clk_gate_btb_table_reg_10__TARGET_/latch/CK (CLKGATETST_X1)
                                                        0.0000     1.2000 r
  clock gating setup time                              -0.0724     1.1276
  data required time                                               1.1276
  --------------------------------------------------------------------------
  data required time                                               1.1276
  data arrival time                                               -1.2718
  --------------------------------------------------------------------------
  slack (VIOLATED)                                                -0.1442


  Startpoint: DP_i_mem_access_i_rd_out_reg_i_Y_reg_0_
              (rising edge-triggered flip-flop clocked by CLK)
  Endpoint: DP_i_fetch_i_btb_i_clk_gate_btb_table_reg_14__TARGET_/latch
            (gating element for clock CLK)
  Path Group: CLK
  Path Type: max

  Des/Clust/Port     Wire Load Model       Library
  ------------------------------------------------
  DLX                5K_hvratio_1_4        NangateOpenCellLibrary

  Point                                                   Incr       Path
  --------------------------------------------------------------------------
  clock CLK (rise edge)                                 0.0000     0.0000
  clock network delay (ideal)                           0.0500     0.0500
  DP_i_mem_access_i_rd_out_reg_i_Y_reg_0_/CK (DFF_X1)   0.0000     0.0500 r
  DP_i_mem_access_i_rd_out_reg_i_Y_reg_0_/Q (DFF_X1)    0.1028     0.1528 r
  U2319/ZN (NAND2_X1)                                   0.0292     0.1820 f
  U2317/ZN (NAND2_X1)                                   0.0299     0.2119 r
  U2073/ZN (AND2_X1)                                    0.0477     0.2596 r
  U9746/ZN (AND4_X2)                                    0.0717     0.3313 r
  U9390/Z (BUF_X2)                                      0.0546     0.3859 r
  U913/ZN (OR2_X1)                                      0.0546     0.4405 r
  U1154/ZN (INV_X1)                                     0.0578     0.4983 f
  U5542/ZN (AOI22_X1)                                   0.0674     0.5657 r
  U5543/ZN (AND2_X1)                                    0.0432     0.6089 r
  U5547/ZN (AND4_X1)                                    0.0646     0.6735 r
  U1117/ZN (AND4_X1)                                    0.0777     0.7512 r
  U2478/ZN (AND2_X1)                                    0.0449     0.7961 r
  U1084/ZN (AND4_X1)                                    0.0711     0.8673 r
  U2030/ZN (NAND4_X1)                                   0.0560     0.9233 f
  U1327/ZN (OAI211_X1)                                  0.0422     0.9655 r
  U1331/ZN (AND2_X1)                                    0.0487     1.0142 r
  U1514/ZN (AND2_X1)                                    0.0532     1.0675 r
  U2415/ZN (NAND4_X1)                                   0.0512     1.1187 f
  U2598/ZN (NAND2_X1)                                   0.0443     1.1630 r
  U2589/ZN (AND2_X1)                                    0.0549     1.2179 r
  U13658/ZN (AND2_X1)                                   0.0448     1.2628 r
  DP_i_fetch_i_btb_i_clk_gate_btb_table_reg_14__TARGET_/EN (SNPS_CLOCK_GATE_HIGH_BTB_NBIT32_BTB_DEPTH16_BTB_INDEX_MSB5_4)
                                                        0.0000     1.2628 r
  DP_i_fetch_i_btb_i_clk_gate_btb_table_reg_14__TARGET_/latch/E (CLKGATETST_X1)
                                                        0.0091     1.2718 r
  data arrival time                                                1.2718

  clock CLK (rise edge)                                 1.2000     1.2000
  clock network delay (ideal)                           0.0500     1.2500
  clock uncertainty                                    -0.0500     1.2000
  DP_i_fetch_i_btb_i_clk_gate_btb_table_reg_14__TARGET_/latch/CK (CLKGATETST_X1)
                                                        0.0000     1.2000 r
  clock gating setup time                              -0.0724     1.1276
  data required time                                               1.1276
  --------------------------------------------------------------------------
  data required time                                               1.1276
  data arrival time                                               -1.2718
  --------------------------------------------------------------------------
  slack (VIOLATED)                                                -0.1442


  Startpoint: DP_i_mem_access_i_rd_out_reg_i_Y_reg_0_
              (rising edge-triggered flip-flop clocked by CLK)
  Endpoint: DP_i_fetch_i_btb_i_clk_gate_btb_table_reg_6__TARGET_/latch
            (gating element for clock CLK)
  Path Group: CLK
  Path Type: max

  Des/Clust/Port     Wire Load Model       Library
  ------------------------------------------------
  DLX                5K_hvratio_1_4        NangateOpenCellLibrary

  Point                                                   Incr       Path
  --------------------------------------------------------------------------
  clock CLK (rise edge)                                 0.0000     0.0000
  clock network delay (ideal)                           0.0500     0.0500
  DP_i_mem_access_i_rd_out_reg_i_Y_reg_0_/CK (DFF_X1)   0.0000     0.0500 r
  DP_i_mem_access_i_rd_out_reg_i_Y_reg_0_/Q (DFF_X1)    0.1028     0.1528 r
  U2319/ZN (NAND2_X1)                                   0.0292     0.1820 f
  U2317/ZN (NAND2_X1)                                   0.0299     0.2119 r
  U2073/ZN (AND2_X1)                                    0.0477     0.2596 r
  U9746/ZN (AND4_X2)                                    0.0717     0.3313 r
  U9390/Z (BUF_X2)                                      0.0546     0.3859 r
  U913/ZN (OR2_X1)                                      0.0546     0.4405 r
  U1154/ZN (INV_X1)                                     0.0578     0.4983 f
  U5542/ZN (AOI22_X1)                                   0.0674     0.5657 r
  U5543/ZN (AND2_X1)                                    0.0432     0.6089 r
  U5547/ZN (AND4_X1)                                    0.0646     0.6735 r
  U1117/ZN (AND4_X1)                                    0.0777     0.7512 r
  U2478/ZN (AND2_X1)                                    0.0449     0.7961 r
  U1084/ZN (AND4_X1)                                    0.0711     0.8673 r
  U2030/ZN (NAND4_X1)                                   0.0560     0.9233 f
  U1327/ZN (OAI211_X1)                                  0.0422     0.9655 r
  U1331/ZN (AND2_X1)                                    0.0487     1.0142 r
  U1514/ZN (AND2_X1)                                    0.0532     1.0675 r
  U2415/ZN (NAND4_X1)                                   0.0512     1.1187 f
  U2598/ZN (NAND2_X1)                                   0.0443     1.1630 r
  U2591/ZN (AND2_X1)                                    0.0549     1.2179 r
  U13674/ZN (AND2_X1)                                   0.0448     1.2627 r
  DP_i_fetch_i_btb_i_clk_gate_btb_table_reg_6__TARGET_/EN (SNPS_CLOCK_GATE_HIGH_BTB_NBIT32_BTB_DEPTH16_BTB_INDEX_MSB5_20)
                                                        0.0000     1.2627 r
  DP_i_fetch_i_btb_i_clk_gate_btb_table_reg_6__TARGET_/latch/E (CLKGATETST_X1)
                                                        0.0091     1.2718 r
  data arrival time                                                1.2718

  clock CLK (rise edge)                                 1.2000     1.2000
  clock network delay (ideal)                           0.0500     1.2500
  clock uncertainty                                    -0.0500     1.2000
  DP_i_fetch_i_btb_i_clk_gate_btb_table_reg_6__TARGET_/latch/CK (CLKGATETST_X1)
                                                        0.0000     1.2000 r
  clock gating setup time                              -0.0724     1.1276
  data required time                                               1.1276
  --------------------------------------------------------------------------
  data required time                                               1.1276
  data arrival time                                               -1.2718
  --------------------------------------------------------------------------
  slack (VIOLATED)                                                -0.1442


  Startpoint: DP_i_fetch_i_IR_out_reg_24_
              (rising edge-triggered flip-flop clocked by CLK)
  Endpoint: DP_i_fetch_i_btb_i_clk_gate_btb_table_reg_10__TARGET_/latch
            (gating element for clock CLK)
  Path Group: CLK
  Path Type: max

  Des/Clust/Port     Wire Load Model       Library
  ------------------------------------------------
  DLX                5K_hvratio_1_4        NangateOpenCellLibrary

  Point                                                   Incr       Path
  --------------------------------------------------------------------------
  clock CLK (rise edge)                                 0.0000     0.0000
  clock network delay (ideal)                           0.0500     0.0500
  DP_i_fetch_i_IR_out_reg_24_/CK (DFF_X1)               0.0000     0.0500 r
  DP_i_fetch_i_IR_out_reg_24_/QN (DFF_X1)               0.0874     0.1374 r
  U3713/ZN (XNOR2_X1)                                   0.0657     0.2031 r
  U957/ZN (AND2_X1)                                     0.0520     0.2550 r
  U9746/ZN (AND4_X2)                                    0.0762     0.3312 r
  U9390/Z (BUF_X2)                                      0.0546     0.3858 r
  U913/ZN (OR2_X1)                                      0.0546     0.4404 r
  U1154/ZN (INV_X1)                                     0.0578     0.4982 f
  U5542/ZN (AOI22_X1)                                   0.0674     0.5656 r
  U5543/ZN (AND2_X1)                                    0.0432     0.6088 r
  U5547/ZN (AND4_X1)                                    0.0646     0.6735 r
  U1117/ZN (AND4_X1)                                    0.0777     0.7512 r
  U2478/ZN (AND2_X1)                                    0.0449     0.7961 r
  U1084/ZN (AND4_X1)                                    0.0711     0.8672 r
  U2030/ZN (NAND4_X1)                                   0.0560     0.9233 f
  U1327/ZN (OAI211_X1)                                  0.0422     0.9655 r
  U1331/ZN (AND2_X1)                                    0.0487     1.0142 r
  U1514/ZN (AND2_X1)                                    0.0532     1.0674 r
  U2415/ZN (NAND4_X1)                                   0.0512     1.1186 f
  U2598/ZN (NAND2_X1)                                   0.0443     1.1630 r
  U2590/ZN (AND2_X1)                                    0.0549     1.2179 r
  U13666/ZN (AND2_X1)                                   0.0448     1.2627 r
  DP_i_fetch_i_btb_i_clk_gate_btb_table_reg_10__TARGET_/EN (SNPS_CLOCK_GATE_HIGH_BTB_NBIT32_BTB_DEPTH16_BTB_INDEX_MSB5_12)
                                                        0.0000     1.2627 r
  DP_i_fetch_i_btb_i_clk_gate_btb_table_reg_10__TARGET_/latch/E (CLKGATETST_X1)
                                                        0.0091     1.2718 r
  data arrival time                                                1.2718

  clock CLK (rise edge)                                 1.2000     1.2000
  clock network delay (ideal)                           0.0500     1.2500
  clock uncertainty                                    -0.0500     1.2000
  DP_i_fetch_i_btb_i_clk_gate_btb_table_reg_10__TARGET_/latch/CK (CLKGATETST_X1)
                                                        0.0000     1.2000 r
  clock gating setup time                              -0.0724     1.1276
  data required time                                               1.1276
  --------------------------------------------------------------------------
  data required time                                               1.1276
  data arrival time                                               -1.2718
  --------------------------------------------------------------------------
  slack (VIOLATED)                                                -0.1442


  Startpoint: DP_i_fetch_i_IR_out_reg_24_
              (rising edge-triggered flip-flop clocked by CLK)
  Endpoint: DP_i_fetch_i_btb_i_clk_gate_btb_table_reg_14__TARGET_/latch
            (gating element for clock CLK)
  Path Group: CLK
  Path Type: max

  Des/Clust/Port     Wire Load Model       Library
  ------------------------------------------------
  DLX                5K_hvratio_1_4        NangateOpenCellLibrary

  Point                                                   Incr       Path
  --------------------------------------------------------------------------
  clock CLK (rise edge)                                 0.0000     0.0000
  clock network delay (ideal)                           0.0500     0.0500
  DP_i_fetch_i_IR_out_reg_24_/CK (DFF_X1)               0.0000     0.0500 r
  DP_i_fetch_i_IR_out_reg_24_/QN (DFF_X1)               0.0874     0.1374 r
  U3713/ZN (XNOR2_X1)                                   0.0657     0.2031 r
  U957/ZN (AND2_X1)                                     0.0520     0.2550 r
  U9746/ZN (AND4_X2)                                    0.0762     0.3312 r
  U9390/Z (BUF_X2)                                      0.0546     0.3858 r
  U913/ZN (OR2_X1)                                      0.0546     0.4404 r
  U1154/ZN (INV_X1)                                     0.0578     0.4982 f
  U5542/ZN (AOI22_X1)                                   0.0674     0.5656 r
  U5543/ZN (AND2_X1)                                    0.0432     0.6088 r
  U5547/ZN (AND4_X1)                                    0.0646     0.6735 r
  U1117/ZN (AND4_X1)                                    0.0777     0.7512 r
  U2478/ZN (AND2_X1)                                    0.0449     0.7961 r
  U1084/ZN (AND4_X1)                                    0.0711     0.8672 r
  U2030/ZN (NAND4_X1)                                   0.0560     0.9233 f
  U1327/ZN (OAI211_X1)                                  0.0422     0.9655 r
  U1331/ZN (AND2_X1)                                    0.0487     1.0142 r
  U1514/ZN (AND2_X1)                                    0.0532     1.0674 r
  U2415/ZN (NAND4_X1)                                   0.0512     1.1186 f
  U2598/ZN (NAND2_X1)                                   0.0443     1.1630 r
  U2589/ZN (AND2_X1)                                    0.0549     1.2179 r
  U13658/ZN (AND2_X1)                                   0.0448     1.2627 r
  DP_i_fetch_i_btb_i_clk_gate_btb_table_reg_14__TARGET_/EN (SNPS_CLOCK_GATE_HIGH_BTB_NBIT32_BTB_DEPTH16_BTB_INDEX_MSB5_4)
                                                        0.0000     1.2627 r
  DP_i_fetch_i_btb_i_clk_gate_btb_table_reg_14__TARGET_/latch/E (CLKGATETST_X1)
                                                        0.0091     1.2718 r
  data arrival time                                                1.2718

  clock CLK (rise edge)                                 1.2000     1.2000
  clock network delay (ideal)                           0.0500     1.2500
  clock uncertainty                                    -0.0500     1.2000
  DP_i_fetch_i_btb_i_clk_gate_btb_table_reg_14__TARGET_/latch/CK (CLKGATETST_X1)
                                                        0.0000     1.2000 r
  clock gating setup time                              -0.0724     1.1276
  data required time                                               1.1276
  --------------------------------------------------------------------------
  data required time                                               1.1276
  data arrival time                                               -1.2718
  --------------------------------------------------------------------------
  slack (VIOLATED)                                                -0.1442


  Startpoint: DP_i_fetch_i_IR_out_reg_24_
              (rising edge-triggered flip-flop clocked by CLK)
  Endpoint: DP_i_fetch_i_btb_i_clk_gate_btb_table_reg_6__TARGET_/latch
            (gating element for clock CLK)
  Path Group: CLK
  Path Type: max

  Des/Clust/Port     Wire Load Model       Library
  ------------------------------------------------
  DLX                5K_hvratio_1_4        NangateOpenCellLibrary

  Point                                                   Incr       Path
  --------------------------------------------------------------------------
  clock CLK (rise edge)                                 0.0000     0.0000
  clock network delay (ideal)                           0.0500     0.0500
  DP_i_fetch_i_IR_out_reg_24_/CK (DFF_X1)               0.0000     0.0500 r
  DP_i_fetch_i_IR_out_reg_24_/QN (DFF_X1)               0.0874     0.1374 r
  U3713/ZN (XNOR2_X1)                                   0.0657     0.2031 r
  U957/ZN (AND2_X1)                                     0.0520     0.2550 r
  U9746/ZN (AND4_X2)                                    0.0762     0.3312 r
  U9390/Z (BUF_X2)                                      0.0546     0.3858 r
  U913/ZN (OR2_X1)                                      0.0546     0.4404 r
  U1154/ZN (INV_X1)                                     0.0578     0.4982 f
  U5542/ZN (AOI22_X1)                                   0.0674     0.5656 r
  U5543/ZN (AND2_X1)                                    0.0432     0.6088 r
  U5547/ZN (AND4_X1)                                    0.0646     0.6735 r
  U1117/ZN (AND4_X1)                                    0.0777     0.7512 r
  U2478/ZN (AND2_X1)                                    0.0449     0.7961 r
  U1084/ZN (AND4_X1)                                    0.0711     0.8672 r
  U2030/ZN (NAND4_X1)                                   0.0560     0.9233 f
  U1327/ZN (OAI211_X1)                                  0.0422     0.9655 r
  U1331/ZN (AND2_X1)                                    0.0487     1.0142 r
  U1514/ZN (AND2_X1)                                    0.0532     1.0674 r
  U2415/ZN (NAND4_X1)                                   0.0512     1.1186 f
  U2598/ZN (NAND2_X1)                                   0.0443     1.1630 r
  U2591/ZN (AND2_X1)                                    0.0549     1.2179 r
  U13674/ZN (AND2_X1)                                   0.0448     1.2627 r
  DP_i_fetch_i_btb_i_clk_gate_btb_table_reg_6__TARGET_/EN (SNPS_CLOCK_GATE_HIGH_BTB_NBIT32_BTB_DEPTH16_BTB_INDEX_MSB5_20)
                                                        0.0000     1.2627 r
  DP_i_fetch_i_btb_i_clk_gate_btb_table_reg_6__TARGET_/latch/E (CLKGATETST_X1)
                                                        0.0091     1.2718 r
  data arrival time                                                1.2718

  clock CLK (rise edge)                                 1.2000     1.2000
  clock network delay (ideal)                           0.0500     1.2500
  clock uncertainty                                    -0.0500     1.2000
  DP_i_fetch_i_btb_i_clk_gate_btb_table_reg_6__TARGET_/latch/CK (CLKGATETST_X1)
                                                        0.0000     1.2000 r
  clock gating setup time                              -0.0724     1.1276
  data required time                                               1.1276
  --------------------------------------------------------------------------
  data required time                                               1.1276
  data arrival time                                               -1.2718
  --------------------------------------------------------------------------
  slack (VIOLATED)                                                -0.1441


  Startpoint: DP_i_mem_access_i_rd_out_reg_i_Y_reg_0_
              (rising edge-triggered flip-flop clocked by CLK)
  Endpoint: DP_i_fetch_i_btb_i_clk_gate_btb_table_reg_11__TARGET_/latch
            (gating element for clock CLK)
  Path Group: CLK
  Path Type: max

  Des/Clust/Port     Wire Load Model       Library
  ------------------------------------------------
  DLX                5K_hvratio_1_4        NangateOpenCellLibrary

  Point                                                   Incr       Path
  --------------------------------------------------------------------------
  clock CLK (rise edge)                                 0.0000     0.0000
  clock network delay (ideal)                           0.0500     0.0500
  DP_i_mem_access_i_rd_out_reg_i_Y_reg_0_/CK (DFF_X1)   0.0000     0.0500 r
  DP_i_mem_access_i_rd_out_reg_i_Y_reg_0_/Q (DFF_X1)    0.1028     0.1528 r
  U2319/ZN (NAND2_X1)                                   0.0292     0.1820 f
  U2317/ZN (NAND2_X1)                                   0.0299     0.2119 r
  U2073/ZN (AND2_X1)                                    0.0477     0.2596 r
  U9746/ZN (AND4_X2)                                    0.0717     0.3313 r
  U9390/Z (BUF_X2)                                      0.0546     0.3859 r
  U913/ZN (OR2_X1)                                      0.0546     0.4405 r
  U1154/ZN (INV_X1)                                     0.0578     0.4983 f
  U5542/ZN (AOI22_X1)                                   0.0674     0.5657 r
  U5543/ZN (AND2_X1)                                    0.0432     0.6089 r
  U5547/ZN (AND4_X1)                                    0.0646     0.6735 r
  U1117/ZN (AND4_X1)                                    0.0777     0.7512 r
  U2478/ZN (AND2_X1)                                    0.0449     0.7961 r
  U1084/ZN (AND4_X1)                                    0.0711     0.8673 r
  U2030/ZN (NAND4_X1)                                   0.0560     0.9233 f
  U1327/ZN (OAI211_X1)                                  0.0422     0.9655 r
  U1331/ZN (AND2_X1)                                    0.0487     1.0142 r
  U1514/ZN (AND2_X1)                                    0.0532     1.0675 r
  U2415/ZN (NAND4_X1)                                   0.0512     1.1187 f
  U2598/ZN (NAND2_X1)                                   0.0443     1.1630 r
  U2590/ZN (AND2_X1)                                    0.0549     1.2179 r
  U13664/ZN (AND2_X1)                                   0.0448     1.2628 r
  DP_i_fetch_i_btb_i_clk_gate_btb_table_reg_11__TARGET_/EN (SNPS_CLOCK_GATE_HIGH_BTB_NBIT32_BTB_DEPTH16_BTB_INDEX_MSB5_10)
                                                        0.0000     1.2628 r
  DP_i_fetch_i_btb_i_clk_gate_btb_table_reg_11__TARGET_/latch/E (CLKGATETST_X1)
                                                        0.0091     1.2718 r
  data arrival time                                                1.2718

  clock CLK (rise edge)                                 1.2000     1.2000
  clock network delay (ideal)                           0.0500     1.2500
  clock uncertainty                                    -0.0500     1.2000
  DP_i_fetch_i_btb_i_clk_gate_btb_table_reg_11__TARGET_/latch/CK (CLKGATETST_X1)
                                                        0.0000     1.2000 r
  clock gating setup time                              -0.0720     1.1280
  data required time                                               1.1280
  --------------------------------------------------------------------------
  data required time                                               1.1280
  data arrival time                                               -1.2718
  --------------------------------------------------------------------------
  slack (VIOLATED)                                                -0.1438


  Startpoint: DP_i_mem_access_i_rd_out_reg_i_Y_reg_0_
              (rising edge-triggered flip-flop clocked by CLK)
  Endpoint: DP_i_fetch_i_btb_i_clk_gate_btb_table_reg_15__TARGET_/latch
            (gating element for clock CLK)
  Path Group: CLK
  Path Type: max

  Des/Clust/Port     Wire Load Model       Library
  ------------------------------------------------
  DLX                5K_hvratio_1_4        NangateOpenCellLibrary

  Point                                                   Incr       Path
  --------------------------------------------------------------------------
  clock CLK (rise edge)                                 0.0000     0.0000
  clock network delay (ideal)                           0.0500     0.0500
  DP_i_mem_access_i_rd_out_reg_i_Y_reg_0_/CK (DFF_X1)   0.0000     0.0500 r
  DP_i_mem_access_i_rd_out_reg_i_Y_reg_0_/Q (DFF_X1)    0.1028     0.1528 r
  U2319/ZN (NAND2_X1)                                   0.0292     0.1820 f
  U2317/ZN (NAND2_X1)                                   0.0299     0.2119 r
  U2073/ZN (AND2_X1)                                    0.0477     0.2596 r
  U9746/ZN (AND4_X2)                                    0.0717     0.3313 r
  U9390/Z (BUF_X2)                                      0.0546     0.3859 r
  U913/ZN (OR2_X1)                                      0.0546     0.4405 r
  U1154/ZN (INV_X1)                                     0.0578     0.4983 f
  U5542/ZN (AOI22_X1)                                   0.0674     0.5657 r
  U5543/ZN (AND2_X1)                                    0.0432     0.6089 r
  U5547/ZN (AND4_X1)                                    0.0646     0.6735 r
  U1117/ZN (AND4_X1)                                    0.0777     0.7512 r
  U2478/ZN (AND2_X1)                                    0.0449     0.7961 r
  U1084/ZN (AND4_X1)                                    0.0711     0.8673 r
  U2030/ZN (NAND4_X1)                                   0.0560     0.9233 f
  U1327/ZN (OAI211_X1)                                  0.0422     0.9655 r
  U1331/ZN (AND2_X1)                                    0.0487     1.0142 r
  U1514/ZN (AND2_X1)                                    0.0532     1.0675 r
  U2415/ZN (NAND4_X1)                                   0.0512     1.1187 f
  U2598/ZN (NAND2_X1)                                   0.0443     1.1630 r
  U2589/ZN (AND2_X1)                                    0.0549     1.2179 r
  U13656/ZN (AND2_X1)                                   0.0448     1.2628 r
  DP_i_fetch_i_btb_i_clk_gate_btb_table_reg_15__TARGET_/EN (SNPS_CLOCK_GATE_HIGH_BTB_NBIT32_BTB_DEPTH16_BTB_INDEX_MSB5_2)
                                                        0.0000     1.2628 r
  DP_i_fetch_i_btb_i_clk_gate_btb_table_reg_15__TARGET_/latch/E (CLKGATETST_X1)
                                                        0.0091     1.2718 r
  data arrival time                                                1.2718

  clock CLK (rise edge)                                 1.2000     1.2000
  clock network delay (ideal)                           0.0500     1.2500
  clock uncertainty                                    -0.0500     1.2000
  DP_i_fetch_i_btb_i_clk_gate_btb_table_reg_15__TARGET_/latch/CK (CLKGATETST_X1)
                                                        0.0000     1.2000 r
  clock gating setup time                              -0.0720     1.1280
  data required time                                               1.1280
  --------------------------------------------------------------------------
  data required time                                               1.1280
  data arrival time                                               -1.2718
  --------------------------------------------------------------------------
  slack (VIOLATED)                                                -0.1438


  Startpoint: DRAM_READY (input port clocked by CLK)
  Endpoint: DP_i_execute_i_zero_alu_bit_Y_reg
            (rising edge-triggered flip-flop clocked by CLK)
  Path Group: INPUTS
  Path Type: max

  Des/Clust/Port     Wire Load Model       Library
  ------------------------------------------------
  DLX                5K_hvratio_1_4        NangateOpenCellLibrary

  Point                                                   Incr       Path
  --------------------------------------------------------------------------
  clock CLK (rise edge)                                 0.0000     0.0000
  clock network delay (ideal)                           0.0500     0.0500
  input external delay                                  0.1200     0.1700 r
  DRAM_READY (in)                                       0.0036     0.1736 r
  U12619/ZN (OR2_X4)                                    0.1507     0.3242 r
  U1476/ZN (INV_X8)                                     0.2513     0.5755 f
  U13205/ZN (NOR3_X1)                                   0.0930     0.6685 r
  U13206/ZN (NAND2_X1)                                  0.0329     0.7013 f
  U13207/ZN (NOR2_X1)                                   0.0402     0.7415 r
  U13208/ZN (AND4_X1)                                   0.0654     0.8069 r
  U13209/ZN (AND4_X1)                                   0.0579     0.8648 r
  U2721/ZN (AND4_X1)                                    0.0679     0.9327 r
  U11567/ZN (NAND4_X1)                                  0.0435     0.9762 f
  U12638/ZN (OAI21_X1)                                  0.0477     1.0239 r
  DP_i_execute_i_zero_alu_bit_Y_reg/D (DFF_X2)          0.0109     1.0348 r
  data arrival time                                                1.0348

  clock CLK (rise edge)                                 1.2000     1.2000
  clock network delay (ideal)                           0.0500     1.2500
  clock uncertainty                                    -0.0500     1.2000
  DP_i_execute_i_zero_alu_bit_Y_reg/CK (DFF_X2)         0.0000     1.2000 r
  library setup time                                   -0.0283     1.1717
  data required time                                               1.1717
  --------------------------------------------------------------------------
  data required time                                               1.1717
  data arrival time                                               -1.0348
  --------------------------------------------------------------------------
  slack (MET)                                                      0.1369


  Startpoint: DRAM_READY (input port clocked by CLK)
  Endpoint: DP_i_decode_i_B_reg_i_Y_reg_12_
            (rising edge-triggered flip-flop clocked by CLK)
  Path Group: INPUTS
  Path Type: max

  Des/Clust/Port     Wire Load Model       Library
  ------------------------------------------------
  DLX                5K_hvratio_1_4        NangateOpenCellLibrary

  Point                                                   Incr       Path
  --------------------------------------------------------------------------
  clock CLK (rise edge)                                 0.0000     0.0000
  clock network delay (ideal)                           0.0500     0.0500
  input external delay                                  0.1200     0.1700 r
  DRAM_READY (in)                                       0.0036     0.1736 r
  U10787/ZN (OR2_X1)                                    0.0699     0.2435 r
  U12623/ZN (NAND2_X1)                                  0.1735     0.4170 f
  DP_i_U2675/ZN (NOR3_X2)                               0.2721     0.6891 r
  U12025/ZN (INV_X1)                                    0.1183     0.8074 f
  U12374/ZN (OR2_X1)                                    0.0933     0.9007 f
  U2059/ZN (OAI21_X1)                                   0.0333     0.9340 r
  U11990/ZN (OR4_X1)                                    0.0405     0.9745 r
  DP_i_decode_i_B_reg_i_Y_reg_12_/D (DFF_X1)            0.0110     0.9855 r
  data arrival time                                                0.9855

  clock CLK (rise edge)                                 1.2000     1.2000
  clock network delay (ideal)                           0.0500     1.2500
  clock uncertainty                                    -0.0500     1.2000
  DP_i_decode_i_B_reg_i_Y_reg_12_/CK (DFF_X1)           0.0000     1.2000 r
  library setup time                                   -0.0263     1.1737
  data required time                                               1.1737
  --------------------------------------------------------------------------
  data required time                                               1.1737
  data arrival time                                               -0.9855
  --------------------------------------------------------------------------
  slack (MET)                                                      0.1881


  Startpoint: DRAM_READY (input port clocked by CLK)
  Endpoint: DP_i_decode_i_B_reg_i_Y_reg_17_
            (rising edge-triggered flip-flop clocked by CLK)
  Path Group: INPUTS
  Path Type: max

  Des/Clust/Port     Wire Load Model       Library
  ------------------------------------------------
  DLX                5K_hvratio_1_4        NangateOpenCellLibrary

  Point                                                   Incr       Path
  --------------------------------------------------------------------------
  clock CLK (rise edge)                                 0.0000     0.0000
  clock network delay (ideal)                           0.0500     0.0500
  input external delay                                  0.1200     0.1700 r
  DRAM_READY (in)                                       0.0036     0.1736 r
  U10787/ZN (OR2_X1)                                    0.0699     0.2435 r
  U12623/ZN (NAND2_X1)                                  0.1735     0.4170 f
  DP_i_U2675/ZN (NOR3_X2)                               0.2721     0.6891 r
  U12025/ZN (INV_X1)                                    0.1183     0.8074 f
  U12387/ZN (OR2_X1)                                    0.0933     0.9007 f
  U13129/ZN (OAI21_X1)                                  0.0333     0.9340 r
  U12024/ZN (OR4_X1)                                    0.0398     0.9739 r
  DP_i_decode_i_B_reg_i_Y_reg_17_/D (DFF_X1)            0.0110     0.9848 r
  data arrival time                                                0.9848

  clock CLK (rise edge)                                 1.2000     1.2000
  clock network delay (ideal)                           0.0500     1.2500
  clock uncertainty                                    -0.0500     1.2000
  DP_i_decode_i_B_reg_i_Y_reg_17_/CK (DFF_X1)           0.0000     1.2000 r
  library setup time                                   -0.0263     1.1737
  data required time                                               1.1737
  --------------------------------------------------------------------------
  data required time                                               1.1737
  data arrival time                                               -0.9848
  --------------------------------------------------------------------------
  slack (MET)                                                      0.1888


  Startpoint: DRAM_READY (input port clocked by CLK)
  Endpoint: DP_i_decode_i_B_reg_i_Y_reg_16_
            (rising edge-triggered flip-flop clocked by CLK)
  Path Group: INPUTS
  Path Type: max

  Des/Clust/Port     Wire Load Model       Library
  ------------------------------------------------
  DLX                5K_hvratio_1_4        NangateOpenCellLibrary

  Point                                                   Incr       Path
  --------------------------------------------------------------------------
  clock CLK (rise edge)                                 0.0000     0.0000
  clock network delay (ideal)                           0.0500     0.0500
  input external delay                                  0.1200     0.1700 r
  DRAM_READY (in)                                       0.0036     0.1736 r
  U10787/ZN (OR2_X1)                                    0.0699     0.2435 r
  U12623/ZN (NAND2_X1)                                  0.1735     0.4170 f
  DP_i_U2675/ZN (NOR3_X2)                               0.2721     0.6891 r
  U12025/ZN (INV_X1)                                    0.1183     0.8074 f
  U12382/ZN (OR2_X1)                                    0.0933     0.9007 f
  U13043/ZN (OAI21_X1)                                  0.0333     0.9340 r
  U12013/ZN (OR4_X1)                                    0.0398     0.9739 r
  DP_i_decode_i_B_reg_i_Y_reg_16_/D (DFF_X1)            0.0110     0.9848 r
  data arrival time                                                0.9848

  clock CLK (rise edge)                                 1.2000     1.2000
  clock network delay (ideal)                           0.0500     1.2500
  clock uncertainty                                    -0.0500     1.2000
  DP_i_decode_i_B_reg_i_Y_reg_16_/CK (DFF_X1)           0.0000     1.2000 r
  library setup time                                   -0.0263     1.1737
  data required time                                               1.1737
  --------------------------------------------------------------------------
  data required time                                               1.1737
  data arrival time                                               -0.9848
  --------------------------------------------------------------------------
  slack (MET)                                                      0.1888


  Startpoint: DRAM_READY (input port clocked by CLK)
  Endpoint: DP_i_decode_i_B_reg_i_Y_reg_8_
            (rising edge-triggered flip-flop clocked by CLK)
  Path Group: INPUTS
  Path Type: max

  Des/Clust/Port     Wire Load Model       Library
  ------------------------------------------------
  DLX                5K_hvratio_1_4        NangateOpenCellLibrary

  Point                                                   Incr       Path
  --------------------------------------------------------------------------
  clock CLK (rise edge)                                 0.0000     0.0000
  clock network delay (ideal)                           0.0500     0.0500
  input external delay                                  0.1200     0.1700 r
  DRAM_READY (in)                                       0.0036     0.1736 r
  U10787/ZN (OR2_X1)                                    0.0699     0.2435 r
  U12623/ZN (NAND2_X1)                                  0.1735     0.4170 f
  DP_i_U2675/ZN (NOR3_X2)                               0.2721     0.6891 r
  U12025/ZN (INV_X1)                                    0.1183     0.8074 f
  U12385/ZN (OR2_X1)                                    0.0933     0.9007 f
  U12858/ZN (OAI21_X1)                                  0.0333     0.9340 r
  U12021/ZN (OR4_X1)                                    0.0398     0.9739 r
  DP_i_decode_i_B_reg_i_Y_reg_8_/D (DFF_X1)             0.0110     0.9848 r
  data arrival time                                                0.9848

  clock CLK (rise edge)                                 1.2000     1.2000
  clock network delay (ideal)                           0.0500     1.2500
  clock uncertainty                                    -0.0500     1.2000
  DP_i_decode_i_B_reg_i_Y_reg_8_/CK (DFF_X1)            0.0000     1.2000 r
  library setup time                                   -0.0263     1.1737
  data required time                                               1.1737
  --------------------------------------------------------------------------
  data required time                                               1.1737
  data arrival time                                               -0.9848
  --------------------------------------------------------------------------
  slack (MET)                                                      0.1888


  Startpoint: DRAM_READY (input port clocked by CLK)
  Endpoint: DP_i_decode_i_B_reg_i_Y_reg_9_
            (rising edge-triggered flip-flop clocked by CLK)
  Path Group: INPUTS
  Path Type: max

  Des/Clust/Port     Wire Load Model       Library
  ------------------------------------------------
  DLX                5K_hvratio_1_4        NangateOpenCellLibrary

  Point                                                   Incr       Path
  --------------------------------------------------------------------------
  clock CLK (rise edge)                                 0.0000     0.0000
  clock network delay (ideal)                           0.0500     0.0500
  input external delay                                  0.1200     0.1700 r
  DRAM_READY (in)                                       0.0036     0.1736 r
  U10787/ZN (OR2_X1)                                    0.0699     0.2435 r
  U12623/ZN (NAND2_X1)                                  0.1735     0.4170 f
  DP_i_U2675/ZN (NOR3_X2)                               0.2721     0.6891 r
  U12025/ZN (INV_X1)                                    0.1183     0.8074 f
  U12379/ZN (OR2_X1)                                    0.0933     0.9007 f
  U12867/ZN (OAI21_X1)                                  0.0333     0.9340 r
  U12006/ZN (OR4_X1)                                    0.0398     0.9739 r
  DP_i_decode_i_B_reg_i_Y_reg_9_/D (DFF_X1)             0.0110     0.9848 r
  data arrival time                                                0.9848

  clock CLK (rise edge)                                 1.2000     1.2000
  clock network delay (ideal)                           0.0500     1.2500
  clock uncertainty                                    -0.0500     1.2000
  DP_i_decode_i_B_reg_i_Y_reg_9_/CK (DFF_X1)            0.0000     1.2000 r
  library setup time                                   -0.0263     1.1737
  data required time                                               1.1737
  --------------------------------------------------------------------------
  data required time                                               1.1737
  data arrival time                                               -0.9848
  --------------------------------------------------------------------------
  slack (MET)                                                      0.1888


  Startpoint: DRAM_READY (input port clocked by CLK)
  Endpoint: DP_i_decode_i_B_reg_i_Y_reg_14_
            (rising edge-triggered flip-flop clocked by CLK)
  Path Group: INPUTS
  Path Type: max

  Des/Clust/Port     Wire Load Model       Library
  ------------------------------------------------
  DLX                5K_hvratio_1_4        NangateOpenCellLibrary

  Point                                                   Incr       Path
  --------------------------------------------------------------------------
  clock CLK (rise edge)                                 0.0000     0.0000
  clock network delay (ideal)                           0.0500     0.0500
  input external delay                                  0.1200     0.1700 r
  DRAM_READY (in)                                       0.0036     0.1736 r
  U10787/ZN (OR2_X1)                                    0.0699     0.2435 r
  U12623/ZN (NAND2_X1)                                  0.1735     0.4170 f
  DP_i_U2675/ZN (NOR3_X2)                               0.2721     0.6891 r
  U12025/ZN (INV_X1)                                    0.1183     0.8074 f
  U12378/ZN (OR2_X1)                                    0.0933     0.9007 f
  U13018/ZN (OAI21_X1)                                  0.0333     0.9340 r
  U11999/ZN (OR4_X1)                                    0.0398     0.9739 r
  DP_i_decode_i_B_reg_i_Y_reg_14_/D (DFF_X1)            0.0110     0.9848 r
  data arrival time                                                0.9848

  clock CLK (rise edge)                                 1.2000     1.2000
  clock network delay (ideal)                           0.0500     1.2500
  clock uncertainty                                    -0.0500     1.2000
  DP_i_decode_i_B_reg_i_Y_reg_14_/CK (DFF_X1)           0.0000     1.2000 r
  library setup time                                   -0.0263     1.1737
  data required time                                               1.1737
  --------------------------------------------------------------------------
  data required time                                               1.1737
  data arrival time                                               -0.9848
  --------------------------------------------------------------------------
  slack (MET)                                                      0.1888


  Startpoint: DRAM_READY (input port clocked by CLK)
  Endpoint: DP_i_decode_i_B_reg_i_Y_reg_10_
            (rising edge-triggered flip-flop clocked by CLK)
  Path Group: INPUTS
  Path Type: max

  Des/Clust/Port     Wire Load Model       Library
  ------------------------------------------------
  DLX                5K_hvratio_1_4        NangateOpenCellLibrary

  Point                                                   Incr       Path
  --------------------------------------------------------------------------
  clock CLK (rise edge)                                 0.0000     0.0000
  clock network delay (ideal)                           0.0500     0.0500
  input external delay                                  0.1200     0.1700 r
  DRAM_READY (in)                                       0.0036     0.1736 r
  U10787/ZN (OR2_X1)                                    0.0699     0.2435 r
  U12623/ZN (NAND2_X1)                                  0.1735     0.4170 f
  DP_i_U2675/ZN (NOR3_X2)                               0.2721     0.6891 r
  U12025/ZN (INV_X1)                                    0.1183     0.8074 f
  U12380/ZN (OR2_X1)                                    0.0933     0.9007 f
  U12877/ZN (OAI21_X1)                                  0.0333     0.9340 r
  U12010/ZN (OR4_X1)                                    0.0398     0.9739 r
  DP_i_decode_i_B_reg_i_Y_reg_10_/D (DFF_X1)            0.0110     0.9848 r
  data arrival time                                                0.9848

  clock CLK (rise edge)                                 1.2000     1.2000
  clock network delay (ideal)                           0.0500     1.2500
  clock uncertainty                                    -0.0500     1.2000
  DP_i_decode_i_B_reg_i_Y_reg_10_/CK (DFF_X1)           0.0000     1.2000 r
  library setup time                                   -0.0263     1.1737
  data required time                                               1.1737
  --------------------------------------------------------------------------
  data required time                                               1.1737
  data arrival time                                               -0.9848
  --------------------------------------------------------------------------
  slack (MET)                                                      0.1888


  Startpoint: DRAM_READY (input port clocked by CLK)
  Endpoint: DP_i_decode_i_B_reg_i_Y_reg_15_
            (rising edge-triggered flip-flop clocked by CLK)
  Path Group: INPUTS
  Path Type: max

  Des/Clust/Port     Wire Load Model       Library
  ------------------------------------------------
  DLX                5K_hvratio_1_4        NangateOpenCellLibrary

  Point                                                   Incr       Path
  --------------------------------------------------------------------------
  clock CLK (rise edge)                                 0.0000     0.0000
  clock network delay (ideal)                           0.0500     0.0500
  input external delay                                  0.1200     0.1700 r
  DRAM_READY (in)                                       0.0036     0.1736 r
  U10787/ZN (OR2_X1)                                    0.0699     0.2435 r
  U12623/ZN (NAND2_X1)                                  0.1735     0.4170 f
  DP_i_U2675/ZN (NOR3_X2)                               0.2721     0.6891 r
  U12025/ZN (INV_X1)                                    0.1183     0.8074 f
  U12373/ZN (OR2_X1)                                    0.0933     0.9007 f
  U12808/ZN (OAI21_X1)                                  0.0333     0.9340 r
  U11989/ZN (OR4_X1)                                    0.0398     0.9739 r
  DP_i_decode_i_B_reg_i_Y_reg_15_/D (DFF_X1)            0.0110     0.9848 r
  data arrival time                                                0.9848

  clock CLK (rise edge)                                 1.2000     1.2000
  clock network delay (ideal)                           0.0500     1.2500
  clock uncertainty                                    -0.0500     1.2000
  DP_i_decode_i_B_reg_i_Y_reg_15_/CK (DFF_X1)           0.0000     1.2000 r
  library setup time                                   -0.0263     1.1737
  data required time                                               1.1737
  --------------------------------------------------------------------------
  data required time                                               1.1737
  data arrival time                                               -0.9848
  --------------------------------------------------------------------------
  slack (MET)                                                      0.1888


  Startpoint: DRAM_READY (input port clocked by CLK)
  Endpoint: DP_i_decode_i_B_reg_i_Y_reg_4_
            (rising edge-triggered flip-flop clocked by CLK)
  Path Group: INPUTS
  Path Type: max

  Des/Clust/Port     Wire Load Model       Library
  ------------------------------------------------
  DLX                5K_hvratio_1_4        NangateOpenCellLibrary

  Point                                                   Incr       Path
  --------------------------------------------------------------------------
  clock CLK (rise edge)                                 0.0000     0.0000
  clock network delay (ideal)                           0.0500     0.0500
  input external delay                                  0.1200     0.1700 r
  DRAM_READY (in)                                       0.0036     0.1736 r
  U10787/ZN (OR2_X1)                                    0.0699     0.2435 r
  U12623/ZN (NAND2_X1)                                  0.1735     0.4170 f
  DP_i_U2675/ZN (NOR3_X2)                               0.2721     0.6891 r
  U12025/ZN (INV_X1)                                    0.1183     0.8074 f
  U12383/ZN (OR2_X1)                                    0.0933     0.9007 f
  U12616/ZN (OAI21_X1)                                  0.0333     0.9340 r
  U12014/ZN (OR4_X1)                                    0.0398     0.9739 r
  DP_i_decode_i_B_reg_i_Y_reg_4_/D (DFF_X1)             0.0110     0.9848 r
  data arrival time                                                0.9848

  clock CLK (rise edge)                                 1.2000     1.2000
  clock network delay (ideal)                           0.0500     1.2500
  clock uncertainty                                    -0.0500     1.2000
  DP_i_decode_i_B_reg_i_Y_reg_4_/CK (DFF_X1)            0.0000     1.2000 r
  library setup time                                   -0.0263     1.1737
  data required time                                               1.1737
  --------------------------------------------------------------------------
  data required time                                               1.1737
  data arrival time                                               -0.9848
  --------------------------------------------------------------------------
  slack (MET)                                                      0.1888


  Startpoint: DP_i_mem_access_i_rd_out_reg_i_Y_reg_0_
              (rising edge-triggered flip-flop clocked by CLK)
  Endpoint: IRAM_ISSUE (output port clocked by CLK)
  Path Group: OUTPUTS
  Path Type: max

  Des/Clust/Port     Wire Load Model       Library
  ------------------------------------------------
  DLX                5K_hvratio_1_4        NangateOpenCellLibrary

  Point                                                   Incr       Path
  --------------------------------------------------------------------------
  clock CLK (rise edge)                                 0.0000     0.0000
  clock network delay (ideal)                           0.0500     0.0500
  DP_i_mem_access_i_rd_out_reg_i_Y_reg_0_/CK (DFF_X1)   0.0000     0.0500 r
  DP_i_mem_access_i_rd_out_reg_i_Y_reg_0_/Q (DFF_X1)    0.1028     0.1528 r
  U2319/ZN (NAND2_X1)                                   0.0292     0.1820 f
  U2317/ZN (NAND2_X1)                                   0.0299     0.2119 r
  U3712/ZN (AND2_X1)                                    0.0422     0.2541 r
  U2379/ZN (AND4_X2)                                    0.0720     0.3261 r
  U9686/Z (BUF_X2)                                      0.0577     0.3838 r
  U3798/ZN (AOI21_X1)                                   0.0365     0.4203 f
  U2682/ZN (INV_X1)                                     0.0273     0.4476 r
  U3799/ZN (OAI21_X1)                                   0.0329     0.4805 f
  U2045/ZN (INV_X1)                                     0.0290     0.5095 r
  U1197/ZN (AND3_X1)                                    0.0482     0.5577 r
  U2586/ZN (AND2_X1)                                    0.0405     0.5982 r
  U976/ZN (NAND2_X1)                                    0.0315     0.6297 f
  U2608/ZN (NAND2_X1)                                   0.0362     0.6659 r
  U2394/ZN (AND2_X1)                                    0.0450     0.7109 r
  U2582/ZN (OAI21_X1)                                   0.0297     0.7407 f
  U2536/ZN (OR2_X1)                                     0.0595     0.8001 f
  U1916/Z (BUF_X1)                                      0.0399     0.8401 f
  U2397/ZN (NOR2_X1)                                    0.0384     0.8785 r
  U2067/ZN (NOR2_X1)                                    0.0259     0.9044 f
  U2285/ZN (NAND2_X1)                                   0.0282     0.9326 r
  U4025/ZN (OAI21_X1)                                   0.0332     0.9658 f
  U11364/ZN (OAI21_X1)                                  0.0467     1.0125 r
  U10371/ZN (AND2_X1)                                   0.0464     1.0589 r
  U10359/ZN (NOR2_X1)                                   0.0214     1.0803 f
  IRAM_ISSUE (out)                                      0.0030     1.0834 f
  data arrival time                                                1.0834

  clock CLK (rise edge)                                 1.2000     1.2000
  clock network delay (ideal)                           0.0500     1.2500
  clock uncertainty                                    -0.0500     1.2000
  output external delay                                -0.1200     1.0800
  data required time                                               1.0800
  --------------------------------------------------------------------------
  data required time                                               1.0800
  data arrival time                                               -1.0834
  --------------------------------------------------------------------------
  slack (VIOLATED)                                                -0.0034


  Startpoint: DP_i_fetch_i_IR_out_reg_24_
              (rising edge-triggered flip-flop clocked by CLK)
  Endpoint: IRAM_ISSUE (output port clocked by CLK)
  Path Group: OUTPUTS
  Path Type: max

  Des/Clust/Port     Wire Load Model       Library
  ------------------------------------------------
  DLX                5K_hvratio_1_4        NangateOpenCellLibrary

  Point                                                   Incr       Path
  --------------------------------------------------------------------------
  clock CLK (rise edge)                                 0.0000     0.0000
  clock network delay (ideal)                           0.0500     0.0500
  DP_i_fetch_i_IR_out_reg_24_/CK (DFF_X1)               0.0000     0.0500 r
  DP_i_fetch_i_IR_out_reg_24_/QN (DFF_X1)               0.0874     0.1374 r
  U3713/ZN (XNOR2_X1)                                   0.0657     0.2031 r
  U958/ZN (AND2_X1)                                     0.0464     0.2495 r
  U2379/ZN (AND4_X2)                                    0.0765     0.3259 r
  U9686/Z (BUF_X2)                                      0.0577     0.3836 r
  U3798/ZN (AOI21_X1)                                   0.0365     0.4201 f
  U2682/ZN (INV_X1)                                     0.0273     0.4475 r
  U3799/ZN (OAI21_X1)                                   0.0329     0.4803 f
  U2045/ZN (INV_X1)                                     0.0290     0.5094 r
  U1197/ZN (AND3_X1)                                    0.0482     0.5575 r
  U2586/ZN (AND2_X1)                                    0.0405     0.5980 r
  U976/ZN (NAND2_X1)                                    0.0315     0.6296 f
  U2608/ZN (NAND2_X1)                                   0.0362     0.6657 r
  U2394/ZN (AND2_X1)                                    0.0450     0.7108 r
  U2582/ZN (OAI21_X1)                                   0.0297     0.7405 f
  U2536/ZN (OR2_X1)                                     0.0595     0.8000 f
  U1916/Z (BUF_X1)                                      0.0399     0.8399 f
  U2397/ZN (NOR2_X1)                                    0.0384     0.8783 r
  U2067/ZN (NOR2_X1)                                    0.0259     0.9042 f
  U2285/ZN (NAND2_X1)                                   0.0282     0.9324 r
  U4025/ZN (OAI21_X1)                                   0.0332     0.9656 f
  U11364/ZN (OAI21_X1)                                  0.0467     1.0123 r
  U10371/ZN (AND2_X1)                                   0.0464     1.0587 r
  U10359/ZN (NOR2_X1)                                   0.0214     1.0802 f
  IRAM_ISSUE (out)                                      0.0030     1.0832 f
  data arrival time                                                1.0832

  clock CLK (rise edge)                                 1.2000     1.2000
  clock network delay (ideal)                           0.0500     1.2500
  clock uncertainty                                    -0.0500     1.2000
  output external delay                                -0.1200     1.0800
  data required time                                               1.0800
  --------------------------------------------------------------------------
  data required time                                               1.0800
  data arrival time                                               -1.0832
  --------------------------------------------------------------------------
  slack (VIOLATED)                                                -0.0032


  Startpoint: DP_i_mem_access_i_rd_out_reg_i_Y_reg_2_
              (rising edge-triggered flip-flop clocked by CLK)
  Endpoint: DRAM_DATA[29]
            (output port clocked by CLK)
  Path Group: OUTPUTS
  Path Type: max

  Des/Clust/Port     Wire Load Model       Library
  ------------------------------------------------
  DLX                5K_hvratio_1_4        NangateOpenCellLibrary

  Point                                                   Incr       Path
  --------------------------------------------------------------------------
  clock CLK (rise edge)                                 0.0000     0.0000
  clock network delay (ideal)                           0.0500     0.0500
  DP_i_mem_access_i_rd_out_reg_i_Y_reg_2_/CK (DFF_X1)   0.0000     0.0500 r
  DP_i_mem_access_i_rd_out_reg_i_Y_reg_2_/Q (DFF_X1)    0.1069     0.1569 r
  U806/Z (BUF_X2)                                       0.0600     0.2168 r
  U7680/ZN (XNOR2_X1)                                   0.0863     0.3032 r
  U7681/ZN (AND2_X1)                                    0.0419     0.3450 r
  U1549/ZN (AND4_X1)                                    0.1268     0.4719 r
  U7687/ZN (INV_X1)                                     0.0910     0.5629 f
  U2277/ZN (NOR2_X2)                                    0.1799     0.7428 r
  U7750/ZN (NAND2_X1)                                   0.0533     0.7961 f
  U7751/ZN (AND2_X1)                                    0.0499     0.8460 f
  U11540/ZN (NOR2_X1)                                   0.0399     0.8859 r
  DRAM_DATA_tri_29_/Z (TBUF_X1)                         0.0619     0.9478 r
  DRAM_DATA[29] (inout)                                 0.0048     0.9526 r
  data arrival time                                                0.9526

  clock CLK (rise edge)                                 1.2000     1.2000
  clock network delay (ideal)                           0.0500     1.2500
  clock uncertainty                                    -0.0500     1.2000
  output external delay                                -0.1200     1.0800
  data required time                                               1.0800
  --------------------------------------------------------------------------
  data required time                                               1.0800
  data arrival time                                               -0.9526
  --------------------------------------------------------------------------
  slack (MET)                                                      0.1274


  Startpoint: DP_i_mem_access_i_rd_out_reg_i_Y_reg_2_
              (rising edge-triggered flip-flop clocked by CLK)
  Endpoint: DRAM_DATA[28]
            (output port clocked by CLK)
  Path Group: OUTPUTS
  Path Type: max

  Des/Clust/Port     Wire Load Model       Library
  ------------------------------------------------
  DLX                5K_hvratio_1_4        NangateOpenCellLibrary

  Point                                                   Incr       Path
  --------------------------------------------------------------------------
  clock CLK (rise edge)                                 0.0000     0.0000
  clock network delay (ideal)                           0.0500     0.0500
  DP_i_mem_access_i_rd_out_reg_i_Y_reg_2_/CK (DFF_X1)   0.0000     0.0500 r
  DP_i_mem_access_i_rd_out_reg_i_Y_reg_2_/Q (DFF_X1)    0.1069     0.1569 r
  U806/Z (BUF_X2)                                       0.0600     0.2168 r
  U7680/ZN (XNOR2_X1)                                   0.0863     0.3032 r
  U7681/ZN (AND2_X1)                                    0.0419     0.3450 r
  U1549/ZN (AND4_X1)                                    0.1268     0.4719 r
  U7687/ZN (INV_X1)                                     0.0910     0.5629 f
  U2277/ZN (NOR2_X2)                                    0.1799     0.7428 r
  U7753/ZN (NAND2_X1)                                   0.0533     0.7961 f
  U7754/ZN (AND2_X1)                                    0.0499     0.8460 f
  U11541/ZN (NOR2_X1)                                   0.0399     0.8859 r
  DRAM_DATA_tri_28_/Z (TBUF_X1)                         0.0619     0.9478 r
  DRAM_DATA[28] (inout)                                 0.0048     0.9526 r
  data arrival time                                                0.9526

  clock CLK (rise edge)                                 1.2000     1.2000
  clock network delay (ideal)                           0.0500     1.2500
  clock uncertainty                                    -0.0500     1.2000
  output external delay                                -0.1200     1.0800
  data required time                                               1.0800
  --------------------------------------------------------------------------
  data required time                                               1.0800
  data arrival time                                               -0.9526
  --------------------------------------------------------------------------
  slack (MET)                                                      0.1274


  Startpoint: DP_i_mem_access_i_rd_out_reg_i_Y_reg_2_
              (rising edge-triggered flip-flop clocked by CLK)
  Endpoint: DRAM_DATA[25]
            (output port clocked by CLK)
  Path Group: OUTPUTS
  Path Type: max

  Des/Clust/Port     Wire Load Model       Library
  ------------------------------------------------
  DLX                5K_hvratio_1_4        NangateOpenCellLibrary

  Point                                                   Incr       Path
  --------------------------------------------------------------------------
  clock CLK (rise edge)                                 0.0000     0.0000
  clock network delay (ideal)                           0.0500     0.0500
  DP_i_mem_access_i_rd_out_reg_i_Y_reg_2_/CK (DFF_X1)   0.0000     0.0500 r
  DP_i_mem_access_i_rd_out_reg_i_Y_reg_2_/Q (DFF_X1)    0.1069     0.1569 r
  U806/Z (BUF_X2)                                       0.0600     0.2168 r
  U7680/ZN (XNOR2_X1)                                   0.0863     0.3032 r
  U7681/ZN (AND2_X1)                                    0.0419     0.3450 r
  U1549/ZN (AND4_X1)                                    0.1268     0.4719 r
  U7687/ZN (INV_X1)                                     0.0910     0.5629 f
  U2277/ZN (NOR2_X2)                                    0.1799     0.7428 r
  U7756/ZN (NAND2_X1)                                   0.0533     0.7961 f
  U7757/ZN (AND2_X1)                                    0.0499     0.8460 f
  U11544/ZN (NOR2_X1)                                   0.0399     0.8859 r
  DRAM_DATA_tri_25_/Z (TBUF_X1)                         0.0619     0.9478 r
  DRAM_DATA[25] (inout)                                 0.0048     0.9526 r
  data arrival time                                                0.9526

  clock CLK (rise edge)                                 1.2000     1.2000
  clock network delay (ideal)                           0.0500     1.2500
  clock uncertainty                                    -0.0500     1.2000
  output external delay                                -0.1200     1.0800
  data required time                                               1.0800
  --------------------------------------------------------------------------
  data required time                                               1.0800
  data arrival time                                               -0.9526
  --------------------------------------------------------------------------
  slack (MET)                                                      0.1274


  Startpoint: DP_i_mem_access_i_rd_out_reg_i_Y_reg_2_
              (rising edge-triggered flip-flop clocked by CLK)
  Endpoint: DRAM_DATA[24]
            (output port clocked by CLK)
  Path Group: OUTPUTS
  Path Type: max

  Des/Clust/Port     Wire Load Model       Library
  ------------------------------------------------
  DLX                5K_hvratio_1_4        NangateOpenCellLibrary

  Point                                                   Incr       Path
  --------------------------------------------------------------------------
  clock CLK (rise edge)                                 0.0000     0.0000
  clock network delay (ideal)                           0.0500     0.0500
  DP_i_mem_access_i_rd_out_reg_i_Y_reg_2_/CK (DFF_X1)   0.0000     0.0500 r
  DP_i_mem_access_i_rd_out_reg_i_Y_reg_2_/Q (DFF_X1)    0.1069     0.1569 r
  U806/Z (BUF_X2)                                       0.0600     0.2168 r
  U7680/ZN (XNOR2_X1)                                   0.0863     0.3032 r
  U7681/ZN (AND2_X1)                                    0.0419     0.3450 r
  U1549/ZN (AND4_X1)                                    0.1268     0.4719 r
  U7687/ZN (INV_X1)                                     0.0910     0.5629 f
  U2277/ZN (NOR2_X2)                                    0.1799     0.7428 r
  U7747/ZN (NAND2_X1)                                   0.0533     0.7961 f
  U7748/ZN (AND2_X1)                                    0.0499     0.8460 f
  U11545/ZN (NOR2_X1)                                   0.0399     0.8859 r
  DRAM_DATA_tri_24_/Z (TBUF_X1)                         0.0619     0.9478 r
  DRAM_DATA[24] (inout)                                 0.0048     0.9526 r
  data arrival time                                                0.9526

  clock CLK (rise edge)                                 1.2000     1.2000
  clock network delay (ideal)                           0.0500     1.2500
  clock uncertainty                                    -0.0500     1.2000
  output external delay                                -0.1200     1.0800
  data required time                                               1.0800
  --------------------------------------------------------------------------
  data required time                                               1.0800
  data arrival time                                               -0.9526
  --------------------------------------------------------------------------
  slack (MET)                                                      0.1274


  Startpoint: DP_i_mem_access_i_rd_out_reg_i_Y_reg_2_
              (rising edge-triggered flip-flop clocked by CLK)
  Endpoint: DRAM_DATA[31]
            (output port clocked by CLK)
  Path Group: OUTPUTS
  Path Type: max

  Des/Clust/Port     Wire Load Model       Library
  ------------------------------------------------
  DLX                5K_hvratio_1_4        NangateOpenCellLibrary

  Point                                                   Incr       Path
  --------------------------------------------------------------------------
  clock CLK (rise edge)                                 0.0000     0.0000
  clock network delay (ideal)                           0.0500     0.0500
  DP_i_mem_access_i_rd_out_reg_i_Y_reg_2_/CK (DFF_X1)   0.0000     0.0500 r
  DP_i_mem_access_i_rd_out_reg_i_Y_reg_2_/Q (DFF_X1)    0.1069     0.1569 r
  U806/Z (BUF_X2)                                       0.0600     0.2168 r
  U7680/ZN (XNOR2_X1)                                   0.0863     0.3032 r
  U7681/ZN (AND2_X1)                                    0.0419     0.3450 r
  U1549/ZN (AND4_X1)                                    0.1268     0.4719 r
  U7687/ZN (INV_X1)                                     0.0910     0.5629 f
  U2277/ZN (NOR2_X2)                                    0.1799     0.7428 r
  U7744/ZN (NAND2_X1)                                   0.0533     0.7961 f
  U7745/ZN (AND2_X1)                                    0.0499     0.8460 f
  U11538/ZN (NOR2_X1)                                   0.0399     0.8859 r
  DRAM_DATA_tri_31_/Z (TBUF_X1)                         0.0618     0.9476 r
  DRAM_DATA[31] (inout)                                 0.0048     0.9525 r
  data arrival time                                                0.9525

  clock CLK (rise edge)                                 1.2000     1.2000
  clock network delay (ideal)                           0.0500     1.2500
  clock uncertainty                                    -0.0500     1.2000
  output external delay                                -0.1200     1.0800
  data required time                                               1.0800
  --------------------------------------------------------------------------
  data required time                                               1.0800
  data arrival time                                               -0.9525
  --------------------------------------------------------------------------
  slack (MET)                                                      0.1275


  Startpoint: DP_i_mem_access_i_rd_out_reg_i_Y_reg_2_
              (rising edge-triggered flip-flop clocked by CLK)
  Endpoint: DRAM_DATA[30]
            (output port clocked by CLK)
  Path Group: OUTPUTS
  Path Type: max

  Des/Clust/Port     Wire Load Model       Library
  ------------------------------------------------
  DLX                5K_hvratio_1_4        NangateOpenCellLibrary

  Point                                                   Incr       Path
  --------------------------------------------------------------------------
  clock CLK (rise edge)                                 0.0000     0.0000
  clock network delay (ideal)                           0.0500     0.0500
  DP_i_mem_access_i_rd_out_reg_i_Y_reg_2_/CK (DFF_X1)   0.0000     0.0500 r
  DP_i_mem_access_i_rd_out_reg_i_Y_reg_2_/Q (DFF_X1)    0.1069     0.1569 r
  U806/Z (BUF_X2)                                       0.0600     0.2168 r
  U7680/ZN (XNOR2_X1)                                   0.0863     0.3032 r
  U7681/ZN (AND2_X1)                                    0.0419     0.3450 r
  U1549/ZN (AND4_X1)                                    0.1268     0.4719 r
  U7687/ZN (INV_X1)                                     0.0910     0.5629 f
  U2277/ZN (NOR2_X2)                                    0.1799     0.7428 r
  U7732/ZN (NAND2_X1)                                   0.0533     0.7961 f
  U7733/ZN (AND2_X1)                                    0.0488     0.8449 f
  U11539/ZN (NOR2_X1)                                   0.0396     0.8845 r
  DRAM_DATA_tri_30_/Z (TBUF_X1)                         0.0619     0.9464 r
  DRAM_DATA[30] (inout)                                 0.0048     0.9512 r
  data arrival time                                                0.9512

  clock CLK (rise edge)                                 1.2000     1.2000
  clock network delay (ideal)                           0.0500     1.2500
  clock uncertainty                                    -0.0500     1.2000
  output external delay                                -0.1200     1.0800
  data required time                                               1.0800
  --------------------------------------------------------------------------
  data required time                                               1.0800
  data arrival time                                               -0.9512
  --------------------------------------------------------------------------
  slack (MET)                                                      0.1288


  Startpoint: DP_i_mem_access_i_rd_out_reg_i_Y_reg_2_
              (rising edge-triggered flip-flop clocked by CLK)
  Endpoint: DRAM_DATA[27]
            (output port clocked by CLK)
  Path Group: OUTPUTS
  Path Type: max

  Des/Clust/Port     Wire Load Model       Library
  ------------------------------------------------
  DLX                5K_hvratio_1_4        NangateOpenCellLibrary

  Point                                                   Incr       Path
  --------------------------------------------------------------------------
  clock CLK (rise edge)                                 0.0000     0.0000
  clock network delay (ideal)                           0.0500     0.0500
  DP_i_mem_access_i_rd_out_reg_i_Y_reg_2_/CK (DFF_X1)   0.0000     0.0500 r
  DP_i_mem_access_i_rd_out_reg_i_Y_reg_2_/Q (DFF_X1)    0.1069     0.1569 r
  U806/Z (BUF_X2)                                       0.0600     0.2168 r
  U7680/ZN (XNOR2_X1)                                   0.0863     0.3032 r
  U7681/ZN (AND2_X1)                                    0.0419     0.3450 r
  U1549/ZN (AND4_X1)                                    0.1268     0.4719 r
  U7687/ZN (INV_X1)                                     0.0910     0.5629 f
  U2277/ZN (NOR2_X2)                                    0.1799     0.7428 r
  U7729/ZN (NAND2_X1)                                   0.0533     0.7961 f
  U7730/ZN (AND2_X1)                                    0.0488     0.8449 f
  U11542/ZN (NOR2_X1)                                   0.0396     0.8845 r
  DRAM_DATA_tri_27_/Z (TBUF_X1)                         0.0619     0.9464 r
  DRAM_DATA[27] (inout)                                 0.0048     0.9512 r
  data arrival time                                                0.9512

  clock CLK (rise edge)                                 1.2000     1.2000
  clock network delay (ideal)                           0.0500     1.2500
  clock uncertainty                                    -0.0500     1.2000
  output external delay                                -0.1200     1.0800
  data required time                                               1.0800
  --------------------------------------------------------------------------
  data required time                                               1.0800
  data arrival time                                               -0.9512
  --------------------------------------------------------------------------
  slack (MET)                                                      0.1288


  Startpoint: DP_i_mem_access_i_rd_out_reg_i_Y_reg_2_
              (rising edge-triggered flip-flop clocked by CLK)
  Endpoint: DRAM_DATA[16]
            (output port clocked by CLK)
  Path Group: OUTPUTS
  Path Type: max

  Des/Clust/Port     Wire Load Model       Library
  ------------------------------------------------
  DLX                5K_hvratio_1_4        NangateOpenCellLibrary

  Point                                                   Incr       Path
  --------------------------------------------------------------------------
  clock CLK (rise edge)                                 0.0000     0.0000
  clock network delay (ideal)                           0.0500     0.0500
  DP_i_mem_access_i_rd_out_reg_i_Y_reg_2_/CK (DFF_X1)   0.0000     0.0500 r
  DP_i_mem_access_i_rd_out_reg_i_Y_reg_2_/Q (DFF_X1)    0.1069     0.1569 r
  U806/Z (BUF_X2)                                       0.0600     0.2168 r
  U7680/ZN (XNOR2_X1)                                   0.0863     0.3032 r
  U7681/ZN (AND2_X1)                                    0.0419     0.3450 r
  U1549/ZN (AND4_X1)                                    0.1268     0.4719 r
  U7687/ZN (INV_X1)                                     0.0910     0.5629 f
  U2277/ZN (NOR2_X2)                                    0.1799     0.7428 r
  U7741/ZN (NAND2_X1)                                   0.0533     0.7961 f
  U7742/ZN (AND2_X1)                                    0.0499     0.8460 f
  U11553/ZN (NOR2_X1)                                   0.0399     0.8859 r
  DRAM_DATA_tri_16_/Z (TBUF_X1)                         0.0533     0.9391 r
  DRAM_DATA[16] (inout)                                 0.0041     0.9432 r
  data arrival time                                                0.9432

  clock CLK (rise edge)                                 1.2000     1.2000
  clock network delay (ideal)                           0.0500     1.2500
  clock uncertainty                                    -0.0500     1.2000
  output external delay                                -0.1200     1.0800
  data required time                                               1.0800
  --------------------------------------------------------------------------
  data required time                                               1.0800
  data arrival time                                               -0.9432
  --------------------------------------------------------------------------
  slack (MET)                                                      0.1368


1
