 
****************************************
Report : timing
        -path full
        -delay max
        -nworst 2
        -max_paths 10
Design : DLX
Version: W-2024.09-SP2
Date   : Sun Sep 27 03:38:47 2026
****************************************

Operating Conditions: typical   Library: NangateOpenCellLibrary
Wire Load Model Mode: top

  Startpoint: DP_i/fetch_i_IR_out_reg_31_
              (rising edge-triggered flip-flop clocked by CLK)
  Endpoint: DP_i/fetch_i_pc_i_Y_reg_2_
            (rising edge-triggered flip-flop clocked by CLK)
  Path Group: REG2REG
  Path Type: max

  Des/Clust/Port     Wire Load Model       Library
  ------------------------------------------------
  DLX                5K_hvratio_1_4        NangateOpenCellLibrary

  Point                                                   Incr       Path
  --------------------------------------------------------------------------
  clock CLK (rise edge)                                 0.0000     0.0000
  clock network delay (ideal)                           0.0500     0.0500
  DP_i/fetch_i_IR_out_reg_31_/CK (DFF_X1)               0.0000     0.0500 r
  DP_i/fetch_i_IR_out_reg_31_/Q (DFF_X1)                0.1131     0.1631 f
  DP_i/opcode[5] (DataPath)                             0.0000     0.1631 f
  U857/ZN (INV_X1)                                      0.0656     0.2287 r
  U859/ZN (NAND3_X1)                                    0.0569     0.2855 f
  U826/ZN (NOR2_X1)                                     0.0778     0.3633 r
  DP_i/RF2 (DataPath)                                   0.0000     0.3633 r
  DP_i/U2839/ZN (OR2_X1)                                0.0509     0.4142 r
  DP_i/U2844/ZN (INV_X1)                                0.0279     0.4420 f
  DP_i/U2845/ZN (NAND2_X1)                              0.0413     0.4833 r
  DP_i/U2850/ZN (OAI21_X1)                              0.0439     0.5272 f
  DP_i/U2851/ZN (OAI21_X1)                              0.0530     0.5802 r
  DP_i/U2859/ZN (OR2_X1)                                0.0507     0.6309 r
  DP_i/U2870/ZN (NAND2_X1)                              0.0436     0.6745 f
  DP_i/U2894/ZN (NOR2_X1)                               0.0493     0.7238 r
  DP_i/U2902/ZN (AND2_X1)                               0.0433     0.7671 r
  DP_i/U120/ZN (OR2_X1)                                 0.0355     0.8026 r
  DP_i/U3137/CO (FA_X1)                                 0.0763     0.8789 r
  DP_i/U2910/ZN (AND2_X1)                               0.0500     0.9290 r
  DP_i/U422/ZN (NAND2_X1)                               0.0380     0.9670 f
  DP_i/U804/ZN (NAND2_X1)                               0.0426     1.0096 r
  DP_i/U786/ZN (AND2_X2)                                0.0526     1.0623 r
  DP_i/U2918/ZN (NOR2_X1)                               0.0310     1.0932 f
  DP_i/U115/ZN (NOR2_X1)                                0.0674     1.1606 r
  DP_i/U418/ZN (NAND2_X1)                               0.0397     1.2003 f
  DP_i/U394/ZN (OAI22_X1)                               0.0891     1.2894 r
  DP_i/U2976/ZN (NAND2_X1)                              0.0374     1.3268 f
  DP_i/U2981/ZN (NAND2_X1)                              0.0535     1.3803 r
  DP_i/U809/ZN (AND3_X2)                                0.0693     1.4496 r
  DP_i/U391/ZN (XNOR2_X1)                               0.0495     1.4990 f
  DP_i/U3021/ZN (AOI22_X1)                              0.0742     1.5732 r
  DP_i/U3036/ZN (NOR2_X1)                               0.0328     1.6060 f
  DP_i/U104/ZN (AOI21_X1)                               0.0646     1.6706 r
  DP_i/U3071/ZN (NAND2_X1)                              0.0408     1.7115 f
  DP_i/U419/ZN (XNOR2_X1)                               0.0724     1.7839 f
  DP_i/U420/ZN (NAND2_X1)                               0.0395     1.8234 r
  DP_i/U168/ZN (NAND2_X1)                               0.0305     1.8539 f
  DP_i/U3151/ZN (NAND2_X1)                              0.0321     1.8860 r
  DP_i/U3167/ZN (NAND2_X1)                              0.0347     1.9207 f
  DP_i/U3168/ZN (NOR2_X1)                               0.0681     1.9888 r
  DP_i/U412/ZN (OR2_X1)                                 0.0505     2.0393 r
  DP_i/U147/ZN (NAND4_X1)                               0.0480     2.0873 f
  DP_i/U411/ZN (NAND3_X1)                               0.0466     2.1339 r
  DP_i/U387/ZN (AND2_X2)                                0.0621     2.1960 r
  DP_i/U3236/ZN (NAND2_X1)                              0.0410     2.2369 f
  DP_i/U3239/ZN (NAND3_X1)                              0.0336     2.2705 r
  DP_i/U3240/ZN (AOI22_X1)                              0.0447     2.3152 f
  DP_i/U3241/ZN (AOI22_X1)                              0.0614     2.3766 r
  DP_i/U806/ZN (OAI211_X1)                              0.0465     2.4231 f
  DP_i/U3243/ZN (NOR4_X1)                               0.0988     2.5220 r
  DP_i/U3244/ZN (OAI21_X1)                              0.0393     2.5613 f
  DP_i/U3264/ZN (AND2_X2)                               0.0582     2.6195 f
  DP_i/U114/ZN (NOR3_X4)                                0.1135     2.7331 r
  DP_i/U33/Z (BUF_X4)                                   0.1094     2.8425 r
  DP_i/U3112/ZN (AOI22_X1)                              0.0605     2.9030 f
  DP_i/U3115/ZN (OAI211_X1)                             0.0506     2.9536 r
  DP_i/fetch_i_pc_i_Y_reg_2_/D (DFF_X1)                 0.0110     2.9646 r
  data arrival time                                                2.9646

  clock CLK (rise edge)                                 3.0000     3.0000
  clock network delay (ideal)                           0.0500     3.0500
  clock uncertainty                                    -0.0500     3.0000
  DP_i/fetch_i_pc_i_Y_reg_2_/CK (DFF_X1)                0.0000     3.0000 r
  library setup time                                   -0.0334     2.9666
  data required time                                               2.9666
  --------------------------------------------------------------------------
  data required time                                               2.9666
  data arrival time                                               -2.9646
  --------------------------------------------------------------------------
  slack (MET)                                                      0.0020


  Startpoint: DP_i/fetch_i_IR_out_reg_31_
              (rising edge-triggered flip-flop clocked by CLK)
  Endpoint: DP_i/fetch_i_pc_i_Y_reg_3_
            (rising edge-triggered flip-flop clocked by CLK)
  Path Group: REG2REG
  Path Type: max

  Des/Clust/Port     Wire Load Model       Library
  ------------------------------------------------
  DLX                5K_hvratio_1_4        NangateOpenCellLibrary

  Point                                                   Incr       Path
  --------------------------------------------------------------------------
  clock CLK (rise edge)                                 0.0000     0.0000
  clock network delay (ideal)                           0.0500     0.0500
  DP_i/fetch_i_IR_out_reg_31_/CK (DFF_X1)               0.0000     0.0500 r
  DP_i/fetch_i_IR_out_reg_31_/Q (DFF_X1)                0.1131     0.1631 f
  DP_i/opcode[5] (DataPath)                             0.0000     0.1631 f
  U857/ZN (INV_X1)                                      0.0656     0.2287 r
  U859/ZN (NAND3_X1)                                    0.0569     0.2855 f
  U826/ZN (NOR2_X1)                                     0.0778     0.3633 r
  DP_i/RF2 (DataPath)                                   0.0000     0.3633 r
  DP_i/U2839/ZN (OR2_X1)                                0.0509     0.4142 r
  DP_i/U2844/ZN (INV_X1)                                0.0279     0.4420 f
  DP_i/U2845/ZN (NAND2_X1)                              0.0413     0.4833 r
  DP_i/U2850/ZN (OAI21_X1)                              0.0439     0.5272 f
  DP_i/U2851/ZN (OAI21_X1)                              0.0530     0.5802 r
  DP_i/U2859/ZN (OR2_X1)                                0.0507     0.6309 r
  DP_i/U2870/ZN (NAND2_X1)                              0.0436     0.6745 f
  DP_i/U2894/ZN (NOR2_X1)                               0.0493     0.7238 r
  DP_i/U2902/ZN (AND2_X1)                               0.0433     0.7671 r
  DP_i/U120/ZN (OR2_X1)                                 0.0355     0.8026 r
  DP_i/U3137/CO (FA_X1)                                 0.0763     0.8789 r
  DP_i/U2910/ZN (AND2_X1)                               0.0500     0.9290 r
  DP_i/U422/ZN (NAND2_X1)                               0.0380     0.9670 f
  DP_i/U804/ZN (NAND2_X1)                               0.0426     1.0096 r
  DP_i/U786/ZN (AND2_X2)                                0.0526     1.0623 r
  DP_i/U2918/ZN (NOR2_X1)                               0.0310     1.0932 f
  DP_i/U115/ZN (NOR2_X1)                                0.0674     1.1606 r
  DP_i/U418/ZN (NAND2_X1)                               0.0397     1.2003 f
  DP_i/U394/ZN (OAI22_X1)                               0.0891     1.2894 r
  DP_i/U2976/ZN (NAND2_X1)                              0.0374     1.3268 f
  DP_i/U2981/ZN (NAND2_X1)                              0.0535     1.3803 r
  DP_i/U809/ZN (AND3_X2)                                0.0693     1.4496 r
  DP_i/U391/ZN (XNOR2_X1)                               0.0495     1.4990 f
  DP_i/U3021/ZN (AOI22_X1)                              0.0742     1.5732 r
  DP_i/U3036/ZN (NOR2_X1)                               0.0328     1.6060 f
  DP_i/U104/ZN (AOI21_X1)                               0.0646     1.6706 r
  DP_i/U3071/ZN (NAND2_X1)                              0.0408     1.7115 f
  DP_i/U419/ZN (XNOR2_X1)                               0.0724     1.7839 f
  DP_i/U420/ZN (NAND2_X1)                               0.0395     1.8234 r
  DP_i/U168/ZN (NAND2_X1)                               0.0305     1.8539 f
  DP_i/U3151/ZN (NAND2_X1)                              0.0321     1.8860 r
  DP_i/U3167/ZN (NAND2_X1)                              0.0347     1.9207 f
  DP_i/U3168/ZN (NOR2_X1)                               0.0681     1.9888 r
  DP_i/U412/ZN (OR2_X1)                                 0.0505     2.0393 r
  DP_i/U147/ZN (NAND4_X1)                               0.0480     2.0873 f
  DP_i/U411/ZN (NAND3_X1)                               0.0466     2.1339 r
  DP_i/U387/ZN (AND2_X2)                                0.0621     2.1960 r
  DP_i/U3236/ZN (NAND2_X1)                              0.0410     2.2369 f
  DP_i/U3239/ZN (NAND3_X1)                              0.0336     2.2705 r
  DP_i/U3240/ZN (AOI22_X1)                              0.0447     2.3152 f
  DP_i/U3241/ZN (AOI22_X1)                              0.0614     2.3766 r
  DP_i/U806/ZN (OAI211_X1)                              0.0465     2.4231 f
  DP_i/U3243/ZN (NOR4_X1)                               0.0988     2.5220 r
  DP_i/U3244/ZN (OAI21_X1)                              0.0393     2.5613 f
  DP_i/U3264/ZN (AND2_X2)                               0.0582     2.6195 f
  DP_i/U114/ZN (NOR3_X4)                                0.1135     2.7331 r
  DP_i/U33/Z (BUF_X4)                                   0.1094     2.8425 r
  DP_i/U3107/ZN (AOI22_X1)                              0.0605     2.9030 f
  DP_i/U3110/ZN (OAI211_X1)                             0.0506     2.9536 r
  DP_i/fetch_i_pc_i_Y_reg_3_/D (DFF_X1)                 0.0110     2.9646 r
  data arrival time                                                2.9646

  clock CLK (rise edge)                                 3.0000     3.0000
  clock network delay (ideal)                           0.0500     3.0500
  clock uncertainty                                    -0.0500     3.0000
  DP_i/fetch_i_pc_i_Y_reg_3_/CK (DFF_X1)                0.0000     3.0000 r
  library setup time                                   -0.0334     2.9666
  data required time                                               2.9666
  --------------------------------------------------------------------------
  data required time                                               2.9666
  data arrival time                                               -2.9646
  --------------------------------------------------------------------------
  slack (MET)                                                      0.0020


  Startpoint: DP_i/fetch_i_IR_out_reg_31_
              (rising edge-triggered flip-flop clocked by CLK)
  Endpoint: DP_i/fetch_i_pc_i_Y_reg_10_
            (rising edge-triggered flip-flop clocked by CLK)
  Path Group: REG2REG
  Path Type: max

  Des/Clust/Port     Wire Load Model       Library
  ------------------------------------------------
  DLX                5K_hvratio_1_4        NangateOpenCellLibrary

  Point                                                   Incr       Path
  --------------------------------------------------------------------------
  clock CLK (rise edge)                                 0.0000     0.0000
  clock network delay (ideal)                           0.0500     0.0500
  DP_i/fetch_i_IR_out_reg_31_/CK (DFF_X1)               0.0000     0.0500 r
  DP_i/fetch_i_IR_out_reg_31_/Q (DFF_X1)                0.1131     0.1631 f
  DP_i/opcode[5] (DataPath)                             0.0000     0.1631 f
  U857/ZN (INV_X1)                                      0.0656     0.2287 r
  U859/ZN (NAND3_X1)                                    0.0569     0.2855 f
  U826/ZN (NOR2_X1)                                     0.0778     0.3633 r
  DP_i/RF2 (DataPath)                                   0.0000     0.3633 r
  DP_i/U2839/ZN (OR2_X1)                                0.0509     0.4142 r
  DP_i/U2844/ZN (INV_X1)                                0.0279     0.4420 f
  DP_i/U2845/ZN (NAND2_X1)                              0.0413     0.4833 r
  DP_i/U2850/ZN (OAI21_X1)                              0.0439     0.5272 f
  DP_i/U2851/ZN (OAI21_X1)                              0.0530     0.5802 r
  DP_i/U2859/ZN (OR2_X1)                                0.0507     0.6309 r
  DP_i/U2870/ZN (NAND2_X1)                              0.0436     0.6745 f
  DP_i/U2894/ZN (NOR2_X1)                               0.0493     0.7238 r
  DP_i/U2902/ZN (AND2_X1)                               0.0433     0.7671 r
  DP_i/U120/ZN (OR2_X1)                                 0.0355     0.8026 r
  DP_i/U3137/CO (FA_X1)                                 0.0763     0.8789 r
  DP_i/U2910/ZN (AND2_X1)                               0.0500     0.9290 r
  DP_i/U422/ZN (NAND2_X1)                               0.0380     0.9670 f
  DP_i/U804/ZN (NAND2_X1)                               0.0426     1.0096 r
  DP_i/U786/ZN (AND2_X2)                                0.0526     1.0623 r
  DP_i/U2918/ZN (NOR2_X1)                               0.0310     1.0932 f
  DP_i/U115/ZN (NOR2_X1)                                0.0674     1.1606 r
  DP_i/U418/ZN (NAND2_X1)                               0.0397     1.2003 f
  DP_i/U394/ZN (OAI22_X1)                               0.0891     1.2894 r
  DP_i/U2976/ZN (NAND2_X1)                              0.0374     1.3268 f
  DP_i/U2981/ZN (NAND2_X1)                              0.0535     1.3803 r
  DP_i/U809/ZN (AND3_X2)                                0.0693     1.4496 r
  DP_i/U391/ZN (XNOR2_X1)                               0.0495     1.4990 f
  DP_i/U3021/ZN (AOI22_X1)                              0.0742     1.5732 r
  DP_i/U3036/ZN (NOR2_X1)                               0.0328     1.6060 f
  DP_i/U104/ZN (AOI21_X1)                               0.0646     1.6706 r
  DP_i/U3071/ZN (NAND2_X1)                              0.0408     1.7115 f
  DP_i/U419/ZN (XNOR2_X1)                               0.0724     1.7839 f
  DP_i/U420/ZN (NAND2_X1)                               0.0395     1.8234 r
  DP_i/U168/ZN (NAND2_X1)                               0.0305     1.8539 f
  DP_i/U3151/ZN (NAND2_X1)                              0.0321     1.8860 r
  DP_i/U3167/ZN (NAND2_X1)                              0.0347     1.9207 f
  DP_i/U3168/ZN (NOR2_X1)                               0.0681     1.9888 r
  DP_i/U412/ZN (OR2_X1)                                 0.0505     2.0393 r
  DP_i/U147/ZN (NAND4_X1)                               0.0480     2.0873 f
  DP_i/U411/ZN (NAND3_X1)                               0.0466     2.1339 r
  DP_i/U387/ZN (AND2_X2)                                0.0621     2.1960 r
  DP_i/U3236/ZN (NAND2_X1)                              0.0410     2.2369 f
  DP_i/U3239/ZN (NAND3_X1)                              0.0336     2.2705 r
  DP_i/U3240/ZN (AOI22_X1)                              0.0447     2.3152 f
  DP_i/U3241/ZN (AOI22_X1)                              0.0614     2.3766 r
  DP_i/U806/ZN (OAI211_X1)                              0.0465     2.4231 f
  DP_i/U3243/ZN (NOR4_X1)                               0.0988     2.5220 r
  DP_i/U3244/ZN (OAI21_X1)                              0.0393     2.5613 f
  DP_i/U3264/ZN (AND2_X2)                               0.0582     2.6195 f
  DP_i/U114/ZN (NOR3_X4)                                0.1135     2.7331 r
  DP_i/U33/Z (BUF_X4)                                   0.1094     2.8425 r
  DP_i/U3072/ZN (AOI22_X1)                              0.0605     2.9030 f
  DP_i/U3075/ZN (OAI211_X1)                             0.0506     2.9536 r
  DP_i/fetch_i_pc_i_Y_reg_10_/D (DFF_X1)                0.0110     2.9646 r
  data arrival time                                                2.9646

  clock CLK (rise edge)                                 3.0000     3.0000
  clock network delay (ideal)                           0.0500     3.0500
  clock uncertainty                                    -0.0500     3.0000
  DP_i/fetch_i_pc_i_Y_reg_10_/CK (DFF_X1)               0.0000     3.0000 r
  library setup time                                   -0.0334     2.9666
  data required time                                               2.9666
  --------------------------------------------------------------------------
  data required time                                               2.9666
  data arrival time                                               -2.9646
  --------------------------------------------------------------------------
  slack (MET)                                                      0.0020


  Startpoint: DP_i/fetch_i_IR_out_reg_31_
              (rising edge-triggered flip-flop clocked by CLK)
  Endpoint: DP_i/fetch_i_pc_i_Y_reg_13_
            (rising edge-triggered flip-flop clocked by CLK)
  Path Group: REG2REG
  Path Type: max

  Des/Clust/Port     Wire Load Model       Library
  ------------------------------------------------
  DLX                5K_hvratio_1_4        NangateOpenCellLibrary

  Point                                                   Incr       Path
  --------------------------------------------------------------------------
  clock CLK (rise edge)                                 0.0000     0.0000
  clock network delay (ideal)                           0.0500     0.0500
  DP_i/fetch_i_IR_out_reg_31_/CK (DFF_X1)               0.0000     0.0500 r
  DP_i/fetch_i_IR_out_reg_31_/Q (DFF_X1)                0.1131     0.1631 f
  DP_i/opcode[5] (DataPath)                             0.0000     0.1631 f
  U857/ZN (INV_X1)                                      0.0656     0.2287 r
  U859/ZN (NAND3_X1)                                    0.0569     0.2855 f
  U826/ZN (NOR2_X1)                                     0.0778     0.3633 r
  DP_i/RF2 (DataPath)                                   0.0000     0.3633 r
  DP_i/U2839/ZN (OR2_X1)                                0.0509     0.4142 r
  DP_i/U2844/ZN (INV_X1)                                0.0279     0.4420 f
  DP_i/U2845/ZN (NAND2_X1)                              0.0413     0.4833 r
  DP_i/U2850/ZN (OAI21_X1)                              0.0439     0.5272 f
  DP_i/U2851/ZN (OAI21_X1)                              0.0530     0.5802 r
  DP_i/U2859/ZN (OR2_X1)                                0.0507     0.6309 r
  DP_i/U2870/ZN (NAND2_X1)                              0.0436     0.6745 f
  DP_i/U2894/ZN (NOR2_X1)                               0.0493     0.7238 r
  DP_i/U2902/ZN (AND2_X1)                               0.0433     0.7671 r
  DP_i/U120/ZN (OR2_X1)                                 0.0355     0.8026 r
  DP_i/U3137/CO (FA_X1)                                 0.0763     0.8789 r
  DP_i/U2910/ZN (AND2_X1)                               0.0500     0.9290 r
  DP_i/U422/ZN (NAND2_X1)                               0.0380     0.9670 f
  DP_i/U804/ZN (NAND2_X1)                               0.0426     1.0096 r
  DP_i/U786/ZN (AND2_X2)                                0.0526     1.0623 r
  DP_i/U2918/ZN (NOR2_X1)                               0.0310     1.0932 f
  DP_i/U115/ZN (NOR2_X1)                                0.0674     1.1606 r
  DP_i/U418/ZN (NAND2_X1)                               0.0397     1.2003 f
  DP_i/U394/ZN (OAI22_X1)                               0.0891     1.2894 r
  DP_i/U2976/ZN (NAND2_X1)                              0.0374     1.3268 f
  DP_i/U2981/ZN (NAND2_X1)                              0.0535     1.3803 r
  DP_i/U809/ZN (AND3_X2)                                0.0693     1.4496 r
  DP_i/U391/ZN (XNOR2_X1)                               0.0495     1.4990 f
  DP_i/U3021/ZN (AOI22_X1)                              0.0742     1.5732 r
  DP_i/U3036/ZN (NOR2_X1)                               0.0328     1.6060 f
  DP_i/U104/ZN (AOI21_X1)                               0.0646     1.6706 r
  DP_i/U3071/ZN (NAND2_X1)                              0.0408     1.7115 f
  DP_i/U419/ZN (XNOR2_X1)                               0.0724     1.7839 f
  DP_i/U420/ZN (NAND2_X1)                               0.0395     1.8234 r
  DP_i/U168/ZN (NAND2_X1)                               0.0305     1.8539 f
  DP_i/U3151/ZN (NAND2_X1)                              0.0321     1.8860 r
  DP_i/U3167/ZN (NAND2_X1)                              0.0347     1.9207 f
  DP_i/U3168/ZN (NOR2_X1)                               0.0681     1.9888 r
  DP_i/U412/ZN (OR2_X1)                                 0.0505     2.0393 r
  DP_i/U147/ZN (NAND4_X1)                               0.0480     2.0873 f
  DP_i/U411/ZN (NAND3_X1)                               0.0466     2.1339 r
  DP_i/U387/ZN (AND2_X2)                                0.0621     2.1960 r
  DP_i/U3236/ZN (NAND2_X1)                              0.0410     2.2369 f
  DP_i/U3239/ZN (NAND3_X1)                              0.0336     2.2705 r
  DP_i/U3240/ZN (AOI22_X1)                              0.0447     2.3152 f
  DP_i/U3241/ZN (AOI22_X1)                              0.0614     2.3766 r
  DP_i/U806/ZN (OAI211_X1)                              0.0465     2.4231 f
  DP_i/U3243/ZN (NOR4_X1)                               0.0988     2.5220 r
  DP_i/U3244/ZN (OAI21_X1)                              0.0393     2.5613 f
  DP_i/U3264/ZN (AND2_X2)                               0.0582     2.6195 f
  DP_i/U114/ZN (NOR3_X4)                                0.1135     2.7331 r
  DP_i/U33/Z (BUF_X4)                                   0.1094     2.8425 r
  DP_i/U3057/ZN (AOI22_X1)                              0.0605     2.9030 f
  DP_i/U3060/ZN (OAI211_X1)                             0.0506     2.9536 r
  DP_i/fetch_i_pc_i_Y_reg_13_/D (DFF_X1)                0.0110     2.9646 r
  data arrival time                                                2.9646

  clock CLK (rise edge)                                 3.0000     3.0000
  clock network delay (ideal)                           0.0500     3.0500
  clock uncertainty                                    -0.0500     3.0000
  DP_i/fetch_i_pc_i_Y_reg_13_/CK (DFF_X1)               0.0000     3.0000 r
  library setup time                                   -0.0334     2.9666
  data required time                                               2.9666
  --------------------------------------------------------------------------
  data required time                                               2.9666
  data arrival time                                               -2.9646
  --------------------------------------------------------------------------
  slack (MET)                                                      0.0020


  Startpoint: DP_i/fetch_i_IR_out_reg_31_
              (rising edge-triggered flip-flop clocked by CLK)
  Endpoint: DP_i/fetch_i_pc_i_Y_reg_9_
            (rising edge-triggered flip-flop clocked by CLK)
  Path Group: REG2REG
  Path Type: max

  Des/Clust/Port     Wire Load Model       Library
  ------------------------------------------------
  DLX                5K_hvratio_1_4        NangateOpenCellLibrary

  Point                                                   Incr       Path
  --------------------------------------------------------------------------
  clock CLK (rise edge)                                 0.0000     0.0000
  clock network delay (ideal)                           0.0500     0.0500
  DP_i/fetch_i_IR_out_reg_31_/CK (DFF_X1)               0.0000     0.0500 r
  DP_i/fetch_i_IR_out_reg_31_/Q (DFF_X1)                0.1131     0.1631 f
  DP_i/opcode[5] (DataPath)                             0.0000     0.1631 f
  U857/ZN (INV_X1)                                      0.0656     0.2287 r
  U859/ZN (NAND3_X1)                                    0.0569     0.2855 f
  U826/ZN (NOR2_X1)                                     0.0778     0.3633 r
  DP_i/RF2 (DataPath)                                   0.0000     0.3633 r
  DP_i/U2839/ZN (OR2_X1)                                0.0509     0.4142 r
  DP_i/U2844/ZN (INV_X1)                                0.0279     0.4420 f
  DP_i/U2845/ZN (NAND2_X1)                              0.0413     0.4833 r
  DP_i/U2850/ZN (OAI21_X1)                              0.0439     0.5272 f
  DP_i/U2851/ZN (OAI21_X1)                              0.0530     0.5802 r
  DP_i/U2859/ZN (OR2_X1)                                0.0507     0.6309 r
  DP_i/U2870/ZN (NAND2_X1)                              0.0436     0.6745 f
  DP_i/U2894/ZN (NOR2_X1)                               0.0493     0.7238 r
  DP_i/U2902/ZN (AND2_X1)                               0.0433     0.7671 r
  DP_i/U120/ZN (OR2_X1)                                 0.0355     0.8026 r
  DP_i/U3137/CO (FA_X1)                                 0.0763     0.8789 r
  DP_i/U2910/ZN (AND2_X1)                               0.0500     0.9290 r
  DP_i/U422/ZN (NAND2_X1)                               0.0380     0.9670 f
  DP_i/U804/ZN (NAND2_X1)                               0.0426     1.0096 r
  DP_i/U786/ZN (AND2_X2)                                0.0526     1.0623 r
  DP_i/U2918/ZN (NOR2_X1)                               0.0310     1.0932 f
  DP_i/U115/ZN (NOR2_X1)                                0.0674     1.1606 r
  DP_i/U418/ZN (NAND2_X1)                               0.0397     1.2003 f
  DP_i/U394/ZN (OAI22_X1)                               0.0891     1.2894 r
  DP_i/U2976/ZN (NAND2_X1)                              0.0374     1.3268 f
  DP_i/U2981/ZN (NAND2_X1)                              0.0535     1.3803 r
  DP_i/U809/ZN (AND3_X2)                                0.0693     1.4496 r
  DP_i/U391/ZN (XNOR2_X1)                               0.0495     1.4990 f
  DP_i/U3021/ZN (AOI22_X1)                              0.0742     1.5732 r
  DP_i/U3036/ZN (NOR2_X1)                               0.0328     1.6060 f
  DP_i/U104/ZN (AOI21_X1)                               0.0646     1.6706 r
  DP_i/U3071/ZN (NAND2_X1)                              0.0408     1.7115 f
  DP_i/U419/ZN (XNOR2_X1)                               0.0724     1.7839 f
  DP_i/U420/ZN (NAND2_X1)                               0.0395     1.8234 r
  DP_i/U168/ZN (NAND2_X1)                               0.0305     1.8539 f
  DP_i/U3151/ZN (NAND2_X1)                              0.0321     1.8860 r
  DP_i/U3167/ZN (NAND2_X1)                              0.0347     1.9207 f
  DP_i/U3168/ZN (NOR2_X1)                               0.0681     1.9888 r
  DP_i/U412/ZN (OR2_X1)                                 0.0505     2.0393 r
  DP_i/U147/ZN (NAND4_X1)                               0.0480     2.0873 f
  DP_i/U411/ZN (NAND3_X1)                               0.0466     2.1339 r
  DP_i/U387/ZN (AND2_X2)                                0.0621     2.1960 r
  DP_i/U3236/ZN (NAND2_X1)                              0.0410     2.2369 f
  DP_i/U3239/ZN (NAND3_X1)                              0.0336     2.2705 r
  DP_i/U3240/ZN (AOI22_X1)                              0.0447     2.3152 f
  DP_i/U3241/ZN (AOI22_X1)                              0.0614     2.3766 r
  DP_i/U806/ZN (OAI211_X1)                              0.0465     2.4231 f
  DP_i/U3243/ZN (NOR4_X1)                               0.0988     2.5220 r
  DP_i/U3244/ZN (OAI21_X1)                              0.0393     2.5613 f
  DP_i/U3264/ZN (AND2_X2)                               0.0582     2.6195 f
  DP_i/U114/ZN (NOR3_X4)                                0.1135     2.7331 r
  DP_i/U33/Z (BUF_X4)                                   0.1094     2.8425 r
  DP_i/U3077/ZN (AOI22_X1)                              0.0605     2.9030 f
  DP_i/U3080/ZN (OAI211_X1)                             0.0506     2.9536 r
  DP_i/fetch_i_pc_i_Y_reg_9_/D (DFF_X1)                 0.0110     2.9646 r
  data arrival time                                                2.9646

  clock CLK (rise edge)                                 3.0000     3.0000
  clock network delay (ideal)                           0.0500     3.0500
  clock uncertainty                                    -0.0500     3.0000
  DP_i/fetch_i_pc_i_Y_reg_9_/CK (DFF_X1)                0.0000     3.0000 r
  library setup time                                   -0.0334     2.9666
  data required time                                               2.9666
  --------------------------------------------------------------------------
  data required time                                               2.9666
  data arrival time                                               -2.9646
  --------------------------------------------------------------------------
  slack (MET)                                                      0.0020


  Startpoint: DP_i/fetch_i_IR_out_reg_31_
              (rising edge-triggered flip-flop clocked by CLK)
  Endpoint: DP_i/fetch_i_pc_i_Y_reg_7_
            (rising edge-triggered flip-flop clocked by CLK)
  Path Group: REG2REG
  Path Type: max

  Des/Clust/Port     Wire Load Model       Library
  ------------------------------------------------
  DLX                5K_hvratio_1_4        NangateOpenCellLibrary

  Point                                                   Incr       Path
  --------------------------------------------------------------------------
  clock CLK (rise edge)                                 0.0000     0.0000
  clock network delay (ideal)                           0.0500     0.0500
  DP_i/fetch_i_IR_out_reg_31_/CK (DFF_X1)               0.0000     0.0500 r
  DP_i/fetch_i_IR_out_reg_31_/Q (DFF_X1)                0.1131     0.1631 f
  DP_i/opcode[5] (DataPath)                             0.0000     0.1631 f
  U857/ZN (INV_X1)                                      0.0656     0.2287 r
  U859/ZN (NAND3_X1)                                    0.0569     0.2855 f
  U826/ZN (NOR2_X1)                                     0.0778     0.3633 r
  DP_i/RF2 (DataPath)                                   0.0000     0.3633 r
  DP_i/U2839/ZN (OR2_X1)                                0.0509     0.4142 r
  DP_i/U2844/ZN (INV_X1)                                0.0279     0.4420 f
  DP_i/U2845/ZN (NAND2_X1)                              0.0413     0.4833 r
  DP_i/U2850/ZN (OAI21_X1)                              0.0439     0.5272 f
  DP_i/U2851/ZN (OAI21_X1)                              0.0530     0.5802 r
  DP_i/U2859/ZN (OR2_X1)                                0.0507     0.6309 r
  DP_i/U2870/ZN (NAND2_X1)                              0.0436     0.6745 f
  DP_i/U2894/ZN (NOR2_X1)                               0.0493     0.7238 r
  DP_i/U2902/ZN (AND2_X1)                               0.0433     0.7671 r
  DP_i/U120/ZN (OR2_X1)                                 0.0355     0.8026 r
  DP_i/U3137/CO (FA_X1)                                 0.0763     0.8789 r
  DP_i/U2910/ZN (AND2_X1)                               0.0500     0.9290 r
  DP_i/U422/ZN (NAND2_X1)                               0.0380     0.9670 f
  DP_i/U804/ZN (NAND2_X1)                               0.0426     1.0096 r
  DP_i/U786/ZN (AND2_X2)                                0.0526     1.0623 r
  DP_i/U2918/ZN (NOR2_X1)                               0.0310     1.0932 f
  DP_i/U115/ZN (NOR2_X1)                                0.0674     1.1606 r
  DP_i/U418/ZN (NAND2_X1)                               0.0397     1.2003 f
  DP_i/U394/ZN (OAI22_X1)                               0.0891     1.2894 r
  DP_i/U2976/ZN (NAND2_X1)                              0.0374     1.3268 f
  DP_i/U2981/ZN (NAND2_X1)                              0.0535     1.3803 r
  DP_i/U809/ZN (AND3_X2)                                0.0693     1.4496 r
  DP_i/U391/ZN (XNOR2_X1)                               0.0495     1.4990 f
  DP_i/U3021/ZN (AOI22_X1)                              0.0742     1.5732 r
  DP_i/U3036/ZN (NOR2_X1)                               0.0328     1.6060 f
  DP_i/U104/ZN (AOI21_X1)                               0.0646     1.6706 r
  DP_i/U3071/ZN (NAND2_X1)                              0.0408     1.7115 f
  DP_i/U419/ZN (XNOR2_X1)                               0.0724     1.7839 f
  DP_i/U420/ZN (NAND2_X1)                               0.0395     1.8234 r
  DP_i/U168/ZN (NAND2_X1)                               0.0305     1.8539 f
  DP_i/U3151/ZN (NAND2_X1)                              0.0321     1.8860 r
  DP_i/U3167/ZN (NAND2_X1)                              0.0347     1.9207 f
  DP_i/U3168/ZN (NOR2_X1)                               0.0681     1.9888 r
  DP_i/U412/ZN (OR2_X1)                                 0.0505     2.0393 r
  DP_i/U147/ZN (NAND4_X1)                               0.0480     2.0873 f
  DP_i/U411/ZN (NAND3_X1)                               0.0466     2.1339 r
  DP_i/U387/ZN (AND2_X2)                                0.0621     2.1960 r
  DP_i/U3236/ZN (NAND2_X1)                              0.0410     2.2369 f
  DP_i/U3239/ZN (NAND3_X1)                              0.0336     2.2705 r
  DP_i/U3240/ZN (AOI22_X1)                              0.0447     2.3152 f
  DP_i/U3241/ZN (AOI22_X1)                              0.0614     2.3766 r
  DP_i/U806/ZN (OAI211_X1)                              0.0465     2.4231 f
  DP_i/U3243/ZN (NOR4_X1)                               0.0988     2.5220 r
  DP_i/U3244/ZN (OAI21_X1)                              0.0393     2.5613 f
  DP_i/U3264/ZN (AND2_X2)                               0.0582     2.6195 f
  DP_i/U114/ZN (NOR3_X4)                                0.1135     2.7331 r
  DP_i/U33/Z (BUF_X4)                                   0.1094     2.8425 r
  DP_i/U3087/ZN (AOI22_X1)                              0.0605     2.9030 f
  DP_i/U3090/ZN (OAI211_X1)                             0.0506     2.9536 r
  DP_i/fetch_i_pc_i_Y_reg_7_/D (DFF_X1)                 0.0110     2.9646 r
  data arrival time                                                2.9646

  clock CLK (rise edge)                                 3.0000     3.0000
  clock network delay (ideal)                           0.0500     3.0500
  clock uncertainty                                    -0.0500     3.0000
  DP_i/fetch_i_pc_i_Y_reg_7_/CK (DFF_X1)                0.0000     3.0000 r
  library setup time                                   -0.0334     2.9666
  data required time                                               2.9666
  --------------------------------------------------------------------------
  data required time                                               2.9666
  data arrival time                                               -2.9646
  --------------------------------------------------------------------------
  slack (MET)                                                      0.0020


  Startpoint: DP_i/fetch_i_IR_out_reg_31_
              (rising edge-triggered flip-flop clocked by CLK)
  Endpoint: DP_i/fetch_i_pc_i_Y_reg_6_
            (rising edge-triggered flip-flop clocked by CLK)
  Path Group: REG2REG
  Path Type: max

  Des/Clust/Port     Wire Load Model       Library
  ------------------------------------------------
  DLX                5K_hvratio_1_4        NangateOpenCellLibrary

  Point                                                   Incr       Path
  --------------------------------------------------------------------------
  clock CLK (rise edge)                                 0.0000     0.0000
  clock network delay (ideal)                           0.0500     0.0500
  DP_i/fetch_i_IR_out_reg_31_/CK (DFF_X1)               0.0000     0.0500 r
  DP_i/fetch_i_IR_out_reg_31_/Q (DFF_X1)                0.1131     0.1631 f
  DP_i/opcode[5] (DataPath)                             0.0000     0.1631 f
  U857/ZN (INV_X1)                                      0.0656     0.2287 r
  U859/ZN (NAND3_X1)                                    0.0569     0.2855 f
  U826/ZN (NOR2_X1)                                     0.0778     0.3633 r
  DP_i/RF2 (DataPath)                                   0.0000     0.3633 r
  DP_i/U2839/ZN (OR2_X1)                                0.0509     0.4142 r
  DP_i/U2844/ZN (INV_X1)                                0.0279     0.4420 f
  DP_i/U2845/ZN (NAND2_X1)                              0.0413     0.4833 r
  DP_i/U2850/ZN (OAI21_X1)                              0.0439     0.5272 f
  DP_i/U2851/ZN (OAI21_X1)                              0.0530     0.5802 r
  DP_i/U2859/ZN (OR2_X1)                                0.0507     0.6309 r
  DP_i/U2870/ZN (NAND2_X1)                              0.0436     0.6745 f
  DP_i/U2894/ZN (NOR2_X1)                               0.0493     0.7238 r
  DP_i/U2902/ZN (AND2_X1)                               0.0433     0.7671 r
  DP_i/U120/ZN (OR2_X1)                                 0.0355     0.8026 r
  DP_i/U3137/CO (FA_X1)                                 0.0763     0.8789 r
  DP_i/U2910/ZN (AND2_X1)                               0.0500     0.9290 r
  DP_i/U422/ZN (NAND2_X1)                               0.0380     0.9670 f
  DP_i/U804/ZN (NAND2_X1)                               0.0426     1.0096 r
  DP_i/U786/ZN (AND2_X2)                                0.0526     1.0623 r
  DP_i/U2918/ZN (NOR2_X1)                               0.0310     1.0932 f
  DP_i/U115/ZN (NOR2_X1)                                0.0674     1.1606 r
  DP_i/U418/ZN (NAND2_X1)                               0.0397     1.2003 f
  DP_i/U394/ZN (OAI22_X1)                               0.0891     1.2894 r
  DP_i/U2976/ZN (NAND2_X1)                              0.0374     1.3268 f
  DP_i/U2981/ZN (NAND2_X1)                              0.0535     1.3803 r
  DP_i/U809/ZN (AND3_X2)                                0.0693     1.4496 r
  DP_i/U391/ZN (XNOR2_X1)                               0.0495     1.4990 f
  DP_i/U3021/ZN (AOI22_X1)                              0.0742     1.5732 r
  DP_i/U3036/ZN (NOR2_X1)                               0.0328     1.6060 f
  DP_i/U104/ZN (AOI21_X1)                               0.0646     1.6706 r
  DP_i/U3071/ZN (NAND2_X1)                              0.0408     1.7115 f
  DP_i/U419/ZN (XNOR2_X1)                               0.0724     1.7839 f
  DP_i/U420/ZN (NAND2_X1)                               0.0395     1.8234 r
  DP_i/U168/ZN (NAND2_X1)                               0.0305     1.8539 f
  DP_i/U3151/ZN (NAND2_X1)                              0.0321     1.8860 r
  DP_i/U3167/ZN (NAND2_X1)                              0.0347     1.9207 f
  DP_i/U3168/ZN (NOR2_X1)                               0.0681     1.9888 r
  DP_i/U412/ZN (OR2_X1)                                 0.0505     2.0393 r
  DP_i/U147/ZN (NAND4_X1)                               0.0480     2.0873 f
  DP_i/U411/ZN (NAND3_X1)                               0.0466     2.1339 r
  DP_i/U387/ZN (AND2_X2)                                0.0621     2.1960 r
  DP_i/U3236/ZN (NAND2_X1)                              0.0410     2.2369 f
  DP_i/U3239/ZN (NAND3_X1)                              0.0336     2.2705 r
  DP_i/U3240/ZN (AOI22_X1)                              0.0447     2.3152 f
  DP_i/U3241/ZN (AOI22_X1)                              0.0614     2.3766 r
  DP_i/U806/ZN (OAI211_X1)                              0.0465     2.4231 f
  DP_i/U3243/ZN (NOR4_X1)                               0.0988     2.5220 r
  DP_i/U3244/ZN (OAI21_X1)                              0.0393     2.5613 f
  DP_i/U3264/ZN (AND2_X2)                               0.0582     2.6195 f
  DP_i/U114/ZN (NOR3_X4)                                0.1135     2.7331 r
  DP_i/U33/Z (BUF_X4)                                   0.1094     2.8425 r
  DP_i/U3092/ZN (AOI22_X1)                              0.0605     2.9030 f
  DP_i/U3095/ZN (OAI211_X1)                             0.0506     2.9536 r
  DP_i/fetch_i_pc_i_Y_reg_6_/D (DFF_X1)                 0.0110     2.9646 r
  data arrival time                                                2.9646

  clock CLK (rise edge)                                 3.0000     3.0000
  clock network delay (ideal)                           0.0500     3.0500
  clock uncertainty                                    -0.0500     3.0000
  DP_i/fetch_i_pc_i_Y_reg_6_/CK (DFF_X1)                0.0000     3.0000 r
  library setup time                                   -0.0334     2.9666
  data required time                                               2.9666
  --------------------------------------------------------------------------
  data required time                                               2.9666
  data arrival time                                               -2.9646
  --------------------------------------------------------------------------
  slack (MET)                                                      0.0020


  Startpoint: DP_i/fetch_i_IR_out_reg_31_
              (rising edge-triggered flip-flop clocked by CLK)
  Endpoint: DP_i/fetch_i_pc_i_Y_reg_8_
            (rising edge-triggered flip-flop clocked by CLK)
  Path Group: REG2REG
  Path Type: max

  Des/Clust/Port     Wire Load Model       Library
  ------------------------------------------------
  DLX                5K_hvratio_1_4        NangateOpenCellLibrary

  Point                                                   Incr       Path
  --------------------------------------------------------------------------
  clock CLK (rise edge)                                 0.0000     0.0000
  clock network delay (ideal)                           0.0500     0.0500
  DP_i/fetch_i_IR_out_reg_31_/CK (DFF_X1)               0.0000     0.0500 r
  DP_i/fetch_i_IR_out_reg_31_/Q (DFF_X1)                0.1131     0.1631 f
  DP_i/opcode[5] (DataPath)                             0.0000     0.1631 f
  U857/ZN (INV_X1)                                      0.0656     0.2287 r
  U859/ZN (NAND3_X1)                                    0.0569     0.2855 f
  U826/ZN (NOR2_X1)                                     0.0778     0.3633 r
  DP_i/RF2 (DataPath)                                   0.0000     0.3633 r
  DP_i/U2839/ZN (OR2_X1)                                0.0509     0.4142 r
  DP_i/U2844/ZN (INV_X1)                                0.0279     0.4420 f
  DP_i/U2845/ZN (NAND2_X1)                              0.0413     0.4833 r
  DP_i/U2850/ZN (OAI21_X1)                              0.0439     0.5272 f
  DP_i/U2851/ZN (OAI21_X1)                              0.0530     0.5802 r
  DP_i/U2859/ZN (OR2_X1)                                0.0507     0.6309 r
  DP_i/U2870/ZN (NAND2_X1)                              0.0436     0.6745 f
  DP_i/U2894/ZN (NOR2_X1)                               0.0493     0.7238 r
  DP_i/U2902/ZN (AND2_X1)                               0.0433     0.7671 r
  DP_i/U120/ZN (OR2_X1)                                 0.0355     0.8026 r
  DP_i/U3137/CO (FA_X1)                                 0.0763     0.8789 r
  DP_i/U2910/ZN (AND2_X1)                               0.0500     0.9290 r
  DP_i/U422/ZN (NAND2_X1)                               0.0380     0.9670 f
  DP_i/U804/ZN (NAND2_X1)                               0.0426     1.0096 r
  DP_i/U786/ZN (AND2_X2)                                0.0526     1.0623 r
  DP_i/U2918/ZN (NOR2_X1)                               0.0310     1.0932 f
  DP_i/U115/ZN (NOR2_X1)                                0.0674     1.1606 r
  DP_i/U418/ZN (NAND2_X1)                               0.0397     1.2003 f
  DP_i/U394/ZN (OAI22_X1)                               0.0891     1.2894 r
  DP_i/U2976/ZN (NAND2_X1)                              0.0374     1.3268 f
  DP_i/U2981/ZN (NAND2_X1)                              0.0535     1.3803 r
  DP_i/U809/ZN (AND3_X2)                                0.0693     1.4496 r
  DP_i/U391/ZN (XNOR2_X1)                               0.0495     1.4990 f
  DP_i/U3021/ZN (AOI22_X1)                              0.0742     1.5732 r
  DP_i/U3036/ZN (NOR2_X1)                               0.0328     1.6060 f
  DP_i/U104/ZN (AOI21_X1)                               0.0646     1.6706 r
  DP_i/U3071/ZN (NAND2_X1)                              0.0408     1.7115 f
  DP_i/U419/ZN (XNOR2_X1)                               0.0724     1.7839 f
  DP_i/U420/ZN (NAND2_X1)                               0.0395     1.8234 r
  DP_i/U168/ZN (NAND2_X1)                               0.0305     1.8539 f
  DP_i/U3151/ZN (NAND2_X1)                              0.0321     1.8860 r
  DP_i/U3167/ZN (NAND2_X1)                              0.0347     1.9207 f
  DP_i/U3168/ZN (NOR2_X1)                               0.0681     1.9888 r
  DP_i/U412/ZN (OR2_X1)                                 0.0505     2.0393 r
  DP_i/U147/ZN (NAND4_X1)                               0.0480     2.0873 f
  DP_i/U411/ZN (NAND3_X1)                               0.0466     2.1339 r
  DP_i/U387/ZN (AND2_X2)                                0.0621     2.1960 r
  DP_i/U3236/ZN (NAND2_X1)                              0.0410     2.2369 f
  DP_i/U3239/ZN (NAND3_X1)                              0.0336     2.2705 r
  DP_i/U3240/ZN (AOI22_X1)                              0.0447     2.3152 f
  DP_i/U3241/ZN (AOI22_X1)                              0.0614     2.3766 r
  DP_i/U806/ZN (OAI211_X1)                              0.0465     2.4231 f
  DP_i/U3243/ZN (NOR4_X1)                               0.0988     2.5220 r
  DP_i/U3244/ZN (OAI21_X1)                              0.0393     2.5613 f
  DP_i/U3264/ZN (AND2_X2)                               0.0582     2.6195 f
  DP_i/U114/ZN (NOR3_X4)                                0.1135     2.7331 r
  DP_i/U33/Z (BUF_X4)                                   0.1094     2.8425 r
  DP_i/U3082/ZN (AOI22_X1)                              0.0605     2.9030 f
  DP_i/U3085/ZN (OAI211_X1)                             0.0506     2.9536 r
  DP_i/fetch_i_pc_i_Y_reg_8_/D (DFF_X1)                 0.0110     2.9646 r
  data arrival time                                                2.9646

  clock CLK (rise edge)                                 3.0000     3.0000
  clock network delay (ideal)                           0.0500     3.0500
  clock uncertainty                                    -0.0500     3.0000
  DP_i/fetch_i_pc_i_Y_reg_8_/CK (DFF_X1)                0.0000     3.0000 r
  library setup time                                   -0.0334     2.9666
  data required time                                               2.9666
  --------------------------------------------------------------------------
  data required time                                               2.9666
  data arrival time                                               -2.9646
  --------------------------------------------------------------------------
  slack (MET)                                                      0.0020


  Startpoint: DP_i/fetch_i_IR_out_reg_31_
              (rising edge-triggered flip-flop clocked by CLK)
  Endpoint: DP_i/fetch_i_pc_i_Y_reg_4_
            (rising edge-triggered flip-flop clocked by CLK)
  Path Group: REG2REG
  Path Type: max

  Des/Clust/Port     Wire Load Model       Library
  ------------------------------------------------
  DLX                5K_hvratio_1_4        NangateOpenCellLibrary

  Point                                                   Incr       Path
  --------------------------------------------------------------------------
  clock CLK (rise edge)                                 0.0000     0.0000
  clock network delay (ideal)                           0.0500     0.0500
  DP_i/fetch_i_IR_out_reg_31_/CK (DFF_X1)               0.0000     0.0500 r
  DP_i/fetch_i_IR_out_reg_31_/Q (DFF_X1)                0.1131     0.1631 f
  DP_i/opcode[5] (DataPath)                             0.0000     0.1631 f
  U857/ZN (INV_X1)                                      0.0656     0.2287 r
  U859/ZN (NAND3_X1)                                    0.0569     0.2855 f
  U826/ZN (NOR2_X1)                                     0.0778     0.3633 r
  DP_i/RF2 (DataPath)                                   0.0000     0.3633 r
  DP_i/U2839/ZN (OR2_X1)                                0.0509     0.4142 r
  DP_i/U2844/ZN (INV_X1)                                0.0279     0.4420 f
  DP_i/U2845/ZN (NAND2_X1)                              0.0413     0.4833 r
  DP_i/U2850/ZN (OAI21_X1)                              0.0439     0.5272 f
  DP_i/U2851/ZN (OAI21_X1)                              0.0530     0.5802 r
  DP_i/U2859/ZN (OR2_X1)                                0.0507     0.6309 r
  DP_i/U2870/ZN (NAND2_X1)                              0.0436     0.6745 f
  DP_i/U2894/ZN (NOR2_X1)                               0.0493     0.7238 r
  DP_i/U2902/ZN (AND2_X1)                               0.0433     0.7671 r
  DP_i/U120/ZN (OR2_X1)                                 0.0355     0.8026 r
  DP_i/U3137/CO (FA_X1)                                 0.0763     0.8789 r
  DP_i/U2910/ZN (AND2_X1)                               0.0500     0.9290 r
  DP_i/U422/ZN (NAND2_X1)                               0.0380     0.9670 f
  DP_i/U804/ZN (NAND2_X1)                               0.0426     1.0096 r
  DP_i/U786/ZN (AND2_X2)                                0.0526     1.0623 r
  DP_i/U2918/ZN (NOR2_X1)                               0.0310     1.0932 f
  DP_i/U115/ZN (NOR2_X1)                                0.0674     1.1606 r
  DP_i/U418/ZN (NAND2_X1)                               0.0397     1.2003 f
  DP_i/U394/ZN (OAI22_X1)                               0.0891     1.2894 r
  DP_i/U2976/ZN (NAND2_X1)                              0.0374     1.3268 f
  DP_i/U2981/ZN (NAND2_X1)                              0.0535     1.3803 r
  DP_i/U809/ZN (AND3_X2)                                0.0693     1.4496 r
  DP_i/U391/ZN (XNOR2_X1)                               0.0495     1.4990 f
  DP_i/U3021/ZN (AOI22_X1)                              0.0742     1.5732 r
  DP_i/U3036/ZN (NOR2_X1)                               0.0328     1.6060 f
  DP_i/U104/ZN (AOI21_X1)                               0.0646     1.6706 r
  DP_i/U3071/ZN (NAND2_X1)                              0.0408     1.7115 f
  DP_i/U419/ZN (XNOR2_X1)                               0.0724     1.7839 f
  DP_i/U420/ZN (NAND2_X1)                               0.0395     1.8234 r
  DP_i/U168/ZN (NAND2_X1)                               0.0305     1.8539 f
  DP_i/U3151/ZN (NAND2_X1)                              0.0321     1.8860 r
  DP_i/U3167/ZN (NAND2_X1)                              0.0347     1.9207 f
  DP_i/U3168/ZN (NOR2_X1)                               0.0681     1.9888 r
  DP_i/U412/ZN (OR2_X1)                                 0.0505     2.0393 r
  DP_i/U147/ZN (NAND4_X1)                               0.0480     2.0873 f
  DP_i/U411/ZN (NAND3_X1)                               0.0466     2.1339 r
  DP_i/U387/ZN (AND2_X2)                                0.0621     2.1960 r
  DP_i/U3236/ZN (NAND2_X1)                              0.0410     2.2369 f
  DP_i/U3239/ZN (NAND3_X1)                              0.0336     2.2705 r
  DP_i/U3240/ZN (AOI22_X1)                              0.0447     2.3152 f
  DP_i/U3241/ZN (AOI22_X1)                              0.0614     2.3766 r
  DP_i/U806/ZN (OAI211_X1)                              0.0465     2.4231 f
  DP_i/U3243/ZN (NOR4_X1)                               0.0988     2.5220 r
  DP_i/U3244/ZN (OAI21_X1)                              0.0393     2.5613 f
  DP_i/U3264/ZN (AND2_X2)                               0.0582     2.6195 f
  DP_i/U114/ZN (NOR3_X4)                                0.1135     2.7331 r
  DP_i/U33/Z (BUF_X4)                                   0.1094     2.8425 r
  DP_i/U3102/ZN (AOI22_X1)                              0.0605     2.9030 f
  DP_i/U3105/ZN (OAI211_X1)                             0.0506     2.9536 r
  DP_i/fetch_i_pc_i_Y_reg_4_/D (DFF_X1)                 0.0110     2.9646 r
  data arrival time                                                2.9646

  clock CLK (rise edge)                                 3.0000     3.0000
  clock network delay (ideal)                           0.0500     3.0500
  clock uncertainty                                    -0.0500     3.0000
  DP_i/fetch_i_pc_i_Y_reg_4_/CK (DFF_X1)                0.0000     3.0000 r
  library setup time                                   -0.0334     2.9666
  data required time                                               2.9666
  --------------------------------------------------------------------------
  data required time                                               2.9666
  data arrival time                                               -2.9646
  --------------------------------------------------------------------------
  slack (MET)                                                      0.0020


  Startpoint: DP_i/fetch_i_IR_out_reg_31_
              (rising edge-triggered flip-flop clocked by CLK)
  Endpoint: DP_i/fetch_i_pc_i_Y_reg_14_
            (rising edge-triggered flip-flop clocked by CLK)
  Path Group: REG2REG
  Path Type: max

  Des/Clust/Port     Wire Load Model       Library
  ------------------------------------------------
  DLX                5K_hvratio_1_4        NangateOpenCellLibrary

  Point                                                   Incr       Path
  --------------------------------------------------------------------------
  clock CLK (rise edge)                                 0.0000     0.0000
  clock network delay (ideal)                           0.0500     0.0500
  DP_i/fetch_i_IR_out_reg_31_/CK (DFF_X1)               0.0000     0.0500 r
  DP_i/fetch_i_IR_out_reg_31_/Q (DFF_X1)                0.1131     0.1631 f
  DP_i/opcode[5] (DataPath)                             0.0000     0.1631 f
  U857/ZN (INV_X1)                                      0.0656     0.2287 r
  U859/ZN (NAND3_X1)                                    0.0569     0.2855 f
  U826/ZN (NOR2_X1)                                     0.0778     0.3633 r
  DP_i/RF2 (DataPath)                                   0.0000     0.3633 r
  DP_i/U2839/ZN (OR2_X1)                                0.0509     0.4142 r
  DP_i/U2844/ZN (INV_X1)                                0.0279     0.4420 f
  DP_i/U2845/ZN (NAND2_X1)                              0.0413     0.4833 r
  DP_i/U2850/ZN (OAI21_X1)                              0.0439     0.5272 f
  DP_i/U2851/ZN (OAI21_X1)                              0.0530     0.5802 r
  DP_i/U2859/ZN (OR2_X1)                                0.0507     0.6309 r
  DP_i/U2870/ZN (NAND2_X1)                              0.0436     0.6745 f
  DP_i/U2894/ZN (NOR2_X1)                               0.0493     0.7238 r
  DP_i/U2902/ZN (AND2_X1)                               0.0433     0.7671 r
  DP_i/U120/ZN (OR2_X1)                                 0.0355     0.8026 r
  DP_i/U3137/CO (FA_X1)                                 0.0763     0.8789 r
  DP_i/U2910/ZN (AND2_X1)                               0.0500     0.9290 r
  DP_i/U422/ZN (NAND2_X1)                               0.0380     0.9670 f
  DP_i/U804/ZN (NAND2_X1)                               0.0426     1.0096 r
  DP_i/U786/ZN (AND2_X2)                                0.0526     1.0623 r
  DP_i/U2918/ZN (NOR2_X1)                               0.0310     1.0932 f
  DP_i/U115/ZN (NOR2_X1)                                0.0674     1.1606 r
  DP_i/U418/ZN (NAND2_X1)                               0.0397     1.2003 f
  DP_i/U394/ZN (OAI22_X1)                               0.0891     1.2894 r
  DP_i/U2976/ZN (NAND2_X1)                              0.0374     1.3268 f
  DP_i/U2981/ZN (NAND2_X1)                              0.0535     1.3803 r
  DP_i/U809/ZN (AND3_X2)                                0.0693     1.4496 r
  DP_i/U391/ZN (XNOR2_X1)                               0.0495     1.4990 f
  DP_i/U3021/ZN (AOI22_X1)                              0.0742     1.5732 r
  DP_i/U3036/ZN (NOR2_X1)                               0.0328     1.6060 f
  DP_i/U104/ZN (AOI21_X1)                               0.0646     1.6706 r
  DP_i/U3071/ZN (NAND2_X1)                              0.0408     1.7115 f
  DP_i/U419/ZN (XNOR2_X1)                               0.0724     1.7839 f
  DP_i/U420/ZN (NAND2_X1)                               0.0395     1.8234 r
  DP_i/U168/ZN (NAND2_X1)                               0.0305     1.8539 f
  DP_i/U3151/ZN (NAND2_X1)                              0.0321     1.8860 r
  DP_i/U3167/ZN (NAND2_X1)                              0.0347     1.9207 f
  DP_i/U3168/ZN (NOR2_X1)                               0.0681     1.9888 r
  DP_i/U412/ZN (OR2_X1)                                 0.0505     2.0393 r
  DP_i/U147/ZN (NAND4_X1)                               0.0480     2.0873 f
  DP_i/U411/ZN (NAND3_X1)                               0.0466     2.1339 r
  DP_i/U387/ZN (AND2_X2)                                0.0621     2.1960 r
  DP_i/U3236/ZN (NAND2_X1)                              0.0410     2.2369 f
  DP_i/U3239/ZN (NAND3_X1)                              0.0336     2.2705 r
  DP_i/U3240/ZN (AOI22_X1)                              0.0447     2.3152 f
  DP_i/U3241/ZN (AOI22_X1)                              0.0614     2.3766 r
  DP_i/U806/ZN (OAI211_X1)                              0.0465     2.4231 f
  DP_i/U3243/ZN (NOR4_X1)                               0.0988     2.5220 r
  DP_i/U3244/ZN (OAI21_X1)                              0.0393     2.5613 f
  DP_i/U3264/ZN (AND2_X2)                               0.0582     2.6195 f
  DP_i/U114/ZN (NOR3_X4)                                0.1135     2.7331 r
  DP_i/U33/Z (BUF_X4)                                   0.1094     2.8425 r
  DP_i/U3052/ZN (AOI22_X1)                              0.0605     2.9030 f
  DP_i/U3055/ZN (OAI211_X1)                             0.0506     2.9536 r
  DP_i/fetch_i_pc_i_Y_reg_14_/D (DFF_X1)                0.0110     2.9646 r
  data arrival time                                                2.9646

  clock CLK (rise edge)                                 3.0000     3.0000
  clock network delay (ideal)                           0.0500     3.0500
  clock uncertainty                                    -0.0500     3.0000
  DP_i/fetch_i_pc_i_Y_reg_14_/CK (DFF_X1)               0.0000     3.0000 r
  library setup time                                   -0.0334     2.9666
  data required time                                               2.9666
  --------------------------------------------------------------------------
  data required time                                               2.9666
  data arrival time                                               -2.9646
  --------------------------------------------------------------------------
  slack (MET)                                                      0.0020


  Startpoint: DP_i/fetch_i_IR_out_reg_23_
              (rising edge-triggered flip-flop clocked by CLK)
  Endpoint: DP_i/fetch_i_btb_i_clk_gate_btb_table_reg_3__TARGET_/latch
            (gating element for clock CLK)
  Path Group: CLK
  Path Type: max

  Des/Clust/Port     Wire Load Model       Library
  ------------------------------------------------
  DLX                5K_hvratio_1_4        NangateOpenCellLibrary

  Point                                                   Incr       Path
  --------------------------------------------------------------------------
  clock CLK (rise edge)                                 0.0000     0.0000
  clock network delay (ideal)                           0.0500     0.0500
  DP_i/fetch_i_IR_out_reg_23_/CK (DFF_X1)               0.0000     0.0500 r
  DP_i/fetch_i_IR_out_reg_23_/Q (DFF_X1)                0.1271     0.1771 f
  DP_i/U1647/ZN (AOI22_X1)                              0.0883     0.2654 r
  DP_i/U1649/ZN (OAI221_X1)                             0.0510     0.3163 f
  DP_i/U23/ZN (NOR3_X1)                                 0.1606     0.4770 r
  DP_i/U145/ZN (INV_X1)                                 0.0448     0.5218 f
  DP_i/U131/ZN (INV_X2)                                 0.1311     0.6529 r
  DP_i/U464/ZN (NOR2_X1)                                0.0619     0.7148 f
  DP_i/U84/ZN (NAND2_X1)                                0.0799     0.7947 r
  DP_i/U68/ZN (NOR2_X1)                                 0.0862     0.8809 f
  DP_i/U58/Z (BUF_X1)                                   0.1232     1.0041 f
  DP_i/U2316/ZN (AOI22_X1)                              0.1023     1.1064 r
  DP_i/U2318/ZN (NAND4_X1)                              0.0489     1.1553 f
  DP_i/U689/ZN (NOR4_X1)                                0.1437     1.2991 r
  DP_i/U2554/ZN (OAI221_X1)                             0.0614     1.3604 f
  DP_i/U2555/ZN (OAI221_X1)                             0.0518     1.4123 r
  DP_i/U211/ZN (AOI21_X1)                               0.0537     1.4659 f
  DP_i/U3769/ZN (OR2_X4)                                0.1304     1.5964 f
  DP_i/U6733/ZN (NOR2_X1)                               0.1037     1.7001 r
  DP_i/rs2_live[3] (DataPath)                           0.0000     1.7001 r
  U1001/ZN (INV_X1)                                     0.0325     1.7326 f
  U831/ZN (AND2_X1)                                     0.0625     1.7951 f
  U1006/ZN (AOI22_X1)                                   0.0832     1.8783 r
  U1007/ZN (OAI21_X1)                                   0.0377     1.9160 f
  U1008/ZN (AOI211_X1)                                  0.0810     1.9970 r
  U1009/ZN (NOR2_X1)                                    0.0278     2.0248 f
  U1017/Z (MUX2_X1)                                     0.0686     2.0934 f
  U1031/ZN (OAI21_X1)                                   0.0587     2.1521 r
  U1032/ZN (AOI221_X1)                                  0.0376     2.1898 f
  U809/ZN (AOI211_X1)                                   0.1260     2.3158 r
  U1060/ZN (INV_X1)                                     0.0349     2.3507 f
  U1130/ZN (AOI21_X1)                                   0.0558     2.4065 r
  DP_i/F_ID_enable (DataPath)                           0.0000     2.4065 r
  DP_i/U4351/ZN (NAND2_X1)                              0.0416     2.4480 f
  DP_i/U4352/ZN (INV_X1)                                0.0310     2.4790 r
  DP_i/fetch_i_btb_i_U835/ZN (NAND3_X1)                 0.0460     2.5251 f
  DP_i/U171/ZN (AOI211_X2)                              0.1513     2.6764 r
  DP_i/U218/ZN (NAND2_X1)                               0.0767     2.7531 f
  DP_i/fetch_i_btb_i_U1204/ZN (INV_X1)                  0.0431     2.7963 r
  DP_i/fetch_i_btb_i_U1205/ZN (AOI21_X1)                0.0360     2.8323 f
  DP_i/fetch_i_btb_i_U1213/ZN (NOR2_X1)                 0.0480     2.8802 r
  DP_i/fetch_i_btb_i_clk_gate_btb_table_reg_3__TARGET_/EN (SNPS_CLOCK_GATE_HIGH_BTB_NBIT32_BTB_DEPTH16_BTB_INDEX_MSB5_26)
                                                        0.0000     2.8802 r
  DP_i/fetch_i_btb_i_clk_gate_btb_table_reg_3__TARGET_/latch/E (CLKGATETST_X1)
                                                        0.0091     2.8893 r
  data arrival time                                                2.8893

  clock CLK (rise edge)                                 3.0000     3.0000
  clock network delay (ideal)                           0.0500     3.0500
  clock uncertainty                                    -0.0500     3.0000
  DP_i/fetch_i_btb_i_clk_gate_btb_table_reg_3__TARGET_/latch/CK (CLKGATETST_X1)
                                                        0.0000     3.0000 r
  clock gating setup time                              -0.0747     2.9253
  data required time                                               2.9253
  --------------------------------------------------------------------------
  data required time                                               2.9253
  data arrival time                                               -2.8893
  --------------------------------------------------------------------------
  slack (MET)                                                      0.0360


  Startpoint: DP_i/fetch_i_IR_out_reg_23_
              (rising edge-triggered flip-flop clocked by CLK)
  Endpoint: DP_i/fetch_i_btb_i_clk_gate_btb_table_reg_1__TARGET_/latch
            (gating element for clock CLK)
  Path Group: CLK
  Path Type: max

  Des/Clust/Port     Wire Load Model       Library
  ------------------------------------------------
  DLX                5K_hvratio_1_4        NangateOpenCellLibrary

  Point                                                   Incr       Path
  --------------------------------------------------------------------------
  clock CLK (rise edge)                                 0.0000     0.0000
  clock network delay (ideal)                           0.0500     0.0500
  DP_i/fetch_i_IR_out_reg_23_/CK (DFF_X1)               0.0000     0.0500 r
  DP_i/fetch_i_IR_out_reg_23_/Q (DFF_X1)                0.1271     0.1771 f
  DP_i/U1647/ZN (AOI22_X1)                              0.0883     0.2654 r
  DP_i/U1649/ZN (OAI221_X1)                             0.0510     0.3163 f
  DP_i/U23/ZN (NOR3_X1)                                 0.1606     0.4770 r
  DP_i/U145/ZN (INV_X1)                                 0.0448     0.5218 f
  DP_i/U131/ZN (INV_X2)                                 0.1311     0.6529 r
  DP_i/U464/ZN (NOR2_X1)                                0.0619     0.7148 f
  DP_i/U84/ZN (NAND2_X1)                                0.0799     0.7947 r
  DP_i/U68/ZN (NOR2_X1)                                 0.0862     0.8809 f
  DP_i/U58/Z (BUF_X1)                                   0.1232     1.0041 f
  DP_i/U2316/ZN (AOI22_X1)                              0.1023     1.1064 r
  DP_i/U2318/ZN (NAND4_X1)                              0.0489     1.1553 f
  DP_i/U689/ZN (NOR4_X1)                                0.1437     1.2991 r
  DP_i/U2554/ZN (OAI221_X1)                             0.0614     1.3604 f
  DP_i/U2555/ZN (OAI221_X1)                             0.0518     1.4123 r
  DP_i/U211/ZN (AOI21_X1)                               0.0537     1.4659 f
  DP_i/U3769/ZN (OR2_X4)                                0.1304     1.5964 f
  DP_i/U6733/ZN (NOR2_X1)                               0.1037     1.7001 r
  DP_i/rs2_live[3] (DataPath)                           0.0000     1.7001 r
  U1001/ZN (INV_X1)                                     0.0325     1.7326 f
  U831/ZN (AND2_X1)                                     0.0625     1.7951 f
  U1006/ZN (AOI22_X1)                                   0.0832     1.8783 r
  U1007/ZN (OAI21_X1)                                   0.0377     1.9160 f
  U1008/ZN (AOI211_X1)                                  0.0810     1.9970 r
  U1009/ZN (NOR2_X1)                                    0.0278     2.0248 f
  U1017/Z (MUX2_X1)                                     0.0686     2.0934 f
  U1031/ZN (OAI21_X1)                                   0.0587     2.1521 r
  U1032/ZN (AOI221_X1)                                  0.0376     2.1898 f
  U809/ZN (AOI211_X1)                                   0.1260     2.3158 r
  U1060/ZN (INV_X1)                                     0.0349     2.3507 f
  U1130/ZN (AOI21_X1)                                   0.0558     2.4065 r
  DP_i/F_ID_enable (DataPath)                           0.0000     2.4065 r
  DP_i/U4351/ZN (NAND2_X1)                              0.0416     2.4480 f
  DP_i/U4352/ZN (INV_X1)                                0.0310     2.4790 r
  DP_i/fetch_i_btb_i_U835/ZN (NAND3_X1)                 0.0460     2.5251 f
  DP_i/U171/ZN (AOI211_X2)                              0.1513     2.6764 r
  DP_i/U218/ZN (NAND2_X1)                               0.0767     2.7531 f
  DP_i/fetch_i_btb_i_U1204/ZN (INV_X1)                  0.0431     2.7963 r
  DP_i/fetch_i_btb_i_U1205/ZN (AOI21_X1)                0.0360     2.8323 f
  DP_i/fetch_i_btb_i_U1208/ZN (NOR2_X1)                 0.0480     2.8802 r
  DP_i/fetch_i_btb_i_clk_gate_btb_table_reg_1__TARGET_/EN (SNPS_CLOCK_GATE_HIGH_BTB_NBIT32_BTB_DEPTH16_BTB_INDEX_MSB5_30)
                                                        0.0000     2.8802 r
  DP_i/fetch_i_btb_i_clk_gate_btb_table_reg_1__TARGET_/latch/E (CLKGATETST_X1)
                                                        0.0091     2.8893 r
  data arrival time                                                2.8893

  clock CLK (rise edge)                                 3.0000     3.0000
  clock network delay (ideal)                           0.0500     3.0500
  clock uncertainty                                    -0.0500     3.0000
  DP_i/fetch_i_btb_i_clk_gate_btb_table_reg_1__TARGET_/latch/CK (CLKGATETST_X1)
                                                        0.0000     3.0000 r
  clock gating setup time                              -0.0747     2.9253
  data required time                                               2.9253
  --------------------------------------------------------------------------
  data required time                                               2.9253
  data arrival time                                               -2.8893
  --------------------------------------------------------------------------
  slack (MET)                                                      0.0360


  Startpoint: DP_i/fetch_i_IR_out_reg_23_
              (rising edge-triggered flip-flop clocked by CLK)
  Endpoint: DP_i/fetch_i_btb_i_clk_gate_btb_table_reg_3__TARGET_/latch
            (gating element for clock CLK)
  Path Group: CLK
  Path Type: max

  Des/Clust/Port     Wire Load Model       Library
  ------------------------------------------------
  DLX                5K_hvratio_1_4        NangateOpenCellLibrary

  Point                                                   Incr       Path
  --------------------------------------------------------------------------
  clock CLK (rise edge)                                 0.0000     0.0000
  clock network delay (ideal)                           0.0500     0.0500
  DP_i/fetch_i_IR_out_reg_23_/CK (DFF_X1)               0.0000     0.0500 r
  DP_i/fetch_i_IR_out_reg_23_/Q (DFF_X1)                0.1271     0.1771 f
  DP_i/U1647/ZN (AOI22_X1)                              0.0883     0.2654 r
  DP_i/U1649/ZN (OAI221_X1)                             0.0510     0.3163 f
  DP_i/U23/ZN (NOR3_X1)                                 0.1606     0.4770 r
  DP_i/U145/ZN (INV_X1)                                 0.0448     0.5218 f
  DP_i/U131/ZN (INV_X2)                                 0.1311     0.6529 r
  DP_i/U464/ZN (NOR2_X1)                                0.0619     0.7148 f
  DP_i/U84/ZN (NAND2_X1)                                0.0799     0.7947 r
  DP_i/U68/ZN (NOR2_X1)                                 0.0862     0.8809 f
  DP_i/U58/Z (BUF_X1)                                   0.1232     1.0041 f
  DP_i/U2316/ZN (AOI22_X1)                              0.1023     1.1064 r
  DP_i/U2318/ZN (NAND4_X1)                              0.0489     1.1553 f
  DP_i/U689/ZN (NOR4_X1)                                0.1437     1.2991 r
  DP_i/U2554/ZN (OAI221_X1)                             0.0614     1.3604 f
  DP_i/U2555/ZN (OAI221_X1)                             0.0518     1.4123 r
  DP_i/U211/ZN (AOI21_X1)                               0.0537     1.4659 f
  DP_i/U3769/ZN (OR2_X4)                                0.1304     1.5964 f
  DP_i/U6733/ZN (NOR2_X1)                               0.1037     1.7001 r
  DP_i/rs2_live[3] (DataPath)                           0.0000     1.7001 r
  U1001/ZN (INV_X1)                                     0.0325     1.7326 f
  U831/ZN (AND2_X1)                                     0.0625     1.7951 f
  U1006/ZN (AOI22_X1)                                   0.0832     1.8783 r
  U1007/ZN (OAI21_X1)                                   0.0377     1.9160 f
  U1008/ZN (AOI211_X1)                                  0.0810     1.9970 r
  U1009/ZN (NOR2_X1)                                    0.0278     2.0248 f
  U1017/Z (MUX2_X1)                                     0.0686     2.0934 f
  U1031/ZN (OAI21_X1)                                   0.0587     2.1521 r
  U1032/ZN (AOI221_X1)                                  0.0376     2.1898 f
  U809/ZN (AOI211_X1)                                   0.1260     2.3158 r
  U1060/ZN (INV_X1)                                     0.0349     2.3507 f
  U1130/ZN (AOI21_X1)                                   0.0558     2.4065 r
  DP_i/F_ID_enable (DataPath)                           0.0000     2.4065 r
  DP_i/U4351/ZN (NAND2_X1)                              0.0416     2.4480 f
  DP_i/U4352/ZN (INV_X1)                                0.0310     2.4790 r
  DP_i/fetch_i_btb_i_U835/ZN (NAND3_X1)                 0.0460     2.5251 f
  DP_i/U171/ZN (AOI211_X2)                              0.1513     2.6764 r
  DP_i/U218/ZN (NAND2_X1)                               0.0767     2.7531 f
  DP_i/fetch_i_btb_i_U1204/ZN (INV_X1)                  0.0431     2.7963 r
  DP_i/fetch_i_btb_i_U1205/ZN (AOI21_X1)                0.0360     2.8323 f
  DP_i/fetch_i_btb_i_U1213/ZN (NOR2_X1)                 0.0480     2.8802 r
  DP_i/fetch_i_btb_i_clk_gate_btb_table_reg_3__TARGET_/EN (SNPS_CLOCK_GATE_HIGH_BTB_NBIT32_BTB_DEPTH16_BTB_INDEX_MSB5_26)
                                                        0.0000     2.8802 r
  DP_i/fetch_i_btb_i_clk_gate_btb_table_reg_3__TARGET_/latch/E (CLKGATETST_X1)
                                                        0.0091     2.8893 r
  data arrival time                                                2.8893

  clock CLK (rise edge)                                 3.0000     3.0000
  clock network delay (ideal)                           0.0500     3.0500
  clock uncertainty                                    -0.0500     3.0000
  DP_i/fetch_i_btb_i_clk_gate_btb_table_reg_3__TARGET_/latch/CK (CLKGATETST_X1)
                                                        0.0000     3.0000 r
  clock gating setup time                              -0.0747     2.9253
  data required time                                               2.9253
  --------------------------------------------------------------------------
  data required time                                               2.9253
  data arrival time                                               -2.8893
  --------------------------------------------------------------------------
  slack (MET)                                                      0.0360


  Startpoint: DP_i/fetch_i_IR_out_reg_23_
              (rising edge-triggered flip-flop clocked by CLK)
  Endpoint: DP_i/fetch_i_btb_i_clk_gate_btb_table_reg_1__TARGET_/latch
            (gating element for clock CLK)
  Path Group: CLK
  Path Type: max

  Des/Clust/Port     Wire Load Model       Library
  ------------------------------------------------
  DLX                5K_hvratio_1_4        NangateOpenCellLibrary

  Point                                                   Incr       Path
  --------------------------------------------------------------------------
  clock CLK (rise edge)                                 0.0000     0.0000
  clock network delay (ideal)                           0.0500     0.0500
  DP_i/fetch_i_IR_out_reg_23_/CK (DFF_X1)               0.0000     0.0500 r
  DP_i/fetch_i_IR_out_reg_23_/Q (DFF_X1)                0.1271     0.1771 f
  DP_i/U1647/ZN (AOI22_X1)                              0.0883     0.2654 r
  DP_i/U1649/ZN (OAI221_X1)                             0.0510     0.3163 f
  DP_i/U23/ZN (NOR3_X1)                                 0.1606     0.4770 r
  DP_i/U145/ZN (INV_X1)                                 0.0448     0.5218 f
  DP_i/U131/ZN (INV_X2)                                 0.1311     0.6529 r
  DP_i/U464/ZN (NOR2_X1)                                0.0619     0.7148 f
  DP_i/U84/ZN (NAND2_X1)                                0.0799     0.7947 r
  DP_i/U68/ZN (NOR2_X1)                                 0.0862     0.8809 f
  DP_i/U58/Z (BUF_X1)                                   0.1232     1.0041 f
  DP_i/U2316/ZN (AOI22_X1)                              0.1023     1.1064 r
  DP_i/U2318/ZN (NAND4_X1)                              0.0489     1.1553 f
  DP_i/U689/ZN (NOR4_X1)                                0.1437     1.2991 r
  DP_i/U2554/ZN (OAI221_X1)                             0.0614     1.3604 f
  DP_i/U2555/ZN (OAI221_X1)                             0.0518     1.4123 r
  DP_i/U211/ZN (AOI21_X1)                               0.0537     1.4659 f
  DP_i/U3769/ZN (OR2_X4)                                0.1304     1.5964 f
  DP_i/U6733/ZN (NOR2_X1)                               0.1037     1.7001 r
  DP_i/rs2_live[3] (DataPath)                           0.0000     1.7001 r
  U1001/ZN (INV_X1)                                     0.0325     1.7326 f
  U831/ZN (AND2_X1)                                     0.0625     1.7951 f
  U1006/ZN (AOI22_X1)                                   0.0832     1.8783 r
  U1007/ZN (OAI21_X1)                                   0.0377     1.9160 f
  U1008/ZN (AOI211_X1)                                  0.0810     1.9970 r
  U1009/ZN (NOR2_X1)                                    0.0278     2.0248 f
  U1017/Z (MUX2_X1)                                     0.0686     2.0934 f
  U1031/ZN (OAI21_X1)                                   0.0587     2.1521 r
  U1032/ZN (AOI221_X1)                                  0.0376     2.1898 f
  U809/ZN (AOI211_X1)                                   0.1260     2.3158 r
  U1060/ZN (INV_X1)                                     0.0349     2.3507 f
  U1130/ZN (AOI21_X1)                                   0.0558     2.4065 r
  DP_i/F_ID_enable (DataPath)                           0.0000     2.4065 r
  DP_i/U4351/ZN (NAND2_X1)                              0.0416     2.4480 f
  DP_i/U4352/ZN (INV_X1)                                0.0310     2.4790 r
  DP_i/fetch_i_btb_i_U835/ZN (NAND3_X1)                 0.0460     2.5251 f
  DP_i/U171/ZN (AOI211_X2)                              0.1513     2.6764 r
  DP_i/U218/ZN (NAND2_X1)                               0.0767     2.7531 f
  DP_i/fetch_i_btb_i_U1204/ZN (INV_X1)                  0.0431     2.7963 r
  DP_i/fetch_i_btb_i_U1205/ZN (AOI21_X1)                0.0360     2.8323 f
  DP_i/fetch_i_btb_i_U1208/ZN (NOR2_X1)                 0.0480     2.8802 r
  DP_i/fetch_i_btb_i_clk_gate_btb_table_reg_1__TARGET_/EN (SNPS_CLOCK_GATE_HIGH_BTB_NBIT32_BTB_DEPTH16_BTB_INDEX_MSB5_30)
                                                        0.0000     2.8802 r
  DP_i/fetch_i_btb_i_clk_gate_btb_table_reg_1__TARGET_/latch/E (CLKGATETST_X1)
                                                        0.0091     2.8893 r
  data arrival time                                                2.8893

  clock CLK (rise edge)                                 3.0000     3.0000
  clock network delay (ideal)                           0.0500     3.0500
  clock uncertainty                                    -0.0500     3.0000
  DP_i/fetch_i_btb_i_clk_gate_btb_table_reg_1__TARGET_/latch/CK (CLKGATETST_X1)
                                                        0.0000     3.0000 r
  clock gating setup time                              -0.0747     2.9253
  data required time                                               2.9253
  --------------------------------------------------------------------------
  data required time                                               2.9253
  data arrival time                                               -2.8893
  --------------------------------------------------------------------------
  slack (MET)                                                      0.0360


  Startpoint: DP_i/fetch_i_IR_out_reg_23_
              (rising edge-triggered flip-flop clocked by CLK)
  Endpoint: DP_i/fetch_i_btb_i_clk_gate_btb_table_reg_2__TARGET_/latch
            (gating element for clock CLK)
  Path Group: CLK
  Path Type: max

  Des/Clust/Port     Wire Load Model       Library
  ------------------------------------------------
  DLX                5K_hvratio_1_4        NangateOpenCellLibrary

  Point                                                   Incr       Path
  --------------------------------------------------------------------------
  clock CLK (rise edge)                                 0.0000     0.0000
  clock network delay (ideal)                           0.0500     0.0500
  DP_i/fetch_i_IR_out_reg_23_/CK (DFF_X1)               0.0000     0.0500 r
  DP_i/fetch_i_IR_out_reg_23_/Q (DFF_X1)                0.1271     0.1771 f
  DP_i/U1647/ZN (AOI22_X1)                              0.0883     0.2654 r
  DP_i/U1649/ZN (OAI221_X1)                             0.0510     0.3163 f
  DP_i/U23/ZN (NOR3_X1)                                 0.1606     0.4770 r
  DP_i/U145/ZN (INV_X1)                                 0.0448     0.5218 f
  DP_i/U131/ZN (INV_X2)                                 0.1311     0.6529 r
  DP_i/U464/ZN (NOR2_X1)                                0.0619     0.7148 f
  DP_i/U84/ZN (NAND2_X1)                                0.0799     0.7947 r
  DP_i/U68/ZN (NOR2_X1)                                 0.0862     0.8809 f
  DP_i/U58/Z (BUF_X1)                                   0.1232     1.0041 f
  DP_i/U2316/ZN (AOI22_X1)                              0.1023     1.1064 r
  DP_i/U2318/ZN (NAND4_X1)                              0.0489     1.1553 f
  DP_i/U689/ZN (NOR4_X1)                                0.1437     1.2991 r
  DP_i/U2554/ZN (OAI221_X1)                             0.0614     1.3604 f
  DP_i/U2555/ZN (OAI221_X1)                             0.0518     1.4123 r
  DP_i/U211/ZN (AOI21_X1)                               0.0537     1.4659 f
  DP_i/U3769/ZN (OR2_X4)                                0.1304     1.5964 f
  DP_i/U6733/ZN (NOR2_X1)                               0.1037     1.7001 r
  DP_i/rs2_live[3] (DataPath)                           0.0000     1.7001 r
  U1001/ZN (INV_X1)                                     0.0325     1.7326 f
  U831/ZN (AND2_X1)                                     0.0625     1.7951 f
  U1006/ZN (AOI22_X1)                                   0.0832     1.8783 r
  U1007/ZN (OAI21_X1)                                   0.0377     1.9160 f
  U1008/ZN (AOI211_X1)                                  0.0810     1.9970 r
  U1009/ZN (NOR2_X1)                                    0.0278     2.0248 f
  U1017/Z (MUX2_X1)                                     0.0686     2.0934 f
  U1031/ZN (OAI21_X1)                                   0.0587     2.1521 r
  U1032/ZN (AOI221_X1)                                  0.0376     2.1898 f
  U809/ZN (AOI211_X1)                                   0.1260     2.3158 r
  U1060/ZN (INV_X1)                                     0.0349     2.3507 f
  U1130/ZN (AOI21_X1)                                   0.0558     2.4065 r
  DP_i/F_ID_enable (DataPath)                           0.0000     2.4065 r
  DP_i/U4351/ZN (NAND2_X1)                              0.0416     2.4480 f
  DP_i/U4352/ZN (INV_X1)                                0.0310     2.4790 r
  DP_i/fetch_i_btb_i_U835/ZN (NAND3_X1)                 0.0460     2.5251 f
  DP_i/U171/ZN (AOI211_X2)                              0.1513     2.6764 r
  DP_i/U218/ZN (NAND2_X1)                               0.0767     2.7531 f
  DP_i/fetch_i_btb_i_U1204/ZN (INV_X1)                  0.0431     2.7963 r
  DP_i/fetch_i_btb_i_U1205/ZN (AOI21_X1)                0.0360     2.8323 f
  DP_i/fetch_i_btb_i_U1211/ZN (NOR2_X1)                 0.0480     2.8802 r
  DP_i/fetch_i_btb_i_clk_gate_btb_table_reg_2__TARGET_/EN (SNPS_CLOCK_GATE_HIGH_BTB_NBIT32_BTB_DEPTH16_BTB_INDEX_MSB5_28)
                                                        0.0000     2.8802 r
  DP_i/fetch_i_btb_i_clk_gate_btb_table_reg_2__TARGET_/latch/E (CLKGATETST_X1)
                                                        0.0091     2.8893 r
  data arrival time                                                2.8893

  clock CLK (rise edge)                                 3.0000     3.0000
  clock network delay (ideal)                           0.0500     3.0500
  clock uncertainty                                    -0.0500     3.0000
  DP_i/fetch_i_btb_i_clk_gate_btb_table_reg_2__TARGET_/latch/CK (CLKGATETST_X1)
                                                        0.0000     3.0000 r
  clock gating setup time                              -0.0742     2.9258
  data required time                                               2.9258
  --------------------------------------------------------------------------
  data required time                                               2.9258
  data arrival time                                               -2.8893
  --------------------------------------------------------------------------
  slack (MET)                                                      0.0365


  Startpoint: DP_i/fetch_i_IR_out_reg_23_
              (rising edge-triggered flip-flop clocked by CLK)
  Endpoint: DP_i/fetch_i_btb_i_clk_gate_btb_table_reg_0__TARGET_/latch
            (gating element for clock CLK)
  Path Group: CLK
  Path Type: max

  Des/Clust/Port     Wire Load Model       Library
  ------------------------------------------------
  DLX                5K_hvratio_1_4        NangateOpenCellLibrary

  Point                                                   Incr       Path
  --------------------------------------------------------------------------
  clock CLK (rise edge)                                 0.0000     0.0000
  clock network delay (ideal)                           0.0500     0.0500
  DP_i/fetch_i_IR_out_reg_23_/CK (DFF_X1)               0.0000     0.0500 r
  DP_i/fetch_i_IR_out_reg_23_/Q (DFF_X1)                0.1271     0.1771 f
  DP_i/U1647/ZN (AOI22_X1)                              0.0883     0.2654 r
  DP_i/U1649/ZN (OAI221_X1)                             0.0510     0.3163 f
  DP_i/U23/ZN (NOR3_X1)                                 0.1606     0.4770 r
  DP_i/U145/ZN (INV_X1)                                 0.0448     0.5218 f
  DP_i/U131/ZN (INV_X2)                                 0.1311     0.6529 r
  DP_i/U464/ZN (NOR2_X1)                                0.0619     0.7148 f
  DP_i/U84/ZN (NAND2_X1)                                0.0799     0.7947 r
  DP_i/U68/ZN (NOR2_X1)                                 0.0862     0.8809 f
  DP_i/U58/Z (BUF_X1)                                   0.1232     1.0041 f
  DP_i/U2316/ZN (AOI22_X1)                              0.1023     1.1064 r
  DP_i/U2318/ZN (NAND4_X1)                              0.0489     1.1553 f
  DP_i/U689/ZN (NOR4_X1)                                0.1437     1.2991 r
  DP_i/U2554/ZN (OAI221_X1)                             0.0614     1.3604 f
  DP_i/U2555/ZN (OAI221_X1)                             0.0518     1.4123 r
  DP_i/U211/ZN (AOI21_X1)                               0.0537     1.4659 f
  DP_i/U3769/ZN (OR2_X4)                                0.1304     1.5964 f
  DP_i/U6733/ZN (NOR2_X1)                               0.1037     1.7001 r
  DP_i/rs2_live[3] (DataPath)                           0.0000     1.7001 r
  U1001/ZN (INV_X1)                                     0.0325     1.7326 f
  U831/ZN (AND2_X1)                                     0.0625     1.7951 f
  U1006/ZN (AOI22_X1)                                   0.0832     1.8783 r
  U1007/ZN (OAI21_X1)                                   0.0377     1.9160 f
  U1008/ZN (AOI211_X1)                                  0.0810     1.9970 r
  U1009/ZN (NOR2_X1)                                    0.0278     2.0248 f
  U1017/Z (MUX2_X1)                                     0.0686     2.0934 f
  U1031/ZN (OAI21_X1)                                   0.0587     2.1521 r
  U1032/ZN (AOI221_X1)                                  0.0376     2.1898 f
  U809/ZN (AOI211_X1)                                   0.1260     2.3158 r
  U1060/ZN (INV_X1)                                     0.0349     2.3507 f
  U1130/ZN (AOI21_X1)                                   0.0558     2.4065 r
  DP_i/F_ID_enable (DataPath)                           0.0000     2.4065 r
  DP_i/U4351/ZN (NAND2_X1)                              0.0416     2.4480 f
  DP_i/U4352/ZN (INV_X1)                                0.0310     2.4790 r
  DP_i/fetch_i_btb_i_U835/ZN (NAND3_X1)                 0.0460     2.5251 f
  DP_i/U171/ZN (AOI211_X2)                              0.1513     2.6764 r
  DP_i/U218/ZN (NAND2_X1)                               0.0767     2.7531 f
  DP_i/fetch_i_btb_i_U1204/ZN (INV_X1)                  0.0431     2.7963 r
  DP_i/fetch_i_btb_i_U1205/ZN (AOI21_X1)                0.0360     2.8323 f
  DP_i/fetch_i_btb_i_U1206/ZN (NOR2_X1)                 0.0480     2.8802 r
  DP_i/fetch_i_btb_i_clk_gate_btb_table_reg_0__TARGET_/EN (SNPS_CLOCK_GATE_HIGH_BTB_NBIT32_BTB_DEPTH16_BTB_INDEX_MSB5_32)
                                                        0.0000     2.8802 r
  DP_i/fetch_i_btb_i_clk_gate_btb_table_reg_0__TARGET_/latch/E (CLKGATETST_X1)
                                                        0.0091     2.8893 r
  data arrival time                                                2.8893

  clock CLK (rise edge)                                 3.0000     3.0000
  clock network delay (ideal)                           0.0500     3.0500
  clock uncertainty                                    -0.0500     3.0000
  DP_i/fetch_i_btb_i_clk_gate_btb_table_reg_0__TARGET_/latch/CK (CLKGATETST_X1)
                                                        0.0000     3.0000 r
  clock gating setup time                              -0.0742     2.9258
  data required time                                               2.9258
  --------------------------------------------------------------------------
  data required time                                               2.9258
  data arrival time                                               -2.8893
  --------------------------------------------------------------------------
  slack (MET)                                                      0.0365


  Startpoint: DP_i/fetch_i_IR_out_reg_23_
              (rising edge-triggered flip-flop clocked by CLK)
  Endpoint: DP_i/fetch_i_btb_i_clk_gate_btb_table_reg_2__TARGET_/latch
            (gating element for clock CLK)
  Path Group: CLK
  Path Type: max

  Des/Clust/Port     Wire Load Model       Library
  ------------------------------------------------
  DLX                5K_hvratio_1_4        NangateOpenCellLibrary

  Point                                                   Incr       Path
  --------------------------------------------------------------------------
  clock CLK (rise edge)                                 0.0000     0.0000
  clock network delay (ideal)                           0.0500     0.0500
  DP_i/fetch_i_IR_out_reg_23_/CK (DFF_X1)               0.0000     0.0500 r
  DP_i/fetch_i_IR_out_reg_23_/Q (DFF_X1)                0.1271     0.1771 f
  DP_i/U1647/ZN (AOI22_X1)                              0.0883     0.2654 r
  DP_i/U1649/ZN (OAI221_X1)                             0.0510     0.3163 f
  DP_i/U23/ZN (NOR3_X1)                                 0.1606     0.4770 r
  DP_i/U145/ZN (INV_X1)                                 0.0448     0.5218 f
  DP_i/U131/ZN (INV_X2)                                 0.1311     0.6529 r
  DP_i/U464/ZN (NOR2_X1)                                0.0619     0.7148 f
  DP_i/U84/ZN (NAND2_X1)                                0.0799     0.7947 r
  DP_i/U68/ZN (NOR2_X1)                                 0.0862     0.8809 f
  DP_i/U58/Z (BUF_X1)                                   0.1232     1.0041 f
  DP_i/U2316/ZN (AOI22_X1)                              0.1023     1.1064 r
  DP_i/U2318/ZN (NAND4_X1)                              0.0489     1.1553 f
  DP_i/U689/ZN (NOR4_X1)                                0.1437     1.2991 r
  DP_i/U2554/ZN (OAI221_X1)                             0.0614     1.3604 f
  DP_i/U2555/ZN (OAI221_X1)                             0.0518     1.4123 r
  DP_i/U211/ZN (AOI21_X1)                               0.0537     1.4659 f
  DP_i/U3769/ZN (OR2_X4)                                0.1304     1.5964 f
  DP_i/U6733/ZN (NOR2_X1)                               0.1037     1.7001 r
  DP_i/rs2_live[3] (DataPath)                           0.0000     1.7001 r
  U1001/ZN (INV_X1)                                     0.0325     1.7326 f
  U831/ZN (AND2_X1)                                     0.0625     1.7951 f
  U1006/ZN (AOI22_X1)                                   0.0832     1.8783 r
  U1007/ZN (OAI21_X1)                                   0.0377     1.9160 f
  U1008/ZN (AOI211_X1)                                  0.0810     1.9970 r
  U1009/ZN (NOR2_X1)                                    0.0278     2.0248 f
  U1017/Z (MUX2_X1)                                     0.0686     2.0934 f
  U1031/ZN (OAI21_X1)                                   0.0587     2.1521 r
  U1032/ZN (AOI221_X1)                                  0.0376     2.1898 f
  U809/ZN (AOI211_X1)                                   0.1260     2.3158 r
  U1060/ZN (INV_X1)                                     0.0349     2.3507 f
  U1130/ZN (AOI21_X1)                                   0.0558     2.4065 r
  DP_i/F_ID_enable (DataPath)                           0.0000     2.4065 r
  DP_i/U4351/ZN (NAND2_X1)                              0.0416     2.4480 f
  DP_i/U4352/ZN (INV_X1)                                0.0310     2.4790 r
  DP_i/fetch_i_btb_i_U835/ZN (NAND3_X1)                 0.0460     2.5251 f
  DP_i/U171/ZN (AOI211_X2)                              0.1513     2.6764 r
  DP_i/U218/ZN (NAND2_X1)                               0.0767     2.7531 f
  DP_i/fetch_i_btb_i_U1204/ZN (INV_X1)                  0.0431     2.7963 r
  DP_i/fetch_i_btb_i_U1205/ZN (AOI21_X1)                0.0360     2.8323 f
  DP_i/fetch_i_btb_i_U1211/ZN (NOR2_X1)                 0.0480     2.8802 r
  DP_i/fetch_i_btb_i_clk_gate_btb_table_reg_2__TARGET_/EN (SNPS_CLOCK_GATE_HIGH_BTB_NBIT32_BTB_DEPTH16_BTB_INDEX_MSB5_28)
                                                        0.0000     2.8802 r
  DP_i/fetch_i_btb_i_clk_gate_btb_table_reg_2__TARGET_/latch/E (CLKGATETST_X1)
                                                        0.0091     2.8893 r
  data arrival time                                                2.8893

  clock CLK (rise edge)                                 3.0000     3.0000
  clock network delay (ideal)                           0.0500     3.0500
  clock uncertainty                                    -0.0500     3.0000
  DP_i/fetch_i_btb_i_clk_gate_btb_table_reg_2__TARGET_/latch/CK (CLKGATETST_X1)
                                                        0.0000     3.0000 r
  clock gating setup time                              -0.0742     2.9258
  data required time                                               2.9258
  --------------------------------------------------------------------------
  data required time                                               2.9258
  data arrival time                                               -2.8893
  --------------------------------------------------------------------------
  slack (MET)                                                      0.0365


  Startpoint: DP_i/fetch_i_IR_out_reg_23_
              (rising edge-triggered flip-flop clocked by CLK)
  Endpoint: DP_i/fetch_i_btb_i_clk_gate_btb_table_reg_0__TARGET_/latch
            (gating element for clock CLK)
  Path Group: CLK
  Path Type: max

  Des/Clust/Port     Wire Load Model       Library
  ------------------------------------------------
  DLX                5K_hvratio_1_4        NangateOpenCellLibrary

  Point                                                   Incr       Path
  --------------------------------------------------------------------------
  clock CLK (rise edge)                                 0.0000     0.0000
  clock network delay (ideal)                           0.0500     0.0500
  DP_i/fetch_i_IR_out_reg_23_/CK (DFF_X1)               0.0000     0.0500 r
  DP_i/fetch_i_IR_out_reg_23_/Q (DFF_X1)                0.1271     0.1771 f
  DP_i/U1647/ZN (AOI22_X1)                              0.0883     0.2654 r
  DP_i/U1649/ZN (OAI221_X1)                             0.0510     0.3163 f
  DP_i/U23/ZN (NOR3_X1)                                 0.1606     0.4770 r
  DP_i/U145/ZN (INV_X1)                                 0.0448     0.5218 f
  DP_i/U131/ZN (INV_X2)                                 0.1311     0.6529 r
  DP_i/U464/ZN (NOR2_X1)                                0.0619     0.7148 f
  DP_i/U84/ZN (NAND2_X1)                                0.0799     0.7947 r
  DP_i/U68/ZN (NOR2_X1)                                 0.0862     0.8809 f
  DP_i/U58/Z (BUF_X1)                                   0.1232     1.0041 f
  DP_i/U2316/ZN (AOI22_X1)                              0.1023     1.1064 r
  DP_i/U2318/ZN (NAND4_X1)                              0.0489     1.1553 f
  DP_i/U689/ZN (NOR4_X1)                                0.1437     1.2991 r
  DP_i/U2554/ZN (OAI221_X1)                             0.0614     1.3604 f
  DP_i/U2555/ZN (OAI221_X1)                             0.0518     1.4123 r
  DP_i/U211/ZN (AOI21_X1)                               0.0537     1.4659 f
  DP_i/U3769/ZN (OR2_X4)                                0.1304     1.5964 f
  DP_i/U6733/ZN (NOR2_X1)                               0.1037     1.7001 r
  DP_i/rs2_live[3] (DataPath)                           0.0000     1.7001 r
  U1001/ZN (INV_X1)                                     0.0325     1.7326 f
  U831/ZN (AND2_X1)                                     0.0625     1.7951 f
  U1006/ZN (AOI22_X1)                                   0.0832     1.8783 r
  U1007/ZN (OAI21_X1)                                   0.0377     1.9160 f
  U1008/ZN (AOI211_X1)                                  0.0810     1.9970 r
  U1009/ZN (NOR2_X1)                                    0.0278     2.0248 f
  U1017/Z (MUX2_X1)                                     0.0686     2.0934 f
  U1031/ZN (OAI21_X1)                                   0.0587     2.1521 r
  U1032/ZN (AOI221_X1)                                  0.0376     2.1898 f
  U809/ZN (AOI211_X1)                                   0.1260     2.3158 r
  U1060/ZN (INV_X1)                                     0.0349     2.3507 f
  U1130/ZN (AOI21_X1)                                   0.0558     2.4065 r
  DP_i/F_ID_enable (DataPath)                           0.0000     2.4065 r
  DP_i/U4351/ZN (NAND2_X1)                              0.0416     2.4480 f
  DP_i/U4352/ZN (INV_X1)                                0.0310     2.4790 r
  DP_i/fetch_i_btb_i_U835/ZN (NAND3_X1)                 0.0460     2.5251 f
  DP_i/U171/ZN (AOI211_X2)                              0.1513     2.6764 r
  DP_i/U218/ZN (NAND2_X1)                               0.0767     2.7531 f
  DP_i/fetch_i_btb_i_U1204/ZN (INV_X1)                  0.0431     2.7963 r
  DP_i/fetch_i_btb_i_U1205/ZN (AOI21_X1)                0.0360     2.8323 f
  DP_i/fetch_i_btb_i_U1206/ZN (NOR2_X1)                 0.0480     2.8802 r
  DP_i/fetch_i_btb_i_clk_gate_btb_table_reg_0__TARGET_/EN (SNPS_CLOCK_GATE_HIGH_BTB_NBIT32_BTB_DEPTH16_BTB_INDEX_MSB5_32)
                                                        0.0000     2.8802 r
  DP_i/fetch_i_btb_i_clk_gate_btb_table_reg_0__TARGET_/latch/E (CLKGATETST_X1)
                                                        0.0091     2.8893 r
  data arrival time                                                2.8893

  clock CLK (rise edge)                                 3.0000     3.0000
  clock network delay (ideal)                           0.0500     3.0500
  clock uncertainty                                    -0.0500     3.0000
  DP_i/fetch_i_btb_i_clk_gate_btb_table_reg_0__TARGET_/latch/CK (CLKGATETST_X1)
                                                        0.0000     3.0000 r
  clock gating setup time                              -0.0742     2.9258
  data required time                                               2.9258
  --------------------------------------------------------------------------
  data required time                                               2.9258
  data arrival time                                               -2.8893
  --------------------------------------------------------------------------
  slack (MET)                                                      0.0365


  Startpoint: DP_i/fetch_i_IR_out_reg_23_
              (rising edge-triggered flip-flop clocked by CLK)
  Endpoint: DP_i/fetch_i_btb_i_clk_gate_btb_table_reg_3__PC_/latch
            (gating element for clock CLK)
  Path Group: CLK
  Path Type: max

  Des/Clust/Port     Wire Load Model       Library
  ------------------------------------------------
  DLX                5K_hvratio_1_4        NangateOpenCellLibrary

  Point                                                   Incr       Path
  --------------------------------------------------------------------------
  clock CLK (rise edge)                                 0.0000     0.0000
  clock network delay (ideal)                           0.0500     0.0500
  DP_i/fetch_i_IR_out_reg_23_/CK (DFF_X1)               0.0000     0.0500 r
  DP_i/fetch_i_IR_out_reg_23_/Q (DFF_X1)                0.1271     0.1771 f
  DP_i/U1647/ZN (AOI22_X1)                              0.0883     0.2654 r
  DP_i/U1649/ZN (OAI221_X1)                             0.0510     0.3163 f
  DP_i/U23/ZN (NOR3_X1)                                 0.1606     0.4770 r
  DP_i/U145/ZN (INV_X1)                                 0.0448     0.5218 f
  DP_i/U131/ZN (INV_X2)                                 0.1311     0.6529 r
  DP_i/U464/ZN (NOR2_X1)                                0.0619     0.7148 f
  DP_i/U84/ZN (NAND2_X1)                                0.0799     0.7947 r
  DP_i/U68/ZN (NOR2_X1)                                 0.0862     0.8809 f
  DP_i/U58/Z (BUF_X1)                                   0.1232     1.0041 f
  DP_i/U2316/ZN (AOI22_X1)                              0.1023     1.1064 r
  DP_i/U2318/ZN (NAND4_X1)                              0.0489     1.1553 f
  DP_i/U689/ZN (NOR4_X1)                                0.1437     1.2991 r
  DP_i/U2554/ZN (OAI221_X1)                             0.0614     1.3604 f
  DP_i/U2555/ZN (OAI221_X1)                             0.0518     1.4123 r
  DP_i/U211/ZN (AOI21_X1)                               0.0537     1.4659 f
  DP_i/U3769/ZN (OR2_X4)                                0.1304     1.5964 f
  DP_i/U6733/ZN (NOR2_X1)                               0.1037     1.7001 r
  DP_i/rs2_live[3] (DataPath)                           0.0000     1.7001 r
  U1001/ZN (INV_X1)                                     0.0325     1.7326 f
  U831/ZN (AND2_X1)                                     0.0625     1.7951 f
  U1006/ZN (AOI22_X1)                                   0.0832     1.8783 r
  U1007/ZN (OAI21_X1)                                   0.0377     1.9160 f
  U1008/ZN (AOI211_X1)                                  0.0810     1.9970 r
  U1009/ZN (NOR2_X1)                                    0.0278     2.0248 f
  U1017/Z (MUX2_X1)                                     0.0686     2.0934 f
  U1031/ZN (OAI21_X1)                                   0.0587     2.1521 r
  U1032/ZN (AOI221_X1)                                  0.0376     2.1898 f
  U809/ZN (AOI211_X1)                                   0.1260     2.3158 r
  U1060/ZN (INV_X1)                                     0.0349     2.3507 f
  U1130/ZN (AOI21_X1)                                   0.0558     2.4065 r
  DP_i/F_ID_enable (DataPath)                           0.0000     2.4065 r
  DP_i/U4351/ZN (NAND2_X1)                              0.0416     2.4480 f
  DP_i/U4352/ZN (INV_X1)                                0.0310     2.4790 r
  DP_i/fetch_i_btb_i_U835/ZN (NAND3_X1)                 0.0460     2.5251 f
  DP_i/U171/ZN (AOI211_X2)                              0.1513     2.6764 r
  DP_i/U218/ZN (NAND2_X1)                               0.0767     2.7531 f
  DP_i/fetch_i_btb_i_U1212/ZN (NOR2_X1)                 0.0552     2.8083 r
  DP_i/fetch_i_btb_i_clk_gate_btb_table_reg_3__PC_/EN (SNPS_CLOCK_GATE_HIGH_BTB_NBIT32_BTB_DEPTH16_BTB_INDEX_MSB5_27)
                                                        0.0000     2.8083 r
  DP_i/fetch_i_btb_i_clk_gate_btb_table_reg_3__PC_/latch/E (CLKGATETST_X1)
                                                        0.0091     2.8174 r
  data arrival time                                                2.8174

  clock CLK (rise edge)                                 3.0000     3.0000
  clock network delay (ideal)                           0.0500     3.0500
  clock uncertainty                                    -0.0500     3.0000
  DP_i/fetch_i_btb_i_clk_gate_btb_table_reg_3__PC_/latch/CK (CLKGATETST_X1)
                                                        0.0000     3.0000 r
  clock gating setup time                              -0.0753     2.9247
  data required time                                               2.9247
  --------------------------------------------------------------------------
  data required time                                               2.9247
  data arrival time                                               -2.8174
  --------------------------------------------------------------------------
  slack (MET)                                                      0.1073


  Startpoint: DP_i/fetch_i_IR_out_reg_23_
              (rising edge-triggered flip-flop clocked by CLK)
  Endpoint: DP_i/fetch_i_btb_i_clk_gate_btb_table_reg_1__PC_/latch
            (gating element for clock CLK)
  Path Group: CLK
  Path Type: max

  Des/Clust/Port     Wire Load Model       Library
  ------------------------------------------------
  DLX                5K_hvratio_1_4        NangateOpenCellLibrary

  Point                                                   Incr       Path
  --------------------------------------------------------------------------
  clock CLK (rise edge)                                 0.0000     0.0000
  clock network delay (ideal)                           0.0500     0.0500
  DP_i/fetch_i_IR_out_reg_23_/CK (DFF_X1)               0.0000     0.0500 r
  DP_i/fetch_i_IR_out_reg_23_/Q (DFF_X1)                0.1271     0.1771 f
  DP_i/U1647/ZN (AOI22_X1)                              0.0883     0.2654 r
  DP_i/U1649/ZN (OAI221_X1)                             0.0510     0.3163 f
  DP_i/U23/ZN (NOR3_X1)                                 0.1606     0.4770 r
  DP_i/U145/ZN (INV_X1)                                 0.0448     0.5218 f
  DP_i/U131/ZN (INV_X2)                                 0.1311     0.6529 r
  DP_i/U464/ZN (NOR2_X1)                                0.0619     0.7148 f
  DP_i/U84/ZN (NAND2_X1)                                0.0799     0.7947 r
  DP_i/U68/ZN (NOR2_X1)                                 0.0862     0.8809 f
  DP_i/U58/Z (BUF_X1)                                   0.1232     1.0041 f
  DP_i/U2316/ZN (AOI22_X1)                              0.1023     1.1064 r
  DP_i/U2318/ZN (NAND4_X1)                              0.0489     1.1553 f
  DP_i/U689/ZN (NOR4_X1)                                0.1437     1.2991 r
  DP_i/U2554/ZN (OAI221_X1)                             0.0614     1.3604 f
  DP_i/U2555/ZN (OAI221_X1)                             0.0518     1.4123 r
  DP_i/U211/ZN (AOI21_X1)                               0.0537     1.4659 f
  DP_i/U3769/ZN (OR2_X4)                                0.1304     1.5964 f
  DP_i/U6733/ZN (NOR2_X1)                               0.1037     1.7001 r
  DP_i/rs2_live[3] (DataPath)                           0.0000     1.7001 r
  U1001/ZN (INV_X1)                                     0.0325     1.7326 f
  U831/ZN (AND2_X1)                                     0.0625     1.7951 f
  U1006/ZN (AOI22_X1)                                   0.0832     1.8783 r
  U1007/ZN (OAI21_X1)                                   0.0377     1.9160 f
  U1008/ZN (AOI211_X1)                                  0.0810     1.9970 r
  U1009/ZN (NOR2_X1)                                    0.0278     2.0248 f
  U1017/Z (MUX2_X1)                                     0.0686     2.0934 f
  U1031/ZN (OAI21_X1)                                   0.0587     2.1521 r
  U1032/ZN (AOI221_X1)                                  0.0376     2.1898 f
  U809/ZN (AOI211_X1)                                   0.1260     2.3158 r
  U1060/ZN (INV_X1)                                     0.0349     2.3507 f
  U1130/ZN (AOI21_X1)                                   0.0558     2.4065 r
  DP_i/F_ID_enable (DataPath)                           0.0000     2.4065 r
  DP_i/U4351/ZN (NAND2_X1)                              0.0416     2.4480 f
  DP_i/U4352/ZN (INV_X1)                                0.0310     2.4790 r
  DP_i/fetch_i_btb_i_U835/ZN (NAND3_X1)                 0.0460     2.5251 f
  DP_i/U171/ZN (AOI211_X2)                              0.1513     2.6764 r
  DP_i/U218/ZN (NAND2_X1)                               0.0767     2.7531 f
  DP_i/fetch_i_btb_i_U1207/ZN (NOR2_X1)                 0.0552     2.8083 r
  DP_i/fetch_i_btb_i_clk_gate_btb_table_reg_1__PC_/EN (SNPS_CLOCK_GATE_HIGH_BTB_NBIT32_BTB_DEPTH16_BTB_INDEX_MSB5_31)
                                                        0.0000     2.8083 r
  DP_i/fetch_i_btb_i_clk_gate_btb_table_reg_1__PC_/latch/E (CLKGATETST_X1)
                                                        0.0091     2.8174 r
  data arrival time                                                2.8174

  clock CLK (rise edge)                                 3.0000     3.0000
  clock network delay (ideal)                           0.0500     3.0500
  clock uncertainty                                    -0.0500     3.0000
  DP_i/fetch_i_btb_i_clk_gate_btb_table_reg_1__PC_/latch/CK (CLKGATETST_X1)
                                                        0.0000     3.0000 r
  clock gating setup time                              -0.0753     2.9247
  data required time                                               2.9247
  --------------------------------------------------------------------------
  data required time                                               2.9247
  data arrival time                                               -2.8174
  --------------------------------------------------------------------------
  slack (MET)                                                      0.1073


  Startpoint: DRAM_READY (input port clocked by CLK)
  Endpoint: DP_i/decode_i_B_reg_i_Y_reg_3_
            (rising edge-triggered flip-flop clocked by CLK)
  Path Group: INPUTS
  Path Type: max

  Des/Clust/Port     Wire Load Model       Library
  ------------------------------------------------
  DLX                5K_hvratio_1_4        NangateOpenCellLibrary

  Point                                                   Incr       Path
  --------------------------------------------------------------------------
  clock CLK (rise edge)                                 0.0000     0.0000
  clock network delay (ideal)                           0.0500     0.0500
  input external delay                                  0.3000     0.3500 r
  DRAM_READY (in)                                       0.0014     0.3514 r
  U815/ZN (NOR2_X1)                                     0.0299     0.3813 f
  U823/ZN (INV_X1)                                      0.0753     0.4566 r
  DP_i/EX_MEM_enable (DataPath)                         0.0000     0.4566 r
  DP_i/U4096/ZN (NAND2_X2)                              0.1675     0.6241 f
  DP_i/U2672/ZN (NOR2_X1)                               0.1393     0.7635 r
  DP_i/U2681/ZN (INV_X1)                                0.0479     0.8113 f
  DP_i/U2682/ZN (NOR4_X4)                               0.3190     1.1304 r
  DP_i/U2854/ZN (AOI22_X1)                              0.0771     1.2074 f
  DP_i/U2855/ZN (OAI211_X1)                             0.0543     1.2617 r
  DP_i/decode_i_B_reg_i_Y_reg_3_/D (DFF_X1)             0.0110     1.2727 r
  data arrival time                                                1.2727

  clock CLK (rise edge)                                 3.0000     3.0000
  clock network delay (ideal)                           0.0500     3.0500
  clock uncertainty                                    -0.0500     3.0000
  DP_i/decode_i_B_reg_i_Y_reg_3_/CK (DFF_X1)            0.0000     3.0000 r
  library setup time                                   -0.0314     2.9686
  data required time                                               2.9686
  --------------------------------------------------------------------------
  data required time                                               2.9686
  data arrival time                                               -1.2727
  --------------------------------------------------------------------------
  slack (MET)                                                      1.6959


  Startpoint: DRAM_READY (input port clocked by CLK)
  Endpoint: DP_i/decode_i_B_reg_i_Y_reg_3_
            (rising edge-triggered flip-flop clocked by CLK)
  Path Group: INPUTS
  Path Type: max

  Des/Clust/Port     Wire Load Model       Library
  ------------------------------------------------
  DLX                5K_hvratio_1_4        NangateOpenCellLibrary

  Point                                                   Incr       Path
  --------------------------------------------------------------------------
  clock CLK (rise edge)                                 0.0000     0.0000
  clock network delay (ideal)                           0.0500     0.0500
  input external delay                                  0.3000     0.3500 r
  DRAM_READY (in)                                       0.0014     0.3514 r
  U815/ZN (NOR2_X1)                                     0.0299     0.3813 f
  U823/ZN (INV_X1)                                      0.0753     0.4566 r
  DP_i/EX_MEM_enable (DataPath)                         0.0000     0.4566 r
  DP_i/U4096/ZN (NAND2_X2)                              0.1675     0.6241 f
  DP_i/U2672/ZN (NOR2_X1)                               0.1393     0.7635 r
  DP_i/U2681/ZN (INV_X1)                                0.0479     0.8113 f
  DP_i/U2682/ZN (NOR4_X4)                               0.3190     1.1304 r
  DP_i/U2854/ZN (AOI22_X1)                              0.0771     1.2074 f
  DP_i/U2855/ZN (OAI211_X1)                             0.0531     1.2605 r
  DP_i/decode_i_B_reg_i_Y_reg_3_/D (DFF_X1)             0.0110     1.2715 r
  data arrival time                                                1.2715

  clock CLK (rise edge)                                 3.0000     3.0000
  clock network delay (ideal)                           0.0500     3.0500
  clock uncertainty                                    -0.0500     3.0000
  DP_i/decode_i_B_reg_i_Y_reg_3_/CK (DFF_X1)            0.0000     3.0000 r
  library setup time                                   -0.0314     2.9686
  data required time                                               2.9686
  --------------------------------------------------------------------------
  data required time                                               2.9686
  data arrival time                                               -1.2715
  --------------------------------------------------------------------------
  slack (MET)                                                      1.6971


  Startpoint: DRAM_READY (input port clocked by CLK)
  Endpoint: DP_i/decode_i_B_reg_i_Y_reg_2_
            (rising edge-triggered flip-flop clocked by CLK)
  Path Group: INPUTS
  Path Type: max

  Des/Clust/Port     Wire Load Model       Library
  ------------------------------------------------
  DLX                5K_hvratio_1_4        NangateOpenCellLibrary

  Point                                                   Incr       Path
  --------------------------------------------------------------------------
  clock CLK (rise edge)                                 0.0000     0.0000
  clock network delay (ideal)                           0.0500     0.0500
  input external delay                                  0.3000     0.3500 r
  DRAM_READY (in)                                       0.0014     0.3514 r
  U815/ZN (NOR2_X1)                                     0.0299     0.3813 f
  U823/ZN (INV_X1)                                      0.0753     0.4566 r
  DP_i/EX_MEM_enable (DataPath)                         0.0000     0.4566 r
  DP_i/U4096/ZN (NAND2_X2)                              0.1675     0.6241 f
  DP_i/U2672/ZN (NOR2_X1)                               0.1393     0.7635 r
  DP_i/U2681/ZN (INV_X1)                                0.0479     0.8113 f
  DP_i/U2682/ZN (NOR4_X4)                               0.3190     1.1304 r
  DP_i/U2861/ZN (AOI22_X1)                              0.0773     1.2076 f
  DP_i/U2864/ZN (NAND4_X1)                              0.0519     1.2595 r
  DP_i/decode_i_B_reg_i_Y_reg_2_/D (DFF_X1)             0.0110     1.2705 r
  data arrival time                                                1.2705

  clock CLK (rise edge)                                 3.0000     3.0000
  clock network delay (ideal)                           0.0500     3.0500
  clock uncertainty                                    -0.0500     3.0000
  DP_i/decode_i_B_reg_i_Y_reg_2_/CK (DFF_X1)            0.0000     3.0000 r
  library setup time                                   -0.0292     2.9708
  data required time                                               2.9708
  --------------------------------------------------------------------------
  data required time                                               2.9708
  data arrival time                                               -1.2705
  --------------------------------------------------------------------------
  slack (MET)                                                      1.7003


  Startpoint: DRAM_READY (input port clocked by CLK)
  Endpoint: DP_i/decode_i_B_reg_i_Y_reg_2_
            (rising edge-triggered flip-flop clocked by CLK)
  Path Group: INPUTS
  Path Type: max

  Des/Clust/Port     Wire Load Model       Library
  ------------------------------------------------
  DLX                5K_hvratio_1_4        NangateOpenCellLibrary

  Point                                                   Incr       Path
  --------------------------------------------------------------------------
  clock CLK (rise edge)                                 0.0000     0.0000
  clock network delay (ideal)                           0.0500     0.0500
  input external delay                                  0.3000     0.3500 r
  DRAM_READY (in)                                       0.0014     0.3514 r
  U815/ZN (NOR2_X1)                                     0.0299     0.3813 f
  U823/ZN (INV_X1)                                      0.0753     0.4566 r
  DP_i/EX_MEM_enable (DataPath)                         0.0000     0.4566 r
  DP_i/U4096/ZN (NAND2_X2)                              0.1675     0.6241 f
  DP_i/U2672/ZN (NOR2_X1)                               0.1393     0.7635 r
  DP_i/U2681/ZN (INV_X1)                                0.0479     0.8113 f
  DP_i/U2682/ZN (NOR4_X4)                               0.3190     1.1304 r
  DP_i/U2861/ZN (AOI22_X1)                              0.0726     1.2029 f
  DP_i/U2864/ZN (NAND4_X1)                              0.0519     1.2548 r
  DP_i/decode_i_B_reg_i_Y_reg_2_/D (DFF_X1)             0.0110     1.2658 r
  data arrival time                                                1.2658

  clock CLK (rise edge)                                 3.0000     3.0000
  clock network delay (ideal)                           0.0500     3.0500
  clock uncertainty                                    -0.0500     3.0000
  DP_i/decode_i_B_reg_i_Y_reg_2_/CK (DFF_X1)            0.0000     3.0000 r
  library setup time                                   -0.0292     2.9708
  data required time                                               2.9708
  --------------------------------------------------------------------------
  data required time                                               2.9708
  data arrival time                                               -1.2658
  --------------------------------------------------------------------------
  slack (MET)                                                      1.7051


  Startpoint: DRAM_READY (input port clocked by CLK)
  Endpoint: DP_i/decode_i_B_reg_i_Y_reg_4_
            (rising edge-triggered flip-flop clocked by CLK)
  Path Group: INPUTS
  Path Type: max

  Des/Clust/Port     Wire Load Model       Library
  ------------------------------------------------
  DLX                5K_hvratio_1_4        NangateOpenCellLibrary

  Point                                                   Incr       Path
  --------------------------------------------------------------------------
  clock CLK (rise edge)                                 0.0000     0.0000
  clock network delay (ideal)                           0.0500     0.0500
  input external delay                                  0.3000     0.3500 r
  DRAM_READY (in)                                       0.0014     0.3514 r
  U815/ZN (NOR2_X1)                                     0.0299     0.3813 f
  U823/ZN (INV_X1)                                      0.0753     0.4566 r
  DP_i/EX_MEM_enable (DataPath)                         0.0000     0.4566 r
  DP_i/U4096/ZN (NAND2_X2)                              0.1675     0.6241 f
  DP_i/U2672/ZN (NOR2_X1)                               0.1393     0.7635 r
  DP_i/U2681/ZN (INV_X1)                                0.0479     0.8113 f
  DP_i/U2682/ZN (NOR4_X4)                               0.3190     1.1304 r
  DP_i/U2848/ZN (AOI22_X1)                              0.0613     1.1917 f
  DP_i/U2849/ZN (OAI211_X1)                             0.0496     1.2413 r
  DP_i/decode_i_B_reg_i_Y_reg_4_/D (DFF_X1)             0.0110     1.2522 r
  data arrival time                                                1.2522

  clock CLK (rise edge)                                 3.0000     3.0000
  clock network delay (ideal)                           0.0500     3.0500
  clock uncertainty                                    -0.0500     3.0000
  DP_i/decode_i_B_reg_i_Y_reg_4_/CK (DFF_X1)            0.0000     3.0000 r
  library setup time                                   -0.0314     2.9686
  data required time                                               2.9686
  --------------------------------------------------------------------------
  data required time                                               2.9686
  data arrival time                                               -1.2522
  --------------------------------------------------------------------------
  slack (MET)                                                      1.7163


  Startpoint: DRAM_READY (input port clocked by CLK)
  Endpoint: DP_i/decode_i_B_reg_i_Y_reg_6_
            (rising edge-triggered flip-flop clocked by CLK)
  Path Group: INPUTS
  Path Type: max

  Des/Clust/Port     Wire Load Model       Library
  ------------------------------------------------
  DLX                5K_hvratio_1_4        NangateOpenCellLibrary

  Point                                                   Incr       Path
  --------------------------------------------------------------------------
  clock CLK (rise edge)                                 0.0000     0.0000
  clock network delay (ideal)                           0.0500     0.0500
  input external delay                                  0.3000     0.3500 r
  DRAM_READY (in)                                       0.0014     0.3514 r
  U815/ZN (NOR2_X1)                                     0.0299     0.3813 f
  U823/ZN (INV_X1)                                      0.0753     0.4566 r
  DP_i/EX_MEM_enable (DataPath)                         0.0000     0.4566 r
  DP_i/U4096/ZN (NAND2_X2)                              0.1675     0.6241 f
  DP_i/U2672/ZN (NOR2_X1)                               0.1393     0.7635 r
  DP_i/U2681/ZN (INV_X1)                                0.0479     0.8113 f
  DP_i/U2682/ZN (NOR4_X4)                               0.3190     1.1304 r
  DP_i/U2836/ZN (AOI22_X1)                              0.0613     1.1917 f
  DP_i/U2837/ZN (OAI211_X1)                             0.0496     1.2413 r
  DP_i/decode_i_B_reg_i_Y_reg_6_/D (DFF_X1)             0.0110     1.2522 r
  data arrival time                                                1.2522

  clock CLK (rise edge)                                 3.0000     3.0000
  clock network delay (ideal)                           0.0500     3.0500
  clock uncertainty                                    -0.0500     3.0000
  DP_i/decode_i_B_reg_i_Y_reg_6_/CK (DFF_X1)            0.0000     3.0000 r
  library setup time                                   -0.0314     2.9686
  data required time                                               2.9686
  --------------------------------------------------------------------------
  data required time                                               2.9686
  data arrival time                                               -1.2522
  --------------------------------------------------------------------------
  slack (MET)                                                      1.7163


  Startpoint: DRAM_READY (input port clocked by CLK)
  Endpoint: DP_i/decode_i_B_reg_i_Y_reg_5_
            (rising edge-triggered flip-flop clocked by CLK)
  Path Group: INPUTS
  Path Type: max

  Des/Clust/Port     Wire Load Model       Library
  ------------------------------------------------
  DLX                5K_hvratio_1_4        NangateOpenCellLibrary

  Point                                                   Incr       Path
  --------------------------------------------------------------------------
  clock CLK (rise edge)                                 0.0000     0.0000
  clock network delay (ideal)                           0.0500     0.0500
  input external delay                                  0.3000     0.3500 r
  DRAM_READY (in)                                       0.0014     0.3514 r
  U815/ZN (NOR2_X1)                                     0.0299     0.3813 f
  U823/ZN (INV_X1)                                      0.0753     0.4566 r
  DP_i/EX_MEM_enable (DataPath)                         0.0000     0.4566 r
  DP_i/U4096/ZN (NAND2_X2)                              0.1675     0.6241 f
  DP_i/U2672/ZN (NOR2_X1)                               0.1393     0.7635 r
  DP_i/U2681/ZN (INV_X1)                                0.0479     0.8113 f
  DP_i/U2682/ZN (NOR4_X4)                               0.3190     1.1304 r
  DP_i/U2842/ZN (AOI22_X1)                              0.0613     1.1917 f
  DP_i/U2843/ZN (OAI211_X1)                             0.0496     1.2413 r
  DP_i/decode_i_B_reg_i_Y_reg_5_/D (DFF_X1)             0.0110     1.2522 r
  data arrival time                                                1.2522

  clock CLK (rise edge)                                 3.0000     3.0000
  clock network delay (ideal)                           0.0500     3.0500
  clock uncertainty                                    -0.0500     3.0000
  DP_i/decode_i_B_reg_i_Y_reg_5_/CK (DFF_X1)            0.0000     3.0000 r
  library setup time                                   -0.0314     2.9686
  data required time                                               2.9686
  --------------------------------------------------------------------------
  data required time                                               2.9686
  data arrival time                                               -1.2522
  --------------------------------------------------------------------------
  slack (MET)                                                      1.7163


  Startpoint: DRAM_READY (input port clocked by CLK)
  Endpoint: DP_i/decode_i_B_reg_i_Y_reg_10_
            (rising edge-triggered flip-flop clocked by CLK)
  Path Group: INPUTS
  Path Type: max

  Des/Clust/Port     Wire Load Model       Library
  ------------------------------------------------
  DLX                5K_hvratio_1_4        NangateOpenCellLibrary

  Point                                                   Incr       Path
  --------------------------------------------------------------------------
  clock CLK (rise edge)                                 0.0000     0.0000
  clock network delay (ideal)                           0.0500     0.0500
  input external delay                                  0.3000     0.3500 r
  DRAM_READY (in)                                       0.0014     0.3514 r
  U815/ZN (NOR2_X1)                                     0.0299     0.3813 f
  U823/ZN (INV_X1)                                      0.0753     0.4566 r
  DP_i/EX_MEM_enable (DataPath)                         0.0000     0.4566 r
  DP_i/U4096/ZN (NAND2_X2)                              0.1675     0.6241 f
  DP_i/U2672/ZN (NOR2_X1)                               0.1393     0.7635 r
  DP_i/U2681/ZN (INV_X1)                                0.0479     0.8113 f
  DP_i/U2682/ZN (NOR4_X4)                               0.3190     1.1304 r
  DP_i/U2812/ZN (AOI22_X1)                              0.0613     1.1917 f
  DP_i/U2813/ZN (OAI211_X1)                             0.0496     1.2413 r
  DP_i/decode_i_B_reg_i_Y_reg_10_/D (DFF_X1)            0.0110     1.2522 r
  data arrival time                                                1.2522

  clock CLK (rise edge)                                 3.0000     3.0000
  clock network delay (ideal)                           0.0500     3.0500
  clock uncertainty                                    -0.0500     3.0000
  DP_i/decode_i_B_reg_i_Y_reg_10_/CK (DFF_X1)           0.0000     3.0000 r
  library setup time                                   -0.0314     2.9686
  data required time                                               2.9686
  --------------------------------------------------------------------------
  data required time                                               2.9686
  data arrival time                                               -1.2522
  --------------------------------------------------------------------------
  slack (MET)                                                      1.7163


  Startpoint: DRAM_READY (input port clocked by CLK)
  Endpoint: DP_i/decode_i_B_reg_i_Y_reg_7_
            (rising edge-triggered flip-flop clocked by CLK)
  Path Group: INPUTS
  Path Type: max

  Des/Clust/Port     Wire Load Model       Library
  ------------------------------------------------
  DLX                5K_hvratio_1_4        NangateOpenCellLibrary

  Point                                                   Incr       Path
  --------------------------------------------------------------------------
  clock CLK (rise edge)                                 0.0000     0.0000
  clock network delay (ideal)                           0.0500     0.0500
  input external delay                                  0.3000     0.3500 r
  DRAM_READY (in)                                       0.0014     0.3514 r
  U815/ZN (NOR2_X1)                                     0.0299     0.3813 f
  U823/ZN (INV_X1)                                      0.0753     0.4566 r
  DP_i/EX_MEM_enable (DataPath)                         0.0000     0.4566 r
  DP_i/U4096/ZN (NAND2_X2)                              0.1675     0.6241 f
  DP_i/U2672/ZN (NOR2_X1)                               0.1393     0.7635 r
  DP_i/U2681/ZN (INV_X1)                                0.0479     0.8113 f
  DP_i/U2682/ZN (NOR4_X4)                               0.3190     1.1304 r
  DP_i/U2830/ZN (AOI22_X1)                              0.0613     1.1917 f
  DP_i/U2831/ZN (OAI211_X1)                             0.0496     1.2413 r
  DP_i/decode_i_B_reg_i_Y_reg_7_/D (DFF_X1)             0.0110     1.2522 r
  data arrival time                                                1.2522

  clock CLK (rise edge)                                 3.0000     3.0000
  clock network delay (ideal)                           0.0500     3.0500
  clock uncertainty                                    -0.0500     3.0000
  DP_i/decode_i_B_reg_i_Y_reg_7_/CK (DFF_X1)            0.0000     3.0000 r
  library setup time                                   -0.0314     2.9686
  data required time                                               2.9686
  --------------------------------------------------------------------------
  data required time                                               2.9686
  data arrival time                                               -1.2522
  --------------------------------------------------------------------------
  slack (MET)                                                      1.7163


  Startpoint: DRAM_READY (input port clocked by CLK)
  Endpoint: DP_i/decode_i_B_reg_i_Y_reg_11_
            (rising edge-triggered flip-flop clocked by CLK)
  Path Group: INPUTS
  Path Type: max

  Des/Clust/Port     Wire Load Model       Library
  ------------------------------------------------
  DLX                5K_hvratio_1_4        NangateOpenCellLibrary

  Point                                                   Incr       Path
  --------------------------------------------------------------------------
  clock CLK (rise edge)                                 0.0000     0.0000
  clock network delay (ideal)                           0.0500     0.0500
  input external delay                                  0.3000     0.3500 r
  DRAM_READY (in)                                       0.0014     0.3514 r
  U815/ZN (NOR2_X1)                                     0.0299     0.3813 f
  U823/ZN (INV_X1)                                      0.0753     0.4566 r
  DP_i/EX_MEM_enable (DataPath)                         0.0000     0.4566 r
  DP_i/U4096/ZN (NAND2_X2)                              0.1675     0.6241 f
  DP_i/U2672/ZN (NOR2_X1)                               0.1393     0.7635 r
  DP_i/U2681/ZN (INV_X1)                                0.0479     0.8113 f
  DP_i/U2682/ZN (NOR4_X4)                               0.3190     1.1304 r
  DP_i/U2806/ZN (AOI22_X1)                              0.0613     1.1917 f
  DP_i/U2807/ZN (OAI211_X1)                             0.0496     1.2413 r
  DP_i/decode_i_B_reg_i_Y_reg_11_/D (DFF_X1)            0.0110     1.2522 r
  data arrival time                                                1.2522

  clock CLK (rise edge)                                 3.0000     3.0000
  clock network delay (ideal)                           0.0500     3.0500
  clock uncertainty                                    -0.0500     3.0000
  DP_i/decode_i_B_reg_i_Y_reg_11_/CK (DFF_X1)           0.0000     3.0000 r
  library setup time                                   -0.0314     2.9686
  data required time                                               2.9686
  --------------------------------------------------------------------------
  data required time                                               2.9686
  data arrival time                                               -1.2522
  --------------------------------------------------------------------------
  slack (MET)                                                      1.7163


  Startpoint: DP_i/fetch_i_IR_out_reg_23_
              (rising edge-triggered flip-flop clocked by CLK)
  Endpoint: IRAM_ISSUE (output port clocked by CLK)
  Path Group: OUTPUTS
  Path Type: max

  Des/Clust/Port     Wire Load Model       Library
  ------------------------------------------------
  DLX                5K_hvratio_1_4        NangateOpenCellLibrary

  Point                                                   Incr       Path
  --------------------------------------------------------------------------
  clock CLK (rise edge)                                 0.0000     0.0000
  clock network delay (ideal)                           0.0500     0.0500
  DP_i/fetch_i_IR_out_reg_23_/CK (DFF_X1)               0.0000     0.0500 r
  DP_i/fetch_i_IR_out_reg_23_/Q (DFF_X1)                0.1271     0.1771 f
  DP_i/U1647/ZN (AOI22_X1)                              0.0883     0.2654 r
  DP_i/U1649/ZN (OAI221_X1)                             0.0510     0.3163 f
  DP_i/U23/ZN (NOR3_X1)                                 0.1606     0.4770 r
  DP_i/U145/ZN (INV_X1)                                 0.0448     0.5218 f
  DP_i/U131/ZN (INV_X2)                                 0.1311     0.6529 r
  DP_i/U464/ZN (NOR2_X1)                                0.0619     0.7148 f
  DP_i/U84/ZN (NAND2_X1)                                0.0799     0.7947 r
  DP_i/U68/ZN (NOR2_X1)                                 0.0862     0.8809 f
  DP_i/U58/Z (BUF_X1)                                   0.1232     1.0041 f
  DP_i/U2316/ZN (AOI22_X1)                              0.1023     1.1064 r
  DP_i/U2318/ZN (NAND4_X1)                              0.0489     1.1553 f
  DP_i/U689/ZN (NOR4_X1)                                0.1437     1.2991 r
  DP_i/U2554/ZN (OAI221_X1)                             0.0614     1.3604 f
  DP_i/U2555/ZN (OAI221_X1)                             0.0518     1.4123 r
  DP_i/U211/ZN (AOI21_X1)                               0.0537     1.4659 f
  DP_i/U3769/ZN (OR2_X4)                                0.1304     1.5964 f
  DP_i/U6733/ZN (NOR2_X1)                               0.1037     1.7001 r
  DP_i/rs2_live[3] (DataPath)                           0.0000     1.7001 r
  U1001/ZN (INV_X1)                                     0.0325     1.7326 f
  U831/ZN (AND2_X1)                                     0.0625     1.7951 f
  U1006/ZN (AOI22_X1)                                   0.0832     1.8783 r
  U1007/ZN (OAI21_X1)                                   0.0377     1.9160 f
  U1008/ZN (AOI211_X1)                                  0.0810     1.9970 r
  U1009/ZN (NOR2_X1)                                    0.0278     2.0248 f
  U1017/Z (MUX2_X1)                                     0.0686     2.0934 f
  U1031/ZN (OAI21_X1)                                   0.0587     2.1521 r
  U1032/ZN (AOI221_X1)                                  0.0376     2.1898 f
  U809/ZN (AOI211_X1)                                   0.1260     2.3158 r
  U1060/ZN (INV_X1)                                     0.0349     2.3507 f
  U1130/ZN (AOI21_X1)                                   0.0558     2.4065 r
  IRAM_ISSUE (out)                                      0.0041     2.4106 r
  data arrival time                                                2.4106

  clock CLK (rise edge)                                 3.0000     3.0000
  clock network delay (ideal)                           0.0500     3.0500
  clock uncertainty                                    -0.0500     3.0000
  output external delay                                -0.3000     2.7000
  data required time                                               2.7000
  --------------------------------------------------------------------------
  data required time                                               2.7000
  data arrival time                                               -2.4106
  --------------------------------------------------------------------------
  slack (MET)                                                      0.2894


  Startpoint: DP_i/fetch_i_IR_out_reg_23_
              (rising edge-triggered flip-flop clocked by CLK)
  Endpoint: IRAM_ISSUE (output port clocked by CLK)
  Path Group: OUTPUTS
  Path Type: max

  Des/Clust/Port     Wire Load Model       Library
  ------------------------------------------------
  DLX                5K_hvratio_1_4        NangateOpenCellLibrary

  Point                                                   Incr       Path
  --------------------------------------------------------------------------
  clock CLK (rise edge)                                 0.0000     0.0000
  clock network delay (ideal)                           0.0500     0.0500
  DP_i/fetch_i_IR_out_reg_23_/CK (DFF_X1)               0.0000     0.0500 r
  DP_i/fetch_i_IR_out_reg_23_/Q (DFF_X1)                0.1271     0.1771 f
  DP_i/U1647/ZN (AOI22_X1)                              0.0883     0.2654 r
  DP_i/U1649/ZN (OAI221_X1)                             0.0510     0.3163 f
  DP_i/U23/ZN (NOR3_X1)                                 0.1606     0.4770 r
  DP_i/U145/ZN (INV_X1)                                 0.0448     0.5218 f
  DP_i/U131/ZN (INV_X2)                                 0.1311     0.6529 r
  DP_i/U464/ZN (NOR2_X1)                                0.0619     0.7148 f
  DP_i/U84/ZN (NAND2_X1)                                0.0799     0.7947 r
  DP_i/U68/ZN (NOR2_X1)                                 0.0862     0.8809 f
  DP_i/U58/Z (BUF_X1)                                   0.1232     1.0041 f
  DP_i/U2316/ZN (AOI22_X1)                              0.1023     1.1064 r
  DP_i/U2318/ZN (NAND4_X1)                              0.0489     1.1553 f
  DP_i/U689/ZN (NOR4_X1)                                0.1437     1.2991 r
  DP_i/U2554/ZN (OAI221_X1)                             0.0614     1.3604 f
  DP_i/U2555/ZN (OAI221_X1)                             0.0518     1.4123 r
  DP_i/U211/ZN (AOI21_X1)                               0.0537     1.4659 f
  DP_i/U3769/ZN (OR2_X4)                                0.1304     1.5964 f
  DP_i/U6733/ZN (NOR2_X1)                               0.1037     1.7001 r
  DP_i/rs2_live[3] (DataPath)                           0.0000     1.7001 r
  U1001/ZN (INV_X1)                                     0.0325     1.7326 f
  U831/ZN (AND2_X1)                                     0.0625     1.7951 f
  U1006/ZN (AOI22_X1)                                   0.0832     1.8783 r
  U1007/ZN (OAI21_X1)                                   0.0377     1.9160 f
  U1008/ZN (AOI211_X1)                                  0.0810     1.9970 r
  U1009/ZN (NOR2_X1)                                    0.0278     2.0248 f
  U1017/Z (MUX2_X1)                                     0.0686     2.0934 f
  U1031/ZN (OAI21_X1)                                   0.0587     2.1521 r
  U1032/ZN (AOI221_X1)                                  0.0376     2.1898 f
  U809/ZN (AOI211_X1)                                   0.1260     2.3158 r
  U1060/ZN (INV_X1)                                     0.0349     2.3507 f
  U1130/ZN (AOI21_X1)                                   0.0558     2.4065 r
  IRAM_ISSUE (out)                                      0.0041     2.4106 r
  data arrival time                                                2.4106

  clock CLK (rise edge)                                 3.0000     3.0000
  clock network delay (ideal)                           0.0500     3.0500
  clock uncertainty                                    -0.0500     3.0000
  output external delay                                -0.3000     2.7000
  data required time                                               2.7000
  --------------------------------------------------------------------------
  data required time                                               2.7000
  data arrival time                                               -2.4106
  --------------------------------------------------------------------------
  slack (MET)                                                      0.2894


  Startpoint: DP_i/mem_access_i_rd_out_reg_i_Y_reg_0_
              (rising edge-triggered flip-flop clocked by CLK)
  Endpoint: DRAM_DATA[30]
            (output port clocked by CLK)
  Path Group: OUTPUTS
  Path Type: max

  Des/Clust/Port     Wire Load Model       Library
  ------------------------------------------------
  DLX                5K_hvratio_1_4        NangateOpenCellLibrary

  Point                                                   Incr       Path
  --------------------------------------------------------------------------
  clock CLK (rise edge)                                 0.0000     0.0000
  clock network delay (ideal)                           0.0500     0.0500
  DP_i/mem_access_i_rd_out_reg_i_Y_reg_0_/CK (DFF_X1)   0.0000     0.0500 r
  DP_i/mem_access_i_rd_out_reg_i_Y_reg_0_/Q (DFF_X1)    0.1427     0.1927 r
  DP_i/rd_mem_w[0] (DataPath)                           0.0000     0.1927 r
  U1112/ZN (INV_X1)                                     0.0565     0.2492 f
  U1114/ZN (AOI22_X1)                                   0.0524     0.3016 r
  U1115/ZN (OAI221_X1)                                  0.0564     0.3580 f
  U1116/ZN (NOR3_X2)                                    0.1853     0.5433 r
  DP_i/fw_mem_mem (DataPath)                            0.0000     0.5433 r
  DP_i/U591/ZN (INV_X1)                                 0.0554     0.5988 f
  DP_i/U4289/ZN (NOR2_X2)                               0.1547     0.7535 r
  DP_i/U4331/ZN (AOI22_X1)                              0.0686     0.8221 f
  DP_i/U4332/ZN (INV_X1)                                0.0348     0.8569 r
  DP_i/D_RAM_write_data[30] (DataPath)                  0.0000     0.8569 r
  U1099/ZN (AND2_X1)                                    0.0432     0.9001 r
  DRAM_DATA_tri_30_/Z (TBUF_X1)                         0.0597     0.9599 r
  DRAM_DATA[30] (inout)                                 0.0048     0.9647 r
  data arrival time                                                0.9647

  clock CLK (rise edge)                                 3.0000     3.0000
  clock network delay (ideal)                           0.0500     3.0500
  clock uncertainty                                    -0.0500     3.0000
  output external delay                                -0.3000     2.7000
  data required time                                               2.7000
  --------------------------------------------------------------------------
  data required time                                               2.7000
  data arrival time                                               -0.9647
  --------------------------------------------------------------------------
  slack (MET)                                                      1.7353


  Startpoint: DP_i/mem_access_i_rd_out_reg_i_Y_reg_0_
              (rising edge-triggered flip-flop clocked by CLK)
  Endpoint: DRAM_DATA[29]
            (output port clocked by CLK)
  Path Group: OUTPUTS
  Path Type: max

  Des/Clust/Port     Wire Load Model       Library
  ------------------------------------------------
  DLX                5K_hvratio_1_4        NangateOpenCellLibrary

  Point                                                   Incr       Path
  --------------------------------------------------------------------------
  clock CLK (rise edge)                                 0.0000     0.0000
  clock network delay (ideal)                           0.0500     0.0500
  DP_i/mem_access_i_rd_out_reg_i_Y_reg_0_/CK (DFF_X1)   0.0000     0.0500 r
  DP_i/mem_access_i_rd_out_reg_i_Y_reg_0_/Q (DFF_X1)    0.1427     0.1927 r
  DP_i/rd_mem_w[0] (DataPath)                           0.0000     0.1927 r
  U1112/ZN (INV_X1)                                     0.0565     0.2492 f
  U1114/ZN (AOI22_X1)                                   0.0524     0.3016 r
  U1115/ZN (OAI221_X1)                                  0.0564     0.3580 f
  U1116/ZN (NOR3_X2)                                    0.1853     0.5433 r
  DP_i/fw_mem_mem (DataPath)                            0.0000     0.5433 r
  DP_i/U591/ZN (INV_X1)                                 0.0554     0.5988 f
  DP_i/U4289/ZN (NOR2_X2)                               0.1547     0.7535 r
  DP_i/U4325/ZN (AOI22_X1)                              0.0686     0.8221 f
  DP_i/U4326/ZN (INV_X1)                                0.0348     0.8569 r
  DP_i/D_RAM_write_data[29] (DataPath)                  0.0000     0.8569 r
  U1096/ZN (AND2_X1)                                    0.0432     0.9001 r
  DRAM_DATA_tri_29_/Z (TBUF_X1)                         0.0597     0.9599 r
  DRAM_DATA[29] (inout)                                 0.0048     0.9647 r
  data arrival time                                                0.9647

  clock CLK (rise edge)                                 3.0000     3.0000
  clock network delay (ideal)                           0.0500     3.0500
  clock uncertainty                                    -0.0500     3.0000
  output external delay                                -0.3000     2.7000
  data required time                                               2.7000
  --------------------------------------------------------------------------
  data required time                                               2.7000
  data arrival time                                               -0.9647
  --------------------------------------------------------------------------
  slack (MET)                                                      1.7353


  Startpoint: DP_i/mem_access_i_rd_out_reg_i_Y_reg_0_
              (rising edge-triggered flip-flop clocked by CLK)
  Endpoint: DRAM_DATA[28]
            (output port clocked by CLK)
  Path Group: OUTPUTS
  Path Type: max

  Des/Clust/Port     Wire Load Model       Library
  ------------------------------------------------
  DLX                5K_hvratio_1_4        NangateOpenCellLibrary

  Point                                                   Incr       Path
  --------------------------------------------------------------------------
  clock CLK (rise edge)                                 0.0000     0.0000
  clock network delay (ideal)                           0.0500     0.0500
  DP_i/mem_access_i_rd_out_reg_i_Y_reg_0_/CK (DFF_X1)   0.0000     0.0500 r
  DP_i/mem_access_i_rd_out_reg_i_Y_reg_0_/Q (DFF_X1)    0.1427     0.1927 r
  DP_i/rd_mem_w[0] (DataPath)                           0.0000     0.1927 r
  U1112/ZN (INV_X1)                                     0.0565     0.2492 f
  U1114/ZN (AOI22_X1)                                   0.0524     0.3016 r
  U1115/ZN (OAI221_X1)                                  0.0564     0.3580 f
  U1116/ZN (NOR3_X2)                                    0.1853     0.5433 r
  DP_i/fw_mem_mem (DataPath)                            0.0000     0.5433 r
  DP_i/U591/ZN (INV_X1)                                 0.0554     0.5988 f
  DP_i/U4289/ZN (NOR2_X2)                               0.1547     0.7535 r
  DP_i/U4335/ZN (AOI22_X1)                              0.0686     0.8221 f
  DP_i/U657/ZN (INV_X1)                                 0.0348     0.8569 r
  DP_i/D_RAM_write_data[28] (DataPath)                  0.0000     0.8569 r
  U1101/ZN (AND2_X1)                                    0.0432     0.9001 r
  DRAM_DATA_tri_28_/Z (TBUF_X1)                         0.0597     0.9599 r
  DRAM_DATA[28] (inout)                                 0.0048     0.9647 r
  data arrival time                                                0.9647

  clock CLK (rise edge)                                 3.0000     3.0000
  clock network delay (ideal)                           0.0500     3.0500
  clock uncertainty                                    -0.0500     3.0000
  output external delay                                -0.3000     2.7000
  data required time                                               2.7000
  --------------------------------------------------------------------------
  data required time                                               2.7000
  data arrival time                                               -0.9647
  --------------------------------------------------------------------------
  slack (MET)                                                      1.7353


  Startpoint: DP_i/mem_access_i_rd_out_reg_i_Y_reg_0_
              (rising edge-triggered flip-flop clocked by CLK)
  Endpoint: DRAM_DATA[27]
            (output port clocked by CLK)
  Path Group: OUTPUTS
  Path Type: max

  Des/Clust/Port     Wire Load Model       Library
  ------------------------------------------------
  DLX                5K_hvratio_1_4        NangateOpenCellLibrary

  Point                                                   Incr       Path
  --------------------------------------------------------------------------
  clock CLK (rise edge)                                 0.0000     0.0000
  clock network delay (ideal)                           0.0500     0.0500
  DP_i/mem_access_i_rd_out_reg_i_Y_reg_0_/CK (DFF_X1)   0.0000     0.0500 r
  DP_i/mem_access_i_rd_out_reg_i_Y_reg_0_/Q (DFF_X1)    0.1427     0.1927 r
  DP_i/rd_mem_w[0] (DataPath)                           0.0000     0.1927 r
  U1112/ZN (INV_X1)                                     0.0565     0.2492 f
  U1114/ZN (AOI22_X1)                                   0.0524     0.3016 r
  U1115/ZN (OAI221_X1)                                  0.0564     0.3580 f
  U1116/ZN (NOR3_X2)                                    0.1853     0.5433 r
  DP_i/fw_mem_mem (DataPath)                            0.0000     0.5433 r
  DP_i/U591/ZN (INV_X1)                                 0.0554     0.5988 f
  DP_i/U4289/ZN (NOR2_X2)                               0.1547     0.7535 r
  DP_i/U4336/ZN (AOI22_X1)                              0.0686     0.8221 f
  DP_i/U4337/ZN (INV_X1)                                0.0348     0.8569 r
  DP_i/D_RAM_write_data[27] (DataPath)                  0.0000     0.8569 r
  U1102/ZN (AND2_X1)                                    0.0432     0.9001 r
  DRAM_DATA_tri_27_/Z (TBUF_X1)                         0.0597     0.9599 r
  DRAM_DATA[27] (inout)                                 0.0048     0.9647 r
  data arrival time                                                0.9647

  clock CLK (rise edge)                                 3.0000     3.0000
  clock network delay (ideal)                           0.0500     3.0500
  clock uncertainty                                    -0.0500     3.0000
  output external delay                                -0.3000     2.7000
  data required time                                               2.7000
  --------------------------------------------------------------------------
  data required time                                               2.7000
  data arrival time                                               -0.9647
  --------------------------------------------------------------------------
  slack (MET)                                                      1.7353


  Startpoint: DP_i/mem_access_i_rd_out_reg_i_Y_reg_0_
              (rising edge-triggered flip-flop clocked by CLK)
  Endpoint: DRAM_DATA[26]
            (output port clocked by CLK)
  Path Group: OUTPUTS
  Path Type: max

  Des/Clust/Port     Wire Load Model       Library
  ------------------------------------------------
  DLX                5K_hvratio_1_4        NangateOpenCellLibrary

  Point                                                   Incr       Path
  --------------------------------------------------------------------------
  clock CLK (rise edge)                                 0.0000     0.0000
  clock network delay (ideal)                           0.0500     0.0500
  DP_i/mem_access_i_rd_out_reg_i_Y_reg_0_/CK (DFF_X1)   0.0000     0.0500 r
  DP_i/mem_access_i_rd_out_reg_i_Y_reg_0_/Q (DFF_X1)    0.1427     0.1927 r
  DP_i/rd_mem_w[0] (DataPath)                           0.0000     0.1927 r
  U1112/ZN (INV_X1)                                     0.0565     0.2492 f
  U1114/ZN (AOI22_X1)                                   0.0524     0.3016 r
  U1115/ZN (OAI221_X1)                                  0.0564     0.3580 f
  U1116/ZN (NOR3_X2)                                    0.1853     0.5433 r
  DP_i/fw_mem_mem (DataPath)                            0.0000     0.5433 r
  DP_i/U591/ZN (INV_X1)                                 0.0554     0.5988 f
  DP_i/U4289/ZN (NOR2_X2)                               0.1547     0.7535 r
  DP_i/U4327/ZN (AOI22_X1)                              0.0686     0.8221 f
  DP_i/U4328/ZN (INV_X1)                                0.0348     0.8569 r
  DP_i/D_RAM_write_data[26] (DataPath)                  0.0000     0.8569 r
  U1097/ZN (AND2_X1)                                    0.0432     0.9001 r
  DRAM_DATA_tri_26_/Z (TBUF_X1)                         0.0597     0.9599 r
  DRAM_DATA[26] (inout)                                 0.0048     0.9647 r
  data arrival time                                                0.9647

  clock CLK (rise edge)                                 3.0000     3.0000
  clock network delay (ideal)                           0.0500     3.0500
  clock uncertainty                                    -0.0500     3.0000
  output external delay                                -0.3000     2.7000
  data required time                                               2.7000
  --------------------------------------------------------------------------
  data required time                                               2.7000
  data arrival time                                               -0.9647
  --------------------------------------------------------------------------
  slack (MET)                                                      1.7353


  Startpoint: DP_i/mem_access_i_rd_out_reg_i_Y_reg_0_
              (rising edge-triggered flip-flop clocked by CLK)
  Endpoint: DRAM_DATA[25]
            (output port clocked by CLK)
  Path Group: OUTPUTS
  Path Type: max

  Des/Clust/Port     Wire Load Model       Library
  ------------------------------------------------
  DLX                5K_hvratio_1_4        NangateOpenCellLibrary

  Point                                                   Incr       Path
  --------------------------------------------------------------------------
  clock CLK (rise edge)                                 0.0000     0.0000
  clock network delay (ideal)                           0.0500     0.0500
  DP_i/mem_access_i_rd_out_reg_i_Y_reg_0_/CK (DFF_X1)   0.0000     0.0500 r
  DP_i/mem_access_i_rd_out_reg_i_Y_reg_0_/Q (DFF_X1)    0.1427     0.1927 r
  DP_i/rd_mem_w[0] (DataPath)                           0.0000     0.1927 r
  U1112/ZN (INV_X1)                                     0.0565     0.2492 f
  U1114/ZN (AOI22_X1)                                   0.0524     0.3016 r
  U1115/ZN (OAI221_X1)                                  0.0564     0.3580 f
  U1116/ZN (NOR3_X2)                                    0.1853     0.5433 r
  DP_i/fw_mem_mem (DataPath)                            0.0000     0.5433 r
  DP_i/U591/ZN (INV_X1)                                 0.0554     0.5988 f
  DP_i/U4289/ZN (NOR2_X2)                               0.1547     0.7535 r
  DP_i/U4333/ZN (AOI22_X1)                              0.0686     0.8221 f
  DP_i/U4334/ZN (INV_X1)                                0.0348     0.8569 r
  DP_i/D_RAM_write_data[25] (DataPath)                  0.0000     0.8569 r
  U1100/ZN (AND2_X1)                                    0.0432     0.9001 r
  DRAM_DATA_tri_25_/Z (TBUF_X1)                         0.0597     0.9599 r
  DRAM_DATA[25] (inout)                                 0.0048     0.9647 r
  data arrival time                                                0.9647

  clock CLK (rise edge)                                 3.0000     3.0000
  clock network delay (ideal)                           0.0500     3.0500
  clock uncertainty                                    -0.0500     3.0000
  output external delay                                -0.3000     2.7000
  data required time                                               2.7000
  --------------------------------------------------------------------------
  data required time                                               2.7000
  data arrival time                                               -0.9647
  --------------------------------------------------------------------------
  slack (MET)                                                      1.7353


  Startpoint: DP_i/mem_access_i_rd_out_reg_i_Y_reg_0_
              (rising edge-triggered flip-flop clocked by CLK)
  Endpoint: DRAM_DATA[24]
            (output port clocked by CLK)
  Path Group: OUTPUTS
  Path Type: max

  Des/Clust/Port     Wire Load Model       Library
  ------------------------------------------------
  DLX                5K_hvratio_1_4        NangateOpenCellLibrary

  Point                                                   Incr       Path
  --------------------------------------------------------------------------
  clock CLK (rise edge)                                 0.0000     0.0000
  clock network delay (ideal)                           0.0500     0.0500
  DP_i/mem_access_i_rd_out_reg_i_Y_reg_0_/CK (DFF_X1)   0.0000     0.0500 r
  DP_i/mem_access_i_rd_out_reg_i_Y_reg_0_/Q (DFF_X1)    0.1427     0.1927 r
  DP_i/rd_mem_w[0] (DataPath)                           0.0000     0.1927 r
  U1112/ZN (INV_X1)                                     0.0565     0.2492 f
  U1114/ZN (AOI22_X1)                                   0.0524     0.3016 r
  U1115/ZN (OAI221_X1)                                  0.0564     0.3580 f
  U1116/ZN (NOR3_X2)                                    0.1853     0.5433 r
  DP_i/fw_mem_mem (DataPath)                            0.0000     0.5433 r
  DP_i/U591/ZN (INV_X1)                                 0.0554     0.5988 f
  DP_i/U4289/ZN (NOR2_X2)                               0.1547     0.7535 r
  DP_i/U4329/ZN (AOI22_X1)                              0.0686     0.8221 f
  DP_i/U4330/ZN (INV_X1)                                0.0348     0.8569 r
  DP_i/D_RAM_write_data[24] (DataPath)                  0.0000     0.8569 r
  U1098/ZN (AND2_X1)                                    0.0432     0.9001 r
  DRAM_DATA_tri_24_/Z (TBUF_X1)                         0.0597     0.9599 r
  DRAM_DATA[24] (inout)                                 0.0048     0.9647 r
  data arrival time                                                0.9647

  clock CLK (rise edge)                                 3.0000     3.0000
  clock network delay (ideal)                           0.0500     3.0500
  clock uncertainty                                    -0.0500     3.0000
  output external delay                                -0.3000     2.7000
  data required time                                               2.7000
  --------------------------------------------------------------------------
  data required time                                               2.7000
  data arrival time                                               -0.9647
  --------------------------------------------------------------------------
  slack (MET)                                                      1.7353


  Startpoint: DP_i/mem_access_i_rd_out_reg_i_Y_reg_0_
              (rising edge-triggered flip-flop clocked by CLK)
  Endpoint: DRAM_DATA[29]
            (output port clocked by CLK)
  Path Group: OUTPUTS
  Path Type: max

  Des/Clust/Port     Wire Load Model       Library
  ------------------------------------------------
  DLX                5K_hvratio_1_4        NangateOpenCellLibrary

  Point                                                   Incr       Path
  --------------------------------------------------------------------------
  clock CLK (rise edge)                                 0.0000     0.0000
  clock network delay (ideal)                           0.0500     0.0500
  DP_i/mem_access_i_rd_out_reg_i_Y_reg_0_/CK (DFF_X1)   0.0000     0.0500 r
  DP_i/mem_access_i_rd_out_reg_i_Y_reg_0_/Q (DFF_X1)    0.1427     0.1927 r
  DP_i/rd_mem_w[0] (DataPath)                           0.0000     0.1927 r
  U1112/ZN (INV_X1)                                     0.0565     0.2492 f
  U1114/ZN (AOI22_X1)                                   0.0524     0.3016 r
  U1115/ZN (OAI221_X1)                                  0.0564     0.3580 f
  U1116/ZN (NOR3_X2)                                    0.1853     0.5433 r
  DP_i/fw_mem_mem (DataPath)                            0.0000     0.5433 r
  DP_i/U591/ZN (INV_X1)                                 0.0554     0.5988 f
  DP_i/U4289/ZN (NOR2_X2)                               0.1547     0.7535 r
  DP_i/U4325/ZN (AOI22_X1)                              0.0683     0.8218 f
  DP_i/U4326/ZN (INV_X1)                                0.0348     0.8566 r
  DP_i/D_RAM_write_data[29] (DataPath)                  0.0000     0.8566 r
  U1096/ZN (AND2_X1)                                    0.0432     0.8998 r
  DRAM_DATA_tri_29_/Z (TBUF_X1)                         0.0597     0.9595 r
  DRAM_DATA[29] (inout)                                 0.0048     0.9644 r
  data arrival time                                                0.9644

  clock CLK (rise edge)                                 3.0000     3.0000
  clock network delay (ideal)                           0.0500     3.0500
  clock uncertainty                                    -0.0500     3.0000
  output external delay                                -0.3000     2.7000
  data required time                                               2.7000
  --------------------------------------------------------------------------
  data required time                                               2.7000
  data arrival time                                               -0.9644
  --------------------------------------------------------------------------
  slack (MET)                                                      1.7356


1
