 
****************************************
Report : timing
        -path full
        -delay max
        -nworst 2
        -max_paths 10
Design : DLX
Version: W-2024.09-SP2
Date   : Sun Sep 27 03:47:19 2026
****************************************

Operating Conditions: typical   Library: NangateOpenCellLibrary
Wire Load Model Mode: top

  Startpoint: DP_i/fetch_i_IR_out_reg_26_
              (rising edge-triggered flip-flop clocked by CLK)
  Endpoint: DP_i/fetch_i_pc_i_Y_reg_6_
            (rising edge-triggered flip-flop clocked by CLK)
  Path Group: REG2REG
  Path Type: max

  Des/Clust/Port     Wire Load Model       Library
  ------------------------------------------------
  DLX                5K_hvratio_1_4        NangateOpenCellLibrary

  Point                                                   Incr       Path
  --------------------------------------------------------------------------
  clock CLK (rise edge)                                 0.0000     0.0000
  clock network delay (ideal)                           0.0500     0.0500
  DP_i/fetch_i_IR_out_reg_26_/CK (DFF_X1)               0.0000     0.0500 r
  DP_i/fetch_i_IR_out_reg_26_/Q (DFF_X1)                0.1123     0.1623 f
  DP_i/opcode[0] (DataPath)                             0.0000     0.1623 f
  U832/ZN (INV_X1)                                      0.0851     0.2473 r
  U867/ZN (NAND3_X1)                                    0.0855     0.3328 f
  U868/ZN (NOR2_X2)                                     0.1347     0.4675 r
  DP_i/RF2 (DataPath)                                   0.0000     0.4675 r
  DP_i/U976/ZN (INV_X1)                                 0.0531     0.5207 f
  DP_i/U1124/ZN (NAND2_X1)                              0.0493     0.5699 r
  DP_i/U1125/ZN (INV_X1)                                0.0321     0.6020 f
  DP_i/U1126/ZN (NAND2_X1)                              0.0403     0.6423 r
  DP_i/U1127/ZN (OAI21_X1)                              0.0456     0.6879 f
  DP_i/U1128/ZN (OAI21_X1)                              0.0601     0.7480 r
  DP_i/U1129/ZN (OR2_X1)                                0.0542     0.8023 r
  DP_i/U1132/ZN (NAND2_X1)                              0.0434     0.8457 f
  DP_i/U1133/ZN (NOR2_X1)                               0.0712     0.9169 r
  DP_i/U1138/ZN (NAND2_X1)                              0.0424     0.9593 f
  DP_i/U1141/ZN (NAND2_X1)                              0.0366     0.9958 r
  DP_i/U1733/CO (FA_X1)                                 0.0729     1.0688 r
  DP_i/U1144/ZN (NAND2_X1)                              0.0443     1.1131 f
  DP_i/U168/ZN (OR2_X1)                                 0.0792     1.1923 f
  DP_i/U1150/ZN (NOR2_X1)                               0.0451     1.2374 r
  DP_i/U1151/ZN (OAI22_X1)                              0.0427     1.2802 f
  DP_i/U1152/ZN (OAI21_X1)                              0.0504     1.3306 r
  DP_i/U1153/ZN (NOR2_X1)                               0.0314     1.3620 f
  DP_i/U1390/ZN (OR2_X1)                                0.0690     1.4310 f
  DP_i/U1392/ZN (NOR2_X1)                               0.0695     1.5005 r
  DP_i/U1393/ZN (NOR3_X1)                               0.0345     1.5350 f
  DP_i/U1394/ZN (AOI21_X1)                              0.0621     1.5971 r
  DP_i/U1691/CO (FA_X1)                                 0.0866     1.6837 r
  DP_i/U1397/ZN (NAND2_X1)                              0.0475     1.7312 f
  DP_i/U1521/ZN (NOR2_X1)                               0.0607     1.7918 r
  DP_i/U1526/ZN (XNOR2_X1)                              0.0453     1.8371 f
  DP_i/U1527/ZN (AOI22_X1)                              0.0897     1.9268 r
  DP_i/U1665/ZN (NAND3_X1)                              0.0633     1.9901 f
  DP_i/U1666/ZN (NOR2_X1)                               0.0612     2.0513 r
  DP_i/U2920/ZN (OR2_X1)                                0.0437     2.0950 r
  DP_i/U3172/S (FA_X1)                                  0.1207     2.2156 f
  DP_i/U3173/ZN (AOI22_X1)                              0.0577     2.2734 r
  DP_i/U3174/ZN (OAI221_X1)                             0.0508     2.3242 f
  DP_i/U3177/ZN (AOI211_X1)                             0.0872     2.4114 r
  DP_i/U3178/ZN (OAI21_X1)                              0.0407     2.4522 f
  DP_i/U3183/ZN (AOI211_X1)                             0.0860     2.5382 r
  DP_i/U3184/ZN (OAI21_X1)                              0.0407     2.5789 f
  DP_i/U3190/ZN (AOI211_X1)                             0.0864     2.6653 r
  DP_i/U3203/ZN (OAI211_X1)                             0.0503     2.7156 f
  DP_i/U3204/ZN (AOI21_X1)                              0.0588     2.7744 r
  DP_i/U3205/ZN (NAND4_X1)                              0.0480     2.8224 f
  DP_i/U3213/ZN (AOI211_X1)                             0.0880     2.9103 r
  DP_i/U3222/ZN (NAND2_X1)                              0.0333     2.9437 f
  DP_i/U3223/ZN (AOI22_X1)                              0.0584     3.0020 r
  DP_i/U21/ZN (AOI21_X1)                                0.0727     3.0747 f
  DP_i/U3226/ZN (NOR3_X1)                               0.1414     3.2161 r
  DP_i/U3227/Z (BUF_X1)                                 0.1186     3.3347 r
  DP_i/U3124/ZN (AOI22_X1)                              0.0673     3.4020 f
  DP_i/U3125/ZN (OAI211_X1)                             0.0506     3.4525 r
  DP_i/fetch_i_pc_i_Y_reg_6_/D (DFF_X1)                 0.0110     3.4635 r
  data arrival time                                                3.4635

  clock CLK (rise edge)                                 3.5000     3.5000
  clock network delay (ideal)                           0.0500     3.5500
  clock uncertainty                                    -0.0500     3.5000
  DP_i/fetch_i_pc_i_Y_reg_6_/CK (DFF_X1)                0.0000     3.5000 r
  library setup time                                   -0.0321     3.4679
  data required time                                               3.4679
  --------------------------------------------------------------------------
  data required time                                               3.4679
  data arrival time                                               -3.4635
  --------------------------------------------------------------------------
  slack (MET)                                                      0.0044


  Startpoint: DP_i/fetch_i_IR_out_reg_26_
              (rising edge-triggered flip-flop clocked by CLK)
  Endpoint: DP_i/fetch_i_pc_i_Y_reg_8_
            (rising edge-triggered flip-flop clocked by CLK)
  Path Group: REG2REG
  Path Type: max

  Des/Clust/Port     Wire Load Model       Library
  ------------------------------------------------
  DLX                5K_hvratio_1_4        NangateOpenCellLibrary

  Point                                                   Incr       Path
  --------------------------------------------------------------------------
  clock CLK (rise edge)                                 0.0000     0.0000
  clock network delay (ideal)                           0.0500     0.0500
  DP_i/fetch_i_IR_out_reg_26_/CK (DFF_X1)               0.0000     0.0500 r
  DP_i/fetch_i_IR_out_reg_26_/Q (DFF_X1)                0.1123     0.1623 f
  DP_i/opcode[0] (DataPath)                             0.0000     0.1623 f
  U832/ZN (INV_X1)                                      0.0851     0.2473 r
  U867/ZN (NAND3_X1)                                    0.0855     0.3328 f
  U868/ZN (NOR2_X2)                                     0.1347     0.4675 r
  DP_i/RF2 (DataPath)                                   0.0000     0.4675 r
  DP_i/U976/ZN (INV_X1)                                 0.0531     0.5207 f
  DP_i/U1124/ZN (NAND2_X1)                              0.0493     0.5699 r
  DP_i/U1125/ZN (INV_X1)                                0.0321     0.6020 f
  DP_i/U1126/ZN (NAND2_X1)                              0.0403     0.6423 r
  DP_i/U1127/ZN (OAI21_X1)                              0.0456     0.6879 f
  DP_i/U1128/ZN (OAI21_X1)                              0.0601     0.7480 r
  DP_i/U1129/ZN (OR2_X1)                                0.0542     0.8023 r
  DP_i/U1132/ZN (NAND2_X1)                              0.0434     0.8457 f
  DP_i/U1133/ZN (NOR2_X1)                               0.0712     0.9169 r
  DP_i/U1138/ZN (NAND2_X1)                              0.0424     0.9593 f
  DP_i/U1141/ZN (NAND2_X1)                              0.0366     0.9958 r
  DP_i/U1733/CO (FA_X1)                                 0.0729     1.0688 r
  DP_i/U1144/ZN (NAND2_X1)                              0.0443     1.1131 f
  DP_i/U168/ZN (OR2_X1)                                 0.0792     1.1923 f
  DP_i/U1150/ZN (NOR2_X1)                               0.0451     1.2374 r
  DP_i/U1151/ZN (OAI22_X1)                              0.0427     1.2802 f
  DP_i/U1152/ZN (OAI21_X1)                              0.0504     1.3306 r
  DP_i/U1153/ZN (NOR2_X1)                               0.0314     1.3620 f
  DP_i/U1390/ZN (OR2_X1)                                0.0690     1.4310 f
  DP_i/U1392/ZN (NOR2_X1)                               0.0695     1.5005 r
  DP_i/U1393/ZN (NOR3_X1)                               0.0345     1.5350 f
  DP_i/U1394/ZN (AOI21_X1)                              0.0621     1.5971 r
  DP_i/U1691/CO (FA_X1)                                 0.0866     1.6837 r
  DP_i/U1397/ZN (NAND2_X1)                              0.0475     1.7312 f
  DP_i/U1521/ZN (NOR2_X1)                               0.0607     1.7918 r
  DP_i/U1526/ZN (XNOR2_X1)                              0.0453     1.8371 f
  DP_i/U1527/ZN (AOI22_X1)                              0.0897     1.9268 r
  DP_i/U1665/ZN (NAND3_X1)                              0.0633     1.9901 f
  DP_i/U1666/ZN (NOR2_X1)                               0.0612     2.0513 r
  DP_i/U2920/ZN (OR2_X1)                                0.0437     2.0950 r
  DP_i/U3172/S (FA_X1)                                  0.1207     2.2156 f
  DP_i/U3173/ZN (AOI22_X1)                              0.0577     2.2734 r
  DP_i/U3174/ZN (OAI221_X1)                             0.0508     2.3242 f
  DP_i/U3177/ZN (AOI211_X1)                             0.0872     2.4114 r
  DP_i/U3178/ZN (OAI21_X1)                              0.0407     2.4522 f
  DP_i/U3183/ZN (AOI211_X1)                             0.0860     2.5382 r
  DP_i/U3184/ZN (OAI21_X1)                              0.0407     2.5789 f
  DP_i/U3190/ZN (AOI211_X1)                             0.0864     2.6653 r
  DP_i/U3203/ZN (OAI211_X1)                             0.0503     2.7156 f
  DP_i/U3204/ZN (AOI21_X1)                              0.0588     2.7744 r
  DP_i/U3205/ZN (NAND4_X1)                              0.0480     2.8224 f
  DP_i/U3213/ZN (AOI211_X1)                             0.0880     2.9103 r
  DP_i/U3222/ZN (NAND2_X1)                              0.0333     2.9437 f
  DP_i/U3223/ZN (AOI22_X1)                              0.0584     3.0020 r
  DP_i/U21/ZN (AOI21_X1)                                0.0727     3.0747 f
  DP_i/U3226/ZN (NOR3_X1)                               0.1414     3.2161 r
  DP_i/U3303/Z (BUF_X1)                                 0.1186     3.3347 r
  DP_i/U3114/ZN (AOI22_X1)                              0.0673     3.4020 f
  DP_i/U3115/ZN (OAI211_X1)                             0.0506     3.4525 r
  DP_i/fetch_i_pc_i_Y_reg_8_/D (DFF_X1)                 0.0110     3.4635 r
  data arrival time                                                3.4635

  clock CLK (rise edge)                                 3.5000     3.5000
  clock network delay (ideal)                           0.0500     3.5500
  clock uncertainty                                    -0.0500     3.5000
  DP_i/fetch_i_pc_i_Y_reg_8_/CK (DFF_X1)                0.0000     3.5000 r
  library setup time                                   -0.0321     3.4679
  data required time                                               3.4679
  --------------------------------------------------------------------------
  data required time                                               3.4679
  data arrival time                                               -3.4635
  --------------------------------------------------------------------------
  slack (MET)                                                      0.0044


  Startpoint: DP_i/fetch_i_IR_out_reg_26_
              (rising edge-triggered flip-flop clocked by CLK)
  Endpoint: DP_i/fetch_i_pc_i_Y_reg_5_
            (rising edge-triggered flip-flop clocked by CLK)
  Path Group: REG2REG
  Path Type: max

  Des/Clust/Port     Wire Load Model       Library
  ------------------------------------------------
  DLX                5K_hvratio_1_4        NangateOpenCellLibrary

  Point                                                   Incr       Path
  --------------------------------------------------------------------------
  clock CLK (rise edge)                                 0.0000     0.0000
  clock network delay (ideal)                           0.0500     0.0500
  DP_i/fetch_i_IR_out_reg_26_/CK (DFF_X1)               0.0000     0.0500 r
  DP_i/fetch_i_IR_out_reg_26_/Q (DFF_X1)                0.1123     0.1623 f
  DP_i/opcode[0] (DataPath)                             0.0000     0.1623 f
  U832/ZN (INV_X1)                                      0.0851     0.2473 r
  U867/ZN (NAND3_X1)                                    0.0855     0.3328 f
  U868/ZN (NOR2_X2)                                     0.1347     0.4675 r
  DP_i/RF2 (DataPath)                                   0.0000     0.4675 r
  DP_i/U976/ZN (INV_X1)                                 0.0531     0.5207 f
  DP_i/U1124/ZN (NAND2_X1)                              0.0493     0.5699 r
  DP_i/U1125/ZN (INV_X1)                                0.0321     0.6020 f
  DP_i/U1126/ZN (NAND2_X1)                              0.0403     0.6423 r
  DP_i/U1127/ZN (OAI21_X1)                              0.0456     0.6879 f
  DP_i/U1128/ZN (OAI21_X1)                              0.0601     0.7480 r
  DP_i/U1129/ZN (OR2_X1)                                0.0542     0.8023 r
  DP_i/U1132/ZN (NAND2_X1)                              0.0434     0.8457 f
  DP_i/U1133/ZN (NOR2_X1)                               0.0712     0.9169 r
  DP_i/U1138/ZN (NAND2_X1)                              0.0424     0.9593 f
  DP_i/U1141/ZN (NAND2_X1)                              0.0366     0.9958 r
  DP_i/U1733/CO (FA_X1)                                 0.0729     1.0688 r
  DP_i/U1144/ZN (NAND2_X1)                              0.0443     1.1131 f
  DP_i/U168/ZN (OR2_X1)                                 0.0792     1.1923 f
  DP_i/U1150/ZN (NOR2_X1)                               0.0451     1.2374 r
  DP_i/U1151/ZN (OAI22_X1)                              0.0427     1.2802 f
  DP_i/U1152/ZN (OAI21_X1)                              0.0504     1.3306 r
  DP_i/U1153/ZN (NOR2_X1)                               0.0314     1.3620 f
  DP_i/U1390/ZN (OR2_X1)                                0.0690     1.4310 f
  DP_i/U1392/ZN (NOR2_X1)                               0.0695     1.5005 r
  DP_i/U1393/ZN (NOR3_X1)                               0.0345     1.5350 f
  DP_i/U1394/ZN (AOI21_X1)                              0.0621     1.5971 r
  DP_i/U1691/CO (FA_X1)                                 0.0866     1.6837 r
  DP_i/U1397/ZN (NAND2_X1)                              0.0475     1.7312 f
  DP_i/U1521/ZN (NOR2_X1)                               0.0607     1.7918 r
  DP_i/U1526/ZN (XNOR2_X1)                              0.0453     1.8371 f
  DP_i/U1527/ZN (AOI22_X1)                              0.0897     1.9268 r
  DP_i/U1665/ZN (NAND3_X1)                              0.0633     1.9901 f
  DP_i/U1666/ZN (NOR2_X1)                               0.0612     2.0513 r
  DP_i/U2920/ZN (OR2_X1)                                0.0437     2.0950 r
  DP_i/U3172/S (FA_X1)                                  0.1207     2.2156 f
  DP_i/U3173/ZN (AOI22_X1)                              0.0577     2.2734 r
  DP_i/U3174/ZN (OAI221_X1)                             0.0508     2.3242 f
  DP_i/U3177/ZN (AOI211_X1)                             0.0872     2.4114 r
  DP_i/U3178/ZN (OAI21_X1)                              0.0407     2.4522 f
  DP_i/U3183/ZN (AOI211_X1)                             0.0860     2.5382 r
  DP_i/U3184/ZN (OAI21_X1)                              0.0407     2.5789 f
  DP_i/U3190/ZN (AOI211_X1)                             0.0864     2.6653 r
  DP_i/U3203/ZN (OAI211_X1)                             0.0503     2.7156 f
  DP_i/U3204/ZN (AOI21_X1)                              0.0588     2.7744 r
  DP_i/U3205/ZN (NAND4_X1)                              0.0480     2.8224 f
  DP_i/U3213/ZN (AOI211_X1)                             0.0880     2.9103 r
  DP_i/U3222/ZN (NAND2_X1)                              0.0333     2.9437 f
  DP_i/U3223/ZN (AOI22_X1)                              0.0584     3.0020 r
  DP_i/U21/ZN (AOI21_X1)                                0.0727     3.0747 f
  DP_i/U3226/ZN (NOR3_X1)                               0.1414     3.2161 r
  DP_i/U3303/Z (BUF_X1)                                 0.1186     3.3347 r
  DP_i/U3129/ZN (AOI22_X1)                              0.0673     3.4020 f
  DP_i/U3130/ZN (OAI211_X1)                             0.0506     3.4525 r
  DP_i/fetch_i_pc_i_Y_reg_5_/D (DFF_X1)                 0.0110     3.4635 r
  data arrival time                                                3.4635

  clock CLK (rise edge)                                 3.5000     3.5000
  clock network delay (ideal)                           0.0500     3.5500
  clock uncertainty                                    -0.0500     3.5000
  DP_i/fetch_i_pc_i_Y_reg_5_/CK (DFF_X1)                0.0000     3.5000 r
  library setup time                                   -0.0321     3.4679
  data required time                                               3.4679
  --------------------------------------------------------------------------
  data required time                                               3.4679
  data arrival time                                               -3.4635
  --------------------------------------------------------------------------
  slack (MET)                                                      0.0044


  Startpoint: DP_i/fetch_i_IR_out_reg_26_
              (rising edge-triggered flip-flop clocked by CLK)
  Endpoint: DP_i/fetch_i_pc_i_Y_reg_7_
            (rising edge-triggered flip-flop clocked by CLK)
  Path Group: REG2REG
  Path Type: max

  Des/Clust/Port     Wire Load Model       Library
  ------------------------------------------------
  DLX                5K_hvratio_1_4        NangateOpenCellLibrary

  Point                                                   Incr       Path
  --------------------------------------------------------------------------
  clock CLK (rise edge)                                 0.0000     0.0000
  clock network delay (ideal)                           0.0500     0.0500
  DP_i/fetch_i_IR_out_reg_26_/CK (DFF_X1)               0.0000     0.0500 r
  DP_i/fetch_i_IR_out_reg_26_/Q (DFF_X1)                0.1123     0.1623 f
  DP_i/opcode[0] (DataPath)                             0.0000     0.1623 f
  U832/ZN (INV_X1)                                      0.0851     0.2473 r
  U867/ZN (NAND3_X1)                                    0.0855     0.3328 f
  U868/ZN (NOR2_X2)                                     0.1347     0.4675 r
  DP_i/RF2 (DataPath)                                   0.0000     0.4675 r
  DP_i/U976/ZN (INV_X1)                                 0.0531     0.5207 f
  DP_i/U1124/ZN (NAND2_X1)                              0.0493     0.5699 r
  DP_i/U1125/ZN (INV_X1)                                0.0321     0.6020 f
  DP_i/U1126/ZN (NAND2_X1)                              0.0403     0.6423 r
  DP_i/U1127/ZN (OAI21_X1)                              0.0456     0.6879 f
  DP_i/U1128/ZN (OAI21_X1)                              0.0601     0.7480 r
  DP_i/U1129/ZN (OR2_X1)                                0.0542     0.8023 r
  DP_i/U1132/ZN (NAND2_X1)                              0.0434     0.8457 f
  DP_i/U1133/ZN (NOR2_X1)                               0.0712     0.9169 r
  DP_i/U1138/ZN (NAND2_X1)                              0.0424     0.9593 f
  DP_i/U1141/ZN (NAND2_X1)                              0.0366     0.9958 r
  DP_i/U1733/CO (FA_X1)                                 0.0729     1.0688 r
  DP_i/U1144/ZN (NAND2_X1)                              0.0443     1.1131 f
  DP_i/U168/ZN (OR2_X1)                                 0.0792     1.1923 f
  DP_i/U1150/ZN (NOR2_X1)                               0.0451     1.2374 r
  DP_i/U1151/ZN (OAI22_X1)                              0.0427     1.2802 f
  DP_i/U1152/ZN (OAI21_X1)                              0.0504     1.3306 r
  DP_i/U1153/ZN (NOR2_X1)                               0.0314     1.3620 f
  DP_i/U1390/ZN (OR2_X1)                                0.0690     1.4310 f
  DP_i/U1392/ZN (NOR2_X1)                               0.0695     1.5005 r
  DP_i/U1393/ZN (NOR3_X1)                               0.0345     1.5350 f
  DP_i/U1394/ZN (AOI21_X1)                              0.0621     1.5971 r
  DP_i/U1691/CO (FA_X1)                                 0.0866     1.6837 r
  DP_i/U1397/ZN (NAND2_X1)                              0.0475     1.7312 f
  DP_i/U1521/ZN (NOR2_X1)                               0.0607     1.7918 r
  DP_i/U1526/ZN (XNOR2_X1)                              0.0453     1.8371 f
  DP_i/U1527/ZN (AOI22_X1)                              0.0897     1.9268 r
  DP_i/U1665/ZN (NAND3_X1)                              0.0633     1.9901 f
  DP_i/U1666/ZN (NOR2_X1)                               0.0612     2.0513 r
  DP_i/U2920/ZN (OR2_X1)                                0.0437     2.0950 r
  DP_i/U3172/S (FA_X1)                                  0.1207     2.2156 f
  DP_i/U3173/ZN (AOI22_X1)                              0.0577     2.2734 r
  DP_i/U3174/ZN (OAI221_X1)                             0.0508     2.3242 f
  DP_i/U3177/ZN (AOI211_X1)                             0.0872     2.4114 r
  DP_i/U3178/ZN (OAI21_X1)                              0.0407     2.4522 f
  DP_i/U3183/ZN (AOI211_X1)                             0.0860     2.5382 r
  DP_i/U3184/ZN (OAI21_X1)                              0.0407     2.5789 f
  DP_i/U3190/ZN (AOI211_X1)                             0.0864     2.6653 r
  DP_i/U3203/ZN (OAI211_X1)                             0.0503     2.7156 f
  DP_i/U3204/ZN (AOI21_X1)                              0.0588     2.7744 r
  DP_i/U3205/ZN (NAND4_X1)                              0.0480     2.8224 f
  DP_i/U3213/ZN (AOI211_X1)                             0.0880     2.9103 r
  DP_i/U3222/ZN (NAND2_X1)                              0.0333     2.9437 f
  DP_i/U3223/ZN (AOI22_X1)                              0.0584     3.0020 r
  DP_i/U21/ZN (AOI21_X1)                                0.0727     3.0747 f
  DP_i/U3226/ZN (NOR3_X1)                               0.1414     3.2161 r
  DP_i/U3227/Z (BUF_X1)                                 0.1186     3.3347 r
  DP_i/U3119/ZN (AOI22_X1)                              0.0673     3.4020 f
  DP_i/U3120/ZN (OAI211_X1)                             0.0506     3.4525 r
  DP_i/fetch_i_pc_i_Y_reg_7_/D (DFF_X1)                 0.0110     3.4635 r
  data arrival time                                                3.4635

  clock CLK (rise edge)                                 3.5000     3.5000
  clock network delay (ideal)                           0.0500     3.5500
  clock uncertainty                                    -0.0500     3.5000
  DP_i/fetch_i_pc_i_Y_reg_7_/CK (DFF_X1)                0.0000     3.5000 r
  library setup time                                   -0.0321     3.4679
  data required time                                               3.4679
  --------------------------------------------------------------------------
  data required time                                               3.4679
  data arrival time                                               -3.4635
  --------------------------------------------------------------------------
  slack (MET)                                                      0.0044


  Startpoint: DP_i/fetch_i_IR_out_reg_26_
              (rising edge-triggered flip-flop clocked by CLK)
  Endpoint: DP_i/fetch_i_pc_i_Y_reg_12_
            (rising edge-triggered flip-flop clocked by CLK)
  Path Group: REG2REG
  Path Type: max

  Des/Clust/Port     Wire Load Model       Library
  ------------------------------------------------
  DLX                5K_hvratio_1_4        NangateOpenCellLibrary

  Point                                                   Incr       Path
  --------------------------------------------------------------------------
  clock CLK (rise edge)                                 0.0000     0.0000
  clock network delay (ideal)                           0.0500     0.0500
  DP_i/fetch_i_IR_out_reg_26_/CK (DFF_X1)               0.0000     0.0500 r
  DP_i/fetch_i_IR_out_reg_26_/Q (DFF_X1)                0.1123     0.1623 f
  DP_i/opcode[0] (DataPath)                             0.0000     0.1623 f
  U832/ZN (INV_X1)                                      0.0851     0.2473 r
  U867/ZN (NAND3_X1)                                    0.0855     0.3328 f
  U868/ZN (NOR2_X2)                                     0.1347     0.4675 r
  DP_i/RF2 (DataPath)                                   0.0000     0.4675 r
  DP_i/U976/ZN (INV_X1)                                 0.0531     0.5207 f
  DP_i/U1124/ZN (NAND2_X1)                              0.0493     0.5699 r
  DP_i/U1125/ZN (INV_X1)                                0.0321     0.6020 f
  DP_i/U1126/ZN (NAND2_X1)                              0.0403     0.6423 r
  DP_i/U1127/ZN (OAI21_X1)                              0.0456     0.6879 f
  DP_i/U1128/ZN (OAI21_X1)                              0.0601     0.7480 r
  DP_i/U1129/ZN (OR2_X1)                                0.0542     0.8023 r
  DP_i/U1132/ZN (NAND2_X1)                              0.0434     0.8457 f
  DP_i/U1133/ZN (NOR2_X1)                               0.0712     0.9169 r
  DP_i/U1138/ZN (NAND2_X1)                              0.0424     0.9593 f
  DP_i/U1141/ZN (NAND2_X1)                              0.0366     0.9958 r
  DP_i/U1733/CO (FA_X1)                                 0.0729     1.0688 r
  DP_i/U1144/ZN (NAND2_X1)                              0.0443     1.1131 f
  DP_i/U168/ZN (OR2_X1)                                 0.0792     1.1923 f
  DP_i/U1150/ZN (NOR2_X1)                               0.0451     1.2374 r
  DP_i/U1151/ZN (OAI22_X1)                              0.0427     1.2802 f
  DP_i/U1152/ZN (OAI21_X1)                              0.0504     1.3306 r
  DP_i/U1153/ZN (NOR2_X1)                               0.0314     1.3620 f
  DP_i/U1390/ZN (OR2_X1)                                0.0690     1.4310 f
  DP_i/U1392/ZN (NOR2_X1)                               0.0695     1.5005 r
  DP_i/U1393/ZN (NOR3_X1)                               0.0345     1.5350 f
  DP_i/U1394/ZN (AOI21_X1)                              0.0621     1.5971 r
  DP_i/U1691/CO (FA_X1)                                 0.0866     1.6837 r
  DP_i/U1397/ZN (NAND2_X1)                              0.0475     1.7312 f
  DP_i/U1521/ZN (NOR2_X1)                               0.0607     1.7918 r
  DP_i/U1526/ZN (XNOR2_X1)                              0.0453     1.8371 f
  DP_i/U1527/ZN (AOI22_X1)                              0.0897     1.9268 r
  DP_i/U1665/ZN (NAND3_X1)                              0.0633     1.9901 f
  DP_i/U1666/ZN (NOR2_X1)                               0.0612     2.0513 r
  DP_i/U2920/ZN (OR2_X1)                                0.0437     2.0950 r
  DP_i/U3172/S (FA_X1)                                  0.1207     2.2156 f
  DP_i/U3173/ZN (AOI22_X1)                              0.0577     2.2734 r
  DP_i/U3174/ZN (OAI221_X1)                             0.0508     2.3242 f
  DP_i/U3177/ZN (AOI211_X1)                             0.0872     2.4114 r
  DP_i/U3178/ZN (OAI21_X1)                              0.0407     2.4522 f
  DP_i/U3183/ZN (AOI211_X1)                             0.0860     2.5382 r
  DP_i/U3184/ZN (OAI21_X1)                              0.0407     2.5789 f
  DP_i/U3190/ZN (AOI211_X1)                             0.0864     2.6653 r
  DP_i/U3203/ZN (OAI211_X1)                             0.0503     2.7156 f
  DP_i/U3204/ZN (AOI21_X1)                              0.0588     2.7744 r
  DP_i/U3205/ZN (NAND4_X1)                              0.0480     2.8224 f
  DP_i/U3213/ZN (AOI211_X1)                             0.0880     2.9103 r
  DP_i/U3222/ZN (NAND2_X1)                              0.0333     2.9437 f
  DP_i/U3223/ZN (AOI22_X1)                              0.0584     3.0020 r
  DP_i/U21/ZN (AOI21_X1)                                0.0727     3.0747 f
  DP_i/U3226/ZN (NOR3_X1)                               0.1414     3.2161 r
  DP_i/U3303/Z (BUF_X1)                                 0.1186     3.3347 r
  DP_i/U3094/ZN (AOI22_X1)                              0.0673     3.4020 f
  DP_i/U3095/ZN (OAI211_X1)                             0.0506     3.4525 r
  DP_i/fetch_i_pc_i_Y_reg_12_/D (DFF_X1)                0.0110     3.4635 r
  data arrival time                                                3.4635

  clock CLK (rise edge)                                 3.5000     3.5000
  clock network delay (ideal)                           0.0500     3.5500
  clock uncertainty                                    -0.0500     3.5000
  DP_i/fetch_i_pc_i_Y_reg_12_/CK (DFF_X1)               0.0000     3.5000 r
  library setup time                                   -0.0321     3.4679
  data required time                                               3.4679
  --------------------------------------------------------------------------
  data required time                                               3.4679
  data arrival time                                               -3.4635
  --------------------------------------------------------------------------
  slack (MET)                                                      0.0044


  Startpoint: DP_i/fetch_i_IR_out_reg_26_
              (rising edge-triggered flip-flop clocked by CLK)
  Endpoint: DP_i/fetch_i_pc_i_Y_reg_4_
            (rising edge-triggered flip-flop clocked by CLK)
  Path Group: REG2REG
  Path Type: max

  Des/Clust/Port     Wire Load Model       Library
  ------------------------------------------------
  DLX                5K_hvratio_1_4        NangateOpenCellLibrary

  Point                                                   Incr       Path
  --------------------------------------------------------------------------
  clock CLK (rise edge)                                 0.0000     0.0000
  clock network delay (ideal)                           0.0500     0.0500
  DP_i/fetch_i_IR_out_reg_26_/CK (DFF_X1)               0.0000     0.0500 r
  DP_i/fetch_i_IR_out_reg_26_/Q (DFF_X1)                0.1123     0.1623 f
  DP_i/opcode[0] (DataPath)                             0.0000     0.1623 f
  U832/ZN (INV_X1)                                      0.0851     0.2473 r
  U867/ZN (NAND3_X1)                                    0.0855     0.3328 f
  U868/ZN (NOR2_X2)                                     0.1347     0.4675 r
  DP_i/RF2 (DataPath)                                   0.0000     0.4675 r
  DP_i/U976/ZN (INV_X1)                                 0.0531     0.5207 f
  DP_i/U1124/ZN (NAND2_X1)                              0.0493     0.5699 r
  DP_i/U1125/ZN (INV_X1)                                0.0321     0.6020 f
  DP_i/U1126/ZN (NAND2_X1)                              0.0403     0.6423 r
  DP_i/U1127/ZN (OAI21_X1)                              0.0456     0.6879 f
  DP_i/U1128/ZN (OAI21_X1)                              0.0601     0.7480 r
  DP_i/U1129/ZN (OR2_X1)                                0.0542     0.8023 r
  DP_i/U1132/ZN (NAND2_X1)                              0.0434     0.8457 f
  DP_i/U1133/ZN (NOR2_X1)                               0.0712     0.9169 r
  DP_i/U1138/ZN (NAND2_X1)                              0.0424     0.9593 f
  DP_i/U1141/ZN (NAND2_X1)                              0.0366     0.9958 r
  DP_i/U1733/CO (FA_X1)                                 0.0729     1.0688 r
  DP_i/U1144/ZN (NAND2_X1)                              0.0443     1.1131 f
  DP_i/U168/ZN (OR2_X1)                                 0.0792     1.1923 f
  DP_i/U1150/ZN (NOR2_X1)                               0.0451     1.2374 r
  DP_i/U1151/ZN (OAI22_X1)                              0.0427     1.2802 f
  DP_i/U1152/ZN (OAI21_X1)                              0.0504     1.3306 r
  DP_i/U1153/ZN (NOR2_X1)                               0.0314     1.3620 f
  DP_i/U1390/ZN (OR2_X1)                                0.0690     1.4310 f
  DP_i/U1392/ZN (NOR2_X1)                               0.0695     1.5005 r
  DP_i/U1393/ZN (NOR3_X1)                               0.0345     1.5350 f
  DP_i/U1394/ZN (AOI21_X1)                              0.0621     1.5971 r
  DP_i/U1691/CO (FA_X1)                                 0.0866     1.6837 r
  DP_i/U1397/ZN (NAND2_X1)                              0.0475     1.7312 f
  DP_i/U1521/ZN (NOR2_X1)                               0.0607     1.7918 r
  DP_i/U1526/ZN (XNOR2_X1)                              0.0453     1.8371 f
  DP_i/U1527/ZN (AOI22_X1)                              0.0897     1.9268 r
  DP_i/U1665/ZN (NAND3_X1)                              0.0633     1.9901 f
  DP_i/U1666/ZN (NOR2_X1)                               0.0612     2.0513 r
  DP_i/U2920/ZN (OR2_X1)                                0.0437     2.0950 r
  DP_i/U3172/S (FA_X1)                                  0.1207     2.2156 f
  DP_i/U3173/ZN (AOI22_X1)                              0.0577     2.2734 r
  DP_i/U3174/ZN (OAI221_X1)                             0.0508     2.3242 f
  DP_i/U3177/ZN (AOI211_X1)                             0.0872     2.4114 r
  DP_i/U3178/ZN (OAI21_X1)                              0.0407     2.4522 f
  DP_i/U3183/ZN (AOI211_X1)                             0.0860     2.5382 r
  DP_i/U3184/ZN (OAI21_X1)                              0.0407     2.5789 f
  DP_i/U3190/ZN (AOI211_X1)                             0.0864     2.6653 r
  DP_i/U3203/ZN (OAI211_X1)                             0.0503     2.7156 f
  DP_i/U3204/ZN (AOI21_X1)                              0.0588     2.7744 r
  DP_i/U3205/ZN (NAND4_X1)                              0.0480     2.8224 f
  DP_i/U3213/ZN (AOI211_X1)                             0.0880     2.9103 r
  DP_i/U3222/ZN (NAND2_X1)                              0.0333     2.9437 f
  DP_i/U3223/ZN (AOI22_X1)                              0.0584     3.0020 r
  DP_i/U21/ZN (AOI21_X1)                                0.0727     3.0747 f
  DP_i/U3226/ZN (NOR3_X1)                               0.1414     3.2161 r
  DP_i/U3227/Z (BUF_X1)                                 0.1186     3.3347 r
  DP_i/U3134/ZN (AOI22_X1)                              0.0673     3.4020 f
  DP_i/U3135/ZN (OAI211_X1)                             0.0506     3.4525 r
  DP_i/fetch_i_pc_i_Y_reg_4_/D (DFF_X1)                 0.0110     3.4635 r
  data arrival time                                                3.4635

  clock CLK (rise edge)                                 3.5000     3.5000
  clock network delay (ideal)                           0.0500     3.5500
  clock uncertainty                                    -0.0500     3.5000
  DP_i/fetch_i_pc_i_Y_reg_4_/CK (DFF_X1)                0.0000     3.5000 r
  library setup time                                   -0.0321     3.4679
  data required time                                               3.4679
  --------------------------------------------------------------------------
  data required time                                               3.4679
  data arrival time                                               -3.4635
  --------------------------------------------------------------------------
  slack (MET)                                                      0.0044


  Startpoint: DP_i/fetch_i_IR_out_reg_26_
              (rising edge-triggered flip-flop clocked by CLK)
  Endpoint: DP_i/fetch_i_pc_i_Y_reg_9_
            (rising edge-triggered flip-flop clocked by CLK)
  Path Group: REG2REG
  Path Type: max

  Des/Clust/Port     Wire Load Model       Library
  ------------------------------------------------
  DLX                5K_hvratio_1_4        NangateOpenCellLibrary

  Point                                                   Incr       Path
  --------------------------------------------------------------------------
  clock CLK (rise edge)                                 0.0000     0.0000
  clock network delay (ideal)                           0.0500     0.0500
  DP_i/fetch_i_IR_out_reg_26_/CK (DFF_X1)               0.0000     0.0500 r
  DP_i/fetch_i_IR_out_reg_26_/Q (DFF_X1)                0.1123     0.1623 f
  DP_i/opcode[0] (DataPath)                             0.0000     0.1623 f
  U832/ZN (INV_X1)                                      0.0851     0.2473 r
  U867/ZN (NAND3_X1)                                    0.0855     0.3328 f
  U868/ZN (NOR2_X2)                                     0.1347     0.4675 r
  DP_i/RF2 (DataPath)                                   0.0000     0.4675 r
  DP_i/U976/ZN (INV_X1)                                 0.0531     0.5207 f
  DP_i/U1124/ZN (NAND2_X1)                              0.0493     0.5699 r
  DP_i/U1125/ZN (INV_X1)                                0.0321     0.6020 f
  DP_i/U1126/ZN (NAND2_X1)                              0.0403     0.6423 r
  DP_i/U1127/ZN (OAI21_X1)                              0.0456     0.6879 f
  DP_i/U1128/ZN (OAI21_X1)                              0.0601     0.7480 r
  DP_i/U1129/ZN (OR2_X1)                                0.0542     0.8023 r
  DP_i/U1132/ZN (NAND2_X1)                              0.0434     0.8457 f
  DP_i/U1133/ZN (NOR2_X1)                               0.0712     0.9169 r
  DP_i/U1138/ZN (NAND2_X1)                              0.0424     0.9593 f
  DP_i/U1141/ZN (NAND2_X1)                              0.0366     0.9958 r
  DP_i/U1733/CO (FA_X1)                                 0.0729     1.0688 r
  DP_i/U1144/ZN (NAND2_X1)                              0.0443     1.1131 f
  DP_i/U168/ZN (OR2_X1)                                 0.0792     1.1923 f
  DP_i/U1150/ZN (NOR2_X1)                               0.0451     1.2374 r
  DP_i/U1151/ZN (OAI22_X1)                              0.0427     1.2802 f
  DP_i/U1152/ZN (OAI21_X1)                              0.0504     1.3306 r
  DP_i/U1153/ZN (NOR2_X1)                               0.0314     1.3620 f
  DP_i/U1390/ZN (OR2_X1)                                0.0690     1.4310 f
  DP_i/U1392/ZN (NOR2_X1)                               0.0695     1.5005 r
  DP_i/U1393/ZN (NOR3_X1)                               0.0345     1.5350 f
  DP_i/U1394/ZN (AOI21_X1)                              0.0621     1.5971 r
  DP_i/U1691/CO (FA_X1)                                 0.0866     1.6837 r
  DP_i/U1397/ZN (NAND2_X1)                              0.0475     1.7312 f
  DP_i/U1521/ZN (NOR2_X1)                               0.0607     1.7918 r
  DP_i/U1526/ZN (XNOR2_X1)                              0.0453     1.8371 f
  DP_i/U1527/ZN (AOI22_X1)                              0.0897     1.9268 r
  DP_i/U1665/ZN (NAND3_X1)                              0.0633     1.9901 f
  DP_i/U1666/ZN (NOR2_X1)                               0.0612     2.0513 r
  DP_i/U2920/ZN (OR2_X1)                                0.0437     2.0950 r
  DP_i/U3172/S (FA_X1)                                  0.1207     2.2156 f
  DP_i/U3173/ZN (AOI22_X1)                              0.0577     2.2734 r
  DP_i/U3174/ZN (OAI221_X1)                             0.0508     2.3242 f
  DP_i/U3177/ZN (AOI211_X1)                             0.0872     2.4114 r
  DP_i/U3178/ZN (OAI21_X1)                              0.0407     2.4522 f
  DP_i/U3183/ZN (AOI211_X1)                             0.0860     2.5382 r
  DP_i/U3184/ZN (OAI21_X1)                              0.0407     2.5789 f
  DP_i/U3190/ZN (AOI211_X1)                             0.0864     2.6653 r
  DP_i/U3203/ZN (OAI211_X1)                             0.0503     2.7156 f
  DP_i/U3204/ZN (AOI21_X1)                              0.0588     2.7744 r
  DP_i/U3205/ZN (NAND4_X1)                              0.0480     2.8224 f
  DP_i/U3213/ZN (AOI211_X1)                             0.0880     2.9103 r
  DP_i/U3222/ZN (NAND2_X1)                              0.0333     2.9437 f
  DP_i/U3223/ZN (AOI22_X1)                              0.0584     3.0020 r
  DP_i/U21/ZN (AOI21_X1)                                0.0727     3.0747 f
  DP_i/U3226/ZN (NOR3_X1)                               0.1414     3.2161 r
  DP_i/U3303/Z (BUF_X1)                                 0.1186     3.3347 r
  DP_i/U3109/ZN (AOI22_X1)                              0.0673     3.4020 f
  DP_i/U3110/ZN (OAI211_X1)                             0.0506     3.4525 r
  DP_i/fetch_i_pc_i_Y_reg_9_/D (DFF_X1)                 0.0110     3.4635 r
  data arrival time                                                3.4635

  clock CLK (rise edge)                                 3.5000     3.5000
  clock network delay (ideal)                           0.0500     3.5500
  clock uncertainty                                    -0.0500     3.5000
  DP_i/fetch_i_pc_i_Y_reg_9_/CK (DFF_X1)                0.0000     3.5000 r
  library setup time                                   -0.0321     3.4679
  data required time                                               3.4679
  --------------------------------------------------------------------------
  data required time                                               3.4679
  data arrival time                                               -3.4635
  --------------------------------------------------------------------------
  slack (MET)                                                      0.0044


  Startpoint: DP_i/fetch_i_IR_out_reg_26_
              (rising edge-triggered flip-flop clocked by CLK)
  Endpoint: DP_i/fetch_i_pc_i_Y_reg_11_
            (rising edge-triggered flip-flop clocked by CLK)
  Path Group: REG2REG
  Path Type: max

  Des/Clust/Port     Wire Load Model       Library
  ------------------------------------------------
  DLX                5K_hvratio_1_4        NangateOpenCellLibrary

  Point                                                   Incr       Path
  --------------------------------------------------------------------------
  clock CLK (rise edge)                                 0.0000     0.0000
  clock network delay (ideal)                           0.0500     0.0500
  DP_i/fetch_i_IR_out_reg_26_/CK (DFF_X1)               0.0000     0.0500 r
  DP_i/fetch_i_IR_out_reg_26_/Q (DFF_X1)                0.1123     0.1623 f
  DP_i/opcode[0] (DataPath)                             0.0000     0.1623 f
  U832/ZN (INV_X1)                                      0.0851     0.2473 r
  U867/ZN (NAND3_X1)                                    0.0855     0.3328 f
  U868/ZN (NOR2_X2)                                     0.1347     0.4675 r
  DP_i/RF2 (DataPath)                                   0.0000     0.4675 r
  DP_i/U976/ZN (INV_X1)                                 0.0531     0.5207 f
  DP_i/U1124/ZN (NAND2_X1)                              0.0493     0.5699 r
  DP_i/U1125/ZN (INV_X1)                                0.0321     0.6020 f
  DP_i/U1126/ZN (NAND2_X1)                              0.0403     0.6423 r
  DP_i/U1127/ZN (OAI21_X1)                              0.0456     0.6879 f
  DP_i/U1128/ZN (OAI21_X1)                              0.0601     0.7480 r
  DP_i/U1129/ZN (OR2_X1)                                0.0542     0.8023 r
  DP_i/U1132/ZN (NAND2_X1)                              0.0434     0.8457 f
  DP_i/U1133/ZN (NOR2_X1)                               0.0712     0.9169 r
  DP_i/U1138/ZN (NAND2_X1)                              0.0424     0.9593 f
  DP_i/U1141/ZN (NAND2_X1)                              0.0366     0.9958 r
  DP_i/U1733/CO (FA_X1)                                 0.0729     1.0688 r
  DP_i/U1144/ZN (NAND2_X1)                              0.0443     1.1131 f
  DP_i/U168/ZN (OR2_X1)                                 0.0792     1.1923 f
  DP_i/U1150/ZN (NOR2_X1)                               0.0451     1.2374 r
  DP_i/U1151/ZN (OAI22_X1)                              0.0427     1.2802 f
  DP_i/U1152/ZN (OAI21_X1)                              0.0504     1.3306 r
  DP_i/U1153/ZN (NOR2_X1)                               0.0314     1.3620 f
  DP_i/U1390/ZN (OR2_X1)                                0.0690     1.4310 f
  DP_i/U1392/ZN (NOR2_X1)                               0.0695     1.5005 r
  DP_i/U1393/ZN (NOR3_X1)                               0.0345     1.5350 f
  DP_i/U1394/ZN (AOI21_X1)                              0.0621     1.5971 r
  DP_i/U1691/CO (FA_X1)                                 0.0866     1.6837 r
  DP_i/U1397/ZN (NAND2_X1)                              0.0475     1.7312 f
  DP_i/U1521/ZN (NOR2_X1)                               0.0607     1.7918 r
  DP_i/U1526/ZN (XNOR2_X1)                              0.0453     1.8371 f
  DP_i/U1527/ZN (AOI22_X1)                              0.0897     1.9268 r
  DP_i/U1665/ZN (NAND3_X1)                              0.0633     1.9901 f
  DP_i/U1666/ZN (NOR2_X1)                               0.0612     2.0513 r
  DP_i/U2920/ZN (OR2_X1)                                0.0437     2.0950 r
  DP_i/U3172/S (FA_X1)                                  0.1207     2.2156 f
  DP_i/U3173/ZN (AOI22_X1)                              0.0577     2.2734 r
  DP_i/U3174/ZN (OAI221_X1)                             0.0508     2.3242 f
  DP_i/U3177/ZN (AOI211_X1)                             0.0872     2.4114 r
  DP_i/U3178/ZN (OAI21_X1)                              0.0407     2.4522 f
  DP_i/U3183/ZN (AOI211_X1)                             0.0860     2.5382 r
  DP_i/U3184/ZN (OAI21_X1)                              0.0407     2.5789 f
  DP_i/U3190/ZN (AOI211_X1)                             0.0864     2.6653 r
  DP_i/U3203/ZN (OAI211_X1)                             0.0503     2.7156 f
  DP_i/U3204/ZN (AOI21_X1)                              0.0588     2.7744 r
  DP_i/U3205/ZN (NAND4_X1)                              0.0480     2.8224 f
  DP_i/U3213/ZN (AOI211_X1)                             0.0880     2.9103 r
  DP_i/U3222/ZN (NAND2_X1)                              0.0333     2.9437 f
  DP_i/U3223/ZN (AOI22_X1)                              0.0584     3.0020 r
  DP_i/U21/ZN (AOI21_X1)                                0.0727     3.0747 f
  DP_i/U3226/ZN (NOR3_X1)                               0.1414     3.2161 r
  DP_i/U3303/Z (BUF_X1)                                 0.1186     3.3347 r
  DP_i/U3099/ZN (AOI22_X1)                              0.0673     3.4020 f
  DP_i/U3100/ZN (OAI211_X1)                             0.0506     3.4525 r
  DP_i/fetch_i_pc_i_Y_reg_11_/D (DFF_X1)                0.0110     3.4635 r
  data arrival time                                                3.4635

  clock CLK (rise edge)                                 3.5000     3.5000
  clock network delay (ideal)                           0.0500     3.5500
  clock uncertainty                                    -0.0500     3.5000
  DP_i/fetch_i_pc_i_Y_reg_11_/CK (DFF_X1)               0.0000     3.5000 r
  library setup time                                   -0.0321     3.4679
  data required time                                               3.4679
  --------------------------------------------------------------------------
  data required time                                               3.4679
  data arrival time                                               -3.4635
  --------------------------------------------------------------------------
  slack (MET)                                                      0.0044


  Startpoint: DP_i/fetch_i_IR_out_reg_26_
              (rising edge-triggered flip-flop clocked by CLK)
  Endpoint: DP_i/fetch_i_pc_i_Y_reg_3_
            (rising edge-triggered flip-flop clocked by CLK)
  Path Group: REG2REG
  Path Type: max

  Des/Clust/Port     Wire Load Model       Library
  ------------------------------------------------
  DLX                5K_hvratio_1_4        NangateOpenCellLibrary

  Point                                                   Incr       Path
  --------------------------------------------------------------------------
  clock CLK (rise edge)                                 0.0000     0.0000
  clock network delay (ideal)                           0.0500     0.0500
  DP_i/fetch_i_IR_out_reg_26_/CK (DFF_X1)               0.0000     0.0500 r
  DP_i/fetch_i_IR_out_reg_26_/Q (DFF_X1)                0.1123     0.1623 f
  DP_i/opcode[0] (DataPath)                             0.0000     0.1623 f
  U832/ZN (INV_X1)                                      0.0851     0.2473 r
  U867/ZN (NAND3_X1)                                    0.0855     0.3328 f
  U868/ZN (NOR2_X2)                                     0.1347     0.4675 r
  DP_i/RF2 (DataPath)                                   0.0000     0.4675 r
  DP_i/U976/ZN (INV_X1)                                 0.0531     0.5207 f
  DP_i/U1124/ZN (NAND2_X1)                              0.0493     0.5699 r
  DP_i/U1125/ZN (INV_X1)                                0.0321     0.6020 f
  DP_i/U1126/ZN (NAND2_X1)                              0.0403     0.6423 r
  DP_i/U1127/ZN (OAI21_X1)                              0.0456     0.6879 f
  DP_i/U1128/ZN (OAI21_X1)                              0.0601     0.7480 r
  DP_i/U1129/ZN (OR2_X1)                                0.0542     0.8023 r
  DP_i/U1132/ZN (NAND2_X1)                              0.0434     0.8457 f
  DP_i/U1133/ZN (NOR2_X1)                               0.0712     0.9169 r
  DP_i/U1138/ZN (NAND2_X1)                              0.0424     0.9593 f
  DP_i/U1141/ZN (NAND2_X1)                              0.0366     0.9958 r
  DP_i/U1733/CO (FA_X1)                                 0.0729     1.0688 r
  DP_i/U1144/ZN (NAND2_X1)                              0.0443     1.1131 f
  DP_i/U168/ZN (OR2_X1)                                 0.0792     1.1923 f
  DP_i/U1150/ZN (NOR2_X1)                               0.0451     1.2374 r
  DP_i/U1151/ZN (OAI22_X1)                              0.0427     1.2802 f
  DP_i/U1152/ZN (OAI21_X1)                              0.0504     1.3306 r
  DP_i/U1153/ZN (NOR2_X1)                               0.0314     1.3620 f
  DP_i/U1390/ZN (OR2_X1)                                0.0690     1.4310 f
  DP_i/U1392/ZN (NOR2_X1)                               0.0695     1.5005 r
  DP_i/U1393/ZN (NOR3_X1)                               0.0345     1.5350 f
  DP_i/U1394/ZN (AOI21_X1)                              0.0621     1.5971 r
  DP_i/U1691/CO (FA_X1)                                 0.0866     1.6837 r
  DP_i/U1397/ZN (NAND2_X1)                              0.0475     1.7312 f
  DP_i/U1521/ZN (NOR2_X1)                               0.0607     1.7918 r
  DP_i/U1526/ZN (XNOR2_X1)                              0.0453     1.8371 f
  DP_i/U1527/ZN (AOI22_X1)                              0.0897     1.9268 r
  DP_i/U1665/ZN (NAND3_X1)                              0.0633     1.9901 f
  DP_i/U1666/ZN (NOR2_X1)                               0.0612     2.0513 r
  DP_i/U2920/ZN (OR2_X1)                                0.0437     2.0950 r
  DP_i/U3172/S (FA_X1)                                  0.1207     2.2156 f
  DP_i/U3173/ZN (AOI22_X1)                              0.0577     2.2734 r
  DP_i/U3174/ZN (OAI221_X1)                             0.0508     2.3242 f
  DP_i/U3177/ZN (AOI211_X1)                             0.0872     2.4114 r
  DP_i/U3178/ZN (OAI21_X1)                              0.0407     2.4522 f
  DP_i/U3183/ZN (AOI211_X1)                             0.0860     2.5382 r
  DP_i/U3184/ZN (OAI21_X1)                              0.0407     2.5789 f
  DP_i/U3190/ZN (AOI211_X1)                             0.0864     2.6653 r
  DP_i/U3203/ZN (OAI211_X1)                             0.0503     2.7156 f
  DP_i/U3204/ZN (AOI21_X1)                              0.0588     2.7744 r
  DP_i/U3205/ZN (NAND4_X1)                              0.0480     2.8224 f
  DP_i/U3213/ZN (AOI211_X1)                             0.0880     2.9103 r
  DP_i/U3222/ZN (NAND2_X1)                              0.0333     2.9437 f
  DP_i/U3223/ZN (AOI22_X1)                              0.0584     3.0020 r
  DP_i/U21/ZN (AOI21_X1)                                0.0727     3.0747 f
  DP_i/U3226/ZN (NOR3_X1)                               0.1414     3.2161 r
  DP_i/U3303/Z (BUF_X1)                                 0.1186     3.3347 r
  DP_i/U3139/ZN (AOI22_X1)                              0.0673     3.4020 f
  DP_i/U3140/ZN (OAI211_X1)                             0.0506     3.4525 r
  DP_i/fetch_i_pc_i_Y_reg_3_/D (DFF_X1)                 0.0110     3.4635 r
  data arrival time                                                3.4635

  clock CLK (rise edge)                                 3.5000     3.5000
  clock network delay (ideal)                           0.0500     3.5500
  clock uncertainty                                    -0.0500     3.5000
  DP_i/fetch_i_pc_i_Y_reg_3_/CK (DFF_X1)                0.0000     3.5000 r
  library setup time                                   -0.0321     3.4679
  data required time                                               3.4679
  --------------------------------------------------------------------------
  data required time                                               3.4679
  data arrival time                                               -3.4635
  --------------------------------------------------------------------------
  slack (MET)                                                      0.0044


  Startpoint: DP_i/fetch_i_IR_out_reg_26_
              (rising edge-triggered flip-flop clocked by CLK)
  Endpoint: DP_i/fetch_i_pc_i_Y_reg_10_
            (rising edge-triggered flip-flop clocked by CLK)
  Path Group: REG2REG
  Path Type: max

  Des/Clust/Port     Wire Load Model       Library
  ------------------------------------------------
  DLX                5K_hvratio_1_4        NangateOpenCellLibrary

  Point                                                   Incr       Path
  --------------------------------------------------------------------------
  clock CLK (rise edge)                                 0.0000     0.0000
  clock network delay (ideal)                           0.0500     0.0500
  DP_i/fetch_i_IR_out_reg_26_/CK (DFF_X1)               0.0000     0.0500 r
  DP_i/fetch_i_IR_out_reg_26_/Q (DFF_X1)                0.1123     0.1623 f
  DP_i/opcode[0] (DataPath)                             0.0000     0.1623 f
  U832/ZN (INV_X1)                                      0.0851     0.2473 r
  U867/ZN (NAND3_X1)                                    0.0855     0.3328 f
  U868/ZN (NOR2_X2)                                     0.1347     0.4675 r
  DP_i/RF2 (DataPath)                                   0.0000     0.4675 r
  DP_i/U976/ZN (INV_X1)                                 0.0531     0.5207 f
  DP_i/U1124/ZN (NAND2_X1)                              0.0493     0.5699 r
  DP_i/U1125/ZN (INV_X1)                                0.0321     0.6020 f
  DP_i/U1126/ZN (NAND2_X1)                              0.0403     0.6423 r
  DP_i/U1127/ZN (OAI21_X1)                              0.0456     0.6879 f
  DP_i/U1128/ZN (OAI21_X1)                              0.0601     0.7480 r
  DP_i/U1129/ZN (OR2_X1)                                0.0542     0.8023 r
  DP_i/U1132/ZN (NAND2_X1)                              0.0434     0.8457 f
  DP_i/U1133/ZN (NOR2_X1)                               0.0712     0.9169 r
  DP_i/U1138/ZN (NAND2_X1)                              0.0424     0.9593 f
  DP_i/U1141/ZN (NAND2_X1)                              0.0366     0.9958 r
  DP_i/U1733/CO (FA_X1)                                 0.0729     1.0688 r
  DP_i/U1144/ZN (NAND2_X1)                              0.0443     1.1131 f
  DP_i/U168/ZN (OR2_X1)                                 0.0792     1.1923 f
  DP_i/U1150/ZN (NOR2_X1)                               0.0451     1.2374 r
  DP_i/U1151/ZN (OAI22_X1)                              0.0427     1.2802 f
  DP_i/U1152/ZN (OAI21_X1)                              0.0504     1.3306 r
  DP_i/U1153/ZN (NOR2_X1)                               0.0314     1.3620 f
  DP_i/U1390/ZN (OR2_X1)                                0.0690     1.4310 f
  DP_i/U1392/ZN (NOR2_X1)                               0.0695     1.5005 r
  DP_i/U1393/ZN (NOR3_X1)                               0.0345     1.5350 f
  DP_i/U1394/ZN (AOI21_X1)                              0.0621     1.5971 r
  DP_i/U1691/CO (FA_X1)                                 0.0866     1.6837 r
  DP_i/U1397/ZN (NAND2_X1)                              0.0475     1.7312 f
  DP_i/U1521/ZN (NOR2_X1)                               0.0607     1.7918 r
  DP_i/U1526/ZN (XNOR2_X1)                              0.0453     1.8371 f
  DP_i/U1527/ZN (AOI22_X1)                              0.0897     1.9268 r
  DP_i/U1665/ZN (NAND3_X1)                              0.0633     1.9901 f
  DP_i/U1666/ZN (NOR2_X1)                               0.0612     2.0513 r
  DP_i/U2920/ZN (OR2_X1)                                0.0437     2.0950 r
  DP_i/U3172/S (FA_X1)                                  0.1207     2.2156 f
  DP_i/U3173/ZN (AOI22_X1)                              0.0577     2.2734 r
  DP_i/U3174/ZN (OAI221_X1)                             0.0508     2.3242 f
  DP_i/U3177/ZN (AOI211_X1)                             0.0872     2.4114 r
  DP_i/U3178/ZN (OAI21_X1)                              0.0407     2.4522 f
  DP_i/U3183/ZN (AOI211_X1)                             0.0860     2.5382 r
  DP_i/U3184/ZN (OAI21_X1)                              0.0407     2.5789 f
  DP_i/U3190/ZN (AOI211_X1)                             0.0864     2.6653 r
  DP_i/U3203/ZN (OAI211_X1)                             0.0503     2.7156 f
  DP_i/U3204/ZN (AOI21_X1)                              0.0588     2.7744 r
  DP_i/U3205/ZN (NAND4_X1)                              0.0480     2.8224 f
  DP_i/U3213/ZN (AOI211_X1)                             0.0880     2.9103 r
  DP_i/U3222/ZN (NAND2_X1)                              0.0333     2.9437 f
  DP_i/U3223/ZN (AOI22_X1)                              0.0584     3.0020 r
  DP_i/U21/ZN (AOI21_X1)                                0.0727     3.0747 f
  DP_i/U3226/ZN (NOR3_X1)                               0.1414     3.2161 r
  DP_i/U3303/Z (BUF_X1)                                 0.1186     3.3347 r
  DP_i/U3104/ZN (AOI22_X1)                              0.0673     3.4020 f
  DP_i/U3105/ZN (OAI211_X1)                             0.0506     3.4525 r
  DP_i/fetch_i_pc_i_Y_reg_10_/D (DFF_X1)                0.0110     3.4635 r
  data arrival time                                                3.4635

  clock CLK (rise edge)                                 3.5000     3.5000
  clock network delay (ideal)                           0.0500     3.5500
  clock uncertainty                                    -0.0500     3.5000
  DP_i/fetch_i_pc_i_Y_reg_10_/CK (DFF_X1)               0.0000     3.5000 r
  library setup time                                   -0.0321     3.4679
  data required time                                               3.4679
  --------------------------------------------------------------------------
  data required time                                               3.4679
  data arrival time                                               -3.4635
  --------------------------------------------------------------------------
  slack (MET)                                                      0.0044


  Startpoint: DP_i/fetch_i_IR_out_reg_26_
              (rising edge-triggered flip-flop clocked by CLK)
  Endpoint: DP_i/fetch_i_pc_i_clk_gate_Y_reg/latch
            (gating element for clock CLK)
  Path Group: CLK
  Path Type: max

  Des/Clust/Port     Wire Load Model       Library
  ------------------------------------------------
  DLX                5K_hvratio_1_4        NangateOpenCellLibrary

  Point                                                   Incr       Path
  --------------------------------------------------------------------------
  clock CLK (rise edge)                                 0.0000     0.0000
  clock network delay (ideal)                           0.0500     0.0500
  DP_i/fetch_i_IR_out_reg_26_/CK (DFF_X1)               0.0000     0.0500 r
  DP_i/fetch_i_IR_out_reg_26_/Q (DFF_X1)                0.1123     0.1623 f
  DP_i/opcode[0] (DataPath)                             0.0000     0.1623 f
  U832/ZN (INV_X1)                                      0.0851     0.2473 r
  U867/ZN (NAND3_X1)                                    0.0855     0.3328 f
  U868/ZN (NOR2_X2)                                     0.1347     0.4675 r
  DP_i/RF2 (DataPath)                                   0.0000     0.4675 r
  DP_i/U976/ZN (INV_X1)                                 0.0531     0.5207 f
  DP_i/U1124/ZN (NAND2_X1)                              0.0493     0.5699 r
  DP_i/U1125/ZN (INV_X1)                                0.0321     0.6020 f
  DP_i/U1126/ZN (NAND2_X1)                              0.0403     0.6423 r
  DP_i/U1127/ZN (OAI21_X1)                              0.0456     0.6879 f
  DP_i/U1128/ZN (OAI21_X1)                              0.0601     0.7480 r
  DP_i/U1129/ZN (OR2_X1)                                0.0542     0.8023 r
  DP_i/U1132/ZN (NAND2_X1)                              0.0434     0.8457 f
  DP_i/U1133/ZN (NOR2_X1)                               0.0712     0.9169 r
  DP_i/U1138/ZN (NAND2_X1)                              0.0424     0.9593 f
  DP_i/U1141/ZN (NAND2_X1)                              0.0366     0.9958 r
  DP_i/U1733/CO (FA_X1)                                 0.0729     1.0688 r
  DP_i/U1144/ZN (NAND2_X1)                              0.0443     1.1131 f
  DP_i/U168/ZN (OR2_X1)                                 0.0792     1.1923 f
  DP_i/U1150/ZN (NOR2_X1)                               0.0451     1.2374 r
  DP_i/U1151/ZN (OAI22_X1)                              0.0427     1.2802 f
  DP_i/U1152/ZN (OAI21_X1)                              0.0504     1.3306 r
  DP_i/U1153/ZN (NOR2_X1)                               0.0314     1.3620 f
  DP_i/U1390/ZN (OR2_X1)                                0.0690     1.4310 f
  DP_i/U1392/ZN (NOR2_X1)                               0.0695     1.5005 r
  DP_i/U1393/ZN (NOR3_X1)                               0.0345     1.5350 f
  DP_i/U1394/ZN (AOI21_X1)                              0.0621     1.5971 r
  DP_i/U1691/CO (FA_X1)                                 0.0866     1.6837 r
  DP_i/U1397/ZN (NAND2_X1)                              0.0475     1.7312 f
  DP_i/U1521/ZN (NOR2_X1)                               0.0607     1.7918 r
  DP_i/U1526/ZN (XNOR2_X1)                              0.0453     1.8371 f
  DP_i/U1527/ZN (AOI22_X1)                              0.0897     1.9268 r
  DP_i/U1665/ZN (NAND3_X1)                              0.0633     1.9901 f
  DP_i/U1666/ZN (NOR2_X1)                               0.0612     2.0513 r
  DP_i/U2920/ZN (OR2_X1)                                0.0437     2.0950 r
  DP_i/U3172/S (FA_X1)                                  0.1207     2.2156 f
  DP_i/U3173/ZN (AOI22_X1)                              0.0577     2.2734 r
  DP_i/U3174/ZN (OAI221_X1)                             0.0508     2.3242 f
  DP_i/U3177/ZN (AOI211_X1)                             0.0872     2.4114 r
  DP_i/U3178/ZN (OAI21_X1)                              0.0407     2.4522 f
  DP_i/U3183/ZN (AOI211_X1)                             0.0860     2.5382 r
  DP_i/U3184/ZN (OAI21_X1)                              0.0407     2.5789 f
  DP_i/U3190/ZN (AOI211_X1)                             0.0864     2.6653 r
  DP_i/U3203/ZN (OAI211_X1)                             0.0503     2.7156 f
  DP_i/U3204/ZN (AOI21_X1)                              0.0588     2.7744 r
  DP_i/U3205/ZN (NAND4_X1)                              0.0480     2.8224 f
  DP_i/U3213/ZN (AOI211_X1)                             0.0880     2.9103 r
  DP_i/U3222/ZN (NAND2_X1)                              0.0333     2.9437 f
  DP_i/U3223/ZN (AOI22_X1)                              0.0584     3.0020 r
  DP_i/U21/ZN (AOI21_X1)                                0.0727     3.0747 f
  DP_i/flush (DataPath)                                 0.0000     3.0747 f
  U1113/ZN (OR3_X1)                                     0.1029     3.1775 f
  DP_i/pc_enable (DataPath)                             0.0000     3.1775 f
  DP_i/U2987/ZN (OR2_X1)                                0.0588     3.2363 f
  DP_i/fetch_i_pc_i_clk_gate_Y_reg/EN (SNPS_CLOCK_GATE_HIGH_data_reg_NBIT30_2_2)
                                                        0.0000     3.2363 f
  DP_i/fetch_i_pc_i_clk_gate_Y_reg/latch/E (CLKGATETST_X1)
                                                        0.0088     3.2451 f
  data arrival time                                                3.2451

  clock CLK (rise edge)                                 3.5000     3.5000
  clock network delay (ideal)                           0.0500     3.5500
  clock uncertainty                                    -0.0500     3.5000
  DP_i/fetch_i_pc_i_clk_gate_Y_reg/latch/CK (CLKGATETST_X1)
                                                        0.0000     3.5000 r
  clock gating setup time                              -0.0632     3.4368
  data required time                                               3.4368
  --------------------------------------------------------------------------
  data required time                                               3.4368
  data arrival time                                               -3.2451
  --------------------------------------------------------------------------
  slack (MET)                                                      0.1917


  Startpoint: DP_i/fetch_i_IR_out_reg_26_
              (rising edge-triggered flip-flop clocked by CLK)
  Endpoint: DP_i/fetch_i_pc_i_clk_gate_Y_reg/latch
            (gating element for clock CLK)
  Path Group: CLK
  Path Type: max

  Des/Clust/Port     Wire Load Model       Library
  ------------------------------------------------
  DLX                5K_hvratio_1_4        NangateOpenCellLibrary

  Point                                                   Incr       Path
  --------------------------------------------------------------------------
  clock CLK (rise edge)                                 0.0000     0.0000
  clock network delay (ideal)                           0.0500     0.0500
  DP_i/fetch_i_IR_out_reg_26_/CK (DFF_X1)               0.0000     0.0500 r
  DP_i/fetch_i_IR_out_reg_26_/Q (DFF_X1)                0.1123     0.1623 f
  DP_i/opcode[0] (DataPath)                             0.0000     0.1623 f
  U832/ZN (INV_X1)                                      0.0851     0.2473 r
  U867/ZN (NAND3_X1)                                    0.0855     0.3328 f
  U868/ZN (NOR2_X2)                                     0.1347     0.4675 r
  DP_i/RF2 (DataPath)                                   0.0000     0.4675 r
  DP_i/U976/ZN (INV_X1)                                 0.0531     0.5207 f
  DP_i/U1124/ZN (NAND2_X1)                              0.0493     0.5699 r
  DP_i/U1125/ZN (INV_X1)                                0.0321     0.6020 f
  DP_i/U1126/ZN (NAND2_X1)                              0.0403     0.6423 r
  DP_i/U1127/ZN (OAI21_X1)                              0.0456     0.6879 f
  DP_i/U1128/ZN (OAI21_X1)                              0.0601     0.7480 r
  DP_i/U1129/ZN (OR2_X1)                                0.0542     0.8023 r
  DP_i/U1132/ZN (NAND2_X1)                              0.0434     0.8457 f
  DP_i/U1133/ZN (NOR2_X1)                               0.0712     0.9169 r
  DP_i/U1138/ZN (NAND2_X1)                              0.0424     0.9593 f
  DP_i/U1141/ZN (NAND2_X1)                              0.0366     0.9958 r
  DP_i/U1733/CO (FA_X1)                                 0.0729     1.0688 r
  DP_i/U1144/ZN (NAND2_X1)                              0.0443     1.1131 f
  DP_i/U168/ZN (OR2_X1)                                 0.0792     1.1923 f
  DP_i/U1150/ZN (NOR2_X1)                               0.0451     1.2374 r
  DP_i/U1151/ZN (OAI22_X1)                              0.0427     1.2802 f
  DP_i/U1152/ZN (OAI21_X1)                              0.0498     1.3299 r
  DP_i/U1153/ZN (NOR2_X1)                               0.0314     1.3613 f
  DP_i/U1390/ZN (OR2_X1)                                0.0690     1.4303 f
  DP_i/U1392/ZN (NOR2_X1)                               0.0695     1.4999 r
  DP_i/U1393/ZN (NOR3_X1)                               0.0345     1.5343 f
  DP_i/U1394/ZN (AOI21_X1)                              0.0621     1.5964 r
  DP_i/U1691/CO (FA_X1)                                 0.0866     1.6830 r
  DP_i/U1397/ZN (NAND2_X1)                              0.0475     1.7305 f
  DP_i/U1521/ZN (NOR2_X1)                               0.0607     1.7912 r
  DP_i/U1526/ZN (XNOR2_X1)                              0.0453     1.8365 f
  DP_i/U1527/ZN (AOI22_X1)                              0.0897     1.9261 r
  DP_i/U1665/ZN (NAND3_X1)                              0.0633     1.9894 f
  DP_i/U1666/ZN (NOR2_X1)                               0.0612     2.0506 r
  DP_i/U2920/ZN (OR2_X1)                                0.0437     2.0943 r
  DP_i/U3172/S (FA_X1)                                  0.1207     2.2150 f
  DP_i/U3173/ZN (AOI22_X1)                              0.0577     2.2727 r
  DP_i/U3174/ZN (OAI221_X1)                             0.0508     2.3235 f
  DP_i/U3177/ZN (AOI211_X1)                             0.0872     2.4108 r
  DP_i/U3178/ZN (OAI21_X1)                              0.0407     2.4515 f
  DP_i/U3183/ZN (AOI211_X1)                             0.0860     2.5375 r
  DP_i/U3184/ZN (OAI21_X1)                              0.0407     2.5782 f
  DP_i/U3190/ZN (AOI211_X1)                             0.0864     2.6646 r
  DP_i/U3203/ZN (OAI211_X1)                             0.0503     2.7149 f
  DP_i/U3204/ZN (AOI21_X1)                              0.0588     2.7737 r
  DP_i/U3205/ZN (NAND4_X1)                              0.0480     2.8217 f
  DP_i/U3213/ZN (AOI211_X1)                             0.0880     2.9097 r
  DP_i/U3222/ZN (NAND2_X1)                              0.0333     2.9430 f
  DP_i/U3223/ZN (AOI22_X1)                              0.0584     3.0013 r
  DP_i/U21/ZN (AOI21_X1)                                0.0727     3.0740 f
  DP_i/flush (DataPath)                                 0.0000     3.0740 f
  U1113/ZN (OR3_X1)                                     0.1029     3.1769 f
  DP_i/pc_enable (DataPath)                             0.0000     3.1769 f
  DP_i/U2987/ZN (OR2_X1)                                0.0588     3.2356 f
  DP_i/fetch_i_pc_i_clk_gate_Y_reg/EN (SNPS_CLOCK_GATE_HIGH_data_reg_NBIT30_2_2)
                                                        0.0000     3.2356 f
  DP_i/fetch_i_pc_i_clk_gate_Y_reg/latch/E (CLKGATETST_X1)
                                                        0.0088     3.2444 f
  data arrival time                                                3.2444

  clock CLK (rise edge)                                 3.5000     3.5000
  clock network delay (ideal)                           0.0500     3.5500
  clock uncertainty                                    -0.0500     3.5000
  DP_i/fetch_i_pc_i_clk_gate_Y_reg/latch/CK (CLKGATETST_X1)
                                                        0.0000     3.5000 r
  clock gating setup time                              -0.0632     3.4368
  data required time                                               3.4368
  --------------------------------------------------------------------------
  data required time                                               3.4368
  data arrival time                                               -3.2444
  --------------------------------------------------------------------------
  slack (MET)                                                      0.1924


  Startpoint: DP_i/fetch_i_IR_out_reg_26_
              (rising edge-triggered flip-flop clocked by CLK)
  Endpoint: DP_i/fetch_i_btb_update_latch_i_clk_gate_target_out_reg/latch
            (gating element for clock CLK)
  Path Group: CLK
  Path Type: max

  Des/Clust/Port     Wire Load Model       Library
  ------------------------------------------------
  DLX                5K_hvratio_1_4        NangateOpenCellLibrary

  Point                                                   Incr       Path
  --------------------------------------------------------------------------
  clock CLK (rise edge)                                 0.0000     0.0000
  clock network delay (ideal)                           0.0500     0.0500
  DP_i/fetch_i_IR_out_reg_26_/CK (DFF_X1)               0.0000     0.0500 r
  DP_i/fetch_i_IR_out_reg_26_/Q (DFF_X1)                0.1123     0.1623 f
  DP_i/opcode[0] (DataPath)                             0.0000     0.1623 f
  U832/ZN (INV_X1)                                      0.0851     0.2473 r
  U867/ZN (NAND3_X1)                                    0.0855     0.3328 f
  U868/ZN (NOR2_X2)                                     0.1347     0.4675 r
  U869/ZN (INV_X1)                                      0.0727     0.5402 f
  U873/ZN (NOR2_X1)                                     0.0716     0.6118 r
  U874/ZN (NAND2_X1)                                    0.0523     0.6641 f
  U783/ZN (NOR4_X1)                                     0.1220     0.7861 r
  U878/ZN (NAND2_X1)                                    0.0497     0.8358 f
  U879/ZN (INV_X1)                                      0.0664     0.9022 r
  DP_i/SP_read (DataPath)                               0.0000     0.9022 r
  DP_i/U2490/ZN (INV_X1)                                0.0344     0.9366 f
  DP_i/U2494/ZN (AOI21_X1)                              0.0550     0.9916 r
  DP_i/U2510/ZN (AOI211_X1)                             0.0345     1.0261 f
  DP_i/U2543/ZN (INV_X1)                                0.0401     1.0662 r
  DP_i/U2544/ZN (NOR2_X2)                               0.0590     1.1253 f
  DP_i/U3271/ZN (AND2_X1)                               0.0702     1.1955 f
  DP_i/rs2_live[4] (DataPath)                           0.0000     1.1955 f
  U968/ZN (NAND2_X1)                                    0.0611     1.2566 r
  U980/ZN (INV_X1)                                      0.0436     1.3002 f
  U981/ZN (AOI22_X1)                                    0.0659     1.3661 r
  U982/ZN (OAI211_X1)                                   0.0512     1.4173 f
  U985/ZN (OAI221_X1)                                   0.0713     1.4886 r
  U986/ZN (INV_X1)                                      0.0234     1.5120 f
  U987/Z (MUX2_X1)                                      0.0681     1.5801 f
  U1001/ZN (OAI21_X1)                                   0.0587     1.6388 r
  U1002/ZN (AOI221_X1)                                  0.0374     1.6762 f
  U1030/ZN (AOI211_X1)                                  0.1266     1.8028 r
  U1031/ZN (INV_X1)                                     0.0349     1.8378 f
  U1114/ZN (AOI21_X1)                                   0.0486     1.8864 r
  DP_i/F_ID_enable (DataPath)                           0.0000     1.8864 r
  DP_i/U1403/ZN (INV_X1)                                0.0346     1.9210 f
  DP_i/U4539/ZN (NOR2_X1)                               0.0509     1.9719 r
  DP_i/fetch_i_btb_update_latch_i_clk_gate_target_out_reg/EN (SNPS_CLOCK_GATE_HIGH_latching_for_btb_update_0)
                                                        0.0000     1.9719 r
  DP_i/fetch_i_btb_update_latch_i_clk_gate_target_out_reg/latch/E (CLKGATETST_X1)
                                                        0.0100     1.9819 r
  data arrival time                                                1.9819

  clock CLK (rise edge)                                 3.5000     3.5000
  clock network delay (ideal)                           0.0500     3.5500
  clock uncertainty                                    -0.0500     3.5000
  DP_i/fetch_i_btb_update_latch_i_clk_gate_target_out_reg/latch/CK (CLKGATETST_X1)
                                                        0.0000     3.5000 r
  clock gating setup time                              -0.0759     3.4241
  data required time                                               3.4241
  --------------------------------------------------------------------------
  data required time                                               3.4241
  data arrival time                                               -1.9819
  --------------------------------------------------------------------------
  slack (MET)                                                      1.4421


  Startpoint: DP_i/fetch_i_IR_out_reg_26_
              (rising edge-triggered flip-flop clocked by CLK)
  Endpoint: DP_i/fetch_i_btb_update_latch_i_clk_gate_target_out_reg/latch
            (gating element for clock CLK)
  Path Group: CLK
  Path Type: max

  Des/Clust/Port     Wire Load Model       Library
  ------------------------------------------------
  DLX                5K_hvratio_1_4        NangateOpenCellLibrary

  Point                                                   Incr       Path
  --------------------------------------------------------------------------
  clock CLK (rise edge)                                 0.0000     0.0000
  clock network delay (ideal)                           0.0500     0.0500
  DP_i/fetch_i_IR_out_reg_26_/CK (DFF_X1)               0.0000     0.0500 r
  DP_i/fetch_i_IR_out_reg_26_/Q (DFF_X1)                0.1123     0.1623 f
  DP_i/opcode[0] (DataPath)                             0.0000     0.1623 f
  U832/ZN (INV_X1)                                      0.0851     0.2473 r
  U867/ZN (NAND3_X1)                                    0.0855     0.3328 f
  U868/ZN (NOR2_X2)                                     0.1347     0.4675 r
  U869/ZN (INV_X1)                                      0.0727     0.5402 f
  U873/ZN (NOR2_X1)                                     0.0716     0.6118 r
  U874/ZN (NAND2_X1)                                    0.0523     0.6641 f
  U783/ZN (NOR4_X1)                                     0.1220     0.7861 r
  U878/ZN (NAND2_X1)                                    0.0497     0.8358 f
  U879/ZN (INV_X1)                                      0.0664     0.9022 r
  DP_i/SP_read (DataPath)                               0.0000     0.9022 r
  DP_i/U2490/ZN (INV_X1)                                0.0344     0.9366 f
  DP_i/U2494/ZN (AOI21_X1)                              0.0550     0.9916 r
  DP_i/U2510/ZN (AOI211_X1)                             0.0345     1.0261 f
  DP_i/U2543/ZN (INV_X1)                                0.0401     1.0662 r
  DP_i/U2544/ZN (NOR2_X2)                               0.0590     1.1253 f
  DP_i/U3271/ZN (AND2_X1)                               0.0702     1.1955 f
  DP_i/rs2_live[4] (DataPath)                           0.0000     1.1955 f
  U968/ZN (NAND2_X1)                                    0.0611     1.2566 r
  U980/ZN (INV_X1)                                      0.0436     1.3002 f
  U981/ZN (AOI22_X1)                                    0.0659     1.3661 r
  U982/ZN (OAI211_X1)                                   0.0512     1.4173 f
  U985/ZN (OAI221_X1)                                   0.0713     1.4886 r
  U986/ZN (INV_X1)                                      0.0234     1.5120 f
  U987/Z (MUX2_X1)                                      0.0681     1.5801 f
  U1001/ZN (OAI21_X1)                                   0.0587     1.6388 r
  U1002/ZN (AOI221_X1)                                  0.0374     1.6762 f
  U1030/ZN (AOI211_X1)                                  0.1266     1.8028 r
  U1031/ZN (INV_X1)                                     0.0349     1.8378 f
  U1114/ZN (AOI21_X1)                                   0.0486     1.8864 r
  DP_i/F_ID_enable (DataPath)                           0.0000     1.8864 r
  DP_i/U1403/ZN (INV_X1)                                0.0346     1.9210 f
  DP_i/U4539/ZN (NOR2_X1)                               0.0509     1.9719 r
  DP_i/fetch_i_btb_update_latch_i_clk_gate_target_out_reg/EN (SNPS_CLOCK_GATE_HIGH_latching_for_btb_update_0)
                                                        0.0000     1.9719 r
  DP_i/fetch_i_btb_update_latch_i_clk_gate_target_out_reg/latch/E (CLKGATETST_X1)
                                                        0.0100     1.9819 r
  data arrival time                                                1.9819

  clock CLK (rise edge)                                 3.5000     3.5000
  clock network delay (ideal)                           0.0500     3.5500
  clock uncertainty                                    -0.0500     3.5000
  DP_i/fetch_i_btb_update_latch_i_clk_gate_target_out_reg/latch/CK (CLKGATETST_X1)
                                                        0.0000     3.5000 r
  clock gating setup time                              -0.0759     3.4241
  data required time                                               3.4241
  --------------------------------------------------------------------------
  data required time                                               3.4241
  data arrival time                                               -1.9819
  --------------------------------------------------------------------------
  slack (MET)                                                      1.4421


  Startpoint: DP_i/fetch_i_IR_out_reg_26_
              (rising edge-triggered flip-flop clocked by CLK)
  Endpoint: DP_i/fetch_i_btb_update_latch_i_clk_gate_taken_out_reg/latch
            (gating element for clock CLK)
  Path Group: CLK
  Path Type: max

  Des/Clust/Port     Wire Load Model       Library
  ------------------------------------------------
  DLX                5K_hvratio_1_4        NangateOpenCellLibrary

  Point                                                   Incr       Path
  --------------------------------------------------------------------------
  clock CLK (rise edge)                                 0.0000     0.0000
  clock network delay (ideal)                           0.0500     0.0500
  DP_i/fetch_i_IR_out_reg_26_/CK (DFF_X1)               0.0000     0.0500 r
  DP_i/fetch_i_IR_out_reg_26_/Q (DFF_X1)                0.1123     0.1623 f
  DP_i/opcode[0] (DataPath)                             0.0000     0.1623 f
  U832/ZN (INV_X1)                                      0.0851     0.2473 r
  U867/ZN (NAND3_X1)                                    0.0855     0.3328 f
  U868/ZN (NOR2_X2)                                     0.1347     0.4675 r
  U869/ZN (INV_X1)                                      0.0727     0.5402 f
  U873/ZN (NOR2_X1)                                     0.0716     0.6118 r
  U874/ZN (NAND2_X1)                                    0.0523     0.6641 f
  U783/ZN (NOR4_X1)                                     0.1220     0.7861 r
  U878/ZN (NAND2_X1)                                    0.0497     0.8358 f
  U879/ZN (INV_X1)                                      0.0664     0.9022 r
  DP_i/SP_read (DataPath)                               0.0000     0.9022 r
  DP_i/U2490/ZN (INV_X1)                                0.0344     0.9366 f
  DP_i/U2494/ZN (AOI21_X1)                              0.0550     0.9916 r
  DP_i/U2510/ZN (AOI211_X1)                             0.0345     1.0261 f
  DP_i/U2543/ZN (INV_X1)                                0.0401     1.0662 r
  DP_i/U2544/ZN (NOR2_X2)                               0.0590     1.1253 f
  DP_i/U3271/ZN (AND2_X1)                               0.0702     1.1955 f
  DP_i/rs2_live[4] (DataPath)                           0.0000     1.1955 f
  U968/ZN (NAND2_X1)                                    0.0611     1.2566 r
  U980/ZN (INV_X1)                                      0.0436     1.3002 f
  U981/ZN (AOI22_X1)                                    0.0659     1.3661 r
  U982/ZN (OAI211_X1)                                   0.0512     1.4173 f
  U985/ZN (OAI221_X1)                                   0.0713     1.4886 r
  U986/ZN (INV_X1)                                      0.0234     1.5120 f
  U987/Z (MUX2_X1)                                      0.0681     1.5801 f
  U1001/ZN (OAI21_X1)                                   0.0587     1.6388 r
  U1002/ZN (AOI221_X1)                                  0.0374     1.6762 f
  U1030/ZN (AOI211_X1)                                  0.1266     1.8028 r
  U1031/ZN (INV_X1)                                     0.0349     1.8378 f
  U1114/ZN (AOI21_X1)                                   0.0486     1.8864 r
  DP_i/F_ID_enable (DataPath)                           0.0000     1.8864 r
  DP_i/U1403/ZN (INV_X1)                                0.0346     1.9210 f
  DP_i/U4541/ZN (OAI21_X1)                              0.0470     1.9680 r
  DP_i/fetch_i_btb_update_latch_i_clk_gate_taken_out_reg/EN (SNPS_CLOCK_GATE_HIGH_latching_for_btb_update_1)
                                                        0.0000     1.9680 r
  DP_i/fetch_i_btb_update_latch_i_clk_gate_taken_out_reg/latch/E (CLKGATETST_X1)
                                                        0.0091     1.9771 r
  data arrival time                                                1.9771

  clock CLK (rise edge)                                 3.5000     3.5000
  clock network delay (ideal)                           0.0500     3.5500
  clock uncertainty                                    -0.0500     3.5000
  DP_i/fetch_i_btb_update_latch_i_clk_gate_taken_out_reg/latch/CK (CLKGATETST_X1)
                                                        0.0000     3.5000 r
  clock gating setup time                              -0.0745     3.4255
  data required time                                               3.4255
  --------------------------------------------------------------------------
  data required time                                               3.4255
  data arrival time                                               -1.9771
  --------------------------------------------------------------------------
  slack (MET)                                                      1.4483


  Startpoint: DP_i/fetch_i_IR_out_reg_26_
              (rising edge-triggered flip-flop clocked by CLK)
  Endpoint: DP_i/fetch_i_btb_update_latch_i_clk_gate_taken_out_reg/latch
            (gating element for clock CLK)
  Path Group: CLK
  Path Type: max

  Des/Clust/Port     Wire Load Model       Library
  ------------------------------------------------
  DLX                5K_hvratio_1_4        NangateOpenCellLibrary

  Point                                                   Incr       Path
  --------------------------------------------------------------------------
  clock CLK (rise edge)                                 0.0000     0.0000
  clock network delay (ideal)                           0.0500     0.0500
  DP_i/fetch_i_IR_out_reg_26_/CK (DFF_X1)               0.0000     0.0500 r
  DP_i/fetch_i_IR_out_reg_26_/Q (DFF_X1)                0.1123     0.1623 f
  DP_i/opcode[0] (DataPath)                             0.0000     0.1623 f
  U832/ZN (INV_X1)                                      0.0851     0.2473 r
  U867/ZN (NAND3_X1)                                    0.0855     0.3328 f
  U868/ZN (NOR2_X2)                                     0.1347     0.4675 r
  U869/ZN (INV_X1)                                      0.0727     0.5402 f
  U873/ZN (NOR2_X1)                                     0.0716     0.6118 r
  U874/ZN (NAND2_X1)                                    0.0523     0.6641 f
  U783/ZN (NOR4_X1)                                     0.1220     0.7861 r
  U878/ZN (NAND2_X1)                                    0.0497     0.8358 f
  U879/ZN (INV_X1)                                      0.0664     0.9022 r
  DP_i/SP_read (DataPath)                               0.0000     0.9022 r
  DP_i/U2490/ZN (INV_X1)                                0.0344     0.9366 f
  DP_i/U2494/ZN (AOI21_X1)                              0.0550     0.9916 r
  DP_i/U2510/ZN (AOI211_X1)                             0.0345     1.0261 f
  DP_i/U2543/ZN (INV_X1)                                0.0401     1.0662 r
  DP_i/U2544/ZN (NOR2_X2)                               0.0590     1.1253 f
  DP_i/U3271/ZN (AND2_X1)                               0.0702     1.1955 f
  DP_i/rs2_live[4] (DataPath)                           0.0000     1.1955 f
  U968/ZN (NAND2_X1)                                    0.0611     1.2566 r
  U980/ZN (INV_X1)                                      0.0436     1.3002 f
  U981/ZN (AOI22_X1)                                    0.0659     1.3661 r
  U982/ZN (OAI211_X1)                                   0.0512     1.4173 f
  U985/ZN (OAI221_X1)                                   0.0713     1.4886 r
  U986/ZN (INV_X1)                                      0.0234     1.5120 f
  U987/Z (MUX2_X1)                                      0.0681     1.5801 f
  U1001/ZN (OAI21_X1)                                   0.0587     1.6388 r
  U1002/ZN (AOI221_X1)                                  0.0374     1.6762 f
  U1030/ZN (AOI211_X1)                                  0.1266     1.8028 r
  U1031/ZN (INV_X1)                                     0.0349     1.8378 f
  U1114/ZN (AOI21_X1)                                   0.0486     1.8864 r
  DP_i/F_ID_enable (DataPath)                           0.0000     1.8864 r
  DP_i/U1403/ZN (INV_X1)                                0.0346     1.9210 f
  DP_i/U4541/ZN (OAI21_X1)                              0.0470     1.9680 r
  DP_i/fetch_i_btb_update_latch_i_clk_gate_taken_out_reg/EN (SNPS_CLOCK_GATE_HIGH_latching_for_btb_update_1)
                                                        0.0000     1.9680 r
  DP_i/fetch_i_btb_update_latch_i_clk_gate_taken_out_reg/latch/E (CLKGATETST_X1)
                                                        0.0091     1.9771 r
  data arrival time                                                1.9771

  clock CLK (rise edge)                                 3.5000     3.5000
  clock network delay (ideal)                           0.0500     3.5500
  clock uncertainty                                    -0.0500     3.5000
  DP_i/fetch_i_btb_update_latch_i_clk_gate_taken_out_reg/latch/CK (CLKGATETST_X1)
                                                        0.0000     3.5000 r
  clock gating setup time                              -0.0745     3.4255
  data required time                                               3.4255
  --------------------------------------------------------------------------
  data required time                                               3.4255
  data arrival time                                               -1.9771
  --------------------------------------------------------------------------
  slack (MET)                                                      1.4484


  Startpoint: DP_i/fetch_i_IR_out_reg_26_
              (rising edge-triggered flip-flop clocked by CLK)
  Endpoint: DP_i/fetch_i_clk_gate_IR_out_reg/latch
            (gating element for clock CLK)
  Path Group: CLK
  Path Type: max

  Des/Clust/Port     Wire Load Model       Library
  ------------------------------------------------
  DLX                5K_hvratio_1_4        NangateOpenCellLibrary

  Point                                                   Incr       Path
  --------------------------------------------------------------------------
  clock CLK (rise edge)                                 0.0000     0.0000
  clock network delay (ideal)                           0.0500     0.0500
  DP_i/fetch_i_IR_out_reg_26_/CK (DFF_X1)               0.0000     0.0500 r
  DP_i/fetch_i_IR_out_reg_26_/Q (DFF_X1)                0.1123     0.1623 f
  DP_i/opcode[0] (DataPath)                             0.0000     0.1623 f
  U832/ZN (INV_X1)                                      0.0851     0.2473 r
  U867/ZN (NAND3_X1)                                    0.0855     0.3328 f
  U868/ZN (NOR2_X2)                                     0.1347     0.4675 r
  U869/ZN (INV_X1)                                      0.0727     0.5402 f
  U873/ZN (NOR2_X1)                                     0.0716     0.6118 r
  U874/ZN (NAND2_X1)                                    0.0523     0.6641 f
  U783/ZN (NOR4_X1)                                     0.1220     0.7861 r
  U878/ZN (NAND2_X1)                                    0.0497     0.8358 f
  U879/ZN (INV_X1)                                      0.0664     0.9022 r
  DP_i/SP_read (DataPath)                               0.0000     0.9022 r
  DP_i/U2490/ZN (INV_X1)                                0.0344     0.9366 f
  DP_i/U2494/ZN (AOI21_X1)                              0.0550     0.9916 r
  DP_i/U2510/ZN (AOI211_X1)                             0.0345     1.0261 f
  DP_i/U2543/ZN (INV_X1)                                0.0401     1.0662 r
  DP_i/U2544/ZN (NOR2_X2)                               0.0590     1.1253 f
  DP_i/U3271/ZN (AND2_X1)                               0.0702     1.1955 f
  DP_i/rs2_live[4] (DataPath)                           0.0000     1.1955 f
  U968/ZN (NAND2_X1)                                    0.0611     1.2566 r
  U980/ZN (INV_X1)                                      0.0436     1.3002 f
  U981/ZN (AOI22_X1)                                    0.0659     1.3661 r
  U982/ZN (OAI211_X1)                                   0.0512     1.4173 f
  U985/ZN (OAI221_X1)                                   0.0713     1.4886 r
  U986/ZN (INV_X1)                                      0.0234     1.5120 f
  U987/Z (MUX2_X1)                                      0.0681     1.5801 f
  U1001/ZN (OAI21_X1)                                   0.0587     1.6388 r
  U1002/ZN (AOI221_X1)                                  0.0374     1.6762 f
  U1030/ZN (AOI211_X1)                                  0.1266     1.8028 r
  U1031/ZN (INV_X1)                                     0.0349     1.8378 f
  U1114/ZN (AOI21_X1)                                   0.0486     1.8864 r
  DP_i/F_ID_enable (DataPath)                           0.0000     1.8864 r
  DP_i/U1403/ZN (INV_X1)                                0.0346     1.9210 f
  DP_i/U2956/ZN (NAND2_X1)                              0.0332     1.9542 r
  DP_i/fetch_i_clk_gate_IR_out_reg/EN (SNPS_CLOCK_GATE_HIGH_fetch)
                                                        0.0000     1.9542 r
  DP_i/fetch_i_clk_gate_IR_out_reg/latch/E (CLKGATETST_X1)
                                                        0.0091     1.9633 r
  data arrival time                                                1.9633

  clock CLK (rise edge)                                 3.5000     3.5000
  clock network delay (ideal)                           0.0500     3.5500
  clock uncertainty                                    -0.0500     3.5000
  DP_i/fetch_i_clk_gate_IR_out_reg/latch/CK (CLKGATETST_X1)
                                                        0.0000     3.5000 r
  clock gating setup time                              -0.0720     3.4280
  data required time                                               3.4280
  --------------------------------------------------------------------------
  data required time                                               3.4280
  data arrival time                                               -1.9633
  --------------------------------------------------------------------------
  slack (MET)                                                      1.4647


  Startpoint: DP_i/fetch_i_IR_out_reg_26_
              (rising edge-triggered flip-flop clocked by CLK)
  Endpoint: DP_i/fetch_i_clk_gate_IR_out_reg/latch
            (gating element for clock CLK)
  Path Group: CLK
  Path Type: max

  Des/Clust/Port     Wire Load Model       Library
  ------------------------------------------------
  DLX                5K_hvratio_1_4        NangateOpenCellLibrary

  Point                                                   Incr       Path
  --------------------------------------------------------------------------
  clock CLK (rise edge)                                 0.0000     0.0000
  clock network delay (ideal)                           0.0500     0.0500
  DP_i/fetch_i_IR_out_reg_26_/CK (DFF_X1)               0.0000     0.0500 r
  DP_i/fetch_i_IR_out_reg_26_/Q (DFF_X1)                0.1123     0.1623 f
  DP_i/opcode[0] (DataPath)                             0.0000     0.1623 f
  U832/ZN (INV_X1)                                      0.0851     0.2473 r
  U867/ZN (NAND3_X1)                                    0.0855     0.3328 f
  U868/ZN (NOR2_X2)                                     0.1347     0.4675 r
  U869/ZN (INV_X1)                                      0.0727     0.5402 f
  U873/ZN (NOR2_X1)                                     0.0716     0.6118 r
  U874/ZN (NAND2_X1)                                    0.0523     0.6641 f
  U783/ZN (NOR4_X1)                                     0.1220     0.7861 r
  U878/ZN (NAND2_X1)                                    0.0497     0.8358 f
  U879/ZN (INV_X1)                                      0.0664     0.9022 r
  DP_i/SP_read (DataPath)                               0.0000     0.9022 r
  DP_i/U2490/ZN (INV_X1)                                0.0344     0.9366 f
  DP_i/U2494/ZN (AOI21_X1)                              0.0550     0.9916 r
  DP_i/U2510/ZN (AOI211_X1)                             0.0345     1.0261 f
  DP_i/U2543/ZN (INV_X1)                                0.0401     1.0662 r
  DP_i/U2544/ZN (NOR2_X2)                               0.0590     1.1253 f
  DP_i/U3271/ZN (AND2_X1)                               0.0702     1.1955 f
  DP_i/rs2_live[4] (DataPath)                           0.0000     1.1955 f
  U968/ZN (NAND2_X1)                                    0.0611     1.2566 r
  U980/ZN (INV_X1)                                      0.0436     1.3002 f
  U981/ZN (AOI22_X1)                                    0.0659     1.3661 r
  U982/ZN (OAI211_X1)                                   0.0512     1.4173 f
  U985/ZN (OAI221_X1)                                   0.0713     1.4886 r
  U986/ZN (INV_X1)                                      0.0234     1.5120 f
  U987/Z (MUX2_X1)                                      0.0681     1.5801 f
  U1001/ZN (OAI21_X1)                                   0.0587     1.6388 r
  U1002/ZN (AOI221_X1)                                  0.0374     1.6762 f
  U1030/ZN (AOI211_X1)                                  0.1266     1.8028 r
  U1031/ZN (INV_X1)                                     0.0349     1.8378 f
  U1114/ZN (AOI21_X1)                                   0.0486     1.8864 r
  DP_i/F_ID_enable (DataPath)                           0.0000     1.8864 r
  DP_i/U1403/ZN (INV_X1)                                0.0346     1.9210 f
  DP_i/U2956/ZN (NAND2_X1)                              0.0332     1.9542 r
  DP_i/fetch_i_clk_gate_IR_out_reg/EN (SNPS_CLOCK_GATE_HIGH_fetch)
                                                        0.0000     1.9542 r
  DP_i/fetch_i_clk_gate_IR_out_reg/latch/E (CLKGATETST_X1)
                                                        0.0091     1.9633 r
  data arrival time                                                1.9633

  clock CLK (rise edge)                                 3.5000     3.5000
  clock network delay (ideal)                           0.0500     3.5500
  clock uncertainty                                    -0.0500     3.5000
  DP_i/fetch_i_clk_gate_IR_out_reg/latch/CK (CLKGATETST_X1)
                                                        0.0000     3.5000 r
  clock gating setup time                              -0.0720     3.4280
  data required time                                               3.4280
  --------------------------------------------------------------------------
  data required time                                               3.4280
  data arrival time                                               -1.9633
  --------------------------------------------------------------------------
  slack (MET)                                                      1.4647


  Startpoint: DP_i/fetch_i_btb_update_latch_i_pc_branch_out_reg_3_
              (rising edge-triggered flip-flop clocked by CLK)
  Endpoint: DP_i/fetch_i_btb_i/clk_gate_btb_table_reg_0__TARGET_/latch
            (gating element for clock CLK)
  Path Group: CLK
  Path Type: max

  Des/Clust/Port     Wire Load Model       Library
  ------------------------------------------------
  DLX                5K_hvratio_1_4        NangateOpenCellLibrary

  Point                                                   Incr       Path
  --------------------------------------------------------------------------
  clock CLK (rise edge)                                 0.0000     0.0000
  clock network delay (ideal)                           0.0500     0.0500
  DP_i/fetch_i_btb_update_latch_i_pc_branch_out_reg_3_/CK (DFF_X1)
                                                        0.0000     0.0500 r
  DP_i/fetch_i_btb_update_latch_i_pc_branch_out_reg_3_/Q (DFF_X1)
                                                        0.1552     0.2052 r
  DP_i/fetch_i_btb_i/pc_branch[3] (BTB_NBIT32_BTB_DEPTH16_BTB_INDEX_MSB5)
                                                        0.0000     0.2052 r
  DP_i/fetch_i_btb_i/U168/ZN (INV_X1)                   0.0857     0.2908 f
  DP_i/fetch_i_btb_i/U169/ZN (NOR2_X1)                  0.1094     0.4002 r
  DP_i/fetch_i_btb_i/U185/ZN (NAND2_X1)                 0.0527     0.4529 f
  DP_i/fetch_i_btb_i/U161/ZN (INV_X2)                   0.1291     0.5820 r
  DP_i/fetch_i_btb_i/U414/ZN (AOI22_X1)                 0.0742     0.6561 f
  DP_i/fetch_i_btb_i/U417/ZN (NAND4_X1)                 0.0431     0.6993 r
  DP_i/fetch_i_btb_i/U423/ZN (NOR2_X1)                  0.0296     0.7288 f
  DP_i/fetch_i_btb_i/U424/ZN (AOI22_X1)                 0.0620     0.7908 r
  DP_i/fetch_i_btb_i/U425/ZN (OAI221_X1)                0.0507     0.8415 f
  DP_i/fetch_i_btb_i/U426/ZN (AOI21_X1)                 0.0624     0.9039 r
  DP_i/fetch_i_btb_i/U427/ZN (OAI21_X1)                 0.0372     0.9411 f
  DP_i/fetch_i_btb_i/U568/ZN (NOR4_X1)                  0.0958     1.0369 r
  DP_i/fetch_i_btb_i/U569/ZN (NAND4_X1)                 0.0956     1.1324 f
  DP_i/fetch_i_btb_i/U491/ZN (AND4_X1)                  0.0953     1.2277 f
  DP_i/fetch_i_btb_i/U492/ZN (NAND2_X1)                 0.0702     1.2979 r
  DP_i/fetch_i_btb_i/U495/ZN (INV_X1)                   0.0321     1.3300 f
  DP_i/fetch_i_btb_i/U496/ZN (AOI21_X1)                 0.0889     1.4189 r
  DP_i/fetch_i_btb_i/U497/ZN (NOR2_X1)                  0.0292     1.4481 f
  DP_i/fetch_i_btb_i/clk_gate_btb_table_reg_0__TARGET_/EN (SNPS_CLOCK_GATE_HIGH_BTB_NBIT32_BTB_DEPTH16_BTB_INDEX_MSB5_32)
                                                        0.0000     1.4481 f
  DP_i/fetch_i_btb_i/clk_gate_btb_table_reg_0__TARGET_/latch/E (CLKGATETST_X1)
                                                        0.0088     1.4569 f
  data arrival time                                                1.4569

  clock CLK (rise edge)                                 3.5000     3.5000
  clock network delay (ideal)                           0.0500     3.5500
  clock uncertainty                                    -0.0500     3.5000
  DP_i/fetch_i_btb_i/clk_gate_btb_table_reg_0__TARGET_/latch/CK (CLKGATETST_X1)
                                                        0.0000     3.5000 r
  clock gating setup time                              -0.0646     3.4354
  data required time                                               3.4354
  --------------------------------------------------------------------------
  data required time                                               3.4354
  data arrival time                                               -1.4569
  --------------------------------------------------------------------------
  slack (MET)                                                      1.9785


  Startpoint: DP_i/fetch_i_btb_update_latch_i_pc_branch_out_reg_3_
              (rising edge-triggered flip-flop clocked by CLK)
  Endpoint: DP_i/fetch_i_btb_i/clk_gate_btb_table_reg_1__TARGET_/latch
            (gating element for clock CLK)
  Path Group: CLK
  Path Type: max

  Des/Clust/Port     Wire Load Model       Library
  ------------------------------------------------
  DLX                5K_hvratio_1_4        NangateOpenCellLibrary

  Point                                                   Incr       Path
  --------------------------------------------------------------------------
  clock CLK (rise edge)                                 0.0000     0.0000
  clock network delay (ideal)                           0.0500     0.0500
  DP_i/fetch_i_btb_update_latch_i_pc_branch_out_reg_3_/CK (DFF_X1)
                                                        0.0000     0.0500 r
  DP_i/fetch_i_btb_update_latch_i_pc_branch_out_reg_3_/Q (DFF_X1)
                                                        0.1552     0.2052 r
  DP_i/fetch_i_btb_i/pc_branch[3] (BTB_NBIT32_BTB_DEPTH16_BTB_INDEX_MSB5)
                                                        0.0000     0.2052 r
  DP_i/fetch_i_btb_i/U168/ZN (INV_X1)                   0.0857     0.2908 f
  DP_i/fetch_i_btb_i/U169/ZN (NOR2_X1)                  0.1094     0.4002 r
  DP_i/fetch_i_btb_i/U185/ZN (NAND2_X1)                 0.0527     0.4529 f
  DP_i/fetch_i_btb_i/U161/ZN (INV_X2)                   0.1291     0.5820 r
  DP_i/fetch_i_btb_i/U414/ZN (AOI22_X1)                 0.0742     0.6561 f
  DP_i/fetch_i_btb_i/U417/ZN (NAND4_X1)                 0.0431     0.6993 r
  DP_i/fetch_i_btb_i/U423/ZN (NOR2_X1)                  0.0296     0.7288 f
  DP_i/fetch_i_btb_i/U424/ZN (AOI22_X1)                 0.0620     0.7908 r
  DP_i/fetch_i_btb_i/U425/ZN (OAI221_X1)                0.0507     0.8415 f
  DP_i/fetch_i_btb_i/U426/ZN (AOI21_X1)                 0.0624     0.9039 r
  DP_i/fetch_i_btb_i/U427/ZN (OAI21_X1)                 0.0372     0.9411 f
  DP_i/fetch_i_btb_i/U568/ZN (NOR4_X1)                  0.0958     1.0369 r
  DP_i/fetch_i_btb_i/U569/ZN (NAND4_X1)                 0.0956     1.1324 f
  DP_i/fetch_i_btb_i/U491/ZN (AND4_X1)                  0.0953     1.2277 f
  DP_i/fetch_i_btb_i/U492/ZN (NAND2_X1)                 0.0702     1.2979 r
  DP_i/fetch_i_btb_i/U495/ZN (INV_X1)                   0.0321     1.3300 f
  DP_i/fetch_i_btb_i/U496/ZN (AOI21_X1)                 0.0889     1.4189 r
  DP_i/fetch_i_btb_i/U499/ZN (NOR2_X1)                  0.0292     1.4481 f
  DP_i/fetch_i_btb_i/clk_gate_btb_table_reg_1__TARGET_/EN (SNPS_CLOCK_GATE_HIGH_BTB_NBIT32_BTB_DEPTH16_BTB_INDEX_MSB5_30)
                                                        0.0000     1.4481 f
  DP_i/fetch_i_btb_i/clk_gate_btb_table_reg_1__TARGET_/latch/E (CLKGATETST_X1)
                                                        0.0088     1.4569 f
  data arrival time                                                1.4569

  clock CLK (rise edge)                                 3.5000     3.5000
  clock network delay (ideal)                           0.0500     3.5500
  clock uncertainty                                    -0.0500     3.5000
  DP_i/fetch_i_btb_i/clk_gate_btb_table_reg_1__TARGET_/latch/CK (CLKGATETST_X1)
                                                        0.0000     3.5000 r
  clock gating setup time                              -0.0646     3.4354
  data required time                                               3.4354
  --------------------------------------------------------------------------
  data required time                                               3.4354
  data arrival time                                               -1.4569
  --------------------------------------------------------------------------
  slack (MET)                                                      1.9785


  Startpoint: DRAM_READY (input port clocked by CLK)
  Endpoint: DP_i/decode_i_B_reg_i_Y_reg_30_
            (rising edge-triggered flip-flop clocked by CLK)
  Path Group: INPUTS
  Path Type: max

  Des/Clust/Port     Wire Load Model       Library
  ------------------------------------------------
  DLX                5K_hvratio_1_4        NangateOpenCellLibrary

  Point                                                   Incr       Path
  --------------------------------------------------------------------------
  clock CLK (rise edge)                                 0.0000     0.0000
  clock network delay (ideal)                           0.0500     0.0500
  input external delay                                  0.3500     0.4000 r
  DRAM_READY (in)                                       0.0014     0.4014 r
  U787/ZN (NOR2_X1)                                     0.0299     0.4313 f
  U847/ZN (INV_X1)                                      0.0777     0.5090 r
  DP_i/EX_MEM_enable (DataPath)                         0.0000     0.5090 r
  DP_i/U4129/ZN (NAND2_X2)                              0.1662     0.6752 f
  DP_i/U2705/ZN (NOR3_X2)                               0.4369     1.1121 r
  DP_i/U2711/ZN (NAND2_X1)                              0.0567     1.1688 f
  DP_i/U2712/ZN (NAND4_X1)                              0.0550     1.2238 r
  DP_i/decode_i_B_reg_i_Y_reg_30_/D (DFF_X1)            0.0110     1.2347 r
  data arrival time                                                1.2347

  clock CLK (rise edge)                                 3.5000     3.5000
  clock network delay (ideal)                           0.0500     3.5500
  clock uncertainty                                    -0.0500     3.5000
  DP_i/decode_i_B_reg_i_Y_reg_30_/CK (DFF_X1)           0.0000     3.5000 r
  library setup time                                   -0.0302     3.4698
  data required time                                               3.4698
  --------------------------------------------------------------------------
  data required time                                               3.4698
  data arrival time                                               -1.2347
  --------------------------------------------------------------------------
  slack (MET)                                                      2.2350


  Startpoint: DRAM_READY (input port clocked by CLK)
  Endpoint: DP_i/decode_i_B_reg_i_Y_reg_29_
            (rising edge-triggered flip-flop clocked by CLK)
  Path Group: INPUTS
  Path Type: max

  Des/Clust/Port     Wire Load Model       Library
  ------------------------------------------------
  DLX                5K_hvratio_1_4        NangateOpenCellLibrary

  Point                                                   Incr       Path
  --------------------------------------------------------------------------
  clock CLK (rise edge)                                 0.0000     0.0000
  clock network delay (ideal)                           0.0500     0.0500
  input external delay                                  0.3500     0.4000 r
  DRAM_READY (in)                                       0.0014     0.4014 r
  U787/ZN (NOR2_X1)                                     0.0299     0.4313 f
  U847/ZN (INV_X1)                                      0.0777     0.5090 r
  DP_i/EX_MEM_enable (DataPath)                         0.0000     0.5090 r
  DP_i/U4129/ZN (NAND2_X2)                              0.1662     0.6752 f
  DP_i/U2705/ZN (NOR3_X2)                               0.4369     1.1121 r
  DP_i/U2716/ZN (NAND2_X1)                              0.0567     1.1688 f
  DP_i/U2717/ZN (NAND4_X1)                              0.0550     1.2238 r
  DP_i/decode_i_B_reg_i_Y_reg_29_/D (DFF_X1)            0.0110     1.2347 r
  data arrival time                                                1.2347

  clock CLK (rise edge)                                 3.5000     3.5000
  clock network delay (ideal)                           0.0500     3.5500
  clock uncertainty                                    -0.0500     3.5000
  DP_i/decode_i_B_reg_i_Y_reg_29_/CK (DFF_X1)           0.0000     3.5000 r
  library setup time                                   -0.0302     3.4698
  data required time                                               3.4698
  --------------------------------------------------------------------------
  data required time                                               3.4698
  data arrival time                                               -1.2347
  --------------------------------------------------------------------------
  slack (MET)                                                      2.2350


  Startpoint: DRAM_READY (input port clocked by CLK)
  Endpoint: DP_i/decode_i_B_reg_i_Y_reg_28_
            (rising edge-triggered flip-flop clocked by CLK)
  Path Group: INPUTS
  Path Type: max

  Des/Clust/Port     Wire Load Model       Library
  ------------------------------------------------
  DLX                5K_hvratio_1_4        NangateOpenCellLibrary

  Point                                                   Incr       Path
  --------------------------------------------------------------------------
  clock CLK (rise edge)                                 0.0000     0.0000
  clock network delay (ideal)                           0.0500     0.0500
  input external delay                                  0.3500     0.4000 r
  DRAM_READY (in)                                       0.0014     0.4014 r
  U787/ZN (NOR2_X1)                                     0.0299     0.4313 f
  U847/ZN (INV_X1)                                      0.0777     0.5090 r
  DP_i/EX_MEM_enable (DataPath)                         0.0000     0.5090 r
  DP_i/U4129/ZN (NAND2_X2)                              0.1662     0.6752 f
  DP_i/U2705/ZN (NOR3_X2)                               0.4369     1.1121 r
  DP_i/U2721/ZN (NAND2_X1)                              0.0567     1.1688 f
  DP_i/U2722/ZN (NAND4_X1)                              0.0550     1.2238 r
  DP_i/decode_i_B_reg_i_Y_reg_28_/D (DFF_X1)            0.0110     1.2347 r
  data arrival time                                                1.2347

  clock CLK (rise edge)                                 3.5000     3.5000
  clock network delay (ideal)                           0.0500     3.5500
  clock uncertainty                                    -0.0500     3.5000
  DP_i/decode_i_B_reg_i_Y_reg_28_/CK (DFF_X1)           0.0000     3.5000 r
  library setup time                                   -0.0302     3.4698
  data required time                                               3.4698
  --------------------------------------------------------------------------
  data required time                                               3.4698
  data arrival time                                               -1.2347
  --------------------------------------------------------------------------
  slack (MET)                                                      2.2350


  Startpoint: DRAM_READY (input port clocked by CLK)
  Endpoint: DP_i/decode_i_B_reg_i_Y_reg_31_
            (rising edge-triggered flip-flop clocked by CLK)
  Path Group: INPUTS
  Path Type: max

  Des/Clust/Port     Wire Load Model       Library
  ------------------------------------------------
  DLX                5K_hvratio_1_4        NangateOpenCellLibrary

  Point                                                   Incr       Path
  --------------------------------------------------------------------------
  clock CLK (rise edge)                                 0.0000     0.0000
  clock network delay (ideal)                           0.0500     0.0500
  input external delay                                  0.3500     0.4000 r
  DRAM_READY (in)                                       0.0014     0.4014 r
  U787/ZN (NOR2_X1)                                     0.0299     0.4313 f
  U847/ZN (INV_X1)                                      0.0777     0.5090 r
  DP_i/EX_MEM_enable (DataPath)                         0.0000     0.5090 r
  DP_i/U4129/ZN (NAND2_X2)                              0.1662     0.6752 f
  DP_i/U2705/ZN (NOR3_X2)                               0.4369     1.1121 r
  DP_i/U2706/ZN (NAND2_X1)                              0.0567     1.1688 f
  DP_i/U2707/ZN (NAND4_X1)                              0.0550     1.2238 r
  DP_i/decode_i_B_reg_i_Y_reg_31_/D (DFF_X1)            0.0110     1.2347 r
  data arrival time                                                1.2347

  clock CLK (rise edge)                                 3.5000     3.5000
  clock network delay (ideal)                           0.0500     3.5500
  clock uncertainty                                    -0.0500     3.5000
  DP_i/decode_i_B_reg_i_Y_reg_31_/CK (DFF_X1)           0.0000     3.5000 r
  library setup time                                   -0.0302     3.4698
  data required time                                               3.4698
  --------------------------------------------------------------------------
  data required time                                               3.4698
  data arrival time                                               -1.2347
  --------------------------------------------------------------------------
  slack (MET)                                                      2.2350


  Startpoint: DRAM_READY (input port clocked by CLK)
  Endpoint: DP_i/decode_i_B_reg_i_Y_reg_0_
            (rising edge-triggered flip-flop clocked by CLK)
  Path Group: INPUTS
  Path Type: max

  Des/Clust/Port     Wire Load Model       Library
  ------------------------------------------------
  DLX                5K_hvratio_1_4        NangateOpenCellLibrary

  Point                                                   Incr       Path
  --------------------------------------------------------------------------
  clock CLK (rise edge)                                 0.0000     0.0000
  clock network delay (ideal)                           0.0500     0.0500
  input external delay                                  0.3500     0.4000 r
  DRAM_READY (in)                                       0.0014     0.4014 r
  U787/ZN (NOR2_X1)                                     0.0299     0.4313 f
  U847/ZN (INV_X1)                                      0.0777     0.5090 r
  DP_i/EX_MEM_enable (DataPath)                         0.0000     0.5090 r
  DP_i/U4129/ZN (NAND2_X2)                              0.1662     0.6752 f
  DP_i/U2705/ZN (NOR3_X2)                               0.4369     1.1121 r
  DP_i/U2890/ZN (AOI22_X1)                              0.0586     1.1707 f
  DP_i/U2892/ZN (OAI211_X1)                             0.0512     1.2219 r
  DP_i/decode_i_B_reg_i_Y_reg_0_/D (DFF_X1)             0.0110     1.2329 r
  data arrival time                                                1.2329

  clock CLK (rise edge)                                 3.5000     3.5000
  clock network delay (ideal)                           0.0500     3.5500
  clock uncertainty                                    -0.0500     3.5000
  DP_i/decode_i_B_reg_i_Y_reg_0_/CK (DFF_X1)            0.0000     3.5000 r
  library setup time                                   -0.0311     3.4689
  data required time                                               3.4689
  --------------------------------------------------------------------------
  data required time                                               3.4689
  data arrival time                                               -1.2329
  --------------------------------------------------------------------------
  slack (MET)                                                      2.2360


  Startpoint: DRAM_READY (input port clocked by CLK)
  Endpoint: DP_i/decode_i_B_reg_i_Y_reg_0_
            (rising edge-triggered flip-flop clocked by CLK)
  Path Group: INPUTS
  Path Type: max

  Des/Clust/Port     Wire Load Model       Library
  ------------------------------------------------
  DLX                5K_hvratio_1_4        NangateOpenCellLibrary

  Point                                                   Incr       Path
  --------------------------------------------------------------------------
  clock CLK (rise edge)                                 0.0000     0.0000
  clock network delay (ideal)                           0.0500     0.0500
  input external delay                                  0.3500     0.4000 r
  DRAM_READY (in)                                       0.0014     0.4014 r
  U787/ZN (NOR2_X1)                                     0.0299     0.4313 f
  U847/ZN (INV_X1)                                      0.0777     0.5090 r
  DP_i/EX_MEM_enable (DataPath)                         0.0000     0.5090 r
  DP_i/U4129/ZN (NAND2_X2)                              0.1662     0.6752 f
  DP_i/U2705/ZN (NOR3_X2)                               0.4369     1.1121 r
  DP_i/U2890/ZN (AOI22_X1)                              0.0586     1.1707 f
  DP_i/U2892/ZN (OAI211_X1)                             0.0502     1.2209 r
  DP_i/decode_i_B_reg_i_Y_reg_0_/D (DFF_X1)             0.0110     1.2318 r
  data arrival time                                                1.2318

  clock CLK (rise edge)                                 3.5000     3.5000
  clock network delay (ideal)                           0.0500     3.5500
  clock uncertainty                                    -0.0500     3.5000
  DP_i/decode_i_B_reg_i_Y_reg_0_/CK (DFF_X1)            0.0000     3.5000 r
  library setup time                                   -0.0311     3.4689
  data required time                                               3.4689
  --------------------------------------------------------------------------
  data required time                                               3.4689
  data arrival time                                               -1.2318
  --------------------------------------------------------------------------
  slack (MET)                                                      2.2370


  Startpoint: DRAM_READY (input port clocked by CLK)
  Endpoint: DP_i/decode_i_B_reg_i_Y_reg_2_
            (rising edge-triggered flip-flop clocked by CLK)
  Path Group: INPUTS
  Path Type: max

  Des/Clust/Port     Wire Load Model       Library
  ------------------------------------------------
  DLX                5K_hvratio_1_4        NangateOpenCellLibrary

  Point                                                   Incr       Path
  --------------------------------------------------------------------------
  clock CLK (rise edge)                                 0.0000     0.0000
  clock network delay (ideal)                           0.0500     0.0500
  input external delay                                  0.3500     0.4000 r
  DRAM_READY (in)                                       0.0014     0.4014 r
  U787/ZN (NOR2_X1)                                     0.0299     0.4313 f
  U847/ZN (INV_X1)                                      0.0777     0.5090 r
  DP_i/EX_MEM_enable (DataPath)                         0.0000     0.5090 r
  DP_i/U4129/ZN (NAND2_X2)                              0.1662     0.6752 f
  DP_i/U2705/ZN (NOR3_X2)                               0.4369     1.1121 r
  DP_i/U2880/ZN (AOI22_X1)                              0.0562     1.1683 f
  DP_i/U2883/ZN (NAND4_X1)                              0.0526     1.2209 r
  DP_i/decode_i_B_reg_i_Y_reg_2_/D (DFF_X1)             0.0110     1.2319 r
  data arrival time                                                1.2319

  clock CLK (rise edge)                                 3.5000     3.5000
  clock network delay (ideal)                           0.0500     3.5500
  clock uncertainty                                    -0.0500     3.5000
  DP_i/decode_i_B_reg_i_Y_reg_2_/CK (DFF_X1)            0.0000     3.5000 r
  library setup time                                   -0.0303     3.4697
  data required time                                               3.4697
  --------------------------------------------------------------------------
  data required time                                               3.4697
  data arrival time                                               -1.2319
  --------------------------------------------------------------------------
  slack (MET)                                                      2.2377


  Startpoint: DRAM_READY (input port clocked by CLK)
  Endpoint: DP_i/decode_i_B_reg_i_Y_reg_2_
            (rising edge-triggered flip-flop clocked by CLK)
  Path Group: INPUTS
  Path Type: max

  Des/Clust/Port     Wire Load Model       Library
  ------------------------------------------------
  DLX                5K_hvratio_1_4        NangateOpenCellLibrary

  Point                                                   Incr       Path
  --------------------------------------------------------------------------
  clock CLK (rise edge)                                 0.0000     0.0000
  clock network delay (ideal)                           0.0500     0.0500
  input external delay                                  0.3500     0.4000 r
  DRAM_READY (in)                                       0.0014     0.4014 r
  U787/ZN (NOR2_X1)                                     0.0299     0.4313 f
  U847/ZN (INV_X1)                                      0.0777     0.5090 r
  DP_i/EX_MEM_enable (DataPath)                         0.0000     0.5090 r
  DP_i/U4129/ZN (NAND2_X2)                              0.1662     0.6752 f
  DP_i/U2705/ZN (NOR3_X2)                               0.4369     1.1121 r
  DP_i/U2880/ZN (AOI22_X1)                              0.0536     1.1657 f
  DP_i/U2883/ZN (NAND4_X1)                              0.0526     1.2183 r
  DP_i/decode_i_B_reg_i_Y_reg_2_/D (DFF_X1)             0.0110     1.2293 r
  data arrival time                                                1.2293

  clock CLK (rise edge)                                 3.5000     3.5000
  clock network delay (ideal)                           0.0500     3.5500
  clock uncertainty                                    -0.0500     3.5000
  DP_i/decode_i_B_reg_i_Y_reg_2_/CK (DFF_X1)            0.0000     3.5000 r
  library setup time                                   -0.0303     3.4697
  data required time                                               3.4697
  --------------------------------------------------------------------------
  data required time                                               3.4697
  data arrival time                                               -1.2293
  --------------------------------------------------------------------------
  slack (MET)                                                      2.2404


  Startpoint: DRAM_READY (input port clocked by CLK)
  Endpoint: DP_i/decode_i_B_reg_i_Y_reg_4_
            (rising edge-triggered flip-flop clocked by CLK)
  Path Group: INPUTS
  Path Type: max

  Des/Clust/Port     Wire Load Model       Library
  ------------------------------------------------
  DLX                5K_hvratio_1_4        NangateOpenCellLibrary

  Point                                                   Incr       Path
  --------------------------------------------------------------------------
  clock CLK (rise edge)                                 0.0000     0.0000
  clock network delay (ideal)                           0.0500     0.0500
  input external delay                                  0.3500     0.4000 r
  DRAM_READY (in)                                       0.0014     0.4014 r
  U787/ZN (NOR2_X1)                                     0.0299     0.4313 f
  U847/ZN (INV_X1)                                      0.0777     0.5090 r
  DP_i/EX_MEM_enable (DataPath)                         0.0000     0.5090 r
  DP_i/U4129/ZN (NAND2_X2)                              0.1662     0.6752 f
  DP_i/U2705/ZN (NOR3_X2)                               0.4369     1.1121 r
  DP_i/U2866/ZN (AOI21_X1)                              0.0514     1.1635 f
  DP_i/U2868/ZN (OAI211_X1)                             0.0535     1.2169 r
  DP_i/decode_i_B_reg_i_Y_reg_4_/D (DFF_X1)             0.0110     1.2279 r
  data arrival time                                                1.2279

  clock CLK (rise edge)                                 3.5000     3.5000
  clock network delay (ideal)                           0.0500     3.5500
  clock uncertainty                                    -0.0500     3.5000
  DP_i/decode_i_B_reg_i_Y_reg_4_/CK (DFF_X1)            0.0000     3.5000 r
  library setup time                                   -0.0310     3.4690
  data required time                                               3.4690
  --------------------------------------------------------------------------
  data required time                                               3.4690
  data arrival time                                               -1.2279
  --------------------------------------------------------------------------
  slack (MET)                                                      2.2411


  Startpoint: DRAM_READY (input port clocked by CLK)
  Endpoint: DP_i/decode_i_B_reg_i_Y_reg_3_
            (rising edge-triggered flip-flop clocked by CLK)
  Path Group: INPUTS
  Path Type: max

  Des/Clust/Port     Wire Load Model       Library
  ------------------------------------------------
  DLX                5K_hvratio_1_4        NangateOpenCellLibrary

  Point                                                   Incr       Path
  --------------------------------------------------------------------------
  clock CLK (rise edge)                                 0.0000     0.0000
  clock network delay (ideal)                           0.0500     0.0500
  input external delay                                  0.3500     0.4000 r
  DRAM_READY (in)                                       0.0014     0.4014 r
  U787/ZN (NOR2_X1)                                     0.0299     0.4313 f
  U847/ZN (INV_X1)                                      0.0777     0.5090 r
  DP_i/EX_MEM_enable (DataPath)                         0.0000     0.5090 r
  DP_i/U4129/ZN (NAND2_X2)                              0.1662     0.6752 f
  DP_i/U2705/ZN (NOR3_X2)                               0.4369     1.1121 r
  DP_i/U2873/ZN (AOI21_X1)                              0.0514     1.1635 f
  DP_i/U2875/ZN (OAI211_X1)                             0.0535     1.2169 r
  DP_i/decode_i_B_reg_i_Y_reg_3_/D (DFF_X1)             0.0110     1.2279 r
  data arrival time                                                1.2279

  clock CLK (rise edge)                                 3.5000     3.5000
  clock network delay (ideal)                           0.0500     3.5500
  clock uncertainty                                    -0.0500     3.5000
  DP_i/decode_i_B_reg_i_Y_reg_3_/CK (DFF_X1)            0.0000     3.5000 r
  library setup time                                   -0.0310     3.4690
  data required time                                               3.4690
  --------------------------------------------------------------------------
  data required time                                               3.4690
  data arrival time                                               -1.2279
  --------------------------------------------------------------------------
  slack (MET)                                                      2.2411


  Startpoint: DP_i/fetch_i_IR_out_reg_26_
              (rising edge-triggered flip-flop clocked by CLK)
  Endpoint: IRAM_ISSUE (output port clocked by CLK)
  Path Group: OUTPUTS
  Path Type: max

  Des/Clust/Port     Wire Load Model       Library
  ------------------------------------------------
  DLX                5K_hvratio_1_4        NangateOpenCellLibrary

  Point                                                   Incr       Path
  --------------------------------------------------------------------------
  clock CLK (rise edge)                                 0.0000     0.0000
  clock network delay (ideal)                           0.0500     0.0500
  DP_i/fetch_i_IR_out_reg_26_/CK (DFF_X1)               0.0000     0.0500 r
  DP_i/fetch_i_IR_out_reg_26_/Q (DFF_X1)                0.1123     0.1623 f
  DP_i/opcode[0] (DataPath)                             0.0000     0.1623 f
  U832/ZN (INV_X1)                                      0.0851     0.2473 r
  U867/ZN (NAND3_X1)                                    0.0855     0.3328 f
  U868/ZN (NOR2_X2)                                     0.1347     0.4675 r
  U869/ZN (INV_X1)                                      0.0727     0.5402 f
  U873/ZN (NOR2_X1)                                     0.0716     0.6118 r
  U874/ZN (NAND2_X1)                                    0.0523     0.6641 f
  U783/ZN (NOR4_X1)                                     0.1220     0.7861 r
  U878/ZN (NAND2_X1)                                    0.0497     0.8358 f
  U879/ZN (INV_X1)                                      0.0664     0.9022 r
  DP_i/SP_read (DataPath)                               0.0000     0.9022 r
  DP_i/U2490/ZN (INV_X1)                                0.0344     0.9366 f
  DP_i/U2494/ZN (AOI21_X1)                              0.0550     0.9916 r
  DP_i/U2510/ZN (AOI211_X1)                             0.0345     1.0261 f
  DP_i/U2543/ZN (INV_X1)                                0.0401     1.0662 r
  DP_i/U2544/ZN (NOR2_X2)                               0.0590     1.1253 f
  DP_i/U3271/ZN (AND2_X1)                               0.0702     1.1955 f
  DP_i/rs2_live[4] (DataPath)                           0.0000     1.1955 f
  U968/ZN (NAND2_X1)                                    0.0611     1.2566 r
  U980/ZN (INV_X1)                                      0.0436     1.3002 f
  U981/ZN (AOI22_X1)                                    0.0659     1.3661 r
  U982/ZN (OAI211_X1)                                   0.0512     1.4173 f
  U985/ZN (OAI221_X1)                                   0.0713     1.4886 r
  U986/ZN (INV_X1)                                      0.0234     1.5120 f
  U987/Z (MUX2_X1)                                      0.0681     1.5801 f
  U1001/ZN (OAI21_X1)                                   0.0587     1.6388 r
  U1002/ZN (AOI221_X1)                                  0.0374     1.6762 f
  U1030/ZN (AOI211_X1)                                  0.1266     1.8028 r
  U1031/ZN (INV_X1)                                     0.0349     1.8378 f
  U1114/ZN (AOI21_X1)                                   0.0486     1.8864 r
  IRAM_ISSUE (out)                                      0.0035     1.8899 r
  data arrival time                                                1.8899

  clock CLK (rise edge)                                 3.5000     3.5000
  clock network delay (ideal)                           0.0500     3.5500
  clock uncertainty                                    -0.0500     3.5000
  output external delay                                -0.3500     3.1500
  data required time                                               3.1500
  --------------------------------------------------------------------------
  data required time                                               3.1500
  data arrival time                                               -1.8899
  --------------------------------------------------------------------------
  slack (MET)                                                      1.2601


  Startpoint: DP_i/fetch_i_IR_out_reg_26_
              (rising edge-triggered flip-flop clocked by CLK)
  Endpoint: IRAM_ISSUE (output port clocked by CLK)
  Path Group: OUTPUTS
  Path Type: max

  Des/Clust/Port     Wire Load Model       Library
  ------------------------------------------------
  DLX                5K_hvratio_1_4        NangateOpenCellLibrary

  Point                                                   Incr       Path
  --------------------------------------------------------------------------
  clock CLK (rise edge)                                 0.0000     0.0000
  clock network delay (ideal)                           0.0500     0.0500
  DP_i/fetch_i_IR_out_reg_26_/CK (DFF_X1)               0.0000     0.0500 r
  DP_i/fetch_i_IR_out_reg_26_/Q (DFF_X1)                0.1123     0.1623 f
  DP_i/opcode[0] (DataPath)                             0.0000     0.1623 f
  U832/ZN (INV_X1)                                      0.0851     0.2473 r
  U867/ZN (NAND3_X1)                                    0.0855     0.3328 f
  U868/ZN (NOR2_X2)                                     0.1347     0.4675 r
  U869/ZN (INV_X1)                                      0.0727     0.5402 f
  U873/ZN (NOR2_X1)                                     0.0716     0.6118 r
  U874/ZN (NAND2_X1)                                    0.0523     0.6641 f
  U783/ZN (NOR4_X1)                                     0.1220     0.7861 r
  U878/ZN (NAND2_X1)                                    0.0497     0.8358 f
  U879/ZN (INV_X1)                                      0.0664     0.9022 r
  DP_i/SP_read (DataPath)                               0.0000     0.9022 r
  DP_i/U2490/ZN (INV_X1)                                0.0344     0.9366 f
  DP_i/U2494/ZN (AOI21_X1)                              0.0550     0.9916 r
  DP_i/U2510/ZN (AOI211_X1)                             0.0345     1.0261 f
  DP_i/U2543/ZN (INV_X1)                                0.0401     1.0662 r
  DP_i/U2544/ZN (NOR2_X2)                               0.0590     1.1253 f
  DP_i/U3271/ZN (AND2_X1)                               0.0702     1.1955 f
  DP_i/rs2_live[4] (DataPath)                           0.0000     1.1955 f
  U968/ZN (NAND2_X1)                                    0.0611     1.2566 r
  U980/ZN (INV_X1)                                      0.0436     1.3002 f
  U981/ZN (AOI22_X1)                                    0.0659     1.3661 r
  U982/ZN (OAI211_X1)                                   0.0512     1.4173 f
  U985/ZN (OAI221_X1)                                   0.0713     1.4886 r
  U986/ZN (INV_X1)                                      0.0234     1.5120 f
  U987/Z (MUX2_X1)                                      0.0681     1.5801 f
  U1001/ZN (OAI21_X1)                                   0.0587     1.6388 r
  U1002/ZN (AOI221_X1)                                  0.0374     1.6762 f
  U1030/ZN (AOI211_X1)                                  0.1266     1.8028 r
  U1031/ZN (INV_X1)                                     0.0349     1.8378 f
  U1114/ZN (AOI21_X1)                                   0.0486     1.8864 r
  IRAM_ISSUE (out)                                      0.0035     1.8899 r
  data arrival time                                                1.8899

  clock CLK (rise edge)                                 3.5000     3.5000
  clock network delay (ideal)                           0.0500     3.5500
  clock uncertainty                                    -0.0500     3.5000
  output external delay                                -0.3500     3.1500
  data required time                                               3.1500
  --------------------------------------------------------------------------
  data required time                                               3.1500
  data arrival time                                               -1.8899
  --------------------------------------------------------------------------
  slack (MET)                                                      1.2601


  Startpoint: DP_i/mem_access_i_rd_out_reg_i_Y_reg_0_
              (rising edge-triggered flip-flop clocked by CLK)
  Endpoint: DRAM_DATA[31]
            (output port clocked by CLK)
  Path Group: OUTPUTS
  Path Type: max

  Des/Clust/Port     Wire Load Model       Library
  ------------------------------------------------
  DLX                5K_hvratio_1_4        NangateOpenCellLibrary

  Point                                                   Incr       Path
  --------------------------------------------------------------------------
  clock CLK (rise edge)                                 0.0000     0.0000
  clock network delay (ideal)                           0.0500     0.0500
  DP_i/mem_access_i_rd_out_reg_i_Y_reg_0_/CK (DFF_X1)   0.0000     0.0500 r
  DP_i/mem_access_i_rd_out_reg_i_Y_reg_0_/Q (DFF_X1)    0.1375     0.1875 r
  DP_i/rd_mem_w[0] (DataPath)                           0.0000     0.1875 r
  U1073/ZN (INV_X1)                                     0.0583     0.2458 f
  U1075/ZN (AOI22_X1)                                   0.0543     0.3001 r
  U1076/ZN (OAI221_X1)                                  0.0564     0.3565 f
  U1077/ZN (NOR3_X2)                                    0.1853     0.5418 r
  DP_i/fw_mem_mem (DataPath)                            0.0000     0.5418 r
  DP_i/U1026/ZN (INV_X1)                                0.0554     0.5973 f
  DP_i/U147/ZN (NOR2_X2)                                0.1547     0.7520 r
  DP_i/U1059/ZN (AOI22_X1)                              0.0686     0.8206 f
  DP_i/U1060/ZN (INV_X1)                                0.0365     0.8571 r
  DP_i/D_RAM_write_data[31] (DataPath)                  0.0000     0.8571 r
  U822/ZN (AND2_X1)                                     0.0436     0.9007 r
  DRAM_DATA_tri_31_/Z (TBUF_X1)                         0.0591     0.9598 r
  DRAM_DATA[31] (inout)                                 0.0048     0.9646 r
  data arrival time                                                0.9646

  clock CLK (rise edge)                                 3.5000     3.5000
  clock network delay (ideal)                           0.0500     3.5500
  clock uncertainty                                    -0.0500     3.5000
  output external delay                                -0.3500     3.1500
  data required time                                               3.1500
  --------------------------------------------------------------------------
  data required time                                               3.1500
  data arrival time                                               -0.9646
  --------------------------------------------------------------------------
  slack (MET)                                                      2.1854


  Startpoint: DP_i/mem_access_i_rd_out_reg_i_Y_reg_0_
              (rising edge-triggered flip-flop clocked by CLK)
  Endpoint: DRAM_DATA[31]
            (output port clocked by CLK)
  Path Group: OUTPUTS
  Path Type: max

  Des/Clust/Port     Wire Load Model       Library
  ------------------------------------------------
  DLX                5K_hvratio_1_4        NangateOpenCellLibrary

  Point                                                   Incr       Path
  --------------------------------------------------------------------------
  clock CLK (rise edge)                                 0.0000     0.0000
  clock network delay (ideal)                           0.0500     0.0500
  DP_i/mem_access_i_rd_out_reg_i_Y_reg_0_/CK (DFF_X1)   0.0000     0.0500 r
  DP_i/mem_access_i_rd_out_reg_i_Y_reg_0_/Q (DFF_X1)    0.1375     0.1875 r
  DP_i/rd_mem_w[0] (DataPath)                           0.0000     0.1875 r
  U1073/ZN (INV_X1)                                     0.0583     0.2458 f
  U1075/ZN (AOI22_X1)                                   0.0543     0.3001 r
  U1076/ZN (OAI221_X1)                                  0.0564     0.3565 f
  U1077/ZN (NOR3_X2)                                    0.1853     0.5418 r
  DP_i/fw_mem_mem (DataPath)                            0.0000     0.5418 r
  DP_i/U1026/ZN (INV_X1)                                0.0554     0.5973 f
  DP_i/U147/ZN (NOR2_X2)                                0.1547     0.7520 r
  DP_i/U1059/ZN (AOI22_X1)                              0.0683     0.8203 f
  DP_i/U1060/ZN (INV_X1)                                0.0365     0.8568 r
  DP_i/D_RAM_write_data[31] (DataPath)                  0.0000     0.8568 r
  U822/ZN (AND2_X1)                                     0.0436     0.9004 r
  DRAM_DATA_tri_31_/Z (TBUF_X1)                         0.0591     0.9594 r
  DRAM_DATA[31] (inout)                                 0.0048     0.9643 r
  data arrival time                                                0.9643

  clock CLK (rise edge)                                 3.5000     3.5000
  clock network delay (ideal)                           0.0500     3.5500
  clock uncertainty                                    -0.0500     3.5000
  output external delay                                -0.3500     3.1500
  data required time                                               3.1500
  --------------------------------------------------------------------------
  data required time                                               3.1500
  data arrival time                                               -0.9643
  --------------------------------------------------------------------------
  slack (MET)                                                      2.1857


  Startpoint: DP_i/mem_access_i_rd_out_reg_i_Y_reg_0_
              (rising edge-triggered flip-flop clocked by CLK)
  Endpoint: DRAM_DATA[28]
            (output port clocked by CLK)
  Path Group: OUTPUTS
  Path Type: max

  Des/Clust/Port     Wire Load Model       Library
  ------------------------------------------------
  DLX                5K_hvratio_1_4        NangateOpenCellLibrary

  Point                                                   Incr       Path
  --------------------------------------------------------------------------
  clock CLK (rise edge)                                 0.0000     0.0000
  clock network delay (ideal)                           0.0500     0.0500
  DP_i/mem_access_i_rd_out_reg_i_Y_reg_0_/CK (DFF_X1)   0.0000     0.0500 r
  DP_i/mem_access_i_rd_out_reg_i_Y_reg_0_/Q (DFF_X1)    0.1375     0.1875 r
  DP_i/rd_mem_w[0] (DataPath)                           0.0000     0.1875 r
  U1073/ZN (INV_X1)                                     0.0583     0.2458 f
  U1075/ZN (AOI22_X1)                                   0.0543     0.3001 r
  U1076/ZN (OAI221_X1)                                  0.0564     0.3565 f
  U1077/ZN (NOR3_X2)                                    0.1853     0.5418 r
  DP_i/fw_mem_mem (DataPath)                            0.0000     0.5418 r
  DP_i/U1026/ZN (INV_X1)                                0.0554     0.5973 f
  DP_i/U147/ZN (NOR2_X2)                                0.1547     0.7520 r
  DP_i/U1073/ZN (AOI22_X1)                              0.0686     0.8206 f
  DP_i/U1074/ZN (INV_X1)                                0.0354     0.8561 r
  DP_i/D_RAM_write_data[28] (DataPath)                  0.0000     0.8561 r
  U829/ZN (AND2_X1)                                     0.0434     0.8994 r
  DRAM_DATA_tri_28_/Z (TBUF_X1)                         0.0597     0.9592 r
  DRAM_DATA[28] (inout)                                 0.0048     0.9640 r
  data arrival time                                                0.9640

  clock CLK (rise edge)                                 3.5000     3.5000
  clock network delay (ideal)                           0.0500     3.5500
  clock uncertainty                                    -0.0500     3.5000
  output external delay                                -0.3500     3.1500
  data required time                                               3.1500
  --------------------------------------------------------------------------
  data required time                                               3.1500
  data arrival time                                               -0.9640
  --------------------------------------------------------------------------
  slack (MET)                                                      2.1860


  Startpoint: DP_i/mem_access_i_rd_out_reg_i_Y_reg_0_
              (rising edge-triggered flip-flop clocked by CLK)
  Endpoint: DRAM_DATA[30]
            (output port clocked by CLK)
  Path Group: OUTPUTS
  Path Type: max

  Des/Clust/Port     Wire Load Model       Library
  ------------------------------------------------
  DLX                5K_hvratio_1_4        NangateOpenCellLibrary

  Point                                                   Incr       Path
  --------------------------------------------------------------------------
  clock CLK (rise edge)                                 0.0000     0.0000
  clock network delay (ideal)                           0.0500     0.0500
  DP_i/mem_access_i_rd_out_reg_i_Y_reg_0_/CK (DFF_X1)   0.0000     0.0500 r
  DP_i/mem_access_i_rd_out_reg_i_Y_reg_0_/Q (DFF_X1)    0.1375     0.1875 r
  DP_i/rd_mem_w[0] (DataPath)                           0.0000     0.1875 r
  U1073/ZN (INV_X1)                                     0.0583     0.2458 f
  U1075/ZN (AOI22_X1)                                   0.0543     0.3001 r
  U1076/ZN (OAI221_X1)                                  0.0564     0.3565 f
  U1077/ZN (NOR3_X2)                                    0.1853     0.5418 r
  DP_i/fw_mem_mem (DataPath)                            0.0000     0.5418 r
  DP_i/U1026/ZN (INV_X1)                                0.0554     0.5973 f
  DP_i/U147/ZN (NOR2_X2)                                0.1547     0.7520 r
  DP_i/U1067/ZN (AOI22_X1)                              0.0686     0.8206 f
  DP_i/U1068/ZN (INV_X1)                                0.0354     0.8561 r
  DP_i/D_RAM_write_data[30] (DataPath)                  0.0000     0.8561 r
  U826/ZN (AND2_X1)                                     0.0434     0.8994 r
  DRAM_DATA_tri_30_/Z (TBUF_X1)                         0.0597     0.9592 r
  DRAM_DATA[30] (inout)                                 0.0048     0.9640 r
  data arrival time                                                0.9640

  clock CLK (rise edge)                                 3.5000     3.5000
  clock network delay (ideal)                           0.0500     3.5500
  clock uncertainty                                    -0.0500     3.5000
  output external delay                                -0.3500     3.1500
  data required time                                               3.1500
  --------------------------------------------------------------------------
  data required time                                               3.1500
  data arrival time                                               -0.9640
  --------------------------------------------------------------------------
  slack (MET)                                                      2.1860


  Startpoint: DP_i/mem_access_i_rd_out_reg_i_Y_reg_0_
              (rising edge-triggered flip-flop clocked by CLK)
  Endpoint: DRAM_DATA[25]
            (output port clocked by CLK)
  Path Group: OUTPUTS
  Path Type: max

  Des/Clust/Port     Wire Load Model       Library
  ------------------------------------------------
  DLX                5K_hvratio_1_4        NangateOpenCellLibrary

  Point                                                   Incr       Path
  --------------------------------------------------------------------------
  clock CLK (rise edge)                                 0.0000     0.0000
  clock network delay (ideal)                           0.0500     0.0500
  DP_i/mem_access_i_rd_out_reg_i_Y_reg_0_/CK (DFF_X1)   0.0000     0.0500 r
  DP_i/mem_access_i_rd_out_reg_i_Y_reg_0_/Q (DFF_X1)    0.1375     0.1875 r
  DP_i/rd_mem_w[0] (DataPath)                           0.0000     0.1875 r
  U1073/ZN (INV_X1)                                     0.0583     0.2458 f
  U1075/ZN (AOI22_X1)                                   0.0543     0.3001 r
  U1076/ZN (OAI221_X1)                                  0.0564     0.3565 f
  U1077/ZN (NOR3_X2)                                    0.1853     0.5418 r
  DP_i/fw_mem_mem (DataPath)                            0.0000     0.5418 r
  DP_i/U1026/ZN (INV_X1)                                0.0554     0.5973 f
  DP_i/U147/ZN (NOR2_X2)                                0.1547     0.7520 r
  DP_i/U1063/ZN (AOI22_X1)                              0.0686     0.8206 f
  DP_i/U1064/ZN (INV_X1)                                0.0354     0.8561 r
  DP_i/D_RAM_write_data[25] (DataPath)                  0.0000     0.8561 r
  U824/ZN (AND2_X1)                                     0.0434     0.8994 r
  DRAM_DATA_tri_25_/Z (TBUF_X1)                         0.0597     0.9592 r
  DRAM_DATA[25] (inout)                                 0.0048     0.9640 r
  data arrival time                                                0.9640

  clock CLK (rise edge)                                 3.5000     3.5000
  clock network delay (ideal)                           0.0500     3.5500
  clock uncertainty                                    -0.0500     3.5000
  output external delay                                -0.3500     3.1500
  data required time                                               3.1500
  --------------------------------------------------------------------------
  data required time                                               3.1500
  data arrival time                                               -0.9640
  --------------------------------------------------------------------------
  slack (MET)                                                      2.1860


  Startpoint: DP_i/mem_access_i_rd_out_reg_i_Y_reg_0_
              (rising edge-triggered flip-flop clocked by CLK)
  Endpoint: DRAM_DATA[26]
            (output port clocked by CLK)
  Path Group: OUTPUTS
  Path Type: max

  Des/Clust/Port     Wire Load Model       Library
  ------------------------------------------------
  DLX                5K_hvratio_1_4        NangateOpenCellLibrary

  Point                                                   Incr       Path
  --------------------------------------------------------------------------
  clock CLK (rise edge)                                 0.0000     0.0000
  clock network delay (ideal)                           0.0500     0.0500
  DP_i/mem_access_i_rd_out_reg_i_Y_reg_0_/CK (DFF_X1)   0.0000     0.0500 r
  DP_i/mem_access_i_rd_out_reg_i_Y_reg_0_/Q (DFF_X1)    0.1375     0.1875 r
  DP_i/rd_mem_w[0] (DataPath)                           0.0000     0.1875 r
  U1073/ZN (INV_X1)                                     0.0583     0.2458 f
  U1075/ZN (AOI22_X1)                                   0.0543     0.3001 r
  U1076/ZN (OAI221_X1)                                  0.0564     0.3565 f
  U1077/ZN (NOR3_X2)                                    0.1853     0.5418 r
  DP_i/fw_mem_mem (DataPath)                            0.0000     0.5418 r
  DP_i/U1026/ZN (INV_X1)                                0.0554     0.5973 f
  DP_i/U147/ZN (NOR2_X2)                                0.1547     0.7520 r
  DP_i/U1069/ZN (AOI22_X1)                              0.0686     0.8206 f
  DP_i/U1070/ZN (INV_X1)                                0.0354     0.8561 r
  DP_i/D_RAM_write_data[26] (DataPath)                  0.0000     0.8561 r
  U827/ZN (AND2_X1)                                     0.0434     0.8994 r
  DRAM_DATA_tri_26_/Z (TBUF_X1)                         0.0597     0.9592 r
  DRAM_DATA[26] (inout)                                 0.0048     0.9640 r
  data arrival time                                                0.9640

  clock CLK (rise edge)                                 3.5000     3.5000
  clock network delay (ideal)                           0.0500     3.5500
  clock uncertainty                                    -0.0500     3.5000
  output external delay                                -0.3500     3.1500
  data required time                                               3.1500
  --------------------------------------------------------------------------
  data required time                                               3.1500
  data arrival time                                               -0.9640
  --------------------------------------------------------------------------
  slack (MET)                                                      2.1860


  Startpoint: DP_i/mem_access_i_rd_out_reg_i_Y_reg_0_
              (rising edge-triggered flip-flop clocked by CLK)
  Endpoint: DRAM_DATA[29]
            (output port clocked by CLK)
  Path Group: OUTPUTS
  Path Type: max

  Des/Clust/Port     Wire Load Model       Library
  ------------------------------------------------
  DLX                5K_hvratio_1_4        NangateOpenCellLibrary

  Point                                                   Incr       Path
  --------------------------------------------------------------------------
  clock CLK (rise edge)                                 0.0000     0.0000
  clock network delay (ideal)                           0.0500     0.0500
  DP_i/mem_access_i_rd_out_reg_i_Y_reg_0_/CK (DFF_X1)   0.0000     0.0500 r
  DP_i/mem_access_i_rd_out_reg_i_Y_reg_0_/Q (DFF_X1)    0.1375     0.1875 r
  DP_i/rd_mem_w[0] (DataPath)                           0.0000     0.1875 r
  U1073/ZN (INV_X1)                                     0.0583     0.2458 f
  U1075/ZN (AOI22_X1)                                   0.0543     0.3001 r
  U1076/ZN (OAI221_X1)                                  0.0564     0.3565 f
  U1077/ZN (NOR3_X2)                                    0.1853     0.5418 r
  DP_i/fw_mem_mem (DataPath)                            0.0000     0.5418 r
  DP_i/U1026/ZN (INV_X1)                                0.0554     0.5973 f
  DP_i/U147/ZN (NOR2_X2)                                0.1547     0.7520 r
  DP_i/U1061/ZN (AOI22_X1)                              0.0686     0.8206 f
  DP_i/U1062/ZN (INV_X1)                                0.0354     0.8561 r
  DP_i/D_RAM_write_data[29] (DataPath)                  0.0000     0.8561 r
  U823/ZN (AND2_X1)                                     0.0434     0.8994 r
  DRAM_DATA_tri_29_/Z (TBUF_X1)                         0.0597     0.9591 r
  DRAM_DATA[29] (inout)                                 0.0048     0.9640 r
  data arrival time                                                0.9640

  clock CLK (rise edge)                                 3.5000     3.5000
  clock network delay (ideal)                           0.0500     3.5500
  clock uncertainty                                    -0.0500     3.5000
  output external delay                                -0.3500     3.1500
  data required time                                               3.1500
  --------------------------------------------------------------------------
  data required time                                               3.1500
  data arrival time                                               -0.9640
  --------------------------------------------------------------------------
  slack (MET)                                                      2.1860


  Startpoint: DP_i/mem_access_i_rd_out_reg_i_Y_reg_0_
              (rising edge-triggered flip-flop clocked by CLK)
  Endpoint: DRAM_DATA[24]
            (output port clocked by CLK)
  Path Group: OUTPUTS
  Path Type: max

  Des/Clust/Port     Wire Load Model       Library
  ------------------------------------------------
  DLX                5K_hvratio_1_4        NangateOpenCellLibrary

  Point                                                   Incr       Path
  --------------------------------------------------------------------------
  clock CLK (rise edge)                                 0.0000     0.0000
  clock network delay (ideal)                           0.0500     0.0500
  DP_i/mem_access_i_rd_out_reg_i_Y_reg_0_/CK (DFF_X1)   0.0000     0.0500 r
  DP_i/mem_access_i_rd_out_reg_i_Y_reg_0_/Q (DFF_X1)    0.1375     0.1875 r
  DP_i/rd_mem_w[0] (DataPath)                           0.0000     0.1875 r
  U1073/ZN (INV_X1)                                     0.0583     0.2458 f
  U1075/ZN (AOI22_X1)                                   0.0543     0.3001 r
  U1076/ZN (OAI221_X1)                                  0.0564     0.3565 f
  U1077/ZN (NOR3_X2)                                    0.1853     0.5418 r
  DP_i/fw_mem_mem (DataPath)                            0.0000     0.5418 r
  DP_i/U1026/ZN (INV_X1)                                0.0554     0.5973 f
  DP_i/U147/ZN (NOR2_X2)                                0.1547     0.7520 r
  DP_i/U1065/ZN (AOI22_X1)                              0.0686     0.8206 f
  DP_i/U1066/ZN (INV_X1)                                0.0354     0.8561 r
  DP_i/D_RAM_write_data[24] (DataPath)                  0.0000     0.8561 r
  U825/ZN (AND2_X1)                                     0.0434     0.8994 r
  DRAM_DATA_tri_24_/Z (TBUF_X1)                         0.0597     0.9591 r
  DRAM_DATA[24] (inout)                                 0.0048     0.9640 r
  data arrival time                                                0.9640

  clock CLK (rise edge)                                 3.5000     3.5000
  clock network delay (ideal)                           0.0500     3.5500
  clock uncertainty                                    -0.0500     3.5000
  output external delay                                -0.3500     3.1500
  data required time                                               3.1500
  --------------------------------------------------------------------------
  data required time                                               3.1500
  data arrival time                                               -0.9640
  --------------------------------------------------------------------------
  slack (MET)                                                      2.1860


1
