path,bytes,sha256
evidence/power/methodology/README.md,14919,295a1689ea2e1142e97395afbef3f84ed95b169d02c27a0cfd0cde131281f73f
evidence/power/methodology/results/final_report.txt,6228,364f20dc0e977061fd4154ff8a2383c8b38302c82bfbfbc801a973be38a05867
evidence/power/methodology/results/final_results.csv,3338,909e5091135323badbf51b72a50f55079230681faf578293737c3d8d15848dc2
evidence/power/methodology/results/gate_results.csv,23,db640f9c72abd2624f685f3b649d100f5e257bf387c4e861de310d916ab495af
evidence/power/methodology/results/power_1p05_08_multiplier.rpt,2364,bbacc733b1589ff47ba652e76b0bc47894234e2ec821bccf7e55c02069bbdd50
evidence/power/methodology/results/power_1p05_20_power_bench.rpt,2364,1e8d9c6c24989b3db4f0177c828428f13464e9ea22d354364013c9f716481a19
evidence/power/methodology/results/power_1p0_08_multiplier.rpt,2364,7a0cadb698959728b4090d949000364bf4547f8516844f522484ed89e0667f7b
evidence/power/methodology/results/power_1p0_20_power_bench.rpt,2364,0fb0648f855a1678eb3aaea02ff4eb82cd67650f3417faeb884979dfd6c0e002
evidence/power/methodology/results/power_1p15_08_multiplier.rpt,2364,8fffd58bdba34d8e7508cbf74bdff5ec73f690ac68def095ac597226fcc41f96
evidence/power/methodology/results/power_1p15_20_power_bench.rpt,2364,0e34706e68629915bd1fb2fb5d8d5f063a22debb83c6cd628042463c5bf8f145
evidence/power/methodology/results/power_1p1_08_multiplier.rpt,2364,9b160deee125e7e2d861a08ae9ff92cf36c3fb7042139e503742721b4085cd15
evidence/power/methodology/results/power_1p1_20_power_bench.rpt,2364,12c3ad11ca62bf9aa68b32917f252c1f9748d9fd3a3fd0e96dd162bc62e1de0d
evidence/power/methodology/results/power_1p25_08_multiplier.rpt,2364,bb540bc8017a6d97ca2bc148c5bc828ec8674cc1b18beac18791d54bcd187ea5
evidence/power/methodology/results/power_1p25_20_power_bench.rpt,2364,72fa885e625da334b4124de906aaed15cc32ccb7fe0be3a51bd3466c051d5402
evidence/power/methodology/results/power_1p2_08_multiplier.rpt,2364,d9ea71536b0adf4ed59e4736459b9c4f5c91cb91a505f8befebcaa15ce47ff5b
evidence/power/methodology/results/power_1p2_20_power_bench.rpt,2364,a126ed12813ea433053f416b5cf66b1dfe40c4d50c2f312bfd023bdc131c6516
evidence/power/methodology/results/power_1p35_08_multiplier.rpt,2364,ceb76dca01c2d2f840b342145091e0647c2d0fcbff08220031e0d43ece4dc38d
evidence/power/methodology/results/power_1p35_20_power_bench.rpt,2364,d79862084eb5fa6ba3a6d27a56aaf15debed753527a83255934ab1e6a52e422c
evidence/power/methodology/results/power_1p3_08_multiplier.rpt,2364,57fd3e394367b69535deeaa2d81592ae293a8bf4616c8709f6aafee41f7dd01d
evidence/power/methodology/results/power_1p3_20_power_bench.rpt,2364,e9221159f9bf30d0e31db6e9ea349da6dfd81a6fd1550111b161fd7aba116482
evidence/power/methodology/results/power_1p45_08_multiplier.rpt,2364,1670ba9dcdcdd0c2e545d596a28fff265e816a93954216f681bd26cce15e9373
evidence/power/methodology/results/power_1p45_20_power_bench.rpt,2364,43cf56314a84f4e4176b01cd6e92a6f1449b9bea8c4734803c8774244d30b238
evidence/power/methodology/results/power_1p4_08_multiplier.rpt,2364,dfe169706256d405347ae904aca946fbb443e8dd9f8a7b6f5a314feb670f4fc6
evidence/power/methodology/results/power_1p4_20_power_bench.rpt,2364,004a57cc6790a10ba7616a6a8d8e3e726e419d41b16f8a6b64be5291e6d48a36
evidence/power/methodology/results/power_1p55_08_multiplier.rpt,2364,661a87812a171a4bfddc7ec38c6abfbf3b09ed3ae353a35098b366b9b45faa6f
evidence/power/methodology/results/power_1p55_20_power_bench.rpt,2364,e89ec6d2b58b6900bec287bd9ed1beb01c9d25bdb70bc69974dfdf7170493059
evidence/power/methodology/results/power_1p5_08_multiplier.rpt,2364,19cedb46ad20e955573d4317537c68fb9b143d83fe4cb48a28f7744c2beb7457
evidence/power/methodology/results/power_1p5_20_power_bench.rpt,2364,32cc64619be8f8a812422cd182e60edcccd2da28cbd91a772a4a14fdf0ee8801
evidence/power/methodology/results/power_1p6_08_multiplier.rpt,2364,c6900c2e01b8ca851b1da75558ec840e217b0f9b18d2c3811140dbe11cb26420
evidence/power/methodology/results/power_1p6_20_power_bench.rpt,2364,f2e4806b21b553a50ba39248125b765f9f6ce871a78abd4dc255f3e1c3f1f3fe
evidence/power/methodology/results/power_1p7_08_multiplier.rpt,2364,6b6477e5472c9fd7e7112731d0c22cff17989802d7ca9e7e9dc61e49c0d01ded
evidence/power/methodology/results/power_1p7_20_power_bench.rpt,2364,309d9bf117661e03b23f83ab6338ea00d8c31a30e7bf8b42f2323bfa9c69d85e
evidence/power/methodology/results/power_1p8_08_multiplier.rpt,2364,1ec219b51250c852a7f557987a386952e5eea16d929c1f7e2779e941100f8875
evidence/power/methodology/results/power_1p8_20_power_bench.rpt,2364,57a6fe328d74324b5a4c15e6163040bb3f6fc58ebb2ca0bb124fdbac7a78d037
evidence/power/methodology/results/power_1p9_08_multiplier.rpt,2364,185111c254cf1c8ee6192cc89e09f4beb11918bbf69e5c4786430bbc78cae991
evidence/power/methodology/results/power_1p9_20_power_bench.rpt,2364,f97cd8ad1fd944c63c1b978a9693c2a7a9ca4e7b0b669359c2e3b5e327fb5305
evidence/power/methodology/results/power_2p0_08_multiplier.rpt,2364,c4c7722d50c6e26acd98ddbaa66b03c15d01078ad0b864484e0f87a87db5b40c
evidence/power/methodology/results/power_2p0_20_power_bench.rpt,2364,fe7c74ab4dbc27c6e0736c689edee8ea59b8c76f67ed8b8b2e329e9dae80f01b
evidence/power/methodology/results/power_2p5_08_multiplier.rpt,2364,9de1b152ece96df87464a067c85e3d387dc524d521cdf2bf548a5a7d2b4a34ef
evidence/power/methodology/results/power_2p5_20_power_bench.rpt,2364,4e91be80d785e68c7be43109768b1d660bc5af2546b617e95182b2c99da3e593
evidence/power/methodology/results/power_3p0_08_multiplier.rpt,2364,d51b19b92713d832905c885cbfa7f6266bf2408d26b0b89b25aa583cac025ef7
evidence/power/methodology/results/power_3p0_20_power_bench.rpt,2364,fa1ffebb4a2f555855b70aa181d8922f8db697bb91528b6f81f22fea8ae0324d
evidence/power/methodology/results/power_3p5_08_multiplier.rpt,2364,141a4b1db039c8a4ccfe7173c5b71e5911ae34ffa08f2768b38ca7d959ef27d8
evidence/power/methodology/results/power_3p5_20_power_bench.rpt,2364,cc3706cd009f358d92254088c97a2a5b9b103b12d51aba65e7390f63ebec73f5
evidence/power/methodology/results/power_4p0_08_multiplier.rpt,2364,c19abbaa97b134f9978f71208f46aafefa426aadcff23778129e8fb21ca2c0fc
evidence/power/methodology/results/power_4p0_20_power_bench.rpt,2364,2723cd05a1e33bace371e8055bb52a9304d177e926f5b849410dfee32a2339ea
evidence/power/methodology/results/power_results.csv,2920,c98fb7576c66eab82f18561cd82fe9e3ccadca16d8e30a691eee75d41fefa41e
evidence/power/methodology/results/saif_1p05_08_multiplier.rpt,1118,9818838e39323f6077f9661ab0f5c755dd2a32c9243f310ffbb0aeed7b1da931
evidence/power/methodology/results/saif_1p05_20_power_bench.rpt,1118,61727fd3a5896bd8ed38a1a9d1127f2c53d4cbf1a8d7d8f043f1c0f2c759666d
evidence/power/methodology/results/saif_1p0_08_multiplier.rpt,1118,276c19bf70b82eb309652ce3a81c29bfdc2e6d752e59808e5171ff735a94dae6
evidence/power/methodology/results/saif_1p0_20_power_bench.rpt,1118,609c31a72b0f8a8ef7535ef9e6c20b455a9f98012f636dce11129a5c0f380807
evidence/power/methodology/results/saif_1p15_08_multiplier.rpt,1118,a70177515e41377874c72191a61b52abd6b83187c8d39efbd3404a80083d776b
evidence/power/methodology/results/saif_1p15_20_power_bench.rpt,1118,e2c92d3b09f0ffd0fc7ec71275d9d0bc0b322c5f9f9470566c5dc082022373cb
evidence/power/methodology/results/saif_1p1_08_multiplier.rpt,1118,20445bba0f4b2efa9e6db8c4ad9bf87f4f3b5c78e4a86550f1683f61ea0d21a4
evidence/power/methodology/results/saif_1p1_20_power_bench.rpt,1118,92238d5ee15a6de38c983251111d46f5ec73a8aa5fd547a3dfc86278e7a18739
evidence/power/methodology/results/saif_1p25_08_multiplier.rpt,1118,1cc960a4bda007171d06cde67948ac17200768c7dfd6267652b25d22225d5027
evidence/power/methodology/results/saif_1p25_20_power_bench.rpt,1118,061cada2482035a41319e21405a81ea585a71e837fcb416d49907e48513084cc
evidence/power/methodology/results/saif_1p2_08_multiplier.rpt,1118,9687dd841f1bdead3ea36415b1cd3b313baec236ad8436aa64f1f8a4438023d0
evidence/power/methodology/results/saif_1p2_20_power_bench.rpt,1118,2873f9b4fb0fb9cf04ea01c489b23d6bc601b35c2746a70459bd6459c46910e9
evidence/power/methodology/results/saif_1p35_08_multiplier.rpt,1118,a91f5e2b9d9d77b1b02b88f05c07d9f3dff06322e30c3a3a6d6e5c9e92bce55a
evidence/power/methodology/results/saif_1p35_20_power_bench.rpt,1118,eefadd5df36031abd6f55bf7b8995bb074139521346136e7801e307bdf5f3a76
evidence/power/methodology/results/saif_1p3_08_multiplier.rpt,1118,7b619b4997cabf4349ab8a1f2f6f6af2df46adc607105197af0c7391d3447e06
evidence/power/methodology/results/saif_1p3_20_power_bench.rpt,1118,d01b7a73d94b778635f98ddf6f5ea8f6d0f2f439f588feb3b1fa58ef7db2964d
evidence/power/methodology/results/saif_1p45_08_multiplier.rpt,1118,44b6598014668f910cab602dcf6a1dc52edbae8f87808040479b300228e85ed2
evidence/power/methodology/results/saif_1p45_20_power_bench.rpt,1118,3c91ad2dedf4321d92da246a71d087d3d2371486fa20e8e32c68333bb6c5ba80
evidence/power/methodology/results/saif_1p4_08_multiplier.rpt,1118,381f89d276d3f5e7988860615181a1d2832040319bf563c0560cd403d478c156
evidence/power/methodology/results/saif_1p4_20_power_bench.rpt,1118,4fc1bf7ebdebefddd6ecde9e2b0a626dce6cb032c4834142e0fecfa5ef6351b6
evidence/power/methodology/results/saif_1p55_08_multiplier.rpt,1118,0b3d1930e304286ca9bef28e930c505b125d6aef394c6ae3067ba2fbd6f69d9a
evidence/power/methodology/results/saif_1p55_20_power_bench.rpt,1118,da1ee9315f72adf658023042b805b1f7cd7cb9570cc12c1c4ff5f9bd6ac31391
evidence/power/methodology/results/saif_1p5_08_multiplier.rpt,1118,e237c121a6c28b600853766f2a0599e09d222d541b83ffd4e2d9ff1d488c8d72
evidence/power/methodology/results/saif_1p5_20_power_bench.rpt,1118,064c052d254f5d671a7c06679617cd51e3565bc2e204def534739ebe219c01a8
evidence/power/methodology/results/saif_1p6_08_multiplier.rpt,1118,40ac8098d99b21d03c8e2b2baeae7827c74d9a49b9f1b9dfc078afd37f952d2b
evidence/power/methodology/results/saif_1p6_20_power_bench.rpt,1118,f0f8104234562088387c9bca741c4342f42f9108fc088a49270b335c9741035f
evidence/power/methodology/results/saif_1p7_08_multiplier.rpt,1118,ce282edbf92e6d721db212a51b7346508fac8d83fa004c67312518067bffc688
evidence/power/methodology/results/saif_1p7_20_power_bench.rpt,1118,5cb253b6ceb330daa4feefa2b45069cfb40515a3a57b094cb6654fd0b602f221
evidence/power/methodology/results/saif_1p8_08_multiplier.rpt,1118,0ad4aaa1e970a22f24f46d4dae77d16c00bd8af333f87ddc685171884685bbc8
evidence/power/methodology/results/saif_1p8_20_power_bench.rpt,1118,3edeb78e85c39a03bb54e7d11f00694db30a3bf7c32105a1317741cef5955ff1
evidence/power/methodology/results/saif_1p9_08_multiplier.rpt,1118,2f9fe2e113de3443943cb1404a074304ab42933b827078e69889ad7fc3de3385
evidence/power/methodology/results/saif_1p9_20_power_bench.rpt,1118,7e4fbe10ea6922815e1936a756970a4b06123a327444628fd1f9ba7132bee6f9
evidence/power/methodology/results/saif_2p0_08_multiplier.rpt,1118,65f4c05aa4d14a8539f51d0f13600ab543c34b8262c3ebdb6d31529064447da6
evidence/power/methodology/results/saif_2p0_20_power_bench.rpt,1118,a7519fbb2b02ecb404b01d8d6f8f57fc70d27561810cbc5efa934950679c24d7
evidence/power/methodology/results/saif_2p5_08_multiplier.rpt,1118,59e51cf2a03f5817dba9f94f9e66b83377523ad75798fd411651ffed5b98a100
evidence/power/methodology/results/saif_2p5_20_power_bench.rpt,1118,efbf92a9258ab2012eff58ec45c00b9cd5b1222fe766746dead73d3383196c48
evidence/power/methodology/results/saif_3p0_08_multiplier.rpt,1118,6d450f8fbd01fb3888ae87791b3c17eb7f111baef629e16e481c6614728bd459
evidence/power/methodology/results/saif_3p0_20_power_bench.rpt,1118,a1e6d4e954d9fc98f31b7a0ff32c7d86fc4b4fec1c47f61050632a3971ad08c4
evidence/power/methodology/results/saif_3p5_08_multiplier.rpt,1118,ccbb70e6f9e4659792fdd02aec01c6fa137ea19bf570db3ab6a9c29de69ec867
evidence/power/methodology/results/saif_3p5_20_power_bench.rpt,1118,1d0a97378832a1b70b0b2062f3ea270ceeb8682dc985d74f76f1ea4349ba7d19
evidence/power/methodology/results/saif_4p0_08_multiplier.rpt,1118,9c5bd0cf96c70da777c1cad5e40e3004c478c2ee5b0e8e9a9b14ae1b45740e69
evidence/power/methodology/results/saif_4p0_20_power_bench.rpt,1118,509049fd4b7f4c5db9acd0b2f408540eb5ffe29b184002b4c942001c6988aa1f
evidence/power/methodology/results/saif_manifest.csv,3182,3cd45e5a735427bac0b0dc82fd9faab09aac81a6764fcd02609bcb284179542c
evidence/power/methodology/scripts/compile_gate.do,3907,a65ebb4eece38cca4eb034c7b1f96e3bcca34cc488d3161fd6cc18d308852797
evidence/power/methodology/scripts/merge_results.py,9470,e340ce3fd46b8841c03e35b48c0a66c6abb664ee00298682d6580c9f3ad918df
evidence/power/methodology/scripts/power_dc.tcl,6760,47bf12206f76aa31a7b678f008132c8cfd2f0bfe48291145cac04ec56a02337a
evidence/power/methodology/scripts/run_gate_tests.tcl,18526,2912532e5df7e2890ed21c9bd8781597a0e487a221f6e98ac266f03feb1a268f
evidence/power/methodology/scripts/sim_gate.do,7639,41d68b74a2a2c21168ba81bd07d92f6adea8cab6955b043b14967ad1a5818585
evidence/power/V0/final_results.csv,3347,843aecc73332d19a5e1dbc441defe1c72d2f7f3dfa3f3a721776a4e95363bfc3
evidence/power/V1/final_results.csv,3411,ea4b12294e4f0a127df3087fe5e46e18351167400ab5ccf1a5ea4a3907d029f0
evidence/power/V2/final_results.csv,3315,be0722abe49db23ee7bd8a3c65884c37690dfa088565223936d3e25d35847302
evidence/power/V3/final_results.csv,3380,72c0f0e3cee95cb581b2177c42085c75bf1f136249afa4db3d4415c134f75626
evidence/power/V4/final_results.csv,3363,6fa0f1e9cf05b329c1cda9d43cfc642a43aa43a4340cbd089ffae6e0f2df87ad
evidence/power/V5/final_results.csv,3397,804b7ee6029acf2ff434f87e848fd907d0af52b14e14a39b9fdb905a281e1f92
evidence/power/V6/final_results.csv,3382,2d56b658eb8313699b8c336e2a429b3e1c8e0996ae0d11ebbf0c374909b4b0ae
evidence/power/V7/final_results.csv,3338,909e5091135323badbf51b72a50f55079230681faf578293737c3d8d15848dc2
evidence/README.md,1025,58a54f14975b2ec86e7879fd03e44d15b38685a7c694288cfa8060f5ba3e781e
evidence/synthesis/V0/config/.synopsys_dc.setup,1564,c304637c3035171b7086ef9383ef7012ece56c15e96f4d3049860897dc6879c9
evidence/synthesis/V0/config/dlx.sdc,7066,31a2adfd1fc6f8d11cabac28ec97eda71c4504fe5f0b13f17c0479164bad3e06
evidence/synthesis/V0/config/synthesis.tcl,14726,362b8cf68dbed092e410f8f0cf7a1020af9fa2d6b161d4bc29909e079890f990
evidence/synthesis/V0/new/qor_1p0.rpt,3883,26c3eed06baf098933a9eaa9d6ea24e4d20cc3de00e9b2fbfd39a9c6613f5bf4
evidence/synthesis/V0/new/qor_1p05.rpt,3882,598eac29481b4f64d51d24d9ccf917e50d3a67cecc44e92fcfb5ec27404df7d5
evidence/synthesis/V0/new/qor_1p1.rpt,3882,72a242d3662d51e16dac63677bd4fcdeb803f6da5ff9d1b1fd9b78f6e55b737a
evidence/synthesis/V0/new/qor_1p15.rpt,3882,6c93ebea3778a8ad6b838f9d04409c77be08565db33babfb1b0f6be5923a5711
evidence/synthesis/V0/new/qor_1p2.rpt,3882,70494f6a687ff3eecb32b42728b86df7fbdaee5ebcfa3fe53ae0b67cd6ccb864
evidence/synthesis/V0/new/qor_1p25.rpt,3882,51615cad6688ca23648899dbdf79d153f66aa292d6a053aa12e09b3cc7e09017
evidence/synthesis/V0/new/qor_1p3.rpt,3882,02e8da310e6c20266ac3cc9c656c644d75ae42564b5270a9667c5e812343567d
evidence/synthesis/V0/new/qor_1p35.rpt,3882,4ff289888170e254cbbd89de90c0d465a9e0d5d8e19826ea819b03b6b0f5284c
evidence/synthesis/V0/new/qor_1p4.rpt,3881,42ae18ca4f9d99f70d48007542a50c3f4cf0f95293e01b948c626d6a213d3bd6
evidence/synthesis/V0/new/qor_1p45.rpt,3881,d2e4d5f203ae3f36b4a0523d237084e1d7a64b9f36af45b37e3151090668bd28
evidence/synthesis/V0/new/qor_1p5.rpt,3881,cc16abfd2bd54204907e1495506d3b197227475f822c0095bd6e4f217298a81e
evidence/synthesis/V0/new/qor_1p55.rpt,3881,3d52a2e523a8b45f45df773bd7bbd268fb3ae3c41938d44b9f2afcbb37ae7e91
evidence/synthesis/V0/new/qor_1p6.rpt,3881,dd92cb9a793460d39fb47182d0d7086f5be14679ecc33b8425b39048aea03589
evidence/synthesis/V0/new/qor_1p7.rpt,3881,330aacf8610bf2acbc9a154ec862072010b0fe09494a560e8e2ef48ebfa04095
evidence/synthesis/V0/new/qor_1p8.rpt,3880,24c6b4b555671b8aec9d925293f927f3e2c1067c3bc079d5a9500aee01831996
evidence/synthesis/V0/new/qor_1p9.rpt,3880,d11cb3e034f26d8c74400df0b75734970aea3db69037ab02388fb7156a371c76
evidence/synthesis/V0/new/qor_2p0.rpt,3878,8e40af90f9b0d7d0e593b17877a6e5680dfcf7bc1c925edab2f6a08acd7a9d38
evidence/synthesis/V0/new/qor_2p2.rpt,3878,15c5862d10750fb83ac1cb385eda7bb6a9e07b2fd6a8fd5e6fb5e19311af3b38
evidence/synthesis/V0/new/qor_2p5.rpt,3878,0dc446809137680a3d71f8a8c6c412ddeab9fe031be90475d70398b61453c9bf
evidence/synthesis/V0/new/qor_3p0.rpt,3878,ae1d6e8465c8a91aa7772e62512d752f190c2e0b5798cd839705e40358cc5891
evidence/synthesis/V0/new/qor_3p5.rpt,3878,40e036912f941bcf34a1a3ad556a6f9e9fe1e5a062cdba490dbf1829e9804a38
evidence/synthesis/V0/new/qor_4p0.rpt,3878,f916ff6b4b497cf63226dbdf903e1d6654251caf4fbd786ab38b614ead87fbe0
evidence/synthesis/V0/new/results.csv,1357,d31026fb8e3378b3482d68544392c51df5b282f25065f7c9d12a392bcc2f8a85
evidence/synthesis/V0/new/timing_1p0.rpt,133316,83ea5cf222220295a50a278ed65b79b3e5a2d894fff1f8f142ed1a2dd571202b
evidence/synthesis/V0/new/timing_1p05.rpt,135110,85aa460779b6de6328919c68a2ea6558bdd1491986e1981b575af0e6a71ba3fb
evidence/synthesis/V0/new/timing_1p1.rpt,132529,1c06e22f9fca6ce4f6f50323311ac5e9afe67956901576139fbfd2778af86425
evidence/synthesis/V0/new/timing_1p15.rpt,129054,f551e670b2a3b71067595084510f4b379263b6a01bb5594cbe0501fc0351a06a
evidence/synthesis/V0/new/timing_1p2.rpt,134161,b8682c9a6da61128f7991c8c277dd114b371814c4a63c04a4d2439a8ccb24566
evidence/synthesis/V0/new/timing_1p25.rpt,137196,163f9949d176fe977682db9f8711e5596c8e15bb7e191169bd19b2822806800b
evidence/synthesis/V0/new/timing_1p3.rpt,141390,f51b30ce19b92c1820a83d0688789a9f8f86aa3b6fcbfd999d5e75f33858c7d5
evidence/synthesis/V0/new/timing_1p35.rpt,138320,2a15b84935a81cf8f8600c4c36fdee73b7aa383bb2ecf3fb06260b5d3c5c858d
evidence/synthesis/V0/new/timing_1p4.rpt,141121,34790e5da95ea244dab88b5977221cc1ccb8b9ce2beb5059b019caa83497a69a
evidence/synthesis/V0/new/timing_1p45.rpt,136688,82a75af94ce4c274673ac945844c7f92a0f5ab5424f500a51ade77d31108bd35
evidence/synthesis/V0/new/timing_1p5.rpt,140939,d96a5e79688cb5cb4eaecfb5f9eaa113e4b59fa4c5af18f448dfb50f5fa27101
evidence/synthesis/V0/new/timing_1p55.rpt,137630,20e33d3f84a7b8199e181dd485226c77a2c0894009e6a9b23788876a5e94c4aa
evidence/synthesis/V0/new/timing_1p6.rpt,144104,26964e6927fa6bc62ae391a386c3ce1930f5923024ea9056852b7a302d06eaa2
evidence/synthesis/V0/new/timing_1p7.rpt,142170,f1599358074391fa3078654d79d258dc96faab974e34fc80281371861988c07d
evidence/synthesis/V0/new/timing_1p8.rpt,142716,0aec2d875c3c51c9a149e70eb79d73d51be608dc8905e3de72238a512380f6f1
evidence/synthesis/V0/new/timing_1p9.rpt,147234,d42bd972bcc7b0b5a91b5b185645b16851695c86f1b76f6e8303209e7266ee21
evidence/synthesis/V0/new/timing_2p0.rpt,140987,0d26c2238d9421f443a6d6cbbcb4c90eb66d70f06db0410df2bae5386f87c0fa
evidence/synthesis/V0/new/timing_2p2.rpt,147186,7474f5511ac9390afb70881a746cb98e6b57e5b1b1d21a988b172bce96c79800
evidence/synthesis/V0/new/timing_2p5.rpt,153280,3dd758e2cb8fa88532ca39949108a125d54b2664c34145e1266fda6324bc2046
evidence/synthesis/V0/new/timing_3p0.rpt,169037,fd07ff0faad057ea484b8798d9ba23a0df18568eb0410d6f10060c2873154a1d
evidence/synthesis/V0/new/timing_3p5.rpt,171377,6f94048edc072c8903fb3e900a04d4e329ff2c7fd19bba70cbfe4097245da198
evidence/synthesis/V0/new/timing_4p0.rpt,177496,d8390dd6856240ae7618d31f63f152cd8bdb0a2797d773caf0b2d051f44fe145
evidence/synthesis/V0/new/timing_reg2reg_1p0.rpt,39832,abef312bc2d14283a2ae2b4a238efd3dcba568b41fb0d5bcb0ba012422c9ff0f
evidence/synthesis/V0/new/timing_reg2reg_1p05.rpt,40417,fb850d813fc623cdc7bc51c5f6ee2ea7c56db9d7de7cf55d81d7b75d71a20768
evidence/synthesis/V0/new/timing_reg2reg_1p1.rpt,42987,45a33a2ee16ac489980bec02e862e598ffb15db8ace8c0e59134dd2ddba583d9
evidence/synthesis/V0/new/timing_reg2reg_1p15.rpt,39146,12223619d80a77c9aee353964d89fc40ff2e6a0376a12a8dd59432e2e526c771
evidence/synthesis/V0/new/timing_reg2reg_1p2.rpt,40672,c517d550f8a5a57fe42120df5d9d89656ac9a58adcb5c1cc10889851322f1816
evidence/synthesis/V0/new/timing_reg2reg_1p25.rpt,41563,d3f4b67404c3441c615d5d223ca2e84dd69a9ee57e25b8486888020334197c84
evidence/synthesis/V0/new/timing_reg2reg_1p3.rpt,42988,1e3072fac27cfae4d5f6c63f887d6e05449a95f6b122dfbde108a465ce7ac29c
evidence/synthesis/V0/new/timing_reg2reg_1p35.rpt,41138,f90baccd4a89d85333c246e9eb4f81bbc2ce1ce2ce9eb9d6da01920303cb148b
evidence/synthesis/V0/new/timing_reg2reg_1p4.rpt,43110,cd1135197f7786fdd9ea5545eb571fdc49fbf6eaa9eb6b2bb7c1c3e71727b4d4
evidence/synthesis/V0/new/timing_reg2reg_1p45.rpt,41758,9c5d6e4844c86f23efea0a11e8bcf0e2a02dd8ea828d7987299cc56b26d308b1
evidence/synthesis/V0/new/timing_reg2reg_1p5.rpt,42212,89cd46d147e4ac061a832c5abe3632bff18a93c166b45836da4d1b0ca9d4e0de
evidence/synthesis/V0/new/timing_reg2reg_1p55.rpt,41451,860baebd7476b9921a9b1d2471379947eb085d7e61f49d39e5033206fe3d3a9e
evidence/synthesis/V0/new/timing_reg2reg_1p6.rpt,43760,c94e47032e362866d19bdb98a291c24a2e4d91f24130dcc896d3d00de05c2a7f
evidence/synthesis/V0/new/timing_reg2reg_1p7.rpt,43938,7fb8e473a51ef982386285f34ea45b6227c8fc543a49db47c0f7e36084ae9743
evidence/synthesis/V0/new/timing_reg2reg_1p8.rpt,42989,943f6c9d91bb6b15de5345f4399328a960434951df4779b5f74689bce1e94b36
evidence/synthesis/V0/new/timing_reg2reg_1p9.rpt,48480,77f7470ac28328a8799d3501e472b9cc2b67a499c0e4b919f9714ba24a4bab4e
evidence/synthesis/V0/new/timing_reg2reg_2p0.rpt,42282,ee6aa33d52863fc5028ac3861456d84d88271fe29e8f1e89cf26a59660cba879
evidence/synthesis/V0/new/timing_reg2reg_2p5.rpt,47471,15d15cd996e7f0b6bf04c82be5e1241f50436f5c54f593c07cb58a61ccd7abaa
evidence/synthesis/V0/new/timing_reg2reg_3p0.rpt,61462,2382de95114248126ba3de0c8fa36cacb9a2b6c5dbc99e04dbf566a923638c22
evidence/synthesis/V0/new/timing_reg2reg_3p5.rpt,62278,266e02429c7522f5be551198eb425d06d0e8ae4af291fa33b1550fbbd5524827
evidence/synthesis/V0/new/timing_reg2reg_4p0.rpt,66087,f248e8f871f95e6057430d466667bf653e0f35a1dfb37dd7c3993d56181c5c9b
evidence/synthesis/V0/old/qor_1p0.rpt,3883,84a3c84b6d89e373068b128db55ef8699b756e4bf9e2571a523849c5f421c89c
evidence/synthesis/V0/old/qor_1p05.rpt,3882,abff24b93da90c52012948475fd505029f25b0453150a5a9b13404969ebef67c
evidence/synthesis/V0/old/qor_1p1.rpt,3882,9269f14fcefbd5486d20692adf85f0a70fdb0e1db900f4ff8ff9a1402eebe457
evidence/synthesis/V0/old/qor_1p15.rpt,3882,2a066f6c805beeca61218e6aebde0244d91bc597eea7abce1e074305349271a9
evidence/synthesis/V0/old/qor_1p2.rpt,3882,54d79f5f7588cf99d186a2aa7731c03a9ecba3401f3eb8fae97488fe967ce98a
evidence/synthesis/V0/old/qor_1p25.rpt,3882,ef61ea5fd6529ad9dee96ed2bc6639dc751a627786584bd0c375899b7b62a38d
evidence/synthesis/V0/old/qor_1p3.rpt,3882,93b83e05ca72244c6628061de6693ed48c1ff8ab87be7895511f1bbe5db1fb74
evidence/synthesis/V0/old/qor_1p35.rpt,3882,6464205403d4120d96cb21fef894517aa9617df386cbe35b84c90981ca91560e
evidence/synthesis/V0/old/qor_1p4.rpt,3882,ec307995bc2300cc53f657eadcff587d66105da69a8516a4aaada7070b3a6811
evidence/synthesis/V0/old/qor_1p45.rpt,3881,8087253afef0fa4ada0001a17a9ee526930d488766770d2268962c79e853cffb
evidence/synthesis/V0/old/qor_1p5.rpt,3881,f69d9c1e65f965725e3e21e552a5418d19b0a6386471506d7d2ca6846d3f7d46
evidence/synthesis/V0/old/qor_1p55.rpt,3881,01363b569973fd51d293dd0aa9ae191c73598682ecb21563dafa03305cb78a7e
evidence/synthesis/V0/old/qor_1p6.rpt,3881,efb6af74f1dc60de5f84632e43a608221057efb2069ea7fc4962de0f564e97fa
evidence/synthesis/V0/old/qor_1p7.rpt,3881,f7c057bd233e4256f69f038e17dda9f458ac1741835ca4c696cc55e9cde8495c
evidence/synthesis/V0/old/qor_1p8.rpt,3879,7026444310a6ad843f3f15b1a79331ae614d06e5824faf44c1cc731982706824
evidence/synthesis/V0/old/qor_1p9.rpt,3879,334d0c2c1190b37c9268b86aeee82c5b6935262876c088016ea31ff5b90b5294
evidence/synthesis/V0/old/qor_2p0.rpt,3878,a093e72feeb9ae43caee9dfa9ed87f117b04fb9b0253f367f75e1fc798f336f0
evidence/synthesis/V0/old/qor_2p2.rpt,3878,15c5862d10750fb83ac1cb385eda7bb6a9e07b2fd6a8fd5e6fb5e19311af3b38
evidence/synthesis/V0/old/qor_2p5.rpt,3878,30fd951bd03264eddef10f44b800f0be4c212c027d7b5e3200cd9f4bc443a4e6
evidence/synthesis/V0/old/qor_3p0.rpt,3878,d5fbe2036556060ae70e3060ec58b11502b3f6005b065f96fb88e50f8cf4ba13
evidence/synthesis/V0/old/qor_3p5.rpt,3878,dff94ea6cc3d53d2a40d57bf97a0af56e942d37f28e7978dc508e26909f4d968
evidence/synthesis/V0/old/qor_4p0.rpt,3878,b6cefef8e9232910b93823c3292071299dab2d4c87534aa888163ea2ecd2e15b
evidence/synthesis/V0/old/results.csv,1357,dd84a102a42a0ef36bd34186a399369f91b9ece00413d0b68442a5044c3be4b7
evidence/synthesis/V0/old/timing_1p0.rpt,136700,a32d7ddc607178aa9b6b7a0b0f07448fa6a2a5fe9253107830b90e2084a7b3b0
evidence/synthesis/V0/old/timing_1p05.rpt,135353,8f6ddbc8c69684da01267a34ad784912bf4e283cccdaa7a4ec65921d4d109400
evidence/synthesis/V0/old/timing_1p1.rpt,137475,23a4cd04f4f0e895f4fde911ae373a656e09f7e4ac5aa213dc9b15388ecd492a
evidence/synthesis/V0/old/timing_1p15.rpt,138039,5d6bad3fbb0201a7fd86c953b6fcd5c3e406b11d8defde2f2aa5e394456b427f
evidence/synthesis/V0/old/timing_1p2.rpt,135859,ace8f2c985c6831b61ffd0acac12463877a1e63574e53b57242d4df265ce1315
evidence/synthesis/V0/old/timing_1p25.rpt,135620,810d95ff5265abfcec4cc21d49350790555b8672b8edfb2768a9c5cbeac33d8b
evidence/synthesis/V0/old/timing_1p3.rpt,135717,2966a613ef64554321fd1da33d3d098bbb73c9ddcb8f3fd2667643ea45cfca5f
evidence/synthesis/V0/old/timing_1p35.rpt,138622,7af79beb4b88f6ab1fb3103f65fa229b205136516a8cfe0fa2e4d204f528edb3
evidence/synthesis/V0/old/timing_1p4.rpt,139599,9df5c8050f0232c072c6f3b36f68dcfd0bc2a9283a3c58c5e3ee94dea46137c7
evidence/synthesis/V0/old/timing_1p45.rpt,138678,ecc1e415d23b747da8600651140fa5277087db6d28c9f70572d7dfd73a70a2ab
evidence/synthesis/V0/old/timing_1p5.rpt,138634,e81c464b57ff502eac948c2dce2bb8bca1936108f26f63a5b032952fdda9975c
evidence/synthesis/V0/old/timing_1p55.rpt,139836,6c34c29b8e4b5dad1d8cd257e1f3503d8f79a384aa3803936fc4bf41bd6af480
evidence/synthesis/V0/old/timing_1p6.rpt,144660,9576cdecc682e295053db11be81e05aa62e7220dd7c101aefaad21dfbb1ce537
evidence/synthesis/V0/old/timing_1p7.rpt,142552,a1d3c4611387be8516dff9e742181400484b4efce07f92c10ddc45ae3a07efdd
evidence/synthesis/V0/old/timing_1p8.rpt,139773,c99d1777df1ef31660617d7bfe27b038763fc063d404b2023d8167bd2927a108
evidence/synthesis/V0/old/timing_1p9.rpt,147177,d758af7ce7fc1fc507b1c6cac236bdb9176992f791dd6df9518456b349975d74
evidence/synthesis/V0/old/timing_2p0.rpt,144648,f04c92f14bd651fd4f3e6b55ab0bd578578ca80ad3e321eb4cbc69d1616efbe1
evidence/synthesis/V0/old/timing_2p2.rpt,147186,7474f5511ac9390afb70881a746cb98e6b57e5b1b1d21a988b172bce96c79800
evidence/synthesis/V0/old/timing_2p5.rpt,152245,4eafbfd83b6a60222861b2130f17d8839510312531622597dfcdbf57a308df76
evidence/synthesis/V0/old/timing_3p0.rpt,164709,8056734e5cc7b75185603b1deef011949fa0aed6e706b0bd017be582a5df8a18
evidence/synthesis/V0/old/timing_3p5.rpt,171485,03fe12020576a6ec421c8ec7f5566879d92b4b3190b7e4f06a54b9dc514b39f5
evidence/synthesis/V0/old/timing_4p0.rpt,172530,9f3c7986dca1d5afb84f9742281bd89bbfa2b26f74c8c279e6f4cbc02c3a7b04
evidence/synthesis/V0/old/timing_reg2reg_1p0.rpt,41445,f8743a036b87a9a9bcddc1b1bbd88f512d6f55391a68b7762dc2dce37d43bc5c
evidence/synthesis/V0/old/timing_reg2reg_1p05.rpt,40679,a3a92a4fe097815ccc56ba16dfabd625deb06d1499d6d480a4a8ac24a07c7ad6
evidence/synthesis/V0/old/timing_reg2reg_1p1.rpt,42372,ba6c21aee7d3a0ca05ae3cedebd30687af61f166faeab3c74f30483bd33d1ef0
evidence/synthesis/V0/old/timing_reg2reg_1p15.rpt,41565,933e7afa5ef567c0ec718a7d14538f6a8aa98a2346cfab3d4e8498439eebdb8c
evidence/synthesis/V0/old/timing_reg2reg_1p2.rpt,40152,7dfb7203491641af966dce82af7b50c233e297223cb16435a0cdd24751ab9a05
evidence/synthesis/V0/old/timing_reg2reg_1p25.rpt,41452,a79000bf3450277f8c9fbe407c45cfabd6fbb0700d6484e4d056a6a75a773154
evidence/synthesis/V0/old/timing_reg2reg_1p3.rpt,40023,ba3e00fe2661d7ddb0875776a77204027c4046f822460ee56ebc0349e2ecd952
evidence/synthesis/V0/old/timing_reg2reg_1p35.rpt,42212,3285a769dd0921703cbf31712940686eeba6f7da9195b4c486ca1a6767b2ef81
evidence/synthesis/V0/old/timing_reg2reg_1p4.rpt,42984,49ee941e4dba08123b70439eba3fa48c37eba0c54e5f13032f14a96d1c4b146f
evidence/synthesis/V0/old/timing_reg2reg_1p45.rpt,40914,7b93b2e18cf47b4d32a6e4b3faab67f19b049b64869009c2cc91e4b4adcd4ff8
evidence/synthesis/V0/old/timing_reg2reg_1p5.rpt,42257,f1b42116cf6ef028eaaac26e8fc2c86b3c9cfc635e07d90e97b380d4c38b1130
evidence/synthesis/V0/old/timing_reg2reg_1p55.rpt,42991,ae6745309067f16e985327353ea23b8be89036ca9235897b9b1ffecec7774faa
evidence/synthesis/V0/old/timing_reg2reg_1p6.rpt,45302,5bd56e00f8f41a30e3ab2d7bb148fba63e16946e6a49c797671b9bca55b41b3e
evidence/synthesis/V0/old/timing_reg2reg_1p7.rpt,42934,c561340e9036b5d8e762f61c2bef0fb91ffcd010667a1486379cc43919a54178
evidence/synthesis/V0/old/timing_reg2reg_1p8.rpt,40793,f1b01379e6abf07b3dfc8e232a2b7c37c3932ca8457a89383285b995d809a326
evidence/synthesis/V0/old/timing_reg2reg_1p9.rpt,46158,f497dd776464d33b608fce9ace82c932b86e89969dfe3533678599fdc0d2a7c5
evidence/synthesis/V0/old/timing_reg2reg_2p0.rpt,44327,59b6dffa43009ec9e5286256041b8aab5e9891330b3c93d54b2853c404c0ab0d
evidence/synthesis/V0/old/timing_reg2reg_2p5.rpt,47904,386f6ded3b9c57c49a3265d6f884b51e02e1a6630d734681d7526c63d2e885fb
evidence/synthesis/V0/old/timing_reg2reg_3p0.rpt,56842,f703a9f649b2ccbda850b53e9db212913a9310e4048f418950d01af6d0732864
evidence/synthesis/V0/old/timing_reg2reg_3p5.rpt,62232,5f322bce265e8949f81f2c568deb4dba173f0f632f04bb43ca61b45f1b6c7c76
evidence/synthesis/V0/old/timing_reg2reg_4p0.rpt,63893,122489a4d38a0987d681686bc871a226f4ee891473c67684daf2948e2ae0587a
evidence/synthesis/V1/config/.synopsys_dc.setup,1564,c304637c3035171b7086ef9383ef7012ece56c15e96f4d3049860897dc6879c9
evidence/synthesis/V1/config/dlx.sdc,7066,31a2adfd1fc6f8d11cabac28ec97eda71c4504fe5f0b13f17c0479164bad3e06
evidence/synthesis/V1/config/dlx_old.sdc,7066,e8e985e0f8f7f19d1d4d4fb23bdba3b8765f38e474dafac33ad8337144c2afb3
evidence/synthesis/V1/config/synthesis.tcl,14748,290df94f36a09451cecbc56e95a4b910f649c25afe0a8d9b36acb2cbbc053f37
evidence/synthesis/V1/config/synthesis_old_script.tcl,14951,3657c8f01cc9ea159c47cb597bec0eea085e35dcbe980974f125a01642609e7b
evidence/synthesis/V1/new/qor_1p0.rpt,3882,8726e501813090cae10f68893fff1e3789a8fd79892a6b51a537b05fe4311727
evidence/synthesis/V1/new/qor_1p05.rpt,3882,2b67f302273899aab8a1a94c509ae40809a86254275f03d41e96f6e819276a46
evidence/synthesis/V1/new/qor_1p1.rpt,3882,12d237e83657b7d4fccb40d081a80ff0d22566d50d9fa0c65f843d6d11b586fd
evidence/synthesis/V1/new/qor_1p15.rpt,3882,a3d6e21d9617d25190d07f02c3647794bef7a1cd849509a1651513f10a8950ab
evidence/synthesis/V1/new/qor_1p2.rpt,3882,6e0f5c6e2a05393e1a304921e3a716fbcb10dde2c644685911bd78831a0e2b4d
evidence/synthesis/V1/new/qor_1p25.rpt,3882,3b42a6422155c7263b8272f5cf54361734585af4bebb98c8e18031614dee7937
evidence/synthesis/V1/new/qor_1p3.rpt,3881,3f401a2b8dc56ec240308bd87bcdaaa8e266b64f9cd2eda415098b06df284e69
evidence/synthesis/V1/new/qor_1p35.rpt,3881,f8038faf9b1b2603e7edf97ad57d010085f10cf899ddf4c3db6a615da6055862
evidence/synthesis/V1/new/qor_1p4.rpt,3881,61bfadd7cfa59a82f6ff559cc8677861c4c30071f3a3b1a9c94efde261fa51e9
evidence/synthesis/V1/new/qor_1p45.rpt,3881,d3c33a553177307347af01a3d99bcf99e645484bf57b33386099170108849485
evidence/synthesis/V1/new/qor_1p5.rpt,3881,7173610a63ae55e54e6ac28464ded5611be9b6ea8cf473a911af696e59f1973e
evidence/synthesis/V1/new/qor_1p55.rpt,3881,78116b6f7e4712174a79691512e62fa5569df94d9d6d2c85f40273aeaafa9df0
evidence/synthesis/V1/new/qor_1p6.rpt,3880,e46e6d271306d42a7ec54591668e39d7df04f66fbcb3504ee14ac698da53b963
evidence/synthesis/V1/new/qor_1p7.rpt,3878,81ce35d4d71856a3edac47554197097e23c85a364157f384dc22e3f36daf6cc2
evidence/synthesis/V1/new/qor_1p8.rpt,3878,2e088674ab71ecf0fa05017f38f48d6ecc279db1439b98de92a6ca010e494af0
evidence/synthesis/V1/new/qor_1p9.rpt,3878,ce7d69c08387c709d9479a471b8de8ff82f58a3267277b346919256fc538cefc
evidence/synthesis/V1/new/qor_2p0.rpt,3878,9b29e15f095d254d00baa5c04ca0bfef2cc643dd8273b9f7611644c78626c154
evidence/synthesis/V1/new/qor_2p2.rpt,3878,cd513e8db51ba1324d2f21e4d5134a9f5d9fcd7ebd2a3c1eb341affb06791423
evidence/synthesis/V1/new/qor_2p5.rpt,3878,08954dd2091816593ccb035ba957af28769d8f313c186a1634774d7e6e9f3bf1
evidence/synthesis/V1/new/qor_3p0.rpt,3878,9e46792349ccb27fad05e505e4ce47627d030a42e8e4b013d09174e486f951b9
evidence/synthesis/V1/new/qor_3p5.rpt,3878,2af2a4ca6e603fd84a4c8a00d17c8b184b8dfc87b6062ec3d539e6ce83b18678
evidence/synthesis/V1/new/qor_4p0.rpt,3878,4f61140191ead0e4518cfc815a0a6d0c7536e15d86144986fb0a14397e81db03
evidence/synthesis/V1/new/results.csv,1354,be07474eb7fd6f9aa0a4bae74ff48aa4bc5a84070e5cd8e0a6fec300c4b8b56b
evidence/synthesis/V1/new/timing_1p0.rpt,129255,1d689edbf49d2f5dd3e81e074bef04d34d3c446aefa693f7958132a26b5a5667
evidence/synthesis/V1/new/timing_1p05.rpt,136726,d692713db32e88cd715d087c2c2840ee4294a1629d8873d7142cd9283539749e
evidence/synthesis/V1/new/timing_1p1.rpt,131520,c741267fdebb966c4e2fa978c2cff4ed1d6c588108bd7b90e754d6d2ad0b6444
evidence/synthesis/V1/new/timing_1p15.rpt,135225,ee36625a2c491cd6b5641c5f55050f562ac15b72c1dfe2c27c004cdc3c826b1a
evidence/synthesis/V1/new/timing_1p2.rpt,134576,3e6720efda29fc6009c526badd0fcc72ec44aa9647c743252ad6f2ca2706ed39
evidence/synthesis/V1/new/timing_1p25.rpt,133747,9b579dddd9e0d6a12f12c7622195b9e783908fb3f784e823a3c2100876537190
evidence/synthesis/V1/new/timing_1p3.rpt,136453,76a5431b2208e557b589595a76467ff63f8a1102f52ef99bc397b2ce86b11b0a
evidence/synthesis/V1/new/timing_1p35.rpt,132980,c435ed94b045cd4d774bf4297653cd289fcaa8bb7093e5580e00e1dd0937ad99
evidence/synthesis/V1/new/timing_1p4.rpt,132000,991fa733fc258558b1dfee11201cf609f4d03c7c046517af638b58092a88ea2a
evidence/synthesis/V1/new/timing_1p45.rpt,134265,143da8b3d19c39b4297afee9f76a590a7cb99d1eb14dfcce01c1aae9b0db7826
evidence/synthesis/V1/new/timing_1p5.rpt,138660,b2e486494794b78340a7c5421e06a9dba7185301335d4a1a47f04812ebc2b637
evidence/synthesis/V1/new/timing_1p55.rpt,139818,7c6fe1a13730f5c3255d13770540274bbc720adaa27b652bf3218ee0154e1476
evidence/synthesis/V1/new/timing_1p6.rpt,136444,6d276dab6b3e316926c0eccb7619bb9e8eaf366874014717b5c5e73723dca11e
evidence/synthesis/V1/new/timing_1p7.rpt,137293,3ab29bda50a0ae9c6e8cd22265a5d98f9b6373cb4d3616e18d4e05963e955e07
evidence/synthesis/V1/new/timing_1p8.rpt,139488,bfa421c2dcf79d9c90be9d7b57a435e3e44a02be26bf8384f1a05b065bcae992
evidence/synthesis/V1/new/timing_1p9.rpt,143309,42a367cd198a54f8578218dd97a13e759af2f0ce23b4c5a1c8516a58928dca37
evidence/synthesis/V1/new/timing_2p0.rpt,142560,01c00c4c35f8e2f66deed89c023a2dbb9ac4c0ab1d7f426d6c01408d4830a499
evidence/synthesis/V1/new/timing_2p2.rpt,149940,e4e1f4281eec7e58a5ba0ac31e0c7dd3e09eac9c41c0433614b01189a50f5ff0
evidence/synthesis/V1/new/timing_2p5.rpt,156905,c1a7fdd3553bb5c66927708bbf5b5d2327a8419e825f19ab0cf80d98a4e7ea0e
evidence/synthesis/V1/new/timing_3p0.rpt,161830,1620953d9841b40ee0b17e3dca0e625c9305518521292e0c8d9549002ef0f278
evidence/synthesis/V1/new/timing_3p5.rpt,162674,b2410ce473d478a88a3d2034c98be69052f65f5b3e821497179283060759a394
evidence/synthesis/V1/new/timing_4p0.rpt,166912,7f759d277de22b558371e4b99c51ce1f1e80e0ecea7019f9eaaffa58e21a0fbf
evidence/synthesis/V1/new/timing_reg2reg_1p0.rpt,38362,d04dc60d17ccd5fcff1dfa931e4c275e4e86053f070658c84f4d2e689ecf8e6f
evidence/synthesis/V1/new/timing_reg2reg_1p05.rpt,39175,6e7daa78bd9223822149ab3b0a0c338fe5b966e2c1caaadde77d688ff5f22f02
evidence/synthesis/V1/new/timing_reg2reg_1p1.rpt,40674,d9ef812413201cc85a0a0ecb2dc30e180094fde44160a4c8ed45a87977e958d9
evidence/synthesis/V1/new/timing_reg2reg_1p15.rpt,42217,09ceaa99859765aea7763a6ea3679fb62d646210fde95ff1422f5ae78b35c31c
evidence/synthesis/V1/new/timing_reg2reg_1p2.rpt,42480,bbd6f5b0753e2eca5ba03700764283027bef859dc359e6c1e936893169906cb0
evidence/synthesis/V1/new/timing_reg2reg_1p25.rpt,42212,6be4e6d43453c5c2dd10fe57c27b0117998a3dbff24855f4b417b89ae49c34fe
evidence/synthesis/V1/new/timing_reg2reg_1p3.rpt,42220,4968304a8237fcaa2a18bf87845d25cef997b216ab346156353eb7ed0b88d52b
evidence/synthesis/V1/new/timing_reg2reg_1p35.rpt,40442,627d076265d2c07d1237d011b76a0cc7b84c4fc69e72f0931b4249fcc3a62d7d
evidence/synthesis/V1/new/timing_reg2reg_1p4.rpt,38903,8315c2a390de1eaa25ed77c067cad46ef4118ad618c65721937ecb43fa3b258d
evidence/synthesis/V1/new/timing_reg2reg_1p45.rpt,39412,4d521bef79f68e281e6a6a9789a649ad8aa51ff2aa6cda2fc1820bec3b9b204a
evidence/synthesis/V1/new/timing_reg2reg_1p5.rpt,44528,787f33881f4d34c6d64494dd1c950599fb6ebc5d6da8382982759fd3c6775e86
evidence/synthesis/V1/new/timing_reg2reg_1p55.rpt,40728,d46eeda9215a49158b42b360c2c7aa8a59d8a696c1ae000afe2830f7f40d914d
evidence/synthesis/V1/new/timing_reg2reg_1p6.rpt,41648,50809f4249c0edf53d7ca687b096968ad990bf5028e6c143e71dac77d13e5ebd
evidence/synthesis/V1/new/timing_reg2reg_1p7.rpt,40824,a8a308fe32eb8cf7650444dc0a98d56c8810cedbe25841bf1ba5a94f6f23f587
evidence/synthesis/V1/new/timing_reg2reg_1p8.rpt,42797,e4dce9a79ee4e3efa54dfea580c2d8ee8b2dbabc9a3d3db574d2a6d13f5e0aea
evidence/synthesis/V1/new/timing_reg2reg_1p9.rpt,43450,fa4f69fd050a38f134f73a63cdba44566c015f796ed5dd0bcacf15498991a84f
evidence/synthesis/V1/new/timing_reg2reg_2p0.rpt,45296,ac760b48ebac16500aada8864a7ad6e2a622612503a8c9da7ee82940f4d6574c
evidence/synthesis/V1/new/timing_reg2reg_2p5.rpt,51163,0c426e6af6fc11de89744925ac21738d49a216d3fb8d7bddac52e38d3adb7833
evidence/synthesis/V1/new/timing_reg2reg_3p0.rpt,54718,ffabc5df814de42676d1a1083a4675550cdea3932731ef4bd759b1b23cf3659a
evidence/synthesis/V1/new/timing_reg2reg_3p5.rpt,54792,cce30bd4c4ed5194007460d6db463a569c4c8f39bdb0dd76468a97977ae18fb1
evidence/synthesis/V1/new/timing_reg2reg_4p0.rpt,57798,d704f59b1895a795e895c555b66f96be07c089d8b770e92338fd083bf3e23377
evidence/synthesis/V1/old/qor_1p05_old_syn.rpt,3882,73136a76232b4a5d7dc862220df3b97ebf0b45b3841b2e53796cdc3bb9fcdcea
evidence/synthesis/V1/old/qor_1p0_old_syn.rpt,3882,5f20e2c4f6da75a261b79827cfa52d312a5d4b44631c7f73ea0d7cf5e56bbe99
evidence/synthesis/V1/old/qor_1p15_old_syn.rpt,3882,c6475313d3dc93a701bb9ed92cd4ecfb9354a8e89570fb52b5709c670814e16b
evidence/synthesis/V1/old/qor_1p1_old_syn.rpt,3882,57d0ed1abd71b195c5f46bc9a19d7321383527a207e7ce1673cff32fc31f9884
evidence/synthesis/V1/old/qor_1p25_old_syn.rpt,3882,771eab98f4f5a5b0539985c1959a954df88efe3708811e69259f9f3764b2bd44
evidence/synthesis/V1/old/qor_1p2_old_syn.rpt,3882,ed6ef5fca4a621c75ee9a901ee247a3faa1e344556555cc9216e5b1a1ea297d0
evidence/synthesis/V1/old/qor_1p35_old_syn.rpt,3881,2dd43e689269ae34fa52cb4cf1df785577db941bb28d760305a00b0e91eb32db
evidence/synthesis/V1/old/qor_1p3_old_syn.rpt,3881,5617d735bccaf088acff73910912f5e1e83857403d568965f9cafca12d148a54
evidence/synthesis/V1/old/qor_1p45_old_syn.rpt,3881,e5d21eef22358e020fec999752bd2534e6409b4ee27cd844f7c5da20358b4597
evidence/synthesis/V1/old/qor_1p4_old_syn.rpt,3881,df574076f2463bd77cced58961a64479834aabcabd79d25b15292b297e789031
evidence/synthesis/V1/old/qor_1p55_old_syn.rpt,3881,b0479dfbaffed317568c9f5c0e7531b11754b65a667b2aa69decf151675d01fa
evidence/synthesis/V1/old/qor_1p5_old_syn.rpt,3881,60a50f3b3520abcf9276c76003f251947826e29be72a6a520c4731861b111c10
evidence/synthesis/V1/old/qor_1p6_old_syn.rpt,3880,f0cccea61fa8934607783b0425aec818e210447b98d83c7b9aa855665d1c405c
evidence/synthesis/V1/old/qor_1p7_old_syn.rpt,3880,af8efbc9fd15e456940e95d997d74846b1bd44debcc8e6424ac04a9a8e6760b8
evidence/synthesis/V1/old/qor_1p8_old_syn.rpt,3878,f7e04015d2345cea2acc6c6ba35e6f9426dd32b3f84efcbb5395e28819b01f02
evidence/synthesis/V1/old/qor_1p9_old_syn.rpt,3881,7e1572a5c4c841145dc11e89cd39ed58aaa4c43b2d0e0ede0bc8a0fd4dd73e22
evidence/synthesis/V1/old/qor_2p0_old_syn.rpt,3878,ce030190aa7f3eacb275b42d6e2026f1fa7eede63c0e06027bfaccd853efcfab
evidence/synthesis/V1/old/qor_2p5_old_syn.rpt,3878,0e02d06ef271b1d131e78ca17905feef6802066d6b0a33c2889237482b9f739d
evidence/synthesis/V1/old/qor_3p0_old_syn.rpt,3878,fc4ae644f5f447f9d9ef3ca1c03a7ea3e8d2ba767f10a20110eece65a3a16b25
evidence/synthesis/V1/old/qor_3p5_old_syn.rpt,3878,78048e996d3fb52cc0c6d9fd4ac56c10d875074e1e8aacc2d13ee717b6ae19d7
evidence/synthesis/V1/old/qor_4p0_old_syn.rpt,3878,ab22f9337bbe21319d99104db6aa61178aabdc3abc5e54df2dfa22df606ffe5e
evidence/synthesis/V1/old/results.csv,1356,62ec8b27d6d3ceb774f85ddd6d572b35209001a49cd7c722fb95d407e195cff7
evidence/synthesis/V1/old/timing_1p05_old_syn.rpt,137952,f443052e5b4c99021bf426d14b8a73262639ef04adaab550e6ca0ff5b8faae7e
evidence/synthesis/V1/old/timing_1p0_old_syn.rpt,134285,38af1605cb73a0eb49dcbfaa352e13d6288bd6d1e848b82fa85b9c17e6f4ec79
evidence/synthesis/V1/old/timing_1p15_old_syn.rpt,133233,6b29dd7315c4586e82d71af4829563fcdf2e3b6ff9fac9c36ffce24bac59e693
evidence/synthesis/V1/old/timing_1p1_old_syn.rpt,129611,0d3f2cb87d9a06434c735bf8fbedb8090a1737350c5aeee2fbc704903265d85e
evidence/synthesis/V1/old/timing_1p25_old_syn.rpt,139842,83618bf8bb9ddaaecdce285265378f6e25ef1e9bbd2ba675a820050403bc979a
evidence/synthesis/V1/old/timing_1p2_old_syn.rpt,135457,a641e990f0901c9c83b5b2d386741e97728d21b9ec5c7455d5bca765a4a12578
evidence/synthesis/V1/old/timing_1p35_old_syn.rpt,139850,b715eaea689134ed6c1825642fc054452d56b810436e99d35becfa9082e7720f
evidence/synthesis/V1/old/timing_1p3_old_syn.rpt,138506,76b1ccab74805d27ab32cd08fee541a969f1f85c5d905f0f271d351abb561953
evidence/synthesis/V1/old/timing_1p45_old_syn.rpt,141900,b9e0bf5945d7d75a30bacc5592e6e1f49fa1f027f71d9ba13289806a852efb0d
evidence/synthesis/V1/old/timing_1p4_old_syn.rpt,137540,188f2430fec43e4398aebeee3b179177a9b0041d6c1b5a24c4211422b44c9f35
evidence/synthesis/V1/old/timing_1p55_old_syn.rpt,139177,1a7097bc9e305a24e4510ac7d2c6d2fb64e315f55a7888ae024b582d193dbab5
evidence/synthesis/V1/old/timing_1p5_old_syn.rpt,141998,b63632cb65c64a7fe480ac3559816a138cc323ab4db49addf353ff5f16d7af67
evidence/synthesis/V1/old/timing_1p6_old_syn.rpt,134311,93d392fc6c80618beaa88a0073db2565aa754fe126b0bb31bd117abff09c6051
evidence/synthesis/V1/old/timing_1p7_old_syn.rpt,140986,42668867cb7d0780ce05b74a248da9a7239c8d6c21a7bdce0301d209893b0ba5
evidence/synthesis/V1/old/timing_1p8_old_syn.rpt,139841,21c1a7ecbe11b5791678fa940655315971ad0886725bf37dabce4f37a0998288
evidence/synthesis/V1/old/timing_1p9_old_syn.rpt,147110,78a76ffb09a7319f95ec1d34277b690e416bac58324794ac095228fd756457a5
evidence/synthesis/V1/old/timing_2p0_old_syn.rpt,146385,73faecc4150ab5d26c0493a4eb9a7d849f974cfb2e838d5165457d9f62773f60
evidence/synthesis/V1/old/timing_2p5_old_syn.rpt,158574,a70f22a7e210fa344eb79a61dc2a0381978ef1c87c3816bdea19bf90230f954a
evidence/synthesis/V1/old/timing_3p0_old_syn.rpt,164915,077bf59774a4ab5f98f4586d58de5885974edb1dfe515d04cc1bdd341797d5c6
evidence/synthesis/V1/old/timing_3p5_old_syn.rpt,166455,40ad989c7f4c48db40cb1c1cc6de262bf68e6a20c877dbe5dc3a5e02457ca168
evidence/synthesis/V1/old/timing_4p0_old_syn.rpt,169881,4762a3adb2a554dc783d465493a4c00c5d8ac65a4c9b13ab36a67c4d1094763b
evidence/synthesis/V1/old/timing_reg2reg_1p05_old_syn.rpt,40673,78186bf3918220e7175f625bf0d4416375bea5698d761afe4520e25c580adc51
evidence/synthesis/V1/old/timing_reg2reg_1p0_old_syn.rpt,40672,364e8fb8eddee041734ad002f8998ba17828648345f2d20841151390c21738f4
evidence/synthesis/V1/old/timing_reg2reg_1p15_old_syn.rpt,40673,7981451d162704bb39259522e5fc34091134c158295c84a6c7b99af3dcd9a3ef
evidence/synthesis/V1/old/timing_reg2reg_1p1_old_syn.rpt,38844,28333b1158b77c852735f8c4a6271ade93402fb4b5e4442d9f554658d5f39014
evidence/synthesis/V1/old/timing_reg2reg_1p25_old_syn.rpt,42944,25b5632c1351822e7bab563d7627e13af01031a22b96c1811a80bbfd4c15c45d
evidence/synthesis/V1/old/timing_reg2reg_1p2_old_syn.rpt,40295,bc35f25f35076034933fbc7bcb43b44afb58a6cbc6ca9dfce64370db7344b6d9
evidence/synthesis/V1/old/timing_reg2reg_1p35_old_syn.rpt,42869,d05f2754fb2fda22db98ead4265d8de2c61a47c0776dfcab027e782af1b6e85b
evidence/synthesis/V1/old/timing_reg2reg_1p3_old_syn.rpt,40892,9f4f0221a8cd295b550d27586652bcbc2edc197ae15dfa7145fe3b68f506c6d4
evidence/synthesis/V1/old/timing_reg2reg_1p45_old_syn.rpt,42954,8b4cbd525fa13595dc195a030148395b866b24ff7ea8f11d780990617979c21f
evidence/synthesis/V1/old/timing_reg2reg_1p4_old_syn.rpt,42099,fa63dcb0116756640f1d83443997b5763836542266f700d0d7d6fa3702bd88c8
evidence/synthesis/V1/old/timing_reg2reg_1p55_old_syn.rpt,41852,eea00d7945f2a5c2b9dc6741670beb4b690a3c8ef4e742f77a77c4267c1d040e
evidence/synthesis/V1/old/timing_reg2reg_1p5_old_syn.rpt,45760,f65c4a300ff5d473d9e79553f2e4d4a3e203ad82580908fe530f8ae14248af3f
evidence/synthesis/V1/old/timing_reg2reg_1p6_old_syn.rpt,39258,1f29537b8c3a8150fdf51a02cae0ce71ac32ed30625fa0eecbfe6b8e065944c3
evidence/synthesis/V1/old/timing_reg2reg_1p7_old_syn.rpt,44525,75aada4453149d13e2cc5fcc82f414643fcd69f291593ab6339f902f464ca61b
evidence/synthesis/V1/old/timing_reg2reg_1p8_old_syn.rpt,42696,c0b579bd890e93d271bd6323fe8024e1eb977e4c690c2af72d51ff6da41ed97b
evidence/synthesis/V1/old/timing_reg2reg_1p9_old_syn.rpt,47654,d07696fd9b9819d00554d02574f9a30964ae222de1ad8c1f8531b962b11012ac
evidence/synthesis/V1/old/timing_reg2reg_2p0_old_syn.rpt,46519,a55b51882cd1f55c35c1100dc23bba01e9c6514433b80ccd30efa26e4ac94c2d
evidence/synthesis/V1/old/timing_reg2reg_2p5_old_syn.rpt,49146,6c6b26ce6fa2b230f5c063f978af8dcc4bf7dc654fcc6d2c338ae6530a119e61
evidence/synthesis/V1/old/timing_reg2reg_3p0_old_syn.rpt,57181,d9ec6f8399ecedf8bbb743be75f5902f517acc7a208b34a1e105cbab21a90917
evidence/synthesis/V1/old/timing_reg2reg_3p5_old_syn.rpt,58419,4df9f3c6bab7230a0913d17f0213ed09a4d5b9ff352168789f89eeac74a358d3
evidence/synthesis/V1/old/timing_reg2reg_4p0_old_syn.rpt,61537,24d57430c5b1191b672cb06547841b4f35b12754115825ffa5df442f58fe8b78
evidence/synthesis/V2/config/.synopsys_dc.setup,1564,c304637c3035171b7086ef9383ef7012ece56c15e96f4d3049860897dc6879c9
evidence/synthesis/V2/config/dlx.sdc,7066,31a2adfd1fc6f8d11cabac28ec97eda71c4504fe5f0b13f17c0479164bad3e06
evidence/synthesis/V2/config/dlx_old.sdc,7066,e8e985e0f8f7f19d1d4d4fb23bdba3b8765f38e474dafac33ad8337144c2afb3
evidence/synthesis/V2/config/synthesis.tcl,14778,7c2961909ae6e4d77ff7d1a7cc8fedaca9814136efe26182567a96ac05f9027a
evidence/synthesis/V2/config/synthesis_old_script.tcl,14951,3657c8f01cc9ea159c47cb597bec0eea085e35dcbe980974f125a01642609e7b
evidence/synthesis/V2/new/qor_1p0.rpt,3882,9a74993e450de2a20a38a5f17c9ebb133b6fa5cc4f21792453667d3df5f97a82
evidence/synthesis/V2/new/qor_1p05.rpt,3882,21ee1484274de29b9cd7d98f8073ca514714da429a4458050b12f491a9e27e12
evidence/synthesis/V2/new/qor_1p1.rpt,3882,c7085546670cf6a76a568c5e80db350370c32348f1a5033ca66bdb8df2b68035
evidence/synthesis/V2/new/qor_1p15.rpt,3882,2aa9077312c459beebf6d38e7c97b46fd5726a972fdf98b46a99bc8d5d24f838
evidence/synthesis/V2/new/qor_1p2.rpt,3882,cc2ff677016537a6b736a9b89774baac77117145cf99360e9368632aac3eaec8
evidence/synthesis/V2/new/qor_1p25.rpt,3881,6af9420718303a2c1b4a4dbc2b7e8a336fbd24cd43bd66fc6553f2fe3355e780
evidence/synthesis/V2/new/qor_1p3.rpt,3881,9220564a0be1ca9602b969a99c56108f2c317f60da34f5e05e4dfe3faebe1638
evidence/synthesis/V2/new/qor_1p35.rpt,3881,fa39410b24fef01826bf2631f214427523a2fbaf38ad57b8d1898253c70cafa2
evidence/synthesis/V2/new/qor_1p4.rpt,3881,c67261dfb0cbfae7e1a0e39f53e6e5e441034afbff0906d831e6cb6590660a60
evidence/synthesis/V2/new/qor_1p45.rpt,3881,3a0598d0243cf34e6a43bf0d8f5c8109f4484b3db3c4390a06a5dc5761b7bb8e
evidence/synthesis/V2/new/qor_1p5.rpt,3881,00d5e65de41250df24de533e0b907aba6c163a99ff866222caf323ab620c920e
evidence/synthesis/V2/new/qor_1p55.rpt,3881,9430fa788e12837a96e46ccd3c8ebc79ac24bd75d9dd99d2f1d41835ea2190c2
evidence/synthesis/V2/new/qor_1p6.rpt,3878,5ba65bef77bb9982e4f90bccef1e06f37a68aaef4e888f091245df82ce498d22
evidence/synthesis/V2/new/qor_1p7.rpt,3878,fe6a78d8f2f865e82fd9ae7046a7fa0fb5bc623f9b3a330981882ea7ec950ab6
evidence/synthesis/V2/new/qor_1p8.rpt,3878,6dd3c807a8b2e5d67ddab2c8c86881b1456e631a74f569c8d918b065db5c7ec9
evidence/synthesis/V2/new/qor_1p9.rpt,3878,0c654fd5e7a16a743f5747afe5d57bc5f8729e1d35c3093a2a8ae16ea746107f
evidence/synthesis/V2/new/qor_2p0.rpt,3878,9501d615b8455bbd12cc028abf20167f39cd7fa30cd432c03bdfa8fe66582edb
evidence/synthesis/V2/new/qor_2p5.rpt,3878,d7c79dc2b38c07620c7d03b3a4579a7a9a7aada6fa875f6767738fb94a3141f1
evidence/synthesis/V2/new/qor_3p0.rpt,3878,a22f5c2957aa222f9ca2d864721d53da8180b68f6abbd3f4437cb4d7d9086d37
evidence/synthesis/V2/new/qor_3p5.rpt,3878,8fc68f2122fe2a59b72c820075d301d0028f660766a2dae389ff9a36c8ceac44
evidence/synthesis/V2/new/qor_4p0.rpt,3878,fbdb86d18f24937a4154afa1b1b42486d2de1d1b75fc5ab1349559ddda0272c0
evidence/synthesis/V2/new/results.csv,1351,cc0cd2fa7f17d8313f58e19a18220c6396b9d1cb6ffeea4f5772abecc6eda4d8
evidence/synthesis/V2/new/timing_1p0.rpt,132368,96346893f8af513fdb161eb4fe825da830af8102f6a1f62923016b431234d6a6
evidence/synthesis/V2/new/timing_1p05.rpt,132433,f13d4e7e07a2e3ff84224db5fdd2c886a4b50cc723db15eef52348480fc80450
evidence/synthesis/V2/new/timing_1p1.rpt,129074,f79dc0523f93de15e8110791c5a6106831da8cf36075861479f0d62a715b8a7a
evidence/synthesis/V2/new/timing_1p15.rpt,128111,4659d88a130cdb6acce34d2f26944e793a8da9d85897277956c71ac54291cfe5
evidence/synthesis/V2/new/timing_1p2.rpt,129775,37a6d515eefb561b5f3c1ff02aa02f1d258bb2e4743b9d95da609fe5eec83312
evidence/synthesis/V2/new/timing_1p25.rpt,131793,aa13dba389e0ab93ae238059613ece64f4ad26624ee7e7046835fd64ebebb878
evidence/synthesis/V2/new/timing_1p3.rpt,132835,fe979ac02fe376cfb6c57ac004c711df4bafcf616106f61c6ba96fa3572d2763
evidence/synthesis/V2/new/timing_1p35.rpt,139697,47b3b5cd7545415446f694cd74eb6fd8e66a20bb85233eb34770d5debbb8a9a4
evidence/synthesis/V2/new/timing_1p4.rpt,137604,3713d94de518639aba068b8b57f235d2208f4972b22bcac440faeb1958e1c6a5
evidence/synthesis/V2/new/timing_1p45.rpt,137204,97fd8dece4e6ba050aa008abce75fcbdc4f725c287bfa4007566d3881b72d6f5
evidence/synthesis/V2/new/timing_1p5.rpt,138920,b0a5047f46a4f22c05618be386e0906cd19b374bce8014a3ad927bf8b935cfd8
evidence/synthesis/V2/new/timing_1p55.rpt,137279,cf641df098495532c403d142ca809a20de81f8fb439ced218a3f33ce0f165e60
evidence/synthesis/V2/new/timing_1p6.rpt,138418,6bcc42bfa555726096ec18bb0e92796626a14d4af6fd71e4addfc2543eecb09d
evidence/synthesis/V2/new/timing_1p7.rpt,136201,dab80ebb30bc97157ef10f6d25b057a4d80518f138ce8e7758aef958deb4ca3b
evidence/synthesis/V2/new/timing_1p8.rpt,140164,9f9723003c19203311376f3c140e801de3e00fdf68e7b40a1fcbac49650f1e96
evidence/synthesis/V2/new/timing_1p9.rpt,144196,157800921bd4df291a5f5c32b74bcb4d44b2325f81123d75188c129c01f97e53
evidence/synthesis/V2/new/timing_2p0.rpt,142932,c29a4e0580874f295a471501f53e31cc610f178f054a866babd744ffa3653900
evidence/synthesis/V2/new/timing_2p5.rpt,155657,c645e555b27782ac7b85301da6386443d09c9a306999260db5cd4f4b3e5331f0
evidence/synthesis/V2/new/timing_3p0.rpt,168285,2e3f4878b698289d32d549ab28cc3563626e055400a22175d9d92b79878cce8d
evidence/synthesis/V2/new/timing_3p5.rpt,175196,4ab9c86615a302afd25d44905252d1acfae4142e1639edf5d11628570fff10bc
evidence/synthesis/V2/new/timing_4p0.rpt,176194,bbcf1b45ded5b4c432c7991be48a5e305a4707a22599b268da3aff6016e84804
evidence/synthesis/V2/new/timing_reg2reg_1p0.rpt,38364,fb3b2f5ba19a953b51c3136614fbc063d9bef2c552097a3c3a5494b6bb2c3d96
evidence/synthesis/V2/new/timing_reg2reg_1p05.rpt,39392,3ecb9937e685a8ea024642c9707255590f98c87e21ea106ceb886bbd8ec18329
evidence/synthesis/V2/new/timing_reg2reg_1p1.rpt,39212,b6d7263657923b3862d806507fafad0cf46d2afa6629ab77030cfec4b5da5da1
evidence/synthesis/V2/new/timing_reg2reg_1p15.rpt,38982,dec58df9c4b0a3353fc04ff97ae01fe64019d492b0c57a9ab1322abdedddc7ef
evidence/synthesis/V2/new/timing_reg2reg_1p2.rpt,40042,f87453bfa7b1cb486a9e2b19fcccd29879dfff4c46ffc95a6f56d3beafd3668c
evidence/synthesis/V2/new/timing_reg2reg_1p25.rpt,39632,7155991bcc28b74439103744c6fb43f210c121f25e96af34ae8651aa31ff4ffc
evidence/synthesis/V2/new/timing_reg2reg_1p3.rpt,39783,03cd64bb4a20cfcdfdf8c91045c7683c6c60871a55afdbba5525113903cc3a50
evidence/synthesis/V2/new/timing_reg2reg_1p35.rpt,39777,3811af50772120b28a9b548599e7b7b0b83e271fdf3483d4571f75906aec7ad3
evidence/synthesis/V2/new/timing_reg2reg_1p4.rpt,41996,72f9a19886af081cc3305fca2e216e4ab07bed48d46e378cb54eeaab8d57e21c
evidence/synthesis/V2/new/timing_reg2reg_1p45.rpt,40617,0ae363a2f74862810b012cf8926e756cd0fea2b81eae494a27cdc0daeb9385ae
evidence/synthesis/V2/new/timing_reg2reg_1p5.rpt,41442,d6a522676d56a88452f68b1f4c44b0408ebde8bdd1fb19fb370bad6f915adb1c
evidence/synthesis/V2/new/timing_reg2reg_1p55.rpt,40415,3536075d89edd90163c75eaf64f4269a523bd9463f0329c6c3b86566b3232ac1
evidence/synthesis/V2/new/timing_reg2reg_1p6.rpt,40535,bd8488b339b88da3b6c3f0f3e6f65504363f8e2d705244edde1dba572c810e50
evidence/synthesis/V2/new/timing_reg2reg_1p7.rpt,41421,68d2f9c0bdad51106d1b1ab55f37e0c8927547f4bd748a9200ebe92955a4b407
evidence/synthesis/V2/new/timing_reg2reg_1p8.rpt,43624,4eb68c0a1c7e4427c80b4a481e3a772be90d5c2bc63cbc48cd9eab94afc281cf
evidence/synthesis/V2/new/timing_reg2reg_1p9.rpt,44193,bdd17cf841c8e23fd890cfb05627d3da1b8bb2ec733130dcb12926fbf4394022
evidence/synthesis/V2/new/timing_reg2reg_2p0.rpt,43178,20852ecc80937fbe54af3791839b0b065d145b02ff41511acf778be3641448a8
evidence/synthesis/V2/new/timing_reg2reg_2p5.rpt,49915,dd7fadd4e1b334c2f46a4f3ec16f9848d0bb5163d0ee2f130a8b80f40435dcba
evidence/synthesis/V2/new/timing_reg2reg_3p0.rpt,60695,7701d030428decd047dfaba56269b4d658ed594e415fc665ae92ec49f312917b
evidence/synthesis/V2/new/timing_reg2reg_3p5.rpt,64542,ddc91cee9b9b918a5749f5a093ba06613c9359738067e1277f5c2a309c7e0fa9
evidence/synthesis/V2/new/timing_reg2reg_4p0.rpt,66398,9b30b09c6c06b9b5fce6896c4a0e864264cd2c83c50df26facdd8a28fdbbb4a2
evidence/synthesis/V2/old/qor_1p05_old_syn.rpt,3882,57d73804e6b3bd1c4c3978d98b347f2257c78f9cdd4f53e7a98c44f1a43ed52e
evidence/synthesis/V2/old/qor_1p0_old_syn.rpt,3882,0916ed349cffa792a1f6d57f4bc682df04790e2b9f294a393b299c170df0f254
evidence/synthesis/V2/old/qor_1p15_old_syn.rpt,3882,814e746b6ada9e9382fb253c05741eb03a2e722899a8cfeb5c667e56eb856e55
evidence/synthesis/V2/old/qor_1p1_old_syn.rpt,3882,4e724fdff2c270c82fda1eb32da557991e09456d2b77174db904aac812fc14e5
evidence/synthesis/V2/old/qor_1p25_old_syn.rpt,3882,a52431b9238390f239ae495d2f08b61c63dbedce65cfcc27af25fdaab498f227
evidence/synthesis/V2/old/qor_1p2_old_syn.rpt,3882,945a86114f2b4db409b716861486bb0f11faad28fa0bd5b74c407801c6a8f86a
evidence/synthesis/V2/old/qor_1p35_old_syn.rpt,3881,e7761eae2a7533caf7ab2113b6a737b328eb3cda975de9876d46e9d4447d3e4e
evidence/synthesis/V2/old/qor_1p3_old_syn.rpt,3882,941a0de71c0e4c2f34ab1a8c2934c57c0279e565add46adbf1f88eb732a73c15
evidence/synthesis/V2/old/qor_1p45_old_syn.rpt,3881,9668ca859c584028fc1a0ac2f37a5512948e284f644db0f440ece55ca2e7f587
evidence/synthesis/V2/old/qor_1p4_old_syn.rpt,3881,38913320305595c595e24b39e98b7bdfd3958f3ac59384fa72e5c745c175f440
evidence/synthesis/V2/old/qor_1p55_old_syn.rpt,3881,bb924657e6ba77eef3ed89afa0e82d38346cf127cf91d4740f95db3739118968
evidence/synthesis/V2/old/qor_1p5_old_syn.rpt,3881,2468bde4f4e87fe6733d43338ea2549c4619c070b66ab8122869da023ed7ea36
evidence/synthesis/V2/old/qor_1p6_old_syn.rpt,3881,dd4aa701ac8c926c5870bbdc6b7ad34d8d5ed4194c044171b32dc9deb33b1609
evidence/synthesis/V2/old/qor_1p7_old_syn.rpt,3880,0b0ec36b799c90f65d31ec09d92699217e5ab5c40a6a0c3befcb312db0e04634
evidence/synthesis/V2/old/qor_1p8_old_syn.rpt,3878,da48b9e9d2359ddd4d8a5c212f591318bef8f48fc0730f2b44d0250fecb5e600
evidence/synthesis/V2/old/qor_1p9_old_syn.rpt,3878,f77592e41feb9fa5022414a667bc953b73aaae22ef8ce9f18dbc01fa141c6907
evidence/synthesis/V2/old/qor_2p0_old_syn.rpt,3878,4359d4c3f9be5cd5cfd40a3e4b2d2043ecbe9291e413819094947e6c89c0ebe5
evidence/synthesis/V2/old/qor_2p5_old_syn.rpt,3878,2532fa1b71333075359577f154d3ddb788a9f1b5911457a09e83f16c81ac1c15
evidence/synthesis/V2/old/qor_3p0_old_syn.rpt,3878,caef4d8001c8e631225ab13a9f44733d82c7134e99dfafab6eabb3a67fb9de07
evidence/synthesis/V2/old/qor_3p5_old_syn.rpt,3878,73f0d6665d3394a57284668fc36a74433c3f56b1ebc402453d6a20360ccef676
evidence/synthesis/V2/old/qor_4p0_old_syn.rpt,3878,82cade368b0078c3da9a9ab521e911663cace6704becec6105ff6a2233167915
evidence/synthesis/V2/old/results.csv,1355,e85ae2d80b069cca34672ab32b47e8e2939510d7a6ea42356d04cc3c4ded0120
evidence/synthesis/V2/old/timing_1p05_old_syn.rpt,132713,fe58101752c00700256d2228cfc548aecb45d1f785b576729fe7f078991586ef
evidence/synthesis/V2/old/timing_1p0_old_syn.rpt,128807,cf1fa3181afa2ac796db25a528056b53103e5d7fb8f29ee78d9be9d574b7bc17
evidence/synthesis/V2/old/timing_1p15_old_syn.rpt,136779,63442c1ff323cfd3bfb82848b27975801e7499295c51f39f1b7f18da572caa5a
evidence/synthesis/V2/old/timing_1p1_old_syn.rpt,133693,97eacd8794b54a9fc3f550713c7e7de09e0597230f52b6e592ac7551134eb3c5
evidence/synthesis/V2/old/timing_1p25_old_syn.rpt,135558,4e8ef70aef1367bdbb1bd262c46cfa5f8a138f287cae2b4657564e1152b89d02
evidence/synthesis/V2/old/timing_1p2_old_syn.rpt,130197,89b9039b0f9d1e073b7fc0a4044c5c4185dff732a16d27a2aab810ddfc3c639a
evidence/synthesis/V2/old/timing_1p35_old_syn.rpt,137222,f23d4b0f2e00e811400b046cb4f2782eed6150ac27b64f8c0bd592b58cc663b9
evidence/synthesis/V2/old/timing_1p3_old_syn.rpt,132638,14ad3b3ca1e0e2b11f9779ed658ce9abd7d66d64a5864d21a865bbe2815684a9
evidence/synthesis/V2/old/timing_1p45_old_syn.rpt,136900,56cf33676ee0ada1d12f1dbb3a833539bcf761eed6b0b1fba68bf7057296fb63
evidence/synthesis/V2/old/timing_1p4_old_syn.rpt,132951,653c2eab1653b7bf2f176368c527b5a66c0cbf541e122db87dc537c90ed7a555
evidence/synthesis/V2/old/timing_1p55_old_syn.rpt,135217,f5f2f485ec29c88413a2c82bd83a6577a4d5dd57ecc904fc80f6ed4dc6272599
evidence/synthesis/V2/old/timing_1p5_old_syn.rpt,138174,15106e37b6870e728089a3f7632b6b2c49451fe5eb5ed6341b8c4ac2d7173f75
evidence/synthesis/V2/old/timing_1p6_old_syn.rpt,138810,632a2128f7f565595e909852e0259765678d145c0b488377a6d4e575b4d4e2f0
evidence/synthesis/V2/old/timing_1p7_old_syn.rpt,140292,59b00b3cf4e8f345b3c0a665c8a23d26ac266b27f8ffe18fc50068c10650303c
evidence/synthesis/V2/old/timing_1p8_old_syn.rpt,137946,17b7a2933dd22171932c27b6481cfd4ae3497ae6a44ba63443f621e56e1d76e4
evidence/synthesis/V2/old/timing_1p9_old_syn.rpt,139968,b8b2ee526178e76d836ab1c7a05d15c3d82bee250826c7dbdb82744cf1d71818
evidence/synthesis/V2/old/timing_2p0_old_syn.rpt,139828,dbfdc9e8dc4095aabb847a42ece492d5dd17a9637976c515bf4ff2ab26dcffcc
evidence/synthesis/V2/old/timing_2p5_old_syn.rpt,154054,e8455822cc92b7c8e853750310c1ac1d2c4c6b39579bc40b3f984bde7f7b28ba
evidence/synthesis/V2/old/timing_3p0_old_syn.rpt,161204,d0ff739adde2d51ebff2ace864540b5607a8446104fec9e5a76675b5e5a07f48
evidence/synthesis/V2/old/timing_3p5_old_syn.rpt,170462,969039874fb060bafae3c1a545f50e271682af31dc921a1936a5f18ae8de7b49
evidence/synthesis/V2/old/timing_4p0_old_syn.rpt,176311,9bd27871e0de7c4b8baa9fbd864aec420547273118fd539a270e77e2f9507ad4
evidence/synthesis/V2/old/timing_reg2reg_1p05_old_syn.rpt,41443,0f3fb4f2ef5738613666be783eebb74d854f65e84e37be1fe1d55da3c530a03a
evidence/synthesis/V2/old/timing_reg2reg_1p0_old_syn.rpt,39132,150ede434e3e5e0ba03ac910cccdd61cc1293cf6e94618496f9468ae375da9e3
evidence/synthesis/V2/old/timing_reg2reg_1p15_old_syn.rpt,42234,635f0ef9dd71fb1f7438b0e65768c48d499626fa520a35e5c9189ba1eef63bd5
evidence/synthesis/V2/old/timing_reg2reg_1p1_old_syn.rpt,39132,71df29d4f3ae3913f342f2518481ae3d67426ee0d7319355c95822b9aab3b60a
evidence/synthesis/V2/old/timing_reg2reg_1p25_old_syn.rpt,40681,82fe979a423865d6e8aa94826806e83dccce05f59d57b9229d6212c37df4c322
evidence/synthesis/V2/old/timing_reg2reg_1p2_old_syn.rpt,41449,9ac06a57a50b320a7162c041fc6cbb072ff8ecac9a445d08587d6e8f742ec0e0
evidence/synthesis/V2/old/timing_reg2reg_1p35_old_syn.rpt,39910,867cd0205f7b595d5d3d575030e3cf05ea27d12e856af1fee76e18e6703870e1
evidence/synthesis/V2/old/timing_reg2reg_1p3_old_syn.rpt,38798,03c95875b1fdbb53553eeca93ffe8736f479ff053d7b713ddc32dec312c041d4
evidence/synthesis/V2/old/timing_reg2reg_1p45_old_syn.rpt,42218,bdb51bc70a7c8bdbe9b952ec3a4f3b19997761bc540293856b0d37de41c7e824
evidence/synthesis/V2/old/timing_reg2reg_1p4_old_syn.rpt,40192,ebd6aaf140a8097aae99914d108bcd5eeff7abae2c9375aad03ed4756eff378b
evidence/synthesis/V2/old/timing_reg2reg_1p55_old_syn.rpt,41444,f45a46576a2faf4940b1d9d1d67d58beb17f461ad163ffc636d12564e4cf18df
evidence/synthesis/V2/old/timing_reg2reg_1p5_old_syn.rpt,40676,d0fc2cfddb3643e5eaf167661d6e8f8ecbc2a74cdc0c1605bd7cde44675bfea8
evidence/synthesis/V2/old/timing_reg2reg_1p6_old_syn.rpt,43061,15c9796d78719f982ec33800fbf3430e7424ea9b10787f6c5688286c66427869
evidence/synthesis/V2/old/timing_reg2reg_1p7_old_syn.rpt,42835,afa05e2ede994bd0a7616cb7561f4091cfbdfc744cf3a1f5f969fa4cc33d61ca
evidence/synthesis/V2/old/timing_reg2reg_1p8_old_syn.rpt,42028,1e2e15d75de79052b7e3e631fcc258c718c12ff2cb13e7fd64553f71db318fbb
evidence/synthesis/V2/old/timing_reg2reg_1p9_old_syn.rpt,41970,07643bbe67fa2c1d4de543bcf0631c58d1b75986466658665fc2e228d986af43
evidence/synthesis/V2/old/timing_reg2reg_2p0_old_syn.rpt,46838,577ded22cdacf9d7f33006bb6b74a855084c2ab388235b52be22c537bf69b229
evidence/synthesis/V2/old/timing_reg2reg_2p5_old_syn.rpt,49082,821ec1113f2763802e8260b8d86d84026e2afd8f5786aaf36d47d6f36d82eb57
evidence/synthesis/V2/old/timing_reg2reg_3p0_old_syn.rpt,54538,f84331147391bec5ca12ff7c7d963697a27218c056c80d45424b1e2f73fb5a52
evidence/synthesis/V2/old/timing_reg2reg_3p5_old_syn.rpt,61348,d20a7948f41566f4388def3ae7b23307e1db5fd5a4df078fdde21a3ca2af2482
evidence/synthesis/V2/old/timing_reg2reg_4p0_old_syn.rpt,66119,75d2eafa926a17b04a12de6a8f44c71e1cfb80fb656188f95fa75388483170ef
evidence/synthesis/V3/config/.synopsys_dc.setup,1564,c304637c3035171b7086ef9383ef7012ece56c15e96f4d3049860897dc6879c9
evidence/synthesis/V3/config/dlx.sdc,7066,31a2adfd1fc6f8d11cabac28ec97eda71c4504fe5f0b13f17c0479164bad3e06
evidence/synthesis/V3/config/dlx_old.sdc,7066,e8e985e0f8f7f19d1d4d4fb23bdba3b8765f38e474dafac33ad8337144c2afb3
evidence/synthesis/V3/config/synthesis.tcl,14748,290df94f36a09451cecbc56e95a4b910f649c25afe0a8d9b36acb2cbbc053f37
evidence/synthesis/V3/config/synthesis_old_script.tcl,14951,3657c8f01cc9ea159c47cb597bec0eea085e35dcbe980974f125a01642609e7b
evidence/synthesis/V3/new/qor_1p0.rpt,3882,23e8eb8f9d8527c5c247d71b35a1f21f1b880ab93e218e28169996afc934f2f2
evidence/synthesis/V3/new/qor_1p05.rpt,3882,a7d3367300e13244d18f9bc505fa16abd806d445d0dbf09f13cdc031291629be
evidence/synthesis/V3/new/qor_1p1.rpt,3882,fba5b4291f027618da8ea15b04e0deab9ea6d16d1197c46a868b3338f007a340
evidence/synthesis/V3/new/qor_1p15.rpt,3882,9df90b9902d000486c413f3687276d7cc3081403ddfb7055a1b219143517b155
evidence/synthesis/V3/new/qor_1p2.rpt,3882,5f888628236300533bfdb1ce34c0791a422ddea35d601936f015448208632392
evidence/synthesis/V3/new/qor_1p25.rpt,3881,9754740df234cecac5e50aa4c484ca15befddc4f75580601f1c0a65038e8268e
evidence/synthesis/V3/new/qor_1p3.rpt,3881,b2ad3baa4d63086689a5f91c9a38593afd3a8d41b5c8d5c6b701cccd807dd7ba
evidence/synthesis/V3/new/qor_1p35.rpt,3881,809e37ea9af967769631dfcc0b0d60dd1754abc8bbcbcf743837621455d5f369
evidence/synthesis/V3/new/qor_1p4.rpt,3881,0b6cd0ede31fa9cf71e6cdb377de53b52bde2599c07e48bbdcc9917cbba8f938
evidence/synthesis/V3/new/qor_1p45.rpt,3881,ad35620c5dddac11c39d7b8705986100c88d42f12416a7c0428a99296ce1f522
evidence/synthesis/V3/new/qor_1p5.rpt,3881,301f5f8b8cdd8e2d7f7a7337c54426e626c31e1a0b9e87848dadaec7ce9864df
evidence/synthesis/V3/new/qor_1p55.rpt,3880,16951310fe04a90a861350c1a0e8da9c5bef816fbf0c472de358ca5e50ffe349
evidence/synthesis/V3/new/qor_1p6.rpt,3880,a1e706de92803428fee91ed3a01d7a8076e592a1360e19a485d367cb362d16b0
evidence/synthesis/V3/new/qor_1p7.rpt,3878,b911ae7915ed8f66a1384a86289f5b48df51d59121a5a3379421d3dd806f5aa2
evidence/synthesis/V3/new/qor_1p8.rpt,3878,c658f14b0f86da4f2700e84ae21d8c78716d7bfdb83d64e3880bade801160ad4
evidence/synthesis/V3/new/qor_1p9.rpt,3878,b36912029d3e552dab06bcf05c5c6b4010e9597c211bb8852fbd801a99287391
evidence/synthesis/V3/new/qor_2p0.rpt,3878,df44eb9e8d2b4269bd29922325f914352d3b96da4b7006d8ef0690b9f82b1fde
evidence/synthesis/V3/new/qor_2p5.rpt,3878,97c7d1330e5bf97ec73f5f1466405e7d1c7340843b2ddeda37bbb79a039c0dbd
evidence/synthesis/V3/new/qor_3p0.rpt,3878,7909fb4f3e0e7568e7ead4049dbad46b027d91e3c5134ff132bae6de63efb59d
evidence/synthesis/V3/new/qor_3p5.rpt,3878,fb4c644fe1ce5caadc6e58fae7e4cf9d4d768e0c6b84deefe77308d1ad546b5e
evidence/synthesis/V3/new/qor_4p0.rpt,3878,c67f82cbc0533962c56069a3c5c9ff1c6b50f07c91abb6ed9e04ae0348ae361a
evidence/synthesis/V3/new/results.csv,1354,4b0ee95bb03502fa00fa08dbff567e49657a9d7ea932514849051af1de3ec739
evidence/synthesis/V3/new/timing_1p0.rpt,125687,b78bdeb224162827190c5c50f7934bed1e4f84a4247ed62ed6b39362e5a30feb
evidence/synthesis/V3/new/timing_1p05.rpt,130142,3db8d29850fd71a3da4340ee7a0430b0e74f77329be21811b3fbe9b096272dd3
evidence/synthesis/V3/new/timing_1p1.rpt,131712,643c999088484fe4e7295f16521cc15d529b4a75a94af345398326c2bd3601f0
evidence/synthesis/V3/new/timing_1p15.rpt,130723,986d541387884203f411e2e846fcd3eec12c874467e2082b635f5d7075803185
evidence/synthesis/V3/new/timing_1p2.rpt,134644,b56993ed5cb477c3b3eb7a27c3d9e96e9d3ef24fb056d2820829700d4fe1e1e9
evidence/synthesis/V3/new/timing_1p25.rpt,139234,7308659c28f5a2f7c7c02f8e15240fb15202de2158b1d149fe786e910a879877
evidence/synthesis/V3/new/timing_1p3.rpt,130732,c0733640a8601b026a480241a47ef18c0de9e4e0ed2e78e3ba46f31b3ca27974
evidence/synthesis/V3/new/timing_1p35.rpt,138910,78990b293c8e9cb615fccf44289769750fb1e24d94c339c95a6273ca0f4b846e
evidence/synthesis/V3/new/timing_1p4.rpt,142622,0b1bb8a6215cb88a28c467792ef5c7c79be48e6c9e8e4c688ff1305e9e4d9a35
evidence/synthesis/V3/new/timing_1p45.rpt,141685,fd2b3bf3442a733e7a9baf78ce7c614cc82ce1e6417815aedd978b67363f6fb0
evidence/synthesis/V3/new/timing_1p5.rpt,142830,ccb1a0d14470768302d18b5b82700cfb4834b715c076a5cc14cf702f12143c5d
evidence/synthesis/V3/new/timing_1p55.rpt,135625,186dbba0c8142f17013c43063185f337039f671b1709b3c0090761d875f41c9c
evidence/synthesis/V3/new/timing_1p6.rpt,141124,f845c332cf5646a695dde65e3fd9c76b706b4fb2cf5a41702c8849cad17189a1
evidence/synthesis/V3/new/timing_1p7.rpt,143535,0b7c78cf279f835d936188daa88cf7685f3114a7276c5db3ee3ecc851a43b7d2
evidence/synthesis/V3/new/timing_1p8.rpt,140205,579c3b1e5c1c0187806f6164e08ef4bddcd2e5943ab79225009cbc5bfcbd6fdb
evidence/synthesis/V3/new/timing_1p9.rpt,138338,383e2d2e9893ec4f3896d65c1b3bb4bc9e5813937de6e429e55c798fafc755aa
evidence/synthesis/V3/new/timing_2p0.rpt,138728,305009fed06f1170e9fa9b0a97a30b1331254b28f4a69b435ce10c346cc77921
evidence/synthesis/V3/new/timing_2p5.rpt,152211,95264025fa3693dca2ec8501942f486304715cc5a7827b63daa957f142b4c2cf
evidence/synthesis/V3/new/timing_3p0.rpt,164910,4aa7a7a3f5128bb37c21cd545b43852bb79a15407b34ec7dcb3470b9f22a9389
evidence/synthesis/V3/new/timing_3p5.rpt,171658,4255256d841352210f63acc2a33c998e99945078468aa21c05f02d997f388d22
evidence/synthesis/V3/new/timing_4p0.rpt,174413,dc3a14559c1f53d4e8e9c319ba56e37ce15eb2479cdeb9a205b4407eea3b39e9
evidence/synthesis/V3/new/timing_reg2reg_1p0.rpt,36031,09a17be90592631646af874e5a9a0d89a0b5da2883449efabe0350cf1a12d2ae
evidence/synthesis/V3/new/timing_reg2reg_1p05.rpt,39300,a650db186fdbb0f8c3c20558100a5a40819313b90cf3d0f3650dda1ec7986731
evidence/synthesis/V3/new/timing_reg2reg_1p1.rpt,39860,3e42599c6221e3faa9db6e9dae4cdc6090486a1bdcab721e740e96225769cd1e
evidence/synthesis/V3/new/timing_reg2reg_1p15.rpt,39731,b376e5e7c246e1ee842401f1e791755a5e3f99081660f5d2b9cb1609d2ca9898
evidence/synthesis/V3/new/timing_reg2reg_1p2.rpt,39750,c60137395d528f3f0923af538c8b59e83b25ef89c1baad422e442a96e63af774
evidence/synthesis/V3/new/timing_reg2reg_1p25.rpt,42992,9ea8cfad111c5af10819c11cf02d7f0955dbe101ad45b519d03a247bb22fac3d
evidence/synthesis/V3/new/timing_reg2reg_1p3.rpt,39090,c77c7471812c9641cfcd21eb84ef2bd763b436fdf11ac3b2602135acf22ae022
evidence/synthesis/V3/new/timing_reg2reg_1p35.rpt,42102,d6932dd9bd8172026588dfdc50723537cad37a74f0c18be95c3a26ff6f005e05
evidence/synthesis/V3/new/timing_reg2reg_1p4.rpt,46716,27f73e85cd53bed92c28dca14ffe2df27d5b07c21b40e4ea65e0dadad44bdda0
evidence/synthesis/V3/new/timing_reg2reg_1p45.rpt,39648,f6c9a9b49d7815aa40e8bcff611fffde8182ae2f6e3dc84e9e127eebc1602cf6
evidence/synthesis/V3/new/timing_reg2reg_1p5.rpt,44030,1219d5645a75fe2cbe87c0002980cf045a1ef66637ab606d361e5b91fbd9af9c
evidence/synthesis/V3/new/timing_reg2reg_1p55.rpt,39321,71ee8f55764698b1c06e8ae14a124e3f81a1fd014095eb0d146380ac58233be8
evidence/synthesis/V3/new/timing_reg2reg_1p6.rpt,45295,5b32ff6e82c34d81fbc2d17f4f90dbd78fb5cf57e714f4a010bd525990800437
evidence/synthesis/V3/new/timing_reg2reg_1p7.rpt,44846,a68e76af81d77717f538b1e0be4a4621239693183c4e2bb6e146643b9889c615
evidence/synthesis/V3/new/timing_reg2reg_1p8.rpt,41497,2d27b818f43dbc2345497a29ccbf93994990cba2a476a1a80e79c4811ae4ceed
evidence/synthesis/V3/new/timing_reg2reg_1p9.rpt,40673,a422f93ed66d965642728cc098ca510828817e9013886811e442d1917cd487b9
evidence/synthesis/V3/new/timing_reg2reg_2p0.rpt,42992,5700fefcd033adfbfa8d311fc89785a03c931f21baae29752741e3d2a304e276
evidence/synthesis/V3/new/timing_reg2reg_2p5.rpt,48570,8600dbf3721c2aa39f641b05a5a1be5dc70cc767f80f6dbf2d5dd51d2275a78b
evidence/synthesis/V3/new/timing_reg2reg_3p0.rpt,55944,f874e1e09193e1a5bf9597ccd5eac7c3e7bf91ab22b17e7a3eaf9c789f0893d8
evidence/synthesis/V3/new/timing_reg2reg_3p5.rpt,60730,8ac9974a787f65effab4b0ddaac58e22f05afde3005dc66e96ed3a9af408d806
evidence/synthesis/V3/new/timing_reg2reg_4p0.rpt,63177,50a6e12506ef448eb79faa495c898744f919a50d58e20a9a9ad3863f0879c2a6
evidence/synthesis/V3/old/qor_1p05_old_syn.rpt,3882,a9273e99babc0f1d3156c8e275841b4356a1a87048fd65f86e0eed6cb6af115d
evidence/synthesis/V3/old/qor_1p0_old_syn.rpt,3882,aeb54e606dcdcbdfa61c34614a78a91c104cace41028b55095abdf7b0e2cb9b7
evidence/synthesis/V3/old/qor_1p15_old_syn.rpt,3882,8b6974a93d925486e342fb75724dba8ba7e27af53025e81dd2dd3829d901dbf3
evidence/synthesis/V3/old/qor_1p1_old_syn.rpt,3882,bdfaa363412239d0d7dd3a3db0d6ad2925ae4ca9a546dc9e2abb1193045196a2
evidence/synthesis/V3/old/qor_1p25_old_syn.rpt,3882,500f545c35fe1f2d51874c7722faacf69317e3c3fcf38c88f1f1956daa66d4eb
evidence/synthesis/V3/old/qor_1p2_old_syn.rpt,3882,1f000d51ca99dae3b780939436882aa37378bcb71611655075c969a11eb960bc
evidence/synthesis/V3/old/qor_1p35_old_syn.rpt,3881,706964ab3662e7a2868b2800a1acaa9f3b7e4df123d0d1f6d9566c7eca9b2a06
evidence/synthesis/V3/old/qor_1p3_old_syn.rpt,3881,9c506c8c71f6ebf81f490a31d7c36f9afe19f4bac67417c4469c6c39d6cf029b
evidence/synthesis/V3/old/qor_1p45_old_syn.rpt,3881,f0709464c2f5c1ef3ecee850591af49fcb1d4b3d9cfc83692836beb365208e1c
evidence/synthesis/V3/old/qor_1p4_old_syn.rpt,3881,654734c53135f3f3a10fe078029cbabcab4781602a962cffe678d364bdb3ac7b
evidence/synthesis/V3/old/qor_1p55_old_syn.rpt,3881,939b45c7091963564889bb9a9635d71622ada31dd9658bce9b59ad4c6163f5a4
evidence/synthesis/V3/old/qor_1p5_old_syn.rpt,3881,2bd6d997f7208b592f3b247e8b69e93f8edcdc5b32dfd9127509139336d29aec
evidence/synthesis/V3/old/qor_1p6_old_syn.rpt,3881,457b2861273b0cf60875be8c1222cc23e07a643f655cefeb8717e13b59272c72
evidence/synthesis/V3/old/qor_1p7_old_syn.rpt,3878,fd8feaca08dc1c5c47ac995e61a3bda253b76f8b4f1af6369dd0be5b43ca8395
evidence/synthesis/V3/old/qor_1p8_old_syn.rpt,3878,05575ecef8ae9158655da4e2941f341eda47c53944c61789ff8611fc2d12949a
evidence/synthesis/V3/old/qor_1p9_old_syn.rpt,3878,60d61dec53f087c357bf1a06b9c012768c4a69116de45ab18ffa3ceeb10aab77
evidence/synthesis/V3/old/qor_2p0_old_syn.rpt,3878,a6d9ab2bb5a0493f2abdf51ae0bba4442815d9e85e8bc29d457639e811ed459a
evidence/synthesis/V3/old/qor_2p5_old_syn.rpt,3878,ddb6ed3006197a87085ebca05cebc09343ad765aeef95dcb5243284b23d50f9c
evidence/synthesis/V3/old/qor_3p0_old_syn.rpt,3878,af75cfe16edef0999d834dc9bb979e7cb29e1f834a551cec360faced7034d0e8
evidence/synthesis/V3/old/qor_3p5_old_syn.rpt,3878,be8075ab7dcb89eb996f8c33578cbc5ad58f5d04397eb27c638f8b5298099b04
evidence/synthesis/V3/old/qor_4p0_old_syn.rpt,3878,e389376a7c8796612ab45684204a2f6cde1276f1e2f204b7315f54da07faa0e1
evidence/synthesis/V3/old/results.csv,1354,b5358f12f7ef7f184db36a66484246cb18153d2b35b00eb4db2a232cc50e6a74
evidence/synthesis/V3/old/timing_1p05_old_syn.rpt,132916,d0c323606937b0732b5f2847266fb8bf959762504eb0c6a17a6f8f0869b4f8d2
evidence/synthesis/V3/old/timing_1p0_old_syn.rpt,128877,b35d3cf0dd5b2613432d0c4d95be610f142d0005110970a02ba93fa5a5459b2a
evidence/synthesis/V3/old/timing_1p15_old_syn.rpt,137834,941104c1344f3c882edc224a149ba8dfe9ef6f3653cd43939e6855dfd75e8aa4
evidence/synthesis/V3/old/timing_1p1_old_syn.rpt,136833,90e355a98effe52d43512a5ca2e087c3ee32c24991199a46307a9e886ca8d697
evidence/synthesis/V3/old/timing_1p25_old_syn.rpt,139279,549ba5a07e4a6e226edb7085d855d6be46d910da4eeb06ae52977dc0ffa5663a
evidence/synthesis/V3/old/timing_1p2_old_syn.rpt,135384,5c2aee215a93f033c0eaf4b28afc94c93f26415fcaa96b704b65d81c2e4e9839
evidence/synthesis/V3/old/timing_1p35_old_syn.rpt,141202,21cfa56e07ee99556907160bdd5005c364afd13b3aeb983c3e2334b9d0dc1d8c
evidence/synthesis/V3/old/timing_1p3_old_syn.rpt,137163,31dff43ca416cd7e13c693b054042fc485955d54d4d53f94f8349b0441ce856a
evidence/synthesis/V3/old/timing_1p45_old_syn.rpt,135989,a3c293c8d0e1757a4c280c3626c3f41f8a83fa28d545265902d1188ca5a287c0
evidence/synthesis/V3/old/timing_1p4_old_syn.rpt,134159,64d57afe5687490dfebcb5ddd1102d25f73597a311f1236060dcc5be47dc4d35
evidence/synthesis/V3/old/timing_1p55_old_syn.rpt,136995,bb79df329849c4effaeb43c6300e4329e77d1882ff75b97f8642205e50e008f5
evidence/synthesis/V3/old/timing_1p5_old_syn.rpt,139698,744be1db26b98ba3b99997c462a3716b709a9f508c9047aea5876d722f7f8f68
evidence/synthesis/V3/old/timing_1p6_old_syn.rpt,147464,6214f891ab8c418cb2673e50961d605ec2fb6495201a376d32c81d701a9d2392
evidence/synthesis/V3/old/timing_1p7_old_syn.rpt,137587,d484e1912949f0e370163471b33b17825c044fee9eb5d7652790388e4f87daa3
evidence/synthesis/V3/old/timing_1p8_old_syn.rpt,138619,0f43897fc99ccc0c46ad208c1600af231cf641d567cd159466cfcbfd1a9f2871
evidence/synthesis/V3/old/timing_1p9_old_syn.rpt,142315,031c0474b2ebb7b20b9eb72d94b059b00baccc698e78e8c3334df597f0f8176e
evidence/synthesis/V3/old/timing_2p0_old_syn.rpt,140420,e7f5a6c2a069043f4a57a57b1401c8ef17e2ce3a8652b11b88fd47a3c7d1eb0b
evidence/synthesis/V3/old/timing_2p5_old_syn.rpt,162668,77ff01685e056242af415b054a5dd812eb90c17d1175070da8c242cefe14a3c8
evidence/synthesis/V3/old/timing_3p0_old_syn.rpt,171750,5616424440dfee87c34e906ffd2e0a2f0575f35b77e2b32c43e11fafe41f3213
evidence/synthesis/V3/old/timing_3p5_old_syn.rpt,176418,950c94e3d859a5aff6d859460aff0624c8f4213e0624904517eba4b1dab03160
evidence/synthesis/V3/old/timing_4p0_old_syn.rpt,177512,9ea10803f78518c2d80b56a0372557778538fb188581dcc220bfdc6d7058afee
evidence/synthesis/V3/old/timing_reg2reg_1p05_old_syn.rpt,38770,9f5bf0906e98fcaa29605387aff192c0639a123e34163397e1313f2145bd64ed
evidence/synthesis/V3/old/timing_reg2reg_1p0_old_syn.rpt,39230,c2fc3419952f5dd153305f0e8abbfc9b02ed4022e883f67485810b0dd37cf566
evidence/synthesis/V3/old/timing_reg2reg_1p15_old_syn.rpt,38430,9d3a2d36fd8f65e2ec766d0db5a12f9a57450be9527b7f1fe9424c3eea4ad494
evidence/synthesis/V3/old/timing_reg2reg_1p1_old_syn.rpt,38557,e2026363961b15410a8c91e6dfdeb7f5a7a3490d022b0ff957f2ee1c95ba9e48
evidence/synthesis/V3/old/timing_reg2reg_1p25_old_syn.rpt,42219,c7f1b716ef269231127ca5f4c2385ecc99c34c498932331496eb05e4b07ce131
evidence/synthesis/V3/old/timing_reg2reg_1p2_old_syn.rpt,41812,ea8df0613bda4b82b0bbc58356505f1917a94ae01a56a9c3af63f4ef9f7736c9
evidence/synthesis/V3/old/timing_reg2reg_1p35_old_syn.rpt,42218,57348ef4b9ca269e962889cb6f3d15805321200964208ea8e00ccaacc508953a
evidence/synthesis/V3/old/timing_reg2reg_1p3_old_syn.rpt,41608,91fe9c8699c1badbb5c1e2bf2bd3cea1a2318451b9c68aeb9d40f234c7728a95
evidence/synthesis/V3/old/timing_reg2reg_1p45_old_syn.rpt,40544,972163517e7d2ced9254bcf5159efc8a4b7a0967fece2a5c881964db6e36aa5a
evidence/synthesis/V3/old/timing_reg2reg_1p4_old_syn.rpt,40636,d805e3e25e97d733c045171f27c56d5872d2ccd0c0c75a2d5df282cbb91ad4c8
evidence/synthesis/V3/old/timing_reg2reg_1p55_old_syn.rpt,40930,fdaee805fdf4a970566ce39438254481d75d4e7cfdee64d7b679043c456d1d52
evidence/synthesis/V3/old/timing_reg2reg_1p5_old_syn.rpt,43865,f188f6aea605ea5b1b9b0eb6763391fe26fd27e188144f1af6b7bfcd1e10a6f1
evidence/synthesis/V3/old/timing_reg2reg_1p6_old_syn.rpt,46676,a193fc474772e5134e5a3cc33e72bff861e0eb6e6ce3efeb9febdb06d2594144
evidence/synthesis/V3/old/timing_reg2reg_1p7_old_syn.rpt,40355,dc5517b23a3c46771d297cbc3d4b9a6529cfd5e6ed557638c2e96aa812e96adf
evidence/synthesis/V3/old/timing_reg2reg_1p8_old_syn.rpt,42530,f3f180cf4efaed92b72e1e59ca070210bdca84dfdad9ca31110d07212f4a0edb
evidence/synthesis/V3/old/timing_reg2reg_1p9_old_syn.rpt,42170,c6db3b872066e7a2f733433132403ba0708eceb432aa4b7afa090cbf8097fc8b
evidence/synthesis/V3/old/timing_reg2reg_2p0_old_syn.rpt,42654,bae713c604816fa610436a010ac0c4d06080e31581e994f46152c888f48e6e46
evidence/synthesis/V3/old/timing_reg2reg_2p5_old_syn.rpt,52510,954b8bd171552e15aabb36cd368f28982dcd5d0c797488e3678bf61f3b4c3047
evidence/synthesis/V3/old/timing_reg2reg_3p0_old_syn.rpt,57636,7fa74e6349e3972d9c64cc50d7cc53c787a015e68bd5b257a379e4a0efae9dbd
evidence/synthesis/V3/old/timing_reg2reg_3p5_old_syn.rpt,61662,baa2b141cd97a12467d36ce010a65b94f317e7b7bdcd35fc1cfb64724b89e616
evidence/synthesis/V3/old/timing_reg2reg_4p0_old_syn.rpt,64428,8b2821ead543df81dc7836bedd4d37dff0afcd0a201debb13a75dad417a46612
evidence/synthesis/V4/config/.synopsys_dc.setup,1564,c304637c3035171b7086ef9383ef7012ece56c15e96f4d3049860897dc6879c9
evidence/synthesis/V4/config/dlx.sdc,7066,31a2adfd1fc6f8d11cabac28ec97eda71c4504fe5f0b13f17c0479164bad3e06
evidence/synthesis/V4/config/dlx_old.sdc,7066,e8e985e0f8f7f19d1d4d4fb23bdba3b8765f38e474dafac33ad8337144c2afb3
evidence/synthesis/V4/config/synthesis.tcl,14799,873f89f936c19fe32231dc36d65174226e441ed8b9ac8fb54c40fb0aee8645b5
evidence/synthesis/V4/config/synthesis_old_script.tcl,15002,eff9d575db71309df7e104cd4782a081b47735c2bf87fce8acf30bf9567cdc3c
evidence/synthesis/V4/new/qor_1p0.rpt,3882,02e506e215583a6c0fe1e79c930cd33545a3f0b7afe3da59f8f620d03b6146b6
evidence/synthesis/V4/new/qor_1p05.rpt,3882,6586a874adaaed676b09b17e1cafe9f929f5fab3d09513dcf3e8e578cdf839c4
evidence/synthesis/V4/new/qor_1p1.rpt,3882,54087c89c10e380c9025d39535b6e57eac8b1626c213bbd3dc2c05cddf2b0ce6
evidence/synthesis/V4/new/qor_1p15.rpt,3881,32fabe51d17fc1135cd78f14f7de69c4854b26e08d8e6883beeb1788a100e75b
evidence/synthesis/V4/new/qor_1p2.rpt,3881,29ce4b31aeab7e9f44285165d756dea924176643237f481d5e0542c0f5d79439
evidence/synthesis/V4/new/qor_1p25.rpt,3881,4910459235b4e4462805b3cf35b685a1033f6b712610470614f61ec3fc7e20f1
evidence/synthesis/V4/new/qor_1p3.rpt,3881,dc082ce4a68fb4ebc7f90d7111f0a8ff908131c24981ec3314ee8bf890101ed9
evidence/synthesis/V4/new/qor_1p35.rpt,3881,d16f119692feaaf8a948635fec6043d89e048ac469e3a28d3295ced34a693da6
evidence/synthesis/V4/new/qor_1p4.rpt,3881,b6faf43effb778ef32e969b5662de24a599d97c11966776cdbca6f09d8bd5ac1
evidence/synthesis/V4/new/qor_1p45.rpt,3881,9b1ec71c5a07483491aa2d3e8d24b3144d918d8e50fb90fd164eda75c1a80c10
evidence/synthesis/V4/new/qor_1p5.rpt,3881,87d2f7874173ec5e8619c7a7dd2f9ae4500d587214a4b719d248c7ea6c10085f
evidence/synthesis/V4/new/qor_1p55.rpt,3880,217fdb671fda3ebcc3df7a880a54f80b598754d6c8de9e184a1b5ee023f50f07
evidence/synthesis/V4/new/qor_1p6.rpt,3880,b1087eb0f0c80578433b1ff5304bab75c2ba362e2be800ddfe5f2f33d64953ca
evidence/synthesis/V4/new/qor_1p7.rpt,3878,37d1b0a75b1d3ad4fc2a313954d6b18df155c5b37041a89af04bcc18e592d6f1
evidence/synthesis/V4/new/qor_1p8.rpt,3878,815ace97a66af6a0b0166dd9f88492636d24804f2983a05f4994027de4903624
evidence/synthesis/V4/new/qor_1p9.rpt,3878,9df1eadbefa9f8fe35f5bd8e6e483ccd06849346c7b323235b7ea4b257716a98
evidence/synthesis/V4/new/qor_2p0.rpt,3878,e43300a30d9921e2f7a1ed20fe013c9d162fabca5fc9a8baa0855115e2e37d2f
evidence/synthesis/V4/new/qor_2p5.rpt,3878,66cf87cbabb7ed26569eede542a09234370ef37b624e7bc1ca70f2d4a22a14e7
evidence/synthesis/V4/new/qor_3p0.rpt,3878,9160d0088bf73f22c8c4b4efca91be416e21cf4edb7f9ab0c2d9ae363ec07eb4
evidence/synthesis/V4/new/qor_3p5.rpt,3878,a754b9965723cd50c4623f2f0bf08e60238bbdfff9bc6485ff573b6b80f53e66
evidence/synthesis/V4/new/qor_4p0.rpt,3878,bcd9ba31da5c7738c17fa28250f8a1998de404d404aa6e49a313abcc367c1b8a
evidence/synthesis/V4/new/results.csv,1354,1e0a89193f2751270bc96fc3ec0d0532c473e2aa745f8b602b4253ab5aad7811
evidence/synthesis/V4/new/timing_1p0.rpt,127878,573edb7a9b37c2987a8e09a85b8549fc073177ee7133585f3602ba775e313006
evidence/synthesis/V4/new/timing_1p05.rpt,131121,bb73535f8bbdaeb00a3df8d175d14bfd2925c954255b67725cb7937e88faaea1
evidence/synthesis/V4/new/timing_1p1.rpt,128458,7a018768a0a80a229366bd0d19649b03a3d0c99016d967d001341ef810be95e4
evidence/synthesis/V4/new/timing_1p15.rpt,129348,165b8b5e5d3c6e1b67db75e00fc8cbddc8b72a2da3a72e1bbc7d8e59e55604a9
evidence/synthesis/V4/new/timing_1p2.rpt,132958,ba067fd93a03c05ffb7b4b141865ea16782cc5c948f6774b8334b28ea2657bbd
evidence/synthesis/V4/new/timing_1p25.rpt,137917,3057eaada6bdbd65c421eeccb7913e636cdbe1505cd0bc3efb423526d7d05cb8
evidence/synthesis/V4/new/timing_1p3.rpt,131908,f89989bd6678cba7eacfd82fb722bdd82d5174c4a0110b9f17cfc56038e93fba
evidence/synthesis/V4/new/timing_1p35.rpt,146334,d0d613480fe102e2a1cafa572d46cd76f5e4fab2aa3feb4f0047a374d0c0013d
evidence/synthesis/V4/new/timing_1p4.rpt,140508,455e3a740bfeae717900f5d0624bba6b82d49e77821112507229fd129166c586
evidence/synthesis/V4/new/timing_1p45.rpt,133065,f6fbf53f72ac22e59468379a2bf02aee69eb8630575af7d34b442abe9a30294e
evidence/synthesis/V4/new/timing_1p5.rpt,131419,827f833c47256832ccea43bb7eac2c4a68bfc84a5307a0616f716723921c0ba7
evidence/synthesis/V4/new/timing_1p55.rpt,130857,a9951281ecce1af8b0f8929bf22973f5bb2009c039456cbfa2c4ad07245b56c7
evidence/synthesis/V4/new/timing_1p6.rpt,135221,3883c65877df3540b7ca8105c483af9d393b0c5e3dfb483978e6731c82b75c09
evidence/synthesis/V4/new/timing_1p7.rpt,136649,1e092db0e69cedcf44030f518015346fdfa6ee550df2731e4329a39a09c82ac1
evidence/synthesis/V4/new/timing_1p8.rpt,138949,e9161b30337917362335b2dacbeea6372cb8f899a62953086473a1723ff10fd3
evidence/synthesis/V4/new/timing_1p9.rpt,134183,fd922e85bbc004a0677b5cb3130e211a9b73b671d8b1b639c8caa012d7814a40
evidence/synthesis/V4/new/timing_2p0.rpt,133214,e8272ba84b93204b9e2f0365e0ed5b3b34f9d97195ef11bc0cd68f5fcee32ff7
evidence/synthesis/V4/new/timing_2p5.rpt,152939,39a57ca01307b58b58cd00e5ddae9a60c792ef4f5ff4e7bd8adfb6a224e6dfa2
evidence/synthesis/V4/new/timing_3p0.rpt,166072,855c08c5a8159c95050e90d7ab896460cc7fee0a455ad89795096b98f2b2724e
evidence/synthesis/V4/new/timing_3p5.rpt,166360,5607619a5a3c4546a552521258fe0f2926648a055953b9655a456fbcd297c4dc
evidence/synthesis/V4/new/timing_4p0.rpt,168501,9f09fc2b6970ac4523384ecf89bfc83f3d4175102530e22662184acfbec3d094
evidence/synthesis/V4/new/timing_reg2reg_1p0.rpt,38071,b9a87d52b4eb87663cafc9ec22c77fc465e8e050307948e10776e347cfa30a6a
evidence/synthesis/V4/new/timing_reg2reg_1p05.rpt,38560,b592da66eb85ba7c3347c4943b96ee4b8c9e5d550e6ac6a93587508bf39a2eae
evidence/synthesis/V4/new/timing_reg2reg_1p1.rpt,39902,d3d3111d9a68bddd2942ccd62ed8c7cb72b4be231e5a578dd9d51bd6eb132e8d
evidence/synthesis/V4/new/timing_reg2reg_1p15.rpt,38888,0e9aee1c2dbc79d4238fd1d0581ea5411f42a85a645abc8e980863e77efa8db2
evidence/synthesis/V4/new/timing_reg2reg_1p2.rpt,39330,be2aa4eb824f1c747e172eddab851c631a39142a115ee74c0a2bb632dceb776f
evidence/synthesis/V4/new/timing_reg2reg_1p25.rpt,43573,3cb82d7edb0295d1f74f26eba97b62079d9924a2cfa089eee7f8de59a5d64de0
evidence/synthesis/V4/new/timing_reg2reg_1p3.rpt,38656,449eb459a9216b79859577db6cfe8f24f7f03e75bc5a6150c80b9c6e3eeee5f7
evidence/synthesis/V4/new/timing_reg2reg_1p35.rpt,47035,7521556e9906b3af32a8a8b05046fadfca7b76871ede0518078de0632bb69e78
evidence/synthesis/V4/new/timing_reg2reg_1p4.rpt,43078,33b89dc053f4323998827bc4e69a0cfd97996e8259e1f2f4f538492d655e2817
evidence/synthesis/V4/new/timing_reg2reg_1p45.rpt,39401,984386f15e6750adcf7b3c62754eb74dc260502381e5edec97ca6b32c763b974
evidence/synthesis/V4/new/timing_reg2reg_1p5.rpt,42120,ae628f9729c4745227d5d659dac153b3af237cbb572696aec7980c5fc09c2817
evidence/synthesis/V4/new/timing_reg2reg_1p55.rpt,40346,818e1781d30e96a58513ac434bf734525b0e5a01977b01ecf5389bbfb8221498
evidence/synthesis/V4/new/timing_reg2reg_1p6.rpt,42811,84c11a91f8b5f2b00a1a6d6ffd407c7aa76148e98f4ce7591a818be183bce8ec
evidence/synthesis/V4/new/timing_reg2reg_1p7.rpt,40759,46102d348ebf1569d90b22581770a46670476945ae480cd7012bf2d2d3bd5121
evidence/synthesis/V4/new/timing_reg2reg_1p8.rpt,41670,f77be9fb84e8bae151e5d3d5e622d11be2409614e4ab843a859b6be3c6eaa670
evidence/synthesis/V4/new/timing_reg2reg_1p9.rpt,42542,da924dc91f50334133acef041a88e4c7c82a59e6e9bf39523d39b9e8299990e7
evidence/synthesis/V4/new/timing_reg2reg_2p0.rpt,42212,244a514b33ba281bc6ee69f7d126b1d699266bc3b83cab6816b72196d8291bbe
evidence/synthesis/V4/new/timing_reg2reg_2p5.rpt,49942,25555948cdb483f2fc437e4386dbffb4b15682124f85d9be5c17d1f388683cf0
evidence/synthesis/V4/new/timing_reg2reg_3p0.rpt,60270,d48385acb70b87dd9c84a44702ecc93cd6ce6ece11700983486a8ccb208cefd5
evidence/synthesis/V4/new/timing_reg2reg_3p5.rpt,61328,d797c9bc8d6a2ebd0b45871d69c41c8537699a15be9881d8ec21c2a5cb24dfde
evidence/synthesis/V4/new/timing_reg2reg_4p0.rpt,63007,187126a589c6cf92d71367fdaf1ea2417d418bcb7dddc14acc60e83bcb69016c
evidence/synthesis/V4/old/qor_1p05_old_syn.rpt,3882,7bd32f36ff73552a33b404ed81a62dd339b49d8a8d46b18703884277eea884fc
evidence/synthesis/V4/old/qor_1p0_old_syn.rpt,3882,d7f24177777a95a0ef8ef4ee34f2f953599988a834aff02583f143f36049801c
evidence/synthesis/V4/old/qor_1p15_old_syn.rpt,3882,7663291a01e2aab20567b174973686ec78e9b9745cffc3bf4a0e2b641a0a4ebc
evidence/synthesis/V4/old/qor_1p1_old_syn.rpt,3882,081c87cd764df047920e3f63453aba3094213d0ee35ecd7423778a32e945c8f8
evidence/synthesis/V4/old/qor_1p25_old_syn.rpt,3882,a3a6819749d7328b9578678467e2bd49fe116819e84600da5a220fa3728cce11
evidence/synthesis/V4/old/qor_1p2_old_syn.rpt,3882,ed272c0cdb95e40ff9ebd07f14d92819be27007f31a1e55cd7fd7f566c4478b5
evidence/synthesis/V4/old/qor_1p35_old_syn.rpt,3881,ce6af71dddd71b660f64b823056175799906fab97187e6e5f536e03c8aec38ab
evidence/synthesis/V4/old/qor_1p3_old_syn.rpt,3881,a839e94aa15ca220b8ff384b96609aca5ce2b81dfa74b46dea99b21e7ce9e423
evidence/synthesis/V4/old/qor_1p45_old_syn.rpt,3881,efc8010168fb658f4fc869ad2c01cd8efdba38138f0999ceac4aea28b6a853cc
evidence/synthesis/V4/old/qor_1p4_old_syn.rpt,3881,fa2a2f4333fd931cf408f906917746fe4a5f377603e69388193f9fe699c55969
evidence/synthesis/V4/old/qor_1p55_old_syn.rpt,3881,8b7834da91c7e2dc3cf26c76259e457c973fafc593713234c73440516839e5f2
evidence/synthesis/V4/old/qor_1p5_old_syn.rpt,3881,7d2b09cd59b1aa4b186e2c7b6ec9a1de31b32cc2fa29c71ce1cfd9f0dc8982ac
evidence/synthesis/V4/old/qor_1p6_old_syn.rpt,3880,1cba2624067c79daca1072e921c4d5365086a7a2c3a8599fa5b8532320aa64e3
evidence/synthesis/V4/old/qor_1p7_old_syn.rpt,3880,4541a6c51ab601c00686c0f616ebfc2455f4e658502f9855645be7cf902e7246
evidence/synthesis/V4/old/qor_1p8_old_syn.rpt,3878,e229332ecf96a95bcfe1023f5f9e0c1c08f47119edb878e122d264f74f59730b
evidence/synthesis/V4/old/qor_1p9_old_syn.rpt,3878,c87bb58082af44803bb50fca10e040ece6728383c842846d46cfbae4b562ce89
evidence/synthesis/V4/old/qor_2p0_old_syn.rpt,3878,ebd1c92a9b14044b4cd83956bb9eb65492870dfc0163992255e65396f116e186
evidence/synthesis/V4/old/qor_2p5_old_syn.rpt,3878,b382525a3a47d4abb0cf86a984707fc6f31fb5816656d2d33919cecb03b9a985
evidence/synthesis/V4/old/qor_3p0_old_syn.rpt,3878,677f34dae5d4fe76d7271f96b7f9a0f86b4e71622d05251ab9a72a5311b5b88c
evidence/synthesis/V4/old/qor_3p5_old_syn.rpt,3878,4648aba5783d04b5b3f753e2bb8cceefea3546c8c71f894c23885d62cacca02a
evidence/synthesis/V4/old/qor_4p0_old_syn.rpt,3878,fdf8a541c67e737b79bde8e929f6f5cfc82da8946213387cd938e37e24b26a24
evidence/synthesis/V4/old/results.csv,1355,4657f6c01f85a9e491be2cbc81ee07dea7af86f00b01a96dd6524eb44eae80a7
evidence/synthesis/V4/old/timing_1p05_old_syn.rpt,128658,6cd7da81f8aa97c65ab92ea026e9302fa0eacf3f3828c29be11ef1d852eed717
evidence/synthesis/V4/old/timing_1p0_old_syn.rpt,129728,4e4cf0ef2c9bd0cf82d266845eb726f10c92d2b5ae29001ecd50679151a0b61f
evidence/synthesis/V4/old/timing_1p15_old_syn.rpt,131017,57b6c565a8093693935aaf46f6766331880ed64ba0dc5fabc5a8a718be39b168
evidence/synthesis/V4/old/timing_1p1_old_syn.rpt,133730,a28fe2a827ee2e15a5e9af9dfef69f055273d038158aa04e830c6d1a5bb7f0c1
evidence/synthesis/V4/old/timing_1p25_old_syn.rpt,137793,32ee74c46580bd219ac2d5476531f9db26dfa38b9e99dc9e88b4669752ec98b6
evidence/synthesis/V4/old/timing_1p2_old_syn.rpt,135046,d46b82f5df604bfb701e5033b33bcb80af3ed22b6eb6c8d037e873360ee591aa
evidence/synthesis/V4/old/timing_1p35_old_syn.rpt,137640,c5abce35ebd9b7f993fb27785e52ed85c21ab4fa3555e6bceadbd22dc8cae360
evidence/synthesis/V4/old/timing_1p3_old_syn.rpt,131221,d14bf7609750cf6d7b9001dd3ab4e9dcd501200892a355f2061a4aadc5e2195d
evidence/synthesis/V4/old/timing_1p45_old_syn.rpt,132784,5f84ba4cc974219d8735d4b42201ae901283ca0ec2af774f4f543f0d2d25fce5
evidence/synthesis/V4/old/timing_1p4_old_syn.rpt,136871,1d9dccbe83138370bd627d1a2c8294f6c816ab47721488ba0c47bb2c3f4acb9a
evidence/synthesis/V4/old/timing_1p55_old_syn.rpt,131851,c0e8419a7eb51d8524ccf4abd52dd37fa149e6a4aa7b540881f8eff96f0c4fdd
evidence/synthesis/V4/old/timing_1p5_old_syn.rpt,131456,f7fab9c7508775d3e8a8b526f4d0d4f20973c083450807561e0042fd139cbbc2
evidence/synthesis/V4/old/timing_1p6_old_syn.rpt,128399,18dc9976312c01e93478922c3a9738ac0693be3dcdbb92e86cc9ec91a7982f01
evidence/synthesis/V4/old/timing_1p7_old_syn.rpt,135884,3b4ac5f05c7f6726521e960530009ecb988e0536834aefa5dc37979da984ca07
evidence/synthesis/V4/old/timing_1p8_old_syn.rpt,132504,cfcbe58190070be8ff57607d4ce3e0789d6061fd29779870ced273bc734484ad
evidence/synthesis/V4/old/timing_1p9_old_syn.rpt,139443,b20e96a0c844a9f51adcc372ea3267ffde0a89aa1d34431ce3633824b585069d
evidence/synthesis/V4/old/timing_2p0_old_syn.rpt,141534,40611378afb3b6b3c411c472594d32c73501301ab7ad6baacecbbe86d1efff16
evidence/synthesis/V4/old/timing_2p5_old_syn.rpt,155042,ee109035c829aa3ec2d13710a007e78d0d4051c862d8d83cb7b7c6ddc21c55f5
evidence/synthesis/V4/old/timing_3p0_old_syn.rpt,172165,9d2c1567be25afdbe6493b825c74b0734b9d59f27ce23f4f66e4941872ce6b10
evidence/synthesis/V4/old/timing_3p5_old_syn.rpt,174602,1c2511d776f632ed40335405dc13ba8e5459e43258c2498e37279bfb490b06b9
evidence/synthesis/V4/old/timing_4p0_old_syn.rpt,175089,485aaebde323ce36816a32dd7be306b4a8db8f59813d26b12d3c436077069915
evidence/synthesis/V4/old/timing_reg2reg_1p05_old_syn.rpt,37849,e3fa65efa389b68071c9de3589dacfd67d9d7bbf189933b3b2e276343f46f25d
evidence/synthesis/V4/old/timing_reg2reg_1p0_old_syn.rpt,38286,6d49d5cd98ea0e3d6257c109b2a7c17be09c2c5f7d5e7e023ea6d00eaf23418b
evidence/synthesis/V4/old/timing_reg2reg_1p15_old_syn.rpt,39420,56bf8c18fd8d9f08028cd4963383af6aab3e933fedbbc65ae1ea8a3f28b7c3da
evidence/synthesis/V4/old/timing_reg2reg_1p1_old_syn.rpt,39632,b76b7aa960c3cd2fd49026c68970afa996230917b4e8e3807c881c46de9e3f10
evidence/synthesis/V4/old/timing_reg2reg_1p25_old_syn.rpt,45176,6866da5ae6d9bd33e0d41237b9f8fbbabfd9cd364b57566ce58d4b275616ddf9
evidence/synthesis/V4/old/timing_reg2reg_1p2_old_syn.rpt,41750,cd06c379fcca1a662fed461da6269f851dca0b9d8bd58ce58a2ecf9cead33aa0
evidence/synthesis/V4/old/timing_reg2reg_1p35_old_syn.rpt,45314,d2c0cf21dc249756aa730d1c12f06ba1eb35a88d22dd5757d620ca5beb31a625
evidence/synthesis/V4/old/timing_reg2reg_1p3_old_syn.rpt,39810,d26b6765ffdbf81289b015948c0acb107166f5de8b5b017c0f2e2279b4f602fc
evidence/synthesis/V4/old/timing_reg2reg_1p45_old_syn.rpt,40861,a89afa6a4405df03992366d0781c1443329084783755c4a9858899747e9aebf0
evidence/synthesis/V4/old/timing_reg2reg_1p4_old_syn.rpt,43900,bb0d272f64faba84d0dbbf1b848bae02131b13dad2649d77061f4f8d3a4d36a1
evidence/synthesis/V4/old/timing_reg2reg_1p55_old_syn.rpt,43227,286944c63212c81ee67e5caa4b596d317c50fa1f4be9128c8e1782056e0dfb62
evidence/synthesis/V4/old/timing_reg2reg_1p5_old_syn.rpt,41147,e994eabb98a0748d8c3fe71df1791d94fd6af69b8e3e71caa230f9f0f5b8a6d8
evidence/synthesis/V4/old/timing_reg2reg_1p6_old_syn.rpt,40220,983f2ad261e546ec9947c000c4a777be1042a4055741de4904b365850b82c02f
evidence/synthesis/V4/old/timing_reg2reg_1p7_old_syn.rpt,40393,70f0c207e82922ad2a6faf31f49f1292d333d5dfcf05e3031b34b590742bc3e4
evidence/synthesis/V4/old/timing_reg2reg_1p8_old_syn.rpt,38991,50a6d2792634a667371881ca5f4b3297f3dc3a5d6e79373376998522fd25fe02
evidence/synthesis/V4/old/timing_reg2reg_1p9_old_syn.rpt,44825,9b50e867d6fe21ccd3229e7990260ceb9bafc980a2758b19afe0fc83702b4a20
evidence/synthesis/V4/old/timing_reg2reg_2p0_old_syn.rpt,45296,524fc658063ad16cc9f051fe136866727596f8ea60f57bbc05d9c7dd4263e10d
evidence/synthesis/V4/old/timing_reg2reg_2p5_old_syn.rpt,49768,d775e26974534001299c0457168a82f467d3cc17dddd7ad08e616d48b7c2dc5b
evidence/synthesis/V4/old/timing_reg2reg_3p0_old_syn.rpt,62733,b2f04023897376fa4fe1c4b38ca1c9e9b0225c0a1feb2f4e984e924e0272d5df
evidence/synthesis/V4/old/timing_reg2reg_3p5_old_syn.rpt,64544,456100ba939a22244a8a9f207effc1f17aa460bf59d617a65b31c3fd1cab48e2
evidence/synthesis/V4/old/timing_reg2reg_4p0_old_syn.rpt,65503,9ab04789e2051f754aa2c24471810715da3d0b01587bed34fa69e344b664635a
evidence/synthesis/V5/config/.synopsys_dc.setup,1564,c304637c3035171b7086ef9383ef7012ece56c15e96f4d3049860897dc6879c9
evidence/synthesis/V5/config/dlx.sdc,7066,31a2adfd1fc6f8d11cabac28ec97eda71c4504fe5f0b13f17c0479164bad3e06
evidence/synthesis/V5/config/dlx_old.sdc,7066,e8e985e0f8f7f19d1d4d4fb23bdba3b8765f38e474dafac33ad8337144c2afb3
evidence/synthesis/V5/config/synthesis.tcl,14799,873f89f936c19fe32231dc36d65174226e441ed8b9ac8fb54c40fb0aee8645b5
evidence/synthesis/V5/config/synthesis_old_script.tcl,15002,eff9d575db71309df7e104cd4782a081b47735c2bf87fce8acf30bf9567cdc3c
evidence/synthesis/V5/new/qor_1p0.rpt,3882,1bc950374f184a5cb612eac57439b246a3aed06f63161cd8522bec616a7cc2f8
evidence/synthesis/V5/new/qor_1p05.rpt,3882,e4db832c6e9dfc9c9f53406c4df364ca040881b57f5fa7b1fb04fea560ca4ef6
evidence/synthesis/V5/new/qor_1p1.rpt,3882,0809ee9202683a0cf81376ac743cca03ef47d699e222591a05c924268ad350c9
evidence/synthesis/V5/new/qor_1p15.rpt,3881,bb7e90dc6d882419cf19eb82d00ee081e789f6f45b05db905c9927cb9d65d975
evidence/synthesis/V5/new/qor_1p2.rpt,3882,e50e3d73361c6fb35ad463b4a72b580176a4eb6a80a64a88c4243a47ff01dd25
evidence/synthesis/V5/new/qor_1p25.rpt,3881,954bc7756e70191d2ca1e351802fd00f18c80de5d2ef6bfead1bfa5cf4dfe248
evidence/synthesis/V5/new/qor_1p3.rpt,3881,8721ead93b5a70d2de6ab8de3908d01d0a3ff8a257e6a334667ee21c5d30be15
evidence/synthesis/V5/new/qor_1p35.rpt,3881,80ab8124b4552cd9ed2b8ee948237a0f1e3ec03e072ae176fdeff559de782eac
evidence/synthesis/V5/new/qor_1p4.rpt,3881,3d0b20dcd7f36311f091767373182bb3b05b6f08bf001641b533c87855b8c95c
evidence/synthesis/V5/new/qor_1p45.rpt,3881,1120411e944f1cf0dab4d79ccd65b54a03c7989f3829cdb9ef54f41c1e3c5d34
evidence/synthesis/V5/new/qor_1p5.rpt,3881,f006b36bb71be0dfa8f3c14744c35b2a9bf65fd0cf4fdbe72c4013dea637a261
evidence/synthesis/V5/new/qor_1p55.rpt,3880,2ce3ced24ce616deb6ea69d56b7645953ef3177b015d1c6ef7cc4db770e38ba5
evidence/synthesis/V5/new/qor_1p6.rpt,3880,3422248e2184b67535d73f6638737d842cb926e9b4fd972a696c46d8f912bdfb
evidence/synthesis/V5/new/qor_1p7.rpt,3878,100c10164e0ca7e1f8d4424654712f82ff97731b8a75a22137b55ffb7111b352
evidence/synthesis/V5/new/qor_1p8.rpt,3878,d39b54b42b4ef721ddc46d3fc3d9b58f7da34dbf1abf29e9cf721e58acf5f777
evidence/synthesis/V5/new/qor_1p9.rpt,3878,461096b829f92e9ba5f11ed35a82d45f266b7519056c91e45a6a5562e3354cf1
evidence/synthesis/V5/new/qor_2p0.rpt,3878,1acaf2f066e0709732c317ed77ca94dfe707fd5ef2013eca2e4f82ae156fa203
evidence/synthesis/V5/new/qor_2p5.rpt,3878,1c11e82407c84186d5e82d35c6b7407c59873cbd0ecf41a01036cf1aafa22358
evidence/synthesis/V5/new/qor_3p0.rpt,3878,a6506279ad11928fec45770f10fd097a108deea34a378ca084487867bb55686a
evidence/synthesis/V5/new/qor_3p5.rpt,3878,b335147b83636d5b8c89d6245e123984837755de0d0fd63d8a77119018f65c74
evidence/synthesis/V5/new/qor_4p0.rpt,3878,d7f9a6b93aa0553e87007c535734e6066efc9c0ec348884fb463b23b3bd4c831
evidence/synthesis/V5/new/results.csv,1354,224855c8baf0b207e2ec7ad058bfa5e1e57dc09a976640a26a082b92a494bfcb
evidence/synthesis/V5/new/timing_1p0.rpt,125584,1cccbbb46cc728ef222a90bf07e0448ea21c0e9bfe8fcd7dafc030e02b52ab51
evidence/synthesis/V5/new/timing_1p05.rpt,129582,e107c831fb0e4f269edab05f0a1ef9cd3e71eaa34a17c18e95e12cd9f204f06e
evidence/synthesis/V5/new/timing_1p1.rpt,126345,a87f207463bb481d163a46e32e71732e2fae6f7ca083ff1e1baac4d9e4dfc8f9
evidence/synthesis/V5/new/timing_1p15.rpt,124822,0056a1693d53160384b4208ba512711b7dce1f7aa30f4344a796d10674cff0e7
evidence/synthesis/V5/new/timing_1p2.rpt,131033,459ece0fac04a5cc21d546c143a49c4372330300db53c361e4a982911a532bec
evidence/synthesis/V5/new/timing_1p25.rpt,132887,3369910ae18210772af2b48285bc9ba7ede015cd1a6c0952aeafd7c662553e01
evidence/synthesis/V5/new/timing_1p3.rpt,127377,4a06c25429299d5032fee308b06dc39077ab0df89edc17eff017d6956b9f5cc5
evidence/synthesis/V5/new/timing_1p35.rpt,126728,cbd76df1e1be9eb265004e4dec39a622263ed1a77f48a74e09e8bc4aff38d8ce
evidence/synthesis/V5/new/timing_1p4.rpt,127543,d9264de3afc74e413318b42636be0b982b14b148135fc44de8fa1e3b867d58a7
evidence/synthesis/V5/new/timing_1p45.rpt,131773,96b241f6eb473f264bdcb066257f4b6980abce699a6602ee94072a3eb82d3f71
evidence/synthesis/V5/new/timing_1p5.rpt,130097,ff60a48435bc764353ffac692148a70013ac3c8ce65e832e050b323b2fc03c08
evidence/synthesis/V5/new/timing_1p55.rpt,127673,d2eeb120a16b274b7e1cdab9bade87d06db03b5e013ae58cc314cf706c932a45
evidence/synthesis/V5/new/timing_1p6.rpt,129883,45f1ede30d21a349040a5bfc0d42b11c1490a9db59fba4bd48aacc0d48574d28
evidence/synthesis/V5/new/timing_1p7.rpt,131248,b2e6867fbc2431a8634fca624353772eef9a90200754e75f924bcb7fd42757fd
evidence/synthesis/V5/new/timing_1p8.rpt,131793,5631e244e36aba0f8c44a1a764332b0325b510c8254fa4267e942c487d5f315f
evidence/synthesis/V5/new/timing_1p9.rpt,133236,725b192daa2b324fbd32a608726d2dda05e886e21ec3b4ccda08ea108f4d43ea
evidence/synthesis/V5/new/timing_2p0.rpt,137998,6e6a68af004f36f3d1eb942da10180e71d43b9437899e4cd62723929536e1a24
evidence/synthesis/V5/new/timing_2p5.rpt,148680,f847a35bca7fff35227ab7bd6b75d02efbb3cdcca9452b92b3ba77b9c8630af7
evidence/synthesis/V5/new/timing_3p0.rpt,165412,6cf329e22e9d243f6a14ba73246c2c610e48a205cd8a1819e74e0dcbd5206cd9
evidence/synthesis/V5/new/timing_3p5.rpt,163563,c5405f433cf2f38850b87f4ce9aca11020ff7d0f040a97ffae6c27007c37c75a
evidence/synthesis/V5/new/timing_4p0.rpt,167024,d007aa700525ec6038d9af2f7c1ee8053618d94d48cdb7f940abceefb452f776
evidence/synthesis/V5/new/timing_reg2reg_1p0.rpt,37760,a2704ae54302293a9d42a556cdc6cac57b96448fad911f6059467ba1c4a380eb
evidence/synthesis/V5/new/timing_reg2reg_1p05.rpt,37956,cdf816f9241cb45f2a57d326e85ac19bcfadf6aec5473d14f26b0127fe73dc5a
evidence/synthesis/V5/new/timing_reg2reg_1p1.rpt,36836,072aafc6bdcb986bd07744ce340670b5f349dae8c4b3a50f3d0f165564e7cd30
evidence/synthesis/V5/new/timing_reg2reg_1p15.rpt,38539,036c2c0c505cc2d8f61e2fd3ced321e1fa592a459d80231dd039bd7e79d4630e
evidence/synthesis/V5/new/timing_reg2reg_1p2.rpt,41290,60ac6013b3d6c12f620d217f4ea487f4a9122b070cd4f25cc0681451a2ebdc3c
evidence/synthesis/V5/new/timing_reg2reg_1p25.rpt,42216,5b0eeb720bb7930bcbc523777596bab26cbcd7e166ca03bc450fd005a1379917
evidence/synthesis/V5/new/timing_reg2reg_1p3.rpt,39290,88450e7d31f4411d38658047227711844727a5ca576515c949a9425e75f4fe67
evidence/synthesis/V5/new/timing_reg2reg_1p35.rpt,38848,9407c0c487c4650b7322145728b58c8db09cbc551c76739b48c49d975334a9d2
evidence/synthesis/V5/new/timing_reg2reg_1p4.rpt,39493,7a6415f85f60132191cdea8964e4c425d6d58009b8935753876ad49c0e0e49c0
evidence/synthesis/V5/new/timing_reg2reg_1p45.rpt,39676,e0584a8359ecc5c79a0a1b973ab070c6e338336b64cafa0715019cf141d353a0
evidence/synthesis/V5/new/timing_reg2reg_1p5.rpt,40254,716b8d24f93122e5f88b630bae8516987207a7e72e38c6b34441f5682fe9127d
evidence/synthesis/V5/new/timing_reg2reg_1p55.rpt,38692,5f2fd7fb898036ee52d89ec09088aea08c35b8f4725bdf1e9aa0f1e5f11b4ee7
evidence/synthesis/V5/new/timing_reg2reg_1p6.rpt,40310,7462476f0b0634cd5f97de90c36c18a8517e4a7b65e56742761a342846359cc2
evidence/synthesis/V5/new/timing_reg2reg_1p7.rpt,39812,8adfe47664b47e884b17037a360f9181f3848ab65a841f117cd70ffb2a6277be
evidence/synthesis/V5/new/timing_reg2reg_1p8.rpt,42562,f05764870d85927793d3b3704c1786d9b7913c04d39253f5937bb3b24d485955
evidence/synthesis/V5/new/timing_reg2reg_1p9.rpt,40681,f726f75e0f053885525641280a773fe50a86a306e8bf1fd77b295105c162f0ff
evidence/synthesis/V5/new/timing_reg2reg_2p0.rpt,45295,166fc32bb6e03200df11261865fee62ae9f3aa0030bf663b71f4121639fe3f38
evidence/synthesis/V5/new/timing_reg2reg_2p5.rpt,47198,8a6b5e85a425e35cab1247dc11bf8bb13351e70e052e9cae0a51cb51572fd60a
evidence/synthesis/V5/new/timing_reg2reg_3p0.rpt,63002,8e6d135f252322ad4abcea9b9ae1d46da69233bbde2b7104c46d419b6bc03a5e
evidence/synthesis/V5/new/timing_reg2reg_3p5.rpt,60695,36c40be943ad698d1e311ecf8b08d45be2a079f66e583860a533b5397cdc981a
evidence/synthesis/V5/new/timing_reg2reg_4p0.rpt,63848,355af1a8fbd43517782c24346d9feac6fdfa58b1c3ca6ea67c6d43289b9723f8
evidence/synthesis/V5/old/qor_1p05_old_syn.rpt,3882,88337131a4cb4bb82d73ea66472229cb13b0f2fadae3f56c7b75c7e31fb94a1a
evidence/synthesis/V5/old/qor_1p0_old_syn.rpt,3882,7e5e30bc71203acebc55a1adb4d2fdf9cfe2eb61cd4654aa4c2b205ed943c5d8
evidence/synthesis/V5/old/qor_1p15_old_syn.rpt,3882,00d33bfc79630663cd8222b2913d1084b4d2abd64632af432dc562dc26db519c
evidence/synthesis/V5/old/qor_1p1_old_syn.rpt,3882,77ec4eedf5ba68e0b333b3a1924ece0081b2aad4c36e8ce21fe3573e2b0da1a3
evidence/synthesis/V5/old/qor_1p25_old_syn.rpt,3881,a8cdcffc808203886b1df4bd1bd74274e4589d9fd3e3ea4ec2fc21ba66fdf3e2
evidence/synthesis/V5/old/qor_1p2_old_syn.rpt,3881,b7501b45d1d509d8a97ff2752f061bab5c16cb52162d69b36675f9e2a81a2abc
evidence/synthesis/V5/old/qor_1p35_old_syn.rpt,3881,2dfe27673150798aa398e51b9a52afb9bda60270603bcc65dcbb1c5fa1bf5ce3
evidence/synthesis/V5/old/qor_1p3_old_syn.rpt,3881,6db91e68490bc75697acc5e104a996786ed0ee0805b906b6f56a4bd8e49a648d
evidence/synthesis/V5/old/qor_1p45_old_syn.rpt,3881,0eb6fc3bf02d706fa37d5d451e892c0518d68a289f200c8bc449f05431c5ed9d
evidence/synthesis/V5/old/qor_1p4_old_syn.rpt,3881,6db01253dfbc84b0f286f14da5986a33fbeaae346964bdb5e1fbd6b49836f1f6
evidence/synthesis/V5/old/qor_1p55_old_syn.rpt,3880,f6762a6d4e31519a02b4717d7960a64c480e068dae3fc91b5e59089dc0814f1d
evidence/synthesis/V5/old/qor_1p5_old_syn.rpt,3880,415b71d099f5d2ff19501cd469559251ee3e20dfcb01d28065c36b379c4869ff
evidence/synthesis/V5/old/qor_1p6_old_syn.rpt,3879,19a5ad3b412e60ca6a7f310fb347d0b05b8853c355e5afad14cb0752f974d60a
evidence/synthesis/V5/old/qor_1p7_old_syn.rpt,3878,e8523b696e0ce16f5300fc8bfab1dfe9c1e378bb4ad58f176c12efaaf0425064
evidence/synthesis/V5/old/qor_1p8_old_syn.rpt,3878,27615cbd76d4327cb4975c7324f6bd84a5896a581256289522ce6a97ee24599b
evidence/synthesis/V5/old/qor_1p9_old_syn.rpt,3878,e13b3bcde37f3ab6ba7d9aa84b28352ad621b6bd930fb1f5d561fba47afa10dc
evidence/synthesis/V5/old/qor_2p0_old_syn.rpt,3878,71e81af0d922747120a6541882095be5bdcc069c7bed3f2461eb5be74d65b862
evidence/synthesis/V5/old/qor_2p5_old_syn.rpt,3878,4f0359a10f552c95ba73ee1877a02269d65eda3a375a10d6caa0c07037410285
evidence/synthesis/V5/old/qor_3p0_old_syn.rpt,3878,b9ee5ba5751445d536d8037092268b2cffde5747a676869217bf715fb29fa5fc
evidence/synthesis/V5/old/qor_3p5_old_syn.rpt,3878,0dada441345ed378b490d5c09b1d26e72a2540e10e552c77984c2ae6eef8683b
evidence/synthesis/V5/old/qor_4p0_old_syn.rpt,3878,05b536747ca526cb2ec84f2a1adb5203000938f79fcbd05816a2c9e6712d34f0
evidence/synthesis/V5/old/results.csv,1354,b0606a589328fb3592f2893d2ee9fcc03f6055fd65154253d3918a87522ea88d
evidence/synthesis/V5/old/timing_1p05_old_syn.rpt,128686,4aea89b3675eedcc17ffc2ef34ba3c99ab8b3c896e54a4c7d5925f41d7d0fa8b
evidence/synthesis/V5/old/timing_1p0_old_syn.rpt,126205,5554fd692c9f471e8019461b1bced4cc8ee8ee5b5afdbe2297f0f5c0dbbe0e38
evidence/synthesis/V5/old/timing_1p15_old_syn.rpt,127818,8a0a303f9c1b7bd65bec544cd7e7a4459fe478497cd67465ee48c326458e65c1
evidence/synthesis/V5/old/timing_1p1_old_syn.rpt,129428,6824d548c6f9096dbef618c9bbf9f564c66db5051ae3ddb57fc2ce49ffc3e4de
evidence/synthesis/V5/old/timing_1p25_old_syn.rpt,129410,2841025bcc54d83d59a259b66d7a2565fa827a7d7323837c5246cf40166fc23c
evidence/synthesis/V5/old/timing_1p2_old_syn.rpt,130725,fb1359427bdafe4ec9088672316629096c34025984e2093bfee2bf8a8a76fe94
evidence/synthesis/V5/old/timing_1p35_old_syn.rpt,131970,9277ff2fef5e161bdef2687eeb030033b6e732f830129cb2302d22aa10df8345
evidence/synthesis/V5/old/timing_1p3_old_syn.rpt,128448,0cb7b8a86e7c414c24f49c5f20b6be446e7ebe4e786da8008f8cd302b894cb25
evidence/synthesis/V5/old/timing_1p45_old_syn.rpt,128733,f7f189d82e202c66d0f6077610c6afb9c1b701e81a7e2f356968c3179bbd46c9
evidence/synthesis/V5/old/timing_1p4_old_syn.rpt,133878,01acb449090d1fc8919a18a7572c03e261c6b6bef421029ffbcf417aab58d480
evidence/synthesis/V5/old/timing_1p55_old_syn.rpt,132268,7d4768818a54dafb068f9c08c8fbda0a512b362adaea6586b4655b39c33375d2
evidence/synthesis/V5/old/timing_1p5_old_syn.rpt,131961,bddce50096554310e0191758abd516a00a077ada20393224b015442d57bdf616
evidence/synthesis/V5/old/timing_1p6_old_syn.rpt,131175,3703801ccb5b7acf2f3f2370a68a351f5603fe5cf2cc143350638f0b0b567ee9
evidence/synthesis/V5/old/timing_1p7_old_syn.rpt,131019,fda1daa093932be3243d4728b82aa63cc34ab0e8af80b995e541377244e3d9a9
evidence/synthesis/V5/old/timing_1p8_old_syn.rpt,132854,2ecab6ffad2246d45a6744deb84d7b5edf5710cae45416e2b2c2384a85b8a799
evidence/synthesis/V5/old/timing_1p9_old_syn.rpt,129060,1e7fcaf744f537aa609344ad33493544a9bba725eeb97ef15856bf1d3af42cfa
evidence/synthesis/V5/old/timing_2p0_old_syn.rpt,134068,6484e41dc65e827b3ab8158db58eaeca32daa793767a9532b3e653f4831a272f
evidence/synthesis/V5/old/timing_2p5_old_syn.rpt,153743,02059d69cfcaf49df43c20a9b5e6e2cb95e274dc0066e9e175a1ee1db2ef5f00
evidence/synthesis/V5/old/timing_3p0_old_syn.rpt,158599,7453c45b11a1ab5e87db4f31042d46be3cee16cac464e65c8bdbe28ab750c181
evidence/synthesis/V5/old/timing_3p5_old_syn.rpt,162890,6599e94e81dee1f6744388976b6a0b23da9544f9d0a93d8bb9ff3985b3522934
evidence/synthesis/V5/old/timing_4p0_old_syn.rpt,166796,ac3ad7985c8b3555284c0ce8ebe015562e72f8470aaf0e7fca9c0b8d5c308918
evidence/synthesis/V5/old/timing_reg2reg_1p05_old_syn.rpt,40168,ae73c8b247919abc4647ddc5760534eb3496acadf3544f7c8ef6f2f84cb58a66
evidence/synthesis/V5/old/timing_reg2reg_1p0_old_syn.rpt,38058,9481dd4b10f5d7f7dd96e4a2056cf0968eb143049ea088f747e15f54d8c2ef40
evidence/synthesis/V5/old/timing_reg2reg_1p15_old_syn.rpt,38856,4684ce26597471efbcec1e013203e364614984f7f820ae09bbabfcdc27773e07
evidence/synthesis/V5/old/timing_reg2reg_1p1_old_syn.rpt,39688,d716d5f6b8e46f8e8bb3eab5065ca941823711b954dff4bae5aa078c3b486cf8
evidence/synthesis/V5/old/timing_reg2reg_1p25_old_syn.rpt,38490,d74a2fa1fc80d6c6d45593b0155dc85ff6b00bc04d4a170874009d761427a6d3
evidence/synthesis/V5/old/timing_reg2reg_1p2_old_syn.rpt,41153,b7d6ecd159f93f6d0d842cd7cdbd67f85b147c6441c1a9b8eb631a6ac2bf06e8
evidence/synthesis/V5/old/timing_reg2reg_1p35_old_syn.rpt,40933,63e1fc7b1c2db89701334f6ab7299858d88b12c0c448c94a4dbc7c0cfbb5061a
evidence/synthesis/V5/old/timing_reg2reg_1p3_old_syn.rpt,38644,6aa5b67d20e9bfc0d1592bfc8179d69a44712bb99c12dbb9ff49e91ed5160957
evidence/synthesis/V5/old/timing_reg2reg_1p45_old_syn.rpt,40670,76a5b69de6a8020109c1084d8ee97c0050ca17660f56873478bed2ff39e168b5
evidence/synthesis/V5/old/timing_reg2reg_1p4_old_syn.rpt,39993,32ee37033d75311aede5539dcea1f114488d5c8921c2cc4b1899ad7c83bd3926
evidence/synthesis/V5/old/timing_reg2reg_1p55_old_syn.rpt,41304,ed2c58559f9b8a956384f069c2f8cf82f8741ca3531dc21b194dc8b6f0b395fe
evidence/synthesis/V5/old/timing_reg2reg_1p5_old_syn.rpt,41233,1758ac2b183d163b06cfe6328226f172e6eaf0d634587a56fb785339cba2487c
evidence/synthesis/V5/old/timing_reg2reg_1p6_old_syn.rpt,39568,0bfe858c93bdc8afa15536497a0deedcfae0d8406b866749a6d4d95046f6e0ec
evidence/synthesis/V5/old/timing_reg2reg_1p7_old_syn.rpt,40077,bf62125053ac10d6355110022fa24c2dbd5a52e9fafeb51f0694124c0005cb8f
evidence/synthesis/V5/old/timing_reg2reg_1p8_old_syn.rpt,42139,0ec2cee8efa3a8bbe3c649225d49ed07cdad1fcae71324139b4017bf7e6e4925
evidence/synthesis/V5/old/timing_reg2reg_1p9_old_syn.rpt,40242,ea29998827059a9a9e0ad20268940642f2f1d6386d730ffc94cb13fb3f84be3f
evidence/synthesis/V5/old/timing_reg2reg_2p0_old_syn.rpt,42217,7adc6e1031c04d0153830f6a414a682f2133d74e6ebd6bfa843e66a3454203e4
evidence/synthesis/V5/old/timing_reg2reg_2p5_old_syn.rpt,51799,5d426e5e8f23531c8e1ed06e26ff462156bf1f180b06cd3573a2aee9a053d53e
evidence/synthesis/V5/old/timing_reg2reg_3p0_old_syn.rpt,57498,5d5594511da040fd72c56a1b1f1d7a809db75210df70bd9ba6dcf0715c38ca92
evidence/synthesis/V5/old/timing_reg2reg_3p5_old_syn.rpt,61177,5cb3f585f8d0bb05301485e932e51c12b694fff370214b98ecc663e36ce18607
evidence/synthesis/V5/old/timing_reg2reg_4p0_old_syn.rpt,65314,f8dd640942549542be0208e81a2ff61312cdf8faae15c9f6c15ab3ac698282a2
evidence/synthesis/V6/config/.synopsys_dc.setup,1564,c304637c3035171b7086ef9383ef7012ece56c15e96f4d3049860897dc6879c9
evidence/synthesis/V6/config/dlx.sdc,7066,31a2adfd1fc6f8d11cabac28ec97eda71c4504fe5f0b13f17c0479164bad3e06
evidence/synthesis/V6/config/dlx_old.sdc,7066,e8e985e0f8f7f19d1d4d4fb23bdba3b8765f38e474dafac33ad8337144c2afb3
evidence/synthesis/V6/config/synthesis.tcl,14827,53b4800e9cedb9c8e825b8e4e720f0a3dadee7941b68f5493361d9dd4f05f542
evidence/synthesis/V6/config/synthesis_old_script.tcl,15002,eff9d575db71309df7e104cd4782a081b47735c2bf87fce8acf30bf9567cdc3c
evidence/synthesis/V6/new/qor_1p0.rpt,3882,0fbc174ce374d6a39a66fe8a2ac8ee797f60de0da760f8f84fce8273d5e84d05
evidence/synthesis/V6/new/qor_1p05.rpt,3882,dba01959e79301a0df3992869aedd1cf8128f6bb56ef40e9e769642d186bd94e
evidence/synthesis/V6/new/qor_1p1.rpt,3882,92150569f3632d88dbd08b418393867a64778a7593f54fdda5dafb79c13d7095
evidence/synthesis/V6/new/qor_1p15.rpt,3881,c895b30cc4aad184901ff05f37f496f3bbb3b6de884e15f1e01a23d5a2b33a17
evidence/synthesis/V6/new/qor_1p2.rpt,3881,cac1ff0f2023e8ab105ab498eff1641066b9d08ff0edabce03c0bc64422bc501
evidence/synthesis/V6/new/qor_1p25.rpt,3881,d5b73faa4918e76642d23750c610249a55d3db6970cfa677a0f86fd2432a4cf0
evidence/synthesis/V6/new/qor_1p3.rpt,3881,bff43eacfe6b90fa56b3d5f3c5d7f4aba9c83eb2e70b11a4a7765174105a38b9
evidence/synthesis/V6/new/qor_1p35.rpt,3881,9614cb1ceb97673bbf02d0dbcc32ddb410729a87e1a53cfa042c9770e391da14
evidence/synthesis/V6/new/qor_1p4.rpt,3881,7744a98aaad0b8613fdab8fe2003d1c2a0da96631ba671e834b23b82779a54f6
evidence/synthesis/V6/new/qor_1p45.rpt,3881,e00358ccc88e3f916f86997873f283354244d11a36b16b935eaef99fa1db36ef
evidence/synthesis/V6/new/qor_1p5.rpt,3880,4c32c5021b1748edf0ceb335e0a0bac9fc11994582f0a047aefd86d7468b841a
evidence/synthesis/V6/new/qor_1p55.rpt,3880,b1a465e7b8bea62f6e144d55ddd5df28d49bbf7eaca0e57ad434585c686ab4dc
evidence/synthesis/V6/new/qor_1p6.rpt,3878,c8c8b42815729e395584c8abb0d7860882af9b75f9e1c92bf16fceb715515185
evidence/synthesis/V6/new/qor_1p7.rpt,3878,b2607d8ed5554b1db85096118336ab11c34c15923fa63e528b5acc7dc87dcb78
evidence/synthesis/V6/new/qor_1p8.rpt,3878,f80939c54df158fecf84efce78ee40fa2d888559394fb9a54607c74053b9d96b
evidence/synthesis/V6/new/qor_1p9.rpt,3878,8088bce342b98141f9e5db21006f2c46905ef76262f551280fe7765d62f0a994
evidence/synthesis/V6/new/qor_2p0.rpt,3878,4a6f95f3a3049b6bf45ca404f9f6dd57ec4237b21ad9dc6e76fba10d799d3efd
evidence/synthesis/V6/new/qor_2p5.rpt,3878,bfb9f78b0437fa82d84e1eee1cd1674457b37300d50fcef21640cd3f4e1bc75c
evidence/synthesis/V6/new/qor_3p0.rpt,3878,dd3ae2142999d6681c57b023a98be0edb07209703ec4dd3f215352491914ff1e
evidence/synthesis/V6/new/qor_3p5.rpt,3878,11ebe2d8df8bbd6ffb5fe2e04f045d3d8a856fe4afb87548c618d29a81644609
evidence/synthesis/V6/new/qor_4p0.rpt,3878,ced7976a3a1ba8d6d26a25f105cc72a8b0dbb934c490ff56f63d5b7c3e014da1
evidence/synthesis/V6/new/results.csv,1353,1d7ad713bbc91532715d5510b73a1017c9784b9b0260f714c2622292bd3b2497
evidence/synthesis/V6/new/timing_1p0.rpt,124523,bd5f006d2df3b74188d6aa9f1b325d94ee0b30be7f03b92873dd5da33227049d
evidence/synthesis/V6/new/timing_1p05.rpt,127029,7b1c4efc2750ffeca9f001920acdf5b9652196421311df492f6811679d5c6534
evidence/synthesis/V6/new/timing_1p1.rpt,127031,acf464cd195557f164bc4afa9048b1486838fc0cedc6a48728ece7f4d97616d2
evidence/synthesis/V6/new/timing_1p15.rpt,125913,0c4ae8615f1ac807122f23240334c0b7f64d5a4476ac801f21dcb5d62a393167
evidence/synthesis/V6/new/timing_1p2.rpt,125770,7a8caa95d1371c8f64880f09ff95ada671146dd6aa0015ebf96af5a83a3d55d5
evidence/synthesis/V6/new/timing_1p25.rpt,126858,0ae099a7442ba0dd76658f0b9506d4954073e00f7565669aba8246e485353d94
evidence/synthesis/V6/new/timing_1p3.rpt,130577,8977894c8c5acecca0679801644d7dcaba63dfc3591f665bda30d4413ed7a890
evidence/synthesis/V6/new/timing_1p35.rpt,130842,9c244d4b57e5a50b15ef6fa1cc90e7954d9bf9fbddd15e33fa6402614ac68407
evidence/synthesis/V6/new/timing_1p4.rpt,129990,aa489a3a9569e4c2e00ed5dbe23363d5326ee1fc052ea154887243a7abaa6504
evidence/synthesis/V6/new/timing_1p45.rpt,129985,802b6a06c199c67a36a2692a896a6cf5e130b7289ba3701415e5968759830018
evidence/synthesis/V6/new/timing_1p5.rpt,129449,919f73f4215373e261900941c7df4666aa925b069e46b1f2094d3755e2849429
evidence/synthesis/V6/new/timing_1p55.rpt,131454,eefa25af84b2eaac3b5215c4b621471f5b6eb92b3efff9034d1dc27c1b901a35
evidence/synthesis/V6/new/timing_1p6.rpt,133230,08aa38e9adaa937e57bf7d33d04959c9a9b6608cacd3bb814061bfde7af55107
evidence/synthesis/V6/new/timing_1p7.rpt,130901,33b0db23f8b0c3b08517f0f77e5ffb46df24e3ad0fe4f7a3d8f8ccb4088c0d44
evidence/synthesis/V6/new/timing_1p8.rpt,129457,55bbb953e8d13a67572b905039cfe5c0e80757cd2bc258b537ff147315714ac3
evidence/synthesis/V6/new/timing_1p9.rpt,132725,44654fa97e47c3bf9b66593c3d88bf7a6f39a265e4689da5b38d1f15bf7edd06
evidence/synthesis/V6/new/timing_2p0.rpt,135302,86adf7a06a254b41be46ae9c8e9536316b3f2d23dc3efd2771c91852ba60619e
evidence/synthesis/V6/new/timing_2p5.rpt,154394,7e4279711e05429ade1b17b2369386beefa2ee7e9a600567c050105f462cedad
evidence/synthesis/V6/new/timing_3p0.rpt,162331,e4ed043088bc52eccbe019382daa8a4567cb63af84176bdbe39f3f66598df9af
evidence/synthesis/V6/new/timing_3p5.rpt,161283,0b26ca86a1dc6ec463e8e2d3f34c9bc3196b1fa3d2a1e5fd9ba450399eb017a0
evidence/synthesis/V6/new/timing_4p0.rpt,167607,584d4ce8c9984741d9c20120cde8564f48399a9dd54ce9713008cfce42d39346
evidence/synthesis/V6/new/timing_reg2reg_1p0.rpt,37740,228ac9fce388d718c0fe04a46fcc8c7ca5e346359c58180970b578c62e02b3b9
evidence/synthesis/V6/new/timing_reg2reg_1p05.rpt,36419,2382bbc265e97f03ee726e4fb2e93d8fa5b1b235e233365c0c3c57d76ffe544a
evidence/synthesis/V6/new/timing_reg2reg_1p1.rpt,37512,9d38fa00f6a9bf8b53066882c6830baf352733062290b0d3cea67b1af989ab99
evidence/synthesis/V6/new/timing_reg2reg_1p15.rpt,37612,4a464034011d710c2ec48f9844c7b6094c2f1c3cc2e6ecdf84bfd26ad8e9a88a
evidence/synthesis/V6/new/timing_reg2reg_1p2.rpt,38105,28f311cbcfd9c6a17057d67ad6a874aea0804a14e339e1ce84869efa26a8e8a4
evidence/synthesis/V6/new/timing_reg2reg_1p25.rpt,38021,725d01ebefb8c3a3e8f06459e971602e0177e2daeca307c0bd667202a7e648a1
evidence/synthesis/V6/new/timing_reg2reg_1p3.rpt,41570,ab8fbd78468c1838ced328393354b4c38cadab656c451c7f4097aea366193c5f
evidence/synthesis/V6/new/timing_reg2reg_1p35.rpt,40925,aea526a901de19a6a14b480bafe48331b5310de79af78ff7ce999419c9c27667
evidence/synthesis/V6/new/timing_reg2reg_1p4.rpt,40858,ef41a9453c9ff6e7d41a1234956806f6c48771e63352dcb0da94342cd4ebc67a
evidence/synthesis/V6/new/timing_reg2reg_1p45.rpt,38951,26f28b627e68fdeb19dfae61c86bf7aceb9730106a6767a5b951efac19f1f6fd
evidence/synthesis/V6/new/timing_reg2reg_1p5.rpt,40338,844fb3a2f7a0885ce9b9a91578c17473648936e5ff74985a3cd2708ded68b46f
evidence/synthesis/V6/new/timing_reg2reg_1p55.rpt,42212,4a09a29bac9b68783a0537e91eea1aa26f5b0610df9ee02737746ddd6290e9b0
evidence/synthesis/V6/new/timing_reg2reg_1p6.rpt,41442,518189aba6b2bf99b3618a34c1039d1edf4a295bb90896dcc6177c3fc12a7bef
evidence/synthesis/V6/new/timing_reg2reg_1p7.rpt,41176,4d32d3f671c1280c12b4fc2f36331ecb0ab0b5ee82dae2ca1a6086ee79e107f9
evidence/synthesis/V6/new/timing_reg2reg_1p8.rpt,40081,4534e5c27445c5ea4019517c50dc7df72354965d515d5d85f3df01375331f1c0
evidence/synthesis/V6/new/timing_reg2reg_1p9.rpt,41570,f2aaa024bd36bd57a25e5009c806421d4904da1e7bb4196bbc557f515b491927
evidence/synthesis/V6/new/timing_reg2reg_2p0.rpt,42155,eb52bbc20e4e8f556865bd8397b26fe0799b9752ff6246d5a2291d8712298c63
evidence/synthesis/V6/new/timing_reg2reg_2p5.rpt,53770,9a5a9a10a20976ef94282202644f1a56ff241b801af8d068280e573aed1b6f42
evidence/synthesis/V6/new/timing_reg2reg_3p0.rpt,59155,12c4b71b10213f280dd2b4c4a1024bc2aa76daab7f4ae2a17a383757d217979d
evidence/synthesis/V6/new/timing_reg2reg_3p5.rpt,58877,d552b04d352694d1a7f7143847e90aad0454cdf09ff56a399f9f717c37daa439
evidence/synthesis/V6/new/timing_reg2reg_4p0.rpt,64123,11b3d76a92e9bd88a9c9fae71fd378e5cf8e3092ddfac4ae336385222a094ff8
evidence/synthesis/V6/old/qor_1p05_old_syn.rpt,3882,028dbde15980dc5fed150cc429d443cb302a33d56e3275b57c385f8cbff6afc7
evidence/synthesis/V6/old/qor_1p0_old_syn.rpt,3882,7df189c6ca527ba8c0f0a75e505fae9cc28c7afd73dac350491a7656a827be23
evidence/synthesis/V6/old/qor_1p15_old_syn.rpt,3881,edc80f11bd69e74fbcfe620f0f7fe0e04bb2fdd310b1b28556b0adae6c6912d6
evidence/synthesis/V6/old/qor_1p1_old_syn.rpt,3882,2abdbb6a0789f0d539b3b322b382790a26c118026c51c098f2bd9f35de159584
evidence/synthesis/V6/old/qor_1p25_old_syn.rpt,3881,e2ff49760c1dab977cd680c73ba984aa2c47ef0b663843e5315193e97b21b67c
evidence/synthesis/V6/old/qor_1p2_old_syn.rpt,3881,fe8b52729f738461c4a2385bf022b50663f56943585cf10ba653d1c7e950c2eb
evidence/synthesis/V6/old/qor_1p35_old_syn.rpt,3881,93d219ed67a6685391987235f9cfcc720fa735505d53fa429da1c8e43f8919ab
evidence/synthesis/V6/old/qor_1p3_old_syn.rpt,3881,0366e5dc50b4da97d3aade94b7dcb97a61b233bb44416294b3d30531a970721b
evidence/synthesis/V6/old/qor_1p45_old_syn.rpt,3881,b64ae4572e1426e2450c9825eaf4f3e98b941582d6f9c92856b9b5fe50f6fcfb
evidence/synthesis/V6/old/qor_1p4_old_syn.rpt,3881,264f0323c805ea89b76770528bedaac0d13b330af643a62e7bb7f5e6e3527ca7
evidence/synthesis/V6/old/qor_1p55_old_syn.rpt,3878,9075f4483c04faca389d2ff7f7ebc46abb837819b30e42273055a517668d9a8c
evidence/synthesis/V6/old/qor_1p5_old_syn.rpt,3880,af3b3a26ac92d7633f19f42ab0b5556f176ba90e5d1fd5ab174854bd2580cc1f
evidence/synthesis/V6/old/qor_1p6_old_syn.rpt,3878,9c8246c505823142586f42592fc3b2640275383eb45cdc977890d80dfd8b2b9e
evidence/synthesis/V6/old/qor_1p7_old_syn.rpt,3878,d81a70d455b4fd25a05cf6719c419526337b172d7d3b056fc41d504db7ac28e8
evidence/synthesis/V6/old/qor_1p8_old_syn.rpt,3878,a9f5e086da61da8a29b190b69d3c512efd822972f7acaeb23470c1682585405f
evidence/synthesis/V6/old/qor_1p9_old_syn.rpt,3878,da3c320028969660ea6f03ae582dc86f052d0c8f196f0b06536d92fd4029578f
evidence/synthesis/V6/old/qor_2p0_old_syn.rpt,3878,cc74f2f01923a1978519622d6d0853de6395e2b134d76dcc0aca3f4bfc11d519
evidence/synthesis/V6/old/qor_2p5_old_syn.rpt,3878,58b1bdfbe20f4df98a080e1cfb4b177b5a9e9264bd541043b22769186d7ffe61
evidence/synthesis/V6/old/qor_3p0_old_syn.rpt,3878,0ecca26993850dcad649dc932e3715866b74f6ba66f2c1581774fbaa5f756172
evidence/synthesis/V6/old/qor_3p5_old_syn.rpt,3878,88f0952ea9060bb267b7c433ef29a6a3c516714e8a8e252fec20e04d49418dc5
evidence/synthesis/V6/old/qor_4p0_old_syn.rpt,3878,06a1a33fb303eb3a29d6c44ea1c5d637dd412e8173b9d367feaee3e595ff0adc
evidence/synthesis/V6/old/results.csv,1352,5e01a6482195e7eccf8ff0e4774887cb3fde5e4f9fb16e055c146100c63a53da
evidence/synthesis/V6/old/timing_1p05_old_syn.rpt,126604,4c42efbf89f03f46467d151b1f7837c4635acd231c2410061be1065738b34a16
evidence/synthesis/V6/old/timing_1p0_old_syn.rpt,127266,dc05ae486b6b03272ea016d3f67b74822410c7c4fb45f97227dd03d4c9d754ef
evidence/synthesis/V6/old/timing_1p15_old_syn.rpt,127860,0eb9d14bf1b8f32e271297fefb20ce762184da73c3989ca7d567714d3c685e1b
evidence/synthesis/V6/old/timing_1p1_old_syn.rpt,129065,52f5db1cb720bb67c28ddf59d406d1414539aedac9b639845016e4cc21b561d0
evidence/synthesis/V6/old/timing_1p25_old_syn.rpt,128733,e60a4d9c1e461c5dbafcca091fb28727214833ce94c90de4eb7955a1ebcb8dcb
evidence/synthesis/V6/old/timing_1p2_old_syn.rpt,126712,88edf5c115128b69e6fcf181ad6cfc11995b4b56c11eab34fe9f1e9f6c49eed3
evidence/synthesis/V6/old/timing_1p35_old_syn.rpt,129890,170b12abc498dcdd0d81ea9e28017387364f1e3c5036b7a3a3612329fe410d93
evidence/synthesis/V6/old/timing_1p3_old_syn.rpt,128654,dd92963f3c826c857c286d6bffde791be68bbddf08f7ff488202f74951540914
evidence/synthesis/V6/old/timing_1p45_old_syn.rpt,131246,fc55e1c1cd11ee03e6ba219a476fb9be0e597a969940d35d3197dee4511298b7
evidence/synthesis/V6/old/timing_1p4_old_syn.rpt,132658,498d741dbab31f8753e21baf9d89b91c77607ad9213f301c4e916b180cee1e8a
evidence/synthesis/V6/old/timing_1p55_old_syn.rpt,130383,a1c1cd8ed845ea5ffd8afc3bc2dbd41566c4cc315004d95dc2ac93db9bc7125f
evidence/synthesis/V6/old/timing_1p5_old_syn.rpt,126939,a424278b479fb7d5f8a2bc43611ec9f426100bc2a6090d2f8968ebf5aaf87cc7
evidence/synthesis/V6/old/timing_1p6_old_syn.rpt,131963,bdf8cd3f38a7463eeac2f08d5b966951069083095361e61388e093b565288cf3
evidence/synthesis/V6/old/timing_1p7_old_syn.rpt,134924,df651c9f1b5720a5d8522e616093b583ad4e7296ecc0879248757b9be7f9ff24
evidence/synthesis/V6/old/timing_1p8_old_syn.rpt,133903,37164849be85b93c62b53d85c844361b1069871f19cf5895cb139dff5434e98d
evidence/synthesis/V6/old/timing_1p9_old_syn.rpt,132060,ef0565b1060d06a371384c513aea4102f4e1c71c1751ca0ec255b0818b208e79
evidence/synthesis/V6/old/timing_2p0_old_syn.rpt,131057,8d577d7e8b5adfab63db8064e42c45b5ebdcdfcf039c8935e87203c28cf0b6f1
evidence/synthesis/V6/old/timing_2p5_old_syn.rpt,156176,de538d1f5c6b45a16aecccaa7b42ec6ec2f19b6c6c7262ecbe4db52716a7acef
evidence/synthesis/V6/old/timing_3p0_old_syn.rpt,160054,e453608033f626a55ae1140107db8163753aaf232779f7870d434d40662fe735
evidence/synthesis/V6/old/timing_3p5_old_syn.rpt,164800,59475468ee360cb75d7877fa686d0fc56c2f270cc04f854e76843f385ed86d5e
evidence/synthesis/V6/old/timing_4p0_old_syn.rpt,166642,168499ab68f54098423bb0bd6dee557cb761f562d69904825ac28f16401ed10c
evidence/synthesis/V6/old/timing_reg2reg_1p05_old_syn.rpt,38246,55cf09ac18775f6dd5729843c0a6b7c486d89c1cd49c31586e5374ce52c1b845
evidence/synthesis/V6/old/timing_reg2reg_1p0_old_syn.rpt,38356,5d96791cf12a5d874ef4555f63576ae7ab1efbb59abf5bc19bb6a99477e00e2b
evidence/synthesis/V6/old/timing_reg2reg_1p15_old_syn.rpt,38237,3afcfa2cd0eaf4532c902fa2df8a04a7dbf3ebf30ff32c1e38b95e40d0e40c56
evidence/synthesis/V6/old/timing_reg2reg_1p1_old_syn.rpt,38108,debe78b4d45d711f1b78f5e475e8fd5ef94f8403172652ec5df1b9f00913384b
evidence/synthesis/V6/old/timing_reg2reg_1p25_old_syn.rpt,39463,4a6b374201faefdc3eea8f82f6865eff26d5549b4ea511887f6ad344df66038f
evidence/synthesis/V6/old/timing_reg2reg_1p2_old_syn.rpt,37597,71d70576564416df1f489154d4cfee0e4c2e14277bfa8d312b68c88ecea78d3b
evidence/synthesis/V6/old/timing_reg2reg_1p35_old_syn.rpt,38696,7aa29b3267655690d8144850233bc937daedbcb4dd8e63dd6077a54b5706c738
evidence/synthesis/V6/old/timing_reg2reg_1p3_old_syn.rpt,39075,e71fbfa1e72bd078b51f48a231931be8ac89ff27d4cfd44992d83379781ea133
evidence/synthesis/V6/old/timing_reg2reg_1p45_old_syn.rpt,40131,eac48463f31391e827412b714f369fe5c80730f5a08423639da0170c28d15121
evidence/synthesis/V6/old/timing_reg2reg_1p4_old_syn.rpt,41006,18bae004ef4b9493c4e883b9e9a3af9f3418a6c14f4464bd4cae794a9ceac871
evidence/synthesis/V6/old/timing_reg2reg_1p55_old_syn.rpt,40542,9612a4c2c743e285600fa5370f95920bb78e62454c4bab8e9e2977405ea9e2a1
evidence/synthesis/V6/old/timing_reg2reg_1p5_old_syn.rpt,38869,ae1a3835a99f3e8c68b4235c8e96775cd0c71a609265f3dd1863731d6b7b1074
evidence/synthesis/V6/old/timing_reg2reg_1p6_old_syn.rpt,41228,4ae496e218e0210bfb134f165dc5914fa8548687ed16807a4dc21e2c61f0af47
evidence/synthesis/V6/old/timing_reg2reg_1p7_old_syn.rpt,42900,205bd8be5014c5bdf11d7aa743b13527bda2d9010b8231218d4690aed88081cf
evidence/synthesis/V6/old/timing_reg2reg_1p8_old_syn.rpt,42133,76bbba751454973a1c9d30cf78aece1f5d7e4ab0e3a51ad87d5e8ae472204e3c
evidence/synthesis/V6/old/timing_reg2reg_1p9_old_syn.rpt,41753,c90c4037334e468e5f854096c817bf345984196ce5668eee5616b716df03bac5
evidence/synthesis/V6/old/timing_reg2reg_2p0_old_syn.rpt,40832,1a2953d4b28d60deccf32e557f7e210d5a0e829a0531af9030fa122f22aacba2
evidence/synthesis/V6/old/timing_reg2reg_2p5_old_syn.rpt,54540,361a1e0fe95b04b2a031f8f42ab53858134ef614afc45b8ba3e19524e5d94fcd
evidence/synthesis/V6/old/timing_reg2reg_3p0_old_syn.rpt,60570,79dab410c21e71085adf9dd8eca4d1d67b4d501e8f5edc11d5e154f9011e6f62
evidence/synthesis/V6/old/timing_reg2reg_3p5_old_syn.rpt,62240,1dfdea6ceb7b655840b5306402a0f6f8754a124598bf6f05c6071fa244d6107c
evidence/synthesis/V6/old/timing_reg2reg_4p0_old_syn.rpt,65314,edcccbfa410da516606190428b143a77dffedf46c875cd12e65c9f26590b6fd0
evidence/synthesis/V7/config/.synopsys_dc.setup,1564,c304637c3035171b7086ef9383ef7012ece56c15e96f4d3049860897dc6879c9
evidence/synthesis/V7/config/dlx.sdc,7066,31a2adfd1fc6f8d11cabac28ec97eda71c4504fe5f0b13f17c0479164bad3e06
evidence/synthesis/V7/config/dlx_old.sdc,7066,e8e985e0f8f7f19d1d4d4fb23bdba3b8765f38e474dafac33ad8337144c2afb3
evidence/synthesis/V7/config/synthesis.tcl,14778,7c2961909ae6e4d77ff7d1a7cc8fedaca9814136efe26182567a96ac05f9027a
evidence/synthesis/V7/config/synthesis_old_script.tcl,14951,3657c8f01cc9ea159c47cb597bec0eea085e35dcbe980974f125a01642609e7b
evidence/synthesis/V7/new/qor_1p0.rpt,3882,d027b4bfd1ff9cf0dfcbb4008c334860b9383b0f382c7a5fa04dbab1ea7cf1cf
evidence/synthesis/V7/new/qor_1p05.rpt,3882,4079ab6ac55e069e7652989f1ce90741ad97786b66d8ff2a40afeb36ce3e8a2e
evidence/synthesis/V7/new/qor_1p1.rpt,3882,779fcb609f72f10166f723bfa069dcdbef4dc1c0ed618be8861269a480999b67
evidence/synthesis/V7/new/qor_1p15.rpt,3882,f51816315dee67e94d553da73ee7b22e7692d4633a5dd0332abd0c78c8bb467b
evidence/synthesis/V7/new/qor_1p2.rpt,3881,af04e9821be92ff7e9a2fa8178aa02eafd20ebbaa13dd995883070cffc094fa8
evidence/synthesis/V7/new/qor_1p25.rpt,3881,8dc3631a8ac21ecadc9e0a3dfb8954b3d716b5db98a5fee6f7dfa6d484c954d8
evidence/synthesis/V7/new/qor_1p3.rpt,3881,1c2a7328dfd08985cc1b9dbd87e78d5d2f3b2b7a35cbfba679a8cb71a70c11cf
evidence/synthesis/V7/new/qor_1p35.rpt,3881,08fbe15b980cce46f9849fcc67c6eca433725f61bfa1cfedd2b7ae6c01058fc1
evidence/synthesis/V7/new/qor_1p4.rpt,3881,e4b578f61eee733eee44e6cddca136f050c5dc3f912f400a276a72796ab79af8
evidence/synthesis/V7/new/qor_1p45.rpt,3881,d05f90927df6b47e9a7cbe39cdc82226affa003eea0efa0e80a033c9b5808c0a
evidence/synthesis/V7/new/qor_1p5.rpt,3880,7485aa4aa1e01e25ece35038dd4b6068531298dfb434e0f7c2608c2e508c9ef9
evidence/synthesis/V7/new/qor_1p55.rpt,3880,984dd8751312c91519e1aa5cc257edbe3b7a860fd59c5f2937e30bfbb94fe688
evidence/synthesis/V7/new/qor_1p6.rpt,3879,f05ce65f64f78594cde222ea27e6c7279c1900ec6878102cb0e4430400d4cd13
evidence/synthesis/V7/new/qor_1p7.rpt,3878,afd36a8d3396523302c39ea25f7bb31e952ddec09c30378dc66d300bda5731b1
evidence/synthesis/V7/new/qor_1p8.rpt,3878,bbfd836fc72418967b5ed8b3432e27503f3599a57ad7feef434b02aa41723a43
evidence/synthesis/V7/new/qor_1p9.rpt,3878,d1cbc3dd25ba7b9f7dece2d8853346a649ca8a98be7d90f415f735b059f2ac88
evidence/synthesis/V7/new/qor_2p0.rpt,3878,2c35753e6f41fea51374b16efffb4126d4c20c24adeeaab2f28f3ce94d8b7da4
evidence/synthesis/V7/new/qor_2p5.rpt,3878,93bc0577df2cdc7fc15f5642f45cafab437c38420b05d6f2d8ce06c7ee7493c2
evidence/synthesis/V7/new/qor_3p0.rpt,3878,7ab1574c51a16bcaad2c25342af30491624ed75a3ed549a58d4adc0d462092fa
evidence/synthesis/V7/new/qor_3p5.rpt,3878,463d0296af4eed598ae11d171863c0c3b9df85fe150d0c4995af7994d95c2c96
evidence/synthesis/V7/new/qor_4p0.rpt,3878,2a9e803405e78b8196619cade67ecbad8807c6cd59ef76cf7e2fa9b63d18d6a2
evidence/synthesis/V7/new/results.csv,1352,76a23e50b256d169cbcca257ee6a3222ee9d8c7db397fcf473fd39e805b64fcf
evidence/synthesis/V7/new/timing_1p0.rpt,132051,0eee1c2408bb51d2dfd22b6d19a2cb7a2fe50f4ec1ac91069d836fb2bb3a8e0c
evidence/synthesis/V7/new/timing_1p05.rpt,129793,5127655ecef2c8b76073272540c5666e3b95673d500e3f874dd62432ff423f47
evidence/synthesis/V7/new/timing_1p1.rpt,130837,d2e6f320d1782db038ec60ca8c4bb9c01c6a1345ce321115911c1fc35b3872a5
evidence/synthesis/V7/new/timing_1p15.rpt,130033,00e89ed96b2ca06b5048aed88d8048237636ffe2cf2a1b8ba2fbb5b6c5f4de89
evidence/synthesis/V7/new/timing_1p2.rpt,128267,db079eae8ed2cfee3ea72e8ab2b6354650379f885f6a78f2d37bc58a94b80150
evidence/synthesis/V7/new/timing_1p25.rpt,133838,2e6869cfccdb3cadfcbe5171a431b2c110f48af77f713cbab53173c71df5774f
evidence/synthesis/V7/new/timing_1p3.rpt,133195,cb1b1a35c1bd1f2edf59b7a0674e2417a4c628e6b6e2310404f296b1f5491f7d
evidence/synthesis/V7/new/timing_1p35.rpt,145538,a4c8a47b666638e378e6da5d0de9a9e45cee08584687cc35a62b4d4d7617f6b1
evidence/synthesis/V7/new/timing_1p4.rpt,145823,accbb89bdadaeeb110155eb52083613e6c9d03f086270fe51d8738652f1ff96c
evidence/synthesis/V7/new/timing_1p45.rpt,143898,8557101afbfd2cef21e5249fff2996625919298f9f517433235140d786d56102
evidence/synthesis/V7/new/timing_1p5.rpt,136002,fa0fb01780dda06a12e58d66af65c03f0257b386339dda32ede63ad6402999d4
evidence/synthesis/V7/new/timing_1p55.rpt,139069,072dc77a9f291ae2d0d8fc13851845d47e764cf1125f4e625dfbc4022f4cccf4
evidence/synthesis/V7/new/timing_1p6.rpt,138829,563b866914c2d238edb95dc01419f728cecdf79089ff09318bb22f83cd9f80bb
evidence/synthesis/V7/new/timing_1p7.rpt,138150,4511fc8cbd7e3b2e6e5a914525ced039b7663c43badab7831f4d09416867103d
evidence/synthesis/V7/new/timing_1p8.rpt,140815,8168ec77a00b1d0c943685c9877f4a1a26600bd91351dbb4305364a0ef084559
evidence/synthesis/V7/new/timing_1p9.rpt,138064,155d038df5cb811ab58a99d9ddb2f214483e993493d63c130009e8535e7fda54
evidence/synthesis/V7/new/timing_2p0.rpt,138224,ff97ed6d14f001212319aca2d9c4315f99290f5a3dde0fddf403d5fee660ebd0
evidence/synthesis/V7/new/timing_2p5.rpt,160728,a6148ea9bac2850fe25bb9c73fb962575ec9a70879a7130b4a12b2a1749064e8
evidence/synthesis/V7/new/timing_3p0.rpt,170897,a7add0dcfd5a0b9f0dac5bdf9c2fe1573a3eededad67642d8d3c711181e4dc24
evidence/synthesis/V7/new/timing_3p5.rpt,172740,b586b5f1136aa6bac5735f63d4404d43af4d73b6cfb2ec19e761b67384049f12
evidence/synthesis/V7/new/timing_4p0.rpt,175940,6cbe88c62fc0c65abb92e33b95295da4dda1c8ec1daa1b50973837bf859b047a
evidence/synthesis/V7/new/timing_reg2reg_1p0.rpt,38276,b5930dd925c09e7b085b0184bcafb0e4d79b73be0f1aaf7be2680f2ce2a58b16
evidence/synthesis/V7/new/timing_reg2reg_1p05.rpt,37602,4ef522cd3884baf9558920b217ca67efa7fea0f3330169be0c0cfa06c56ba5f1
evidence/synthesis/V7/new/timing_reg2reg_1p1.rpt,39141,cbeac1e7859b6b06abea65cb1a636fadc9fe9f1be080d7b89441b51611b422ee
evidence/synthesis/V7/new/timing_reg2reg_1p15.rpt,38064,da1314779cd91ddc05e2d3bc6db8235db72f4ab1955d75b18920d98d21860c6c
evidence/synthesis/V7/new/timing_reg2reg_1p2.rpt,37820,bc45178e2186bcef350e7f687b4d14e1b3c9c02185c78556c2b7ef4d7c271b0f
evidence/synthesis/V7/new/timing_reg2reg_1p25.rpt,40761,aabe3987265763627f49240a4b5a1f0e25990e686030c983eab9b537a9425eaf
evidence/synthesis/V7/new/timing_reg2reg_1p3.rpt,39054,52145ebac1e094bfcf6f793640a50ffc355247f264a02fc8494bdead3699a6f9
evidence/synthesis/V7/new/timing_reg2reg_1p35.rpt,44852,63a10a2a6cbcf5b412ade5c8539d44415694a87b8d19fadbab9a678e98529018
evidence/synthesis/V7/new/timing_reg2reg_1p4.rpt,45616,24c1e9a227cffe854b844d0650255524313b9770f054bcf146f98323e164b53c
evidence/synthesis/V7/new/timing_reg2reg_1p45.rpt,45493,5f6375b165e43716cc9863525f711f68c3f13bb84dffc4fbd19f19f6e7433ed0
evidence/synthesis/V7/new/timing_reg2reg_1p5.rpt,38699,b3b0be63158e785e79d87b62b06f15db8be6e1680fdb025ccf67a024dd2cf64a
evidence/synthesis/V7/new/timing_reg2reg_1p55.rpt,42700,e822684039086b818045f312f05b3c07eb2cd6fa26c244590eddc2b8aeaa4a14
evidence/synthesis/V7/new/timing_reg2reg_1p6.rpt,40536,68daacfb6e07eba437c7d0864d3d895f21c27e03d5605e4c79a3db73029c3505
evidence/synthesis/V7/new/timing_reg2reg_1p7.rpt,41165,113e977b203b20d6b32f47463e7e101146d19a2f0b9a087afedc35650b78fa7b
evidence/synthesis/V7/new/timing_reg2reg_1p8.rpt,43759,955c4b5e837ee4c9850e35a92f6a6212e844d4ec8762cf58b1bf9eb5bac73f1a
evidence/synthesis/V7/new/timing_reg2reg_1p9.rpt,42768,67c7350d3018399ce7446f8958698bad1567a911be0b297c04b787a47d709769
evidence/synthesis/V7/new/timing_reg2reg_2p0.rpt,43201,cc77a09d7569e28a0bc05ffd1693abbccca0e53061210a234e24058c0e659e23
evidence/synthesis/V7/new/timing_reg2reg_2p5.rpt,52729,67357d4ef7c69be8ed84ba996bddd142d13ec0d293a5985906fcff0f7d598871
evidence/synthesis/V7/new/timing_reg2reg_3p0.rpt,63779,6793bb63d6b800ae944f63ff80d57213ceeec6a7a215883fa07cde88cd5d1161
evidence/synthesis/V7/new/timing_reg2reg_3p5.rpt,61658,d7f75c08aae208512ce0184656a98ffd707dfd037218e5e69c94c578d5b88367
evidence/synthesis/V7/new/timing_reg2reg_4p0.rpt,64242,715dc2f297032dbecdec1a5f96a51df33d14ed85e58931e83ac989a5d1462376
evidence/synthesis/V7/old/qor_1p05_old_syn.rpt,3882,1bd4b2e492e72d9738fee74a3b8e12b580b7fbbf413e92bf6f19ecfb1e51a425
evidence/synthesis/V7/old/qor_1p0_old_syn.rpt,3882,1f477d98887ba38f4a5e7e7b953d10619f18ce0f9fddd599e795298963001c04
evidence/synthesis/V7/old/qor_1p15_old_syn.rpt,3882,9ed288f9a8ea6aecd0f0401e55e4ad089d7a6ec66ab0cc864fa94af22157c6e6
evidence/synthesis/V7/old/qor_1p1_old_syn.rpt,3882,6d7243c6ebb0423bcbe82458b4d0562b0d4e5c343c325395a94975f91e95c3b7
evidence/synthesis/V7/old/qor_1p25_old_syn.rpt,3882,477f93d69df2f0e316bab4bfd291ce860994878af31267d9045f37da6897e3e0
evidence/synthesis/V7/old/qor_1p2_old_syn.rpt,3882,258f0c801542f914c99d94274b60e3b82ef752bcf6edb9f845bd9495606cc96d
evidence/synthesis/V7/old/qor_1p35_old_syn.rpt,3881,f9a4faad66f7420b0277465b6fbdbc4ff23fe45072aa391401e2a80950d5c3a0
evidence/synthesis/V7/old/qor_1p3_old_syn.rpt,3881,778747477a02ac0d9d6b141f811c2c8398082faabfb5947917b5be080dfeb91b
evidence/synthesis/V7/old/qor_1p45_old_syn.rpt,3881,33bf95fb9239c43457f03c14bb6d3a254de3a4d39793d95d7b50b3a464f66723
evidence/synthesis/V7/old/qor_1p4_old_syn.rpt,3881,294bee9cc03fc721af1a2fa545d241a1c611a8d8739c83f448b03b2a31b81c18
evidence/synthesis/V7/old/qor_1p55_old_syn.rpt,3879,4137e050f5fad8cc1a9b45d8b05e0a1b238ac754aeb9d60ce8b293928e76867a
evidence/synthesis/V7/old/qor_1p5_old_syn.rpt,3880,789563d426589e55100b9d2fdafd278043c0cb410f4c01b422fbd284694bd531
evidence/synthesis/V7/old/qor_1p6_old_syn.rpt,3878,d6a83cc8e55a4988cb77f9af34940008a9fab6408d413aadaac81a246ecf6530
evidence/synthesis/V7/old/qor_1p7_old_syn.rpt,3878,9ce02b430092940d05eaba1e0e82f66d82f98926717f807f19a48620b91852e5
evidence/synthesis/V7/old/qor_1p8_old_syn.rpt,3878,70547874f77091b2a4ed937bc49baa91fed1ca2bba3527be1a1604c34d2642c0
evidence/synthesis/V7/old/qor_1p9_old_syn.rpt,3878,91c13d3fe28ea5b5b788cdc2416ab3fa9ca83b6475f3b1c3e38ef543ab228f6c
evidence/synthesis/V7/old/qor_2p0_old_syn.rpt,3878,8caa63826e3e45157bf8c00e3f69d954e5ff7e3d3323f93cdfaa5c043bf50209
evidence/synthesis/V7/old/qor_2p5_old_syn.rpt,3878,2fb552fe19c3ddd86083cdae74d4b174742df45f2b000d4b23885811c92d8aa5
evidence/synthesis/V7/old/qor_3p0_old_syn.rpt,3878,09273f3f93f624e49d52b8882b22e8e6430a9e31f0ec05c3281281caf21fcb68
evidence/synthesis/V7/old/qor_3p5_old_syn.rpt,3878,6ba92619e70ed4abf4a996901c45c7d0322847f2d71374acdbb8c0f493e10779
evidence/synthesis/V7/old/qor_4p0_old_syn.rpt,3878,116423525570deca1c8513a0d5b36a823598d5094c94bdb57165db854ca4daf2
evidence/synthesis/V7/old/results.csv,1353,5d6e4758c48fe3166ad6e1f429381f6f9f8463edf7fe3da2d0ab69122a611be0
evidence/synthesis/V7/old/timing_1p05_old_syn.rpt,132222,bcc0b20c3907aa0098bec184e964e26e1875bc9babfda26fb39f5dd44ab4ad1d
evidence/synthesis/V7/old/timing_1p0_old_syn.rpt,127359,ca1985e8e1fcd84b2203afbcd2e2ec7387775448b11d6a49327ee77976ddcccc
evidence/synthesis/V7/old/timing_1p15_old_syn.rpt,128844,8532d8c93164cf54488fd160d3d86cbd17898e813ec52f9d170ac4b568d4abdb
evidence/synthesis/V7/old/timing_1p1_old_syn.rpt,133735,01393aec6cde83d7fe01f45dab8b74b1a5526b671b3679a3afce6dfbad8db666
evidence/synthesis/V7/old/timing_1p25_old_syn.rpt,138491,123b5fd32713c7cb473aa5a4285ff4e4d9032676af47eb567906bdb0d842fd73
evidence/synthesis/V7/old/timing_1p2_old_syn.rpt,139877,dee6a4496cb3ca5338cd6f9335f43ca8e34360a3637f76ef8496ce9feaf6218a
evidence/synthesis/V7/old/timing_1p35_old_syn.rpt,136584,21cf92cc5dff0a6831c259792480fce0e329c9b00c4bf6898e90989543b8ff0c
evidence/synthesis/V7/old/timing_1p3_old_syn.rpt,140447,a0f646f21c744b10e4ab855307d8498d8f75d19d0126220fc0c3ac5ae6c1c501
evidence/synthesis/V7/old/timing_1p45_old_syn.rpt,147579,fe80eabdefb81db69090be29dc996200aa245a11fdbf518f78123498b6d0a08b
evidence/synthesis/V7/old/timing_1p4_old_syn.rpt,143343,994d18f1ad0a485b895fecb11ce359450317ec8383a80648a1014535c4dd3d5f
evidence/synthesis/V7/old/timing_1p55_old_syn.rpt,137201,1bb73249edaad504bc5d8e2a9accab1a0d03398a3291287a37633bed0bb5ab14
evidence/synthesis/V7/old/timing_1p5_old_syn.rpt,134812,feb0a097d2df9c19d8478c670ec0ce4136e923bc906925fe730645e504f37b2f
evidence/synthesis/V7/old/timing_1p6_old_syn.rpt,137635,b256af387e2e778b398b72142925ada645702149792b51941b15d1c3fb648eb3
evidence/synthesis/V7/old/timing_1p7_old_syn.rpt,139354,eac4aef8d11617677dca158074e8a9f39162b837f8c3aeef177c8683e22c8c02
evidence/synthesis/V7/old/timing_1p8_old_syn.rpt,144134,7eded517734443438f953365150218d6b13a668abadf86b5de0e6faa411b20e2
evidence/synthesis/V7/old/timing_1p9_old_syn.rpt,142887,671ba37f5a72d7401a53ff5d20aa3251bfce66873f472c9a1db22fbd60f6fbf2
evidence/synthesis/V7/old/timing_2p0_old_syn.rpt,143289,0bad2130a70e513089861a8906c5acf46b54e8b9fc46d4707cd47a9fca140785
evidence/synthesis/V7/old/timing_2p5_old_syn.rpt,161757,0d01b4c0d49b33aab7155e7b2a9f587c6311d2b165d14d9f380e606e1aad08f7
evidence/synthesis/V7/old/timing_3p0_old_syn.rpt,171550,0ebcaee23da6d2f119bbbcb5c22458183e18904284e8fb4f65ece03ec625407e
evidence/synthesis/V7/old/timing_3p5_old_syn.rpt,175046,d5e5ae05ac3ff219fcc27e72c04700a131e8f748a1e1fee548b4470d6810374f
evidence/synthesis/V7/old/timing_4p0_old_syn.rpt,176558,a6e6ddebf0ef5b57c0262b255ac23b364b4e7b8e461f3786dd5ddb8517a492c3
evidence/synthesis/V7/old/timing_reg2reg_1p05_old_syn.rpt,38551,72c3532d999de048cbc7ae04202852a5a364bb1ed633fb8aec750011ebe3fd27
evidence/synthesis/V7/old/timing_reg2reg_1p0_old_syn.rpt,37304,faf3f90367d6a636050c8ea8e93b844e9b879f79650ac6671e79610c2a750aad
evidence/synthesis/V7/old/timing_reg2reg_1p15_old_syn.rpt,37766,ba5fa4daf38b238a2b593f735f3a6e5f3782f99c35d6d431f229032e8fc05ee9
evidence/synthesis/V7/old/timing_reg2reg_1p1_old_syn.rpt,39311,ac98ef2371489ff75283a430f34d442d742f07b0f9dc2d569fc724f93dbaf4ac
evidence/synthesis/V7/old/timing_reg2reg_1p25_old_syn.rpt,44120,4f621959c177b8cb1edc1691687a80c4087ea7145ef4cbefa3808562178e23cf
evidence/synthesis/V7/old/timing_reg2reg_1p2_old_syn.rpt,40574,4a7bef8ca36592251bcdd84a8273909e9fdacd2fdebf50cccba9b8f69c8883d2
evidence/synthesis/V7/old/timing_reg2reg_1p35_old_syn.rpt,42130,5040392f99a5d904b0c7ec475a12359ac76ccaf605506e5a6c2c92a9e3d77d32
evidence/synthesis/V7/old/timing_reg2reg_1p3_old_syn.rpt,44097,ea87c420809a3f01b09531f47d4bf77327f84513a342343fc6f278fd82b4af41
evidence/synthesis/V7/old/timing_reg2reg_1p45_old_syn.rpt,45705,1aef05043819b6189a304aef2da8cb1cec0a920c52f9eb19e2c50ae7eb4105a4
evidence/synthesis/V7/old/timing_reg2reg_1p4_old_syn.rpt,44406,84cf73e33ee7d42ff6283c74a57fa3c1ff2285af5e187aa2a756d9519c795bda
evidence/synthesis/V7/old/timing_reg2reg_1p55_old_syn.rpt,41046,c7930be35769932851e4d60b293d32e0785ae32e8f34c58e8828d6adef0c3cc2
evidence/synthesis/V7/old/timing_reg2reg_1p5_old_syn.rpt,39912,f1610ca17acfa796707bf3738f3e065c8ff66685daeb8bc679b1e7dc1fe1299d
evidence/synthesis/V7/old/timing_reg2reg_1p6_old_syn.rpt,40023,51f7ef95d10ee8884f15f2dcc70cd5a5c3b6691d22b2ca7009044da47d5c3006
evidence/synthesis/V7/old/timing_reg2reg_1p7_old_syn.rpt,40757,5e503c375bfe21d0dbdb8b0ad385b7fd63d8bc6602b73665c2c4d0f94ace6c24
evidence/synthesis/V7/old/timing_reg2reg_1p8_old_syn.rpt,44135,9da0c01189ef0703697ca04b33437c908340c2d5588c9ab90cbee760d559172e
evidence/synthesis/V7/old/timing_reg2reg_1p9_old_syn.rpt,43284,45658aaebed2b74aa3b1cd3766ca02e4c419657a6dba69c31c53a77994ea3a51
evidence/synthesis/V7/old/timing_reg2reg_2p0_old_syn.rpt,44467,fbbbb0b9f8460965c0e23c57f1be212667303fd23bd601636b7d67beaa4e6c9c
evidence/synthesis/V7/old/timing_reg2reg_2p5_old_syn.rpt,51340,d11a3304d86c01ff6ecc2f5e019e156511640edc7dcdb90f676e2356e49d768d
evidence/synthesis/V7/old/timing_reg2reg_3p0_old_syn.rpt,62584,f26408d0c04728aae3336de7a38d3c5c8a4466ec9db93ccd6136fbe6b1660115
evidence/synthesis/V7/old/timing_reg2reg_3p5_old_syn.rpt,63656,24d509bd5f990cc625d576e86cc3b9d371d7e8d6027d522a48f184c92d2153b5
evidence/synthesis/V7/old/timing_reg2reg_4p0_old_syn.rpt,62242,a77e5e771804ed8cd961a353f61c4c9f8ea6c266de458baf1975364da53ae053
