version,script,tag,constraint_ns,achieved_ns,worst_slack_ns,binding_group,met,area_um2,reg2reg_slack_ns,clk_slack_ns,input_slack_ns,output_slack_ns,reg2reg_startpoint,reg2reg_endpoint,source_timing_report,source_qor_report,dc_version,operating_condition,library,wire_load_mode,sim_period_ns,total_mW_08_multiplier,saif_cov_08_multiplier,energy_pJ_08_multiplier,window_cycles_08_multiplier,energy_nJ_08_multiplier,total_mW_20_power_bench,saif_cov_20_power_bench,energy_pJ_20_power_bench,window_cycles_20_power_bench,energy_nJ_20_power_bench,total_mW_24_mac_loops,saif_cov_24_mac_loops,energy_pJ_24_mac_loops,window_cycles_24_mac_loops,energy_nJ_24_mac_loops
V0,new,1p0,1.0,1.7523,-0.7523,REG2REG,0,27020.54553,-0.7523,-0.6149,0.2315,-0.2297,DP_i_fetch_i_IR_out_reg_24_,DP_i_fetch_i_pc_i_Y_reg_0_,evidence/synthesis/V0/new/timing_1p0.rpt,evidence/synthesis/V0/new/qor_1p0.rpt,W-2024.09-SP2,typical,NangateOpenCellLibrary,top,1.76,9.9765351,100.0,17.558701776,70,1.2291091243199999,8.441882,100.0,14.85771232,2810,41.750171619199996,9.4649574,100.0,16.658325024,4274,71.197681152576
V0,new,1p05,1.05,1.7124,-0.6624,REG2REG,0,26825.301531,-0.6624,-0.5328,0.1836,-0.2833,DP_i_mem_access_i_rd_out_reg_i_Y_reg_3_,DP_i_fetch_i_pc_i_Y_reg_12_,evidence/synthesis/V0/new/timing_1p05.rpt,evidence/synthesis/V0/new/qor_1p05.rpt,W-2024.09-SP2,typical,NangateOpenCellLibrary,top,1.72,10.1322934,100.0,17.427544648,70,1.2199281253600003,8.5791459,100.0,14.756130948000001,2810,41.46472796388,9.6166224,100.0,16.540590528,4274,70.69448391667198
V0,new,1p1,1.1,1.8024,-0.7024,REG2REG,0,27563.185536,-0.7024,-0.5363,0.0948,-0.2041,DP_i_fetch_i_IR_out_reg_23_,DP_i_fetch_i_pc_i_Y_reg_3_,evidence/synthesis/V0/new/timing_1p1.rpt,evidence/synthesis/V0/new/qor_1p1.rpt,W-2024.09-SP2,typical,NangateOpenCellLibrary,top,1.81,9.9879802,100.0,18.078244162,70,1.26547709134,8.2277574,100.0,14.892240894,2810,41.84719691214001,9.2728635,100.0,16.783882935,4274,71.73431566418999
V0,new,1p15,1.15,1.691,-0.541,REG2REG,0,27041.559521,-0.541,-0.4094,0.2098,-0.1969,DP_i_fetch_i_IR_out_reg_24_,DP_i_fetch_i_pc_i_Y_reg_11_,evidence/synthesis/V0/new/timing_1p15.rpt,evidence/synthesis/V0/new/qor_1p15.rpt,W-2024.09-SP2,typical,NangateOpenCellLibrary,top,1.7,10.4853159,100.0,17.82503703,70,1.2477525921000001,8.6536408,100.0,14.711189359999999,2810,41.338442101599995,9.7260351,100.0,16.53425967,4274,70.66742582958001
V0,new,1p2,1.2,1.7427,-0.5427,REG2REG,0,27360.493504,-0.5427,-0.4087,0.317,-0.1271,DP_i_fetch_i_IR_out_reg_21_,DP_i_fetch_i_pc_i_Y_reg_5_,evidence/synthesis/V0/new/timing_1p2.rpt,evidence/synthesis/V0/new/qor_1p2.rpt,W-2024.09-SP2,typical,NangateOpenCellLibrary,top,1.75,10.0340451,100.0,17.559578925,70,1.22917052475,8.3621568,100.0,14.633774399999998,2810,41.120906063999996,9.3320291,100.0,16.331050925,4274,69.79891165344999
V0,new,1p25,1.25,1.7156,-0.4656,REG2REG,0,26739.117535,-0.4656,-0.3263,0.1891,-0.1643,DP_i_mem_access_i_rd_out_reg_i_Y_reg_3_,DP_i_fetch_i_pc_i_Y_reg_10_,evidence/synthesis/V0/new/timing_1p25.rpt,evidence/synthesis/V0/new/qor_1p25.rpt,W-2024.09-SP2,typical,NangateOpenCellLibrary,top,1.72,10.2466709,100.0,17.624273948,70,1.2336991763599998,8.4312325,100.0,14.5017199,2810,40.749832919,9.460744,100.0,16.27247968,4274,69.54857815232
V0,new,1p3,1.3,1.7777,-0.4777,REG2REG,0,26826.365526,-0.4777,-0.3433,0.3857,-0.1457,DP_i_fetch_i_IR_out_reg_23_,DP_i_fetch_i_pc_i_Y_reg_8_,evidence/synthesis/V0/new/timing_1p3.rpt,evidence/synthesis/V0/new/qor_1p3.rpt,W-2024.09-SP2,typical,NangateOpenCellLibrary,top,1.78,9.77474,100.0,17.3990372,70,1.2179326039999998,8.1599906,100.0,14.524783268,2810,40.814640983080004,9.1030134,100.0,16.203363852,4274,69.253177103448
V0,new,1p35,1.35,1.7608,-0.4108,REG2REG,0,26800.031523,-0.4108,-0.3024,0.2283,-0.1526,DP_i_fetch_i_IR_out_reg_22_,DP_i_fetch_i_pc_i_Y_reg_0_,evidence/synthesis/V0/new/timing_1p35.rpt,evidence/synthesis/V0/new/qor_1p35.rpt,W-2024.09-SP2,typical,NangateOpenCellLibrary,top,1.77,9.8556294,100.0,17.444464038,70,1.2211124826600002,8.2671124,100.0,14.632788948,2810,41.11813694388,9.1915204,100.0,16.268991108,4274,69.53366799559201
V0,new,1p4,1.4,1.8022,-0.4022,REG2REG,0,26852.433526,-0.4022,-0.1976,0.5042,-0.0111,DP_i_mem_access_i_rd_out_reg_i_Y_reg_3_,DP_i_fetch_i_pc_i_Y_reg_29_,evidence/synthesis/V0/new/timing_1p4.rpt,evidence/synthesis/V0/new/qor_1p4.rpt,W-2024.09-SP2,typical,NangateOpenCellLibrary,top,1.81,9.7863865,100.0,17.713359565,70,1.2399351695500003,8.1417908,100.0,14.736641348000003,2810,41.40996218788001,9.0345243,100.0,16.352488983,4274,69.890537913342
V0,new,1p45,1.45,1.8241,-0.3741,REG2REG,0,26854.561535,-0.3741,-0.2378,0.4835,-0.0409,DP_i_fetch_i_IR_out_reg_24_,DP_i_fetch_i_IR_out_reg_21_,evidence/synthesis/V0/new/timing_1p45.rpt,evidence/synthesis/V0/new/qor_1p45.rpt,W-2024.09-SP2,typical,NangateOpenCellLibrary,top,1.83,9.6297371,100.0,17.622418893,70,1.23356932251,7.9745904,100.0,14.593500432,2810,41.007736213920005,8.9024616,100.0,16.291504728000003,4274,69.62989120747201
V0,new,1p5,1.5,1.8183,-0.3183,REG2REG,0,26390.657529,-0.3183,-0.1689,0.5682,0.0002,DP_i_fetch_i_IR_out_reg_25_,DP_i_fetch_i_pc_i_Y_reg_6_,evidence/synthesis/V0/new/timing_1p5.rpt,evidence/synthesis/V0/new/qor_1p5.rpt,W-2024.09-SP2,typical,NangateOpenCellLibrary,top,1.82,9.7070021,100.0,17.666743822,70,1.2366720675400003,8.0595111,100.0,14.668310202,2810,41.21795166762,8.9808899,100.0,16.345219617999998,4274,69.859468647332
V0,new,1p55,1.55,1.773,-0.223,REG2REG,0,26246.219548,-0.223,-0.0979,0.5433,0.0839,DP_i_fetch_i_IR_out_reg_23_,DP_i_fetch_i_pc_i_Y_reg_22_,evidence/synthesis/V0/new/timing_1p55.rpt,evidence/synthesis/V0/new/qor_1p55.rpt,W-2024.09-SP2,typical,NangateOpenCellLibrary,top,1.78,9.7238996,100.0,17.308541288,70,1.2115978901600002,8.1867734,100.0,14.572456652,2810,40.94860319212,9.1256509,100.0,16.243658602,4274,69.425396864948
V0,new,1p6,1.6,1.8618,-0.2618,REG2REG,0,25715.815595,-0.2618,-0.1798,0.6565,-0.0252,DP_i_fetch_i_IR_out_reg_24_,DP_i_fetch_i_IR_out_reg_22_,evidence/synthesis/V0/new/timing_1p6.rpt,evidence/synthesis/V0/new/qor_1p6.rpt,W-2024.09-SP2,typical,NangateOpenCellLibrary,top,1.87,9.3904384,100.0,17.560119808000003,70,1.2292083865600003,7.8330389,100.0,14.647782743,2810,41.16026950783,8.7431671,100.0,16.349722477000004,4274,69.87871386669802
V0,new,1p7,1.7,1.8385,-0.1385,REG2REG,0,25592.657609,-0.1385,0.0011,0.7215,0.0928,DP_i_fetch_i_IR_out_reg_24_,DP_i_fetch_i_IR_out_reg_24_,evidence/synthesis/V0/new/timing_1p7.rpt,evidence/synthesis/V0/new/qor_1p7.rpt,W-2024.09-SP2,typical,NangateOpenCellLibrary,top,1.84,9.5891524,100.0,17.644040416,70,1.23508282912,7.9329497,100.0,14.596627448000001,2810,41.01652312888,8.9028985,100.0,16.38133324,4274,70.01381826776
V0,new,1p8,1.8,1.8458,-0.0458,REG2REG,0,25444.229609,-0.0458,0.0347,0.8341,0.1595,CP_i_ex_mem_reg_i_RM_out_reg,DP_i_fetch_i_pc_i_Y_reg_13_,evidence/synthesis/V0/new/timing_1p8.rpt,evidence/synthesis/V0/new/qor_1p8.rpt,W-2024.09-SP2,typical,NangateOpenCellLibrary,top,1.85,9.5887383,100.0,17.739165855,70,1.24174160985,7.9261933,100.0,14.663457605000001,2810,41.20431587005,8.8745139,100.0,16.417850715,4274,70.16989395591
V0,new,1p9,1.9,1.9252,-0.0252,REG2REG,0,25206.957616,-0.0252,0.0311,0.8319,0.1702,DP_i_execute_i_alu_out_reg_i_Y_reg_1_,DP_i_fetch_i_pc_i_Y_reg_28_,evidence/synthesis/V0/new/timing_1p9.rpt,evidence/synthesis/V0/new/qor_1p9.rpt,W-2024.09-SP2,typical,NangateOpenCellLibrary,top,1.93,9.0101569,100.0,17.389602817,70,1.21727219719,7.5912802,100.0,14.651170786,2810,41.16978990866,8.5140084,100.0,16.432036212,4274,70.230522770088
V0,new,2p0,2.0,1.9991,0.0009,REG2REG,1,24850.783628,0.0009,0.035,0.9597,0.2008,DP_i_mem_access_i_rd_out_reg_i_Y_reg_4_,DP_i_execute_i_alu_out_reg_i_Y_reg_0_,evidence/synthesis/V0/new/timing_2p0.rpt,evidence/synthesis/V0/new/qor_2p0.rpt,W-2024.09-SP2,typical,NangateOpenCellLibrary,top,2.0,8.6311931,100.0,17.2623862,70,1.2083670340000001,7.2399032,100.0,14.4798064,2810,40.688255983999994,8.1071162,100.0,16.2142324,4274,69.2996292776
V0,new,2p5,2.5,2.4997,0.0003,REG2REG,1,23005.275666,0.0003,0.0069,1.3541,0.2082,DP_i/mem_access_i_rd_out_reg_i_Y_reg_1_,DP_i/execute_i_alu_out_reg_i_Y_reg_0_,evidence/synthesis/V0/new/timing_2p5.rpt,evidence/synthesis/V0/new/qor_2p5.rpt,W-2024.09-SP2,typical,NangateOpenCellLibrary,top,2.5,7.0798736,100.0,17.699684,70,1.2389778800000002,5.7599244,100.0,14.399811,2810,40.463468909999996,6.487613,100.0,16.219032499999997,4274,69.32014490499999
V0,new,3p0,3.0,2.9992,0.0008,REG2REG,1,22855.783666,0.0008,0.0749,1.616,0.3842,DP_i/fetch_i_IR_out_reg_28_,DP_i/fetch_i_IR_out_reg_0_,evidence/synthesis/V0/new/timing_3p0.rpt,evidence/synthesis/V0/new/qor_3p0.rpt,W-2024.09-SP2,typical,NangateOpenCellLibrary,top,3.0,5.9190679,100.0,17.757203699999998,70,1.243004259,4.8791978,100.0,14.6375934,2810,41.131637454,5.4520694,100.0,16.3562082,4274,69.90643384680001
V0,new,3p5,3.5,3.4997,0.0003,REG2REG,1,22805.243668,0.0003,0.2418,2.0661,0.7214,DP_i/execute_i_rd_out_reg_i_Y_reg_2_,DP_i/execute_i_alu_out_reg_i_Y_reg_0_,evidence/synthesis/V0/new/timing_3p5.rpt,evidence/synthesis/V0/new/qor_3p5.rpt,W-2024.09-SP2,typical,NangateOpenCellLibrary,top,3.5,5.1411081,100.0,17.993878350000003,70,1.2595714845000001,4.2227125,100.0,14.77949375,2810,41.5303774375,4.7281102,100.0,16.548385699999997,4274,70.72780048179999
V0,new,4p0,4.0,3.9784,0.0216,REG2REG,1,22787.953667,0.0216,0.3121,2.516,0.8926,DP_i/fetch_i_IR_out_reg_26_,DP_i/fetch_i_pc_i_Y_reg_12_,evidence/synthesis/V0/new/timing_4p0.rpt,evidence/synthesis/V0/new/qor_4p0.rpt,W-2024.09-SP2,typical,NangateOpenCellLibrary,top,3.98,4.6632573,100.0,18.559764054,70,1.29918348378,3.7872113,100.0,15.073100974,2810,42.35541373694001,4.2781146,100.0,17.026896108000003,4274,72.77295396559201
V0,old,1p0,1.0,1.6952,-0.6952,REG2REG,0,27140.245562,-0.6952,-0.5564,0.1598,-0.2232,DP_i_fetch_i_IR_out_reg_23_,DP_i_fetch_i_IR_out_reg_24_,evidence/synthesis/V0/old/timing_1p0.rpt,evidence/synthesis/V0/old/qor_1p0.rpt,W-2024.09-SP2,typical,NangateOpenCellLibrary,top,,,,,,,,,,,,,,,,
V0,old,1p05,1.05,1.6596,-0.6096,REG2REG,0,26644.155592,-0.6096,-0.4556,0.1865,-0.2165,DP_i_fetch_i_IR_out_reg_23_,DP_i_fetch_i_pc_i_Y_reg_10_,evidence/synthesis/V0/old/timing_1p05.rpt,evidence/synthesis/V0/old/qor_1p05.rpt,W-2024.09-SP2,typical,NangateOpenCellLibrary,top,,,,,,,,,,,,,,,,
V0,old,1p1,1.1,1.7738,-0.6738,REG2REG,0,27578.879531,-0.6738,-0.5282,0.121,-0.1631,DP_i_fetch_i_IR_out_reg_21_,DP_i_fetch_i_pc_i_Y_reg_29_,evidence/synthesis/V0/old/timing_1p1.rpt,evidence/synthesis/V0/old/qor_1p1.rpt,W-2024.09-SP2,typical,NangateOpenCellLibrary,top,,,,,,,,,,,,,,,,
V0,old,1p15,1.15,1.8418,-0.6918,REG2REG,0,26794.179533,-0.6918,-0.5178,0.2989,-0.1839,DP_i_mem_access_i_rd_out_reg_i_Y_reg_3_,DP_i_fetch_i_pc_i_Y_reg_12_,evidence/synthesis/V0/old/timing_1p15.rpt,evidence/synthesis/V0/old/qor_1p15.rpt,W-2024.09-SP2,typical,NangateOpenCellLibrary,top,,,,,,,,,,,,,,,,
V0,old,1p2,1.2,1.7834,-0.5834,REG2REG,0,26976.655521,-0.5834,-0.4475,0.1645,-0.2085,DP_i_mem_access_i_rd_out_reg_i_Y_reg_3_,DP_i_fetch_i_IR_out_reg_24_,evidence/synthesis/V0/old/timing_1p2.rpt,evidence/synthesis/V0/old/qor_1p2.rpt,W-2024.09-SP2,typical,NangateOpenCellLibrary,top,,,,,,,,,,,,,,,,
V0,old,1p25,1.25,1.7916,-0.5416,REG2REG,0,26514.613546,-0.5416,-0.4708,0.1266,-0.2783,DP_i_fetch_i_IR_out_reg_24_,DP_i_fetch_i_IR_out_reg_28_,evidence/synthesis/V0/old/timing_1p25.rpt,evidence/synthesis/V0/old/qor_1p25.rpt,W-2024.09-SP2,typical,NangateOpenCellLibrary,top,,,,,,,,,,,,,,,,
V0,old,1p3,1.3,1.7395,-0.4395,REG2REG,0,26689.109526,-0.4395,-0.3616,0.1688,-0.1139,DP_i_mem_access_i_rd_out_reg_i_Y_reg_3_,DP_i_fetch_i_pc_i_Y_reg_10_,evidence/synthesis/V0/old/timing_1p3.rpt,evidence/synthesis/V0/old/qor_1p3.rpt,W-2024.09-SP2,typical,NangateOpenCellLibrary,top,,,,,,,,,,,,,,,,
V0,old,1p35,1.35,1.7884,-0.4384,REG2REG,0,26303.67554,-0.4384,-0.317,0.106,-0.1049,DP_i_fetch_i_IR_out_reg_23_,DP_i_fetch_i_pc_i_Y_reg_4_,evidence/synthesis/V0/old/timing_1p35.rpt,evidence/synthesis/V0/old/qor_1p35.rpt,W-2024.09-SP2,typical,NangateOpenCellLibrary,top,,,,,,,,,,,,,,,,
V0,old,1p4,1.4,1.8478,-0.4478,REG2REG,0,26459.285548,-0.4478,-0.2763,0.2835,-0.0897,DP_i_fetch_i_IR_out_reg_21_,DP_i_fetch_i_pc_i_Y_reg_11_,evidence/synthesis/V0/old/timing_1p4.rpt,evidence/synthesis/V0/old/qor_1p4.rpt,W-2024.09-SP2,typical,NangateOpenCellLibrary,top,,,,,,,,,,,,,,,,
V0,old,1p45,1.45,1.7916,-0.3416,REG2REG,0,26649.741536,-0.3416,-0.2559,0.4239,-0.0674,DP_i_fetch_i_IR_out_reg_23_,DP_i_fetch_i_pc_i_Y_reg_0_,evidence/synthesis/V0/old/timing_1p45.rpt,evidence/synthesis/V0/old/qor_1p45.rpt,W-2024.09-SP2,typical,NangateOpenCellLibrary,top,,,,,,,,,,,,,,,,
V0,old,1p5,1.5,1.7979,-0.2979,REG2REG,0,26310.857543,-0.2979,-0.1607,0.5216,0.0126,DP_i_mem_access_i_rd_out_reg_i_Y_reg_2_,DP_i_fetch_i_pc_i_Y_reg_0_,evidence/synthesis/V0/old/timing_1p5.rpt,evidence/synthesis/V0/old/qor_1p5.rpt,W-2024.09-SP2,typical,NangateOpenCellLibrary,top,,,,,,,,,,,,,,,,
V0,old,1p55,1.55,1.8617,-0.3117,REG2REG,0,26079.703538,-0.3117,-0.1493,0.5608,-0.0179,DP_i_fetch_i_IR_out_reg_27_,DP_i_fetch_i_pc_i_Y_reg_14_,evidence/synthesis/V0/old/timing_1p55.rpt,evidence/synthesis/V0/old/qor_1p55.rpt,W-2024.09-SP2,typical,NangateOpenCellLibrary,top,,,,,,,,,,,,,,,,
V0,old,1p6,1.6,1.9058,-0.3058,REG2REG,0,25575.367577,-0.3058,-0.1823,0.604,0.0035,DP_i_fetch_i_IR_out_reg_28_,DP_i_fetch_i_pc_i_Y_reg_25_,evidence/synthesis/V0/old/timing_1p6.rpt,evidence/synthesis/V0/old/qor_1p6.rpt,W-2024.09-SP2,typical,NangateOpenCellLibrary,top,,,,,,,,,,,,,,,,
V0,old,1p7,1.7,1.862,-0.162,REG2REG,0,25484.927609,-0.162,0.0016,0.7024,0.0823,DP_i_execute_i_alu_out_reg_i_Y_reg_1_,DP_i_fetch_i_pc_i_Y_reg_28_,evidence/synthesis/V0/old/timing_1p7.rpt,evidence/synthesis/V0/old/qor_1p7.rpt,W-2024.09-SP2,typical,NangateOpenCellLibrary,top,,,,,,,,,,,,,,,,
V0,old,1p8,1.8,1.8005,-0.0005,REG2REG,0,25288.087612,-0.0005,0.0441,0.8082,0.1362,DP_i_mem_access_i_rd_out_reg_i_Y_reg_3_,DP_i_fetch_i_pc_i_Y_reg_0_,evidence/synthesis/V0/old/timing_1p8.rpt,evidence/synthesis/V0/old/qor_1p8.rpt,W-2024.09-SP2,typical,NangateOpenCellLibrary,top,,,,,,,,,,,,,,,,
V0,old,1p9,1.9,1.9059,-0.0059,REG2REG,0,25089.385623,-0.0059,0.0392,0.7443,0.1844,DP_i_execute_i_alu_out_reg_i_Y_reg_0_,DP_i_fetch_i_pc_i_Y_reg_7_,evidence/synthesis/V0/old/timing_1p9.rpt,evidence/synthesis/V0/old/qor_1p9.rpt,W-2024.09-SP2,typical,NangateOpenCellLibrary,top,,,,,,,,,,,,,,,,
V0,old,2p0,2.0,1.9999,0.0001,REG2REG,1,24773.909624,0.0001,0.0333,0.7107,0.1891,DP_i_decode_i_rs2_addr_i_Y_reg_2_,DP_i_execute_i_boothmul_i_tree_i_register_i_3_Y_temp_reg_31_,evidence/synthesis/V0/old/timing_2p0.rpt,evidence/synthesis/V0/old/qor_2p0.rpt,W-2024.09-SP2,typical,NangateOpenCellLibrary,top,,,,,,,,,,,,,,,,
V0,old,2p5,2.5,2.499,0.001,REG2REG,1,23072.573665,0.001,0.095,1.3828,0.2739,DP_i/mem_access_i_rd_out_reg_i_Y_reg_4_,DP_i/execute_i_alu_out_reg_i_Y_reg_0_,evidence/synthesis/V0/old/timing_2p5.rpt,evidence/synthesis/V0/old/qor_2p5.rpt,W-2024.09-SP2,typical,NangateOpenCellLibrary,top,,,,,,,,,,,,,,,,
V0,old,3p0,3.0,2.9928,0.0072,REG2REG,1,22852.857668,0.0072,0.1769,1.656,0.4985,DP_i/fetch_i_IR_out_reg_27_,DP_i/fetch_i_IR_out_reg_0_,evidence/synthesis/V0/old/timing_3p0.rpt,evidence/synthesis/V0/old/qor_3p0.rpt,W-2024.09-SP2,typical,NangateOpenCellLibrary,top,,,,,,,,,,,,,,,,
V0,old,3p5,3.5,3.4968,0.0032,REG2REG,1,22815.883669,0.0032,0.2423,2.106,0.8841,DP_i/fetch_i_IR_out_reg_26_,DP_i/fetch_i_pc_i_Y_reg_9_,evidence/synthesis/V0/old/timing_3p5.rpt,evidence/synthesis/V0/old/qor_3p5.rpt,W-2024.09-SP2,typical,NangateOpenCellLibrary,top,,,,,,,,,,,,,,,,
V0,old,4p0,4.0,3.8609,0.1391,REG2REG,1,22812.957669,0.1391,0.6574,2.5561,1.2344,DP_i/execute_i_rd_out_reg_i_Y_reg_4_,DP_i/execute_i_alu_out_reg_i_Y_reg_0_,evidence/synthesis/V0/old/timing_4p0.rpt,evidence/synthesis/V0/old/qor_4p0.rpt,W-2024.09-SP2,typical,NangateOpenCellLibrary,top,,,,,,,,,,,,,,,,
V1,new,1p0,1.0,1.4997,-0.4997,REG2REG,0,26847.645549,-0.4997,-0.3883,0.0558,-0.2186,DP_i_fetch_i_IR_out_reg_21_,DP_i_fetch_i_pc_i_Y_reg_5_,evidence/synthesis/V1/new/timing_1p0.rpt,evidence/synthesis/V1/new/qor_1p0.rpt,W-2024.09-SP2,typical,NangateOpenCellLibrary,top,1.5,12.2829,100.0,18.42435,70,1.2897045,9.81819,100.0,14.727284999999998,2810,41.383670849999994,11.1431,100.0,16.71465,4274,71.43841409999999
V1,new,1p05,1.05,1.5631,-0.5131,REG2REG,0,26661.977579,-0.5131,-0.4083,0.0692,-0.132,DP_i_mem_access_i_rd_out_reg_i_Y_reg_1_,DP_i_fetch_i_pc_i_Y_reg_0_,evidence/synthesis/V1/new/timing_1p05.rpt,evidence/synthesis/V1/new/qor_1p05.rpt,W-2024.09-SP2,typical,NangateOpenCellLibrary,top,1.57,11.2323,100.0,17.634711000000003,70,1.2344297700000002,9.18795,100.0,14.425081500000001,2810,40.534479015,10.4222,100.0,16.362854000000002,4274,69.93483799600001
V1,new,1p1,1.1,1.59,-0.49,REG2REG,0,26965.217566,-0.49,-0.3778,0.0423,-0.1,DP_i_fetch_i_IR_out_reg_28_,DP_i_fetch_i_pc_i_Y_reg_26_,evidence/synthesis/V1/new/timing_1p1.rpt,evidence/synthesis/V1/new/qor_1p1.rpt,W-2024.09-SP2,typical,NangateOpenCellLibrary,top,1.59,11.269,100.0,17.91771,70,1.2542397,9.18153,100.0,14.598632700000001,2810,41.022157887,10.3386,100.0,16.438374,4274,70.257610476
V1,new,1p15,1.15,1.6684,-0.5184,REG2REG,0,26722.625577,-0.5184,-0.3364,0.1857,-0.0381,DP_i_fetch_i_IR_out_reg_27_,DP_i_fetch_i_pc_i_Y_reg_1_,evidence/synthesis/V1/new/timing_1p15.rpt,evidence/synthesis/V1/new/qor_1p15.rpt,W-2024.09-SP2,typical,NangateOpenCellLibrary,top,1.67,10.7224,100.0,17.906408,70,1.2534485599999998,8.74896,100.0,14.6107632,2810,41.056244592,9.78105,100.0,16.3343535,4274,69.81302685899999
V1,new,1p2,1.2,1.587,-0.387,REG2REG,0,27135.72353,-0.387,-0.2251,0.256,-0.0252,DP_i_fetch_i_IR_out_reg_27_,DP_i_fetch_i_pc_i_Y_reg_1_,evidence/synthesis/V1/new/timing_1p2.rpt,evidence/synthesis/V1/new/qor_1p2.rpt,W-2024.09-SP2,typical,NangateOpenCellLibrary,top,1.59,11.2411,100.0,17.873349,70,1.25113443,9.26197,100.0,14.7265323,2810,41.381555763,10.4372,100.0,16.595148000000002,4274,70.92766255200002
V1,new,1p25,1.25,1.598,-0.348,REG2REG,0,27000.861543,-0.348,-0.2004,0.2728,0.0054,DP_i_fetch_i_IR_out_reg_27_,DP_i_fetch_i_pc_i_Y_reg_1_,evidence/synthesis/V1/new/timing_1p25.rpt,evidence/synthesis/V1/new/qor_1p25.rpt,W-2024.09-SP2,typical,NangateOpenCellLibrary,top,1.6,11.0536,100.0,17.68576,70,1.2380031999999999,9.28324,100.0,14.853183999999999,2810,41.73744704,10.3881,100.0,16.62096,4274,71.03798304
V1,new,1p3,1.3,1.6389,-0.3389,REG2REG,0,26652.667513,-0.3389,-0.1972,0.2735,-0.0065,DP_i_fetch_i_IR_out_reg_29_,DP_i_fetch_i_pc_i_Y_reg_15_,evidence/synthesis/V1/new/timing_1p3.rpt,evidence/synthesis/V1/new/qor_1p3.rpt,W-2024.09-SP2,typical,NangateOpenCellLibrary,top,1.64,10.8477,100.0,17.790228,70,1.2453159599999999,9.01715,100.0,14.788126,2810,41.55463406,10.1564,100.0,16.656495999999997,4274,71.18986390399998
V1,new,1p35,1.35,1.6178,-0.2678,REG2REG,0,26654.795531,-0.2678,-0.2219,0.2846,-0.0371,DP_i_fetch_i_IR_out_reg_22_,CP_i_hazard_unit_i_SP_scoreboard_reg_1__0_,evidence/synthesis/V1/new/timing_1p35.rpt,evidence/synthesis/V1/new/qor_1p35.rpt,W-2024.09-SP2,typical,NangateOpenCellLibrary,top,1.62,10.9917,100.0,17.806554000000002,70,1.2464587800000002,9.08657,100.0,14.720243400000001,2810,41.363883954,10.2754,100.0,16.646148,4274,71.145636552
V1,new,1p4,1.4,1.5668,-0.1668,REG2REG,0,26822.907527,-0.1668,-0.0769,0.3249,0.0153,DP_i_fetch_i_IR_out_reg_25_,DP_i_fetch_i_pc_i_Y_reg_26_,evidence/synthesis/V1/new/timing_1p4.rpt,evidence/synthesis/V1/new/qor_1p4.rpt,W-2024.09-SP2,typical,NangateOpenCellLibrary,top,1.57,11.3609,100.0,17.836613000000003,70,1.2485629100000004,9.39455,100.0,14.749443500000002,2810,41.445936235000005,10.5833,100.0,16.615781,4274,71.015847994
V1,new,1p45,1.45,1.6369,-0.1869,REG2REG,0,26405.55353,-0.1869,-0.0669,0.3394,0.0396,DP_i_decode_i_rs2_addr_i_Y_reg_3_,DP_i_execute_i_zero_alu_bit_Y_reg,evidence/synthesis/V1/new/timing_1p45.rpt,evidence/synthesis/V1/new/qor_1p45.rpt,W-2024.09-SP2,typical,NangateOpenCellLibrary,top,1.64,10.8211,100.0,17.746603999999998,70,1.2422622799999998,8.87868,100.0,14.561035199999997,2810,40.91650891199999,10.0529,100.0,16.486755999999996,4274,70.46439514399998
V1,new,1p5,1.5,1.6747,-0.1747,REG2REG,0,26234.781538,-0.1747,-0.0227,0.4701,0.1252,DP_i_fetch_i_IR_out_reg_27_,DP_i_fetch_i_pc_i_Y_reg_5_,evidence/synthesis/V1/new/timing_1p5.rpt,evidence/synthesis/V1/new/qor_1p5.rpt,W-2024.09-SP2,typical,NangateOpenCellLibrary,top,1.68,10.5411,100.0,17.709048,70,1.23963336,8.83004,100.0,14.8344672,2810,41.684852832000004,9.95373,100.0,16.7222664,4274,71.4709665936
V1,new,1p55,1.55,1.6853,-0.1353,REG2REG,0,26041.133578,-0.1353,0.001,0.4869,0.0602,DP_i_fetch_i_IR_out_reg_22_,DP_i_fetch_i_pc_i_Y_reg_27_,evidence/synthesis/V1/new/timing_1p55.rpt,evidence/synthesis/V1/new/qor_1p55.rpt,W-2024.09-SP2,typical,NangateOpenCellLibrary,top,1.69,10.3469,100.0,17.486261,70,1.22403827,8.6568,100.0,14.629992,2810,41.11027752,9.65565,100.0,16.3180485,4274,69.74333928899999
V1,new,1p6,1.6,1.621,-0.021,REG2REG,0,26062.945574,-0.021,0.0286,0.5528,0.1106,DP_i_fetch_i_npc_i_Y_reg_0_,DP_i_fetch_i_pc_i_Y_reg_26_,evidence/synthesis/V1/new/timing_1p6.rpt,evidence/synthesis/V1/new/qor_1p6.rpt,W-2024.09-SP2,typical,NangateOpenCellLibrary,top,1.63,10.9227,100.0,17.804001,70,1.24628007,9.05975,100.0,14.767392499999998,2810,41.496372924999996,10.1664,100.0,16.571232,4274,70.82544556799999
V1,new,1p7,1.7,1.7,0.0,REG2REG,1,25191.263608,0.0,0.0278,0.5631,0.1289,DP_i_execute_i_rd_out_reg_i_Y_reg_3_,DP_i_execute_i_boothmul_i_tree_i_register_i_2_Y_temp_reg_29_,evidence/synthesis/V1/new/timing_1p7.rpt,evidence/synthesis/V1/new/qor_1p7.rpt,W-2024.09-SP2,typical,NangateOpenCellLibrary,top,1.7,10.39,100.0,17.663,70,1.23641,8.54075,100.0,14.519274999999999,2810,40.799162749999994,9.56603,100.0,16.262251,4274,69.504860774
V1,new,1p8,1.8,1.7997,0.0003,REG2REG,1,24706.877617,0.0003,0.0592,0.7116,0.1518,CP_i_ex_mem_reg_i_WF1_out_reg,DP_i_execute_i_boothmul_i_tree_i_register_i_2_Y_temp_reg_31_,evidence/synthesis/V1/new/timing_1p8.rpt,evidence/synthesis/V1/new/qor_1p8.rpt,W-2024.09-SP2,typical,NangateOpenCellLibrary,top,1.8,9.65818,100.0,17.384724,70,1.21693068,8.04079,100.0,14.473422,2810,40.67031582,9.00885,100.0,16.21593,4274,69.30688482000001
V1,new,1p9,1.9,1.8997,0.0003,REG2REG,1,24457.103629,0.0003,0.0229,0.6766,0.1414,DP_i_execute_i_rd_out_reg_i_Y_reg_2_,DP_i_execute_i_boothmul_i_tree_i_register_i_3_Y_temp_reg_25_,evidence/synthesis/V1/new/timing_1p9.rpt,evidence/synthesis/V1/new/qor_1p9.rpt,W-2024.09-SP2,typical,NangateOpenCellLibrary,top,1.9,9.19762,100.0,17.475478,70,1.2232834599999998,7.66308,100.0,14.559852,2810,40.91318412,8.55046,100.0,16.245873999999997,4274,69.434865476
V1,new,2p0,2.0,1.9994,0.0006,REG2REG,1,24374.643633,0.0006,0.0512,0.5667,0.109,DP_i_fetch_i_IR_out_reg_28_,DP_i_fetch_i_pc_i_Y_reg_9_,evidence/synthesis/V1/new/timing_2p0.rpt,evidence/synthesis/V1/new/qor_2p0.rpt,W-2024.09-SP2,typical,NangateOpenCellLibrary,top,2.0,8.89749,100.0,17.79498,70,1.2456486,7.24153,100.0,14.48306,2810,40.6973986,8.11169,100.0,16.22338,4274,69.33872611999999
V1,new,2p5,2.5,2.4995,0.0005,REG2REG,1,23007.137664,0.0005,0.0298,1.2459,0.2791,DP_i/mem_access_i_rd_out_reg_i_Y_reg_2_,DP_i/execute_i_zero_alu_bit_Y_reg,evidence/synthesis/V1/new/timing_2p5.rpt,evidence/synthesis/V1/new/qor_2p5.rpt,W-2024.09-SP2,typical,NangateOpenCellLibrary,top,2.5,6.99746,100.0,17.493650000000002,70,1.2245555000000001,5.82256,100.0,14.5564,2810,40.903484,6.54348,100.0,16.3587,4274,69.91708379999999
V1,new,3p0,3.0,2.999,0.001,REG2REG,1,22883.181664,0.001,0.1747,1.6959,0.4624,DP_i/execute_i_rd_out_reg_i_Y_reg_2_,DP_i/execute_i_zero_alu_bit_Y_reg,evidence/synthesis/V1/new/timing_3p0.rpt,evidence/synthesis/V1/new/qor_3p0.rpt,W-2024.09-SP2,typical,NangateOpenCellLibrary,top,3.0,6.0266,100.0,18.0798,70,1.265586,4.97984,100.0,14.939520000000002,2810,41.9800512,5.6168,100.0,16.8504,4274,72.01860959999999
V1,new,3p5,3.5,3.495,0.005,REG2REG,1,22816.149664,0.005,0.4912,1.5814,0.7476,CP_i_mem_w_reg_i_WF1_out_reg,DP_i/execute_i_zero_alu_bit_Y_reg,evidence/synthesis/V1/new/timing_3p5.rpt,evidence/synthesis/V1/new/qor_3p5.rpt,W-2024.09-SP2,typical,NangateOpenCellLibrary,top,3.5,5.24912,100.0,18.37192,70,1.2860344,4.27222,100.0,14.95277,2810,42.0172837,4.83615,100.0,16.926524999999998,4274,72.34396784999998
V1,new,4p0,4.0,3.7749,0.2251,REG2REG,1,22801.785663,0.2251,0.8784,2.0313,1.1504,DP_i/execute_i_rd_out_reg_i_Y_reg_1_,DP_i/execute_i_zero_alu_bit_Y_reg,evidence/synthesis/V1/new/timing_4p0.rpt,evidence/synthesis/V1/new/qor_4p0.rpt,W-2024.09-SP2,typical,NangateOpenCellLibrary,top,3.78,4.83039,100.0,18.2588742,70,1.2781211940000001,3.99016,100.0,15.082804799999998,2810,42.382681487999996,4.50301,100.0,17.0213778,4274,72.74936871719999
V1,old,1p0,1.0,1.6542,-0.6542,REG2REG,0,27271.915556,-0.6542,-0.5065,0.0897,-0.3564,DP_i_fetch_i_IR_out_reg_26_,DP_i_fetch_i_pc_i_Y_reg_0_,evidence/synthesis/V1/old/timing_1p0_old_syn.rpt,evidence/synthesis/V1/old/qor_1p0_old_syn.rpt,W-2024.09-SP2,typical,NangateOpenCellLibrary,top,,,,,,,,,,,,,,,,
V1,old,1p05,1.05,1.6448,-0.5948,REG2REG,0,27124.01951,-0.5948,-0.4926,0.1575,-0.2805,DP_i_fetch_i_IR_out_reg_27_,DP_i_fetch_i_pc_i_Y_reg_3_,evidence/synthesis/V1/old/timing_1p05_old_syn.rpt,evidence/synthesis/V1/old/qor_1p05_old_syn.rpt,W-2024.09-SP2,typical,NangateOpenCellLibrary,top,,,,,,,,,,,,,,,,
V1,old,1p1,1.1,1.5871,-0.4871,REG2REG,0,26898.983551,-0.4871,-0.2784,0.2069,-0.0752,DP_i_decode_i_rs2_addr_i_Y_reg_1_,DP_i_execute_i_zero_alu_bit_Y_reg,evidence/synthesis/V1/old/timing_1p1_old_syn.rpt,evidence/synthesis/V1/old/qor_1p1_old_syn.rpt,W-2024.09-SP2,typical,NangateOpenCellLibrary,top,,,,,,,,,,,,,,,,
V1,old,1p15,1.15,1.6488,-0.4988,REG2REG,0,26630.855555,-0.4988,-0.3403,0.195,-0.1605,DP_i_fetch_i_IR_out_reg_28_,DP_i_fetch_i_pc_i_Y_reg_9_,evidence/synthesis/V1/old/timing_1p15_old_syn.rpt,evidence/synthesis/V1/old/qor_1p15_old_syn.rpt,W-2024.09-SP2,typical,NangateOpenCellLibrary,top,,,,,,,,,,,,,,,,
V1,old,1p2,1.2,1.6248,-0.4248,REG2REG,0,26884.353523,-0.4248,-0.322,0.0369,-0.1432,DP_i_fetch_i_IR_out_reg_25_,DP_i_fetch_i_pc_i_Y_reg_0_,evidence/synthesis/V1/old/timing_1p2_old_syn.rpt,evidence/synthesis/V1/old/qor_1p2_old_syn.rpt,W-2024.09-SP2,typical,NangateOpenCellLibrary,top,,,,,,,,,,,,,,,,
V1,old,1p25,1.25,1.6933,-0.4433,REG2REG,0,26562.493502,-0.4433,-0.3141,0.1577,-0.1119,DP_i_mem_access_i_rd_out_reg_i_Y_reg_4_,DP_i_execute_i_zero_alu_bit_Y_reg,evidence/synthesis/V1/old/timing_1p25_old_syn.rpt,evidence/synthesis/V1/old/qor_1p25_old_syn.rpt,W-2024.09-SP2,typical,NangateOpenCellLibrary,top,,,,,,,,,,,,,,,,
V1,old,1p3,1.3,1.6098,-0.3098,REG2REG,0,26718.635519,-0.3098,-0.2334,0.2527,-0.0524,DP_i_decode_i_rs2_addr_i_Y_reg_1_,DP_i_execute_i_alu_out_reg_i_Y_reg_0_,evidence/synthesis/V1/old/timing_1p3_old_syn.rpt,evidence/synthesis/V1/old/qor_1p3_old_syn.rpt,W-2024.09-SP2,typical,NangateOpenCellLibrary,top,,,,,,,,,,,,,,,,
V1,old,1p35,1.35,1.6186,-0.2686,REG2REG,0,26613.29953,-0.2686,-0.225,0.2829,-0.0238,DP_i_mem_access_i_rd_out_reg_i_Y_reg_3_,CP_i_hazard_unit_i_G_scoreboard_reg_20__1_,evidence/synthesis/V1/old/timing_1p35_old_syn.rpt,evidence/synthesis/V1/old/qor_1p35_old_syn.rpt,W-2024.09-SP2,typical,NangateOpenCellLibrary,top,,,,,,,,,,,,,,,,
V1,old,1p4,1.4,1.6452,-0.2452,REG2REG,0,26618.087517,-0.2452,-0.191,0.3263,-0.0228,DP_i_mem_access_i_rd_out_reg_i_Y_reg_3_,CP_i_hazard_unit_i_G_scoreboard_reg_20__0_,evidence/synthesis/V1/old/timing_1p4_old_syn.rpt,evidence/synthesis/V1/old/qor_1p4_old_syn.rpt,W-2024.09-SP2,typical,NangateOpenCellLibrary,top,,,,,,,,,,,,,,,,
V1,old,1p45,1.45,1.7405,-0.2905,REG2REG,0,26326.019523,-0.2905,-0.1891,0.4993,0.0078,DP_i_fetch_i_IR_out_reg_29_,DP_i_fetch_i_pc_i_Y_reg_29_,evidence/synthesis/V1/old/timing_1p45_old_syn.rpt,evidence/synthesis/V1/old/qor_1p45_old_syn.rpt,W-2024.09-SP2,typical,NangateOpenCellLibrary,top,,,,,,,,,,,,,,,,
V1,old,1p5,1.5,1.7356,-0.2356,REG2REG,0,26237.175525,-0.2356,-0.1572,0.3319,0.0065,DP_i_fetch_i_IR_out_reg_27_,DP_i_fetch_i_pc_i_Y_reg_1_,evidence/synthesis/V1/old/timing_1p5_old_syn.rpt,evidence/synthesis/V1/old/qor_1p5_old_syn.rpt,W-2024.09-SP2,typical,NangateOpenCellLibrary,top,,,,,,,,,,,,,,,,
V1,old,1p55,1.55,1.6632,-0.1132,REG2REG,0,26298.621532,-0.1132,0.0212,0.5763,0.0613,DP_i_fetch_i_IR_out_reg_30_,DP_i_fetch_i_pc_i_Y_reg_1_,evidence/synthesis/V1/old/timing_1p55_old_syn.rpt,evidence/synthesis/V1/old/qor_1p55_old_syn.rpt,W-2024.09-SP2,typical,NangateOpenCellLibrary,top,,,,,,,,,,,,,,,,
V1,old,1p6,1.6,1.6148,-0.0148,REG2REG,0,26074.383582,-0.0148,0.0079,0.5899,0.1446,DP_i_mem_access_i_rd_out_reg_i_Y_reg_4_,DP_i_fetch_i_pc_i_Y_reg_1_,evidence/synthesis/V1/old/timing_1p6_old_syn.rpt,evidence/synthesis/V1/old/qor_1p6_old_syn.rpt,W-2024.09-SP2,typical,NangateOpenCellLibrary,top,,,,,,,,,,,,,,,,
V1,old,1p7,1.7,1.7208,-0.0208,REG2REG,0,25654.369607,-0.0208,0.0577,0.5557,0.1008,DP_i_fetch_i_IR_out_reg_29_,DP_i_fetch_i_pc_i_Y_reg_9_,evidence/synthesis/V1/old/timing_1p7_old_syn.rpt,evidence/synthesis/V1/old/qor_1p7_old_syn.rpt,W-2024.09-SP2,typical,NangateOpenCellLibrary,top,,,,,,,,,,,,,,,,
V1,old,1p8,1.8,1.8,0.0,REG2REG,1,25125.029617,0.0,0.0027,0.6358,0.1423,DP_i_fetch_i_IR_out_reg_27_,DP_i_fetch_i_pc_i_Y_reg_20_,evidence/synthesis/V1/old/timing_1p8_old_syn.rpt,evidence/synthesis/V1/old/qor_1p8_old_syn.rpt,W-2024.09-SP2,typical,NangateOpenCellLibrary,top,,,,,,,,,,,,,,,,
V1,old,1p9,1.9,2.0323,-0.1323,REG2REG,0,24454.709632,-0.1323,0.0077,0.7254,0.1538,DP_i_fetch_i_IR_out_reg_30_,DP_i_fetch_i_pc_i_Y_reg_26_,evidence/synthesis/V1/old/timing_1p9_old_syn.rpt,evidence/synthesis/V1/old/qor_1p9_old_syn.rpt,W-2024.09-SP2,typical,NangateOpenCellLibrary,top,,,,,,,,,,,,,,,,
V1,old,2p0,2.0,1.9987,0.0013,REG2REG,1,24324.90163,0.0013,0.0356,0.8198,0.1954,DP_i/execute_i_rd_out_reg_i_Y_reg_2_,DP_i/execute_i_zero_alu_bit_Y_reg,evidence/synthesis/V1/old/timing_2p0_old_syn.rpt,evidence/synthesis/V1/old/qor_2p0_old_syn.rpt,W-2024.09-SP2,typical,NangateOpenCellLibrary,top,,,,,,,,,,,,,,,,
V1,old,2p5,2.5,2.5,0.0,REG2REG,1,23007.137663,0.0,0.006,1.2459,0.2475,DP_i/mem_access_i_rd_out_reg_i_Y_reg_2_,DP_i/execute_i_boothmul_i_tree_i_register_i_3_Y_temp_reg_28_,evidence/synthesis/V1/old/timing_2p5_old_syn.rpt,evidence/synthesis/V1/old/qor_2p5_old_syn.rpt,W-2024.09-SP2,typical,NangateOpenCellLibrary,top,,,,,,,,,,,,,,,,
V1,old,3p0,3.0,2.9985,0.0015,REG2REG,1,22893.289665,0.0015,0.0327,1.6959,0.2854,CP_i_id_ex_reg_i_link_bit_out_reg,DP_i/execute_i_zero_alu_bit_Y_reg,evidence/synthesis/V1/old/timing_3p0_old_syn.rpt,evidence/synthesis/V1/old/qor_3p0_old_syn.rpt,W-2024.09-SP2,typical,NangateOpenCellLibrary,top,,,,,,,,,,,,,,,,
V1,old,3p5,3.5,3.4983,0.0017,REG2REG,1,22813.223665,0.0017,0.3206,1.5814,0.875,DP_i/execute_i_rd_out_reg_i_Y_reg_1_,DP_i/execute_i_zero_alu_bit_Y_reg,evidence/synthesis/V1/old/timing_3p5_old_syn.rpt,evidence/synthesis/V1/old/qor_3p5_old_syn.rpt,W-2024.09-SP2,typical,NangateOpenCellLibrary,top,,,,,,,,,,,,,,,,
V1,old,4p0,4.0,3.9528,0.0472,REG2REG,1,22804.711663,0.0472,0.6025,2.0314,1.2199,DP_i/execute_i_rd_out_reg_i_Y_reg_1_,DP_i/execute_i_zero_alu_bit_Y_reg,evidence/synthesis/V1/old/timing_4p0_old_syn.rpt,evidence/synthesis/V1/old/qor_4p0_old_syn.rpt,W-2024.09-SP2,typical,NangateOpenCellLibrary,top,,,,,,,,,,,,,,,,
V2,new,1p0,1.0,1.5997,-0.5997,REG2REG,0,26805.617529,-0.5997,-0.462,0.0969,-0.2125,DP_i_fetch_i_IR_out_reg_30_,DP_i_fetch_i_pc_i_Y_reg_19_,evidence/synthesis/V2/new/timing_1p0.rpt,evidence/synthesis/V2/new/qor_1p0.rpt,W-2024.09-SP2,typical,NangateOpenCellLibrary,top,1.6,11.5325,100.0,18.452,70,1.2916400000000001,9.21698,100.0,14.747168,2810,41.43954208,10.4357,100.0,16.69712,4274,71.36349088000001
V2,new,1p05,1.05,1.5675,-0.5175,REG2REG,0,27268.989533,-0.5175,-0.3824,0.0454,-0.0061,DP_i_decode_i_rs2_addr_i_Y_reg_3_,DP_i_execute_i_boothmul_i_tree_i_register_i_3_Y_temp_reg_31_,evidence/synthesis/V2/new/timing_1p05.rpt,evidence/synthesis/V2/new/qor_1p05.rpt,W-2024.09-SP2,typical,NangateOpenCellLibrary,top,1.57,11.3164,100.0,17.766748,70,1.24367236,9.45717,100.0,14.8477569,2810,41.722196888999996,10.6328,100.0,16.693496,4274,71.348001904
V2,new,1p1,1.1,1.4723,-0.3723,REG2REG,0,27474.341559,-0.3723,-0.202,0.078,-0.0532,DP_i_fetch_i_IR_out_reg_28_,DP_i_fetch_i_pc_i_Y_reg_10_,evidence/synthesis/V2/new/timing_1p1.rpt,evidence/synthesis/V2/new/qor_1p1.rpt,W-2024.09-SP2,typical,NangateOpenCellLibrary,top,1.48,12.5771,100.0,18.614107999999998,70,1.3029875599999998,10.2521,100.0,15.173108000000001,2810,42.63643348,11.5732,100.0,17.128336,4274,73.206508064
V2,new,1p15,1.15,1.5567,-0.4067,REG2REG,0,27236.537544,-0.4067,-0.2172,0.2556,-0.0637,DP_i_execute_i_rd_out_reg_i_Y_reg_4_,DP_i_execute_i_zero_alu_bit_Y_reg,evidence/synthesis/V2/new/timing_1p15.rpt,evidence/synthesis/V2/new/qor_1p15.rpt,W-2024.09-SP2,typical,NangateOpenCellLibrary,top,1.56,11.4603,100.0,17.878068000000003,70,1.2514647600000002,9.60074,100.0,14.9771544,2810,42.085803864,10.7994,100.0,16.847064,4274,72.004351536
V2,new,1p2,1.2,1.5831,-0.3831,REG2REG,0,27323.785574,-0.3831,-0.156,0.1369,-0.0034,DP_i_fetch_i_IR_out_reg_27_,DP_i_fetch_i_pc_i_Y_reg_1_,evidence/synthesis/V2/new/timing_1p2.rpt,evidence/synthesis/V2/new/qor_1p2.rpt,W-2024.09-SP2,typical,NangateOpenCellLibrary,top,1.59,11.4375,100.0,18.185625,70,1.2729937500000001,9.49339,100.0,15.0944901,2810,42.415517181000006,10.7418,100.0,17.079462,4274,72.99762058799999
V2,new,1p25,1.25,1.5711,-0.3211,REG2REG,0,26891.535515,-0.3211,-0.2168,0.2965,-0.0826,DP_i_mem_access_i_rd_out_reg_i_Y_reg_3_,CP_i_id_ex_reg_i_WM_out_reg,evidence/synthesis/V2/new/timing_1p25.rpt,evidence/synthesis/V2/new/qor_1p25.rpt,W-2024.09-SP2,typical,NangateOpenCellLibrary,top,1.58,11.4368,100.0,18.070144,70,1.26491008,9.37546,100.0,14.8132268,2810,41.625167308,10.6172,100.0,16.775176000000002,4274,71.697102224
V2,new,1p3,1.3,1.5567,-0.2567,REG2REG,0,27285.747501,-0.2567,-0.1233,0.082,-0.008,DP_i_decode_i_rs2_addr_i_Y_reg_4_,DP_i_execute_i_zero_alu_bit_Y_reg,evidence/synthesis/V2/new/timing_1p3.rpt,evidence/synthesis/V2/new/qor_1p3.rpt,W-2024.09-SP2,typical,NangateOpenCellLibrary,top,1.56,11.5305,100.0,17.98758,70,1.2591306000000002,9.63769,100.0,15.0347964,2810,42.247777883999994,10.8381,100.0,16.907436,4274,72.262381464
V2,new,1p35,1.35,1.607,-0.257,REG2REG,0,26964.951531,-0.257,-0.153,0.3053,-0.0236,DP_i_decode_i_rs2_addr_i_Y_reg_4_,DP_i_execute_i_zero_alu_bit_Y_reg,evidence/synthesis/V2/new/timing_1p35.rpt,evidence/synthesis/V2/new/qor_1p35.rpt,W-2024.09-SP2,typical,NangateOpenCellLibrary,top,1.61,11.2156,100.0,18.057116,70,1.26399812,9.34282,100.0,15.0419402,2810,42.267851962,10.4619,100.0,16.843659000000002,4274,71.98979856600002
V2,new,1p4,1.4,1.6613,-0.2613,REG2REG,0,27124.551507,-0.2613,-0.0478,0.2461,0.0588,DP_i_fetch_i_IR_out_reg_30_,DP_i_fetch_i_pc_i_Y_reg_28_,evidence/synthesis/V2/new/timing_1p4.rpt,evidence/synthesis/V2/new/qor_1p4.rpt,W-2024.09-SP2,typical,NangateOpenCellLibrary,top,1.67,10.8249,100.0,18.077582999999997,70,1.2654308099999998,8.98165,100.0,14.9993555,2810,42.148188954999995,10.0789,100.0,16.831763000000002,4274,71.938955062
V2,new,1p45,1.45,1.6612,-0.2112,REG2REG,0,26521.529535,-0.2112,-0.0483,0.3798,0.0182,DP_i_decode_i_rs2_addr_i_Y_reg_3_,DP_i_execute_i_zero_alu_bit_Y_reg,evidence/synthesis/V2/new/timing_1p45.rpt,evidence/synthesis/V2/new/qor_1p45.rpt,W-2024.09-SP2,typical,NangateOpenCellLibrary,top,1.67,10.5749,100.0,17.660083,70,1.23620581,8.89744,100.0,14.8587248,2810,41.753016687999995,10.0513,100.0,16.785670999999997,4274,71.74195785399999
V2,new,1p5,1.5,1.62,-0.12,REG2REG,0,26850.305523,-0.12,0.0041,0.2956,0.1045,DP_i_fetch_i_IR_out_reg_27_,DP_i_fetch_i_pc_i_Y_reg_4_,evidence/synthesis/V2/new/timing_1p5.rpt,evidence/synthesis/V2/new/qor_1p5.rpt,W-2024.09-SP2,typical,NangateOpenCellLibrary,top,1.62,11.0141,100.0,17.842842,70,1.2489989400000001,9.1751,100.0,14.863662000000001,2810,41.76689022,10.3358,100.0,16.743996000000003,4274,71.56383890400002
V2,new,1p55,1.55,1.621,-0.071,REG2REG,0,26446.251562,-0.071,0.0159,0.3249,0.1485,DP_i_fetch_i_IR_out_reg_21_,CP_i_hazard_unit_i_G_scoreboard_reg_10__0_,evidence/synthesis/V2/new/timing_1p55.rpt,evidence/synthesis/V2/new/qor_1p55.rpt,W-2024.09-SP2,typical,NangateOpenCellLibrary,top,1.63,10.8721,100.0,17.721522999999998,70,1.24050661,9.03334,100.0,14.7243442,2810,41.375407202000005,10.1106,100.0,16.480278,4274,70.436708172
V2,new,1p6,1.6,1.6,0.0,REG2REG,1,26215.895573,0.0,0.0035,0.4631,0.092,DP_i_decode_i_rs2_addr_i_Y_reg_3_,DP_i_execute_i_boothmul_i_tree_i_register_i_2_Y_temp_reg_29_,evidence/synthesis/V2/new/timing_1p6.rpt,evidence/synthesis/V2/new/qor_1p6.rpt,W-2024.09-SP2,typical,NangateOpenCellLibrary,top,1.6,11.3246,100.0,18.11936,70,1.2683552,9.33089,100.0,14.929424000000001,2810,41.95168144,10.5032,100.0,16.80512,4274,71.82508288
V2,new,1p7,1.7,1.7,0.0,REG2REG,1,25623.247576,0.0,0.09,0.46,0.12,DP_i_execute_i_rd_out_reg_i_Y_reg_3_,DP_i_execute_i_boothmul_i_tree_i_register_i_3_Y_temp_reg_28_,evidence/synthesis/V2/new/timing_1p7.rpt,evidence/synthesis/V2/new/qor_1p7.rpt,W-2024.09-SP2,typical,NangateOpenCellLibrary,top,1.7,10.6465,100.0,18.09905,70,1.2669335,8.67201,100.0,14.742417,2810,41.426191769999996,9.7073,100.0,16.50241,4274,70.53130034
V2,new,1p8,1.8,1.7995,0.0005,REG2REG,1,25246.591609,0.0005,0.0786,0.753,0.2095,DP_i_mem_access_i_rd_out_reg_i_Y_reg_2_,DP_i_execute_i_alu_out_reg_i_Y_reg_0_,evidence/synthesis/V2/new/timing_1p8.rpt,evidence/synthesis/V2/new/qor_1p8.rpt,W-2024.09-SP2,typical,NangateOpenCellLibrary,top,1.8,9.97588,100.0,17.956584,70,1.2569608799999998,8.15068,100.0,14.671223999999999,2810,41.22613944,9.15651,100.0,16.481718,4274,70.44286273200001
V2,new,1p9,1.9,1.9,0.0,REG2REG,1,25074.755619,0.0,0.0227,0.7545,0.2277,DP_i_execute_i_rd_out_reg_i_Y_reg_3_,DP_i_execute_i_boothmul_i_tree_i_register_i_3_Y_temp_reg_23_,evidence/synthesis/V2/new/timing_1p9.rpt,evidence/synthesis/V2/new/qor_1p9.rpt,W-2024.09-SP2,typical,NangateOpenCellLibrary,top,1.9,9.2322,100.0,17.54118,70,1.2278826,7.71075,100.0,14.650424999999998,2810,41.16769425,8.58835,100.0,16.317865,4274,69.74255501000002
V2,new,2p0,2.0,1.999,0.001,REG2REG,1,24905.845623,0.001,0.002,0.8194,0.1629,DP_i_execute_i_rd_out_reg_i_Y_reg_0_,DP_i_execute_i_zero_alu_bit_Y_reg,evidence/synthesis/V2/new/timing_2p0.rpt,evidence/synthesis/V2/new/qor_2p0.rpt,W-2024.09-SP2,typical,NangateOpenCellLibrary,top,2.0,8.77789,100.0,17.55578,70,1.2289046,7.2531,100.0,14.5062,2810,40.762422,8.09804,100.0,16.19608,4274,69.22204591999999
V2,new,2p5,2.5,2.4984,0.0016,REG2REG,1,23190.145665,0.0016,0.0052,1.2505,0.2784,DP_i/execute_i_rd_out_reg_i_Y_reg_1_,DP_i/execute_i_zero_alu_bit_Y_reg,evidence/synthesis/V2/new/timing_2p5.rpt,evidence/synthesis/V2/new/qor_2p5.rpt,W-2024.09-SP2,typical,NangateOpenCellLibrary,top,2.5,7.1205,100.0,17.80125,70,1.2460874999999998,5.92729,100.0,14.818225,2810,41.63921225,6.69695,100.0,16.742375,4274,71.55691075
V2,new,3p0,3.0,2.998,0.002,REG2REG,1,23051.027663,0.002,0.036,1.6959,0.2894,DP_i/fetch_i_IR_out_reg_31_,DP_i/fetch_i_pc_i_Y_reg_2_,evidence/synthesis/V2/new/timing_3p0.rpt,evidence/synthesis/V2/new/qor_3p0.rpt,W-2024.09-SP2,typical,NangateOpenCellLibrary,top,3.0,6.16037,100.0,18.48111,70,1.2936777000000002,5.03823,100.0,15.114690000000001,2810,42.472278900000006,5.66969,100.0,17.00907,4274,72.69676518
V2,new,3p5,3.5,3.4992,0.0008,REG2REG,1,22953.671664,0.0008,0.1733,1.5814,0.7437,DP_i/fetch_i_IR_out_reg_30_,DP_i/fetch_i_IR_out_reg_3_,evidence/synthesis/V2/new/timing_3p5.rpt,evidence/synthesis/V2/new/qor_3p5.rpt,W-2024.09-SP2,typical,NangateOpenCellLibrary,top,3.5,5.30054,100.0,18.55189,70,1.2986323,4.32107,100.0,15.123745,2810,42.497723449999995,4.85017,100.0,16.975595000000002,4274,72.55369303
V2,new,4p0,4.0,3.9811,0.0189,REG2REG,1,22914.835665,0.0189,0.323,2.0313,1.177,DP_i/fetch_i_IR_out_reg_29_,DP_i/fetch_i_pc_i_Y_reg_1_,evidence/synthesis/V2/new/timing_4p0.rpt,evidence/synthesis/V2/new/qor_4p0.rpt,W-2024.09-SP2,typical,NangateOpenCellLibrary,top,3.99,4.6657,100.0,18.616143,70,1.30313001,3.86334,100.0,15.414726600000002,2810,43.31538174600001,4.34957,100.0,17.354784300000002,4274,74.1743480982
V2,old,1p0,1.0,1.5795,-0.5795,REG2REG,0,27201.957543,-0.5795,-0.4751,0.1016,-0.2781,DP_i_fetch_i_IR_out_reg_30_,DP_i_fetch_i_pc_i_Y_reg_9_,evidence/synthesis/V2/old/timing_1p0_old_syn.rpt,evidence/synthesis/V2/old/qor_1p0_old_syn.rpt,W-2024.09-SP2,typical,NangateOpenCellLibrary,top,,,,,,,,,,,,,,,,
V2,old,1p05,1.05,1.7179,-0.6679,REG2REG,0,27189.98753,-0.6679,-0.5137,0.159,-0.201,DP_i_fetch_i_IR_out_reg_27_,DP_i_fetch_i_IR_out_reg_27_,evidence/synthesis/V2/old/timing_1p05_old_syn.rpt,evidence/synthesis/V2/old/qor_1p05_old_syn.rpt,W-2024.09-SP2,typical,NangateOpenCellLibrary,top,,,,,,,,,,,,,,,,
V2,old,1p1,1.1,1.5912,-0.4912,REG2REG,0,27142.905564,-0.4912,-0.3273,0.0824,-0.113,DP_i_fetch_i_IR_out_reg_27_,DP_i_fetch_i_pc_i_Y_reg_7_,evidence/synthesis/V2/old/timing_1p1_old_syn.rpt,evidence/synthesis/V2/old/qor_1p1_old_syn.rpt,W-2024.09-SP2,typical,NangateOpenCellLibrary,top,,,,,,,,,,,,,,,,
V2,old,1p15,1.15,1.6861,-0.5361,REG2REG,0,26957.237562,-0.5361,-0.3689,0.1344,-0.1715,CP_i_ex_mem_reg_i_RM_out_reg,DP_i_execute_i_zero_alu_bit_Y_reg,evidence/synthesis/V2/old/timing_1p15_old_syn.rpt,evidence/synthesis/V2/old/qor_1p15_old_syn.rpt,W-2024.09-SP2,typical,NangateOpenCellLibrary,top,,,,,,,,,,,,,,,,
V2,old,1p2,1.2,1.654,-0.454,REG2REG,0,27030.387554,-0.454,-0.2411,0.1698,-0.0479,DP_i_fetch_i_IR_out_reg_28_,DP_i_fetch_i_pc_i_Y_reg_20_,evidence/synthesis/V2/old/timing_1p2_old_syn.rpt,evidence/synthesis/V2/old/qor_1p2_old_syn.rpt,W-2024.09-SP2,typical,NangateOpenCellLibrary,top,,,,,,,,,,,,,,,,
V2,old,1p25,1.25,1.6572,-0.4072,REG2REG,0,26724.221508,-0.4072,-0.2491,0.0907,-0.0986,DP_i_fetch_i_npc_i_Y_reg_2_,DP_i_fetch_i_pc_i_Y_reg_17_,evidence/synthesis/V2/old/timing_1p25_old_syn.rpt,evidence/synthesis/V2/old/qor_1p25_old_syn.rpt,W-2024.09-SP2,typical,NangateOpenCellLibrary,top,,,,,,,,,,,,,,,,
V2,old,1p3,1.3,1.6817,-0.3817,REG2REG,0,26875.309522,-0.3817,-0.2085,0.234,-0.0143,DP_i_decode_i_rs2_addr_i_Y_reg_1_,DP_i_execute_i_zero_alu_bit_Y_reg,evidence/synthesis/V2/old/timing_1p3_old_syn.rpt,evidence/synthesis/V2/old/qor_1p3_old_syn.rpt,W-2024.09-SP2,typical,NangateOpenCellLibrary,top,,,,,,,,,,,,,,,,
V2,old,1p35,1.35,1.647,-0.297,REG2REG,0,26612.235518,-0.297,-0.2858,0.2755,-0.0814,DP_i_fetch_i_IR_out_reg_26_,DP_i_fetch_i_pc_i_Y_reg_25_,evidence/synthesis/V2/old/timing_1p35_old_syn.rpt,evidence/synthesis/V2/old/qor_1p35_old_syn.rpt,W-2024.09-SP2,typical,NangateOpenCellLibrary,top,,,,,,,,,,,,,,,,
V2,old,1p4,1.4,1.6979,-0.2979,REG2REG,0,26595.21151,-0.2979,-0.1036,0.2649,0.0012,DP_i_fetch_i_IR_out_reg_27_,DP_i_fetch_i_pc_i_Y_reg_0_,evidence/synthesis/V2/old/timing_1p4_old_syn.rpt,evidence/synthesis/V2/old/qor_1p4_old_syn.rpt,W-2024.09-SP2,typical,NangateOpenCellLibrary,top,,,,,,,,,,,,,,,,
V2,old,1p45,1.45,1.7222,-0.2722,REG2REG,0,26442.79351,-0.2722,-0.1113,0.2136,0.0366,DP_i_fetch_i_IR_out_reg_31_,DP_i_fetch_i_pc_i_Y_reg_7_,evidence/synthesis/V2/old/timing_1p45_old_syn.rpt,evidence/synthesis/V2/old/qor_1p45_old_syn.rpt,W-2024.09-SP2,typical,NangateOpenCellLibrary,top,,,,,,,,,,,,,,,,
V2,old,1p5,1.5,1.6779,-0.1779,REG2REG,0,26430.823524,-0.1779,-0.029,0.2831,0.0467,DP_i_fetch_i_IR_out_reg_28_,DP_i_fetch_i_pc_i_Y_reg_1_,evidence/synthesis/V2/old/timing_1p5_old_syn.rpt,evidence/synthesis/V2/old/qor_1p5_old_syn.rpt,W-2024.09-SP2,typical,NangateOpenCellLibrary,top,,,,,,,,,,,,,,,,
V2,old,1p55,1.55,1.7097,-0.1597,REG2REG,0,26145.405574,-0.1597,-0.0175,0.2948,0.0659,DP_i_fetch_i_IR_out_reg_31_,DP_i_fetch_i_pc_i_Y_reg_6_,evidence/synthesis/V2/old/timing_1p55_old_syn.rpt,evidence/synthesis/V2/old/qor_1p55_old_syn.rpt,W-2024.09-SP2,typical,NangateOpenCellLibrary,top,,,,,,,,,,,,,,,,
V2,old,1p6,1.6,1.7284,-0.1284,REG2REG,0,25912.92159,-0.1284,0.0066,0.6409,0.0697,DP_i_fetch_i_IR_out_reg_30_,DP_i_fetch_i_pc_i_Y_reg_29_,evidence/synthesis/V2/old/timing_1p6_old_syn.rpt,evidence/synthesis/V2/old/qor_1p6_old_syn.rpt,W-2024.09-SP2,typical,NangateOpenCellLibrary,top,,,,,,,,,,,,,,,,
V2,old,1p7,1.7,1.727,-0.027,REG2REG,0,25848.549589,-0.027,0.0061,0.6539,0.1332,DP_i_fetch_i_IR_out_reg_30_,DP_i_fetch_i_pc_i_Y_reg_5_,evidence/synthesis/V2/old/timing_1p7_old_syn.rpt,evidence/synthesis/V2/old/qor_1p7_old_syn.rpt,W-2024.09-SP2,typical,NangateOpenCellLibrary,top,,,,,,,,,,,,,,,,
V2,old,1p8,1.8,1.7995,0.0005,REG2REG,1,25325.061603,0.0005,0.0111,0.7339,0.1116,DP_i_mem_access_i_rd_out_reg_i_Y_reg_0_,DP_i_execute_i_alu_out_reg_i_Y_reg_0_,evidence/synthesis/V2/old/timing_1p8_old_syn.rpt,evidence/synthesis/V2/old/qor_1p8_old_syn.rpt,W-2024.09-SP2,typical,NangateOpenCellLibrary,top,,,,,,,,,,,,,,,,
V2,old,1p9,1.9,1.9,0.0,REG2REG,1,25122.103619,0.0,0.0042,0.7432,0.1585,DP_i_execute_i_rd_out_reg_i_Y_reg_1_,DP_i_execute_i_zero_alu_bit_Y_reg,evidence/synthesis/V2/old/timing_1p9_old_syn.rpt,evidence/synthesis/V2/old/qor_1p9_old_syn.rpt,W-2024.09-SP2,typical,NangateOpenCellLibrary,top,,,,,,,,,,,,,,,,
V2,old,2p0,2.0,1.9974,0.0026,REG2REG,1,24878.447627,0.0026,0.1368,0.922,0.2476,DP_i_fetch_i_IR_out_reg_26_,DP_i_fetch_i_pc_i_Y_reg_22_,evidence/synthesis/V2/old/timing_2p0_old_syn.rpt,evidence/synthesis/V2/old/qor_2p0_old_syn.rpt,W-2024.09-SP2,typical,NangateOpenCellLibrary,top,,,,,,,,,,,,,,,,
V2,old,2p5,2.5,2.4995,0.0005,REG2REG,1,23128.433666,0.0005,0.0484,1.247,0.3371,CP_i_mem_w_reg_i_WF1_out_reg,DP_i/execute_i_boothmul_i_tree_i_register_i_2_Y_temp_reg_30_,evidence/synthesis/V2/old/timing_2p5_old_syn.rpt,evidence/synthesis/V2/old/qor_2p5_old_syn.rpt,W-2024.09-SP2,typical,NangateOpenCellLibrary,top,,,,,,,,,,,,,,,,
V2,old,3p0,3.0,2.9962,0.0038,REG2REG,1,22991.443668,0.0038,0.0405,1.6959,0.2938,DP_i/fetch_i_IR_out_reg_26_,DP_i/fetch_i_pc_i_Y_reg_2_,evidence/synthesis/V2/old/timing_3p0_old_syn.rpt,evidence/synthesis/V2/old/qor_3p0_old_syn.rpt,W-2024.09-SP2,typical,NangateOpenCellLibrary,top,,,,,,,,,,,,,,,,
V2,old,3p5,3.5,3.4919,0.0081,REG2REG,1,22912.973666,0.0081,0.2517,1.5814,0.7674,DP_i/execute_i_rd_out_reg_i_Y_reg_2_,DP_i/execute_i_zero_alu_bit_Y_reg,evidence/synthesis/V2/old/timing_3p5_old_syn.rpt,evidence/synthesis/V2/old/qor_3p5_old_syn.rpt,W-2024.09-SP2,typical,NangateOpenCellLibrary,top,,,,,,,,,,,,,,,,
V2,old,4p0,4.0,3.9753,0.0247,REG2REG,1,22880.255666,0.0247,0.4035,2.0314,1.1987,DP_i/fetch_i_IR_out_reg_29_,DP_i/fetch_i_pc_i_Y_reg_1_,evidence/synthesis/V2/old/timing_4p0_old_syn.rpt,evidence/synthesis/V2/old/qor_4p0_old_syn.rpt,W-2024.09-SP2,typical,NangateOpenCellLibrary,top,,,,,,,,,,,,,,,,
V3,new,1p0,1.0,1.4154,-0.4154,REG2REG,0,27067.627576,-0.4154,-0.2717,0.1274,-0.1275,DP_i_mem_access_i_rd_out_reg_i_Y_reg_1_,DP_i_execute_i_boothmul_i_tree_i_register_i_2_Y_temp_reg_30_,evidence/synthesis/V3/new/timing_1p0.rpt,evidence/synthesis/V3/new/qor_1p0.rpt,W-2024.09-SP2,typical,NangateOpenCellLibrary,top,1.42,13.0075,100.0,18.47065,70,1.2929455,10.557,100.0,14.99094,2810,42.124541400000005,11.9069,100.0,16.907798,4274,72.263928652
V3,new,1p05,1.05,1.4747,-0.4247,REG2REG,0,26679.533574,-0.4247,-0.247,0.0575,-0.1295,DP_i_decode_i_rs2_addr_i_Y_reg_1_,DP_i_execute_i_boothmul_i_tree_i_register_i_3_Y_temp_reg_29_,evidence/synthesis/V3/new/timing_1p05.rpt,evidence/synthesis/V3/new/qor_1p05.rpt,W-2024.09-SP2,typical,NangateOpenCellLibrary,top,1.48,12.2458,100.0,18.123783999999997,70,1.2686648799999998,10.0086,100.0,14.812728,2810,41.62376568,11.3221,100.0,16.756708,4274,71.61816999199999
V3,new,1p1,1.1,1.5111,-0.4111,REG2REG,0,27327.243565,-0.4111,-0.251,0.1355,-0.0652,DP_i_fetch_i_IR_out_reg_27_,DP_i_fetch_i_pc_i_Y_reg_23_,evidence/synthesis/V3/new/timing_1p1.rpt,evidence/synthesis/V3/new/qor_1p1.rpt,W-2024.09-SP2,typical,NangateOpenCellLibrary,top,1.52,11.9954,100.0,18.233008,70,1.2763105600000002,9.72247,100.0,14.7781544,2810,41.526613864,10.9795,100.0,16.68884,4274,71.32810216
V3,new,1p15,1.15,1.5167,-0.3667,REG2REG,0,26962.557555,-0.3667,-0.2959,0.1961,-0.0276,DP_i_decode_i_rs2_addr_i_Y_reg_2_,DP_i_execute_i_zero_alu_bit_Y_reg,evidence/synthesis/V3/new/timing_1p15.rpt,evidence/synthesis/V3/new/qor_1p15.rpt,W-2024.09-SP2,typical,NangateOpenCellLibrary,top,1.52,11.8883,100.0,18.070216,70,1.26491512,9.8249,100.0,14.933848,2810,41.96411288,11.0186,100.0,16.748272,4274,71.582114528
V3,new,1p2,1.2,1.5367,-0.3367,REG2REG,0,27192.115551,-0.3367,-0.2221,0.1176,-0.0537,DP_i_execute_i_rd_out_reg_i_Y_reg_4_,DP_i_execute_i_zero_alu_bit_Y_reg,evidence/synthesis/V3/new/timing_1p2.rpt,evidence/synthesis/V3/new/qor_1p2.rpt,W-2024.09-SP2,typical,NangateOpenCellLibrary,top,1.54,11.8555,100.0,18.257469999999998,70,1.2780228999999999,9.73112,100.0,14.985924800000001,2810,42.110448688000005,10.9166,100.0,16.811564,4274,71.85262453600001
V3,new,1p25,1.25,1.5855,-0.3355,REG2REG,0,26485.353573,-0.3355,-0.254,0.2627,-0.0749,DP_i_fetch_i_IR_out_reg_26_,DP_i_fetch_i_pc_i_Y_reg_23_,evidence/synthesis/V3/new/timing_1p25.rpt,evidence/synthesis/V3/new/qor_1p25.rpt,W-2024.09-SP2,typical,NangateOpenCellLibrary,top,1.59,11.1183,100.0,17.678097,70,1.2374667900000003,9.18532,100.0,14.604658800000003,2810,41.039091228000004,10.3032,100.0,16.382088000000003,4274,70.01704411200002
V3,new,1p3,1.3,1.5846,-0.2846,REG2REG,0,26718.901545,-0.2846,-0.1007,0.261,0.0314,DP_i_fetch_i_IR_out_reg_30_,DP_i_fetch_i_pc_i_Y_reg_0_,evidence/synthesis/V3/new/timing_1p3.rpt,evidence/synthesis/V3/new/qor_1p3.rpt,W-2024.09-SP2,typical,NangateOpenCellLibrary,top,1.59,11.3055,100.0,17.975745,70,1.25830215,9.34393,100.0,14.8568487,2810,41.747744847,10.478,100.0,16.66002,4274,71.20492547999999
V3,new,1p35,1.35,1.5977,-0.2477,REG2REG,0,26468.861575,-0.2477,-0.1844,0.1157,-0.0154,DP_i_mem_access_i_rd_out_reg_i_Y_reg_0_,CP_i_hazard_unit_i_G_scoreboard_reg_28__0_,evidence/synthesis/V3/new/timing_1p35.rpt,evidence/synthesis/V3/new/qor_1p35.rpt,W-2024.09-SP2,typical,NangateOpenCellLibrary,top,1.6,11.3262,100.0,18.12192,70,1.2685344,9.1974,100.0,14.71584,2810,41.3515104,10.3567,100.0,16.57072,4274,70.82325728
V3,new,1p4,1.4,1.6444,-0.2444,REG2REG,0,26627.131556,-0.2444,-0.0667,0.4788,0.029,DP_i_mem_access_i_rd_out_reg_i_Y_reg_3_,CP_i_hazard_unit_i_G_scoreboard_reg_9__0_,evidence/synthesis/V3/new/timing_1p4.rpt,evidence/synthesis/V3/new/qor_1p4.rpt,W-2024.09-SP2,typical,NangateOpenCellLibrary,top,1.65,10.7915,100.0,17.805974999999997,70,1.2464182499999996,8.97727,100.0,14.8124955,2810,41.623112355,10.0953,100.0,16.657245,4274,71.19306513000001
V3,new,1p45,1.45,1.5985,-0.1485,REG2REG,0,26891.003554,-0.1485,-0.1081,0.5238,0.0466,DP_i_decode_i_rs2_addr_i_Y_reg_1_,DP_i_execute_i_zero_alu_bit_Y_reg,evidence/synthesis/V3/new/timing_1p45.rpt,evidence/synthesis/V3/new/qor_1p45.rpt,W-2024.09-SP2,typical,NangateOpenCellLibrary,top,1.6,11.3721,100.0,18.19536,70,1.2736752000000002,9.32246,100.0,14.915936,2810,41.91378016,10.4712,100.0,16.75392,4274,71.60625408
V3,new,1p5,1.5,1.5963,-0.0963,REG2REG,0,26509.293566,-0.0963,-0.0431,0.5462,0.0004,DP_i_mem_access_i_rd_out_reg_i_Y_reg_3_,CP_i_hazard_unit_i_G_scoreboard_reg_28__1_,evidence/synthesis/V3/new/timing_1p5.rpt,evidence/synthesis/V3/new/qor_1p5.rpt,W-2024.09-SP2,typical,NangateOpenCellLibrary,top,1.6,11.1178,100.0,17.788480000000003,70,1.2451936000000003,9.26707,100.0,14.827312000000001,2810,41.664746720000004,10.4555,100.0,16.728800000000003,4274,71.49889120000002
V3,new,1p55,1.55,1.5594,-0.0094,REG2REG,0,26144.607581,-0.0094,0.0124,0.4704,0.1464,DP_i_execute_i_boothmul_i_tree_i_register_i_1_Y_temp_reg_9_,DP_i_execute_i_zero_alu_bit_Y_reg,evidence/synthesis/V3/new/timing_1p55.rpt,evidence/synthesis/V3/new/qor_1p55.rpt,W-2024.09-SP2,typical,NangateOpenCellLibrary,top,1.56,11.4983,100.0,17.937348,70,1.25561436,9.556,100.0,14.907359999999999,2810,41.889681599999996,10.7885,100.0,16.830060000000003,4274,71.93167644
V3,new,1p6,1.6,1.6211,-0.0211,REG2REG,0,25930.743561,-0.0211,0.0474,0.3702,0.0855,DP_i_fetch_i_IR_out_reg_28_,DP_i_fetch_i_pc_i_Y_reg_9_,evidence/synthesis/V3/new/timing_1p6.rpt,evidence/synthesis/V3/new/qor_1p6.rpt,W-2024.09-SP2,typical,NangateOpenCellLibrary,top,1.63,11.0892,100.0,18.075395999999998,70,1.2652777199999998,9.07895,100.0,14.7986885,2810,41.584314685,10.1832,100.0,16.598615999999996,4274,70.94248478399999
V3,new,1p7,1.7,1.6999,0.0001,REG2REG,1,25669.531577,0.0001,0.0034,0.449,0.105,DP_i_fetch_i_IR_out_reg_23_,CP_i_hazard_unit_i_G_scoreboard_reg_20__0_,evidence/synthesis/V3/new/timing_1p7.rpt,evidence/synthesis/V3/new/qor_1p7.rpt,W-2024.09-SP2,typical,NangateOpenCellLibrary,top,1.7,10.6323,100.0,18.07491,70,1.2652437,8.72004,100.0,14.824067999999999,2810,41.65563108,9.81652,100.0,16.688084,4274,71.324871016
V3,new,1p8,1.8,1.799,0.001,REG2REG,1,25350.331597,0.001,0.0425,0.7677,0.1267,DP_i_execute_i_rd_out_reg_i_Y_reg_1_,DP_i_execute_i_boothmul_i_tree_i_register_i_2_Y_temp_reg_31_,evidence/synthesis/V3/new/timing_1p8.rpt,evidence/synthesis/V3/new/qor_1p8.rpt,W-2024.09-SP2,typical,NangateOpenCellLibrary,top,1.8,10.0276,100.0,18.04968,70,1.2634775999999999,8.14708,100.0,14.664744000000002,2810,41.20793064000001,9.18214,100.0,16.527852000000003,4274,70.64003944800001
V3,new,1p9,1.9,1.8997,0.0003,REG2REG,1,25170.515603,0.0003,0.0045,0.8254,0.1532,DP_i_fetch_i_IR_out_reg_27_,DP_i_fetch_i_IR_out_reg_10_,evidence/synthesis/V3/new/timing_1p9.rpt,evidence/synthesis/V3/new/qor_1p9.rpt,W-2024.09-SP2,typical,NangateOpenCellLibrary,top,1.9,9.25257,100.0,17.579883,70,1.23059181,7.65608,100.0,14.546552,2810,40.87581112,8.58397,100.0,16.309543,4274,69.706986782
V3,new,2p0,2.0,1.9985,0.0015,REG2REG,1,25173.707625,0.0015,0.016,0.9018,0.1192,DP_i_fetch_i_IR_out_reg_27_,DP_i_fetch_i_pc_i_Y_reg_14_,evidence/synthesis/V3/new/timing_2p0.rpt,evidence/synthesis/V3/new/qor_2p0.rpt,W-2024.09-SP2,typical,NangateOpenCellLibrary,top,2.0,9.15207,100.0,18.30414,70,1.2812898,7.40899,100.0,14.81798,2810,41.6385238,8.30329,100.0,16.60658,4274,70.97652292000001
V3,new,2p5,2.5,2.4991,0.0009,REG2REG,1,23358.25766,0.0009,0.0081,1.4418,0.2428,DP_i/mem_access_i_rd_out_reg_i_Y_reg_0_,DP_i/execute_i_zero_alu_bit_Y_reg,evidence/synthesis/V3/new/timing_2p5.rpt,evidence/synthesis/V3/new/qor_2p5.rpt,W-2024.09-SP2,typical,NangateOpenCellLibrary,top,2.5,6.84046,100.0,17.10115,70,1.1970805,5.88138,100.0,14.70345,2810,41.3166945,6.54146,100.0,16.35365,4274,69.89550009999999
V3,new,3p0,3.0,2.998,0.002,REG2REG,1,23232.173658,0.002,0.0257,1.3828,0.3327,DP_i/execute_i_rd_out_reg_i_Y_reg_1_,DP_i/execute_i_boothmul_i_tree_i_register_i_3_Y_temp_reg_31_,evidence/synthesis/V3/new/timing_3p0.rpt,evidence/synthesis/V3/new/qor_3p0.rpt,W-2024.09-SP2,typical,NangateOpenCellLibrary,top,3.0,5.91333,100.0,17.73999,70,1.2417992999999998,4.99193,100.0,14.97579,2810,42.0819699,5.55431,100.0,16.66293,4274,71.21736281999999
V3,new,3p5,3.5,3.4994,0.0006,REG2REG,1,23090.927661,0.0006,0.2253,1.8328,0.6728,DP_i/fetch_i_IR_out_reg_30_,DP_i/fetch_i_IR_out_reg_26_,evidence/synthesis/V3/new/timing_3p5.rpt,evidence/synthesis/V3/new/qor_3p5.rpt,W-2024.09-SP2,typical,NangateOpenCellLibrary,top,3.5,5.06984,100.0,17.74444,70,1.2421108,4.32833,100.0,15.149155,2810,42.56912555,4.81375,100.0,16.848125,4274,72.00888624999999
V3,new,4p0,4.0,3.9618,0.0382,REG2REG,1,23072.041661,0.0382,0.436,2.2828,1.1142,DP_i/fetch_i_IR_out_reg_29_,DP_i/fetch_i_pc_i_Y_reg_1_,evidence/synthesis/V3/new/timing_4p0.rpt,evidence/synthesis/V3/new/qor_4p0.rpt,W-2024.09-SP2,typical,NangateOpenCellLibrary,top,3.97,4.54466,100.0,18.042300200000003,70,1.2629610140000003,3.87549,100.0,15.385695300000002,2810,43.23380379300001,4.307,100.0,17.09879,4274,73.08022846
V3,old,1p0,1.0,1.5435,-0.5435,REG2REG,0,26523.923578,-0.5435,-0.4253,0.0251,-0.2572,DP_i_mem_access_i_rd_out_reg_i_Y_reg_1_,DP_i_execute_i_boothmul_i_tree_i_register_i_3_Y_temp_reg_26_,evidence/synthesis/V3/old/timing_1p0_old_syn.rpt,evidence/synthesis/V3/old/qor_1p0_old_syn.rpt,W-2024.09-SP2,typical,NangateOpenCellLibrary,top,,,,,,,,,,,,,,,,
V3,old,1p05,1.05,1.5728,-0.5228,REG2REG,0,26908.559571,-0.5228,-0.3635,0.1202,-0.1926,DP_i_decode_i_rs2_addr_i_Y_reg_0_,DP_i_execute_i_boothmul_i_tree_i_register_i_3_Y_temp_reg_24_,evidence/synthesis/V3/old/timing_1p05_old_syn.rpt,evidence/synthesis/V3/old/qor_1p05_old_syn.rpt,W-2024.09-SP2,typical,NangateOpenCellLibrary,top,,,,,,,,,,,,,,,,
V3,old,1p1,1.1,1.5893,-0.4893,REG2REG,0,26697.355574,-0.4893,-0.2874,0.1386,-0.1315,DP_i_execute_i_rd_out_reg_i_Y_reg_1_,DP_i_execute_i_boothmul_i_tree_i_register_i_2_Y_temp_reg_30_,evidence/synthesis/V3/old/timing_1p1_old_syn.rpt,evidence/synthesis/V3/old/qor_1p1_old_syn.rpt,W-2024.09-SP2,typical,NangateOpenCellLibrary,top,,,,,,,,,,,,,,,,
V3,old,1p15,1.15,1.5388,-0.3888,REG2REG,0,26766.781574,-0.3888,-0.2653,0.1475,-0.0936,DP_i_decode_i_rs2_addr_i_Y_reg_1_,DP_i_execute_i_zero_alu_bit_Y_reg,evidence/synthesis/V3/old/timing_1p15_old_syn.rpt,evidence/synthesis/V3/old/qor_1p15_old_syn.rpt,W-2024.09-SP2,typical,NangateOpenCellLibrary,top,,,,,,,,,,,,,,,,
V3,old,1p2,1.2,1.5351,-0.3351,REG2REG,0,27025.333581,-0.3351,-0.2584,0.2127,-0.0404,DP_i_fetch_i_IR_out_reg_24_,DP_i_fetch_i_pc_i_Y_reg_20_,evidence/synthesis/V3/old/timing_1p2_old_syn.rpt,evidence/synthesis/V3/old/qor_1p2_old_syn.rpt,W-2024.09-SP2,typical,NangateOpenCellLibrary,top,,,,,,,,,,,,,,,,
V3,old,1p25,1.25,1.611,-0.361,REG2REG,0,26811.469545,-0.361,-0.3308,0.1201,-0.095,DP_i_fetch_i_IR_out_reg_27_,DP_i_fetch_i_pc_i_Y_reg_20_,evidence/synthesis/V3/old/timing_1p25_old_syn.rpt,evidence/synthesis/V3/old/qor_1p25_old_syn.rpt,W-2024.09-SP2,typical,NangateOpenCellLibrary,top,,,,,,,,,,,,,,,,
V3,old,1p3,1.3,1.6156,-0.3156,REG2REG,0,26828.227536,-0.3156,-0.1629,0.2744,-0.0184,DP_i_execute_i_rd_out_reg_i_Y_reg_0_,DP_i_execute_i_boothmul_i_tree_i_register_i_2_Y_temp_reg_30_,evidence/synthesis/V3/old/timing_1p3_old_syn.rpt,evidence/synthesis/V3/old/qor_1p3_old_syn.rpt,W-2024.09-SP2,typical,NangateOpenCellLibrary,top,,,,,,,,,,,,,,,,
V3,old,1p35,1.35,1.6934,-0.3434,REG2REG,0,26263.775585,-0.3434,-0.269,0.2397,-0.0774,DP_i_fetch_i_IR_out_reg_29_,DP_i_fetch_i_IR_out_reg_25_,evidence/synthesis/V3/old/timing_1p35_old_syn.rpt,evidence/synthesis/V3/old/qor_1p35_old_syn.rpt,W-2024.09-SP2,typical,NangateOpenCellLibrary,top,,,,,,,,,,,,,,,,
V3,old,1p4,1.4,1.6171,-0.2171,REG2REG,0,26781.677555,-0.2171,-0.0499,0.4359,0.026,DP_i_mem_access_i_rd_out_reg_i_Y_reg_3_,DP_i_execute_i_zero_alu_bit_Y_reg,evidence/synthesis/V3/old/timing_1p4_old_syn.rpt,evidence/synthesis/V3/old/qor_1p4_old_syn.rpt,W-2024.09-SP2,typical,NangateOpenCellLibrary,top,,,,,,,,,,,,,,,,
V3,old,1p45,1.45,1.64,-0.19,REG2REG,0,26610.639557,-0.19,-0.1347,0.2167,0.0137,DP_i_decode_i_rs2_addr_i_Y_reg_3_,DP_i_execute_i_zero_alu_bit_Y_reg,evidence/synthesis/V3/old/timing_1p45_old_syn.rpt,evidence/synthesis/V3/old/qor_1p45_old_syn.rpt,W-2024.09-SP2,typical,NangateOpenCellLibrary,top,,,,,,,,,,,,,,,,
V3,old,1p5,1.5,1.6167,-0.1167,REG2REG,0,26454.763554,-0.1167,-0.0574,0.5572,0.0442,DP_i_fetch_i_IR_out_reg_24_,CP_i_hazard_unit_i_G_scoreboard_reg_21__0_,evidence/synthesis/V3/old/timing_1p5_old_syn.rpt,evidence/synthesis/V3/old/qor_1p5_old_syn.rpt,W-2024.09-SP2,typical,NangateOpenCellLibrary,top,,,,,,,,,,,,,,,,
V3,old,1p55,1.55,1.6647,-0.1147,REG2REG,0,26355.811544,-0.1147,0.0014,0.696,0.0981,DP_i_execute_i_rd_out_reg_i_Y_reg_4_,DP_i_execute_i_zero_alu_bit_Y_reg,evidence/synthesis/V3/old/timing_1p55_old_syn.rpt,evidence/synthesis/V3/old/qor_1p55_old_syn.rpt,W-2024.09-SP2,typical,NangateOpenCellLibrary,top,,,,,,,,,,,,,,,,
V3,old,1p6,1.6,1.7039,-0.1039,REG2REG,0,26241.16555,-0.1039,-0.0024,0.4814,0.0423,DP_i_fetch_i_IR_out_reg_21_,CP_i_hazard_unit_i_G_scoreboard_reg_20__1_,evidence/synthesis/V3/old/timing_1p6_old_syn.rpt,evidence/synthesis/V3/old/qor_1p6_old_syn.rpt,W-2024.09-SP2,typical,NangateOpenCellLibrary,top,,,,,,,,,,,,,,,,
V3,old,1p7,1.7,1.6999,0.0001,REG2REG,1,25739.489582,0.0001,0.0355,0.5928,0.1077,DP_i_execute_i_rd_out_reg_i_Y_reg_0_,DP_i_execute_i_zero_alu_bit_Y_reg,evidence/synthesis/V3/old/timing_1p7_old_syn.rpt,evidence/synthesis/V3/old/qor_1p7_old_syn.rpt,W-2024.09-SP2,typical,NangateOpenCellLibrary,top,,,,,,,,,,,,,,,,
V3,old,1p8,1.8,1.7998,0.0002,REG2REG,1,25310.963605,0.0002,0.0101,0.7197,0.0537,DP_i_fetch_i_IR_out_reg_23_,CP_i_hazard_unit_i_G_scoreboard_reg_28__0_,evidence/synthesis/V3/old/timing_1p8_old_syn.rpt,evidence/synthesis/V3/old/qor_1p8_old_syn.rpt,W-2024.09-SP2,typical,NangateOpenCellLibrary,top,,,,,,,,,,,,,,,,
V3,old,1p9,1.9,1.8983,0.0017,REG2REG,1,25068.371612,0.0017,0.013,0.8306,0.1397,DP_i_fetch_i_IR_out_reg_27_,DP_i_fetch_i_pc_i_Y_reg_1_,evidence/synthesis/V3/old/timing_1p9_old_syn.rpt,evidence/synthesis/V3/old/qor_1p9_old_syn.rpt,W-2024.09-SP2,typical,NangateOpenCellLibrary,top,,,,,,,,,,,,,,,,
V3,old,2p0,2.0,2.0,0.0,REG2REG,1,25093.641617,0.0,0.0625,0.9088,0.0823,DP_i_decode_i_rs2_addr_i_Y_reg_0_,DP_i_execute_i_boothmul_i_tree_i_register_i_2_Y_temp_reg_30_,evidence/synthesis/V3/old/timing_2p0_old_syn.rpt,evidence/synthesis/V3/old/qor_2p0_old_syn.rpt,W-2024.09-SP2,typical,NangateOpenCellLibrary,top,,,,,,,,,,,,,,,,
V3,old,2p5,2.5,2.4986,0.0014,REG2REG,1,23476.893658,0.0014,0.0513,1.4464,0.1594,DP_i/fetch_i_IR_out_reg_28_,DP_i/fetch_i_pc_i_Y_reg_1_,evidence/synthesis/V3/old/timing_2p5_old_syn.rpt,evidence/synthesis/V3/old/qor_2p5_old_syn.rpt,W-2024.09-SP2,typical,NangateOpenCellLibrary,top,,,,,,,,,,,,,,,,
V3,old,3p0,3.0,2.9998,0.0002,REG2REG,1,23249.463657,0.0002,0.0273,1.3828,0.2859,CP_i_ex_mem_reg_i_WF1_out_reg,DP_i/execute_i_zero_alu_bit_Y_reg,evidence/synthesis/V3/old/timing_3p0_old_syn.rpt,evidence/synthesis/V3/old/qor_3p0_old_syn.rpt,W-2024.09-SP2,typical,NangateOpenCellLibrary,top,,,,,,,,,,,,,,,,
V3,old,3p5,3.5,3.4946,0.0054,REG2REG,1,23126.30566,0.0054,0.217,1.8328,0.474,DP_i/mem_access_i_rd_out_reg_i_Y_reg_1_,DP_i/execute_i_zero_alu_bit_Y_reg,evidence/synthesis/V3/old/timing_3p5_old_syn.rpt,evidence/synthesis/V3/old/qor_3p5_old_syn.rpt,W-2024.09-SP2,typical,NangateOpenCellLibrary,top,,,,,,,,,,,,,,,,
V3,old,4p0,4.0,3.9991,0.0009,REG2REG,1,23094.385659,0.0009,0.3328,2.2828,0.9713,DP_i/execute_i_rd_out_reg_i_Y_reg_0_,DP_i/execute_i_zero_alu_bit_Y_reg,evidence/synthesis/V3/old/timing_4p0_old_syn.rpt,evidence/synthesis/V3/old/qor_4p0_old_syn.rpt,W-2024.09-SP2,typical,NangateOpenCellLibrary,top,,,,,,,,,,,,,,,,
V4,new,1p0,1.0,1.4456,-0.4456,REG2REG,0,27281.491565,-0.4456,-0.2547,0.1409,-0.2226,DP_i_decode_i_rs2_addr_i_Y_reg_0_,DP_i_execute_i_boothmul_i_tree_i_register_i_3_Y_temp_reg_28_,evidence/synthesis/V4/new/timing_1p0.rpt,evidence/synthesis/V4/new/qor_1p0.rpt,W-2024.09-SP2,typical,NangateOpenCellLibrary,top,1.45,13.1015,100.0,18.997175,70,1.32980225,10.5845,100.0,15.347525,2810,43.12654524999999,12.0714,100.0,17.50353,4274,74.81008722
V4,new,1p05,1.05,1.5459,-0.4959,REG2REG,0,26761.727572,-0.4959,-0.3318,0.2933,-0.3124,DP_i_execute_i_rd_out_reg_i_Y_reg_4_,DP_i_execute_i_boothmul_i_tree_i_register_i_3_Y_temp_reg_30_,evidence/synthesis/V4/new/timing_1p05.rpt,evidence/synthesis/V4/new/qor_1p05.rpt,W-2024.09-SP2,typical,NangateOpenCellLibrary,top,1.55,11.9984,100.0,18.59752,70,1.3018264,9.82171,100.0,15.2236505,2810,42.778457905,10.9782,100.0,17.01621,4274,72.72728154
V4,new,1p1,1.1,1.5726,-0.4726,REG2REG,0,26910.421557,-0.4726,-0.2966,0.1598,-0.1253,DP_i_fetch_i_IR_out_reg_27_,DP_i_fetch_i_pc_i_Y_reg_9_,evidence/synthesis/V4/new/timing_1p1.rpt,evidence/synthesis/V4/new/qor_1p1.rpt,W-2024.09-SP2,typical,NangateOpenCellLibrary,top,1.58,11.6133,100.0,18.349014,70,1.28443098,9.51381,100.0,15.0318198,2810,42.239413637999995,10.5622,100.0,16.688276000000002,4274,71.32569162400002
V4,new,1p15,1.15,1.5175,-0.3675,REG2REG,0,26982.773556,-0.3675,-0.1375,0.2702,-0.0784,DP_i_mem_access_i_rd_out_reg_i_Y_reg_1_,DP_i_execute_i_alu_out_reg_i_Y_reg_0_,evidence/synthesis/V4/new/timing_1p15.rpt,evidence/synthesis/V4/new/qor_1p15.rpt,W-2024.09-SP2,typical,NangateOpenCellLibrary,top,1.52,12.2046,100.0,18.550992,70,1.29856944,9.84953,100.0,14.9712856,2810,42.069312536,10.9549,100.0,16.651448000000002,4274,71.16828875200001
V4,new,1p2,1.2,1.5281,-0.3281,REG2REG,0,27057.253568,-0.3281,-0.1121,0.2762,-0.0739,DP_i_execute_i_rd_out_reg_i_Y_reg_4_,DP_i_execute_i_zero_alu_bit_Y_reg,evidence/synthesis/V4/new/timing_1p2.rpt,evidence/synthesis/V4/new/qor_1p2.rpt,W-2024.09-SP2,typical,NangateOpenCellLibrary,top,1.53,12.2429,100.0,18.731637000000003,70,1.3112145900000003,9.92458,100.0,15.1846074,2810,42.66874679400001,11.0124,100.0,16.848972,4274,72.012506328
V4,new,1p25,1.25,1.5412,-0.2912,REG2REG,0,26754.279549,-0.2912,-0.1282,0.3496,-0.0943,DP_i_mem_access_i_rd_out_reg_i_Y_reg_1_,CP_i_hazard_unit_i_G_scoreboard_reg_28__1_,evidence/synthesis/V4/new/timing_1p25.rpt,evidence/synthesis/V4/new/qor_1p25.rpt,W-2024.09-SP2,typical,NangateOpenCellLibrary,top,1.55,11.6692,100.0,18.08726,70,1.2661082000000001,9.66622,100.0,14.982641,2810,42.10122121,10.7411,100.0,16.648705,4274,71.15656517000001
V4,new,1p3,1.3,1.5826,-0.2826,REG2REG,0,26898.717567,-0.2826,-0.0558,0.2338,-0.0546,DP_i_mem_access_i_rd_out_reg_i_Y_reg_3_,DP_i_execute_i_zero_alu_bit_Y_reg,evidence/synthesis/V4/new/timing_1p3.rpt,evidence/synthesis/V4/new/qor_1p3.rpt,W-2024.09-SP2,typical,NangateOpenCellLibrary,top,1.59,11.7647,100.0,18.705873,70,1.30941111,9.49193,100.0,15.0921687,2810,42.408994047,10.623,100.0,16.89057,4274,72.19029618
V4,new,1p35,1.35,1.5932,-0.2432,REG2REG,0,27088.375546,-0.2432,-0.1121,0.3841,-0.0905,DP_i_fetch_i_IR_out_reg_23_,CP_i_hazard_unit_i_G_scoreboard_reg_25__0_,evidence/synthesis/V4/new/timing_1p35.rpt,evidence/synthesis/V4/new/qor_1p35.rpt,W-2024.09-SP2,typical,NangateOpenCellLibrary,top,1.6,11.5722,100.0,18.515520000000002,70,1.2960864,9.51639,100.0,15.226224,2810,42.78568944,10.5637,100.0,16.90192,4274,72.23880608
V4,new,1p4,1.4,1.6222,-0.2222,REG2REG,0,27149.023541,-0.2222,-0.043,0.364,-0.0361,DP_i_fetch_i_IR_out_reg_24_,CP_i_hazard_unit_i_G_scoreboard_reg_24__1_,evidence/synthesis/V4/new/timing_1p4.rpt,evidence/synthesis/V4/new/qor_1p4.rpt,W-2024.09-SP2,typical,NangateOpenCellLibrary,top,1.63,11.2187,100.0,18.286481,70,1.2800536699999998,9.36934,100.0,15.272024199999997,2810,42.914388001999995,10.3711,100.0,16.904892999999998,4274,72.25151268199998
V4,new,1p45,1.45,1.5732,-0.1232,REG2REG,0,26430.557569,-0.1232,0.019,0.284,0.0265,DP_i_execute_i_rd_out_reg_i_Y_reg_2_,DP_i_execute_i_zero_alu_bit_Y_reg,evidence/synthesis/V4/new/timing_1p45.rpt,evidence/synthesis/V4/new/qor_1p45.rpt,W-2024.09-SP2,typical,NangateOpenCellLibrary,top,1.58,11.7325,100.0,18.53735,70,1.2976145,9.67488,100.0,15.286310400000001,2810,42.954532224000005,10.8083,100.0,17.077113999999998,4274,72.987585236
V4,new,1p5,1.5,1.5786,-0.0786,REG2REG,0,26381.613568,-0.0786,0.0307,0.3843,0.0094,DP_i_mem_access_i_rd_out_reg_i_Y_reg_2_,CP_i_hazard_unit_i_G_scoreboard_reg_4__0_,evidence/synthesis/V4/new/timing_1p5.rpt,evidence/synthesis/V4/new/qor_1p5.rpt,W-2024.09-SP2,typical,NangateOpenCellLibrary,top,1.58,11.4987,100.0,18.167946,70,1.2717562199999999,9.66158,100.0,15.265296400000002,2810,42.895482884,10.7896,100.0,17.047568000000002,4274,72.861305632
V4,new,1p55,1.55,1.5621,-0.0121,REG2REG,0,26496.525567,-0.0121,0.056,0.5705,0.0631,DP_i_execute_i_rd_out_reg_i_Y_reg_2_,DP_i_execute_i_alu_out_reg_i_Y_reg_0_,evidence/synthesis/V4/new/timing_1p55.rpt,evidence/synthesis/V4/new/qor_1p55.rpt,W-2024.09-SP2,typical,NangateOpenCellLibrary,top,1.57,11.8849,100.0,18.659293,70,1.3061505100000002,9.81377,100.0,15.407618900000001,2810,43.295409109,10.9635,100.0,17.212695,4274,73.56705843
V4,new,1p6,1.6,1.6488,-0.0488,REG2REG,0,26079.171563,-0.0488,0.0941,0.4982,0.0797,DP_i_decode_i_rs2_addr_i_Y_reg_0_,DP_i_execute_i_boothmul_i_tree_i_register_i_2_Y_temp_reg_31_,evidence/synthesis/V4/new/timing_1p6.rpt,evidence/synthesis/V4/new/qor_1p6.rpt,W-2024.09-SP2,typical,NangateOpenCellLibrary,top,1.65,11.2127,100.0,18.500954999999998,70,1.29506685,9.2495,100.0,15.261674999999999,2810,42.88530675,10.3675,100.0,17.106375,4274,73.11264675
V4,new,1p7,1.7,1.6999,0.0001,REG2REG,1,25701.983595,0.0001,0.0985,0.7069,0.1162,DP_i_execute_i_rd_out_reg_i_Y_reg_3_,DP_i_execute_i_boothmul_i_tree_i_register_i_2_Y_temp_reg_31_,evidence/synthesis/V4/new/timing_1p7.rpt,evidence/synthesis/V4/new/qor_1p7.rpt,W-2024.09-SP2,typical,NangateOpenCellLibrary,top,1.7,10.7397,100.0,18.257489999999997,70,1.2780242999999998,8.83101,100.0,15.012716999999999,2810,42.185734769999996,9.84872,100.0,16.742824,4274,71.558829776
V4,new,1p8,1.8,1.8,0.0,REG2REG,1,25558.343596,0.0,0.1271,0.5151,0.1214,DP_i_execute_i_rd_out_reg_i_Y_reg_3_,DP_i_execute_i_boothmul_i_tree_i_register_i_2_Y_temp_reg_30_,evidence/synthesis/V4/new/timing_1p8.rpt,evidence/synthesis/V4/new/qor_1p8.rpt,W-2024.09-SP2,typical,NangateOpenCellLibrary,top,1.8,10.1082,100.0,18.194760000000002,70,1.2736332000000001,8.373,100.0,15.071399999999999,2810,42.350634,9.34817,100.0,16.826706,4274,71.917341444
V4,new,1p9,1.9,1.8992,0.0008,REG2REG,1,25411.511596,0.0008,0.1481,0.8307,0.1416,DP_i_fetch_i_IR_out_reg_23_,CP_i_hazard_unit_i_G_scoreboard_reg_18__1_,evidence/synthesis/V4/new/timing_1p9.rpt,evidence/synthesis/V4/new/qor_1p9.rpt,W-2024.09-SP2,typical,NangateOpenCellLibrary,top,1.9,9.64467,100.0,18.324873,70,1.28274111,7.89803,100.0,15.006257,2810,42.16758217,8.76663,100.0,16.656596999999998,4274,71.19029557799999
V4,new,2p0,2.0,1.9999,0.0001,REG2REG,1,25251.911612,0.0001,0.1365,0.7464,0.1551,DP_i_fetch_i_IR_out_reg_28_,DP_i_fetch_i_pc_i_Y_reg_9_,evidence/synthesis/V4/new/timing_2p0.rpt,evidence/synthesis/V4/new/qor_2p0.rpt,W-2024.09-SP2,typical,NangateOpenCellLibrary,top,2.0,9.1243,100.0,18.2486,70,1.2774020000000001,7.47119,100.0,14.94238,2810,41.9880878,8.28579,100.0,16.57158,4274,70.82693292
V4,new,2p5,2.5,2.4984,0.0016,REG2REG,1,23550.309646,0.0016,0.1427,1.3156,0.3013,DP_i/fetch_i_IR_out_reg_27_,DP_i/fetch_i_pc_i_Y_reg_29_,evidence/synthesis/V4/new/timing_2p5.rpt,evidence/synthesis/V4/new/qor_2p5.rpt,W-2024.09-SP2,typical,NangateOpenCellLibrary,top,2.5,7.1151,100.0,17.78775,70,1.2451424999999998,6.08694,100.0,15.21735,2810,42.7607535,6.6878,100.0,16.7195,4274,71.459143
V4,new,3p0,3.0,2.9962,0.0038,REG2REG,1,23425.821648,0.0038,0.1568,1.7634,0.4521,DP_i/fetch_i_IR_out_reg_28_,DP_i/fetch_i_pc_i_Y_reg_29_,evidence/synthesis/V4/new/timing_3p0.rpt,evidence/synthesis/V4/new/qor_3p0.rpt,W-2024.09-SP2,typical,NangateOpenCellLibrary,top,3.0,6.08024,100.0,18.24072,70,1.2768504,5.10459,100.0,15.31377,2810,43.0316937,5.66559,100.0,16.996769999999998,4274,72.64419497999998
V4,new,3p5,3.5,3.4974,0.0026,REG2REG,1,23394.965648,0.0026,0.3114,2.2021,0.755,CP_i_ex_mem_reg_i_RM_out_reg,DP_i/execute_i_zero_alu_bit_Y_reg,evidence/synthesis/V4/new/timing_3p5.rpt,evidence/synthesis/V4/new/qor_3p5.rpt,W-2024.09-SP2,typical,NangateOpenCellLibrary,top,3.5,5.33615,100.0,18.676524999999998,70,1.3073567499999998,4.44848,100.0,15.56968,2810,43.7508008,4.94161,100.0,17.295635,4274,73.92154399
V4,new,4p0,4.0,3.806,0.194,REG2REG,1,23370.227649,0.194,0.5111,2.6521,1.2033,DP_i/fetch_i_IR_out_reg_26_,DP_i/fetch_i_pc_i_Y_reg_13_,evidence/synthesis/V4/new/timing_4p0.rpt,evidence/synthesis/V4/new/qor_4p0.rpt,W-2024.09-SP2,typical,NangateOpenCellLibrary,top,3.81,4.85296,100.0,18.4897776,70,1.294284432,4.09912,100.0,15.6176472,2810,43.885588632,4.47625,100.0,17.0545125,4274,72.89098642500001
V4,old,1p0,1.0,1.4945,-0.4945,REG2REG,0,27259.413559,-0.4945,-0.3205,0.0269,-0.253,DP_i_execute_i_rd_out_reg_i_Y_reg_1_,DP_i_execute_i_zero_alu_bit_Y_reg,evidence/synthesis/V4/old/timing_1p0_old_syn.rpt,evidence/synthesis/V4/old/qor_1p0_old_syn.rpt,W-2024.09-SP2,typical,NangateOpenCellLibrary,top,,,,,,,,,,,,,,,,
V4,old,1p05,1.05,1.5071,-0.4571,REG2REG,0,27297.717575,-0.4571,-0.2262,0.2572,0.0044,DP_i_mem_access_i_rd_out_reg_i_Y_reg_1_,DP_i_execute_i_zero_alu_bit_Y_reg,evidence/synthesis/V4/old/timing_1p05_old_syn.rpt,evidence/synthesis/V4/old/qor_1p05_old_syn.rpt,W-2024.09-SP2,typical,NangateOpenCellLibrary,top,,,,,,,,,,,,,,,,
V4,old,1p1,1.1,1.6051,-0.5051,REG2REG,0,26810.93757,-0.5051,-0.2995,0.3104,0.014,DP_i_execute_i_rd_out_reg_i_Y_reg_1_,DP_i_execute_i_zero_alu_bit_Y_reg,evidence/synthesis/V4/old/timing_1p1_old_syn.rpt,evidence/synthesis/V4/old/qor_1p1_old_syn.rpt,W-2024.09-SP2,typical,NangateOpenCellLibrary,top,,,,,,,,,,,,,,,,
V4,old,1p15,1.15,1.5566,-0.4066,REG2REG,0,27353.311556,-0.4066,-0.1624,0.1542,-0.1326,DP_i_decode_i_rs2_addr_i_Y_reg_1_,DP_i_execute_i_boothmul_i_tree_i_register_i_2_Y_temp_reg_20_,evidence/synthesis/V4/old/timing_1p15_old_syn.rpt,evidence/synthesis/V4/old/qor_1p15_old_syn.rpt,W-2024.09-SP2,typical,NangateOpenCellLibrary,top,,,,,,,,,,,,,,,,
V4,old,1p2,1.2,1.5626,-0.3626,REG2REG,0,27245.581531,-0.3626,-0.1394,0.1146,-0.1255,DP_i_mem_access_i_rd_out_reg_i_Y_reg_1_,DP_i_execute_i_boothmul_i_tree_i_register_i_1_Y_temp_reg_30_,evidence/synthesis/V4/old/timing_1p2_old_syn.rpt,evidence/synthesis/V4/old/qor_1p2_old_syn.rpt,W-2024.09-SP2,typical,NangateOpenCellLibrary,top,,,,,,,,,,,,,,,,
V4,old,1p25,1.25,1.6371,-0.3871,REG2REG,0,27118.699555,-0.3871,-0.2013,0.1334,-0.1667,DP_i_mem_access_i_rd_out_reg_i_Y_reg_1_,CP_i_hazard_unit_i_G_scoreboard_reg_30__1_,evidence/synthesis/V4/old/timing_1p25_old_syn.rpt,evidence/synthesis/V4/old/qor_1p25_old_syn.rpt,W-2024.09-SP2,typical,NangateOpenCellLibrary,top,,,,,,,,,,,,,,,,
V4,old,1p3,1.3,1.6147,-0.3147,REG2REG,0,26662.509565,-0.3147,-0.0919,0.3338,-0.0611,DP_i_mem_access_i_rd_out_reg_i_Y_reg_3_,DP_i_execute_i_zero_alu_bit_Y_reg,evidence/synthesis/V4/old/timing_1p3_old_syn.rpt,evidence/synthesis/V4/old/qor_1p3_old_syn.rpt,W-2024.09-SP2,typical,NangateOpenCellLibrary,top,,,,,,,,,,,,,,,,
V4,old,1p35,1.35,1.681,-0.331,REG2REG,0,26793.115541,-0.331,-0.1112,0.1674,-0.0874,DP_i_fetch_i_IR_out_reg_23_,CP_i_hazard_unit_i_G_scoreboard_reg_19__1_,evidence/synthesis/V4/old/timing_1p35_old_syn.rpt,evidence/synthesis/V4/old/qor_1p35_old_syn.rpt,W-2024.09-SP2,typical,NangateOpenCellLibrary,top,,,,,,,,,,,,,,,,
V4,old,1p4,1.4,1.5918,-0.1918,REG2REG,0,27003.255523,-0.1918,0.0017,0.5273,0.0119,DP_i_mem_access_i_rd_out_reg_i_Y_reg_2_,CP_i_hazard_unit_i_G_scoreboard_reg_12__0_,evidence/synthesis/V4/old/timing_1p4_old_syn.rpt,evidence/synthesis/V4/old/qor_1p4_old_syn.rpt,W-2024.09-SP2,typical,NangateOpenCellLibrary,top,,,,,,,,,,,,,,,,
V4,old,1p45,1.45,1.5898,-0.1398,REG2REG,0,27123.753542,-0.1398,0.0011,0.5816,-0.0033,DP_i_execute_i_rd_out_reg_i_Y_reg_4_,DP_i_execute_i_zero_alu_bit_Y_reg,evidence/synthesis/V4/old/timing_1p45_old_syn.rpt,evidence/synthesis/V4/old/qor_1p45_old_syn.rpt,W-2024.09-SP2,typical,NangateOpenCellLibrary,top,,,,,,,,,,,,,,,,
V4,old,1p5,1.5,1.6431,-0.1431,REG2REG,0,26855.359543,-0.1431,0.0126,0.4024,0.0055,DP_i_execute_i_rd_out_reg_i_Y_reg_2_,DP_i_execute_i_zero_alu_bit_Y_reg,evidence/synthesis/V4/old/timing_1p5_old_syn.rpt,evidence/synthesis/V4/old/qor_1p5_old_syn.rpt,W-2024.09-SP2,typical,NangateOpenCellLibrary,top,,,,,,,,,,,,,,,,
V4,old,1p55,1.55,1.6259,-0.0759,REG2REG,0,26823.439547,-0.0759,0.0351,0.5588,0.0858,DP_i_decode_i_rs2_addr_i_Y_reg_2_,DP_i_execute_i_zero_alu_bit_Y_reg,evidence/synthesis/V4/old/timing_1p55_old_syn.rpt,evidence/synthesis/V4/old/qor_1p55_old_syn.rpt,W-2024.09-SP2,typical,NangateOpenCellLibrary,top,,,,,,,,,,,,,,,,
V4,old,1p6,1.6,1.6355,-0.0355,REG2REG,0,26154.183569,-0.0355,0.0668,0.6063,0.1091,DP_i_execute_i_rd_out_reg_i_Y_reg_4_,DP_i_execute_i_zero_alu_bit_Y_reg,evidence/synthesis/V4/old/timing_1p6_old_syn.rpt,evidence/synthesis/V4/old/qor_1p6_old_syn.rpt,W-2024.09-SP2,typical,NangateOpenCellLibrary,top,,,,,,,,,,,,,,,,
V4,old,1p7,1.7,1.7418,-0.0418,REG2REG,0,25914.517599,-0.0418,0.11,0.5488,0.1049,DP_i_execute_i_rd_out_reg_i_Y_reg_4_,DP_i_execute_i_boothmul_i_tree_i_register_i_2_Y_temp_reg_31_,evidence/synthesis/V4/old/timing_1p7_old_syn.rpt,evidence/synthesis/V4/old/qor_1p7_old_syn.rpt,W-2024.09-SP2,typical,NangateOpenCellLibrary,top,,,,,,,,,,,,,,,,
V4,old,1p8,1.8,1.7998,0.0002,REG2REG,1,25513.389598,0.0002,0.1359,0.8307,0.1055,DP_i_execute_i_rd_out_reg_i_Y_reg_3_,DP_i_execute_i_zero_alu_bit_Y_reg,evidence/synthesis/V4/old/timing_1p8_old_syn.rpt,evidence/synthesis/V4/old/qor_1p8_old_syn.rpt,W-2024.09-SP2,typical,NangateOpenCellLibrary,top,,,,,,,,,,,,,,,,
V4,old,1p9,1.9,1.8991,0.0009,REG2REG,1,25221.853591,0.0009,0.0747,0.8925,0.1663,DP_i_fetch_i_IR_out_reg_24_,CP_i_hazard_unit_i_G_scoreboard_reg_10__0_,evidence/synthesis/V4/old/timing_1p9_old_syn.rpt,evidence/synthesis/V4/old/qor_1p9_old_syn.rpt,W-2024.09-SP2,typical,NangateOpenCellLibrary,top,,,,,,,,,,,,,,,,
V4,old,2p0,2.0,1.9987,0.0013,REG2REG,1,25288.619601,0.0013,0.1978,0.9724,0.1778,DP_i_fetch_i_IR_out_reg_27_,DP_i_fetch_i_pc_i_Y_reg_0_,evidence/synthesis/V4/old/timing_2p0_old_syn.rpt,evidence/synthesis/V4/old/qor_2p0_old_syn.rpt,W-2024.09-SP2,typical,NangateOpenCellLibrary,top,,,,,,,,,,,,,,,,
V4,old,2p5,2.5,2.4982,0.0018,REG2REG,1,23536.211646,0.0018,0.1082,1.3831,0.2093,CP_i_ex_mem_reg_i_WF1_out_reg,DP_i/execute_i_boothmul_i_tree_i_register_i_3_Y_temp_reg_28_,evidence/synthesis/V4/old/timing_2p5_old_syn.rpt,evidence/synthesis/V4/old/qor_2p5_old_syn.rpt,W-2024.09-SP2,typical,NangateOpenCellLibrary,top,,,,,,,,,,,,,,,,
V4,old,3p0,3.0,2.9945,0.0055,REG2REG,1,23403.211646,0.0055,0.1091,1.7931,0.2349,DP_i/mem_access_i_rd_out_reg_i_Y_reg_1_,DP_i/execute_i_zero_alu_bit_Y_reg,evidence/synthesis/V4/old/timing_3p0_old_syn.rpt,evidence/synthesis/V4/old/qor_3p0_old_syn.rpt,W-2024.09-SP2,typical,NangateOpenCellLibrary,top,,,,,,,,,,,,,,,,
V4,old,3p5,3.5,3.4961,0.0039,REG2REG,1,23372.621647,0.0039,0.1845,2.2361,0.6293,DP_i/fetch_i_IR_out_reg_29_,DP_i/fetch_i_pc_i_Y_reg_2_,evidence/synthesis/V4/old/timing_3p5_old_syn.rpt,evidence/synthesis/V4/old/qor_3p5_old_syn.rpt,W-2024.09-SP2,typical,NangateOpenCellLibrary,top,,,,,,,,,,,,,,,,
V4,old,4p0,4.0,3.9976,0.0024,REG2REG,1,23327.667648,0.0024,0.4147,2.6866,0.9842,DP_i/execute_i_rd_out_reg_i_Y_reg_2_,DP_i/execute_i_zero_alu_bit_Y_reg,evidence/synthesis/V4/old/timing_4p0_old_syn.rpt,evidence/synthesis/V4/old/qor_4p0_old_syn.rpt,W-2024.09-SP2,typical,NangateOpenCellLibrary,top,,,,,,,,,,,,,,,,
V5,new,1p0,1.0,1.4717,-0.4717,REG2REG,0,27160.993568,-0.4717,-0.2276,0.0726,0.0011,DP_i_decode_i_rs2_addr_i_Y_reg_0_,DP_i_execute_i_boothmul_i_tree_i_register_i_3_Y_temp_reg_30_,evidence/synthesis/V5/new/timing_1p0.rpt,evidence/synthesis/V5/new/qor_1p0.rpt,W-2024.09-SP2,typical,NangateOpenCellLibrary,top,1.48,12.9147,100.0,19.113756,70,1.3379629199999998,10.4377,100.0,15.447795999999999,2810,43.40830676,11.7404,100.0,17.375791999999997,4274,74.26413500799998
V5,new,1p05,1.05,1.4569,-0.4069,REG2REG,0,27641.12353,-0.4069,-0.1849,0.1458,0.0208,DP_i_mem_access_i_rd_out_reg_i_Y_reg_1_,DP_i_execute_i_zero_alu_bit_Y_reg,evidence/synthesis/V5/new/timing_1p05.rpt,evidence/synthesis/V5/new/qor_1p05.rpt,W-2024.09-SP2,typical,NangateOpenCellLibrary,top,1.46,13.0596,100.0,19.067016,70,1.33469112,10.7515,100.0,15.697189999999999,2810,44.109103899999994,12.1123,100.0,17.683957999999997,4274,75.58123649199999
V5,new,1p1,1.1,1.4893,-0.3893,REG2REG,0,27359.961539,-0.3893,-0.167,0.1666,0.0072,DP_i_decode_i_rs2_addr_i_Y_reg_2_,DP_i_execute_i_zero_alu_bit_Y_reg,evidence/synthesis/V5/new/timing_1p1.rpt,evidence/synthesis/V5/new/qor_1p1.rpt,W-2024.09-SP2,typical,NangateOpenCellLibrary,top,1.49,12.6143,100.0,18.795307,70,1.3156714900000002,10.2607,100.0,15.288443,2810,42.96052483,11.4433,100.0,17.050517,4274,72.87390965799999
V5,new,1p15,1.15,1.4946,-0.3446,REG2REG,0,27091.035561,-0.3446,-0.1532,0.175,0.0044,DP_i_decode_i_rs2_addr_i_Y_reg_2_,DP_i_execute_i_zero_alu_bit_Y_reg,evidence/synthesis/V5/new/timing_1p15.rpt,evidence/synthesis/V5/new/qor_1p15.rpt,W-2024.09-SP2,typical,NangateOpenCellLibrary,top,1.5,12.2605,100.0,18.39075,70,1.2873525,10.1626,100.0,15.2439,2810,42.835359,11.2984,100.0,16.9476,4274,72.43404240000001
V5,new,1p2,1.2,1.6299,-0.4299,REG2REG,0,26550.257561,-0.4299,-0.2369,0.1488,0.0195,DP_i_fetch_i_IR_out_reg_26_,DP_i_fetch_i_IR_out_reg_29_,evidence/synthesis/V5/new/timing_1p2.rpt,evidence/synthesis/V5/new/qor_1p2.rpt,W-2024.09-SP2,typical,NangateOpenCellLibrary,top,1.63,11.1619,100.0,18.193896999999996,70,1.2735727899999998,9.25061,100.0,15.0784943,2810,42.370568983,10.3194,100.0,16.820622,4274,71.891338428
V5,new,1p25,1.25,1.6184,-0.3684,REG2REG,0,26797.371555,-0.3684,-0.1752,0.2388,0.0268,DP_i_fetch_i_IR_out_reg_29_,DP_i_fetch_i_pc_i_Y_reg_4_,evidence/synthesis/V5/new/timing_1p25.rpt,evidence/synthesis/V5/new/qor_1p25.rpt,W-2024.09-SP2,typical,NangateOpenCellLibrary,top,1.62,11.2853,100.0,18.282186,70,1.2797530199999998,9.42017,100.0,15.260675400000002,2810,42.88249787400001,10.4909,100.0,16.995258,4274,72.637732692
V5,new,1p3,1.3,1.5702,-0.2702,REG2REG,0,26967.079552,-0.2702,0.0007,0.4144,0.0251,DP_i_execute_i_rd_out_reg_i_Y_reg_4_,DP_i_execute_i_alu_out_reg_i_Y_reg_0_,evidence/synthesis/V5/new/timing_1p3.rpt,evidence/synthesis/V5/new/qor_1p3.rpt,W-2024.09-SP2,typical,NangateOpenCellLibrary,top,1.58,11.6679,100.0,18.435282,70,1.29046974,9.61717,100.0,15.1951286,2810,42.698311366,10.7255,100.0,16.94629,4274,72.42844346000001
V5,new,1p35,1.35,1.5787,-0.2287,REG2REG,0,26804.819553,-0.2287,0.0104,0.3171,0.0655,DP_i_execute_i_rd_out_reg_i_Y_reg_2_,DP_i_execute_i_zero_alu_bit_Y_reg,evidence/synthesis/V5/new/timing_1p35.rpt,evidence/synthesis/V5/new/qor_1p35.rpt,W-2024.09-SP2,typical,NangateOpenCellLibrary,top,1.58,11.7586,100.0,18.578588,70,1.30050116,9.67988,100.0,15.294210400000003,2810,42.97673122400001,10.7543,100.0,16.991794000000002,4274,72.62292755600001
V5,new,1p4,1.4,1.6074,-0.2074,REG2REG,0,26385.33756,-0.2074,-0.0023,0.3351,0.0827,DP_i_decode_i_rs2_addr_i_Y_reg_3_,DP_i_execute_i_zero_alu_bit_Y_reg,evidence/synthesis/V5/new/timing_1p4.rpt,evidence/synthesis/V5/new/qor_1p4.rpt,W-2024.09-SP2,typical,NangateOpenCellLibrary,top,1.61,11.2676,100.0,18.140836,70,1.26985852,9.39321,100.0,15.123068100000001,2810,42.495821361000004,10.44,100.0,16.8084,4274,71.83910159999999
V5,new,1p45,1.45,1.5607,-0.1107,REG2REG,0,26486.949576,-0.1107,0.0379,0.3518,0.0869,DP_i_decode_i_rs2_addr_i_Y_reg_2_,DP_i_execute_i_boothmul_i_tree_i_register_i_2_Y_temp_reg_31_,evidence/synthesis/V5/new/timing_1p45.rpt,evidence/synthesis/V5/new/qor_1p45.rpt,W-2024.09-SP2,typical,NangateOpenCellLibrary,top,1.57,12.0524,100.0,18.922268000000003,70,1.3245587600000002,9.86849,100.0,15.4935293,2810,43.536817333,10.9609,100.0,17.208613000000003,4274,73.54961196200001
V5,new,1p5,1.5,1.6014,-0.1014,REG2REG,0,26333.999578,-0.1014,0.0529,0.591,0.0844,DP_i_execute_i_rd_out_reg_i_Y_reg_2_,DP_i_execute_i_zero_alu_bit_Y_reg,evidence/synthesis/V5/new/timing_1p5.rpt,evidence/synthesis/V5/new/qor_1p5.rpt,W-2024.09-SP2,typical,NangateOpenCellLibrary,top,1.61,11.469,100.0,18.46509,70,1.2925563,9.46882,100.0,15.2448002,2810,42.837888562,10.5271,100.0,16.948631000000002,4274,72.43844889400002
V5,new,1p55,1.55,1.6085,-0.0585,REG2REG,0,26124.125595,-0.0585,0.0282,0.5313,0.1988,DP_i_execute_i_rd_out_reg_i_Y_reg_2_,DP_i_execute_i_boothmul_i_tree_i_register_i_3_Y_temp_reg_30_,evidence/synthesis/V5/new/timing_1p55.rpt,evidence/synthesis/V5/new/qor_1p55.rpt,W-2024.09-SP2,typical,NangateOpenCellLibrary,top,1.61,11.6224,100.0,18.712064,70,1.3098444800000002,9.49416,100.0,15.285597600000003,2810,42.952529256000005,10.5767,100.0,17.028487000000002,4274,72.77975343800001
V5,new,1p6,1.6,1.6304,-0.0304,REG2REG,0,26114.01756,-0.0304,0.075,0.4504,0.1248,DP_i_decode_i_rs2_addr_i_Y_reg_3_,DP_i_execute_i_zero_alu_bit_Y_reg,evidence/synthesis/V5/new/timing_1p6.rpt,evidence/synthesis/V5/new/qor_1p6.rpt,W-2024.09-SP2,typical,NangateOpenCellLibrary,top,1.64,11.3764,100.0,18.657296,70,1.30601072,9.39712,100.0,15.411276799999998,2810,43.305687807999995,10.4284,100.0,17.102576,4274,73.096409824
V5,new,1p7,1.7,1.6999,0.0001,REG2REG,1,25610.745591,0.0001,0.1785,0.7142,0.2458,DP_i_mem_access_i_rd_out_reg_i_Y_reg_0_,DP_i_fetch_i_IR_out_reg_2_,evidence/synthesis/V5/new/timing_1p7.rpt,evidence/synthesis/V5/new/qor_1p7.rpt,W-2024.09-SP2,typical,NangateOpenCellLibrary,top,1.7,11.0256,100.0,18.74352,70,1.3120464,8.87332,100.0,15.084643999999999,2810,42.38784964,9.82832,100.0,16.708144,4274,71.410607456
V5,new,1p8,1.8,1.8,0.0,REG2REG,1,25414.17159,0.0,0.1484,0.6423,0.214,DP_i_fetch_i_IR_out_reg_24_,DP_i_fetch_i_IR_out_reg_4_,evidence/synthesis/V5/new/timing_1p8.rpt,evidence/synthesis/V5/new/qor_1p8.rpt,W-2024.09-SP2,typical,NangateOpenCellLibrary,top,1.8,10.2801,100.0,18.504179999999998,70,1.2952925999999998,8.34615,100.0,15.02307,2810,42.2148267,9.26515,100.0,16.67727,4274,71.27865197999999
V5,new,1p9,1.9,1.8984,0.0016,REG2REG,1,25392.62559,0.0016,0.1888,0.8967,0.2114,DP_i_fetch_i_IR_out_reg_31_,DP_i_fetch_i_pc_i_Y_reg_28_,evidence/synthesis/V5/new/timing_1p9.rpt,evidence/synthesis/V5/new/qor_1p9.rpt,W-2024.09-SP2,typical,NangateOpenCellLibrary,top,1.9,9.61706,100.0,18.272414,70,1.27906898,7.8528,100.0,14.92032,2810,41.9260992,8.67691,100.0,16.486129,4274,70.46171534599999
V5,new,2p0,2.0,1.9995,0.0005,REG2REG,1,25335.169593,0.0005,0.1679,0.7852,0.1711,DP_i_fetch_i_IR_out_reg_31_,DP_i_fetch_i_pc_i_Y_reg_13_,evidence/synthesis/V5/new/timing_2p0.rpt,evidence/synthesis/V5/new/qor_2p0.rpt,W-2024.09-SP2,typical,NangateOpenCellLibrary,top,2.0,9.14536,100.0,18.29072,70,1.2803504,7.54568,100.0,15.09136,2810,42.4067216,8.35725,100.0,16.7145,4274,71.437773
V5,new,2p5,2.5,2.489,0.011,REG2REG,1,23493.385647,0.011,0.1098,1.334,0.4249,CP_i_mem_w_reg_i_WF1_out_reg,DP_i/execute_i_boothmul_i_tree_i_register_i_2_Y_temp_reg_29_,evidence/synthesis/V5/new/timing_2p5.rpt,evidence/synthesis/V5/new/qor_2p5.rpt,W-2024.09-SP2,typical,NangateOpenCellLibrary,top,2.49,7.41465,100.0,18.462478500000003,70,1.2923734950000003,6.11541,100.0,15.2273709,2810,42.788912229000005,6.74777,100.0,16.801947300000002,4274,71.8115227602
V5,new,3p0,3.0,2.9991,0.0009,REG2REG,1,23411.457648,0.0009,0.1051,1.785,0.8992,DP_i/fetch_i_IR_out_reg_31_,DP_i/fetch_i_IR_out_reg_5_,evidence/synthesis/V5/new/timing_3p0.rpt,evidence/synthesis/V5/new/qor_3p0.rpt,W-2024.09-SP2,typical,NangateOpenCellLibrary,top,3.0,6.28987,100.0,18.869609999999998,70,1.3208726999999998,5.09178,100.0,15.27534,2810,42.923705399999996,5.63594,100.0,16.90782,4274,72.26402268000001
V5,new,3p5,3.5,3.4956,0.0044,REG2REG,1,23357.459649,0.0044,0.1917,2.235,1.2601,DP_i/fetch_i_IR_out_reg_26_,DP_i/fetch_i_pc_i_Y_reg_6_,evidence/synthesis/V5/new/timing_3p5.rpt,evidence/synthesis/V5/new/qor_3p5.rpt,W-2024.09-SP2,typical,NangateOpenCellLibrary,top,3.5,5.46883,100.0,19.140905,70,1.3398633500000001,4.4746,100.0,15.6611,2810,44.007691,4.93097,100.0,17.258395,4274,73.76238022999999
V5,new,4p0,4.0,3.9828,0.0172,REG2REG,1,23325.27365,0.0172,0.5067,2.685,1.7122,DP_i/execute_i_rd_out_reg_i_Y_reg_1_,DP_i/execute_i_zero_alu_bit_Y_reg,evidence/synthesis/V5/new/timing_4p0.rpt,evidence/synthesis/V5/new/qor_4p0.rpt,W-2024.09-SP2,typical,NangateOpenCellLibrary,top,3.99,4.80617,100.0,19.1766183,70,1.3423632810000001,3.94845,100.0,15.7543155,2810,44.269626555,4.36512,100.0,17.4168288,4274,74.4395262912
V5,old,1p0,1.0,1.4855,-0.4855,REG2REG,0,27425.929558,-0.4855,-0.2271,0.1036,-0.0929,DP_i_mem_access_i_rd_out_reg_i_Y_reg_2_,DP_i_execute_i_zero_alu_bit_Y_reg,evidence/synthesis/V5/old/timing_1p0_old_syn.rpt,evidence/synthesis/V5/old/qor_1p0_old_syn.rpt,W-2024.09-SP2,typical,NangateOpenCellLibrary,top,,,,,,,,,,,,,,,,
V5,old,1p05,1.05,1.5817,-0.5317,REG2REG,0,27498.01556,-0.5317,-0.2188,0.0611,0.0002,DP_i_execute_i_rd_out_reg_i_Y_reg_4_,DP_i_execute_i_zero_alu_bit_Y_reg,evidence/synthesis/V5/old/timing_1p05_old_syn.rpt,evidence/synthesis/V5/old/qor_1p05_old_syn.rpt,W-2024.09-SP2,typical,NangateOpenCellLibrary,top,,,,,,,,,,,,,,,,
V5,old,1p1,1.1,1.5906,-0.4906,REG2REG,0,27186.26354,-0.4906,-0.1752,0.1421,0.0009,DP_i_decode_i_rs2_addr_i_Y_reg_3_,DP_i_execute_i_zero_alu_bit_Y_reg,evidence/synthesis/V5/old/timing_1p1_old_syn.rpt,evidence/synthesis/V5/old/qor_1p1_old_syn.rpt,W-2024.09-SP2,typical,NangateOpenCellLibrary,top,,,,,,,,,,,,,,,,
V5,old,1p15,1.15,1.6112,-0.4612,REG2REG,0,26607.713562,-0.4612,-0.1942,0.1321,0.006,DP_i_execute_i_rd_out_reg_i_Y_reg_2_,DP_i_execute_i_zero_alu_bit_Y_reg,evidence/synthesis/V5/old/timing_1p15_old_syn.rpt,evidence/synthesis/V5/old/qor_1p15_old_syn.rpt,W-2024.09-SP2,typical,NangateOpenCellLibrary,top,,,,,,,,,,,,,,,,
V5,old,1p2,1.2,1.5408,-0.3408,REG2REG,0,26881.427584,-0.3408,-0.0604,0.2044,0.0084,CP_i_ex_mem_reg_i_WF1_out_reg,DP_i_execute_i_zero_alu_bit_Y_reg,evidence/synthesis/V5/old/timing_1p2_old_syn.rpt,evidence/synthesis/V5/old/qor_1p2_old_syn.rpt,W-2024.09-SP2,typical,NangateOpenCellLibrary,top,,,,,,,,,,,,,,,,
V5,old,1p25,1.25,1.5448,-0.2948,REG2REG,0,26786.997588,-0.2948,-0.0652,0.2626,0.0555,DP_i_decode_i_rs2_addr_i_Y_reg_2_,DP_i_execute_i_boothmul_i_tree_i_register_i_2_Y_temp_reg_31_,evidence/synthesis/V5/old/timing_1p25_old_syn.rpt,evidence/synthesis/V5/old/qor_1p25_old_syn.rpt,W-2024.09-SP2,typical,NangateOpenCellLibrary,top,,,,,,,,,,,,,,,,
V5,old,1p3,1.3,1.6491,-0.3491,REG2REG,0,26452.635596,-0.3491,-0.0249,0.4055,0.1035,DP_i_decode_i_rs2_addr_i_Y_reg_0_,DP_i_execute_i_alu_out_reg_i_Y_reg_0_,evidence/synthesis/V5/old/timing_1p3_old_syn.rpt,evidence/synthesis/V5/old/qor_1p3_old_syn.rpt,W-2024.09-SP2,typical,NangateOpenCellLibrary,top,,,,,,,,,,,,,,,,
V5,old,1p35,1.35,1.5875,-0.2375,REG2REG,0,26596.009583,-0.2375,0.0023,0.4353,0.023,DP_i_decode_i_rs2_addr_i_Y_reg_2_,DP_i_execute_i_zero_alu_bit_Y_reg,evidence/synthesis/V5/old/timing_1p35_old_syn.rpt,evidence/synthesis/V5/old/qor_1p35_old_syn.rpt,W-2024.09-SP2,typical,NangateOpenCellLibrary,top,,,,,,,,,,,,,,,,
V5,old,1p4,1.4,1.582,-0.182,REG2REG,0,26462.743589,-0.182,0.0082,0.2738,0.0632,DP_i_decode_i_rs2_addr_i_Y_reg_0_,DP_i_execute_i_zero_alu_bit_Y_reg,evidence/synthesis/V5/old/timing_1p4_old_syn.rpt,evidence/synthesis/V5/old/qor_1p4_old_syn.rpt,W-2024.09-SP2,typical,NangateOpenCellLibrary,top,,,,,,,,,,,,,,,,
V5,old,1p45,1.45,1.5851,-0.1351,REG2REG,0,26419.119586,-0.1351,0.0204,0.3599,0.0409,DP_i_mem_access_i_rd_out_reg_i_Y_reg_4_,DP_i_execute_i_zero_alu_bit_Y_reg,evidence/synthesis/V5/old/timing_1p45_old_syn.rpt,evidence/synthesis/V5/old/qor_1p45_old_syn.rpt,W-2024.09-SP2,typical,NangateOpenCellLibrary,top,,,,,,,,,,,,,,,,
V5,old,1p5,1.5,1.5583,-0.0583,REG2REG,0,26406.085565,-0.0583,0.0223,0.573,0.1775,DP_i_execute_i_rd_out_reg_i_Y_reg_3_,DP_i_execute_i_boothmul_i_tree_i_register_i_3_Y_temp_reg_29_,evidence/synthesis/V5/old/timing_1p5_old_syn.rpt,evidence/synthesis/V5/old/qor_1p5_old_syn.rpt,W-2024.09-SP2,typical,NangateOpenCellLibrary,top,,,,,,,,,,,,,,,,
V5,old,1p55,1.55,1.5794,-0.0294,REG2REG,0,26127.583577,-0.0294,0.0606,0.6012,0.1768,DP_i_decode_i_rs2_addr_i_Y_reg_1_,DP_i_execute_i_zero_alu_bit_Y_reg,evidence/synthesis/V5/old/timing_1p55_old_syn.rpt,evidence/synthesis/V5/old/qor_1p55_old_syn.rpt,W-2024.09-SP2,typical,NangateOpenCellLibrary,top,,,,,,,,,,,,,,,,
V5,old,1p6,1.6,1.6102,-0.0102,REG2REG,0,26090.077567,-0.0102,0.0785,0.474,0.1984,DP_i_decode_i_rs2_addr_i_Y_reg_2_,DP_i_execute_i_zero_alu_bit_Y_reg,evidence/synthesis/V5/old/timing_1p6_old_syn.rpt,evidence/synthesis/V5/old/qor_1p6_old_syn.rpt,W-2024.09-SP2,typical,NangateOpenCellLibrary,top,,,,,,,,,,,,,,,,
V5,old,1p7,1.7,1.6998,0.0002,REG2REG,1,25626.705594,0.0002,0.1149,0.5697,0.2327,DP_i_execute_i_rd_out_reg_i_Y_reg_4_,DP_i_execute_i_boothmul_i_tree_i_register_i_3_Y_temp_reg_21_,evidence/synthesis/V5/old/timing_1p7_old_syn.rpt,evidence/synthesis/V5/old/qor_1p7_old_syn.rpt,W-2024.09-SP2,typical,NangateOpenCellLibrary,top,,,,,,,,,,,,,,,,
V5,old,1p8,1.8,1.7999,0.0001,REG2REG,1,25500.089592,0.0001,0.1792,0.6585,0.2157,DP_i_execute_i_rd_out_reg_i_Y_reg_1_,DP_i_execute_i_alu_out_reg_i_Y_reg_0_,evidence/synthesis/V5/old/timing_1p8_old_syn.rpt,evidence/synthesis/V5/old/qor_1p8_old_syn.rpt,W-2024.09-SP2,typical,NangateOpenCellLibrary,top,,,,,,,,,,,,,,,,
V5,old,1p9,1.9,1.8986,0.0014,REG2REG,1,25359.375597,0.0014,0.1664,0.7508,0.2817,DP_i_fetch_i_IR_out_reg_28_,CP_i_hazard_unit_i_G_scoreboard_reg_1__1_,evidence/synthesis/V5/old/timing_1p9_old_syn.rpt,evidence/synthesis/V5/old/qor_1p9_old_syn.rpt,W-2024.09-SP2,typical,NangateOpenCellLibrary,top,,,,,,,,,,,,,,,,
V5,old,2p0,2.0,1.9984,0.0016,REG2REG,1,25089.119599,0.0016,0.1775,0.7965,0.2589,DP_i_fetch_i_IR_out_reg_27_,DP_i_fetch_i_pc_i_Y_reg_23_,evidence/synthesis/V5/old/timing_2p0_old_syn.rpt,evidence/synthesis/V5/old/qor_2p0_old_syn.rpt,W-2024.09-SP2,typical,NangateOpenCellLibrary,top,,,,,,,,,,,,,,,,
V5,old,2p5,2.5,2.4982,0.0018,REG2REG,1,23517.059646,0.0018,0.0733,1.334,0.5227,DP_i/mem_access_i_rd_out_reg_i_Y_reg_0_,DP_i/execute_i_zero_alu_bit_Y_reg,evidence/synthesis/V5/old/timing_2p5_old_syn.rpt,evidence/synthesis/V5/old/qor_2p5_old_syn.rpt,W-2024.09-SP2,typical,NangateOpenCellLibrary,top,,,,,,,,,,,,,,,,
V5,old,3p0,3.0,2.9976,0.0024,REG2REG,1,23386.985647,0.0024,0.2007,1.785,0.9136,DP_i/execute_i_rd_out_reg_i_Y_reg_2_,DP_i/execute_i_zero_alu_bit_Y_reg,evidence/synthesis/V5/old/timing_3p0_old_syn.rpt,evidence/synthesis/V5/old/qor_3p0_old_syn.rpt,W-2024.09-SP2,typical,NangateOpenCellLibrary,top,,,,,,,,,,,,,,,,
V5,old,3p5,3.5,3.4986,0.0014,REG2REG,1,23350.809648,0.0014,0.1865,2.235,1.34,CP_i_ex_mem_reg_i_WF1_out_reg,DP_i/execute_i_zero_alu_bit_Y_reg,evidence/synthesis/V5/old/timing_3p5_old_syn.rpt,evidence/synthesis/V5/old/qor_3p5_old_syn.rpt,W-2024.09-SP2,typical,NangateOpenCellLibrary,top,,,,,,,,,,,,,,,,
V5,old,4p0,4.0,3.9987,0.0013,REG2REG,1,23323.943648,0.0013,0.2833,2.685,1.8036,DP_i/fetch_i_IR_out_reg_29_,DP_i/fetch_i_pc_i_Y_reg_2_,evidence/synthesis/V5/old/timing_4p0_old_syn.rpt,evidence/synthesis/V5/old/qor_4p0_old_syn.rpt,W-2024.09-SP2,typical,NangateOpenCellLibrary,top,,,,,,,,,,,,,,,,
V6,new,1p0,1.0,1.4096,-0.4096,REG2REG,0,27888.237549,-0.4096,-0.1975,0.1439,0.0148,DP_i_mem_access_i_rd_out_reg_i_Y_reg_0_,DP_i_execute_i_boothmul_i_tree_i_register_i_3_Y_temp_reg_31_,evidence/synthesis/V6/new/timing_1p0.rpt,evidence/synthesis/V6/new/qor_1p0.rpt,W-2024.09-SP2,typical,NangateOpenCellLibrary,top,1.41,13.5338,100.0,19.082658,70,1.33578606,10.9913,100.0,15.497733,2810,43.54862973,12.3192,100.0,17.370072,4274,74.239687728
V6,new,1p05,1.05,1.4565,-0.4065,REG2REG,0,27206.213557,-0.4065,-0.1448,0.1556,0.0036,DP_i_decode_i_rs2_addr_i_Y_reg_0_,DP_i_execute_i_boothmul_i_tree_i_register_i_3_Y_temp_reg_31_,evidence/synthesis/V6/new/timing_1p05.rpt,evidence/synthesis/V6/new/qor_1p05.rpt,W-2024.09-SP2,typical,NangateOpenCellLibrary,top,1.46,12.9082,100.0,18.845972,70,1.31921804,10.5006,100.0,15.330876,2810,43.07976156,11.8261,100.0,17.266106,4274,73.795337044
V6,new,1p1,1.1,1.4953,-0.3953,REG2REG,0,27079.33154,-0.3953,-0.1819,0.1221,0.0125,DP_i_mem_access_i_rd_out_reg_i_Y_reg_0_,DP_i_execute_i_zero_alu_bit_Y_reg,evidence/synthesis/V6/new/timing_1p1.rpt,evidence/synthesis/V6/new/qor_1p1.rpt,W-2024.09-SP2,typical,NangateOpenCellLibrary,top,1.5,12.0484,100.0,18.0726,70,1.265082,9.9992,100.0,14.9988,2810,42.146628,11.0905,100.0,16.63575,4274,71.1011955
V6,new,1p15,1.15,1.4817,-0.3317,REG2REG,0,26981.443551,-0.3317,-0.0795,0.1771,0.0109,DP_i_decode_i_rs2_addr_i_Y_reg_1_,DP_i_execute_i_boothmul_i_tree_i_register_i_3_Y_temp_reg_31_,evidence/synthesis/V6/new/timing_1p15.rpt,evidence/synthesis/V6/new/qor_1p15.rpt,W-2024.09-SP2,typical,NangateOpenCellLibrary,top,1.49,12.6297,100.0,18.818253,70,1.31727771,10.3735,100.0,15.456515,2810,43.43280715,11.5831,100.0,17.258819,4274,73.764192406
V6,new,1p2,1.2,1.4959,-0.2959,REG2REG,0,26806.681562,-0.2959,-0.0839,0.2756,0.0315,DP_i_decode_i_rs2_addr_i_Y_reg_0_,DP_i_execute_i_alu_out_reg_i_Y_reg_0_,evidence/synthesis/V6/new/timing_1p2.rpt,evidence/synthesis/V6/new/qor_1p2.rpt,W-2024.09-SP2,typical,NangateOpenCellLibrary,top,1.5,12.2555,100.0,18.38325,70,1.2868275,10.217,100.0,15.325500000000002,2810,43.06465500000001,11.4581,100.0,17.18715,4274,73.45787909999999
V6,new,1p25,1.25,1.5741,-0.3241,REG2REG,0,26574.197569,-0.3241,-0.1202,0.2582,0.0387,DP_i_decode_i_rs2_addr_i_Y_reg_1_,DP_i_execute_i_alu_out_reg_i_Y_reg_0_,evidence/synthesis/V6/new/timing_1p25.rpt,evidence/synthesis/V6/new/qor_1p25.rpt,W-2024.09-SP2,typical,NangateOpenCellLibrary,top,1.58,11.7737,100.0,18.602446,70,1.30217122,9.67789,100.0,15.2910662,2810,42.967896022,10.8135,100.0,17.08533,4274,73.02270041999999
V6,new,1p3,1.3,1.6347,-0.3347,REG2REG,0,26762.259558,-0.3347,-0.065,0.2376,0.0424,DP_i_decode_i_rs2_addr_i_Y_reg_0_,DP_i_execute_i_zero_alu_bit_Y_reg,evidence/synthesis/V6/new/timing_1p3.rpt,evidence/synthesis/V6/new/qor_1p3.rpt,W-2024.09-SP2,typical,NangateOpenCellLibrary,top,1.64,11.2404,100.0,18.434255999999998,70,1.29039792,9.41241,100.0,15.436352399999999,2810,43.376150243999994,10.485,100.0,17.1954,4274,73.49313959999999
V6,new,1p35,1.35,1.5894,-0.2394,REG2REG,0,26722.359559,-0.2394,-0.0043,0.2371,0.041,DP_i_decode_i_rs2_addr_i_Y_reg_0_,DP_i_execute_i_alu_out_reg_i_Y_reg_0_,evidence/synthesis/V6/new/timing_1p35.rpt,evidence/synthesis/V6/new/qor_1p35.rpt,W-2024.09-SP2,typical,NangateOpenCellLibrary,top,1.59,11.6089,100.0,18.458151,70,1.2920705700000001,9.61912,100.0,15.294400800000002,2810,42.97726624800001,10.7395,100.0,17.075805,4274,72.98199057
V6,new,1p4,1.4,1.5717,-0.1717,REG2REG,0,26263.775568,-0.1717,-0.0139,0.4441,0.1051,DP_i_fetch_i_IR_out_reg_30_,DP_i_fetch_i_pc_i_Y_reg_27_,evidence/synthesis/V6/new/timing_1p4.rpt,evidence/synthesis/V6/new/qor_1p4.rpt,W-2024.09-SP2,typical,NangateOpenCellLibrary,top,1.58,11.7798,100.0,18.612084,70,1.3028458799999998,9.63755,100.0,15.227329,2810,42.78879449,10.7393,100.0,16.968094,4274,72.521633756
V6,new,1p45,1.45,1.5644,-0.1144,REG2REG,0,26273.617579,-0.1144,0.0261,0.3974,0.0935,DP_i_decode_i_rs2_addr_i_Y_reg_4_,DP_i_execute_i_zero_alu_bit_Y_reg,evidence/synthesis/V6/new/timing_1p45.rpt,evidence/synthesis/V6/new/qor_1p45.rpt,W-2024.09-SP2,typical,NangateOpenCellLibrary,top,1.57,11.6923,100.0,18.356911,70,1.28498377,9.77248,100.0,15.3427936,2810,43.113250015999995,10.8975,100.0,17.109075,4274,73.12418655
V6,new,1p5,1.5,1.5881,-0.0881,REG2REG,0,26332.137577,-0.0881,0.0365,0.3617,0.1391,DP_i_decode_i_rs2_addr_i_Y_reg_2_,DP_i_execute_i_zero_alu_bit_Y_reg,evidence/synthesis/V6/new/timing_1p5.rpt,evidence/synthesis/V6/new/qor_1p5.rpt,W-2024.09-SP2,typical,NangateOpenCellLibrary,top,1.59,11.5205,100.0,18.317595,70,1.28223165,9.53399,100.0,15.1590441,2810,42.596913921,10.6472,100.0,16.929048,4274,72.354751152
V6,new,1p55,1.55,1.5817,-0.0317,REG2REG,0,26253.401597,-0.0317,0.1172,0.4331,0.1442,DP_i_fetch_i_IR_out_reg_26_,DP_i_fetch_i_pc_i_Y_reg_0_,evidence/synthesis/V6/new/timing_1p55.rpt,evidence/synthesis/V6/new/qor_1p55.rpt,W-2024.09-SP2,typical,NangateOpenCellLibrary,top,1.59,11.4505,100.0,18.206295,70,1.27444065,9.59138,100.0,15.250294199999999,2810,42.853326702,10.5771,100.0,16.817589,4274,71.87837538600002
V6,new,1p6,1.6,1.6,0.0,REG2REG,1,25895.099565,0.0,0.0785,0.5098,0.2099,DP_i_fetch_i_IR_out_reg_28_,DP_i_fetch_i_pc_i_Y_reg_9_,evidence/synthesis/V6/new/timing_1p6.rpt,evidence/synthesis/V6/new/qor_1p6.rpt,W-2024.09-SP2,typical,NangateOpenCellLibrary,top,1.6,11.661,100.0,18.6576,70,1.3060319999999999,9.55358,100.0,15.285728,2810,42.952895680000005,10.6335,100.0,17.0136,4274,72.71612640000001
V6,new,1p7,1.7,1.6998,0.0002,REG2REG,1,25498.759596,0.0002,0.1304,0.59,0.2587,DP_i_decode_i_rs2_addr_i_Y_reg_0_,DP_i_execute_i_boothmul_i_tree_i_register_i_3_Y_temp_reg_30_,evidence/synthesis/V6/new/timing_1p7.rpt,evidence/synthesis/V6/new/qor_1p7.rpt,W-2024.09-SP2,typical,NangateOpenCellLibrary,top,1.7,10.757,100.0,18.2869,70,1.2800829999999999,8.85724,100.0,15.057307999999997,2810,42.311035479999994,9.90375,100.0,16.836375,4274,71.95866675
V6,new,1p8,1.8,1.7997,0.0003,REG2REG,1,25405.659593,0.0003,0.1944,0.656,0.1873,DP_i_decode_i_rs2_addr_i_Y_reg_2_,DP_i_execute_i_boothmul_i_tree_i_register_i_2_Y_temp_reg_29_,evidence/synthesis/V6/new/timing_1p8.rpt,evidence/synthesis/V6/new/qor_1p8.rpt,W-2024.09-SP2,typical,NangateOpenCellLibrary,top,1.8,10.0265,100.0,18.047700000000003,70,1.2633390000000002,8.28592,100.0,14.914656000000003,2810,41.91018336000001,9.23552,100.0,16.623936,4274,71.050702464
V6,new,1p9,1.9,1.8999,0.0001,REG2REG,1,25334.903598,0.0001,0.1702,0.7402,0.2866,DP_i_fetch_i_IR_out_reg_28_,DP_i_fetch_i_pc_i_Y_reg_22_,evidence/synthesis/V6/new/timing_1p9.rpt,evidence/synthesis/V6/new/qor_1p9.rpt,W-2024.09-SP2,typical,NangateOpenCellLibrary,top,1.9,9.77418,100.0,18.570942,70,1.2999659399999999,7.87858,100.0,14.969302,2810,42.06373862,8.71743,100.0,16.563117,4274,70.790762058
V6,new,2p0,2.0,1.9971,0.0029,REG2REG,1,25131.147604,0.0029,0.1563,0.5811,0.214,DP_i_execute_i_rd_out_reg_i_Y_reg_0_,DP_i_execute_i_boothmul_i_tree_i_register_i_3_Y_temp_reg_21_,evidence/synthesis/V6/new/timing_2p0.rpt,evidence/synthesis/V6/new/qor_2p0.rpt,W-2024.09-SP2,typical,NangateOpenCellLibrary,top,2.0,8.94649,100.0,17.89298,70,1.2525086,7.47597,100.0,14.95194,2810,42.0149514,8.26742,100.0,16.53484,4274,70.66990616
V6,new,2p5,2.5,2.499,0.001,REG2REG,1,23494.449646,0.001,0.1096,1.335,0.4139,DP_i/fetch_i_IR_out_reg_30_,DP_i/fetch_i_pc_i_Y_reg_8_,evidence/synthesis/V6/new/timing_2p5.rpt,evidence/synthesis/V6/new/qor_2p5.rpt,W-2024.09-SP2,typical,NangateOpenCellLibrary,top,2.5,7.4127,100.0,18.53175,70,1.2972225,6.07948,100.0,15.1987,2810,42.708347,6.72887,100.0,16.822174999999998,4274,71.89797594999999
V6,new,3p0,3.0,2.999,0.001,REG2REG,1,23395.231648,0.001,0.111,1.785,0.8552,DP_i/fetch_i_IR_out_reg_28_,DP_i/fetch_i_pc_i_Y_reg_21_,evidence/synthesis/V6/new/timing_3p0.rpt,evidence/synthesis/V6/new/qor_3p0.rpt,W-2024.09-SP2,typical,NangateOpenCellLibrary,top,3.0,6.31996,100.0,18.95988,70,1.3271916,5.15059,100.0,15.45177,2810,43.419473700000005,5.68717,100.0,17.06151,4274,72.92089374
V6,new,3p5,3.5,3.4961,0.0039,REG2REG,1,23353.469648,0.0039,0.2024,2.235,1.2564,DP_i/execute_i_rd_out_reg_i_Y_reg_0_,DP_i/execute_i_zero_alu_bit_Y_reg,evidence/synthesis/V6/new/timing_3p5.rpt,evidence/synthesis/V6/new/qor_3p5.rpt,W-2024.09-SP2,typical,NangateOpenCellLibrary,top,3.5,5.44817,100.0,19.068595000000002,70,1.3348016500000002,4.46949,100.0,15.643215000000001,2810,43.95743415,4.96089,100.0,17.363115,4274,74.20995351
V6,new,4p0,4.0,3.9838,0.0162,REG2REG,1,23322.879649,0.0162,0.4672,2.685,1.7108,DP_i/mem_access_i_rd_out_reg_i_Y_reg_0_,DP_i/execute_i_zero_alu_bit_Y_reg,evidence/synthesis/V6/new/timing_4p0.rpt,evidence/synthesis/V6/new/qor_4p0.rpt,W-2024.09-SP2,typical,NangateOpenCellLibrary,top,3.99,4.82302,100.0,19.2438498,70,1.3470694859999999,3.97546,100.0,15.862085400000002,2810,44.572459974000004,4.40133,100.0,17.5613067,4274,75.0570248358
V6,old,1p0,1.0,1.4788,-0.4788,REG2REG,0,27658.147555,-0.4788,-0.2357,0.1466,-0.0205,CP_i_ex_mem_reg_i_WF1_out_reg,DP_i_execute_i_boothmul_i_tree_i_register_i_2_Y_temp_reg_30_,evidence/synthesis/V6/old/timing_1p0_old_syn.rpt,evidence/synthesis/V6/old/qor_1p0_old_syn.rpt,W-2024.09-SP2,typical,NangateOpenCellLibrary,top,,,,,,,,,,,,,,,,
V6,old,1p05,1.05,1.4738,-0.4238,REG2REG,0,27847.805544,-0.4238,-0.2081,0.0236,-0.0149,DP_i_execute_i_rd_out_reg_i_Y_reg_4_,DP_i_execute_i_boothmul_i_tree_i_register_i_3_Y_temp_reg_29_,evidence/synthesis/V6/old/timing_1p05_old_syn.rpt,evidence/synthesis/V6/old/qor_1p05_old_syn.rpt,W-2024.09-SP2,typical,NangateOpenCellLibrary,top,,,,,,,,,,,,,,,,
V6,old,1p1,1.1,1.481,-0.381,REG2REG,0,27438.697551,-0.381,-0.1532,0.1341,0.0035,DP_i_decode_i_rs2_addr_i_Y_reg_4_,DP_i_execute_i_zero_alu_bit_Y_reg,evidence/synthesis/V6/old/timing_1p1_old_syn.rpt,evidence/synthesis/V6/old/qor_1p1_old_syn.rpt,W-2024.09-SP2,typical,NangateOpenCellLibrary,top,,,,,,,,,,,,,,,,
V6,old,1p15,1.15,1.5032,-0.3532,REG2REG,0,26863.073556,-0.3532,-0.1307,0.1315,0.0083,DP_i_decode_i_rs2_addr_i_Y_reg_4_,DP_i_execute_i_zero_alu_bit_Y_reg,evidence/synthesis/V6/old/timing_1p15_old_syn.rpt,evidence/synthesis/V6/old/qor_1p15_old_syn.rpt,W-2024.09-SP2,typical,NangateOpenCellLibrary,top,,,,,,,,,,,,,,,,
V6,old,1p2,1.2,1.5074,-0.3074,REG2REG,0,26847.113568,-0.3074,-0.0949,0.3119,0.0321,DP_i_fetch_i_IR_out_reg_29_,DP_i_fetch_i_pc_i_Y_reg_0_,evidence/synthesis/V6/old/timing_1p2_old_syn.rpt,evidence/synthesis/V6/old/qor_1p2_old_syn.rpt,W-2024.09-SP2,typical,NangateOpenCellLibrary,top,,,,,,,,,,,,,,,,
V6,old,1p25,1.25,1.563,-0.313,REG2REG,0,26525.785579,-0.313,-0.0514,0.1867,0.0212,DP_i_decode_i_rs2_addr_i_Y_reg_4_,DP_i_execute_i_zero_alu_bit_Y_reg,evidence/synthesis/V6/old/timing_1p25_old_syn.rpt,evidence/synthesis/V6/old/qor_1p25_old_syn.rpt,W-2024.09-SP2,typical,NangateOpenCellLibrary,top,,,,,,,,,,,,,,,,
V6,old,1p3,1.3,1.5678,-0.2678,REG2REG,0,26625.535591,-0.2678,0.0,0.3043,0.0598,DP_i_decode_i_rs2_addr_i_Y_reg_4_,DP_i_execute_i_zero_alu_bit_Y_reg,evidence/synthesis/V6/old/timing_1p3_old_syn.rpt,evidence/synthesis/V6/old/qor_1p3_old_syn.rpt,W-2024.09-SP2,typical,NangateOpenCellLibrary,top,,,,,,,,,,,,,,,,
V6,old,1p35,1.35,1.6154,-0.2654,REG2REG,0,26337.457592,-0.2654,-0.0428,0.3409,0.1017,DP_i_decode_i_rs2_addr_i_Y_reg_4_,DP_i_execute_i_zero_alu_bit_Y_reg,evidence/synthesis/V6/old/timing_1p35_old_syn.rpt,evidence/synthesis/V6/old/qor_1p35_old_syn.rpt,W-2024.09-SP2,typical,NangateOpenCellLibrary,top,,,,,,,,,,,,,,,,
V6,old,1p4,1.4,1.5769,-0.1769,REG2REG,0,26382.677583,-0.1769,0.0074,0.2823,0.0545,DP_i_decode_i_rs2_addr_i_Y_reg_4_,DP_i_execute_i_zero_alu_bit_Y_reg,evidence/synthesis/V6/old/timing_1p4_old_syn.rpt,evidence/synthesis/V6/old/qor_1p4_old_syn.rpt,W-2024.09-SP2,typical,NangateOpenCellLibrary,top,,,,,,,,,,,,,,,,
V6,old,1p45,1.45,1.5695,-0.1195,REG2REG,0,26119.07158,-0.1195,0.0096,0.2932,0.1023,DP_i_execute_i_rd_out_reg_i_Y_reg_2_,DP_i_execute_i_zero_alu_bit_Y_reg,evidence/synthesis/V6/old/timing_1p45_old_syn.rpt,evidence/synthesis/V6/old/qor_1p45_old_syn.rpt,W-2024.09-SP2,typical,NangateOpenCellLibrary,top,,,,,,,,,,,,,,,,
V6,old,1p5,1.5,1.5535,-0.0535,REG2REG,0,26265.371571,-0.0535,0.029,0.2718,0.1561,DP_i_decode_i_rs2_addr_i_Y_reg_4_,DP_i_execute_i_boothmul_i_tree_i_register_i_2_Y_temp_reg_29_,evidence/synthesis/V6/old/timing_1p5_old_syn.rpt,evidence/synthesis/V6/old/qor_1p5_old_syn.rpt,W-2024.09-SP2,typical,NangateOpenCellLibrary,top,,,,,,,,,,,,,,,,
V6,old,1p55,1.55,1.5499,0.0001,REG2REG,1,26158.705578,0.0001,0.0463,0.405,0.1103,DP_i_mem_access_i_rd_out_reg_i_Y_reg_0_,DP_i_execute_i_boothmul_i_tree_i_register_i_2_Y_temp_reg_31_,evidence/synthesis/V6/old/timing_1p55_old_syn.rpt,evidence/synthesis/V6/old/qor_1p55_old_syn.rpt,W-2024.09-SP2,typical,NangateOpenCellLibrary,top,,,,,,,,,,,,,,,,
V6,old,1p6,1.6,1.5997,0.0003,REG2REG,1,26014.267565,0.0003,0.0785,0.456,0.1466,DP_i_mem_access_i_rd_out_reg_i_Y_reg_3_,DP_i_execute_i_zero_alu_bit_Y_reg,evidence/synthesis/V6/old/timing_1p6_old_syn.rpt,evidence/synthesis/V6/old/qor_1p6_old_syn.rpt,W-2024.09-SP2,typical,NangateOpenCellLibrary,top,,,,,,,,,,,,,,,,
V6,old,1p7,1.7,1.7,0.0,REG2REG,1,25596.913593,0.0,0.1487,0.5717,0.1663,DP_i_mem_access_i_rd_out_reg_i_Y_reg_3_,DP_i_fetch_i_pc_i_Y_reg_25_,evidence/synthesis/V6/old/timing_1p7_old_syn.rpt,evidence/synthesis/V6/old/qor_1p7_old_syn.rpt,W-2024.09-SP2,typical,NangateOpenCellLibrary,top,,,,,,,,,,,,,,,,
V6,old,1p8,1.8,1.7995,0.0005,REG2REG,1,25391.295592,0.0005,0.174,0.7341,0.2243,DP_i_mem_access_i_rd_out_reg_i_Y_reg_2_,DP_i_fetch_i_pc_i_Y_reg_4_,evidence/synthesis/V6/old/timing_1p8_old_syn.rpt,evidence/synthesis/V6/old/qor_1p8_old_syn.rpt,W-2024.09-SP2,typical,NangateOpenCellLibrary,top,,,,,,,,,,,,,,,,
V6,old,1p9,1.9,1.899,0.001,REG2REG,1,25235.685594,0.001,0.1685,0.7571,0.2805,DP_i_decode_i_rs2_addr_i_Y_reg_4_,DP_i_execute_i_boothmul_i_tree_i_register_i_3_Y_temp_reg_21_,evidence/synthesis/V6/old/timing_1p9_old_syn.rpt,evidence/synthesis/V6/old/qor_1p9_old_syn.rpt,W-2024.09-SP2,typical,NangateOpenCellLibrary,top,,,,,,,,,,,,,,,,
V6,old,2p0,2.0,1.9998,0.0002,REG2REG,1,25086.193597,0.0002,0.1846,0.8024,0.3395,DP_i_fetch_i_IR_out_reg_28_,DP_i_fetch_i_pc_i_Y_reg_23_,evidence/synthesis/V6/old/timing_2p0_old_syn.rpt,evidence/synthesis/V6/old/qor_2p0_old_syn.rpt,W-2024.09-SP2,typical,NangateOpenCellLibrary,top,,,,,,,,,,,,,,,,
V6,old,2p5,2.5,2.4971,0.0029,REG2REG,1,23504.823646,0.0029,0.1246,1.335,0.4934,DP_i/fetch_i_IR_out_reg_29_,DP_i/fetch_i_pc_i_Y_reg_13_,evidence/synthesis/V6/old/timing_2p5_old_syn.rpt,evidence/synthesis/V6/old/qor_2p5_old_syn.rpt,W-2024.09-SP2,typical,NangateOpenCellLibrary,top,,,,,,,,,,,,,,,,
V6,old,3p0,3.0,2.9997,0.0003,REG2REG,1,23415.713646,0.0003,0.1347,1.785,0.9732,DP_i/execute_i_rd_out_reg_i_Y_reg_0_,DP_i/execute_i_zero_alu_bit_Y_reg,evidence/synthesis/V6/old/timing_3p0_old_syn.rpt,evidence/synthesis/V6/old/qor_3p0_old_syn.rpt,W-2024.09-SP2,typical,NangateOpenCellLibrary,top,,,,,,,,,,,,,,,,
V6,old,3p5,3.5,3.4951,0.0049,REG2REG,1,23349.213648,0.0049,0.2281,2.235,1.3281,DP_i/fetch_i_IR_out_reg_26_,DP_i/fetch_i_pc_i_Y_reg_26_,evidence/synthesis/V6/old/timing_3p5_old_syn.rpt,evidence/synthesis/V6/old/qor_3p5_old_syn.rpt,W-2024.09-SP2,typical,NangateOpenCellLibrary,top,,,,,,,,,,,,,,,,
V6,old,4p0,4.0,3.9931,0.0069,REG2REG,1,23324.741648,0.0069,0.2889,2.685,1.743,DP_i/fetch_i_IR_out_reg_26_,DP_i/fetch_i_pc_i_Y_reg_2_,evidence/synthesis/V6/old/timing_4p0_old_syn.rpt,evidence/synthesis/V6/old/qor_4p0_old_syn.rpt,W-2024.09-SP2,typical,NangateOpenCellLibrary,top,,,,,,,,,,,,,,,,
V7,new,1p0,1.0,1.5055,-0.5055,REG2REG,0,27179.347573,-0.5055,-0.361,0.1463,-0.1739,DP_i_mem_access_i_rd_out_reg_i_Y_reg_1_,DP_i_execute_i_zero_alu_bit_Y_reg,evidence/synthesis/V7/new/timing_1p0.rpt,evidence/synthesis/V7/new/qor_1p0.rpt,W-2024.09-SP2,typical,NangateOpenCellLibrary,top,1.51,12.12,100.0,18.301199999999998,70,1.281084,9.83301,100.0,14.847845099999999,2810,41.722444730999996,11.1806,100.0,16.882706,4274,72.156685444
V7,new,1p05,1.05,1.5398,-0.4898,REG2REG,0,26700.813565,-0.4898,-0.3554,0.0696,-0.1603,DP_i_fetch_i_IR_out_reg_27_,DP_i_fetch_i_pc_i_Y_reg_22_,evidence/synthesis/V7/new/timing_1p05.rpt,evidence/synthesis/V7/new/qor_1p05.rpt,W-2024.09-SP2,typical,NangateOpenCellLibrary,top,1.54,11.7,100.0,18.018,70,1.26126,9.59743,100.0,14.780042199999999,2810,41.531918581999996,10.7685,100.0,16.58349,4274,70.87783626000001
V7,new,1p1,1.1,1.5472,-0.4472,REG2REG,0,26723.955579,-0.4472,-0.2816,0.1061,-0.1021,DP_i_fetch_i_IR_out_reg_28_,DP_i_fetch_i_pc_i_Y_reg_23_,evidence/synthesis/V7/new/timing_1p1.rpt,evidence/synthesis/V7/new/qor_1p1.rpt,W-2024.09-SP2,typical,NangateOpenCellLibrary,top,1.55,11.3286,100.0,17.55933,70,1.2291531,9.50808,100.0,14.737524,2810,41.41244244,10.6033,100.0,16.435115000000003,4274,70.24368151000002
V7,new,1p15,1.15,1.5203,-0.3703,REG2REG,0,27123.487583,-0.3703,-0.2722,0.1743,-0.0756,DP_i_mem_access_i_rd_out_reg_i_Y_reg_3_,DP_i_execute_i_zero_alu_bit_Y_reg,evidence/synthesis/V7/new/timing_1p15.rpt,evidence/synthesis/V7/new/qor_1p15.rpt,W-2024.09-SP2,typical,NangateOpenCellLibrary,top,1.53,11.6925,100.0,17.889525000000003,70,1.2522667500000002,9.68518,100.0,14.8183254,2810,41.639494374,10.8873,100.0,16.657569,4274,71.19444990599999
V7,new,1p2,1.2,1.5024,-0.3024,REG2REG,0,27186.529562,-0.3024,-0.1733,0.1333,-0.0389,DP_i_mem_access_i_rd_out_reg_i_Y_reg_0_,DP_i_execute_i_boothmul_i_tree_i_register_i_2_Y_temp_reg_30_,evidence/synthesis/V7/new/timing_1p2.rpt,evidence/synthesis/V7/new/qor_1p2.rpt,W-2024.09-SP2,typical,NangateOpenCellLibrary,top,1.51,11.964,100.0,18.065640000000002,70,1.2645948,9.8564,100.0,14.883164,2810,41.82169084,11.0364,100.0,16.664964,4274,71.226056136
V7,new,1p25,1.25,1.5901,-0.3401,REG2REG,0,26490.673579,-0.3401,-0.2143,0.2185,-0.0536,DP_i_fetch_i_IR_out_reg_26_,DP_i_fetch_i_pc_i_Y_reg_29_,evidence/synthesis/V7/new/timing_1p25.rpt,evidence/synthesis/V7/new/qor_1p25.rpt,W-2024.09-SP2,typical,NangateOpenCellLibrary,top,1.6,11.4764,100.0,18.36224,70,1.2853568,9.22724,100.0,14.763584000000002,2810,41.48567104,10.4316,100.0,16.69056,4274,71.33545344000001
V7,new,1p3,1.3,1.5648,-0.2648,REG2REG,0,26777.155546,-0.2648,-0.0909,0.2925,0.0257,CP_i_ex_mem_reg_i_WF1_out_reg,DP_i_execute_i_boothmul_i_tree_i_register_i_2_Y_temp_reg_30_,evidence/synthesis/V7/new/timing_1p3.rpt,evidence/synthesis/V7/new/qor_1p3.rpt,W-2024.09-SP2,typical,NangateOpenCellLibrary,top,1.57,11.4831,100.0,18.028467000000003,70,1.2619926900000003,9.51768,100.0,14.942757600000002,2810,41.98914885600001,10.684,100.0,16.77388,4274,71.69156312
V7,new,1p35,1.35,1.6014,-0.2514,CLK,0,26701.079558,-0.2371,-0.2514,0.0828,-0.028,DP_i_fetch_i_IR_out_reg_25_,CP_i_hazard_unit_i_G_scoreboard_reg_10__1_,evidence/synthesis/V7/new/timing_1p35.rpt,evidence/synthesis/V7/new/qor_1p35.rpt,W-2024.09-SP2,typical,NangateOpenCellLibrary,top,1.61,11.0158,100.0,17.735438000000002,70,1.2414806600000001,9.07785,100.0,14.6153385,2810,41.069101185,10.2021,100.0,16.425381,4274,70.20207839400001
V7,new,1p4,1.4,1.6342,-0.2342,REG2REG,0,26585.635555,-0.2342,-0.1941,0.4813,-0.0247,DP_i_fetch_i_IR_out_reg_23_,CP_i_hazard_unit_i_G_scoreboard_reg_8__1_,evidence/synthesis/V7/new/timing_1p4.rpt,evidence/synthesis/V7/new/qor_1p4.rpt,W-2024.09-SP2,typical,NangateOpenCellLibrary,top,1.64,10.8092,100.0,17.727088,70,1.2408961599999997,9.0018,100.0,14.762951999999999,2810,41.48389511999999,10.1139,100.0,16.586795999999996,4274,70.89196610399998
V7,new,1p45,1.45,1.5706,-0.1206,REG2REG,0,26862.27555,-0.1206,-0.0069,0.5229,0.1122,DP_i_mem_access_i_rd_out_reg_i_Y_reg_3_,CP_i_hazard_unit_i_G_scoreboard_reg_1__1_,evidence/synthesis/V7/new/timing_1p45.rpt,evidence/synthesis/V7/new/qor_1p45.rpt,W-2024.09-SP2,typical,NangateOpenCellLibrary,top,1.58,11.4293,100.0,18.058294,70,1.2640805800000001,9.46857,100.0,14.9603406,2810,42.038557086,10.6321,100.0,16.798718,4274,71.797720732
V7,new,1p5,1.5,1.5305,-0.0305,REG2REG,0,26754.811551,-0.0305,-0.0054,0.5945,0.0979,CP_i_ex_mem_reg_i_WF1_out_reg,DP_i_execute_i_zero_alu_bit_Y_reg,evidence/synthesis/V7/new/timing_1p5.rpt,evidence/synthesis/V7/new/qor_1p5.rpt,W-2024.09-SP2,typical,NangateOpenCellLibrary,top,1.54,11.5867,100.0,17.843518,70,1.24904626,9.73926,100.0,14.9984604,2810,42.145673724,10.9282,100.0,16.829428,4274,71.928975272
V7,new,1p55,1.55,1.6035,-0.0535,REG2REG,0,26019.321571,-0.0535,0.007,0.2607,0.0724,DP_i_decode_i_rs2_addr_i_Y_reg_0_,DP_i_execute_i_zero_alu_bit_Y_reg,evidence/synthesis/V7/new/timing_1p55.rpt,evidence/synthesis/V7/new/qor_1p55.rpt,W-2024.09-SP2,typical,NangateOpenCellLibrary,top,1.61,11.0374,100.0,17.770214,70,1.24391498,9.22696,100.0,14.855405600000001,2810,41.743689736,10.3514,100.0,16.665754,4274,71.229432596
V7,new,1p6,1.6,1.6045,-0.0045,REG2REG,0,25856.795572,-0.0045,0.022,0.2731,0.1266,DP_i_decode_i_rs2_addr_i_Y_reg_0_,DP_i_execute_i_zero_alu_bit_Y_reg,evidence/synthesis/V7/new/timing_1p6.rpt,evidence/synthesis/V7/new/qor_1p6.rpt,W-2024.09-SP2,typical,NangateOpenCellLibrary,top,1.61,11.0865,100.0,17.849265,70,1.2494485499999999,9.21015,100.0,14.828341500000002,2810,41.667639615000006,10.3737,100.0,16.701657,4274,71.382882018
V7,new,1p7,1.7,1.6999,0.0001,REG2REG,1,25605.15958,0.0001,0.0127,0.6001,0.191,DP_i_decode_i_rs2_addr_i_Y_reg_0_,DP_i_execute_i_boothmul_i_tree_i_register_i_2_Y_temp_reg_29_,evidence/synthesis/V7/new/timing_1p7.rpt,evidence/synthesis/V7/new/qor_1p7.rpt,W-2024.09-SP2,typical,NangateOpenCellLibrary,top,1.7,10.6521,100.0,18.10857,70,1.2675999,8.69935,100.0,14.788895,2810,41.556794950000004,9.75017,100.0,16.575289,4274,70.84278518600001
V7,new,1p8,1.8,1.7992,0.0008,REG2REG,1,25193.391602,0.0008,0.0497,0.7245,0.1315,DP_i_fetch_i_IR_out_reg_28_,DP_i_fetch_i_pc_i_Y_reg_23_,evidence/synthesis/V7/new/timing_1p8.rpt,evidence/synthesis/V7/new/qor_1p8.rpt,W-2024.09-SP2,typical,NangateOpenCellLibrary,top,1.8,9.47379,100.0,17.052822,70,1.1936975399999998,8.02651,100.0,14.447718,2810,40.59808758,9.01106,100.0,16.219908,4274,69.32388679200001
V7,new,1p9,1.9,1.8994,0.0006,REG2REG,1,25093.907619,0.0006,0.0348,0.7325,0.1528,CP_i_mem_w_reg_i_WF1_out_reg,DP_i_execute_i_boothmul_i_tree_i_register_i_3_Y_temp_reg_31_,evidence/synthesis/V7/new/timing_1p9.rpt,evidence/synthesis/V7/new/qor_1p9.rpt,W-2024.09-SP2,typical,NangateOpenCellLibrary,top,1.9,9.21128,100.0,17.501432,70,1.22510024,7.64951,100.0,14.534069,2810,40.84073389,8.63195,100.0,16.400705,4274,70.09661317
V7,new,2p0,2.0,1.9984,0.0016,REG2REG,1,24941.223621,0.0016,0.0225,0.9563,0.1687,DP_i_execute_i_rd_out_reg_i_Y_reg_4_,DP_i_execute_i_boothmul_i_tree_i_register_i_2_Y_temp_reg_31_,evidence/synthesis/V7/new/timing_2p0.rpt,evidence/synthesis/V7/new/qor_2p0.rpt,W-2024.09-SP2,typical,NangateOpenCellLibrary,top,2.0,8.76108,100.0,17.52216,70,1.2265511999999998,7.28206,100.0,14.56412,2810,40.92517720000001,8.2667,100.0,16.5334,4274,70.6637516
V7,new,2p5,2.5,2.4988,0.0012,REG2REG,1,23440.451657,0.0012,0.0686,1.443,0.2339,DP_i/mem_access_i_rd_out_reg_i_Y_reg_0_,DP_i/execute_i_zero_alu_bit_Y_reg,evidence/synthesis/V7/new/timing_2p5.rpt,evidence/synthesis/V7/new/qor_2p5.rpt,W-2024.09-SP2,typical,NangateOpenCellLibrary,top,2.5,6.8878,100.0,17.2195,70,1.205365,5.8751,100.0,14.68775,2810,41.2725775,6.54546,100.0,16.36365,4274,69.9382401
V7,new,3p0,3.0,2.9968,0.0032,REG2REG,1,23201.051658,0.0032,0.118,1.3828,0.425,DP_i/fetch_i_IR_out_reg_26_,DP_i/fetch_i_pc_i_Y_reg_26_,evidence/synthesis/V7/new/timing_3p0.rpt,evidence/synthesis/V7/new/qor_3p0.rpt,W-2024.09-SP2,typical,NangateOpenCellLibrary,top,3.0,5.76491,100.0,17.29473,70,1.2106311,4.93657,100.0,14.809709999999999,2810,41.615285099999994,5.506,100.0,16.518,4274,70.597932
V7,new,3p5,3.5,3.4997,0.0003,REG2REG,1,23115.66566,0.0003,0.2193,1.8328,0.6797,DP_i/mem_access_i_rd_out_reg_i_Y_reg_0_,DP_i/execute_i_zero_alu_bit_Y_reg,evidence/synthesis/V7/new/timing_3p5.rpt,evidence/synthesis/V7/new/qor_3p5.rpt,W-2024.09-SP2,typical,NangateOpenCellLibrary,top,3.5,5.1107,100.0,17.887449999999998,70,1.2521214999999997,4.31192,100.0,15.091719999999999,2810,42.407733199999996,4.80373,100.0,16.813055,4274,71.85899707
V7,new,4p0,4.0,3.9794,0.0206,REG2REG,1,23068.583661,0.0206,0.4009,2.2827,0.9554,DP_i/fetch_i_IR_out_reg_29_,DP_i/fetch_i_pc_i_Y_reg_1_,evidence/synthesis/V7/new/timing_4p0.rpt,evidence/synthesis/V7/new/qor_4p0.rpt,W-2024.09-SP2,typical,NangateOpenCellLibrary,top,3.98,4.50623,100.0,17.934795400000002,70,1.255435678,3.86692,100.0,15.3903416,2810,43.246859896,4.28745,100.0,17.064051,4274,72.93175397399999
V7,old,1p0,1.0,1.4936,-0.4936,REG2REG,0,27481.789566,-0.4936,-0.3255,0.0878,-0.1652,DP_i_decode_i_rs2_addr_i_Y_reg_3_,DP_i_execute_i_boothmul_i_tree_i_register_i_2_Y_temp_reg_27_,evidence/synthesis/V7/old/timing_1p0_old_syn.rpt,evidence/synthesis/V7/old/qor_1p0_old_syn.rpt,W-2024.09-SP2,typical,NangateOpenCellLibrary,top,,,,,,,,,,,,,,,,
V7,old,1p05,1.05,1.6336,-0.5836,REG2REG,0,27008.575566,-0.5836,-0.3894,0.1099,-0.2257,DP_i_mem_access_i_rd_out_reg_i_Y_reg_3_,DP_i_execute_i_zero_alu_bit_Y_reg,evidence/synthesis/V7/old/timing_1p05_old_syn.rpt,evidence/synthesis/V7/old/qor_1p05_old_syn.rpt,W-2024.09-SP2,typical,NangateOpenCellLibrary,top,,,,,,,,,,,,,,,,
V7,old,1p1,1.1,1.5503,-0.4503,REG2REG,0,26992.615568,-0.4503,-0.199,0.1196,-0.0834,DP_i_mem_access_i_rd_out_reg_i_Y_reg_0_,DP_i_execute_i_zero_alu_bit_Y_reg,evidence/synthesis/V7/old/timing_1p1_old_syn.rpt,evidence/synthesis/V7/old/qor_1p1_old_syn.rpt,W-2024.09-SP2,typical,NangateOpenCellLibrary,top,,,,,,,,,,,,,,,,
V7,old,1p15,1.15,1.5566,-0.4066,REG2REG,0,27225.897576,-0.4066,-0.2109,0.2036,-0.0074,DP_i_mem_access_i_rd_out_reg_i_Y_reg_4_,DP_i_execute_i_boothmul_i_tree_i_register_i_2_Y_temp_reg_31_,evidence/synthesis/V7/old/timing_1p15_old_syn.rpt,evidence/synthesis/V7/old/qor_1p15_old_syn.rpt,W-2024.09-SP2,typical,NangateOpenCellLibrary,top,,,,,,,,,,,,,,,,
V7,old,1p2,1.2,1.6547,-0.4547,REG2REG,0,26730.871555,-0.4547,-0.256,0.1176,-0.0775,DP_i_fetch_i_IR_out_reg_27_,DP_i_fetch_i_pc_i_Y_reg_0_,evidence/synthesis/V7/old/timing_1p2_old_syn.rpt,evidence/synthesis/V7/old/qor_1p2_old_syn.rpt,W-2024.09-SP2,typical,NangateOpenCellLibrary,top,,,,,,,,,,,,,,,,
V7,old,1p25,1.25,1.5873,-0.3373,REG2REG,0,26786.731553,-0.3373,-0.2696,0.3708,-0.1167,DP_i_mem_access_i_rd_out_reg_i_Y_reg_1_,CP_i_hazard_unit_i_G_scoreboard_reg_11__0_,evidence/synthesis/V7/old/timing_1p25_old_syn.rpt,evidence/synthesis/V7/old/qor_1p25_old_syn.rpt,W-2024.09-SP2,typical,NangateOpenCellLibrary,top,,,,,,,,,,,,,,,,
V7,old,1p3,1.3,1.6478,-0.3478,REG2REG,0,26535.893569,-0.3478,-0.2839,0.2207,-0.0652,DP_i_mem_access_i_rd_out_reg_i_Y_reg_1_,DP_i_execute_i_alu_out_reg_i_Y_reg_0_,evidence/synthesis/V7/old/timing_1p3_old_syn.rpt,evidence/synthesis/V7/old/qor_1p3_old_syn.rpt,W-2024.09-SP2,typical,NangateOpenCellLibrary,top,,,,,,,,,,,,,,,,
V7,old,1p35,1.35,1.5943,-0.2443,REG2REG,0,26584.837579,-0.2443,-0.1862,0.1687,-0.0222,DP_i_fetch_i_IR_out_reg_23_,CP_i_hazard_unit_i_G_scoreboard_reg_11__0_,evidence/synthesis/V7/old/timing_1p35_old_syn.rpt,evidence/synthesis/V7/old/qor_1p35_old_syn.rpt,W-2024.09-SP2,typical,NangateOpenCellLibrary,top,,,,,,,,,,,,,,,,
V7,old,1p4,1.4,1.6171,-0.2171,REG2REG,0,26543.075574,-0.2171,-0.1522,0.4242,-0.0234,DP_i_mem_access_i_rd_out_reg_i_Y_reg_2_,CP_i_hazard_unit_i_G_scoreboard_reg_9__1_,evidence/synthesis/V7/old/timing_1p4_old_syn.rpt,evidence/synthesis/V7/old/qor_1p4_old_syn.rpt,W-2024.09-SP2,typical,NangateOpenCellLibrary,top,,,,,,,,,,,,,,,,
V7,old,1p45,1.45,1.6557,-0.2057,REG2REG,0,26829.291546,-0.2057,-0.143,0.4181,0.0155,DP_i_mem_access_i_rd_out_reg_i_Y_reg_2_,CP_i_hazard_unit_i_G_scoreboard_reg_16__0_,evidence/synthesis/V7/old/timing_1p45_old_syn.rpt,evidence/synthesis/V7/old/qor_1p45_old_syn.rpt,W-2024.09-SP2,typical,NangateOpenCellLibrary,top,,,,,,,,,,,,,,,,
V7,old,1p5,1.5,1.5436,-0.0436,REG2REG,0,26511.687562,-0.0436,0.0116,0.4504,0.0926,DP_i_fetch_i_IR_out_reg_30_,DP_i_fetch_i_pc_i_Y_reg_26_,evidence/synthesis/V7/old/timing_1p5_old_syn.rpt,evidence/synthesis/V7/old/qor_1p5_old_syn.rpt,W-2024.09-SP2,typical,NangateOpenCellLibrary,top,,,,,,,,,,,,,,,,
V7,old,1p55,1.55,1.5536,-0.0036,REG2REG,0,26577.65557,-0.0036,0.0117,0.2349,0.1718,DP_i_decode_i_rs2_addr_i_Y_reg_2_,DP_i_execute_i_zero_alu_bit_Y_reg,evidence/synthesis/V7/old/timing_1p55_old_syn.rpt,evidence/synthesis/V7/old/qor_1p55_old_syn.rpt,W-2024.09-SP2,typical,NangateOpenCellLibrary,top,,,,,,,,,,,,,,,,
V7,old,1p6,1.6,1.5999,0.0001,REG2REG,1,25879.139562,0.0001,0.0202,0.6377,0.1736,DP_i_mem_access_i_rd_out_reg_i_Y_reg_2_,DP_i_execute_i_boothmul_i_tree_i_register_i_2_Y_temp_reg_20_,evidence/synthesis/V7/old/timing_1p6_old_syn.rpt,evidence/synthesis/V7/old/qor_1p6_old_syn.rpt,W-2024.09-SP2,typical,NangateOpenCellLibrary,top,,,,,,,,,,,,,,,,
V7,old,1p7,1.7,1.6996,0.0004,REG2REG,1,25515.783568,0.0004,0.0026,0.6538,0.1334,DP_i_execute_i_rd_out_reg_i_Y_reg_4_,DP_i_execute_i_boothmul_i_tree_i_register_i_2_Y_temp_reg_31_,evidence/synthesis/V7/old/timing_1p7_old_syn.rpt,evidence/synthesis/V7/old/qor_1p7_old_syn.rpt,W-2024.09-SP2,typical,NangateOpenCellLibrary,top,,,,,,,,,,,,,,,,
V7,old,1p8,1.8,1.7997,0.0003,REG2REG,1,25160.40761,0.0003,0.0458,0.7086,0.0752,DP_i_decode_i_rs2_addr_i_Y_reg_2_,DP_i_execute_i_boothmul_i_tree_i_register_i_2_Y_temp_reg_31_,evidence/synthesis/V7/old/timing_1p8_old_syn.rpt,evidence/synthesis/V7/old/qor_1p8_old_syn.rpt,W-2024.09-SP2,typical,NangateOpenCellLibrary,top,,,,,,,,,,,,,,,,
V7,old,1p9,1.9,1.8998,0.0002,REG2REG,1,24944.415612,0.0002,0.0017,0.7729,0.199,DP_i_mem_access_i_rd_out_reg_i_Y_reg_1_,DP_i_execute_i_boothmul_i_tree_i_register_i_3_Y_temp_reg_21_,evidence/synthesis/V7/old/timing_1p9_old_syn.rpt,evidence/synthesis/V7/old/qor_1p9_old_syn.rpt,W-2024.09-SP2,typical,NangateOpenCellLibrary,top,,,,,,,,,,,,,,,,
V7,old,2p0,2.0,1.9995,0.0005,REG2REG,1,24954.523623,0.0005,0.0027,0.9152,0.1641,DP_i_execute_i_rd_out_reg_i_Y_reg_4_,DP_i_execute_i_boothmul_i_tree_i_register_i_2_Y_temp_reg_27_,evidence/synthesis/V7/old/timing_2p0_old_syn.rpt,evidence/synthesis/V7/old/qor_2p0_old_syn.rpt,W-2024.09-SP2,typical,NangateOpenCellLibrary,top,,,,,,,,,,,,,,,,
V7,old,2p5,2.5,2.4997,0.0003,REG2REG,1,23375.281658,0.0003,0.0025,1.442,0.2415,DP_i/fetch_i_IR_out_reg_27_,DP_i/fetch_i_pc_i_Y_reg_10_,evidence/synthesis/V7/old/timing_2p5_old_syn.rpt,evidence/synthesis/V7/old/qor_2p5_old_syn.rpt,W-2024.09-SP2,typical,NangateOpenCellLibrary,top,,,,,,,,,,,,,,,,
V7,old,3p0,3.0,2.9976,0.0024,REG2REG,1,23192.007658,0.0024,0.0451,1.3828,0.3521,DP_i/mem_access_i_rd_out_reg_i_Y_reg_3_,DP_i/execute_i_zero_alu_bit_Y_reg,evidence/synthesis/V7/old/timing_3p0_old_syn.rpt,evidence/synthesis/V7/old/qor_3p0_old_syn.rpt,W-2024.09-SP2,typical,NangateOpenCellLibrary,top,,,,,,,,,,,,,,,,
V7,old,3p5,3.5,3.4923,0.0077,REG2REG,1,23125.507659,0.0077,0.1585,1.8328,0.7677,DP_i/fetch_i_IR_out_reg_28_,DP_i/fetch_i_pc_i_Y_reg_1_,evidence/synthesis/V7/old/timing_3p5_old_syn.rpt,evidence/synthesis/V7/old/qor_3p5_old_syn.rpt,W-2024.09-SP2,typical,NangateOpenCellLibrary,top,,,,,,,,,,,,,,,,
V7,old,4p0,4.0,3.9531,0.0469,REG2REG,1,23095.183659,0.0469,0.3314,2.2828,0.8839,DP_i/fetch_i_IR_out_reg_26_,DP_i/fetch_i_pc_i_Y_reg_23_,evidence/synthesis/V7/old/timing_4p0_old_syn.rpt,evidence/synthesis/V7/old/qor_4p0_old_syn.rpt,W-2024.09-SP2,typical,NangateOpenCellLibrary,top,,,,,,,,,,,,,,,,
