 
****************************************
Report : timing
        -path full
        -delay max
        -nworst 2
        -max_paths 10
Design : DLX
Version: W-2024.09-SP2
Date   : Tue Sep 29 13:11:01 2026
****************************************

Operating Conditions: typical   Library: NangateOpenCellLibrary
Wire Load Model Mode: top

  Startpoint: DP_i_fetch_i_btb_update_latch_i_pc_branch_out_reg_3_
              (rising edge-triggered flip-flop clocked by CLK)
  Endpoint: DP_i_fetch_i_btb_i/clk_gate_btb_table_reg_0__TARGET_/latch
            (gating element for clock CLK)
  Path Group: CLK
  Path Type: max

  Des/Clust/Port     Wire Load Model       Library
  ------------------------------------------------
  DLX                5K_hvratio_1_4        NangateOpenCellLibrary

  Point                                                   Incr       Path
  --------------------------------------------------------------------------
  clock CLK (rise edge)                                 0.0000     0.0000
  clock network delay (ideal)                           0.0500     0.0500
  DP_i_fetch_i_btb_update_latch_i_pc_branch_out_reg_3_/CK (DFF_X1)
                                                        0.0000     0.0500 r
  DP_i_fetch_i_btb_update_latch_i_pc_branch_out_reg_3_/Q (DFF_X1)
                                                        0.1552     0.2052 r
  DP_i_fetch_i_btb_i/pc_branch[3] (BTB_NBIT32_BTB_DEPTH16_BTB_INDEX_MSB5)
                                                        0.0000     0.2052 r
  DP_i_fetch_i_btb_i/U157/ZN (INV_X1)                   0.0857     0.2908 f
  DP_i_fetch_i_btb_i/U154/ZN (NOR2_X1)                  0.1094     0.4002 r
  DP_i_fetch_i_btb_i/U207/ZN (NAND2_X1)                 0.0527     0.4529 f
  DP_i_fetch_i_btb_i/U163/ZN (INV_X2)                   0.1291     0.5820 r
  DP_i_fetch_i_btb_i/U427/ZN (AOI22_X1)                 0.0742     0.6561 f
  DP_i_fetch_i_btb_i/U430/ZN (NAND4_X1)                 0.0431     0.6993 r
  DP_i_fetch_i_btb_i/U436/ZN (NOR2_X1)                  0.0296     0.7288 f
  DP_i_fetch_i_btb_i/U437/ZN (AOI22_X1)                 0.0620     0.7908 r
  DP_i_fetch_i_btb_i/U438/ZN (OAI221_X1)                0.0507     0.8415 f
  DP_i_fetch_i_btb_i/U439/ZN (AOI21_X1)                 0.0624     0.9039 r
  DP_i_fetch_i_btb_i/U440/ZN (OAI21_X1)                 0.0372     0.9411 f
  DP_i_fetch_i_btb_i/U581/ZN (NOR4_X1)                  0.0958     1.0369 r
  DP_i_fetch_i_btb_i/U582/ZN (NAND4_X1)                 0.0956     1.1324 f
  DP_i_fetch_i_btb_i/U491/ZN (AND4_X1)                  0.0953     1.2277 f
  DP_i_fetch_i_btb_i/U492/ZN (NAND2_X1)                 0.0702     1.2979 r
  DP_i_fetch_i_btb_i/U495/ZN (INV_X1)                   0.0321     1.3300 f
  DP_i_fetch_i_btb_i/U496/ZN (AOI21_X1)                 0.0889     1.4189 r
  DP_i_fetch_i_btb_i/U497/ZN (NOR2_X1)                  0.0292     1.4481 f
  DP_i_fetch_i_btb_i/clk_gate_btb_table_reg_0__TARGET_/EN (SNPS_CLOCK_GATE_HIGH_BTB_NBIT32_BTB_DEPTH16_BTB_INDEX_MSB5_32)
                                                        0.0000     1.4481 f
  DP_i_fetch_i_btb_i/clk_gate_btb_table_reg_0__TARGET_/latch/E (CLKGATETST_X1)
                                                        0.0088     1.4569 f
  data arrival time                                                1.4569

  clock CLK (rise edge)                                 1.6000     1.6000
  clock network delay (ideal)                           0.0500     1.6500
  clock uncertainty                                    -0.0500     1.6000
  DP_i_fetch_i_btb_i/clk_gate_btb_table_reg_0__TARGET_/latch/CK (CLKGATETST_X1)
                                                        0.0000     1.6000 r
  clock gating setup time                              -0.0646     1.5354
  data required time                                               1.5354
  --------------------------------------------------------------------------
  data required time                                               1.5354
  data arrival time                                               -1.4569
  --------------------------------------------------------------------------
  slack (MET)                                                      0.0785


  Startpoint: DP_i_fetch_i_btb_update_latch_i_pc_branch_out_reg_3_
              (rising edge-triggered flip-flop clocked by CLK)
  Endpoint: DP_i_fetch_i_btb_i/clk_gate_btb_table_reg_1__TARGET_/latch
            (gating element for clock CLK)
  Path Group: CLK
  Path Type: max

  Des/Clust/Port     Wire Load Model       Library
  ------------------------------------------------
  DLX                5K_hvratio_1_4        NangateOpenCellLibrary

  Point                                                   Incr       Path
  --------------------------------------------------------------------------
  clock CLK (rise edge)                                 0.0000     0.0000
  clock network delay (ideal)                           0.0500     0.0500
  DP_i_fetch_i_btb_update_latch_i_pc_branch_out_reg_3_/CK (DFF_X1)
                                                        0.0000     0.0500 r
  DP_i_fetch_i_btb_update_latch_i_pc_branch_out_reg_3_/Q (DFF_X1)
                                                        0.1552     0.2052 r
  DP_i_fetch_i_btb_i/pc_branch[3] (BTB_NBIT32_BTB_DEPTH16_BTB_INDEX_MSB5)
                                                        0.0000     0.2052 r
  DP_i_fetch_i_btb_i/U157/ZN (INV_X1)                   0.0857     0.2908 f
  DP_i_fetch_i_btb_i/U154/ZN (NOR2_X1)                  0.1094     0.4002 r
  DP_i_fetch_i_btb_i/U207/ZN (NAND2_X1)                 0.0527     0.4529 f
  DP_i_fetch_i_btb_i/U163/ZN (INV_X2)                   0.1291     0.5820 r
  DP_i_fetch_i_btb_i/U427/ZN (AOI22_X1)                 0.0742     0.6561 f
  DP_i_fetch_i_btb_i/U430/ZN (NAND4_X1)                 0.0431     0.6993 r
  DP_i_fetch_i_btb_i/U436/ZN (NOR2_X1)                  0.0296     0.7288 f
  DP_i_fetch_i_btb_i/U437/ZN (AOI22_X1)                 0.0620     0.7908 r
  DP_i_fetch_i_btb_i/U438/ZN (OAI221_X1)                0.0507     0.8415 f
  DP_i_fetch_i_btb_i/U439/ZN (AOI21_X1)                 0.0624     0.9039 r
  DP_i_fetch_i_btb_i/U440/ZN (OAI21_X1)                 0.0372     0.9411 f
  DP_i_fetch_i_btb_i/U581/ZN (NOR4_X1)                  0.0958     1.0369 r
  DP_i_fetch_i_btb_i/U582/ZN (NAND4_X1)                 0.0956     1.1324 f
  DP_i_fetch_i_btb_i/U491/ZN (AND4_X1)                  0.0953     1.2277 f
  DP_i_fetch_i_btb_i/U492/ZN (NAND2_X1)                 0.0702     1.2979 r
  DP_i_fetch_i_btb_i/U495/ZN (INV_X1)                   0.0321     1.3300 f
  DP_i_fetch_i_btb_i/U496/ZN (AOI21_X1)                 0.0889     1.4189 r
  DP_i_fetch_i_btb_i/U499/ZN (NOR2_X1)                  0.0292     1.4481 f
  DP_i_fetch_i_btb_i/clk_gate_btb_table_reg_1__TARGET_/EN (SNPS_CLOCK_GATE_HIGH_BTB_NBIT32_BTB_DEPTH16_BTB_INDEX_MSB5_30)
                                                        0.0000     1.4481 f
  DP_i_fetch_i_btb_i/clk_gate_btb_table_reg_1__TARGET_/latch/E (CLKGATETST_X1)
                                                        0.0088     1.4569 f
  data arrival time                                                1.4569

  clock CLK (rise edge)                                 1.6000     1.6000
  clock network delay (ideal)                           0.0500     1.6500
  clock uncertainty                                    -0.0500     1.6000
  DP_i_fetch_i_btb_i/clk_gate_btb_table_reg_1__TARGET_/latch/CK (CLKGATETST_X1)
                                                        0.0000     1.6000 r
  clock gating setup time                              -0.0646     1.5354
  data required time                                               1.5354
  --------------------------------------------------------------------------
  data required time                                               1.5354
  data arrival time                                               -1.4569
  --------------------------------------------------------------------------
  slack (MET)                                                      0.0785


  Startpoint: DP_i_fetch_i_btb_update_latch_i_pc_branch_out_reg_3_
              (rising edge-triggered flip-flop clocked by CLK)
  Endpoint: DP_i_fetch_i_btb_i/clk_gate_btb_table_reg_2__TARGET_/latch
            (gating element for clock CLK)
  Path Group: CLK
  Path Type: max

  Des/Clust/Port     Wire Load Model       Library
  ------------------------------------------------
  DLX                5K_hvratio_1_4        NangateOpenCellLibrary

  Point                                                   Incr       Path
  --------------------------------------------------------------------------
  clock CLK (rise edge)                                 0.0000     0.0000
  clock network delay (ideal)                           0.0500     0.0500
  DP_i_fetch_i_btb_update_latch_i_pc_branch_out_reg_3_/CK (DFF_X1)
                                                        0.0000     0.0500 r
  DP_i_fetch_i_btb_update_latch_i_pc_branch_out_reg_3_/Q (DFF_X1)
                                                        0.1552     0.2052 r
  DP_i_fetch_i_btb_i/pc_branch[3] (BTB_NBIT32_BTB_DEPTH16_BTB_INDEX_MSB5)
                                                        0.0000     0.2052 r
  DP_i_fetch_i_btb_i/U157/ZN (INV_X1)                   0.0857     0.2908 f
  DP_i_fetch_i_btb_i/U154/ZN (NOR2_X1)                  0.1094     0.4002 r
  DP_i_fetch_i_btb_i/U207/ZN (NAND2_X1)                 0.0527     0.4529 f
  DP_i_fetch_i_btb_i/U163/ZN (INV_X2)                   0.1291     0.5820 r
  DP_i_fetch_i_btb_i/U427/ZN (AOI22_X1)                 0.0742     0.6561 f
  DP_i_fetch_i_btb_i/U430/ZN (NAND4_X1)                 0.0431     0.6993 r
  DP_i_fetch_i_btb_i/U436/ZN (NOR2_X1)                  0.0296     0.7288 f
  DP_i_fetch_i_btb_i/U437/ZN (AOI22_X1)                 0.0620     0.7908 r
  DP_i_fetch_i_btb_i/U438/ZN (OAI221_X1)                0.0507     0.8415 f
  DP_i_fetch_i_btb_i/U439/ZN (AOI21_X1)                 0.0624     0.9039 r
  DP_i_fetch_i_btb_i/U440/ZN (OAI21_X1)                 0.0372     0.9411 f
  DP_i_fetch_i_btb_i/U581/ZN (NOR4_X1)                  0.0958     1.0369 r
  DP_i_fetch_i_btb_i/U582/ZN (NAND4_X1)                 0.0956     1.1324 f
  DP_i_fetch_i_btb_i/U491/ZN (AND4_X1)                  0.0953     1.2277 f
  DP_i_fetch_i_btb_i/U492/ZN (NAND2_X1)                 0.0702     1.2979 r
  DP_i_fetch_i_btb_i/U495/ZN (INV_X1)                   0.0321     1.3300 f
  DP_i_fetch_i_btb_i/U496/ZN (AOI21_X1)                 0.0889     1.4189 r
  DP_i_fetch_i_btb_i/U502/ZN (NOR2_X1)                  0.0292     1.4481 f
  DP_i_fetch_i_btb_i/clk_gate_btb_table_reg_2__TARGET_/EN (SNPS_CLOCK_GATE_HIGH_BTB_NBIT32_BTB_DEPTH16_BTB_INDEX_MSB5_28)
                                                        0.0000     1.4481 f
  DP_i_fetch_i_btb_i/clk_gate_btb_table_reg_2__TARGET_/latch/E (CLKGATETST_X1)
                                                        0.0088     1.4569 f
  data arrival time                                                1.4569

  clock CLK (rise edge)                                 1.6000     1.6000
  clock network delay (ideal)                           0.0500     1.6500
  clock uncertainty                                    -0.0500     1.6000
  DP_i_fetch_i_btb_i/clk_gate_btb_table_reg_2__TARGET_/latch/CK (CLKGATETST_X1)
                                                        0.0000     1.6000 r
  clock gating setup time                              -0.0646     1.5354
  data required time                                               1.5354
  --------------------------------------------------------------------------
  data required time                                               1.5354
  data arrival time                                               -1.4569
  --------------------------------------------------------------------------
  slack (MET)                                                      0.0785


  Startpoint: DP_i_fetch_i_btb_update_latch_i_pc_branch_out_reg_3_
              (rising edge-triggered flip-flop clocked by CLK)
  Endpoint: DP_i_fetch_i_btb_i/clk_gate_btb_table_reg_3__TARGET_/latch
            (gating element for clock CLK)
  Path Group: CLK
  Path Type: max

  Des/Clust/Port     Wire Load Model       Library
  ------------------------------------------------
  DLX                5K_hvratio_1_4        NangateOpenCellLibrary

  Point                                                   Incr       Path
  --------------------------------------------------------------------------
  clock CLK (rise edge)                                 0.0000     0.0000
  clock network delay (ideal)                           0.0500     0.0500
  DP_i_fetch_i_btb_update_latch_i_pc_branch_out_reg_3_/CK (DFF_X1)
                                                        0.0000     0.0500 r
  DP_i_fetch_i_btb_update_latch_i_pc_branch_out_reg_3_/Q (DFF_X1)
                                                        0.1552     0.2052 r
  DP_i_fetch_i_btb_i/pc_branch[3] (BTB_NBIT32_BTB_DEPTH16_BTB_INDEX_MSB5)
                                                        0.0000     0.2052 r
  DP_i_fetch_i_btb_i/U157/ZN (INV_X1)                   0.0857     0.2908 f
  DP_i_fetch_i_btb_i/U154/ZN (NOR2_X1)                  0.1094     0.4002 r
  DP_i_fetch_i_btb_i/U207/ZN (NAND2_X1)                 0.0527     0.4529 f
  DP_i_fetch_i_btb_i/U163/ZN (INV_X2)                   0.1291     0.5820 r
  DP_i_fetch_i_btb_i/U427/ZN (AOI22_X1)                 0.0742     0.6561 f
  DP_i_fetch_i_btb_i/U430/ZN (NAND4_X1)                 0.0431     0.6993 r
  DP_i_fetch_i_btb_i/U436/ZN (NOR2_X1)                  0.0296     0.7288 f
  DP_i_fetch_i_btb_i/U437/ZN (AOI22_X1)                 0.0620     0.7908 r
  DP_i_fetch_i_btb_i/U438/ZN (OAI221_X1)                0.0507     0.8415 f
  DP_i_fetch_i_btb_i/U439/ZN (AOI21_X1)                 0.0624     0.9039 r
  DP_i_fetch_i_btb_i/U440/ZN (OAI21_X1)                 0.0372     0.9411 f
  DP_i_fetch_i_btb_i/U581/ZN (NOR4_X1)                  0.0958     1.0369 r
  DP_i_fetch_i_btb_i/U582/ZN (NAND4_X1)                 0.0956     1.1324 f
  DP_i_fetch_i_btb_i/U491/ZN (AND4_X1)                  0.0953     1.2277 f
  DP_i_fetch_i_btb_i/U492/ZN (NAND2_X1)                 0.0702     1.2979 r
  DP_i_fetch_i_btb_i/U495/ZN (INV_X1)                   0.0321     1.3300 f
  DP_i_fetch_i_btb_i/U496/ZN (AOI21_X1)                 0.0889     1.4189 r
  DP_i_fetch_i_btb_i/U504/ZN (NOR2_X1)                  0.0292     1.4481 f
  DP_i_fetch_i_btb_i/clk_gate_btb_table_reg_3__TARGET_/EN (SNPS_CLOCK_GATE_HIGH_BTB_NBIT32_BTB_DEPTH16_BTB_INDEX_MSB5_26)
                                                        0.0000     1.4481 f
  DP_i_fetch_i_btb_i/clk_gate_btb_table_reg_3__TARGET_/latch/E (CLKGATETST_X1)
                                                        0.0088     1.4569 f
  data arrival time                                                1.4569

  clock CLK (rise edge)                                 1.6000     1.6000
  clock network delay (ideal)                           0.0500     1.6500
  clock uncertainty                                    -0.0500     1.6000
  DP_i_fetch_i_btb_i/clk_gate_btb_table_reg_3__TARGET_/latch/CK (CLKGATETST_X1)
                                                        0.0000     1.6000 r
  clock gating setup time                              -0.0646     1.5354
  data required time                                               1.5354
  --------------------------------------------------------------------------
  data required time                                               1.5354
  data arrival time                                               -1.4569
  --------------------------------------------------------------------------
  slack (MET)                                                      0.0785


  Startpoint: DP_i_fetch_i_btb_update_latch_i_pc_branch_out_reg_3_
              (rising edge-triggered flip-flop clocked by CLK)
  Endpoint: DP_i_fetch_i_btb_i/clk_gate_btb_table_reg_0__TARGET_/latch
            (gating element for clock CLK)
  Path Group: CLK
  Path Type: max

  Des/Clust/Port     Wire Load Model       Library
  ------------------------------------------------
  DLX                5K_hvratio_1_4        NangateOpenCellLibrary

  Point                                                   Incr       Path
  --------------------------------------------------------------------------
  clock CLK (rise edge)                                 0.0000     0.0000
  clock network delay (ideal)                           0.0500     0.0500
  DP_i_fetch_i_btb_update_latch_i_pc_branch_out_reg_3_/CK (DFF_X1)
                                                        0.0000     0.0500 r
  DP_i_fetch_i_btb_update_latch_i_pc_branch_out_reg_3_/Q (DFF_X1)
                                                        0.1552     0.2052 r
  DP_i_fetch_i_btb_i/pc_branch[3] (BTB_NBIT32_BTB_DEPTH16_BTB_INDEX_MSB5)
                                                        0.0000     0.2052 r
  DP_i_fetch_i_btb_i/U157/ZN (INV_X1)                   0.0857     0.2908 f
  DP_i_fetch_i_btb_i/U196/ZN (NOR2_X1)                  0.1081     0.3989 r
  DP_i_fetch_i_btb_i/U211/ZN (NAND2_X1)                 0.0528     0.4517 f
  DP_i_fetch_i_btb_i/U165/ZN (INV_X2)                   0.1258     0.5775 r
  DP_i_fetch_i_btb_i/U429/ZN (AOI22_X1)                 0.0740     0.6515 f
  DP_i_fetch_i_btb_i/U430/ZN (NAND4_X1)                 0.0467     0.6982 r
  DP_i_fetch_i_btb_i/U436/ZN (NOR2_X1)                  0.0296     0.7278 f
  DP_i_fetch_i_btb_i/U437/ZN (AOI22_X1)                 0.0620     0.7897 r
  DP_i_fetch_i_btb_i/U438/ZN (OAI221_X1)                0.0507     0.8404 f
  DP_i_fetch_i_btb_i/U439/ZN (AOI21_X1)                 0.0624     0.9028 r
  DP_i_fetch_i_btb_i/U440/ZN (OAI21_X1)                 0.0372     0.9400 f
  DP_i_fetch_i_btb_i/U581/ZN (NOR4_X1)                  0.0958     1.0358 r
  DP_i_fetch_i_btb_i/U582/ZN (NAND4_X1)                 0.0956     1.1313 f
  DP_i_fetch_i_btb_i/U491/ZN (AND4_X1)                  0.0953     1.2266 f
  DP_i_fetch_i_btb_i/U492/ZN (NAND2_X1)                 0.0702     1.2968 r
  DP_i_fetch_i_btb_i/U495/ZN (INV_X1)                   0.0321     1.3289 f
  DP_i_fetch_i_btb_i/U496/ZN (AOI21_X1)                 0.0889     1.4178 r
  DP_i_fetch_i_btb_i/U497/ZN (NOR2_X1)                  0.0292     1.4470 f
  DP_i_fetch_i_btb_i/clk_gate_btb_table_reg_0__TARGET_/EN (SNPS_CLOCK_GATE_HIGH_BTB_NBIT32_BTB_DEPTH16_BTB_INDEX_MSB5_32)
                                                        0.0000     1.4470 f
  DP_i_fetch_i_btb_i/clk_gate_btb_table_reg_0__TARGET_/latch/E (CLKGATETST_X1)
                                                        0.0088     1.4558 f
  data arrival time                                                1.4558

  clock CLK (rise edge)                                 1.6000     1.6000
  clock network delay (ideal)                           0.0500     1.6500
  clock uncertainty                                    -0.0500     1.6000
  DP_i_fetch_i_btb_i/clk_gate_btb_table_reg_0__TARGET_/latch/CK (CLKGATETST_X1)
                                                        0.0000     1.6000 r
  clock gating setup time                              -0.0646     1.5354
  data required time                                               1.5354
  --------------------------------------------------------------------------
  data required time                                               1.5354
  data arrival time                                               -1.4558
  --------------------------------------------------------------------------
  slack (MET)                                                      0.0796


  Startpoint: DP_i_fetch_i_btb_update_latch_i_pc_branch_out_reg_3_
              (rising edge-triggered flip-flop clocked by CLK)
  Endpoint: DP_i_fetch_i_btb_i/clk_gate_btb_table_reg_1__TARGET_/latch
            (gating element for clock CLK)
  Path Group: CLK
  Path Type: max

  Des/Clust/Port     Wire Load Model       Library
  ------------------------------------------------
  DLX                5K_hvratio_1_4        NangateOpenCellLibrary

  Point                                                   Incr       Path
  --------------------------------------------------------------------------
  clock CLK (rise edge)                                 0.0000     0.0000
  clock network delay (ideal)                           0.0500     0.0500
  DP_i_fetch_i_btb_update_latch_i_pc_branch_out_reg_3_/CK (DFF_X1)
                                                        0.0000     0.0500 r
  DP_i_fetch_i_btb_update_latch_i_pc_branch_out_reg_3_/Q (DFF_X1)
                                                        0.1552     0.2052 r
  DP_i_fetch_i_btb_i/pc_branch[3] (BTB_NBIT32_BTB_DEPTH16_BTB_INDEX_MSB5)
                                                        0.0000     0.2052 r
  DP_i_fetch_i_btb_i/U157/ZN (INV_X1)                   0.0857     0.2908 f
  DP_i_fetch_i_btb_i/U196/ZN (NOR2_X1)                  0.1081     0.3989 r
  DP_i_fetch_i_btb_i/U211/ZN (NAND2_X1)                 0.0528     0.4517 f
  DP_i_fetch_i_btb_i/U165/ZN (INV_X2)                   0.1258     0.5775 r
  DP_i_fetch_i_btb_i/U429/ZN (AOI22_X1)                 0.0740     0.6515 f
  DP_i_fetch_i_btb_i/U430/ZN (NAND4_X1)                 0.0467     0.6982 r
  DP_i_fetch_i_btb_i/U436/ZN (NOR2_X1)                  0.0296     0.7278 f
  DP_i_fetch_i_btb_i/U437/ZN (AOI22_X1)                 0.0620     0.7897 r
  DP_i_fetch_i_btb_i/U438/ZN (OAI221_X1)                0.0507     0.8404 f
  DP_i_fetch_i_btb_i/U439/ZN (AOI21_X1)                 0.0624     0.9028 r
  DP_i_fetch_i_btb_i/U440/ZN (OAI21_X1)                 0.0372     0.9400 f
  DP_i_fetch_i_btb_i/U581/ZN (NOR4_X1)                  0.0958     1.0358 r
  DP_i_fetch_i_btb_i/U582/ZN (NAND4_X1)                 0.0956     1.1313 f
  DP_i_fetch_i_btb_i/U491/ZN (AND4_X1)                  0.0953     1.2266 f
  DP_i_fetch_i_btb_i/U492/ZN (NAND2_X1)                 0.0702     1.2968 r
  DP_i_fetch_i_btb_i/U495/ZN (INV_X1)                   0.0321     1.3289 f
  DP_i_fetch_i_btb_i/U496/ZN (AOI21_X1)                 0.0889     1.4178 r
  DP_i_fetch_i_btb_i/U499/ZN (NOR2_X1)                  0.0292     1.4470 f
  DP_i_fetch_i_btb_i/clk_gate_btb_table_reg_1__TARGET_/EN (SNPS_CLOCK_GATE_HIGH_BTB_NBIT32_BTB_DEPTH16_BTB_INDEX_MSB5_30)
                                                        0.0000     1.4470 f
  DP_i_fetch_i_btb_i/clk_gate_btb_table_reg_1__TARGET_/latch/E (CLKGATETST_X1)
                                                        0.0088     1.4558 f
  data arrival time                                                1.4558

  clock CLK (rise edge)                                 1.6000     1.6000
  clock network delay (ideal)                           0.0500     1.6500
  clock uncertainty                                    -0.0500     1.6000
  DP_i_fetch_i_btb_i/clk_gate_btb_table_reg_1__TARGET_/latch/CK (CLKGATETST_X1)
                                                        0.0000     1.6000 r
  clock gating setup time                              -0.0646     1.5354
  data required time                                               1.5354
  --------------------------------------------------------------------------
  data required time                                               1.5354
  data arrival time                                               -1.4558
  --------------------------------------------------------------------------
  slack (MET)                                                      0.0796


  Startpoint: DP_i_fetch_i_btb_update_latch_i_pc_branch_out_reg_3_
              (rising edge-triggered flip-flop clocked by CLK)
  Endpoint: DP_i_fetch_i_btb_i/clk_gate_btb_table_reg_2__TARGET_/latch
            (gating element for clock CLK)
  Path Group: CLK
  Path Type: max

  Des/Clust/Port     Wire Load Model       Library
  ------------------------------------------------
  DLX                5K_hvratio_1_4        NangateOpenCellLibrary

  Point                                                   Incr       Path
  --------------------------------------------------------------------------
  clock CLK (rise edge)                                 0.0000     0.0000
  clock network delay (ideal)                           0.0500     0.0500
  DP_i_fetch_i_btb_update_latch_i_pc_branch_out_reg_3_/CK (DFF_X1)
                                                        0.0000     0.0500 r
  DP_i_fetch_i_btb_update_latch_i_pc_branch_out_reg_3_/Q (DFF_X1)
                                                        0.1552     0.2052 r
  DP_i_fetch_i_btb_i/pc_branch[3] (BTB_NBIT32_BTB_DEPTH16_BTB_INDEX_MSB5)
                                                        0.0000     0.2052 r
  DP_i_fetch_i_btb_i/U157/ZN (INV_X1)                   0.0857     0.2908 f
  DP_i_fetch_i_btb_i/U196/ZN (NOR2_X1)                  0.1081     0.3989 r
  DP_i_fetch_i_btb_i/U211/ZN (NAND2_X1)                 0.0528     0.4517 f
  DP_i_fetch_i_btb_i/U165/ZN (INV_X2)                   0.1258     0.5775 r
  DP_i_fetch_i_btb_i/U429/ZN (AOI22_X1)                 0.0740     0.6515 f
  DP_i_fetch_i_btb_i/U430/ZN (NAND4_X1)                 0.0467     0.6982 r
  DP_i_fetch_i_btb_i/U436/ZN (NOR2_X1)                  0.0296     0.7278 f
  DP_i_fetch_i_btb_i/U437/ZN (AOI22_X1)                 0.0620     0.7897 r
  DP_i_fetch_i_btb_i/U438/ZN (OAI221_X1)                0.0507     0.8404 f
  DP_i_fetch_i_btb_i/U439/ZN (AOI21_X1)                 0.0624     0.9028 r
  DP_i_fetch_i_btb_i/U440/ZN (OAI21_X1)                 0.0372     0.9400 f
  DP_i_fetch_i_btb_i/U581/ZN (NOR4_X1)                  0.0958     1.0358 r
  DP_i_fetch_i_btb_i/U582/ZN (NAND4_X1)                 0.0956     1.1313 f
  DP_i_fetch_i_btb_i/U491/ZN (AND4_X1)                  0.0953     1.2266 f
  DP_i_fetch_i_btb_i/U492/ZN (NAND2_X1)                 0.0702     1.2968 r
  DP_i_fetch_i_btb_i/U495/ZN (INV_X1)                   0.0321     1.3289 f
  DP_i_fetch_i_btb_i/U496/ZN (AOI21_X1)                 0.0889     1.4178 r
  DP_i_fetch_i_btb_i/U502/ZN (NOR2_X1)                  0.0292     1.4470 f
  DP_i_fetch_i_btb_i/clk_gate_btb_table_reg_2__TARGET_/EN (SNPS_CLOCK_GATE_HIGH_BTB_NBIT32_BTB_DEPTH16_BTB_INDEX_MSB5_28)
                                                        0.0000     1.4470 f
  DP_i_fetch_i_btb_i/clk_gate_btb_table_reg_2__TARGET_/latch/E (CLKGATETST_X1)
                                                        0.0088     1.4558 f
  data arrival time                                                1.4558

  clock CLK (rise edge)                                 1.6000     1.6000
  clock network delay (ideal)                           0.0500     1.6500
  clock uncertainty                                    -0.0500     1.6000
  DP_i_fetch_i_btb_i/clk_gate_btb_table_reg_2__TARGET_/latch/CK (CLKGATETST_X1)
                                                        0.0000     1.6000 r
  clock gating setup time                              -0.0646     1.5354
  data required time                                               1.5354
  --------------------------------------------------------------------------
  data required time                                               1.5354
  data arrival time                                               -1.4558
  --------------------------------------------------------------------------
  slack (MET)                                                      0.0796


  Startpoint: DP_i_fetch_i_btb_update_latch_i_pc_branch_out_reg_3_
              (rising edge-triggered flip-flop clocked by CLK)
  Endpoint: DP_i_fetch_i_btb_i/clk_gate_btb_table_reg_3__TARGET_/latch
            (gating element for clock CLK)
  Path Group: CLK
  Path Type: max

  Des/Clust/Port     Wire Load Model       Library
  ------------------------------------------------
  DLX                5K_hvratio_1_4        NangateOpenCellLibrary

  Point                                                   Incr       Path
  --------------------------------------------------------------------------
  clock CLK (rise edge)                                 0.0000     0.0000
  clock network delay (ideal)                           0.0500     0.0500
  DP_i_fetch_i_btb_update_latch_i_pc_branch_out_reg_3_/CK (DFF_X1)
                                                        0.0000     0.0500 r
  DP_i_fetch_i_btb_update_latch_i_pc_branch_out_reg_3_/Q (DFF_X1)
                                                        0.1552     0.2052 r
  DP_i_fetch_i_btb_i/pc_branch[3] (BTB_NBIT32_BTB_DEPTH16_BTB_INDEX_MSB5)
                                                        0.0000     0.2052 r
  DP_i_fetch_i_btb_i/U157/ZN (INV_X1)                   0.0857     0.2908 f
  DP_i_fetch_i_btb_i/U196/ZN (NOR2_X1)                  0.1081     0.3989 r
  DP_i_fetch_i_btb_i/U211/ZN (NAND2_X1)                 0.0528     0.4517 f
  DP_i_fetch_i_btb_i/U165/ZN (INV_X2)                   0.1258     0.5775 r
  DP_i_fetch_i_btb_i/U429/ZN (AOI22_X1)                 0.0740     0.6515 f
  DP_i_fetch_i_btb_i/U430/ZN (NAND4_X1)                 0.0467     0.6982 r
  DP_i_fetch_i_btb_i/U436/ZN (NOR2_X1)                  0.0296     0.7278 f
  DP_i_fetch_i_btb_i/U437/ZN (AOI22_X1)                 0.0620     0.7897 r
  DP_i_fetch_i_btb_i/U438/ZN (OAI221_X1)                0.0507     0.8404 f
  DP_i_fetch_i_btb_i/U439/ZN (AOI21_X1)                 0.0624     0.9028 r
  DP_i_fetch_i_btb_i/U440/ZN (OAI21_X1)                 0.0372     0.9400 f
  DP_i_fetch_i_btb_i/U581/ZN (NOR4_X1)                  0.0958     1.0358 r
  DP_i_fetch_i_btb_i/U582/ZN (NAND4_X1)                 0.0956     1.1313 f
  DP_i_fetch_i_btb_i/U491/ZN (AND4_X1)                  0.0953     1.2266 f
  DP_i_fetch_i_btb_i/U492/ZN (NAND2_X1)                 0.0702     1.2968 r
  DP_i_fetch_i_btb_i/U495/ZN (INV_X1)                   0.0321     1.3289 f
  DP_i_fetch_i_btb_i/U496/ZN (AOI21_X1)                 0.0889     1.4178 r
  DP_i_fetch_i_btb_i/U504/ZN (NOR2_X1)                  0.0292     1.4470 f
  DP_i_fetch_i_btb_i/clk_gate_btb_table_reg_3__TARGET_/EN (SNPS_CLOCK_GATE_HIGH_BTB_NBIT32_BTB_DEPTH16_BTB_INDEX_MSB5_26)
                                                        0.0000     1.4470 f
  DP_i_fetch_i_btb_i/clk_gate_btb_table_reg_3__TARGET_/latch/E (CLKGATETST_X1)
                                                        0.0088     1.4558 f
  data arrival time                                                1.4558

  clock CLK (rise edge)                                 1.6000     1.6000
  clock network delay (ideal)                           0.0500     1.6500
  clock uncertainty                                    -0.0500     1.6000
  DP_i_fetch_i_btb_i/clk_gate_btb_table_reg_3__TARGET_/latch/CK (CLKGATETST_X1)
                                                        0.0000     1.6000 r
  clock gating setup time                              -0.0646     1.5354
  data required time                                               1.5354
  --------------------------------------------------------------------------
  data required time                                               1.5354
  data arrival time                                               -1.4558
  --------------------------------------------------------------------------
  slack (MET)                                                      0.0796


  Startpoint: DP_i_fetch_i_IR_out_reg_25_
              (rising edge-triggered flip-flop clocked by CLK)
  Endpoint: DP_i_fetch_i_pc_i_clk_gate_Y_reg/latch
            (gating element for clock CLK)
  Path Group: CLK
  Path Type: max

  Des/Clust/Port     Wire Load Model       Library
  ------------------------------------------------
  DLX                5K_hvratio_1_4        NangateOpenCellLibrary

  Point                                                   Incr       Path
  --------------------------------------------------------------------------
  clock CLK (rise edge)                                 0.0000     0.0000
  clock network delay (ideal)                           0.0500     0.0500
  DP_i_fetch_i_IR_out_reg_25_/CK (DFF_X2)               0.0000     0.0500 r
  DP_i_fetch_i_IR_out_reg_25_/Q (DFF_X2)                0.1460     0.1960 r
  DP_i_decode_i_reg_file_i/addr_rs1[4] (register_file)
                                                        0.0000     0.1960 r
  DP_i_decode_i_reg_file_i/U136/ZN (INV_X1)             0.0543     0.2504 f
  DP_i_decode_i_reg_file_i/U79/ZN (AND2_X1)             0.0434     0.2938 f
  DP_i_decode_i_reg_file_i/U80/ZN (NOR3_X1)             0.0597     0.3535 r
  DP_i_decode_i_reg_file_i/U128/ZN (AND3_X2)            0.0688     0.4223 r
  DP_i_decode_i_reg_file_i/U149/ZN (NOR2_X1)            0.0398     0.4621 f
  DP_i_decode_i_reg_file_i/U127/ZN (NAND2_X2)           0.0731     0.5351 r
  DP_i_decode_i_reg_file_i/U171/ZN (NOR2_X1)            0.0526     0.5877 f
  DP_i_decode_i_reg_file_i/U1074/Z (BUF_X1)             0.0705     0.6582 f
  DP_i_decode_i_reg_file_i/U1075/ZN (AOI22_X1)          0.0718     0.7300 r
  DP_i_decode_i_reg_file_i/U1079/ZN (NAND4_X1)          0.0481     0.7781 f
  DP_i_decode_i_reg_file_i/U125/ZN (OR4_X2)             0.1226     0.9007 f
  DP_i_decode_i_reg_file_i/output1[24] (register_file)
                                                        0.0000     0.9007 f
  U5064/ZN (NAND2_X1)                                   0.0345     0.9352 r
  U5065/ZN (AND2_X1)                                    0.0503     0.9855 r
  U5066/ZN (XNOR2_X1)                                   0.0590     1.0446 r
  U5074/ZN (AND4_X1)                                    0.0639     1.1085 r
  U5090/ZN (AND4_X1)                                    0.0673     1.1758 r
  U5091/ZN (AOI21_X1)                                   0.0293     1.2051 f
  U5092/ZN (OR2_X1)                                     0.0640     1.2690 f
  U2268/ZN (OAI21_X1)                                   0.0764     1.3454 r
  U7920/ZN (NAND2_X1)                                   0.0352     1.3806 f
  DP_i_fetch_i_pc_i_clk_gate_Y_reg/EN (SNPS_CLOCK_GATE_HIGH_data_reg_NBIT30_2_2)
                                                        0.0000     1.3806 f
  DP_i_fetch_i_pc_i_clk_gate_Y_reg/latch/E (CLKGATETST_X1)
                                                        0.0088     1.3894 f
  data arrival time                                                1.3894

  clock CLK (rise edge)                                 1.6000     1.6000
  clock network delay (ideal)                           0.0500     1.6500
  clock uncertainty                                    -0.0500     1.6000
  DP_i_fetch_i_pc_i_clk_gate_Y_reg/latch/CK (CLKGATETST_X1)
                                                        0.0000     1.6000 r
  clock gating setup time                              -0.0637     1.5363
  data required time                                               1.5363
  --------------------------------------------------------------------------
  data required time                                               1.5363
  data arrival time                                               -1.3894
  --------------------------------------------------------------------------
  slack (MET)                                                      0.1469


  Startpoint: DP_i_mem_access_i_rd_out_reg_i_Y_reg_1_
              (rising edge-triggered flip-flop clocked by CLK)
  Endpoint: DP_i_fetch_i_pc_i_clk_gate_Y_reg/latch
            (gating element for clock CLK)
  Path Group: CLK
  Path Type: max

  Des/Clust/Port     Wire Load Model       Library
  ------------------------------------------------
  DLX                5K_hvratio_1_4        NangateOpenCellLibrary

  Point                                                   Incr       Path
  --------------------------------------------------------------------------
  clock CLK (rise edge)                                 0.0000     0.0000
  clock network delay (ideal)                           0.0500     0.0500
  DP_i_mem_access_i_rd_out_reg_i_Y_reg_1_/CK (DFF_X1)   0.0000     0.0500 r
  DP_i_mem_access_i_rd_out_reg_i_Y_reg_1_/Q (DFF_X1)    0.1095     0.1595 f
  DP_i_decode_i_reg_file_i/addr_w[1] (register_file)    0.0000     0.1595 f
  DP_i_decode_i_reg_file_i/U81/ZN (INV_X1)              0.0709     0.2303 r
  DP_i_decode_i_reg_file_i/U137/ZN (OAI22_X1)           0.0545     0.2848 f
  DP_i_decode_i_reg_file_i/U80/ZN (NOR3_X1)             0.0686     0.3535 r
  DP_i_decode_i_reg_file_i/U128/ZN (AND3_X2)            0.0688     0.4223 r
  DP_i_decode_i_reg_file_i/U149/ZN (NOR2_X1)            0.0398     0.4620 f
  DP_i_decode_i_reg_file_i/U127/ZN (NAND2_X2)           0.0731     0.5351 r
  DP_i_decode_i_reg_file_i/U171/ZN (NOR2_X1)            0.0526     0.5877 f
  DP_i_decode_i_reg_file_i/U1074/Z (BUF_X1)             0.0705     0.6582 f
  DP_i_decode_i_reg_file_i/U1075/ZN (AOI22_X1)          0.0718     0.7300 r
  DP_i_decode_i_reg_file_i/U1079/ZN (NAND4_X1)          0.0481     0.7781 f
  DP_i_decode_i_reg_file_i/U125/ZN (OR4_X2)             0.1226     0.9007 f
  DP_i_decode_i_reg_file_i/output1[24] (register_file)
                                                        0.0000     0.9007 f
  U5064/ZN (NAND2_X1)                                   0.0345     0.9352 r
  U5065/ZN (AND2_X1)                                    0.0503     0.9855 r
  U5066/ZN (XNOR2_X1)                                   0.0590     1.0445 r
  U5074/ZN (AND4_X1)                                    0.0639     1.1085 r
  U5090/ZN (AND4_X1)                                    0.0673     1.1758 r
  U5091/ZN (AOI21_X1)                                   0.0293     1.2050 f
  U5092/ZN (OR2_X1)                                     0.0640     1.2690 f
  U2268/ZN (OAI21_X1)                                   0.0764     1.3454 r
  U7920/ZN (NAND2_X1)                                   0.0352     1.3806 f
  DP_i_fetch_i_pc_i_clk_gate_Y_reg/EN (SNPS_CLOCK_GATE_HIGH_data_reg_NBIT30_2_2)
                                                        0.0000     1.3806 f
  DP_i_fetch_i_pc_i_clk_gate_Y_reg/latch/E (CLKGATETST_X1)
                                                        0.0088     1.3894 f
  data arrival time                                                1.3894

  clock CLK (rise edge)                                 1.6000     1.6000
  clock network delay (ideal)                           0.0500     1.6500
  clock uncertainty                                    -0.0500     1.6000
  DP_i_fetch_i_pc_i_clk_gate_Y_reg/latch/CK (CLKGATETST_X1)
                                                        0.0000     1.6000 r
  clock gating setup time                              -0.0637     1.5363
  data required time                                               1.5363
  --------------------------------------------------------------------------
  data required time                                               1.5363
  data arrival time                                               -1.3894
  --------------------------------------------------------------------------
  slack (MET)                                                      0.1469


  Startpoint: DRAM_READY (input port clocked by CLK)
  Endpoint: DP_i_decode_i_B_reg_i_Y_reg_25_
            (rising edge-triggered flip-flop clocked by CLK)
  Path Group: INPUTS
  Path Type: max

  Des/Clust/Port     Wire Load Model       Library
  ------------------------------------------------
  DLX                5K_hvratio_1_4        NangateOpenCellLibrary

  Point                                                   Incr       Path
  --------------------------------------------------------------------------
  clock CLK (rise edge)                                 0.0000     0.0000
  clock network delay (ideal)                           0.0500     0.0500
  input external delay                                  0.1600     0.2100 r
  DRAM_READY (in)                                       0.0014     0.2114 r
  U1579/ZN (INV_X1)                                     0.0209     0.2323 f
  U1578/ZN (AND2_X1)                                    0.0569     0.2892 f
  U5426/ZN (INV_X1)                                     0.0591     0.3483 r
  DP_i_U2689/ZN (NAND2_X1)                              0.1676     0.5159 f
  DP_i_U2691/ZN (NOR3_X1)                               0.1921     0.7080 r
  DP_i_U2726/ZN (INV_X1)                                0.0330     0.7409 f
  U7387/ZN (INV_X1)                                     0.1619     0.9028 r
  U7775/ZN (AND2_X1)                                    0.0762     0.9790 r
  U7355/ZN (OR2_X1)                                     0.0337     1.0126 r
  DP_i_U2740/ZN (AOI21_X1)                              0.0264     1.0391 f
  DP_i_U2742/ZN (OAI211_X1)                             0.0464     1.0854 r
  DP_i_decode_i_B_reg_i_Y_reg_25_/D (DFF_X1)            0.0110     1.0964 r
  data arrival time                                                1.0964

  clock CLK (rise edge)                                 1.6000     1.6000
  clock network delay (ideal)                           0.0500     1.6500
  clock uncertainty                                    -0.0500     1.6000
  DP_i_decode_i_B_reg_i_Y_reg_25_/CK (DFF_X1)           0.0000     1.6000 r
  library setup time                                   -0.0297     1.5703
  data required time                                               1.5703
  --------------------------------------------------------------------------
  data required time                                               1.5703
  data arrival time                                               -1.0964
  --------------------------------------------------------------------------
  slack (MET)                                                      0.4740


  Startpoint: DRAM_READY (input port clocked by CLK)
  Endpoint: DP_i_decode_i_B_reg_i_Y_reg_27_
            (rising edge-triggered flip-flop clocked by CLK)
  Path Group: INPUTS
  Path Type: max

  Des/Clust/Port     Wire Load Model       Library
  ------------------------------------------------
  DLX                5K_hvratio_1_4        NangateOpenCellLibrary

  Point                                                   Incr       Path
  --------------------------------------------------------------------------
  clock CLK (rise edge)                                 0.0000     0.0000
  clock network delay (ideal)                           0.0500     0.0500
  input external delay                                  0.1600     0.2100 r
  DRAM_READY (in)                                       0.0014     0.2114 r
  U1579/ZN (INV_X1)                                     0.0209     0.2323 f
  U1578/ZN (AND2_X1)                                    0.0569     0.2892 f
  U5426/ZN (INV_X1)                                     0.0591     0.3483 r
  DP_i_U2689/ZN (NAND2_X1)                              0.1676     0.5159 f
  DP_i_U2691/ZN (NOR3_X1)                               0.1921     0.7080 r
  DP_i_U2726/ZN (INV_X1)                                0.0330     0.7409 f
  U7387/ZN (INV_X1)                                     0.1619     0.9028 r
  U7796/ZN (AND2_X1)                                    0.0762     0.9790 r
  U7357/ZN (OR2_X1)                                     0.0337     1.0126 r
  DP_i_U2728/ZN (AOI21_X1)                              0.0264     1.0391 f
  DP_i_U2730/ZN (OAI211_X1)                             0.0464     1.0854 r
  DP_i_decode_i_B_reg_i_Y_reg_27_/D (DFF_X1)            0.0110     1.0964 r
  data arrival time                                                1.0964

  clock CLK (rise edge)                                 1.6000     1.6000
  clock network delay (ideal)                           0.0500     1.6500
  clock uncertainty                                    -0.0500     1.6000
  DP_i_decode_i_B_reg_i_Y_reg_27_/CK (DFF_X1)           0.0000     1.6000 r
  library setup time                                   -0.0297     1.5703
  data required time                                               1.5703
  --------------------------------------------------------------------------
  data required time                                               1.5703
  data arrival time                                               -1.0964
  --------------------------------------------------------------------------
  slack (MET)                                                      0.4740


  Startpoint: DRAM_READY (input port clocked by CLK)
  Endpoint: DP_i_decode_i_B_reg_i_Y_reg_26_
            (rising edge-triggered flip-flop clocked by CLK)
  Path Group: INPUTS
  Path Type: max

  Des/Clust/Port     Wire Load Model       Library
  ------------------------------------------------
  DLX                5K_hvratio_1_4        NangateOpenCellLibrary

  Point                                                   Incr       Path
  --------------------------------------------------------------------------
  clock CLK (rise edge)                                 0.0000     0.0000
  clock network delay (ideal)                           0.0500     0.0500
  input external delay                                  0.1600     0.2100 r
  DRAM_READY (in)                                       0.0014     0.2114 r
  U1579/ZN (INV_X1)                                     0.0209     0.2323 f
  U1578/ZN (AND2_X1)                                    0.0569     0.2892 f
  U5426/ZN (INV_X1)                                     0.0591     0.3483 r
  DP_i_U2689/ZN (NAND2_X1)                              0.1676     0.5159 f
  DP_i_U2691/ZN (NOR3_X1)                               0.1921     0.7080 r
  DP_i_U2726/ZN (INV_X1)                                0.0330     0.7409 f
  U7387/ZN (INV_X1)                                     0.1619     0.9028 r
  U7776/ZN (AND2_X1)                                    0.0762     0.9790 r
  U7359/ZN (OR2_X1)                                     0.0337     1.0126 r
  DP_i_U2734/ZN (AOI21_X1)                              0.0264     1.0391 f
  DP_i_U2736/ZN (OAI211_X1)                             0.0464     1.0854 r
  DP_i_decode_i_B_reg_i_Y_reg_26_/D (DFF_X1)            0.0110     1.0964 r
  data arrival time                                                1.0964

  clock CLK (rise edge)                                 1.6000     1.6000
  clock network delay (ideal)                           0.0500     1.6500
  clock uncertainty                                    -0.0500     1.6000
  DP_i_decode_i_B_reg_i_Y_reg_26_/CK (DFF_X1)           0.0000     1.6000 r
  library setup time                                   -0.0297     1.5703
  data required time                                               1.5703
  --------------------------------------------------------------------------
  data required time                                               1.5703
  data arrival time                                               -1.0964
  --------------------------------------------------------------------------
  slack (MET)                                                      0.4740


  Startpoint: DRAM_READY (input port clocked by CLK)
  Endpoint: DP_i_decode_i_B_reg_i_Y_reg_23_
            (rising edge-triggered flip-flop clocked by CLK)
  Path Group: INPUTS
  Path Type: max

  Des/Clust/Port     Wire Load Model       Library
  ------------------------------------------------
  DLX                5K_hvratio_1_4        NangateOpenCellLibrary

  Point                                                   Incr       Path
  --------------------------------------------------------------------------
  clock CLK (rise edge)                                 0.0000     0.0000
  clock network delay (ideal)                           0.0500     0.0500
  input external delay                                  0.1600     0.2100 r
  DRAM_READY (in)                                       0.0014     0.2114 r
  U1579/ZN (INV_X1)                                     0.0209     0.2323 f
  U1578/ZN (AND2_X1)                                    0.0569     0.2892 f
  U5426/ZN (INV_X1)                                     0.0591     0.3483 r
  DP_i_U2689/ZN (NAND2_X1)                              0.1676     0.5159 f
  DP_i_U2691/ZN (NOR3_X1)                               0.1921     0.7080 r
  DP_i_U2726/ZN (INV_X1)                                0.0330     0.7409 f
  U7387/ZN (INV_X1)                                     0.1619     0.9028 r
  U7774/ZN (AND2_X1)                                    0.0762     0.9790 r
  U7349/ZN (OR2_X1)                                     0.0337     1.0126 r
  DP_i_U2752/ZN (AOI21_X1)                              0.0264     1.0391 f
  DP_i_U2754/ZN (OAI211_X1)                             0.0464     1.0854 r
  DP_i_decode_i_B_reg_i_Y_reg_23_/D (DFF_X1)            0.0110     1.0964 r
  data arrival time                                                1.0964

  clock CLK (rise edge)                                 1.6000     1.6000
  clock network delay (ideal)                           0.0500     1.6500
  clock uncertainty                                    -0.0500     1.6000
  DP_i_decode_i_B_reg_i_Y_reg_23_/CK (DFF_X1)           0.0000     1.6000 r
  library setup time                                   -0.0297     1.5703
  data required time                                               1.5703
  --------------------------------------------------------------------------
  data required time                                               1.5703
  data arrival time                                               -1.0964
  --------------------------------------------------------------------------
  slack (MET)                                                      0.4740


  Startpoint: DRAM_READY (input port clocked by CLK)
  Endpoint: DP_i_decode_i_B_reg_i_Y_reg_22_
            (rising edge-triggered flip-flop clocked by CLK)
  Path Group: INPUTS
  Path Type: max

  Des/Clust/Port     Wire Load Model       Library
  ------------------------------------------------
  DLX                5K_hvratio_1_4        NangateOpenCellLibrary

  Point                                                   Incr       Path
  --------------------------------------------------------------------------
  clock CLK (rise edge)                                 0.0000     0.0000
  clock network delay (ideal)                           0.0500     0.0500
  input external delay                                  0.1600     0.2100 r
  DRAM_READY (in)                                       0.0014     0.2114 r
  U1579/ZN (INV_X1)                                     0.0209     0.2323 f
  U1578/ZN (AND2_X1)                                    0.0569     0.2892 f
  U5426/ZN (INV_X1)                                     0.0591     0.3483 r
  DP_i_U2689/ZN (NAND2_X1)                              0.1676     0.5159 f
  DP_i_U2691/ZN (NOR3_X1)                               0.1921     0.7080 r
  DP_i_U2726/ZN (INV_X1)                                0.0330     0.7409 f
  U7387/ZN (INV_X1)                                     0.1619     0.9028 r
  U7736/ZN (AND2_X1)                                    0.0762     0.9790 r
  U7351/ZN (OR2_X1)                                     0.0337     1.0126 r
  DP_i_U2758/ZN (AOI21_X1)                              0.0264     1.0391 f
  DP_i_U2760/ZN (OAI211_X1)                             0.0464     1.0854 r
  DP_i_decode_i_B_reg_i_Y_reg_22_/D (DFF_X1)            0.0110     1.0964 r
  data arrival time                                                1.0964

  clock CLK (rise edge)                                 1.6000     1.6000
  clock network delay (ideal)                           0.0500     1.6500
  clock uncertainty                                    -0.0500     1.6000
  DP_i_decode_i_B_reg_i_Y_reg_22_/CK (DFF_X1)           0.0000     1.6000 r
  library setup time                                   -0.0297     1.5703
  data required time                                               1.5703
  --------------------------------------------------------------------------
  data required time                                               1.5703
  data arrival time                                               -1.0964
  --------------------------------------------------------------------------
  slack (MET)                                                      0.4740


  Startpoint: DRAM_READY (input port clocked by CLK)
  Endpoint: DP_i_decode_i_B_reg_i_Y_reg_24_
            (rising edge-triggered flip-flop clocked by CLK)
  Path Group: INPUTS
  Path Type: max

  Des/Clust/Port     Wire Load Model       Library
  ------------------------------------------------
  DLX                5K_hvratio_1_4        NangateOpenCellLibrary

  Point                                                   Incr       Path
  --------------------------------------------------------------------------
  clock CLK (rise edge)                                 0.0000     0.0000
  clock network delay (ideal)                           0.0500     0.0500
  input external delay                                  0.1600     0.2100 r
  DRAM_READY (in)                                       0.0014     0.2114 r
  U1579/ZN (INV_X1)                                     0.0209     0.2323 f
  U1578/ZN (AND2_X1)                                    0.0569     0.2892 f
  U5426/ZN (INV_X1)                                     0.0591     0.3483 r
  DP_i_U2689/ZN (NAND2_X1)                              0.1676     0.5159 f
  DP_i_U2691/ZN (NOR3_X1)                               0.1921     0.7080 r
  DP_i_U2726/ZN (INV_X1)                                0.0330     0.7409 f
  U7387/ZN (INV_X1)                                     0.1619     0.9028 r
  U8544/ZN (AND2_X1)                                    0.0762     0.9790 r
  U7353/ZN (OR2_X1)                                     0.0337     1.0126 r
  DP_i_U2746/ZN (AOI21_X1)                              0.0264     1.0391 f
  DP_i_U2748/ZN (OAI211_X1)                             0.0464     1.0854 r
  DP_i_decode_i_B_reg_i_Y_reg_24_/D (DFF_X1)            0.0110     1.0964 r
  data arrival time                                                1.0964

  clock CLK (rise edge)                                 1.6000     1.6000
  clock network delay (ideal)                           0.0500     1.6500
  clock uncertainty                                    -0.0500     1.6000
  DP_i_decode_i_B_reg_i_Y_reg_24_/CK (DFF_X1)           0.0000     1.6000 r
  library setup time                                   -0.0297     1.5703
  data required time                                               1.5703
  --------------------------------------------------------------------------
  data required time                                               1.5703
  data arrival time                                               -1.0964
  --------------------------------------------------------------------------
  slack (MET)                                                      0.4740


  Startpoint: DRAM_READY (input port clocked by CLK)
  Endpoint: DP_i_decode_i_B_reg_i_Y_reg_25_
            (rising edge-triggered flip-flop clocked by CLK)
  Path Group: INPUTS
  Path Type: max

  Des/Clust/Port     Wire Load Model       Library
  ------------------------------------------------
  DLX                5K_hvratio_1_4        NangateOpenCellLibrary

  Point                                                   Incr       Path
  --------------------------------------------------------------------------
  clock CLK (rise edge)                                 0.0000     0.0000
  clock network delay (ideal)                           0.0500     0.0500
  input external delay                                  0.1600     0.2100 r
  DRAM_READY (in)                                       0.0014     0.2114 r
  U1579/ZN (INV_X1)                                     0.0209     0.2323 f
  U1578/ZN (AND2_X1)                                    0.0569     0.2892 f
  U5426/ZN (INV_X1)                                     0.0591     0.3483 r
  DP_i_U2689/ZN (NAND2_X1)                              0.1676     0.5159 f
  DP_i_U2691/ZN (NOR3_X1)                               0.1921     0.7080 r
  DP_i_U2726/ZN (INV_X1)                                0.0330     0.7409 f
  U7387/ZN (INV_X1)                                     0.1619     0.9028 r
  U7775/ZN (AND2_X1)                                    0.0762     0.9790 r
  U7355/ZN (OR2_X1)                                     0.0337     1.0126 r
  DP_i_U2740/ZN (AOI21_X1)                              0.0264     1.0391 f
  DP_i_U2742/ZN (OAI211_X1)                             0.0454     1.0845 r
  DP_i_decode_i_B_reg_i_Y_reg_25_/D (DFF_X1)            0.0110     1.0955 r
  data arrival time                                                1.0955

  clock CLK (rise edge)                                 1.6000     1.6000
  clock network delay (ideal)                           0.0500     1.6500
  clock uncertainty                                    -0.0500     1.6000
  DP_i_decode_i_B_reg_i_Y_reg_25_/CK (DFF_X1)           0.0000     1.6000 r
  library setup time                                   -0.0297     1.5703
  data required time                                               1.5703
  --------------------------------------------------------------------------
  data required time                                               1.5703
  data arrival time                                               -1.0955
  --------------------------------------------------------------------------
  slack (MET)                                                      0.4749


  Startpoint: DRAM_READY (input port clocked by CLK)
  Endpoint: DP_i_decode_i_B_reg_i_Y_reg_27_
            (rising edge-triggered flip-flop clocked by CLK)
  Path Group: INPUTS
  Path Type: max

  Des/Clust/Port     Wire Load Model       Library
  ------------------------------------------------
  DLX                5K_hvratio_1_4        NangateOpenCellLibrary

  Point                                                   Incr       Path
  --------------------------------------------------------------------------
  clock CLK (rise edge)                                 0.0000     0.0000
  clock network delay (ideal)                           0.0500     0.0500
  input external delay                                  0.1600     0.2100 r
  DRAM_READY (in)                                       0.0014     0.2114 r
  U1579/ZN (INV_X1)                                     0.0209     0.2323 f
  U1578/ZN (AND2_X1)                                    0.0569     0.2892 f
  U5426/ZN (INV_X1)                                     0.0591     0.3483 r
  DP_i_U2689/ZN (NAND2_X1)                              0.1676     0.5159 f
  DP_i_U2691/ZN (NOR3_X1)                               0.1921     0.7080 r
  DP_i_U2726/ZN (INV_X1)                                0.0330     0.7409 f
  U7387/ZN (INV_X1)                                     0.1619     0.9028 r
  U7796/ZN (AND2_X1)                                    0.0762     0.9790 r
  U7357/ZN (OR2_X1)                                     0.0337     1.0126 r
  DP_i_U2728/ZN (AOI21_X1)                              0.0264     1.0391 f
  DP_i_U2730/ZN (OAI211_X1)                             0.0454     1.0845 r
  DP_i_decode_i_B_reg_i_Y_reg_27_/D (DFF_X1)            0.0110     1.0955 r
  data arrival time                                                1.0955

  clock CLK (rise edge)                                 1.6000     1.6000
  clock network delay (ideal)                           0.0500     1.6500
  clock uncertainty                                    -0.0500     1.6000
  DP_i_decode_i_B_reg_i_Y_reg_27_/CK (DFF_X1)           0.0000     1.6000 r
  library setup time                                   -0.0297     1.5703
  data required time                                               1.5703
  --------------------------------------------------------------------------
  data required time                                               1.5703
  data arrival time                                               -1.0955
  --------------------------------------------------------------------------
  slack (MET)                                                      0.4749


  Startpoint: DRAM_READY (input port clocked by CLK)
  Endpoint: DP_i_decode_i_B_reg_i_Y_reg_26_
            (rising edge-triggered flip-flop clocked by CLK)
  Path Group: INPUTS
  Path Type: max

  Des/Clust/Port     Wire Load Model       Library
  ------------------------------------------------
  DLX                5K_hvratio_1_4        NangateOpenCellLibrary

  Point                                                   Incr       Path
  --------------------------------------------------------------------------
  clock CLK (rise edge)                                 0.0000     0.0000
  clock network delay (ideal)                           0.0500     0.0500
  input external delay                                  0.1600     0.2100 r
  DRAM_READY (in)                                       0.0014     0.2114 r
  U1579/ZN (INV_X1)                                     0.0209     0.2323 f
  U1578/ZN (AND2_X1)                                    0.0569     0.2892 f
  U5426/ZN (INV_X1)                                     0.0591     0.3483 r
  DP_i_U2689/ZN (NAND2_X1)                              0.1676     0.5159 f
  DP_i_U2691/ZN (NOR3_X1)                               0.1921     0.7080 r
  DP_i_U2726/ZN (INV_X1)                                0.0330     0.7409 f
  U7387/ZN (INV_X1)                                     0.1619     0.9028 r
  U7776/ZN (AND2_X1)                                    0.0762     0.9790 r
  U7359/ZN (OR2_X1)                                     0.0337     1.0126 r
  DP_i_U2734/ZN (AOI21_X1)                              0.0264     1.0391 f
  DP_i_U2736/ZN (OAI211_X1)                             0.0454     1.0845 r
  DP_i_decode_i_B_reg_i_Y_reg_26_/D (DFF_X1)            0.0110     1.0955 r
  data arrival time                                                1.0955

  clock CLK (rise edge)                                 1.6000     1.6000
  clock network delay (ideal)                           0.0500     1.6500
  clock uncertainty                                    -0.0500     1.6000
  DP_i_decode_i_B_reg_i_Y_reg_26_/CK (DFF_X1)           0.0000     1.6000 r
  library setup time                                   -0.0297     1.5703
  data required time                                               1.5703
  --------------------------------------------------------------------------
  data required time                                               1.5703
  data arrival time                                               -1.0955
  --------------------------------------------------------------------------
  slack (MET)                                                      0.4749


  Startpoint: DRAM_READY (input port clocked by CLK)
  Endpoint: DP_i_decode_i_B_reg_i_Y_reg_24_
            (rising edge-triggered flip-flop clocked by CLK)
  Path Group: INPUTS
  Path Type: max

  Des/Clust/Port     Wire Load Model       Library
  ------------------------------------------------
  DLX                5K_hvratio_1_4        NangateOpenCellLibrary

  Point                                                   Incr       Path
  --------------------------------------------------------------------------
  clock CLK (rise edge)                                 0.0000     0.0000
  clock network delay (ideal)                           0.0500     0.0500
  input external delay                                  0.1600     0.2100 r
  DRAM_READY (in)                                       0.0014     0.2114 r
  U1579/ZN (INV_X1)                                     0.0209     0.2323 f
  U1578/ZN (AND2_X1)                                    0.0569     0.2892 f
  U5426/ZN (INV_X1)                                     0.0591     0.3483 r
  DP_i_U2689/ZN (NAND2_X1)                              0.1676     0.5159 f
  DP_i_U2691/ZN (NOR3_X1)                               0.1921     0.7080 r
  DP_i_U2726/ZN (INV_X1)                                0.0330     0.7409 f
  U7387/ZN (INV_X1)                                     0.1619     0.9028 r
  U8544/ZN (AND2_X1)                                    0.0762     0.9790 r
  U7353/ZN (OR2_X1)                                     0.0337     1.0126 r
  DP_i_U2746/ZN (AOI21_X1)                              0.0264     1.0391 f
  DP_i_U2748/ZN (OAI211_X1)                             0.0454     1.0845 r
  DP_i_decode_i_B_reg_i_Y_reg_24_/D (DFF_X1)            0.0110     1.0955 r
  data arrival time                                                1.0955

  clock CLK (rise edge)                                 1.6000     1.6000
  clock network delay (ideal)                           0.0500     1.6500
  clock uncertainty                                    -0.0500     1.6000
  DP_i_decode_i_B_reg_i_Y_reg_24_/CK (DFF_X1)           0.0000     1.6000 r
  library setup time                                   -0.0297     1.5703
  data required time                                               1.5703
  --------------------------------------------------------------------------
  data required time                                               1.5703
  data arrival time                                               -1.0955
  --------------------------------------------------------------------------
  slack (MET)                                                      0.4749


  Startpoint: DP_i_fetch_i_IR_out_reg_1_
              (rising edge-triggered flip-flop clocked by CLK)
  Endpoint: IRAM_ISSUE (output port clocked by CLK)
  Path Group: OUTPUTS
  Path Type: max

  Des/Clust/Port     Wire Load Model       Library
  ------------------------------------------------
  DLX                5K_hvratio_1_4        NangateOpenCellLibrary

  Point                                                   Incr       Path
  --------------------------------------------------------------------------
  clock CLK (rise edge)                                 0.0000     0.0000
  clock network delay (ideal)                           0.0500     0.0500
  DP_i_fetch_i_IR_out_reg_1_/CK (DFF_X2)                0.0000     0.0500 r
  DP_i_fetch_i_IR_out_reg_1_/Q (DFF_X2)                 0.1439     0.1939 r
  U4068/ZN (NOR2_X1)                                    0.0489     0.2428 f
  U1817/ZN (NAND2_X1)                                   0.0294     0.2722 r
  U1820/ZN (AND3_X1)                                    0.0566     0.3288 r
  U4072/ZN (OAI22_X1)                                   0.0390     0.3677 f
  U4073/ZN (NOR2_X1)                                    0.0408     0.4085 r
  U4076/ZN (OAI21_X1)                                   0.0316     0.4401 f
  U4077/ZN (INV_X1)                                     0.0398     0.4800 r
  U1432/ZN (AND2_X1)                                    0.0447     0.5247 r
  U1262/ZN (AND4_X1)                                    0.0763     0.6011 r
  U4113/ZN (INV_X1)                                     0.0347     0.6358 f
  U1821/ZN (AND2_X1)                                    0.0437     0.6795 f
  U1814/ZN (NAND2_X1)                                   0.0301     0.7096 r
  U1816/ZN (AND2_X1)                                    0.0404     0.7500 r
  U4114/ZN (NAND2_X1)                                   0.0286     0.7786 f
  U4115/ZN (AOI211_X1)                                  0.0784     0.8570 r
  U4120/ZN (NOR2_X1)                                    0.0296     0.8866 f
  U1010/Z (MUX2_X2)                                     0.0713     0.9579 f
  U4139/ZN (OAI21_X1)                                   0.0489     1.0067 r
  U4140/ZN (NAND2_X1)                                   0.0304     1.0371 f
  U4149/ZN (NAND2_X1)                                   0.0271     1.0642 r
  U2612/ZN (AND3_X1)                                    0.0513     1.1154 r
  U1107/Z (CLKBUF_X1)                                   0.0516     1.1670 r
  U6483/ZN (NOR2_X1)                                    0.0302     1.1972 f
  U6484/ZN (NOR2_X1)                                    0.0409     1.2381 r
  IRAM_ISSUE (out)                                      0.0035     1.2416 r
  data arrival time                                                1.2416

  clock CLK (rise edge)                                 1.6000     1.6000
  clock network delay (ideal)                           0.0500     1.6500
  clock uncertainty                                    -0.0500     1.6000
  output external delay                                -0.1600     1.4400
  data required time                                               1.4400
  --------------------------------------------------------------------------
  data required time                                               1.4400
  data arrival time                                               -1.2416
  --------------------------------------------------------------------------
  slack (MET)                                                      0.1984


  Startpoint: DP_i_fetch_i_IR_out_reg_30_
              (rising edge-triggered flip-flop clocked by CLK)
  Endpoint: IRAM_ISSUE (output port clocked by CLK)
  Path Group: OUTPUTS
  Path Type: max

  Des/Clust/Port     Wire Load Model       Library
  ------------------------------------------------
  DLX                5K_hvratio_1_4        NangateOpenCellLibrary

  Point                                                   Incr       Path
  --------------------------------------------------------------------------
  clock CLK (rise edge)                                 0.0000     0.0000
  clock network delay (ideal)                           0.0500     0.0500
  DP_i_fetch_i_IR_out_reg_30_/CK (DFF_X1)               0.0000     0.0500 r
  DP_i_fetch_i_IR_out_reg_30_/QN (DFF_X1)               0.0819     0.1319 r
  U2590/ZN (AND2_X1)                                    0.0465     0.1783 r
  U2638/ZN (NAND2_X1)                                   0.0379     0.2162 f
  U1001/ZN (OR2_X1)                                     0.0609     0.2771 f
  U1990/ZN (OR3_X1)                                     0.0968     0.3739 f
  U1954/ZN (NOR2_X1)                                    0.0485     0.4224 r
  U3978/ZN (NAND2_X1)                                   0.0358     0.4582 f
  U803/ZN (OR2_X1)                                      0.0706     0.5288 f
  U1262/ZN (AND4_X1)                                    0.0613     0.5901 f
  U797/ZN (AND2_X1)                                     0.0647     0.6547 f
  U1815/ZN (NAND2_X1)                                   0.0513     0.7061 r
  U1816/ZN (AND2_X1)                                    0.0424     0.7485 r
  U4114/ZN (NAND2_X1)                                   0.0286     0.7771 f
  U4115/ZN (AOI211_X1)                                  0.0784     0.8554 r
  U4120/ZN (NOR2_X1)                                    0.0296     0.8851 f
  U1010/Z (MUX2_X2)                                     0.0713     0.9564 f
  U4139/ZN (OAI21_X1)                                   0.0489     1.0052 r
  U4140/ZN (NAND2_X1)                                   0.0304     1.0356 f
  U4149/ZN (NAND2_X1)                                   0.0271     1.0627 r
  U2612/ZN (AND3_X1)                                    0.0513     1.1139 r
  U1107/Z (CLKBUF_X1)                                   0.0516     1.1655 r
  U6483/ZN (NOR2_X1)                                    0.0302     1.1957 f
  U6484/ZN (NOR2_X1)                                    0.0409     1.2366 r
  IRAM_ISSUE (out)                                      0.0035     1.2401 r
  data arrival time                                                1.2401

  clock CLK (rise edge)                                 1.6000     1.6000
  clock network delay (ideal)                           0.0500     1.6500
  clock uncertainty                                    -0.0500     1.6000
  output external delay                                -0.1600     1.4400
  data required time                                               1.4400
  --------------------------------------------------------------------------
  data required time                                               1.4400
  data arrival time                                               -1.2401
  --------------------------------------------------------------------------
  slack (MET)                                                      0.1999


  Startpoint: DP_i_execute_i_alu_out_reg_i_Y_reg_1_
              (rising edge-triggered flip-flop clocked by CLK)
  Endpoint: DRAM_DATA[30]
            (output port clocked by CLK)
  Path Group: OUTPUTS
  Path Type: max

  Des/Clust/Port     Wire Load Model       Library
  ------------------------------------------------
  DLX                5K_hvratio_1_4        NangateOpenCellLibrary

  Point                                                   Incr       Path
  --------------------------------------------------------------------------
  clock CLK (rise edge)                                 0.0000     0.0000
  clock network delay (ideal)                           0.0500     0.0500
  DP_i_execute_i_alu_out_reg_i_Y_reg_1_/CK (DFF_X1)     0.0000     0.0500 r
  DP_i_execute_i_alu_out_reg_i_Y_reg_1_/Q (DFF_X1)      0.1591     0.2091 r
  U4095/ZN (AOI21_X1)                                   0.0544     0.2636 f
  U2619/ZN (OR3_X1)                                     0.0754     0.3390 f
  U4096/ZN (NAND2_X1)                                   0.0548     0.3937 r
  U2625/ZN (NOR2_X1)                                    0.0417     0.4354 f
  U5410/ZN (INV_X1)                                     0.0364     0.4718 r
  U5411/ZN (OR2_X4)                                     0.1456     0.6174 r
  DRAM_DATA_tri_30_/Z (TBUF_X1)                         0.2587     0.8762 f
  DRAM_DATA[30] (inout)                                 0.0048     0.8810 f
  data arrival time                                                0.8810

  clock CLK (rise edge)                                 1.6000     1.6000
  clock network delay (ideal)                           0.0500     1.6500
  clock uncertainty                                    -0.0500     1.6000
  output external delay                                -0.1600     1.4400
  data required time                                               1.4400
  --------------------------------------------------------------------------
  data required time                                               1.4400
  data arrival time                                               -0.8810
  --------------------------------------------------------------------------
  slack (MET)                                                      0.5590


  Startpoint: DP_i_execute_i_alu_out_reg_i_Y_reg_1_
              (rising edge-triggered flip-flop clocked by CLK)
  Endpoint: DRAM_DATA[29]
            (output port clocked by CLK)
  Path Group: OUTPUTS
  Path Type: max

  Des/Clust/Port     Wire Load Model       Library
  ------------------------------------------------
  DLX                5K_hvratio_1_4        NangateOpenCellLibrary

  Point                                                   Incr       Path
  --------------------------------------------------------------------------
  clock CLK (rise edge)                                 0.0000     0.0000
  clock network delay (ideal)                           0.0500     0.0500
  DP_i_execute_i_alu_out_reg_i_Y_reg_1_/CK (DFF_X1)     0.0000     0.0500 r
  DP_i_execute_i_alu_out_reg_i_Y_reg_1_/Q (DFF_X1)      0.1591     0.2091 r
  U4095/ZN (AOI21_X1)                                   0.0544     0.2636 f
  U2619/ZN (OR3_X1)                                     0.0754     0.3390 f
  U4096/ZN (NAND2_X1)                                   0.0548     0.3937 r
  U2625/ZN (NOR2_X1)                                    0.0417     0.4354 f
  U5410/ZN (INV_X1)                                     0.0364     0.4718 r
  U5411/ZN (OR2_X4)                                     0.1456     0.6174 r
  DRAM_DATA_tri_29_/Z (TBUF_X1)                         0.2587     0.8762 f
  DRAM_DATA[29] (inout)                                 0.0048     0.8810 f
  data arrival time                                                0.8810

  clock CLK (rise edge)                                 1.6000     1.6000
  clock network delay (ideal)                           0.0500     1.6500
  clock uncertainty                                    -0.0500     1.6000
  output external delay                                -0.1600     1.4400
  data required time                                               1.4400
  --------------------------------------------------------------------------
  data required time                                               1.4400
  data arrival time                                               -0.8810
  --------------------------------------------------------------------------
  slack (MET)                                                      0.5590


  Startpoint: DP_i_execute_i_alu_out_reg_i_Y_reg_1_
              (rising edge-triggered flip-flop clocked by CLK)
  Endpoint: DRAM_DATA[28]
            (output port clocked by CLK)
  Path Group: OUTPUTS
  Path Type: max

  Des/Clust/Port     Wire Load Model       Library
  ------------------------------------------------
  DLX                5K_hvratio_1_4        NangateOpenCellLibrary

  Point                                                   Incr       Path
  --------------------------------------------------------------------------
  clock CLK (rise edge)                                 0.0000     0.0000
  clock network delay (ideal)                           0.0500     0.0500
  DP_i_execute_i_alu_out_reg_i_Y_reg_1_/CK (DFF_X1)     0.0000     0.0500 r
  DP_i_execute_i_alu_out_reg_i_Y_reg_1_/Q (DFF_X1)      0.1591     0.2091 r
  U4095/ZN (AOI21_X1)                                   0.0544     0.2636 f
  U2619/ZN (OR3_X1)                                     0.0754     0.3390 f
  U4096/ZN (NAND2_X1)                                   0.0548     0.3937 r
  U2625/ZN (NOR2_X1)                                    0.0417     0.4354 f
  U5410/ZN (INV_X1)                                     0.0364     0.4718 r
  U5411/ZN (OR2_X4)                                     0.1456     0.6174 r
  DRAM_DATA_tri_28_/Z (TBUF_X1)                         0.2587     0.8762 f
  DRAM_DATA[28] (inout)                                 0.0048     0.8810 f
  data arrival time                                                0.8810

  clock CLK (rise edge)                                 1.6000     1.6000
  clock network delay (ideal)                           0.0500     1.6500
  clock uncertainty                                    -0.0500     1.6000
  output external delay                                -0.1600     1.4400
  data required time                                               1.4400
  --------------------------------------------------------------------------
  data required time                                               1.4400
  data arrival time                                               -0.8810
  --------------------------------------------------------------------------
  slack (MET)                                                      0.5590


  Startpoint: DP_i_execute_i_alu_out_reg_i_Y_reg_1_
              (rising edge-triggered flip-flop clocked by CLK)
  Endpoint: DRAM_DATA[27]
            (output port clocked by CLK)
  Path Group: OUTPUTS
  Path Type: max

  Des/Clust/Port     Wire Load Model       Library
  ------------------------------------------------
  DLX                5K_hvratio_1_4        NangateOpenCellLibrary

  Point                                                   Incr       Path
  --------------------------------------------------------------------------
  clock CLK (rise edge)                                 0.0000     0.0000
  clock network delay (ideal)                           0.0500     0.0500
  DP_i_execute_i_alu_out_reg_i_Y_reg_1_/CK (DFF_X1)     0.0000     0.0500 r
  DP_i_execute_i_alu_out_reg_i_Y_reg_1_/Q (DFF_X1)      0.1591     0.2091 r
  U4095/ZN (AOI21_X1)                                   0.0544     0.2636 f
  U2619/ZN (OR3_X1)                                     0.0754     0.3390 f
  U4096/ZN (NAND2_X1)                                   0.0548     0.3937 r
  U2625/ZN (NOR2_X1)                                    0.0417     0.4354 f
  U5410/ZN (INV_X1)                                     0.0364     0.4718 r
  U5411/ZN (OR2_X4)                                     0.1456     0.6174 r
  DRAM_DATA_tri_27_/Z (TBUF_X1)                         0.2587     0.8762 f
  DRAM_DATA[27] (inout)                                 0.0048     0.8810 f
  data arrival time                                                0.8810

  clock CLK (rise edge)                                 1.6000     1.6000
  clock network delay (ideal)                           0.0500     1.6500
  clock uncertainty                                    -0.0500     1.6000
  output external delay                                -0.1600     1.4400
  data required time                                               1.4400
  --------------------------------------------------------------------------
  data required time                                               1.4400
  data arrival time                                               -0.8810
  --------------------------------------------------------------------------
  slack (MET)                                                      0.5590


  Startpoint: DP_i_execute_i_alu_out_reg_i_Y_reg_1_
              (rising edge-triggered flip-flop clocked by CLK)
  Endpoint: DRAM_DATA[26]
            (output port clocked by CLK)
  Path Group: OUTPUTS
  Path Type: max

  Des/Clust/Port     Wire Load Model       Library
  ------------------------------------------------
  DLX                5K_hvratio_1_4        NangateOpenCellLibrary

  Point                                                   Incr       Path
  --------------------------------------------------------------------------
  clock CLK (rise edge)                                 0.0000     0.0000
  clock network delay (ideal)                           0.0500     0.0500
  DP_i_execute_i_alu_out_reg_i_Y_reg_1_/CK (DFF_X1)     0.0000     0.0500 r
  DP_i_execute_i_alu_out_reg_i_Y_reg_1_/Q (DFF_X1)      0.1591     0.2091 r
  U4095/ZN (AOI21_X1)                                   0.0544     0.2636 f
  U2619/ZN (OR3_X1)                                     0.0754     0.3390 f
  U4096/ZN (NAND2_X1)                                   0.0548     0.3937 r
  U2625/ZN (NOR2_X1)                                    0.0417     0.4354 f
  U5410/ZN (INV_X1)                                     0.0364     0.4718 r
  U5411/ZN (OR2_X4)                                     0.1456     0.6174 r
  DRAM_DATA_tri_26_/Z (TBUF_X1)                         0.2587     0.8762 f
  DRAM_DATA[26] (inout)                                 0.0048     0.8810 f
  data arrival time                                                0.8810

  clock CLK (rise edge)                                 1.6000     1.6000
  clock network delay (ideal)                           0.0500     1.6500
  clock uncertainty                                    -0.0500     1.6000
  output external delay                                -0.1600     1.4400
  data required time                                               1.4400
  --------------------------------------------------------------------------
  data required time                                               1.4400
  data arrival time                                               -0.8810
  --------------------------------------------------------------------------
  slack (MET)                                                      0.5590


  Startpoint: DP_i_execute_i_alu_out_reg_i_Y_reg_1_
              (rising edge-triggered flip-flop clocked by CLK)
  Endpoint: DRAM_DATA[25]
            (output port clocked by CLK)
  Path Group: OUTPUTS
  Path Type: max

  Des/Clust/Port     Wire Load Model       Library
  ------------------------------------------------
  DLX                5K_hvratio_1_4        NangateOpenCellLibrary

  Point                                                   Incr       Path
  --------------------------------------------------------------------------
  clock CLK (rise edge)                                 0.0000     0.0000
  clock network delay (ideal)                           0.0500     0.0500
  DP_i_execute_i_alu_out_reg_i_Y_reg_1_/CK (DFF_X1)     0.0000     0.0500 r
  DP_i_execute_i_alu_out_reg_i_Y_reg_1_/Q (DFF_X1)      0.1591     0.2091 r
  U4095/ZN (AOI21_X1)                                   0.0544     0.2636 f
  U2619/ZN (OR3_X1)                                     0.0754     0.3390 f
  U4096/ZN (NAND2_X1)                                   0.0548     0.3937 r
  U2625/ZN (NOR2_X1)                                    0.0417     0.4354 f
  U5410/ZN (INV_X1)                                     0.0364     0.4718 r
  U5411/ZN (OR2_X4)                                     0.1456     0.6174 r
  DRAM_DATA_tri_25_/Z (TBUF_X1)                         0.2587     0.8762 f
  DRAM_DATA[25] (inout)                                 0.0048     0.8810 f
  data arrival time                                                0.8810

  clock CLK (rise edge)                                 1.6000     1.6000
  clock network delay (ideal)                           0.0500     1.6500
  clock uncertainty                                    -0.0500     1.6000
  output external delay                                -0.1600     1.4400
  data required time                                               1.4400
  --------------------------------------------------------------------------
  data required time                                               1.4400
  data arrival time                                               -0.8810
  --------------------------------------------------------------------------
  slack (MET)                                                      0.5590


  Startpoint: DP_i_execute_i_alu_out_reg_i_Y_reg_1_
              (rising edge-triggered flip-flop clocked by CLK)
  Endpoint: DRAM_DATA[24]
            (output port clocked by CLK)
  Path Group: OUTPUTS
  Path Type: max

  Des/Clust/Port     Wire Load Model       Library
  ------------------------------------------------
  DLX                5K_hvratio_1_4        NangateOpenCellLibrary

  Point                                                   Incr       Path
  --------------------------------------------------------------------------
  clock CLK (rise edge)                                 0.0000     0.0000
  clock network delay (ideal)                           0.0500     0.0500
  DP_i_execute_i_alu_out_reg_i_Y_reg_1_/CK (DFF_X1)     0.0000     0.0500 r
  DP_i_execute_i_alu_out_reg_i_Y_reg_1_/Q (DFF_X1)      0.1591     0.2091 r
  U4095/ZN (AOI21_X1)                                   0.0544     0.2636 f
  U2619/ZN (OR3_X1)                                     0.0754     0.3390 f
  U4096/ZN (NAND2_X1)                                   0.0548     0.3937 r
  U2625/ZN (NOR2_X1)                                    0.0417     0.4354 f
  U5410/ZN (INV_X1)                                     0.0364     0.4718 r
  U5411/ZN (OR2_X4)                                     0.1456     0.6174 r
  DRAM_DATA_tri_24_/Z (TBUF_X1)                         0.2587     0.8762 f
  DRAM_DATA[24] (inout)                                 0.0048     0.8810 f
  data arrival time                                                0.8810

  clock CLK (rise edge)                                 1.6000     1.6000
  clock network delay (ideal)                           0.0500     1.6500
  clock uncertainty                                    -0.0500     1.6000
  output external delay                                -0.1600     1.4400
  data required time                                               1.4400
  --------------------------------------------------------------------------
  data required time                                               1.4400
  data arrival time                                               -0.8810
  --------------------------------------------------------------------------
  slack (MET)                                                      0.5590


  Startpoint: DP_i_execute_i_alu_out_reg_i_Y_reg_1_
              (rising edge-triggered flip-flop clocked by CLK)
  Endpoint: DRAM_DATA[23]
            (output port clocked by CLK)
  Path Group: OUTPUTS
  Path Type: max

  Des/Clust/Port     Wire Load Model       Library
  ------------------------------------------------
  DLX                5K_hvratio_1_4        NangateOpenCellLibrary

  Point                                                   Incr       Path
  --------------------------------------------------------------------------
  clock CLK (rise edge)                                 0.0000     0.0000
  clock network delay (ideal)                           0.0500     0.0500
  DP_i_execute_i_alu_out_reg_i_Y_reg_1_/CK (DFF_X1)     0.0000     0.0500 r
  DP_i_execute_i_alu_out_reg_i_Y_reg_1_/Q (DFF_X1)      0.1591     0.2091 r
  U4095/ZN (AOI21_X1)                                   0.0544     0.2636 f
  U2619/ZN (OR3_X1)                                     0.0754     0.3390 f
  U4096/ZN (NAND2_X1)                                   0.0548     0.3937 r
  U2625/ZN (NOR2_X1)                                    0.0417     0.4354 f
  U5410/ZN (INV_X1)                                     0.0364     0.4718 r
  U5411/ZN (OR2_X4)                                     0.1456     0.6174 r
  DRAM_DATA_tri_23_/Z (TBUF_X1)                         0.2587     0.8762 f
  DRAM_DATA[23] (inout)                                 0.0048     0.8810 f
  data arrival time                                                0.8810

  clock CLK (rise edge)                                 1.6000     1.6000
  clock network delay (ideal)                           0.0500     1.6500
  clock uncertainty                                    -0.0500     1.6000
  output external delay                                -0.1600     1.4400
  data required time                                               1.4400
  --------------------------------------------------------------------------
  data required time                                               1.4400
  data arrival time                                               -0.8810
  --------------------------------------------------------------------------
  slack (MET)                                                      0.5590


  Startpoint: DP_i_decode_i_rs2_addr_i_Y_reg_2_
              (rising edge-triggered flip-flop clocked by CLK)
  Endpoint: DP_i_execute_i_zero_alu_bit_Y_reg
            (rising edge-triggered flip-flop clocked by CLK)
  Path Group: REG2REG
  Path Type: max

  Des/Clust/Port     Wire Load Model       Library
  ------------------------------------------------
  DLX                5K_hvratio_1_4        NangateOpenCellLibrary

  Point                                                   Incr       Path
  --------------------------------------------------------------------------
  clock CLK (rise edge)                                 0.0000     0.0000
  clock network delay (ideal)                           0.0500     0.0500
  DP_i_decode_i_rs2_addr_i_Y_reg_2_/CK (DFF_X1)         0.0000     0.0500 r
  DP_i_decode_i_rs2_addr_i_Y_reg_2_/Q (DFF_X1)          0.1046     0.1546 r
  U1993/Z (XOR2_X1)                                     0.0684     0.2230 r
  U1050/ZN (AND4_X2)                                    0.0712     0.2942 r
  U1801/ZN (NAND3_X1)                                   0.0408     0.3350 f
  U2668/ZN (AND2_X2)                                    0.0535     0.3886 f
  U2739/ZN (AOI222_X1)                                  0.1135     0.5021 r
  U997/Z (MUX2_X1)                                      0.0671     0.5692 r
  U3506/ZN (XNOR2_X1)                                   0.0687     0.6380 r
  U3508/ZN (XNOR2_X1)                                   0.0667     0.7046 r
  U3511/ZN (AND2_X1)                                    0.0467     0.7513 r
  U3530/ZN (NAND3_X1)                                   0.0320     0.7833 f
  U3531/ZN (AOI21_X1)                                   0.0475     0.8308 r
  U3541/ZN (OAI211_X1)                                  0.0461     0.8769 f
  U881/ZN (OR2_X1)                                      0.0599     0.9368 f
  U3559/ZN (AOI21_X1)                                   0.0444     0.9811 r
  U2285/ZN (AND2_X1)                                    0.0567     1.0379 r
  U1396/ZN (OR2_X1)                                     0.0384     1.0762 r
  U1994/ZN (NAND2_X1)                                   0.0309     1.1071 f
  U6438/ZN (XNOR2_X1)                                   0.0617     1.1688 f
  U2300/ZN (NOR4_X1)                                    0.0757     1.2446 r
  U2368/ZN (AND2_X1)                                    0.0511     1.2957 r
  U2209/ZN (AND3_X1)                                    0.0513     1.3470 r
  U2369/ZN (NAND2_X1)                                   0.0318     1.3789 f
  U2608/ZN (OAI21_X1)                                   0.0431     1.4220 r
  U2396/ZN (NAND2_X1)                                   0.0304     1.4524 f
  U2395/ZN (NAND2_X1)                                   0.0289     1.4813 r
  U2394/ZN (OAI211_X1)                                  0.0403     1.5216 f
  U7089/ZN (OAI21_X1)                                   0.0493     1.5709 r
  DP_i_execute_i_zero_alu_bit_Y_reg/D (DFF_X2)          0.0109     1.5818 r
  data arrival time                                                1.5818

  clock CLK (rise edge)                                 1.6000     1.6000
  clock network delay (ideal)                           0.0500     1.6500
  clock uncertainty                                    -0.0500     1.6000
  DP_i_execute_i_zero_alu_bit_Y_reg/CK (DFF_X2)         0.0000     1.6000 r
  library setup time                                   -0.0283     1.5717
  data required time                                               1.5717
  --------------------------------------------------------------------------
  data required time                                               1.5717
  data arrival time                                               -1.5818
  --------------------------------------------------------------------------
  slack (VIOLATED)                                                -0.0102


  Startpoint: DP_i_decode_i_rs2_addr_i_Y_reg_2_
              (rising edge-triggered flip-flop clocked by CLK)
  Endpoint: DP_i_execute_i_zero_alu_bit_Y_reg
            (rising edge-triggered flip-flop clocked by CLK)
  Path Group: REG2REG
  Path Type: max

  Des/Clust/Port     Wire Load Model       Library
  ------------------------------------------------
  DLX                5K_hvratio_1_4        NangateOpenCellLibrary

  Point                                                   Incr       Path
  --------------------------------------------------------------------------
  clock CLK (rise edge)                                 0.0000     0.0000
  clock network delay (ideal)                           0.0500     0.0500
  DP_i_decode_i_rs2_addr_i_Y_reg_2_/CK (DFF_X1)         0.0000     0.0500 r
  DP_i_decode_i_rs2_addr_i_Y_reg_2_/Q (DFF_X1)          0.1046     0.1546 r
  U1993/Z (XOR2_X1)                                     0.0684     0.2230 r
  U1050/ZN (AND4_X2)                                    0.0712     0.2942 r
  U1801/ZN (NAND3_X1)                                   0.0408     0.3350 f
  U2668/ZN (AND2_X2)                                    0.0535     0.3886 f
  U2739/ZN (AOI222_X1)                                  0.1135     0.5021 r
  U997/Z (MUX2_X1)                                      0.0671     0.5692 r
  U3506/ZN (XNOR2_X1)                                   0.0687     0.6379 r
  U3508/ZN (XNOR2_X1)                                   0.0667     0.7046 r
  U3511/ZN (AND2_X1)                                    0.0467     0.7513 r
  U3530/ZN (NAND3_X1)                                   0.0320     0.7833 f
  U3531/ZN (AOI21_X1)                                   0.0475     0.8308 r
  U3541/ZN (OAI211_X1)                                  0.0461     0.8769 f
  U881/ZN (OR2_X1)                                      0.0599     0.9368 f
  U3559/ZN (AOI21_X1)                                   0.0444     0.9811 r
  U2285/ZN (AND2_X1)                                    0.0567     1.0379 r
  U1396/ZN (OR2_X1)                                     0.0384     1.0762 r
  U1994/ZN (NAND2_X1)                                   0.0309     1.1071 f
  U6438/ZN (XNOR2_X1)                                   0.0617     1.1688 f
  U2300/ZN (NOR4_X1)                                    0.0757     1.2446 r
  U2368/ZN (AND2_X1)                                    0.0511     1.2957 r
  U2209/ZN (AND3_X1)                                    0.0513     1.3470 r
  U2369/ZN (NAND2_X1)                                   0.0318     1.3789 f
  U2608/ZN (OAI21_X1)                                   0.0431     1.4220 r
  U2396/ZN (NAND2_X1)                                   0.0304     1.4524 f
  U2395/ZN (NAND2_X1)                                   0.0289     1.4813 r
  U2394/ZN (OAI211_X1)                                  0.0403     1.5216 f
  U7089/ZN (OAI21_X1)                                   0.0493     1.5709 r
  DP_i_execute_i_zero_alu_bit_Y_reg/D (DFF_X2)          0.0109     1.5818 r
  data arrival time                                                1.5818

  clock CLK (rise edge)                                 1.6000     1.6000
  clock network delay (ideal)                           0.0500     1.6500
  clock uncertainty                                    -0.0500     1.6000
  DP_i_execute_i_zero_alu_bit_Y_reg/CK (DFF_X2)         0.0000     1.6000 r
  library setup time                                   -0.0283     1.5717
  data required time                                               1.5717
  --------------------------------------------------------------------------
  data required time                                               1.5717
  data arrival time                                               -1.5818
  --------------------------------------------------------------------------
  slack (VIOLATED)                                                -0.0102


  Startpoint: DP_i_fetch_i_IR_out_reg_25_
              (rising edge-triggered flip-flop clocked by CLK)
  Endpoint: DP_i_decode_i_exc_cause_i_Y_reg_1_
            (rising edge-triggered flip-flop clocked by CLK)
  Path Group: REG2REG
  Path Type: max

  Des/Clust/Port     Wire Load Model       Library
  ------------------------------------------------
  DLX                5K_hvratio_1_4        NangateOpenCellLibrary

  Point                                                   Incr       Path
  --------------------------------------------------------------------------
  clock CLK (rise edge)                                 0.0000     0.0000
  clock network delay (ideal)                           0.0500     0.0500
  DP_i_fetch_i_IR_out_reg_25_/CK (DFF_X2)               0.0000     0.0500 r
  DP_i_fetch_i_IR_out_reg_25_/Q (DFF_X2)                0.1460     0.1960 r
  DP_i_decode_i_reg_file_i/addr_rs1[4] (register_file)
                                                        0.0000     0.1960 r
  DP_i_decode_i_reg_file_i/U136/ZN (INV_X1)             0.0543     0.2504 f
  DP_i_decode_i_reg_file_i/U79/ZN (AND2_X1)             0.0434     0.2938 f
  DP_i_decode_i_reg_file_i/U80/ZN (NOR3_X1)             0.0597     0.3535 r
  DP_i_decode_i_reg_file_i/U128/ZN (AND3_X2)            0.0688     0.4223 r
  DP_i_decode_i_reg_file_i/U149/ZN (NOR2_X1)            0.0398     0.4621 f
  DP_i_decode_i_reg_file_i/U127/ZN (NAND2_X2)           0.0731     0.5351 r
  DP_i_decode_i_reg_file_i/U177/ZN (NOR2_X1)            0.0540     0.5891 f
  DP_i_decode_i_reg_file_i/U51/Z (BUF_X2)               0.0604     0.6495 f
  DP_i_decode_i_reg_file_i/U1625/ZN (AOI22_X1)          0.0764     0.7259 r
  DP_i_decode_i_reg_file_i/U1628/ZN (NAND4_X1)          0.0444     0.7703 f
  DP_i_decode_i_reg_file_i/U1635/ZN (OR4_X1)            0.1236     0.8938 f
  DP_i_decode_i_reg_file_i/zero_rf1_out (register_file)
                                                        0.0000     0.8938 f
  U4906/ZN (NAND2_X1)                                   0.0336     0.9274 r
  U1912/ZN (AND2_X1)                                    0.0431     0.9705 r
  U1976/ZN (AOI21_X1)                                   0.0312     1.0018 f
  U4908/ZN (XNOR2_X1)                                   0.0611     1.0628 f
  U1962/ZN (OAI211_X1)                                  0.0434     1.1062 r
  U1592/ZN (AND2_X1)                                    0.0518     1.1580 r
  U7524/ZN (AND2_X1)                                    0.0494     1.2074 r
  U8461/ZN (NAND2_X1)                                   0.0341     1.2415 f
  U8462/ZN (OR2_X2)                                     0.0913     1.3328 f
  U1116/ZN (INV_X4)                                     0.1421     1.4749 r
  DP_i_U4/ZN (OAI22_X1)                                 0.0626     1.5375 f
  DP_i_U5/ZN (INV_X1)                                   0.0343     1.5718 r
  DP_i_decode_i_exc_cause_i_Y_reg_1_/D (DFF_X1)         0.0110     1.5828 r
  data arrival time                                                1.5828

  clock CLK (rise edge)                                 1.6000     1.6000
  clock network delay (ideal)                           0.0500     1.6500
  clock uncertainty                                    -0.0500     1.6000
  DP_i_decode_i_exc_cause_i_Y_reg_1_/CK (DFF_X1)        0.0000     1.6000 r
  library setup time                                   -0.0272     1.5728
  data required time                                               1.5728
  --------------------------------------------------------------------------
  data required time                                               1.5728
  data arrival time                                               -1.5828
  --------------------------------------------------------------------------
  slack (VIOLATED)                                                -0.0100


  Startpoint: DP_i_mem_access_i_rd_out_reg_i_Y_reg_1_
              (rising edge-triggered flip-flop clocked by CLK)
  Endpoint: DP_i_decode_i_exc_cause_i_Y_reg_1_
            (rising edge-triggered flip-flop clocked by CLK)
  Path Group: REG2REG
  Path Type: max

  Des/Clust/Port     Wire Load Model       Library
  ------------------------------------------------
  DLX                5K_hvratio_1_4        NangateOpenCellLibrary

  Point                                                   Incr       Path
  --------------------------------------------------------------------------
  clock CLK (rise edge)                                 0.0000     0.0000
  clock network delay (ideal)                           0.0500     0.0500
  DP_i_mem_access_i_rd_out_reg_i_Y_reg_1_/CK (DFF_X1)   0.0000     0.0500 r
  DP_i_mem_access_i_rd_out_reg_i_Y_reg_1_/Q (DFF_X1)    0.1095     0.1595 f
  DP_i_decode_i_reg_file_i/addr_w[1] (register_file)    0.0000     0.1595 f
  DP_i_decode_i_reg_file_i/U81/ZN (INV_X1)              0.0709     0.2303 r
  DP_i_decode_i_reg_file_i/U137/ZN (OAI22_X1)           0.0545     0.2848 f
  DP_i_decode_i_reg_file_i/U80/ZN (NOR3_X1)             0.0686     0.3535 r
  DP_i_decode_i_reg_file_i/U128/ZN (AND3_X2)            0.0688     0.4223 r
  DP_i_decode_i_reg_file_i/U149/ZN (NOR2_X1)            0.0398     0.4620 f
  DP_i_decode_i_reg_file_i/U127/ZN (NAND2_X2)           0.0731     0.5351 r
  DP_i_decode_i_reg_file_i/U177/ZN (NOR2_X1)            0.0540     0.5891 f
  DP_i_decode_i_reg_file_i/U51/Z (BUF_X2)               0.0604     0.6495 f
  DP_i_decode_i_reg_file_i/U1625/ZN (AOI22_X1)          0.0764     0.7259 r
  DP_i_decode_i_reg_file_i/U1628/ZN (NAND4_X1)          0.0444     0.7703 f
  DP_i_decode_i_reg_file_i/U1635/ZN (OR4_X1)            0.1236     0.8938 f
  DP_i_decode_i_reg_file_i/zero_rf1_out (register_file)
                                                        0.0000     0.8938 f
  U4906/ZN (NAND2_X1)                                   0.0336     0.9274 r
  U1912/ZN (AND2_X1)                                    0.0431     0.9705 r
  U1976/ZN (AOI21_X1)                                   0.0312     1.0017 f
  U4908/ZN (XNOR2_X1)                                   0.0611     1.0628 f
  U1962/ZN (OAI211_X1)                                  0.0434     1.1062 r
  U1592/ZN (AND2_X1)                                    0.0518     1.1580 r
  U7524/ZN (AND2_X1)                                    0.0494     1.2074 r
  U8461/ZN (NAND2_X1)                                   0.0341     1.2415 f
  U8462/ZN (OR2_X2)                                     0.0913     1.3328 f
  U1116/ZN (INV_X4)                                     0.1421     1.4749 r
  DP_i_U4/ZN (OAI22_X1)                                 0.0626     1.5375 f
  DP_i_U5/ZN (INV_X1)                                   0.0343     1.5718 r
  DP_i_decode_i_exc_cause_i_Y_reg_1_/D (DFF_X1)         0.0110     1.5827 r
  data arrival time                                                1.5827

  clock CLK (rise edge)                                 1.6000     1.6000
  clock network delay (ideal)                           0.0500     1.6500
  clock uncertainty                                    -0.0500     1.6000
  DP_i_decode_i_exc_cause_i_Y_reg_1_/CK (DFF_X1)        0.0000     1.6000 r
  library setup time                                   -0.0272     1.5728
  data required time                                               1.5728
  --------------------------------------------------------------------------
  data required time                                               1.5728
  data arrival time                                               -1.5827
  --------------------------------------------------------------------------
  slack (VIOLATED)                                                -0.0100


  Startpoint: DP_i_fetch_i_IR_out_reg_25_
              (rising edge-triggered flip-flop clocked by CLK)
  Endpoint: DP_i_fetch_i_IR_out_reg_11_
            (rising edge-triggered flip-flop clocked by CLK)
  Path Group: REG2REG
  Path Type: max

  Des/Clust/Port     Wire Load Model       Library
  ------------------------------------------------
  DLX                5K_hvratio_1_4        NangateOpenCellLibrary

  Point                                                   Incr       Path
  --------------------------------------------------------------------------
  clock CLK (rise edge)                                 0.0000     0.0000
  clock network delay (ideal)                           0.0500     0.0500
  DP_i_fetch_i_IR_out_reg_25_/CK (DFF_X2)               0.0000     0.0500 r
  DP_i_fetch_i_IR_out_reg_25_/Q (DFF_X2)                0.1460     0.1960 r
  DP_i_decode_i_reg_file_i/addr_rs1[4] (register_file)
                                                        0.0000     0.1960 r
  DP_i_decode_i_reg_file_i/U136/ZN (INV_X1)             0.0543     0.2504 f
  DP_i_decode_i_reg_file_i/U79/ZN (AND2_X1)             0.0434     0.2938 f
  DP_i_decode_i_reg_file_i/U80/ZN (NOR3_X1)             0.0597     0.3535 r
  DP_i_decode_i_reg_file_i/U128/ZN (AND3_X2)            0.0688     0.4223 r
  DP_i_decode_i_reg_file_i/U149/ZN (NOR2_X1)            0.0398     0.4621 f
  DP_i_decode_i_reg_file_i/U127/ZN (NAND2_X2)           0.0731     0.5351 r
  DP_i_decode_i_reg_file_i/U171/ZN (NOR2_X1)            0.0526     0.5877 f
  DP_i_decode_i_reg_file_i/U1074/Z (BUF_X1)             0.0705     0.6582 f
  DP_i_decode_i_reg_file_i/U1075/ZN (AOI22_X1)          0.0718     0.7300 r
  DP_i_decode_i_reg_file_i/U1079/ZN (NAND4_X1)          0.0481     0.7781 f
  DP_i_decode_i_reg_file_i/U125/ZN (OR4_X2)             0.1226     0.9007 f
  DP_i_decode_i_reg_file_i/output1[24] (register_file)
                                                        0.0000     0.9007 f
  U5064/ZN (NAND2_X1)                                   0.0345     0.9352 r
  U5065/ZN (AND2_X1)                                    0.0503     0.9855 r
  U5066/ZN (XNOR2_X1)                                   0.0590     1.0446 r
  U5074/ZN (AND4_X1)                                    0.0639     1.1085 r
  U5090/ZN (AND4_X1)                                    0.0673     1.1758 r
  U5091/ZN (AOI21_X1)                                   0.0293     1.2051 f
  U5092/ZN (OR2_X1)                                     0.0640     1.2690 f
  U2269/ZN (OAI21_X1)                                   0.0492     1.3183 r
  U7919/ZN (NAND2_X1)                                   0.0352     1.3535 f
  U7922/ZN (OR2_X2)                                     0.1043     1.4577 f
  U7950/ZN (OR2_X1)                                     0.0885     1.5463 f
  U7951/ZN (INV_X1)                                     0.0262     1.5725 r
  DP_i_fetch_i_IR_out_reg_11_/D (DFF_X1)                0.0110     1.5835 r
  data arrival time                                                1.5835

  clock CLK (rise edge)                                 1.6000     1.6000
  clock network delay (ideal)                           0.0500     1.6500
  clock uncertainty                                    -0.0500     1.6000
  DP_i_fetch_i_IR_out_reg_11_/CK (DFF_X1)               0.0000     1.6000 r
  library setup time                                   -0.0262     1.5738
  data required time                                               1.5738
  --------------------------------------------------------------------------
  data required time                                               1.5738
  data arrival time                                               -1.5835
  --------------------------------------------------------------------------
  slack (VIOLATED)                                                -0.0096


  Startpoint: DP_i_fetch_i_IR_out_reg_25_
              (rising edge-triggered flip-flop clocked by CLK)
  Endpoint: DP_i_fetch_i_IR_out_reg_10_
            (rising edge-triggered flip-flop clocked by CLK)
  Path Group: REG2REG
  Path Type: max

  Des/Clust/Port     Wire Load Model       Library
  ------------------------------------------------
  DLX                5K_hvratio_1_4        NangateOpenCellLibrary

  Point                                                   Incr       Path
  --------------------------------------------------------------------------
  clock CLK (rise edge)                                 0.0000     0.0000
  clock network delay (ideal)                           0.0500     0.0500
  DP_i_fetch_i_IR_out_reg_25_/CK (DFF_X2)               0.0000     0.0500 r
  DP_i_fetch_i_IR_out_reg_25_/Q (DFF_X2)                0.1460     0.1960 r
  DP_i_decode_i_reg_file_i/addr_rs1[4] (register_file)
                                                        0.0000     0.1960 r
  DP_i_decode_i_reg_file_i/U136/ZN (INV_X1)             0.0543     0.2504 f
  DP_i_decode_i_reg_file_i/U79/ZN (AND2_X1)             0.0434     0.2938 f
  DP_i_decode_i_reg_file_i/U80/ZN (NOR3_X1)             0.0597     0.3535 r
  DP_i_decode_i_reg_file_i/U128/ZN (AND3_X2)            0.0688     0.4223 r
  DP_i_decode_i_reg_file_i/U149/ZN (NOR2_X1)            0.0398     0.4621 f
  DP_i_decode_i_reg_file_i/U127/ZN (NAND2_X2)           0.0731     0.5351 r
  DP_i_decode_i_reg_file_i/U171/ZN (NOR2_X1)            0.0526     0.5877 f
  DP_i_decode_i_reg_file_i/U1074/Z (BUF_X1)             0.0705     0.6582 f
  DP_i_decode_i_reg_file_i/U1075/ZN (AOI22_X1)          0.0718     0.7300 r
  DP_i_decode_i_reg_file_i/U1079/ZN (NAND4_X1)          0.0481     0.7781 f
  DP_i_decode_i_reg_file_i/U125/ZN (OR4_X2)             0.1226     0.9007 f
  DP_i_decode_i_reg_file_i/output1[24] (register_file)
                                                        0.0000     0.9007 f
  U5064/ZN (NAND2_X1)                                   0.0345     0.9352 r
  U5065/ZN (AND2_X1)                                    0.0503     0.9855 r
  U5066/ZN (XNOR2_X1)                                   0.0590     1.0446 r
  U5074/ZN (AND4_X1)                                    0.0639     1.1085 r
  U5090/ZN (AND4_X1)                                    0.0673     1.1758 r
  U5091/ZN (AOI21_X1)                                   0.0293     1.2051 f
  U5092/ZN (OR2_X1)                                     0.0640     1.2690 f
  U2269/ZN (OAI21_X1)                                   0.0492     1.3183 r
  U7919/ZN (NAND2_X1)                                   0.0352     1.3535 f
  U7922/ZN (OR2_X2)                                     0.1043     1.4577 f
  U8031/ZN (OR2_X1)                                     0.0885     1.5463 f
  U8032/ZN (INV_X1)                                     0.0262     1.5725 r
  DP_i_fetch_i_IR_out_reg_10_/D (DFF_X1)                0.0110     1.5835 r
  data arrival time                                                1.5835

  clock CLK (rise edge)                                 1.6000     1.6000
  clock network delay (ideal)                           0.0500     1.6500
  clock uncertainty                                    -0.0500     1.6000
  DP_i_fetch_i_IR_out_reg_10_/CK (DFF_X1)               0.0000     1.6000 r
  library setup time                                   -0.0262     1.5738
  data required time                                               1.5738
  --------------------------------------------------------------------------
  data required time                                               1.5738
  data arrival time                                               -1.5835
  --------------------------------------------------------------------------
  slack (VIOLATED)                                                -0.0096


  Startpoint: DP_i_fetch_i_IR_out_reg_25_
              (rising edge-triggered flip-flop clocked by CLK)
  Endpoint: DP_i_fetch_i_IR_out_reg_5_
            (rising edge-triggered flip-flop clocked by CLK)
  Path Group: REG2REG
  Path Type: max

  Des/Clust/Port     Wire Load Model       Library
  ------------------------------------------------
  DLX                5K_hvratio_1_4        NangateOpenCellLibrary

  Point                                                   Incr       Path
  --------------------------------------------------------------------------
  clock CLK (rise edge)                                 0.0000     0.0000
  clock network delay (ideal)                           0.0500     0.0500
  DP_i_fetch_i_IR_out_reg_25_/CK (DFF_X2)               0.0000     0.0500 r
  DP_i_fetch_i_IR_out_reg_25_/Q (DFF_X2)                0.1460     0.1960 r
  DP_i_decode_i_reg_file_i/addr_rs1[4] (register_file)
                                                        0.0000     0.1960 r
  DP_i_decode_i_reg_file_i/U136/ZN (INV_X1)             0.0543     0.2504 f
  DP_i_decode_i_reg_file_i/U79/ZN (AND2_X1)             0.0434     0.2938 f
  DP_i_decode_i_reg_file_i/U80/ZN (NOR3_X1)             0.0597     0.3535 r
  DP_i_decode_i_reg_file_i/U128/ZN (AND3_X2)            0.0688     0.4223 r
  DP_i_decode_i_reg_file_i/U149/ZN (NOR2_X1)            0.0398     0.4621 f
  DP_i_decode_i_reg_file_i/U127/ZN (NAND2_X2)           0.0731     0.5351 r
  DP_i_decode_i_reg_file_i/U171/ZN (NOR2_X1)            0.0526     0.5877 f
  DP_i_decode_i_reg_file_i/U1074/Z (BUF_X1)             0.0705     0.6582 f
  DP_i_decode_i_reg_file_i/U1075/ZN (AOI22_X1)          0.0718     0.7300 r
  DP_i_decode_i_reg_file_i/U1079/ZN (NAND4_X1)          0.0481     0.7781 f
  DP_i_decode_i_reg_file_i/U125/ZN (OR4_X2)             0.1226     0.9007 f
  DP_i_decode_i_reg_file_i/output1[24] (register_file)
                                                        0.0000     0.9007 f
  U5064/ZN (NAND2_X1)                                   0.0345     0.9352 r
  U5065/ZN (AND2_X1)                                    0.0503     0.9855 r
  U5066/ZN (XNOR2_X1)                                   0.0590     1.0446 r
  U5074/ZN (AND4_X1)                                    0.0639     1.1085 r
  U5090/ZN (AND4_X1)                                    0.0673     1.1758 r
  U5091/ZN (AOI21_X1)                                   0.0293     1.2051 f
  U5092/ZN (OR2_X1)                                     0.0640     1.2690 f
  U2269/ZN (OAI21_X1)                                   0.0492     1.3183 r
  U7919/ZN (NAND2_X1)                                   0.0352     1.3535 f
  U7922/ZN (OR2_X2)                                     0.1043     1.4577 f
  U7925/ZN (OR2_X1)                                     0.0885     1.5463 f
  U7926/ZN (INV_X1)                                     0.0262     1.5725 r
  DP_i_fetch_i_IR_out_reg_5_/D (DFF_X1)                 0.0110     1.5835 r
  data arrival time                                                1.5835

  clock CLK (rise edge)                                 1.6000     1.6000
  clock network delay (ideal)                           0.0500     1.6500
  clock uncertainty                                    -0.0500     1.6000
  DP_i_fetch_i_IR_out_reg_5_/CK (DFF_X1)                0.0000     1.6000 r
  library setup time                                   -0.0262     1.5738
  data required time                                               1.5738
  --------------------------------------------------------------------------
  data required time                                               1.5738
  data arrival time                                               -1.5835
  --------------------------------------------------------------------------
  slack (VIOLATED)                                                -0.0096


  Startpoint: DP_i_fetch_i_IR_out_reg_25_
              (rising edge-triggered flip-flop clocked by CLK)
  Endpoint: DP_i_fetch_i_IR_out_reg_3_
            (rising edge-triggered flip-flop clocked by CLK)
  Path Group: REG2REG
  Path Type: max

  Des/Clust/Port     Wire Load Model       Library
  ------------------------------------------------
  DLX                5K_hvratio_1_4        NangateOpenCellLibrary

  Point                                                   Incr       Path
  --------------------------------------------------------------------------
  clock CLK (rise edge)                                 0.0000     0.0000
  clock network delay (ideal)                           0.0500     0.0500
  DP_i_fetch_i_IR_out_reg_25_/CK (DFF_X2)               0.0000     0.0500 r
  DP_i_fetch_i_IR_out_reg_25_/Q (DFF_X2)                0.1460     0.1960 r
  DP_i_decode_i_reg_file_i/addr_rs1[4] (register_file)
                                                        0.0000     0.1960 r
  DP_i_decode_i_reg_file_i/U136/ZN (INV_X1)             0.0543     0.2504 f
  DP_i_decode_i_reg_file_i/U79/ZN (AND2_X1)             0.0434     0.2938 f
  DP_i_decode_i_reg_file_i/U80/ZN (NOR3_X1)             0.0597     0.3535 r
  DP_i_decode_i_reg_file_i/U128/ZN (AND3_X2)            0.0688     0.4223 r
  DP_i_decode_i_reg_file_i/U149/ZN (NOR2_X1)            0.0398     0.4621 f
  DP_i_decode_i_reg_file_i/U127/ZN (NAND2_X2)           0.0731     0.5351 r
  DP_i_decode_i_reg_file_i/U171/ZN (NOR2_X1)            0.0526     0.5877 f
  DP_i_decode_i_reg_file_i/U1074/Z (BUF_X1)             0.0705     0.6582 f
  DP_i_decode_i_reg_file_i/U1075/ZN (AOI22_X1)          0.0718     0.7300 r
  DP_i_decode_i_reg_file_i/U1079/ZN (NAND4_X1)          0.0481     0.7781 f
  DP_i_decode_i_reg_file_i/U125/ZN (OR4_X2)             0.1226     0.9007 f
  DP_i_decode_i_reg_file_i/output1[24] (register_file)
                                                        0.0000     0.9007 f
  U5064/ZN (NAND2_X1)                                   0.0345     0.9352 r
  U5065/ZN (AND2_X1)                                    0.0503     0.9855 r
  U5066/ZN (XNOR2_X1)                                   0.0590     1.0446 r
  U5074/ZN (AND4_X1)                                    0.0639     1.1085 r
  U5090/ZN (AND4_X1)                                    0.0673     1.1758 r
  U5091/ZN (AOI21_X1)                                   0.0293     1.2051 f
  U5092/ZN (OR2_X1)                                     0.0640     1.2690 f
  U2269/ZN (OAI21_X1)                                   0.0492     1.3183 r
  U7919/ZN (NAND2_X1)                                   0.0352     1.3535 f
  U7922/ZN (OR2_X2)                                     0.1043     1.4577 f
  U8016/ZN (OR2_X1)                                     0.0885     1.5463 f
  U7901/ZN (INV_X1)                                     0.0262     1.5725 r
  DP_i_fetch_i_IR_out_reg_3_/D (DFF_X1)                 0.0110     1.5835 r
  data arrival time                                                1.5835

  clock CLK (rise edge)                                 1.6000     1.6000
  clock network delay (ideal)                           0.0500     1.6500
  clock uncertainty                                    -0.0500     1.6000
  DP_i_fetch_i_IR_out_reg_3_/CK (DFF_X1)                0.0000     1.6000 r
  library setup time                                   -0.0262     1.5738
  data required time                                               1.5738
  --------------------------------------------------------------------------
  data required time                                               1.5738
  data arrival time                                               -1.5835
  --------------------------------------------------------------------------
  slack (VIOLATED)                                                -0.0096


  Startpoint: DP_i_fetch_i_IR_out_reg_25_
              (rising edge-triggered flip-flop clocked by CLK)
  Endpoint: DP_i_fetch_i_IR_out_reg_0_
            (rising edge-triggered flip-flop clocked by CLK)
  Path Group: REG2REG
  Path Type: max

  Des/Clust/Port     Wire Load Model       Library
  ------------------------------------------------
  DLX                5K_hvratio_1_4        NangateOpenCellLibrary

  Point                                                   Incr       Path
  --------------------------------------------------------------------------
  clock CLK (rise edge)                                 0.0000     0.0000
  clock network delay (ideal)                           0.0500     0.0500
  DP_i_fetch_i_IR_out_reg_25_/CK (DFF_X2)               0.0000     0.0500 r
  DP_i_fetch_i_IR_out_reg_25_/Q (DFF_X2)                0.1460     0.1960 r
  DP_i_decode_i_reg_file_i/addr_rs1[4] (register_file)
                                                        0.0000     0.1960 r
  DP_i_decode_i_reg_file_i/U136/ZN (INV_X1)             0.0543     0.2504 f
  DP_i_decode_i_reg_file_i/U79/ZN (AND2_X1)             0.0434     0.2938 f
  DP_i_decode_i_reg_file_i/U80/ZN (NOR3_X1)             0.0597     0.3535 r
  DP_i_decode_i_reg_file_i/U128/ZN (AND3_X2)            0.0688     0.4223 r
  DP_i_decode_i_reg_file_i/U149/ZN (NOR2_X1)            0.0398     0.4621 f
  DP_i_decode_i_reg_file_i/U127/ZN (NAND2_X2)           0.0731     0.5351 r
  DP_i_decode_i_reg_file_i/U171/ZN (NOR2_X1)            0.0526     0.5877 f
  DP_i_decode_i_reg_file_i/U1074/Z (BUF_X1)             0.0705     0.6582 f
  DP_i_decode_i_reg_file_i/U1075/ZN (AOI22_X1)          0.0718     0.7300 r
  DP_i_decode_i_reg_file_i/U1079/ZN (NAND4_X1)          0.0481     0.7781 f
  DP_i_decode_i_reg_file_i/U125/ZN (OR4_X2)             0.1226     0.9007 f
  DP_i_decode_i_reg_file_i/output1[24] (register_file)
                                                        0.0000     0.9007 f
  U5064/ZN (NAND2_X1)                                   0.0345     0.9352 r
  U5065/ZN (AND2_X1)                                    0.0503     0.9855 r
  U5066/ZN (XNOR2_X1)                                   0.0590     1.0446 r
  U5074/ZN (AND4_X1)                                    0.0639     1.1085 r
  U5090/ZN (AND4_X1)                                    0.0673     1.1758 r
  U5091/ZN (AOI21_X1)                                   0.0293     1.2051 f
  U5092/ZN (OR2_X1)                                     0.0640     1.2690 f
  U2269/ZN (OAI21_X1)                                   0.0492     1.3183 r
  U7919/ZN (NAND2_X1)                                   0.0352     1.3535 f
  U7922/ZN (OR2_X2)                                     0.1043     1.4577 f
  U7930/ZN (OR2_X1)                                     0.0885     1.5463 f
  U7931/ZN (INV_X1)                                     0.0262     1.5725 r
  DP_i_fetch_i_IR_out_reg_0_/D (DFF_X1)                 0.0110     1.5835 r
  data arrival time                                                1.5835

  clock CLK (rise edge)                                 1.6000     1.6000
  clock network delay (ideal)                           0.0500     1.6500
  clock uncertainty                                    -0.0500     1.6000
  DP_i_fetch_i_IR_out_reg_0_/CK (DFF_X1)                0.0000     1.6000 r
  library setup time                                   -0.0262     1.5738
  data required time                                               1.5738
  --------------------------------------------------------------------------
  data required time                                               1.5738
  data arrival time                                               -1.5835
  --------------------------------------------------------------------------
  slack (VIOLATED)                                                -0.0096


  Startpoint: DP_i_fetch_i_IR_out_reg_25_
              (rising edge-triggered flip-flop clocked by CLK)
  Endpoint: DP_i_fetch_i_IR_out_reg_4_
            (rising edge-triggered flip-flop clocked by CLK)
  Path Group: REG2REG
  Path Type: max

  Des/Clust/Port     Wire Load Model       Library
  ------------------------------------------------
  DLX                5K_hvratio_1_4        NangateOpenCellLibrary

  Point                                                   Incr       Path
  --------------------------------------------------------------------------
  clock CLK (rise edge)                                 0.0000     0.0000
  clock network delay (ideal)                           0.0500     0.0500
  DP_i_fetch_i_IR_out_reg_25_/CK (DFF_X2)               0.0000     0.0500 r
  DP_i_fetch_i_IR_out_reg_25_/Q (DFF_X2)                0.1460     0.1960 r
  DP_i_decode_i_reg_file_i/addr_rs1[4] (register_file)
                                                        0.0000     0.1960 r
  DP_i_decode_i_reg_file_i/U136/ZN (INV_X1)             0.0543     0.2504 f
  DP_i_decode_i_reg_file_i/U79/ZN (AND2_X1)             0.0434     0.2938 f
  DP_i_decode_i_reg_file_i/U80/ZN (NOR3_X1)             0.0597     0.3535 r
  DP_i_decode_i_reg_file_i/U128/ZN (AND3_X2)            0.0688     0.4223 r
  DP_i_decode_i_reg_file_i/U149/ZN (NOR2_X1)            0.0398     0.4621 f
  DP_i_decode_i_reg_file_i/U127/ZN (NAND2_X2)           0.0731     0.5351 r
  DP_i_decode_i_reg_file_i/U171/ZN (NOR2_X1)            0.0526     0.5877 f
  DP_i_decode_i_reg_file_i/U1074/Z (BUF_X1)             0.0705     0.6582 f
  DP_i_decode_i_reg_file_i/U1075/ZN (AOI22_X1)          0.0718     0.7300 r
  DP_i_decode_i_reg_file_i/U1079/ZN (NAND4_X1)          0.0481     0.7781 f
  DP_i_decode_i_reg_file_i/U125/ZN (OR4_X2)             0.1226     0.9007 f
  DP_i_decode_i_reg_file_i/output1[24] (register_file)
                                                        0.0000     0.9007 f
  U5064/ZN (NAND2_X1)                                   0.0345     0.9352 r
  U5065/ZN (AND2_X1)                                    0.0503     0.9855 r
  U5066/ZN (XNOR2_X1)                                   0.0590     1.0446 r
  U5074/ZN (AND4_X1)                                    0.0639     1.1085 r
  U5090/ZN (AND4_X1)                                    0.0673     1.1758 r
  U5091/ZN (AOI21_X1)                                   0.0293     1.2051 f
  U5092/ZN (OR2_X1)                                     0.0640     1.2690 f
  U2269/ZN (OAI21_X1)                                   0.0492     1.3183 r
  U7919/ZN (NAND2_X1)                                   0.0352     1.3535 f
  U7922/ZN (OR2_X2)                                     0.1043     1.4577 f
  U8007/ZN (OR2_X1)                                     0.0885     1.5463 f
  U8008/ZN (INV_X1)                                     0.0262     1.5725 r
  DP_i_fetch_i_IR_out_reg_4_/D (DFF_X1)                 0.0110     1.5835 r
  data arrival time                                                1.5835

  clock CLK (rise edge)                                 1.6000     1.6000
  clock network delay (ideal)                           0.0500     1.6500
  clock uncertainty                                    -0.0500     1.6000
  DP_i_fetch_i_IR_out_reg_4_/CK (DFF_X1)                0.0000     1.6000 r
  library setup time                                   -0.0262     1.5738
  data required time                                               1.5738
  --------------------------------------------------------------------------
  data required time                                               1.5738
  data arrival time                                               -1.5835
  --------------------------------------------------------------------------
  slack (VIOLATED)                                                -0.0096


1
