 
****************************************
Report : timing
        -path full
        -delay max
        -nworst 2
        -max_paths 10
Design : DLX
Version: W-2024.09-SP2
Date   : Tue Sep 29 12:41:12 2026
****************************************

Operating Conditions: typical   Library: NangateOpenCellLibrary
Wire Load Model Mode: top

  Startpoint: DP_i_fetch_i_IR_out_reg_28_
              (rising edge-triggered flip-flop clocked by CLK)
  Endpoint: DP_i_fetch_i_pc_i_clk_gate_Y_reg/latch
            (gating element for clock CLK)
  Path Group: CLK
  Path Type: max

  Des/Clust/Port     Wire Load Model       Library
  ------------------------------------------------
  DLX                5K_hvratio_1_4        NangateOpenCellLibrary

  Point                                                   Incr       Path
  --------------------------------------------------------------------------
  clock CLK (rise edge)                                 0.0000     0.0000
  clock network delay (ideal)                           0.0500     0.0500
  DP_i_fetch_i_IR_out_reg_28_/CK (DFF_X1)               0.0000     0.0500 r
  DP_i_fetch_i_IR_out_reg_28_/QN (DFF_X1)               0.0780     0.1280 r
  U3631/ZN (INV_X1)                                     0.0254     0.1534 f
  U3632/ZN (NOR2_X1)                                    0.0435     0.1969 r
  U3633/ZN (NAND2_X1)                                   0.0323     0.2292 f
  U1099/ZN (OR2_X2)                                     0.0645     0.2937 f
  U823/Z (BUF_X2)                                       0.0510     0.3447 f
  U5236/ZN (AND2_X1)                                    0.0451     0.3898 f
  U5237/ZN (NAND2_X1)                                   0.0303     0.4201 r
  U1363/ZN (AND2_X2)                                    0.0545     0.4746 r
  U1070/ZN (AND3_X1)                                    0.0599     0.5345 r
  U5245/ZN (NAND2_X1)                                   0.0322     0.5667 f
  U2882/ZN (NAND2_X1)                                   0.0347     0.6014 r
  U1096/ZN (OR2_X2)                                     0.0457     0.6471 r
  U5339/ZN (NAND2_X1)                                   0.0403     0.6874 f
  U3457/ZN (INV_X1)                                     0.0336     0.7211 r
  U1098/ZN (OR2_X2)                                     0.0392     0.7603 r
  U1094/Z (XOR2_X1)                                     0.0652     0.8255 r
  U1092/ZN (AND2_X1)                                    0.0429     0.8683 r
  U3281/ZN (AND4_X1)                                    0.0646     0.9329 r
  U2906/ZN (AND4_X1)                                    0.0701     1.0031 r
  U1065/ZN (AND4_X1)                                    0.0638     1.0668 r
  U1077/ZN (AND4_X1)                                    0.0575     1.1243 r
  U1448/ZN (AND3_X1)                                    0.0505     1.1748 r
  U2526/ZN (NAND4_X1)                                   0.0428     1.2177 f
  U962/ZN (NAND2_X1)                                    0.0331     1.2508 r
  U961/ZN (NAND2_X1)                                    0.0258     1.2766 f
  DP_i_fetch_i_pc_i_clk_gate_Y_reg/EN (SNPS_CLOCK_GATE_HIGH_data_reg_NBIT30_2_2)
                                                        0.0000     1.2766 f
  DP_i_fetch_i_pc_i_clk_gate_Y_reg/latch/E (CLKGATETST_X1)
                                                        0.0088     1.2854 f
  data arrival time                                                1.2854

  clock CLK (rise edge)                                 1.3500     1.3500
  clock network delay (ideal)                           0.0500     1.4000
  clock uncertainty                                    -0.0500     1.3500
  DP_i_fetch_i_pc_i_clk_gate_Y_reg/latch/CK (CLKGATETST_X1)
                                                        0.0000     1.3500 r
  clock gating setup time                              -0.0623     1.2877
  data required time                                               1.2877
  --------------------------------------------------------------------------
  data required time                                               1.2877
  data arrival time                                               -1.2854
  --------------------------------------------------------------------------
  slack (MET)                                                      0.0023


  Startpoint: DP_i_fetch_i_IR_out_reg_28_
              (rising edge-triggered flip-flop clocked by CLK)
  Endpoint: DP_i_fetch_i_pc_i_clk_gate_Y_reg/latch
            (gating element for clock CLK)
  Path Group: CLK
  Path Type: max

  Des/Clust/Port     Wire Load Model       Library
  ------------------------------------------------
  DLX                5K_hvratio_1_4        NangateOpenCellLibrary

  Point                                                   Incr       Path
  --------------------------------------------------------------------------
  clock CLK (rise edge)                                 0.0000     0.0000
  clock network delay (ideal)                           0.0500     0.0500
  DP_i_fetch_i_IR_out_reg_28_/CK (DFF_X1)               0.0000     0.0500 r
  DP_i_fetch_i_IR_out_reg_28_/QN (DFF_X1)               0.0780     0.1280 r
  U3631/ZN (INV_X1)                                     0.0254     0.1534 f
  U3632/ZN (NOR2_X1)                                    0.0435     0.1969 r
  U3633/ZN (NAND2_X1)                                   0.0323     0.2292 f
  U1099/ZN (OR2_X2)                                     0.0645     0.2937 f
  U1384/Z (BUF_X1)                                      0.0560     0.3497 f
  U5231/ZN (NAND2_X1)                                   0.0453     0.3949 r
  U5244/ZN (NAND2_X1)                                   0.0334     0.4284 f
  U1563/ZN (AND2_X1)                                    0.0455     0.4739 f
  U5252/ZN (AOI22_X1)                                   0.0725     0.5464 r
  U2882/ZN (NAND2_X1)                                   0.0388     0.5852 f
  U1096/ZN (OR2_X2)                                     0.0668     0.6520 f
  U5339/ZN (NAND2_X1)                                   0.0445     0.6965 r
  U3457/ZN (INV_X1)                                     0.0277     0.7243 f
  U1098/ZN (OR2_X2)                                     0.0557     0.7800 f
  U1094/Z (XOR2_X1)                                     0.0448     0.8247 r
  U1092/ZN (AND2_X1)                                    0.0429     0.8676 r
  U3281/ZN (AND4_X1)                                    0.0646     0.9322 r
  U2906/ZN (AND4_X1)                                    0.0701     1.0023 r
  U1065/ZN (AND4_X1)                                    0.0638     1.0661 r
  U1077/ZN (AND4_X1)                                    0.0575     1.1236 r
  U1448/ZN (AND3_X1)                                    0.0505     1.1741 r
  U2526/ZN (NAND4_X1)                                   0.0428     1.2169 f
  U962/ZN (NAND2_X1)                                    0.0331     1.2500 r
  U961/ZN (NAND2_X1)                                    0.0258     1.2759 f
  DP_i_fetch_i_pc_i_clk_gate_Y_reg/EN (SNPS_CLOCK_GATE_HIGH_data_reg_NBIT30_2_2)
                                                        0.0000     1.2759 f
  DP_i_fetch_i_pc_i_clk_gate_Y_reg/latch/E (CLKGATETST_X1)
                                                        0.0088     1.2847 f
  data arrival time                                                1.2847

  clock CLK (rise edge)                                 1.3500     1.3500
  clock network delay (ideal)                           0.0500     1.4000
  clock uncertainty                                    -0.0500     1.3500
  DP_i_fetch_i_pc_i_clk_gate_Y_reg/latch/CK (CLKGATETST_X1)
                                                        0.0000     1.3500 r
  clock gating setup time                              -0.0623     1.2877
  data required time                                               1.2877
  --------------------------------------------------------------------------
  data required time                                               1.2877
  data arrival time                                               -1.2847
  --------------------------------------------------------------------------
  slack (MET)                                                      0.0030


  Startpoint: DP_i_fetch_i_btb_update_latch_i_pc_branch_out_reg_3_
              (rising edge-triggered flip-flop clocked by CLK)
  Endpoint: DP_i_fetch_i_btb_i/clk_gate_btb_table_reg_0__TARGET_/latch
            (gating element for clock CLK)
  Path Group: CLK
  Path Type: max

  Des/Clust/Port     Wire Load Model       Library
  ------------------------------------------------
  DLX                5K_hvratio_1_4        NangateOpenCellLibrary

  Point                                                   Incr       Path
  --------------------------------------------------------------------------
  clock CLK (rise edge)                                 0.0000     0.0000
  clock network delay (ideal)                           0.0500     0.0500
  DP_i_fetch_i_btb_update_latch_i_pc_branch_out_reg_3_/CK (DFF_X2)
                                                        0.0000     0.0500 r
  DP_i_fetch_i_btb_update_latch_i_pc_branch_out_reg_3_/Q (DFF_X2)
                                                        0.1525     0.2025 r
  DP_i_fetch_i_btb_i/pc_branch[3] (BTB_NBIT32_BTB_DEPTH16_BTB_INDEX_MSB5)
                                                        0.0000     0.2025 r
  DP_i_fetch_i_btb_i/U188/ZN (INV_X1)                   0.0770     0.2795 f
  DP_i_fetch_i_btb_i/U139/ZN (NOR2_X2)                  0.0966     0.3761 r
  DP_i_fetch_i_btb_i/U886/ZN (NAND2_X1)                 0.0452     0.4213 f
  DP_i_fetch_i_btb_i/U377/ZN (INV_X1)                   0.0374     0.4588 r
  DP_i_fetch_i_btb_i/U165/Z (BUF_X2)                    0.0899     0.5487 r
  DP_i_fetch_i_btb_i/U1024/ZN (AOI22_X1)                0.0683     0.6170 f
  DP_i_fetch_i_btb_i/U1027/ZN (NAND4_X1)                0.0427     0.6597 r
  DP_i_fetch_i_btb_i/U1033/ZN (NOR2_X1)                 0.0295     0.6892 f
  DP_i_fetch_i_btb_i/U1034/ZN (AOI22_X1)                0.0620     0.7512 r
  DP_i_fetch_i_btb_i/U1035/ZN (OAI221_X1)               0.0508     0.8020 f
  DP_i_fetch_i_btb_i/U1036/ZN (NOR4_X1)                 0.0935     0.8955 r
  DP_i_fetch_i_btb_i/U351/ZN (AND3_X1)                  0.0607     0.9562 r
  DP_i_fetch_i_btb_i/U356/ZN (NAND2_X1)                 0.0337     0.9899 f
  DP_i_fetch_i_btb_i/U1888/ZN (AND4_X2)                 0.0633     1.0532 f
  DP_i_fetch_i_btb_i/U492/ZN (NAND2_X1)                 0.0663     1.1195 r
  DP_i_fetch_i_btb_i/U495/ZN (INV_X1)                   0.0321     1.1516 f
  DP_i_fetch_i_btb_i/U496/ZN (AOI21_X1)                 0.0889     1.2404 r
  DP_i_fetch_i_btb_i/U497/ZN (NOR2_X1)                  0.0292     1.2696 f
  DP_i_fetch_i_btb_i/clk_gate_btb_table_reg_0__TARGET_/EN (SNPS_CLOCK_GATE_HIGH_BTB_NBIT32_BTB_DEPTH16_BTB_INDEX_MSB5_32)
                                                        0.0000     1.2696 f
  DP_i_fetch_i_btb_i/clk_gate_btb_table_reg_0__TARGET_/latch/E (CLKGATETST_X1)
                                                        0.0088     1.2784 f
  data arrival time                                                1.2784

  clock CLK (rise edge)                                 1.3500     1.3500
  clock network delay (ideal)                           0.0500     1.4000
  clock uncertainty                                    -0.0500     1.3500
  DP_i_fetch_i_btb_i/clk_gate_btb_table_reg_0__TARGET_/latch/CK (CLKGATETST_X1)
                                                        0.0000     1.3500 r
  clock gating setup time                              -0.0646     1.2854
  data required time                                               1.2854
  --------------------------------------------------------------------------
  data required time                                               1.2854
  data arrival time                                               -1.2784
  --------------------------------------------------------------------------
  slack (MET)                                                      0.0069


  Startpoint: DP_i_fetch_i_btb_update_latch_i_pc_branch_out_reg_3_
              (rising edge-triggered flip-flop clocked by CLK)
  Endpoint: DP_i_fetch_i_btb_i/clk_gate_btb_table_reg_1__TARGET_/latch
            (gating element for clock CLK)
  Path Group: CLK
  Path Type: max

  Des/Clust/Port     Wire Load Model       Library
  ------------------------------------------------
  DLX                5K_hvratio_1_4        NangateOpenCellLibrary

  Point                                                   Incr       Path
  --------------------------------------------------------------------------
  clock CLK (rise edge)                                 0.0000     0.0000
  clock network delay (ideal)                           0.0500     0.0500
  DP_i_fetch_i_btb_update_latch_i_pc_branch_out_reg_3_/CK (DFF_X2)
                                                        0.0000     0.0500 r
  DP_i_fetch_i_btb_update_latch_i_pc_branch_out_reg_3_/Q (DFF_X2)
                                                        0.1525     0.2025 r
  DP_i_fetch_i_btb_i/pc_branch[3] (BTB_NBIT32_BTB_DEPTH16_BTB_INDEX_MSB5)
                                                        0.0000     0.2025 r
  DP_i_fetch_i_btb_i/U188/ZN (INV_X1)                   0.0770     0.2795 f
  DP_i_fetch_i_btb_i/U139/ZN (NOR2_X2)                  0.0966     0.3761 r
  DP_i_fetch_i_btb_i/U886/ZN (NAND2_X1)                 0.0452     0.4213 f
  DP_i_fetch_i_btb_i/U377/ZN (INV_X1)                   0.0374     0.4588 r
  DP_i_fetch_i_btb_i/U165/Z (BUF_X2)                    0.0899     0.5487 r
  DP_i_fetch_i_btb_i/U1024/ZN (AOI22_X1)                0.0683     0.6170 f
  DP_i_fetch_i_btb_i/U1027/ZN (NAND4_X1)                0.0427     0.6597 r
  DP_i_fetch_i_btb_i/U1033/ZN (NOR2_X1)                 0.0295     0.6892 f
  DP_i_fetch_i_btb_i/U1034/ZN (AOI22_X1)                0.0620     0.7512 r
  DP_i_fetch_i_btb_i/U1035/ZN (OAI221_X1)               0.0508     0.8020 f
  DP_i_fetch_i_btb_i/U1036/ZN (NOR4_X1)                 0.0935     0.8955 r
  DP_i_fetch_i_btb_i/U351/ZN (AND3_X1)                  0.0607     0.9562 r
  DP_i_fetch_i_btb_i/U356/ZN (NAND2_X1)                 0.0337     0.9899 f
  DP_i_fetch_i_btb_i/U1888/ZN (AND4_X2)                 0.0633     1.0532 f
  DP_i_fetch_i_btb_i/U492/ZN (NAND2_X1)                 0.0663     1.1195 r
  DP_i_fetch_i_btb_i/U495/ZN (INV_X1)                   0.0321     1.1516 f
  DP_i_fetch_i_btb_i/U496/ZN (AOI21_X1)                 0.0889     1.2404 r
  DP_i_fetch_i_btb_i/U499/ZN (NOR2_X1)                  0.0292     1.2696 f
  DP_i_fetch_i_btb_i/clk_gate_btb_table_reg_1__TARGET_/EN (SNPS_CLOCK_GATE_HIGH_BTB_NBIT32_BTB_DEPTH16_BTB_INDEX_MSB5_30)
                                                        0.0000     1.2696 f
  DP_i_fetch_i_btb_i/clk_gate_btb_table_reg_1__TARGET_/latch/E (CLKGATETST_X1)
                                                        0.0088     1.2784 f
  data arrival time                                                1.2784

  clock CLK (rise edge)                                 1.3500     1.3500
  clock network delay (ideal)                           0.0500     1.4000
  clock uncertainty                                    -0.0500     1.3500
  DP_i_fetch_i_btb_i/clk_gate_btb_table_reg_1__TARGET_/latch/CK (CLKGATETST_X1)
                                                        0.0000     1.3500 r
  clock gating setup time                              -0.0646     1.2854
  data required time                                               1.2854
  --------------------------------------------------------------------------
  data required time                                               1.2854
  data arrival time                                               -1.2784
  --------------------------------------------------------------------------
  slack (MET)                                                      0.0069


  Startpoint: DP_i_fetch_i_btb_update_latch_i_pc_branch_out_reg_3_
              (rising edge-triggered flip-flop clocked by CLK)
  Endpoint: DP_i_fetch_i_btb_i/clk_gate_btb_table_reg_2__TARGET_/latch
            (gating element for clock CLK)
  Path Group: CLK
  Path Type: max

  Des/Clust/Port     Wire Load Model       Library
  ------------------------------------------------
  DLX                5K_hvratio_1_4        NangateOpenCellLibrary

  Point                                                   Incr       Path
  --------------------------------------------------------------------------
  clock CLK (rise edge)                                 0.0000     0.0000
  clock network delay (ideal)                           0.0500     0.0500
  DP_i_fetch_i_btb_update_latch_i_pc_branch_out_reg_3_/CK (DFF_X2)
                                                        0.0000     0.0500 r
  DP_i_fetch_i_btb_update_latch_i_pc_branch_out_reg_3_/Q (DFF_X2)
                                                        0.1525     0.2025 r
  DP_i_fetch_i_btb_i/pc_branch[3] (BTB_NBIT32_BTB_DEPTH16_BTB_INDEX_MSB5)
                                                        0.0000     0.2025 r
  DP_i_fetch_i_btb_i/U188/ZN (INV_X1)                   0.0770     0.2795 f
  DP_i_fetch_i_btb_i/U139/ZN (NOR2_X2)                  0.0966     0.3761 r
  DP_i_fetch_i_btb_i/U886/ZN (NAND2_X1)                 0.0452     0.4213 f
  DP_i_fetch_i_btb_i/U377/ZN (INV_X1)                   0.0374     0.4588 r
  DP_i_fetch_i_btb_i/U165/Z (BUF_X2)                    0.0899     0.5487 r
  DP_i_fetch_i_btb_i/U1024/ZN (AOI22_X1)                0.0683     0.6170 f
  DP_i_fetch_i_btb_i/U1027/ZN (NAND4_X1)                0.0427     0.6597 r
  DP_i_fetch_i_btb_i/U1033/ZN (NOR2_X1)                 0.0295     0.6892 f
  DP_i_fetch_i_btb_i/U1034/ZN (AOI22_X1)                0.0620     0.7512 r
  DP_i_fetch_i_btb_i/U1035/ZN (OAI221_X1)               0.0508     0.8020 f
  DP_i_fetch_i_btb_i/U1036/ZN (NOR4_X1)                 0.0935     0.8955 r
  DP_i_fetch_i_btb_i/U351/ZN (AND3_X1)                  0.0607     0.9562 r
  DP_i_fetch_i_btb_i/U356/ZN (NAND2_X1)                 0.0337     0.9899 f
  DP_i_fetch_i_btb_i/U1888/ZN (AND4_X2)                 0.0633     1.0532 f
  DP_i_fetch_i_btb_i/U492/ZN (NAND2_X1)                 0.0663     1.1195 r
  DP_i_fetch_i_btb_i/U495/ZN (INV_X1)                   0.0321     1.1516 f
  DP_i_fetch_i_btb_i/U496/ZN (AOI21_X1)                 0.0889     1.2404 r
  DP_i_fetch_i_btb_i/U502/ZN (NOR2_X1)                  0.0292     1.2696 f
  DP_i_fetch_i_btb_i/clk_gate_btb_table_reg_2__TARGET_/EN (SNPS_CLOCK_GATE_HIGH_BTB_NBIT32_BTB_DEPTH16_BTB_INDEX_MSB5_28)
                                                        0.0000     1.2696 f
  DP_i_fetch_i_btb_i/clk_gate_btb_table_reg_2__TARGET_/latch/E (CLKGATETST_X1)
                                                        0.0088     1.2784 f
  data arrival time                                                1.2784

  clock CLK (rise edge)                                 1.3500     1.3500
  clock network delay (ideal)                           0.0500     1.4000
  clock uncertainty                                    -0.0500     1.3500
  DP_i_fetch_i_btb_i/clk_gate_btb_table_reg_2__TARGET_/latch/CK (CLKGATETST_X1)
                                                        0.0000     1.3500 r
  clock gating setup time                              -0.0646     1.2854
  data required time                                               1.2854
  --------------------------------------------------------------------------
  data required time                                               1.2854
  data arrival time                                               -1.2784
  --------------------------------------------------------------------------
  slack (MET)                                                      0.0069


  Startpoint: DP_i_fetch_i_btb_update_latch_i_pc_branch_out_reg_3_
              (rising edge-triggered flip-flop clocked by CLK)
  Endpoint: DP_i_fetch_i_btb_i/clk_gate_btb_table_reg_3__TARGET_/latch
            (gating element for clock CLK)
  Path Group: CLK
  Path Type: max

  Des/Clust/Port     Wire Load Model       Library
  ------------------------------------------------
  DLX                5K_hvratio_1_4        NangateOpenCellLibrary

  Point                                                   Incr       Path
  --------------------------------------------------------------------------
  clock CLK (rise edge)                                 0.0000     0.0000
  clock network delay (ideal)                           0.0500     0.0500
  DP_i_fetch_i_btb_update_latch_i_pc_branch_out_reg_3_/CK (DFF_X2)
                                                        0.0000     0.0500 r
  DP_i_fetch_i_btb_update_latch_i_pc_branch_out_reg_3_/Q (DFF_X2)
                                                        0.1525     0.2025 r
  DP_i_fetch_i_btb_i/pc_branch[3] (BTB_NBIT32_BTB_DEPTH16_BTB_INDEX_MSB5)
                                                        0.0000     0.2025 r
  DP_i_fetch_i_btb_i/U188/ZN (INV_X1)                   0.0770     0.2795 f
  DP_i_fetch_i_btb_i/U139/ZN (NOR2_X2)                  0.0966     0.3761 r
  DP_i_fetch_i_btb_i/U886/ZN (NAND2_X1)                 0.0452     0.4213 f
  DP_i_fetch_i_btb_i/U377/ZN (INV_X1)                   0.0374     0.4588 r
  DP_i_fetch_i_btb_i/U165/Z (BUF_X2)                    0.0899     0.5487 r
  DP_i_fetch_i_btb_i/U1024/ZN (AOI22_X1)                0.0683     0.6170 f
  DP_i_fetch_i_btb_i/U1027/ZN (NAND4_X1)                0.0427     0.6597 r
  DP_i_fetch_i_btb_i/U1033/ZN (NOR2_X1)                 0.0295     0.6892 f
  DP_i_fetch_i_btb_i/U1034/ZN (AOI22_X1)                0.0620     0.7512 r
  DP_i_fetch_i_btb_i/U1035/ZN (OAI221_X1)               0.0508     0.8020 f
  DP_i_fetch_i_btb_i/U1036/ZN (NOR4_X1)                 0.0935     0.8955 r
  DP_i_fetch_i_btb_i/U351/ZN (AND3_X1)                  0.0607     0.9562 r
  DP_i_fetch_i_btb_i/U356/ZN (NAND2_X1)                 0.0337     0.9899 f
  DP_i_fetch_i_btb_i/U1888/ZN (AND4_X2)                 0.0633     1.0532 f
  DP_i_fetch_i_btb_i/U492/ZN (NAND2_X1)                 0.0663     1.1195 r
  DP_i_fetch_i_btb_i/U495/ZN (INV_X1)                   0.0321     1.1516 f
  DP_i_fetch_i_btb_i/U496/ZN (AOI21_X1)                 0.0889     1.2404 r
  DP_i_fetch_i_btb_i/U504/ZN (NOR2_X1)                  0.0292     1.2696 f
  DP_i_fetch_i_btb_i/clk_gate_btb_table_reg_3__TARGET_/EN (SNPS_CLOCK_GATE_HIGH_BTB_NBIT32_BTB_DEPTH16_BTB_INDEX_MSB5_26)
                                                        0.0000     1.2696 f
  DP_i_fetch_i_btb_i/clk_gate_btb_table_reg_3__TARGET_/latch/E (CLKGATETST_X1)
                                                        0.0088     1.2784 f
  data arrival time                                                1.2784

  clock CLK (rise edge)                                 1.3500     1.3500
  clock network delay (ideal)                           0.0500     1.4000
  clock uncertainty                                    -0.0500     1.3500
  DP_i_fetch_i_btb_i/clk_gate_btb_table_reg_3__TARGET_/latch/CK (CLKGATETST_X1)
                                                        0.0000     1.3500 r
  clock gating setup time                              -0.0646     1.2854
  data required time                                               1.2854
  --------------------------------------------------------------------------
  data required time                                               1.2854
  data arrival time                                               -1.2784
  --------------------------------------------------------------------------
  slack (MET)                                                      0.0069


  Startpoint: DP_i_fetch_i_btb_update_latch_i_pc_branch_out_reg_3_
              (rising edge-triggered flip-flop clocked by CLK)
  Endpoint: DP_i_fetch_i_btb_i/clk_gate_btb_table_reg_0__TARGET_/latch
            (gating element for clock CLK)
  Path Group: CLK
  Path Type: max

  Des/Clust/Port     Wire Load Model       Library
  ------------------------------------------------
  DLX                5K_hvratio_1_4        NangateOpenCellLibrary

  Point                                                   Incr       Path
  --------------------------------------------------------------------------
  clock CLK (rise edge)                                 0.0000     0.0000
  clock network delay (ideal)                           0.0500     0.0500
  DP_i_fetch_i_btb_update_latch_i_pc_branch_out_reg_3_/CK (DFF_X2)
                                                        0.0000     0.0500 r
  DP_i_fetch_i_btb_update_latch_i_pc_branch_out_reg_3_/Q (DFF_X2)
                                                        0.1525     0.2025 r
  DP_i_fetch_i_btb_i/pc_branch[3] (BTB_NBIT32_BTB_DEPTH16_BTB_INDEX_MSB5)
                                                        0.0000     0.2025 r
  DP_i_fetch_i_btb_i/U188/ZN (INV_X1)                   0.0770     0.2795 f
  DP_i_fetch_i_btb_i/U139/ZN (NOR2_X2)                  0.0966     0.3761 r
  DP_i_fetch_i_btb_i/U884/ZN (NAND2_X1)                 0.0452     0.4213 f
  DP_i_fetch_i_btb_i/U259/ZN (INV_X1)                   0.0424     0.4637 r
  DP_i_fetch_i_btb_i/U159/Z (BUF_X1)                    0.0930     0.5567 r
  DP_i_fetch_i_btb_i/U1023/ZN (AOI22_X1)                0.0641     0.6208 f
  DP_i_fetch_i_btb_i/U1027/ZN (NAND4_X1)                0.0385     0.6593 r
  DP_i_fetch_i_btb_i/U1033/ZN (NOR2_X1)                 0.0295     0.6889 f
  DP_i_fetch_i_btb_i/U1034/ZN (AOI22_X1)                0.0620     0.7509 r
  DP_i_fetch_i_btb_i/U1035/ZN (OAI221_X1)               0.0508     0.8016 f
  DP_i_fetch_i_btb_i/U1036/ZN (NOR4_X1)                 0.0935     0.8951 r
  DP_i_fetch_i_btb_i/U351/ZN (AND3_X1)                  0.0607     0.9558 r
  DP_i_fetch_i_btb_i/U356/ZN (NAND2_X1)                 0.0337     0.9896 f
  DP_i_fetch_i_btb_i/U1888/ZN (AND4_X2)                 0.0633     1.0528 f
  DP_i_fetch_i_btb_i/U492/ZN (NAND2_X1)                 0.0663     1.1192 r
  DP_i_fetch_i_btb_i/U495/ZN (INV_X1)                   0.0321     1.1513 f
  DP_i_fetch_i_btb_i/U496/ZN (AOI21_X1)                 0.0889     1.2401 r
  DP_i_fetch_i_btb_i/U497/ZN (NOR2_X1)                  0.0292     1.2693 f
  DP_i_fetch_i_btb_i/clk_gate_btb_table_reg_0__TARGET_/EN (SNPS_CLOCK_GATE_HIGH_BTB_NBIT32_BTB_DEPTH16_BTB_INDEX_MSB5_32)
                                                        0.0000     1.2693 f
  DP_i_fetch_i_btb_i/clk_gate_btb_table_reg_0__TARGET_/latch/E (CLKGATETST_X1)
                                                        0.0088     1.2781 f
  data arrival time                                                1.2781

  clock CLK (rise edge)                                 1.3500     1.3500
  clock network delay (ideal)                           0.0500     1.4000
  clock uncertainty                                    -0.0500     1.3500
  DP_i_fetch_i_btb_i/clk_gate_btb_table_reg_0__TARGET_/latch/CK (CLKGATETST_X1)
                                                        0.0000     1.3500 r
  clock gating setup time                              -0.0646     1.2854
  data required time                                               1.2854
  --------------------------------------------------------------------------
  data required time                                               1.2854
  data arrival time                                               -1.2781
  --------------------------------------------------------------------------
  slack (MET)                                                      0.0073


  Startpoint: DP_i_fetch_i_btb_update_latch_i_pc_branch_out_reg_3_
              (rising edge-triggered flip-flop clocked by CLK)
  Endpoint: DP_i_fetch_i_btb_i/clk_gate_btb_table_reg_1__TARGET_/latch
            (gating element for clock CLK)
  Path Group: CLK
  Path Type: max

  Des/Clust/Port     Wire Load Model       Library
  ------------------------------------------------
  DLX                5K_hvratio_1_4        NangateOpenCellLibrary

  Point                                                   Incr       Path
  --------------------------------------------------------------------------
  clock CLK (rise edge)                                 0.0000     0.0000
  clock network delay (ideal)                           0.0500     0.0500
  DP_i_fetch_i_btb_update_latch_i_pc_branch_out_reg_3_/CK (DFF_X2)
                                                        0.0000     0.0500 r
  DP_i_fetch_i_btb_update_latch_i_pc_branch_out_reg_3_/Q (DFF_X2)
                                                        0.1525     0.2025 r
  DP_i_fetch_i_btb_i/pc_branch[3] (BTB_NBIT32_BTB_DEPTH16_BTB_INDEX_MSB5)
                                                        0.0000     0.2025 r
  DP_i_fetch_i_btb_i/U188/ZN (INV_X1)                   0.0770     0.2795 f
  DP_i_fetch_i_btb_i/U139/ZN (NOR2_X2)                  0.0966     0.3761 r
  DP_i_fetch_i_btb_i/U884/ZN (NAND2_X1)                 0.0452     0.4213 f
  DP_i_fetch_i_btb_i/U259/ZN (INV_X1)                   0.0424     0.4637 r
  DP_i_fetch_i_btb_i/U159/Z (BUF_X1)                    0.0930     0.5567 r
  DP_i_fetch_i_btb_i/U1023/ZN (AOI22_X1)                0.0641     0.6208 f
  DP_i_fetch_i_btb_i/U1027/ZN (NAND4_X1)                0.0385     0.6593 r
  DP_i_fetch_i_btb_i/U1033/ZN (NOR2_X1)                 0.0295     0.6889 f
  DP_i_fetch_i_btb_i/U1034/ZN (AOI22_X1)                0.0620     0.7509 r
  DP_i_fetch_i_btb_i/U1035/ZN (OAI221_X1)               0.0508     0.8016 f
  DP_i_fetch_i_btb_i/U1036/ZN (NOR4_X1)                 0.0935     0.8951 r
  DP_i_fetch_i_btb_i/U351/ZN (AND3_X1)                  0.0607     0.9558 r
  DP_i_fetch_i_btb_i/U356/ZN (NAND2_X1)                 0.0337     0.9896 f
  DP_i_fetch_i_btb_i/U1888/ZN (AND4_X2)                 0.0633     1.0528 f
  DP_i_fetch_i_btb_i/U492/ZN (NAND2_X1)                 0.0663     1.1192 r
  DP_i_fetch_i_btb_i/U495/ZN (INV_X1)                   0.0321     1.1513 f
  DP_i_fetch_i_btb_i/U496/ZN (AOI21_X1)                 0.0889     1.2401 r
  DP_i_fetch_i_btb_i/U499/ZN (NOR2_X1)                  0.0292     1.2693 f
  DP_i_fetch_i_btb_i/clk_gate_btb_table_reg_1__TARGET_/EN (SNPS_CLOCK_GATE_HIGH_BTB_NBIT32_BTB_DEPTH16_BTB_INDEX_MSB5_30)
                                                        0.0000     1.2693 f
  DP_i_fetch_i_btb_i/clk_gate_btb_table_reg_1__TARGET_/latch/E (CLKGATETST_X1)
                                                        0.0088     1.2781 f
  data arrival time                                                1.2781

  clock CLK (rise edge)                                 1.3500     1.3500
  clock network delay (ideal)                           0.0500     1.4000
  clock uncertainty                                    -0.0500     1.3500
  DP_i_fetch_i_btb_i/clk_gate_btb_table_reg_1__TARGET_/latch/CK (CLKGATETST_X1)
                                                        0.0000     1.3500 r
  clock gating setup time                              -0.0646     1.2854
  data required time                                               1.2854
  --------------------------------------------------------------------------
  data required time                                               1.2854
  data arrival time                                               -1.2781
  --------------------------------------------------------------------------
  slack (MET)                                                      0.0073


  Startpoint: DP_i_fetch_i_btb_update_latch_i_pc_branch_out_reg_3_
              (rising edge-triggered flip-flop clocked by CLK)
  Endpoint: DP_i_fetch_i_btb_i/clk_gate_btb_table_reg_2__TARGET_/latch
            (gating element for clock CLK)
  Path Group: CLK
  Path Type: max

  Des/Clust/Port     Wire Load Model       Library
  ------------------------------------------------
  DLX                5K_hvratio_1_4        NangateOpenCellLibrary

  Point                                                   Incr       Path
  --------------------------------------------------------------------------
  clock CLK (rise edge)                                 0.0000     0.0000
  clock network delay (ideal)                           0.0500     0.0500
  DP_i_fetch_i_btb_update_latch_i_pc_branch_out_reg_3_/CK (DFF_X2)
                                                        0.0000     0.0500 r
  DP_i_fetch_i_btb_update_latch_i_pc_branch_out_reg_3_/Q (DFF_X2)
                                                        0.1525     0.2025 r
  DP_i_fetch_i_btb_i/pc_branch[3] (BTB_NBIT32_BTB_DEPTH16_BTB_INDEX_MSB5)
                                                        0.0000     0.2025 r
  DP_i_fetch_i_btb_i/U188/ZN (INV_X1)                   0.0770     0.2795 f
  DP_i_fetch_i_btb_i/U139/ZN (NOR2_X2)                  0.0966     0.3761 r
  DP_i_fetch_i_btb_i/U884/ZN (NAND2_X1)                 0.0452     0.4213 f
  DP_i_fetch_i_btb_i/U259/ZN (INV_X1)                   0.0424     0.4637 r
  DP_i_fetch_i_btb_i/U159/Z (BUF_X1)                    0.0930     0.5567 r
  DP_i_fetch_i_btb_i/U1023/ZN (AOI22_X1)                0.0641     0.6208 f
  DP_i_fetch_i_btb_i/U1027/ZN (NAND4_X1)                0.0385     0.6593 r
  DP_i_fetch_i_btb_i/U1033/ZN (NOR2_X1)                 0.0295     0.6889 f
  DP_i_fetch_i_btb_i/U1034/ZN (AOI22_X1)                0.0620     0.7509 r
  DP_i_fetch_i_btb_i/U1035/ZN (OAI221_X1)               0.0508     0.8016 f
  DP_i_fetch_i_btb_i/U1036/ZN (NOR4_X1)                 0.0935     0.8951 r
  DP_i_fetch_i_btb_i/U351/ZN (AND3_X1)                  0.0607     0.9558 r
  DP_i_fetch_i_btb_i/U356/ZN (NAND2_X1)                 0.0337     0.9896 f
  DP_i_fetch_i_btb_i/U1888/ZN (AND4_X2)                 0.0633     1.0528 f
  DP_i_fetch_i_btb_i/U492/ZN (NAND2_X1)                 0.0663     1.1192 r
  DP_i_fetch_i_btb_i/U495/ZN (INV_X1)                   0.0321     1.1513 f
  DP_i_fetch_i_btb_i/U496/ZN (AOI21_X1)                 0.0889     1.2401 r
  DP_i_fetch_i_btb_i/U502/ZN (NOR2_X1)                  0.0292     1.2693 f
  DP_i_fetch_i_btb_i/clk_gate_btb_table_reg_2__TARGET_/EN (SNPS_CLOCK_GATE_HIGH_BTB_NBIT32_BTB_DEPTH16_BTB_INDEX_MSB5_28)
                                                        0.0000     1.2693 f
  DP_i_fetch_i_btb_i/clk_gate_btb_table_reg_2__TARGET_/latch/E (CLKGATETST_X1)
                                                        0.0088     1.2781 f
  data arrival time                                                1.2781

  clock CLK (rise edge)                                 1.3500     1.3500
  clock network delay (ideal)                           0.0500     1.4000
  clock uncertainty                                    -0.0500     1.3500
  DP_i_fetch_i_btb_i/clk_gate_btb_table_reg_2__TARGET_/latch/CK (CLKGATETST_X1)
                                                        0.0000     1.3500 r
  clock gating setup time                              -0.0646     1.2854
  data required time                                               1.2854
  --------------------------------------------------------------------------
  data required time                                               1.2854
  data arrival time                                               -1.2781
  --------------------------------------------------------------------------
  slack (MET)                                                      0.0073


  Startpoint: DP_i_fetch_i_btb_update_latch_i_pc_branch_out_reg_3_
              (rising edge-triggered flip-flop clocked by CLK)
  Endpoint: DP_i_fetch_i_btb_i/clk_gate_btb_table_reg_3__TARGET_/latch
            (gating element for clock CLK)
  Path Group: CLK
  Path Type: max

  Des/Clust/Port     Wire Load Model       Library
  ------------------------------------------------
  DLX                5K_hvratio_1_4        NangateOpenCellLibrary

  Point                                                   Incr       Path
  --------------------------------------------------------------------------
  clock CLK (rise edge)                                 0.0000     0.0000
  clock network delay (ideal)                           0.0500     0.0500
  DP_i_fetch_i_btb_update_latch_i_pc_branch_out_reg_3_/CK (DFF_X2)
                                                        0.0000     0.0500 r
  DP_i_fetch_i_btb_update_latch_i_pc_branch_out_reg_3_/Q (DFF_X2)
                                                        0.1525     0.2025 r
  DP_i_fetch_i_btb_i/pc_branch[3] (BTB_NBIT32_BTB_DEPTH16_BTB_INDEX_MSB5)
                                                        0.0000     0.2025 r
  DP_i_fetch_i_btb_i/U188/ZN (INV_X1)                   0.0770     0.2795 f
  DP_i_fetch_i_btb_i/U139/ZN (NOR2_X2)                  0.0966     0.3761 r
  DP_i_fetch_i_btb_i/U884/ZN (NAND2_X1)                 0.0452     0.4213 f
  DP_i_fetch_i_btb_i/U259/ZN (INV_X1)                   0.0424     0.4637 r
  DP_i_fetch_i_btb_i/U159/Z (BUF_X1)                    0.0930     0.5567 r
  DP_i_fetch_i_btb_i/U1023/ZN (AOI22_X1)                0.0641     0.6208 f
  DP_i_fetch_i_btb_i/U1027/ZN (NAND4_X1)                0.0385     0.6593 r
  DP_i_fetch_i_btb_i/U1033/ZN (NOR2_X1)                 0.0295     0.6889 f
  DP_i_fetch_i_btb_i/U1034/ZN (AOI22_X1)                0.0620     0.7509 r
  DP_i_fetch_i_btb_i/U1035/ZN (OAI221_X1)               0.0508     0.8016 f
  DP_i_fetch_i_btb_i/U1036/ZN (NOR4_X1)                 0.0935     0.8951 r
  DP_i_fetch_i_btb_i/U351/ZN (AND3_X1)                  0.0607     0.9558 r
  DP_i_fetch_i_btb_i/U356/ZN (NAND2_X1)                 0.0337     0.9896 f
  DP_i_fetch_i_btb_i/U1888/ZN (AND4_X2)                 0.0633     1.0528 f
  DP_i_fetch_i_btb_i/U492/ZN (NAND2_X1)                 0.0663     1.1192 r
  DP_i_fetch_i_btb_i/U495/ZN (INV_X1)                   0.0321     1.1513 f
  DP_i_fetch_i_btb_i/U496/ZN (AOI21_X1)                 0.0889     1.2401 r
  DP_i_fetch_i_btb_i/U504/ZN (NOR2_X1)                  0.0292     1.2693 f
  DP_i_fetch_i_btb_i/clk_gate_btb_table_reg_3__TARGET_/EN (SNPS_CLOCK_GATE_HIGH_BTB_NBIT32_BTB_DEPTH16_BTB_INDEX_MSB5_26)
                                                        0.0000     1.2693 f
  DP_i_fetch_i_btb_i/clk_gate_btb_table_reg_3__TARGET_/latch/E (CLKGATETST_X1)
                                                        0.0088     1.2781 f
  data arrival time                                                1.2781

  clock CLK (rise edge)                                 1.3500     1.3500
  clock network delay (ideal)                           0.0500     1.4000
  clock uncertainty                                    -0.0500     1.3500
  DP_i_fetch_i_btb_i/clk_gate_btb_table_reg_3__TARGET_/latch/CK (CLKGATETST_X1)
                                                        0.0000     1.3500 r
  clock gating setup time                              -0.0646     1.2854
  data required time                                               1.2854
  --------------------------------------------------------------------------
  data required time                                               1.2854
  data arrival time                                               -1.2781
  --------------------------------------------------------------------------
  slack (MET)                                                      0.0073


  Startpoint: DRAM_READY (input port clocked by CLK)
  Endpoint: DP_i_decode_i_B_reg_i_Y_reg_27_
            (rising edge-triggered flip-flop clocked by CLK)
  Path Group: INPUTS
  Path Type: max

  Des/Clust/Port     Wire Load Model       Library
  ------------------------------------------------
  DLX                5K_hvratio_1_4        NangateOpenCellLibrary

  Point                                                   Incr       Path
  --------------------------------------------------------------------------
  clock CLK (rise edge)                                 0.0000     0.0000
  clock network delay (ideal)                           0.0500     0.0500
  input external delay                                  0.1350     0.1850 r
  DRAM_READY (in)                                       0.0014     0.1864 r
  U1673/ZN (INV_X1)                                     0.0209     0.2073 f
  U2447/ZN (AND2_X1)                                    0.0535     0.2608 f
  U3627/ZN (INV_X1)                                     0.0675     0.3283 r
  DP_i_U2689/ZN (NAND2_X1)                              0.0652     0.3936 f
  DP_i_U2691/ZN (NOR3_X1)                               0.1554     0.5489 r
  DP_i_U2726/ZN (INV_X1)                                0.0379     0.5868 f
  U1223/ZN (INV_X2)                                     0.1111     0.6980 r
  U2055/ZN (AND2_X1)                                    0.0710     0.7690 r
  U3509/ZN (OR2_X1)                                     0.0330     0.8020 r
  DP_i_U2728/ZN (AOI21_X1)                              0.0264     0.8284 f
  DP_i_U2730/ZN (OAI211_X1)                             0.0462     0.8746 r
  DP_i_decode_i_B_reg_i_Y_reg_27_/D (DFF_X1)            0.0110     0.8856 r
  data arrival time                                                0.8856

  clock CLK (rise edge)                                 1.3500     1.3500
  clock network delay (ideal)                           0.0500     1.4000
  clock uncertainty                                    -0.0500     1.3500
  DP_i_decode_i_B_reg_i_Y_reg_27_/CK (DFF_X1)           0.0000     1.3500 r
  library setup time                                   -0.0291     1.3209
  data required time                                               1.3209
  --------------------------------------------------------------------------
  data required time                                               1.3209
  data arrival time                                               -0.8856
  --------------------------------------------------------------------------
  slack (MET)                                                      0.4353


  Startpoint: DRAM_READY (input port clocked by CLK)
  Endpoint: DP_i_decode_i_B_reg_i_Y_reg_27_
            (rising edge-triggered flip-flop clocked by CLK)
  Path Group: INPUTS
  Path Type: max

  Des/Clust/Port     Wire Load Model       Library
  ------------------------------------------------
  DLX                5K_hvratio_1_4        NangateOpenCellLibrary

  Point                                                   Incr       Path
  --------------------------------------------------------------------------
  clock CLK (rise edge)                                 0.0000     0.0000
  clock network delay (ideal)                           0.0500     0.0500
  input external delay                                  0.1350     0.1850 r
  DRAM_READY (in)                                       0.0014     0.1864 r
  U1673/ZN (INV_X1)                                     0.0209     0.2073 f
  U2447/ZN (AND2_X1)                                    0.0535     0.2608 f
  U3627/ZN (INV_X1)                                     0.0675     0.3283 r
  DP_i_U2689/ZN (NAND2_X1)                              0.0652     0.3936 f
  DP_i_U2691/ZN (NOR3_X1)                               0.1554     0.5489 r
  DP_i_U2726/ZN (INV_X1)                                0.0379     0.5868 f
  U1223/ZN (INV_X2)                                     0.1111     0.6980 r
  U2055/ZN (AND2_X1)                                    0.0710     0.7690 r
  U3509/ZN (OR2_X1)                                     0.0330     0.8020 r
  DP_i_U2728/ZN (AOI21_X1)                              0.0264     0.8284 f
  DP_i_U2730/ZN (OAI211_X1)                             0.0453     0.8737 r
  DP_i_decode_i_B_reg_i_Y_reg_27_/D (DFF_X1)            0.0110     0.8847 r
  data arrival time                                                0.8847

  clock CLK (rise edge)                                 1.3500     1.3500
  clock network delay (ideal)                           0.0500     1.4000
  clock uncertainty                                    -0.0500     1.3500
  DP_i_decode_i_B_reg_i_Y_reg_27_/CK (DFF_X1)           0.0000     1.3500 r
  library setup time                                   -0.0291     1.3209
  data required time                                               1.3209
  --------------------------------------------------------------------------
  data required time                                               1.3209
  data arrival time                                               -0.8847
  --------------------------------------------------------------------------
  slack (MET)                                                      0.4362


  Startpoint: DRAM_READY (input port clocked by CLK)
  Endpoint: DP_i_decode_i_B_reg_i_Y_reg_11_
            (rising edge-triggered flip-flop clocked by CLK)
  Path Group: INPUTS
  Path Type: max

  Des/Clust/Port     Wire Load Model       Library
  ------------------------------------------------
  DLX                5K_hvratio_1_4        NangateOpenCellLibrary

  Point                                                   Incr       Path
  --------------------------------------------------------------------------
  clock CLK (rise edge)                                 0.0000     0.0000
  clock network delay (ideal)                           0.0500     0.0500
  input external delay                                  0.1350     0.1850 r
  DRAM_READY (in)                                       0.0014     0.1864 r
  U1673/ZN (INV_X1)                                     0.0209     0.2073 f
  U2447/ZN (AND2_X1)                                    0.0535     0.2608 f
  U3627/ZN (INV_X1)                                     0.0675     0.3283 r
  DP_i_U2689/ZN (NAND2_X1)                              0.0652     0.3936 f
  DP_i_U2691/ZN (NOR3_X1)                               0.1554     0.5489 r
  DP_i_U2726/ZN (INV_X1)                                0.0379     0.5868 f
  U1223/ZN (INV_X2)                                     0.1111     0.6980 r
  U8426/ZN (AOI22_X1)                                   0.0695     0.7675 f
  U2028/ZN (AND2_X1)                                    0.0517     0.8192 f
  U8430/ZN (NAND4_X1)                                   0.0322     0.8515 r
  DP_i_decode_i_B_reg_i_Y_reg_11_/D (DFF_X1)            0.0110     0.8625 r
  data arrival time                                                0.8625

  clock CLK (rise edge)                                 1.3500     1.3500
  clock network delay (ideal)                           0.0500     1.4000
  clock uncertainty                                    -0.0500     1.3500
  DP_i_decode_i_B_reg_i_Y_reg_11_/CK (DFF_X1)           0.0000     1.3500 r
  library setup time                                   -0.0280     1.3220
  data required time                                               1.3220
  --------------------------------------------------------------------------
  data required time                                               1.3220
  data arrival time                                               -0.8625
  --------------------------------------------------------------------------
  slack (MET)                                                      0.4595


  Startpoint: DRAM_READY (input port clocked by CLK)
  Endpoint: DP_i_decode_i_B_reg_i_Y_reg_6_
            (rising edge-triggered flip-flop clocked by CLK)
  Path Group: INPUTS
  Path Type: max

  Des/Clust/Port     Wire Load Model       Library
  ------------------------------------------------
  DLX                5K_hvratio_1_4        NangateOpenCellLibrary

  Point                                                   Incr       Path
  --------------------------------------------------------------------------
  clock CLK (rise edge)                                 0.0000     0.0000
  clock network delay (ideal)                           0.0500     0.0500
  input external delay                                  0.1350     0.1850 r
  DRAM_READY (in)                                       0.0014     0.1864 r
  U1673/ZN (INV_X1)                                     0.0209     0.2073 f
  U2447/ZN (AND2_X1)                                    0.0535     0.2608 f
  U3627/ZN (INV_X1)                                     0.0675     0.3283 r
  DP_i_U2689/ZN (NAND2_X1)                              0.0652     0.3936 f
  DP_i_U2691/ZN (NOR3_X1)                               0.1554     0.5489 r
  DP_i_U2726/ZN (INV_X1)                                0.0379     0.5868 f
  U1223/ZN (INV_X2)                                     0.1111     0.6980 r
  U8258/ZN (AOI22_X1)                                   0.0695     0.7675 f
  U2018/ZN (AND2_X1)                                    0.0517     0.8192 f
  U8261/ZN (NAND4_X1)                                   0.0322     0.8515 r
  DP_i_decode_i_B_reg_i_Y_reg_6_/D (DFF_X1)             0.0110     0.8625 r
  data arrival time                                                0.8625

  clock CLK (rise edge)                                 1.3500     1.3500
  clock network delay (ideal)                           0.0500     1.4000
  clock uncertainty                                    -0.0500     1.3500
  DP_i_decode_i_B_reg_i_Y_reg_6_/CK (DFF_X1)            0.0000     1.3500 r
  library setup time                                   -0.0280     1.3220
  data required time                                               1.3220
  --------------------------------------------------------------------------
  data required time                                               1.3220
  data arrival time                                               -0.8625
  --------------------------------------------------------------------------
  slack (MET)                                                      0.4595


  Startpoint: DRAM_READY (input port clocked by CLK)
  Endpoint: DP_i_decode_i_B_reg_i_Y_reg_7_
            (rising edge-triggered flip-flop clocked by CLK)
  Path Group: INPUTS
  Path Type: max

  Des/Clust/Port     Wire Load Model       Library
  ------------------------------------------------
  DLX                5K_hvratio_1_4        NangateOpenCellLibrary

  Point                                                   Incr       Path
  --------------------------------------------------------------------------
  clock CLK (rise edge)                                 0.0000     0.0000
  clock network delay (ideal)                           0.0500     0.0500
  input external delay                                  0.1350     0.1850 r
  DRAM_READY (in)                                       0.0014     0.1864 r
  U1673/ZN (INV_X1)                                     0.0209     0.2073 f
  U2447/ZN (AND2_X1)                                    0.0535     0.2608 f
  U3627/ZN (INV_X1)                                     0.0675     0.3283 r
  DP_i_U2689/ZN (NAND2_X1)                              0.0652     0.3936 f
  DP_i_U2691/ZN (NOR3_X1)                               0.1554     0.5489 r
  DP_i_U2726/ZN (INV_X1)                                0.0379     0.5868 f
  U1223/ZN (INV_X2)                                     0.1111     0.6980 r
  U8471/ZN (AOI22_X1)                                   0.0695     0.7675 f
  U3548/ZN (AND2_X1)                                    0.0517     0.8192 f
  U8474/ZN (NAND4_X1)                                   0.0322     0.8515 r
  DP_i_decode_i_B_reg_i_Y_reg_7_/D (DFF_X1)             0.0110     0.8625 r
  data arrival time                                                0.8625

  clock CLK (rise edge)                                 1.3500     1.3500
  clock network delay (ideal)                           0.0500     1.4000
  clock uncertainty                                    -0.0500     1.3500
  DP_i_decode_i_B_reg_i_Y_reg_7_/CK (DFF_X1)            0.0000     1.3500 r
  library setup time                                   -0.0280     1.3220
  data required time                                               1.3220
  --------------------------------------------------------------------------
  data required time                                               1.3220
  data arrival time                                               -0.8625
  --------------------------------------------------------------------------
  slack (MET)                                                      0.4595


  Startpoint: DRAM_READY (input port clocked by CLK)
  Endpoint: DP_i_decode_i_B_reg_i_Y_reg_10_
            (rising edge-triggered flip-flop clocked by CLK)
  Path Group: INPUTS
  Path Type: max

  Des/Clust/Port     Wire Load Model       Library
  ------------------------------------------------
  DLX                5K_hvratio_1_4        NangateOpenCellLibrary

  Point                                                   Incr       Path
  --------------------------------------------------------------------------
  clock CLK (rise edge)                                 0.0000     0.0000
  clock network delay (ideal)                           0.0500     0.0500
  input external delay                                  0.1350     0.1850 r
  DRAM_READY (in)                                       0.0014     0.1864 r
  U1673/ZN (INV_X1)                                     0.0209     0.2073 f
  U2447/ZN (AND2_X1)                                    0.0535     0.2608 f
  U3627/ZN (INV_X1)                                     0.0675     0.3283 r
  DP_i_U2689/ZN (NAND2_X1)                              0.0652     0.3936 f
  DP_i_U2691/ZN (NOR3_X1)                               0.1554     0.5489 r
  DP_i_U2726/ZN (INV_X1)                                0.0379     0.5868 f
  U1223/ZN (INV_X2)                                     0.1111     0.6980 r
  U8247/ZN (AOI22_X1)                                   0.0695     0.7675 f
  U2010/ZN (AND2_X1)                                    0.0517     0.8192 f
  U8251/ZN (NAND4_X1)                                   0.0322     0.8515 r
  DP_i_decode_i_B_reg_i_Y_reg_10_/D (DFF_X1)            0.0110     0.8625 r
  data arrival time                                                0.8625

  clock CLK (rise edge)                                 1.3500     1.3500
  clock network delay (ideal)                           0.0500     1.4000
  clock uncertainty                                    -0.0500     1.3500
  DP_i_decode_i_B_reg_i_Y_reg_10_/CK (DFF_X1)           0.0000     1.3500 r
  library setup time                                   -0.0280     1.3220
  data required time                                               1.3220
  --------------------------------------------------------------------------
  data required time                                               1.3220
  data arrival time                                               -0.8625
  --------------------------------------------------------------------------
  slack (MET)                                                      0.4595


  Startpoint: DRAM_READY (input port clocked by CLK)
  Endpoint: DP_i_decode_i_B_reg_i_Y_reg_8_
            (rising edge-triggered flip-flop clocked by CLK)
  Path Group: INPUTS
  Path Type: max

  Des/Clust/Port     Wire Load Model       Library
  ------------------------------------------------
  DLX                5K_hvratio_1_4        NangateOpenCellLibrary

  Point                                                   Incr       Path
  --------------------------------------------------------------------------
  clock CLK (rise edge)                                 0.0000     0.0000
  clock network delay (ideal)                           0.0500     0.0500
  input external delay                                  0.1350     0.1850 r
  DRAM_READY (in)                                       0.0014     0.1864 r
  U1673/ZN (INV_X1)                                     0.0209     0.2073 f
  U2447/ZN (AND2_X1)                                    0.0535     0.2608 f
  U3627/ZN (INV_X1)                                     0.0675     0.3283 r
  DP_i_U2689/ZN (NAND2_X1)                              0.0652     0.3936 f
  DP_i_U2691/ZN (NOR3_X1)                               0.1554     0.5489 r
  DP_i_U2726/ZN (INV_X1)                                0.0379     0.5868 f
  U1223/ZN (INV_X2)                                     0.1111     0.6980 r
  U8204/ZN (AOI22_X1)                                   0.0695     0.7675 f
  U2008/ZN (AND2_X1)                                    0.0517     0.8192 f
  U8207/ZN (NAND4_X1)                                   0.0322     0.8515 r
  DP_i_decode_i_B_reg_i_Y_reg_8_/D (DFF_X1)             0.0110     0.8625 r
  data arrival time                                                0.8625

  clock CLK (rise edge)                                 1.3500     1.3500
  clock network delay (ideal)                           0.0500     1.4000
  clock uncertainty                                    -0.0500     1.3500
  DP_i_decode_i_B_reg_i_Y_reg_8_/CK (DFF_X1)            0.0000     1.3500 r
  library setup time                                   -0.0280     1.3220
  data required time                                               1.3220
  --------------------------------------------------------------------------
  data required time                                               1.3220
  data arrival time                                               -0.8625
  --------------------------------------------------------------------------
  slack (MET)                                                      0.4595


  Startpoint: DRAM_READY (input port clocked by CLK)
  Endpoint: DP_i_decode_i_B_reg_i_Y_reg_3_
            (rising edge-triggered flip-flop clocked by CLK)
  Path Group: INPUTS
  Path Type: max

  Des/Clust/Port     Wire Load Model       Library
  ------------------------------------------------
  DLX                5K_hvratio_1_4        NangateOpenCellLibrary

  Point                                                   Incr       Path
  --------------------------------------------------------------------------
  clock CLK (rise edge)                                 0.0000     0.0000
  clock network delay (ideal)                           0.0500     0.0500
  input external delay                                  0.1350     0.1850 r
  DRAM_READY (in)                                       0.0014     0.1864 r
  U1673/ZN (INV_X1)                                     0.0209     0.2073 f
  U2447/ZN (AND2_X1)                                    0.0535     0.2608 f
  U3627/ZN (INV_X1)                                     0.0675     0.3283 r
  DP_i_U2689/ZN (NAND2_X1)                              0.0652     0.3936 f
  DP_i_U2691/ZN (NOR3_X1)                               0.1554     0.5489 r
  DP_i_U2726/ZN (INV_X1)                                0.0379     0.5868 f
  U1223/ZN (INV_X2)                                     0.1111     0.6980 r
  U8462/ZN (AOI22_X1)                                   0.0695     0.7675 f
  U3538/ZN (AND2_X1)                                    0.0517     0.8192 f
  U8465/ZN (NAND4_X1)                                   0.0322     0.8515 r
  DP_i_decode_i_B_reg_i_Y_reg_3_/D (DFF_X1)             0.0110     0.8625 r
  data arrival time                                                0.8625

  clock CLK (rise edge)                                 1.3500     1.3500
  clock network delay (ideal)                           0.0500     1.4000
  clock uncertainty                                    -0.0500     1.3500
  DP_i_decode_i_B_reg_i_Y_reg_3_/CK (DFF_X1)            0.0000     1.3500 r
  library setup time                                   -0.0280     1.3220
  data required time                                               1.3220
  --------------------------------------------------------------------------
  data required time                                               1.3220
  data arrival time                                               -0.8625
  --------------------------------------------------------------------------
  slack (MET)                                                      0.4595


  Startpoint: DRAM_READY (input port clocked by CLK)
  Endpoint: DP_i_decode_i_B_reg_i_Y_reg_5_
            (rising edge-triggered flip-flop clocked by CLK)
  Path Group: INPUTS
  Path Type: max

  Des/Clust/Port     Wire Load Model       Library
  ------------------------------------------------
  DLX                5K_hvratio_1_4        NangateOpenCellLibrary

  Point                                                   Incr       Path
  --------------------------------------------------------------------------
  clock CLK (rise edge)                                 0.0000     0.0000
  clock network delay (ideal)                           0.0500     0.0500
  input external delay                                  0.1350     0.1850 r
  DRAM_READY (in)                                       0.0014     0.1864 r
  U1673/ZN (INV_X1)                                     0.0209     0.2073 f
  U2447/ZN (AND2_X1)                                    0.0535     0.2608 f
  U3627/ZN (INV_X1)                                     0.0675     0.3283 r
  DP_i_U2689/ZN (NAND2_X1)                              0.0652     0.3936 f
  DP_i_U2691/ZN (NOR3_X1)                               0.1554     0.5489 r
  DP_i_U2726/ZN (INV_X1)                                0.0379     0.5868 f
  U1223/ZN (INV_X2)                                     0.1111     0.6980 r
  U8439/ZN (AOI22_X1)                                   0.0695     0.7675 f
  U1989/ZN (AND2_X1)                                    0.0517     0.8192 f
  U8443/ZN (NAND4_X1)                                   0.0322     0.8515 r
  DP_i_decode_i_B_reg_i_Y_reg_5_/D (DFF_X1)             0.0110     0.8625 r
  data arrival time                                                0.8625

  clock CLK (rise edge)                                 1.3500     1.3500
  clock network delay (ideal)                           0.0500     1.4000
  clock uncertainty                                    -0.0500     1.3500
  DP_i_decode_i_B_reg_i_Y_reg_5_/CK (DFF_X1)            0.0000     1.3500 r
  library setup time                                   -0.0280     1.3220
  data required time                                               1.3220
  --------------------------------------------------------------------------
  data required time                                               1.3220
  data arrival time                                               -0.8625
  --------------------------------------------------------------------------
  slack (MET)                                                      0.4595


  Startpoint: DRAM_READY (input port clocked by CLK)
  Endpoint: DP_i_decode_i_B_reg_i_Y_reg_4_
            (rising edge-triggered flip-flop clocked by CLK)
  Path Group: INPUTS
  Path Type: max

  Des/Clust/Port     Wire Load Model       Library
  ------------------------------------------------
  DLX                5K_hvratio_1_4        NangateOpenCellLibrary

  Point                                                   Incr       Path
  --------------------------------------------------------------------------
  clock CLK (rise edge)                                 0.0000     0.0000
  clock network delay (ideal)                           0.0500     0.0500
  input external delay                                  0.1350     0.1850 r
  DRAM_READY (in)                                       0.0014     0.1864 r
  U1673/ZN (INV_X1)                                     0.0209     0.2073 f
  U2447/ZN (AND2_X1)                                    0.0535     0.2608 f
  U3627/ZN (INV_X1)                                     0.0675     0.3283 r
  DP_i_U2689/ZN (NAND2_X1)                              0.0652     0.3936 f
  DP_i_U2691/ZN (NOR3_X1)                               0.1554     0.5489 r
  DP_i_U2726/ZN (INV_X1)                                0.0379     0.5868 f
  U1223/ZN (INV_X2)                                     0.1111     0.6980 r
  U8450/ZN (AOI22_X1)                                   0.0695     0.7675 f
  U1988/ZN (AND2_X1)                                    0.0517     0.8192 f
  U8454/ZN (NAND4_X1)                                   0.0322     0.8515 r
  DP_i_decode_i_B_reg_i_Y_reg_4_/D (DFF_X1)             0.0110     0.8625 r
  data arrival time                                                0.8625

  clock CLK (rise edge)                                 1.3500     1.3500
  clock network delay (ideal)                           0.0500     1.4000
  clock uncertainty                                    -0.0500     1.3500
  DP_i_decode_i_B_reg_i_Y_reg_4_/CK (DFF_X1)            0.0000     1.3500 r
  library setup time                                   -0.0280     1.3220
  data required time                                               1.3220
  --------------------------------------------------------------------------
  data required time                                               1.3220
  data arrival time                                               -0.8625
  --------------------------------------------------------------------------
  slack (MET)                                                      0.4595


  Startpoint: DP_i_fetch_i_IR_out_reg_28_
              (rising edge-triggered flip-flop clocked by CLK)
  Endpoint: IRAM_ISSUE (output port clocked by CLK)
  Path Group: OUTPUTS
  Path Type: max

  Des/Clust/Port     Wire Load Model       Library
  ------------------------------------------------
  DLX                5K_hvratio_1_4        NangateOpenCellLibrary

  Point                                                   Incr       Path
  --------------------------------------------------------------------------
  clock CLK (rise edge)                                 0.0000     0.0000
  clock network delay (ideal)                           0.0500     0.0500
  DP_i_fetch_i_IR_out_reg_28_/CK (DFF_X1)               0.0000     0.0500 r
  DP_i_fetch_i_IR_out_reg_28_/QN (DFF_X1)               0.0780     0.1280 r
  U3631/ZN (INV_X1)                                     0.0254     0.1534 f
  U3632/ZN (NOR2_X1)                                    0.0435     0.1969 r
  U3633/ZN (NAND2_X1)                                   0.0323     0.2292 f
  U1099/ZN (OR2_X2)                                     0.0645     0.2937 f
  U1080/Z (BUF_X2)                                      0.0558     0.3495 f
  U3107/ZN (INV_X1)                                     0.0473     0.3968 r
  U1173/ZN (AND3_X1)                                    0.0794     0.4762 r
  U3110/ZN (NAND2_X1)                                   0.0400     0.5162 f
  U1345/ZN (AND2_X1)                                    0.0518     0.5680 f
  U3128/ZN (NAND4_X1)                                   0.0514     0.6193 r
  U3106/ZN (INV_X1)                                     0.0370     0.6563 f
  U1300/ZN (AND2_X1)                                    0.0613     0.7176 f
  U5041/ZN (AOI22_X1)                                   0.0774     0.7950 r
  U3119/ZN (OAI211_X1)                                  0.0464     0.8415 f
  U5042/ZN (OAI21_X1)                                   0.0380     0.8795 r
  U5043/ZN (INV_X1)                                     0.0231     0.9026 f
  U5044/Z (MUX2_X1)                                     0.0668     0.9694 f
  U2428/ZN (OAI21_X1)                                   0.0546     1.0240 r
  U1671/ZN (NAND2_X1)                                   0.0432     1.0671 f
  U3062/ZN (NAND3_X1)                                   0.0372     1.1044 r
  U3061/ZN (NAND3_X1)                                   0.0517     1.1560 f
  U6741/ZN (INV_X1)                                     0.0330     1.1890 r
  IRAM_ISSUE (out)                                      0.0030     1.1920 r
  data arrival time                                                1.1920

  clock CLK (rise edge)                                 1.3500     1.3500
  clock network delay (ideal)                           0.0500     1.4000
  clock uncertainty                                    -0.0500     1.3500
  output external delay                                -0.1350     1.2150
  data required time                                               1.2150
  --------------------------------------------------------------------------
  data required time                                               1.2150
  data arrival time                                               -1.1920
  --------------------------------------------------------------------------
  slack (MET)                                                      0.0230


  Startpoint: DP_i_fetch_i_IR_out_reg_28_
              (rising edge-triggered flip-flop clocked by CLK)
  Endpoint: IRAM_ISSUE (output port clocked by CLK)
  Path Group: OUTPUTS
  Path Type: max

  Des/Clust/Port     Wire Load Model       Library
  ------------------------------------------------
  DLX                5K_hvratio_1_4        NangateOpenCellLibrary

  Point                                                   Incr       Path
  --------------------------------------------------------------------------
  clock CLK (rise edge)                                 0.0000     0.0000
  clock network delay (ideal)                           0.0500     0.0500
  DP_i_fetch_i_IR_out_reg_28_/CK (DFF_X1)               0.0000     0.0500 r
  DP_i_fetch_i_IR_out_reg_28_/QN (DFF_X1)               0.0780     0.1280 r
  U3631/ZN (INV_X1)                                     0.0254     0.1534 f
  U3632/ZN (NOR2_X1)                                    0.0435     0.1969 r
  U3633/ZN (NAND2_X1)                                   0.0323     0.2292 f
  U1099/ZN (OR2_X2)                                     0.0645     0.2937 f
  U1080/Z (BUF_X2)                                      0.0558     0.3495 f
  U3107/ZN (INV_X1)                                     0.0473     0.3968 r
  U1173/ZN (AND3_X1)                                    0.0794     0.4762 r
  U3110/ZN (NAND2_X1)                                   0.0400     0.5162 f
  U1345/ZN (AND2_X1)                                    0.0518     0.5680 f
  U3128/ZN (NAND4_X1)                                   0.0514     0.6193 r
  U3106/ZN (INV_X1)                                     0.0370     0.6563 f
  U1300/ZN (AND2_X1)                                    0.0613     0.7176 f
  U5041/ZN (AOI22_X1)                                   0.0774     0.7950 r
  U3119/ZN (OAI211_X1)                                  0.0464     0.8415 f
  U5042/ZN (OAI21_X1)                                   0.0380     0.8795 r
  U5043/ZN (INV_X1)                                     0.0231     0.9026 f
  U5044/Z (MUX2_X1)                                     0.0668     0.9694 f
  U2428/ZN (OAI21_X1)                                   0.0546     1.0240 r
  U1671/ZN (NAND2_X1)                                   0.0432     1.0671 f
  U3062/ZN (NAND3_X1)                                   0.0372     1.1044 r
  U3061/ZN (NAND3_X1)                                   0.0517     1.1560 f
  U6741/ZN (INV_X1)                                     0.0330     1.1890 r
  IRAM_ISSUE (out)                                      0.0030     1.1920 r
  data arrival time                                                1.1920

  clock CLK (rise edge)                                 1.3500     1.3500
  clock network delay (ideal)                           0.0500     1.4000
  clock uncertainty                                    -0.0500     1.3500
  output external delay                                -0.1350     1.2150
  data required time                                               1.2150
  --------------------------------------------------------------------------
  data required time                                               1.2150
  data arrival time                                               -1.1920
  --------------------------------------------------------------------------
  slack (MET)                                                      0.0230


  Startpoint: DP_i_execute_i_alu_out_reg_i_Y_reg_1_
              (rising edge-triggered flip-flop clocked by CLK)
  Endpoint: DRAM_DATA[31]
            (output port clocked by CLK)
  Path Group: OUTPUTS
  Path Type: max

  Des/Clust/Port     Wire Load Model       Library
  ------------------------------------------------
  DLX                5K_hvratio_1_4        NangateOpenCellLibrary

  Point                                                   Incr       Path
  --------------------------------------------------------------------------
  clock CLK (rise edge)                                 0.0000     0.0000
  clock network delay (ideal)                           0.0500     0.0500
  DP_i_execute_i_alu_out_reg_i_Y_reg_1_/CK (DFF_X1)     0.0000     0.0500 r
  DP_i_execute_i_alu_out_reg_i_Y_reg_1_/Q (DFF_X1)      0.1568     0.2068 r
  U3626/ZN (AOI21_X1)                                   0.0544     0.2611 f
  U3515/ZN (OR3_X1)                                     0.0765     0.3376 f
  U1530/ZN (NAND2_X1)                                   0.0531     0.3907 r
  U2073/ZN (NOR2_X1)                                    0.0414     0.4322 f
  U5921/ZN (INV_X1)                                     0.0362     0.4684 r
  U1370/ZN (OR2_X4)                                     0.1454     0.6138 r
  DRAM_DATA_tri_31_/Z (TBUF_X1)                         0.2586     0.8724 f
  DRAM_DATA[31] (inout)                                 0.0054     0.8778 f
  data arrival time                                                0.8778

  clock CLK (rise edge)                                 1.3500     1.3500
  clock network delay (ideal)                           0.0500     1.4000
  clock uncertainty                                    -0.0500     1.3500
  output external delay                                -0.1350     1.2150
  data required time                                               1.2150
  --------------------------------------------------------------------------
  data required time                                               1.2150
  data arrival time                                               -0.8778
  --------------------------------------------------------------------------
  slack (MET)                                                      0.3372


  Startpoint: DP_i_execute_i_alu_out_reg_i_Y_reg_1_
              (rising edge-triggered flip-flop clocked by CLK)
  Endpoint: DRAM_DATA[29]
            (output port clocked by CLK)
  Path Group: OUTPUTS
  Path Type: max

  Des/Clust/Port     Wire Load Model       Library
  ------------------------------------------------
  DLX                5K_hvratio_1_4        NangateOpenCellLibrary

  Point                                                   Incr       Path
  --------------------------------------------------------------------------
  clock CLK (rise edge)                                 0.0000     0.0000
  clock network delay (ideal)                           0.0500     0.0500
  DP_i_execute_i_alu_out_reg_i_Y_reg_1_/CK (DFF_X1)     0.0000     0.0500 r
  DP_i_execute_i_alu_out_reg_i_Y_reg_1_/Q (DFF_X1)      0.1568     0.2068 r
  U3626/ZN (AOI21_X1)                                   0.0544     0.2611 f
  U3515/ZN (OR3_X1)                                     0.0765     0.3376 f
  U1530/ZN (NAND2_X1)                                   0.0531     0.3907 r
  U2073/ZN (NOR2_X1)                                    0.0414     0.4322 f
  U5921/ZN (INV_X1)                                     0.0362     0.4684 r
  U1370/ZN (OR2_X4)                                     0.1454     0.6138 r
  DRAM_DATA_tri_29_/Z (TBUF_X1)                         0.2586     0.8724 f
  DRAM_DATA[29] (inout)                                 0.0048     0.8772 f
  data arrival time                                                0.8772

  clock CLK (rise edge)                                 1.3500     1.3500
  clock network delay (ideal)                           0.0500     1.4000
  clock uncertainty                                    -0.0500     1.3500
  output external delay                                -0.1350     1.2150
  data required time                                               1.2150
  --------------------------------------------------------------------------
  data required time                                               1.2150
  data arrival time                                               -0.8772
  --------------------------------------------------------------------------
  slack (MET)                                                      0.3378


  Startpoint: DP_i_execute_i_alu_out_reg_i_Y_reg_1_
              (rising edge-triggered flip-flop clocked by CLK)
  Endpoint: DRAM_DATA[28]
            (output port clocked by CLK)
  Path Group: OUTPUTS
  Path Type: max

  Des/Clust/Port     Wire Load Model       Library
  ------------------------------------------------
  DLX                5K_hvratio_1_4        NangateOpenCellLibrary

  Point                                                   Incr       Path
  --------------------------------------------------------------------------
  clock CLK (rise edge)                                 0.0000     0.0000
  clock network delay (ideal)                           0.0500     0.0500
  DP_i_execute_i_alu_out_reg_i_Y_reg_1_/CK (DFF_X1)     0.0000     0.0500 r
  DP_i_execute_i_alu_out_reg_i_Y_reg_1_/Q (DFF_X1)      0.1568     0.2068 r
  U3626/ZN (AOI21_X1)                                   0.0544     0.2611 f
  U3515/ZN (OR3_X1)                                     0.0765     0.3376 f
  U1530/ZN (NAND2_X1)                                   0.0531     0.3907 r
  U2073/ZN (NOR2_X1)                                    0.0414     0.4322 f
  U5921/ZN (INV_X1)                                     0.0362     0.4684 r
  U1370/ZN (OR2_X4)                                     0.1454     0.6138 r
  DRAM_DATA_tri_28_/Z (TBUF_X1)                         0.2586     0.8724 f
  DRAM_DATA[28] (inout)                                 0.0048     0.8772 f
  data arrival time                                                0.8772

  clock CLK (rise edge)                                 1.3500     1.3500
  clock network delay (ideal)                           0.0500     1.4000
  clock uncertainty                                    -0.0500     1.3500
  output external delay                                -0.1350     1.2150
  data required time                                               1.2150
  --------------------------------------------------------------------------
  data required time                                               1.2150
  data arrival time                                               -0.8772
  --------------------------------------------------------------------------
  slack (MET)                                                      0.3378


  Startpoint: DP_i_execute_i_alu_out_reg_i_Y_reg_1_
              (rising edge-triggered flip-flop clocked by CLK)
  Endpoint: DRAM_DATA[27]
            (output port clocked by CLK)
  Path Group: OUTPUTS
  Path Type: max

  Des/Clust/Port     Wire Load Model       Library
  ------------------------------------------------
  DLX                5K_hvratio_1_4        NangateOpenCellLibrary

  Point                                                   Incr       Path
  --------------------------------------------------------------------------
  clock CLK (rise edge)                                 0.0000     0.0000
  clock network delay (ideal)                           0.0500     0.0500
  DP_i_execute_i_alu_out_reg_i_Y_reg_1_/CK (DFF_X1)     0.0000     0.0500 r
  DP_i_execute_i_alu_out_reg_i_Y_reg_1_/Q (DFF_X1)      0.1568     0.2068 r
  U3626/ZN (AOI21_X1)                                   0.0544     0.2611 f
  U3515/ZN (OR3_X1)                                     0.0765     0.3376 f
  U1530/ZN (NAND2_X1)                                   0.0531     0.3907 r
  U2073/ZN (NOR2_X1)                                    0.0414     0.4322 f
  U5921/ZN (INV_X1)                                     0.0362     0.4684 r
  U1370/ZN (OR2_X4)                                     0.1454     0.6138 r
  DRAM_DATA_tri_27_/Z (TBUF_X1)                         0.2586     0.8724 f
  DRAM_DATA[27] (inout)                                 0.0048     0.8772 f
  data arrival time                                                0.8772

  clock CLK (rise edge)                                 1.3500     1.3500
  clock network delay (ideal)                           0.0500     1.4000
  clock uncertainty                                    -0.0500     1.3500
  output external delay                                -0.1350     1.2150
  data required time                                               1.2150
  --------------------------------------------------------------------------
  data required time                                               1.2150
  data arrival time                                               -0.8772
  --------------------------------------------------------------------------
  slack (MET)                                                      0.3378


  Startpoint: DP_i_execute_i_alu_out_reg_i_Y_reg_1_
              (rising edge-triggered flip-flop clocked by CLK)
  Endpoint: DRAM_DATA[26]
            (output port clocked by CLK)
  Path Group: OUTPUTS
  Path Type: max

  Des/Clust/Port     Wire Load Model       Library
  ------------------------------------------------
  DLX                5K_hvratio_1_4        NangateOpenCellLibrary

  Point                                                   Incr       Path
  --------------------------------------------------------------------------
  clock CLK (rise edge)                                 0.0000     0.0000
  clock network delay (ideal)                           0.0500     0.0500
  DP_i_execute_i_alu_out_reg_i_Y_reg_1_/CK (DFF_X1)     0.0000     0.0500 r
  DP_i_execute_i_alu_out_reg_i_Y_reg_1_/Q (DFF_X1)      0.1568     0.2068 r
  U3626/ZN (AOI21_X1)                                   0.0544     0.2611 f
  U3515/ZN (OR3_X1)                                     0.0765     0.3376 f
  U1530/ZN (NAND2_X1)                                   0.0531     0.3907 r
  U2073/ZN (NOR2_X1)                                    0.0414     0.4322 f
  U5921/ZN (INV_X1)                                     0.0362     0.4684 r
  U1370/ZN (OR2_X4)                                     0.1454     0.6138 r
  DRAM_DATA_tri_26_/Z (TBUF_X1)                         0.2586     0.8724 f
  DRAM_DATA[26] (inout)                                 0.0048     0.8772 f
  data arrival time                                                0.8772

  clock CLK (rise edge)                                 1.3500     1.3500
  clock network delay (ideal)                           0.0500     1.4000
  clock uncertainty                                    -0.0500     1.3500
  output external delay                                -0.1350     1.2150
  data required time                                               1.2150
  --------------------------------------------------------------------------
  data required time                                               1.2150
  data arrival time                                               -0.8772
  --------------------------------------------------------------------------
  slack (MET)                                                      0.3378


  Startpoint: DP_i_execute_i_alu_out_reg_i_Y_reg_1_
              (rising edge-triggered flip-flop clocked by CLK)
  Endpoint: DRAM_DATA[25]
            (output port clocked by CLK)
  Path Group: OUTPUTS
  Path Type: max

  Des/Clust/Port     Wire Load Model       Library
  ------------------------------------------------
  DLX                5K_hvratio_1_4        NangateOpenCellLibrary

  Point                                                   Incr       Path
  --------------------------------------------------------------------------
  clock CLK (rise edge)                                 0.0000     0.0000
  clock network delay (ideal)                           0.0500     0.0500
  DP_i_execute_i_alu_out_reg_i_Y_reg_1_/CK (DFF_X1)     0.0000     0.0500 r
  DP_i_execute_i_alu_out_reg_i_Y_reg_1_/Q (DFF_X1)      0.1568     0.2068 r
  U3626/ZN (AOI21_X1)                                   0.0544     0.2611 f
  U3515/ZN (OR3_X1)                                     0.0765     0.3376 f
  U1530/ZN (NAND2_X1)                                   0.0531     0.3907 r
  U2073/ZN (NOR2_X1)                                    0.0414     0.4322 f
  U5921/ZN (INV_X1)                                     0.0362     0.4684 r
  U1370/ZN (OR2_X4)                                     0.1454     0.6138 r
  DRAM_DATA_tri_25_/Z (TBUF_X1)                         0.2586     0.8724 f
  DRAM_DATA[25] (inout)                                 0.0048     0.8772 f
  data arrival time                                                0.8772

  clock CLK (rise edge)                                 1.3500     1.3500
  clock network delay (ideal)                           0.0500     1.4000
  clock uncertainty                                    -0.0500     1.3500
  output external delay                                -0.1350     1.2150
  data required time                                               1.2150
  --------------------------------------------------------------------------
  data required time                                               1.2150
  data arrival time                                               -0.8772
  --------------------------------------------------------------------------
  slack (MET)                                                      0.3378


  Startpoint: DP_i_execute_i_alu_out_reg_i_Y_reg_1_
              (rising edge-triggered flip-flop clocked by CLK)
  Endpoint: DRAM_DATA[24]
            (output port clocked by CLK)
  Path Group: OUTPUTS
  Path Type: max

  Des/Clust/Port     Wire Load Model       Library
  ------------------------------------------------
  DLX                5K_hvratio_1_4        NangateOpenCellLibrary

  Point                                                   Incr       Path
  --------------------------------------------------------------------------
  clock CLK (rise edge)                                 0.0000     0.0000
  clock network delay (ideal)                           0.0500     0.0500
  DP_i_execute_i_alu_out_reg_i_Y_reg_1_/CK (DFF_X1)     0.0000     0.0500 r
  DP_i_execute_i_alu_out_reg_i_Y_reg_1_/Q (DFF_X1)      0.1568     0.2068 r
  U3626/ZN (AOI21_X1)                                   0.0544     0.2611 f
  U3515/ZN (OR3_X1)                                     0.0765     0.3376 f
  U1530/ZN (NAND2_X1)                                   0.0531     0.3907 r
  U2073/ZN (NOR2_X1)                                    0.0414     0.4322 f
  U5921/ZN (INV_X1)                                     0.0362     0.4684 r
  U1370/ZN (OR2_X4)                                     0.1454     0.6138 r
  DRAM_DATA_tri_24_/Z (TBUF_X1)                         0.2586     0.8724 f
  DRAM_DATA[24] (inout)                                 0.0048     0.8772 f
  data arrival time                                                0.8772

  clock CLK (rise edge)                                 1.3500     1.3500
  clock network delay (ideal)                           0.0500     1.4000
  clock uncertainty                                    -0.0500     1.3500
  output external delay                                -0.1350     1.2150
  data required time                                               1.2150
  --------------------------------------------------------------------------
  data required time                                               1.2150
  data arrival time                                               -0.8772
  --------------------------------------------------------------------------
  slack (MET)                                                      0.3378


  Startpoint: DP_i_execute_i_alu_out_reg_i_Y_reg_1_
              (rising edge-triggered flip-flop clocked by CLK)
  Endpoint: DRAM_DATA[23]
            (output port clocked by CLK)
  Path Group: OUTPUTS
  Path Type: max

  Des/Clust/Port     Wire Load Model       Library
  ------------------------------------------------
  DLX                5K_hvratio_1_4        NangateOpenCellLibrary

  Point                                                   Incr       Path
  --------------------------------------------------------------------------
  clock CLK (rise edge)                                 0.0000     0.0000
  clock network delay (ideal)                           0.0500     0.0500
  DP_i_execute_i_alu_out_reg_i_Y_reg_1_/CK (DFF_X1)     0.0000     0.0500 r
  DP_i_execute_i_alu_out_reg_i_Y_reg_1_/Q (DFF_X1)      0.1568     0.2068 r
  U3626/ZN (AOI21_X1)                                   0.0544     0.2611 f
  U3515/ZN (OR3_X1)                                     0.0765     0.3376 f
  U1530/ZN (NAND2_X1)                                   0.0531     0.3907 r
  U2073/ZN (NOR2_X1)                                    0.0414     0.4322 f
  U5921/ZN (INV_X1)                                     0.0362     0.4684 r
  U1370/ZN (OR2_X4)                                     0.1454     0.6138 r
  DRAM_DATA_tri_23_/Z (TBUF_X1)                         0.2586     0.8724 f
  DRAM_DATA[23] (inout)                                 0.0048     0.8772 f
  data arrival time                                                0.8772

  clock CLK (rise edge)                                 1.3500     1.3500
  clock network delay (ideal)                           0.0500     1.4000
  clock uncertainty                                    -0.0500     1.3500
  output external delay                                -0.1350     1.2150
  data required time                                               1.2150
  --------------------------------------------------------------------------
  data required time                                               1.2150
  data arrival time                                               -0.8772
  --------------------------------------------------------------------------
  slack (MET)                                                      0.3378


  Startpoint: DP_i_decode_i_rs2_addr_i_Y_reg_2_
              (rising edge-triggered flip-flop clocked by CLK)
  Endpoint: DP_i_execute_i_zero_alu_bit_Y_reg
            (rising edge-triggered flip-flop clocked by CLK)
  Path Group: REG2REG
  Path Type: max

  Des/Clust/Port     Wire Load Model       Library
  ------------------------------------------------
  DLX                5K_hvratio_1_4        NangateOpenCellLibrary

  Point                                                   Incr       Path
  --------------------------------------------------------------------------
  clock CLK (rise edge)                                 0.0000     0.0000
  clock network delay (ideal)                           0.0500     0.0500
  DP_i_decode_i_rs2_addr_i_Y_reg_2_/CK (DFF_X1)         0.0000     0.0500 r
  DP_i_decode_i_rs2_addr_i_Y_reg_2_/Q (DFF_X1)          0.1046     0.1546 r
  U3659/Z (XOR2_X1)                                     0.0686     0.2232 r
  U1035/ZN (AND4_X2)                                    0.0727     0.2960 r
  U1418/ZN (AND3_X2)                                    0.0676     0.3635 r
  U947/Z (BUF_X2)                                       0.0549     0.4185 r
  U3863/ZN (NAND2_X1)                                   0.0337     0.4522 f
  U3865/ZN (AND2_X1)                                    0.0408     0.4930 f
  U944/ZN (OR2_X2)                                      0.0630     0.5560 f
  U2847/ZN (OAI211_X1)                                  0.0494     0.6054 r
  U3866/ZN (XNOR2_X1)                                   0.0759     0.6812 r
  U3880/ZN (INV_X1)                                     0.0328     0.7140 f
  U3882/ZN (NAND2_X1)                                   0.0351     0.7492 r
  U3883/ZN (INV_X1)                                     0.0252     0.7743 f
  U2973/ZN (NAND2_X1)                                   0.0289     0.8032 r
  U967/ZN (AND4_X2)                                     0.0600     0.8632 r
  U3891/ZN (AND2_X1)                                    0.0452     0.9085 r
  U2691/ZN (AND2_X1)                                    0.0399     0.9483 r
  U2717/ZN (OR2_X1)                                     0.0326     0.9809 r
  U3057/ZN (NAND3_X1)                                   0.0353     1.0163 f
  U5595/ZN (AOI21_X1)                                   0.0614     1.0776 r
  U5596/ZN (NAND2_X1)                                   0.0429     1.1206 f
  U2519/ZN (NAND2_X1)                                   0.0373     1.1579 r
  U5661/ZN (NAND2_X1)                                   0.0329     1.1907 f
  U2910/ZN (NAND2_X1)                                   0.0343     1.2250 r
  U2960/ZN (AND2_X2)                                    0.0532     1.2782 r
  U2482/ZN (AND4_X1)                                    0.0725     1.3507 r
  U3123/ZN (XNOR2_X1)                                   0.0589     1.4096 r
  U3055/ZN (OAI211_X1)                                  0.0390     1.4485 f
  U3108/ZN (AND2_X1)                                    0.0436     1.4921 f
  U2996/ZN (NAND4_X1)                                   0.0306     1.5227 r
  U2995/ZN (NAND2_X1)                                   0.0279     1.5506 f
  DP_i_execute_i_zero_alu_bit_Y_reg/D (DFF_X2)          0.0104     1.5610 f
  data arrival time                                                1.5610

  clock CLK (rise edge)                                 1.3500     1.3500
  clock network delay (ideal)                           0.0500     1.4000
  clock uncertainty                                    -0.0500     1.3500
  DP_i_execute_i_zero_alu_bit_Y_reg/CK (DFF_X2)         0.0000     1.3500 r
  library setup time                                   -0.0265     1.3235
  data required time                                               1.3235
  --------------------------------------------------------------------------
  data required time                                               1.3235
  data arrival time                                               -1.5610
  --------------------------------------------------------------------------
  slack (VIOLATED)                                                -0.2375


  Startpoint: DP_i_decode_i_rs2_addr_i_Y_reg_2_
              (rising edge-triggered flip-flop clocked by CLK)
  Endpoint: DP_i_execute_i_zero_alu_bit_Y_reg
            (rising edge-triggered flip-flop clocked by CLK)
  Path Group: REG2REG
  Path Type: max

  Des/Clust/Port     Wire Load Model       Library
  ------------------------------------------------
  DLX                5K_hvratio_1_4        NangateOpenCellLibrary

  Point                                                   Incr       Path
  --------------------------------------------------------------------------
  clock CLK (rise edge)                                 0.0000     0.0000
  clock network delay (ideal)                           0.0500     0.0500
  DP_i_decode_i_rs2_addr_i_Y_reg_2_/CK (DFF_X1)         0.0000     0.0500 r
  DP_i_decode_i_rs2_addr_i_Y_reg_2_/Q (DFF_X1)          0.1046     0.1546 r
  U3659/Z (XOR2_X1)                                     0.0686     0.2232 r
  U1035/ZN (AND4_X2)                                    0.0727     0.2960 r
  U1418/ZN (AND3_X2)                                    0.0676     0.3635 r
  U947/Z (BUF_X2)                                       0.0549     0.4185 r
  U3863/ZN (NAND2_X1)                                   0.0337     0.4522 f
  U3865/ZN (AND2_X1)                                    0.0408     0.4930 f
  U944/ZN (OR2_X2)                                      0.0630     0.5560 f
  U2847/ZN (OAI211_X1)                                  0.0494     0.6054 r
  U3866/ZN (XNOR2_X1)                                   0.0759     0.6812 r
  U3880/ZN (INV_X1)                                     0.0328     0.7140 f
  U3882/ZN (NAND2_X1)                                   0.0351     0.7492 r
  U3883/ZN (INV_X1)                                     0.0252     0.7743 f
  U2973/ZN (NAND2_X1)                                   0.0289     0.8032 r
  U967/ZN (AND4_X2)                                     0.0600     0.8632 r
  U3891/ZN (AND2_X1)                                    0.0452     0.9085 r
  U2691/ZN (AND2_X1)                                    0.0399     0.9483 r
  U2717/ZN (OR2_X1)                                     0.0326     0.9809 r
  U3057/ZN (NAND3_X1)                                   0.0353     1.0163 f
  U5595/ZN (AOI21_X1)                                   0.0614     1.0776 r
  U5596/ZN (NAND2_X1)                                   0.0429     1.1206 f
  U2519/ZN (NAND2_X1)                                   0.0373     1.1579 r
  U5661/ZN (NAND2_X1)                                   0.0329     1.1907 f
  U2910/ZN (NAND2_X1)                                   0.0343     1.2250 r
  U2960/ZN (AND2_X2)                                    0.0532     1.2782 r
  U2482/ZN (AND4_X1)                                    0.0725     1.3507 r
  U3123/ZN (XNOR2_X1)                                   0.0346     1.3853 f
  U3055/ZN (OAI211_X1)                                  0.0490     1.4343 r
  U3108/ZN (AND2_X1)                                    0.0468     1.4811 r
  U2996/ZN (NAND4_X1)                                   0.0377     1.5188 f
  U2995/ZN (NAND2_X1)                                   0.0312     1.5500 r
  DP_i_execute_i_zero_alu_bit_Y_reg/D (DFF_X2)          0.0109     1.5609 r
  data arrival time                                                1.5609

  clock CLK (rise edge)                                 1.3500     1.3500
  clock network delay (ideal)                           0.0500     1.4000
  clock uncertainty                                    -0.0500     1.3500
  DP_i_execute_i_zero_alu_bit_Y_reg/CK (DFF_X2)         0.0000     1.3500 r
  library setup time                                   -0.0264     1.3236
  data required time                                               1.3236
  --------------------------------------------------------------------------
  data required time                                               1.3236
  data arrival time                                               -1.5609
  --------------------------------------------------------------------------
  slack (VIOLATED)                                                -0.2374


  Startpoint: DP_i_fetch_i_IR_out_reg_26_
              (rising edge-triggered flip-flop clocked by CLK)
  Endpoint: DP_i_fetch_i_pc_i_Y_reg_0_
            (rising edge-triggered flip-flop clocked by CLK)
  Path Group: REG2REG
  Path Type: max

  Des/Clust/Port     Wire Load Model       Library
  ------------------------------------------------
  DLX                5K_hvratio_1_4        NangateOpenCellLibrary

  Point                                                   Incr       Path
  --------------------------------------------------------------------------
  clock CLK (rise edge)                                 0.0000     0.0000
  clock network delay (ideal)                           0.0500     0.0500
  DP_i_fetch_i_IR_out_reg_26_/CK (DFF_X1)               0.0000     0.0500 r
  DP_i_fetch_i_IR_out_reg_26_/Q (DFF_X1)                0.0961     0.1461 f
  U2507/ZN (NOR2_X1)                                    0.0449     0.1910 r
  U2506/ZN (NOR2_X1)                                    0.0285     0.2195 f
  U3058/ZN (NAND2_X1)                                   0.0280     0.2475 r
  U2979/ZN (AND2_X1)                                    0.0405     0.2879 r
  U3000/ZN (NAND2_X1)                                   0.0287     0.3166 f
  U3060/ZN (AND2_X1)                                    0.0421     0.3587 f
  U3059/ZN (OR3_X2)                                     0.0891     0.4478 f
  U2474/ZN (NAND2_X2)                                   0.0531     0.5009 r
  U4999/ZN (NAND2_X1)                                   0.0483     0.5492 f
  U1079/ZN (NAND2_X1)                                   0.0367     0.5859 r
  U1078/ZN (NAND2_X1)                                   0.0377     0.6236 f
  U2795/ZN (AOI21_X1)                                   0.0526     0.6762 r
  U5273/ZN (XNOR2_X1)                                   0.0736     0.7499 r
  U5274/ZN (OAI211_X1)                                  0.0501     0.7999 f
  U2893/ZN (OR2_X2)                                     0.0633     0.8632 f
  U1450/ZN (AND2_X1)                                    0.0498     0.9130 f
  U1421/ZN (OAI21_X1)                                   0.0593     0.9723 r
  U5306/ZN (XNOR2_X1)                                   0.0689     1.0413 r
  U960/ZN (OR2_X2)                                      0.0411     1.0824 r
  U959/ZN (NAND2_X1)                                    0.0265     1.1089 f
  U1188/ZN (AND4_X1)                                    0.0446     1.1534 f
  U5386/ZN (NAND4_X1)                                   0.0334     1.1869 r
  U2902/ZN (OAI211_X1)                                  0.0435     1.2304 f
  U2911/ZN (AND2_X2)                                    0.0556     1.2859 f
  U3070/ZN (NAND2_X4)                                   0.0904     1.3764 r
  U8154/ZN (NOR2_X1)                                    0.0550     1.4314 f
  U968/ZN (OR4_X2)                                      0.1157     1.5471 f
  DP_i_fetch_i_pc_i_Y_reg_0_/D (DFF_X2)                 0.0104     1.5574 f
  data arrival time                                                1.5574

  clock CLK (rise edge)                                 1.3500     1.3500
  clock network delay (ideal)                           0.0500     1.4000
  clock uncertainty                                    -0.0500     1.3500
  DP_i_fetch_i_pc_i_Y_reg_0_/CK (DFF_X2)                0.0000     1.3500 r
  library setup time                                   -0.0296     1.3204
  data required time                                               1.3204
  --------------------------------------------------------------------------
  data required time                                               1.3204
  data arrival time                                               -1.5574
  --------------------------------------------------------------------------
  slack (VIOLATED)                                                -0.2370


  Startpoint: DP_i_fetch_i_IR_out_reg_28_
              (rising edge-triggered flip-flop clocked by CLK)
  Endpoint: DP_i_fetch_i_pc_i_Y_reg_2_
            (rising edge-triggered flip-flop clocked by CLK)
  Path Group: REG2REG
  Path Type: max

  Des/Clust/Port     Wire Load Model       Library
  ------------------------------------------------
  DLX                5K_hvratio_1_4        NangateOpenCellLibrary

  Point                                                   Incr       Path
  --------------------------------------------------------------------------
  clock CLK (rise edge)                                 0.0000     0.0000
  clock network delay (ideal)                           0.0500     0.0500
  DP_i_fetch_i_IR_out_reg_28_/CK (DFF_X1)               0.0000     0.0500 r
  DP_i_fetch_i_IR_out_reg_28_/QN (DFF_X1)               0.0780     0.1280 r
  U3631/ZN (INV_X1)                                     0.0254     0.1534 f
  U3632/ZN (NOR2_X1)                                    0.0435     0.1969 r
  U3633/ZN (NAND2_X1)                                   0.0323     0.2292 f
  U1099/ZN (OR2_X2)                                     0.0645     0.2937 f
  U823/Z (BUF_X2)                                       0.0510     0.3447 f
  U5236/ZN (AND2_X1)                                    0.0451     0.3898 f
  U5237/ZN (NAND2_X1)                                   0.0303     0.4201 r
  U1363/ZN (AND2_X2)                                    0.0545     0.4746 r
  U1070/ZN (AND3_X1)                                    0.0599     0.5345 r
  U5245/ZN (NAND2_X1)                                   0.0322     0.5667 f
  U2882/ZN (NAND2_X1)                                   0.0347     0.6014 r
  U1096/ZN (OR2_X2)                                     0.0457     0.6471 r
  U5339/ZN (NAND2_X1)                                   0.0403     0.6874 f
  U3457/ZN (INV_X1)                                     0.0336     0.7211 r
  U1098/ZN (OR2_X2)                                     0.0392     0.7603 r
  U1094/Z (XOR2_X1)                                     0.0652     0.8255 r
  U1092/ZN (AND2_X1)                                    0.0429     0.8683 r
  U3281/ZN (AND4_X1)                                    0.0646     0.9329 r
  U2906/ZN (AND4_X1)                                    0.0701     1.0031 r
  U1064/ZN (AND4_X1)                                    0.0638     1.0668 r
  U1076/ZN (AND4_X1)                                    0.0575     1.1243 r
  U5384/ZN (AND3_X1)                                    0.0507     1.1750 r
  U5386/ZN (NAND4_X1)                                   0.0448     1.2198 f
  U2902/ZN (OAI211_X1)                                  0.0617     1.2815 r
  U2911/ZN (AND2_X2)                                    0.0624     1.3439 r
  U3070/ZN (NAND2_X4)                                   0.0885     1.4323 f
  U8606/ZN (OR2_X1)                                     0.0853     1.5176 f
  U8610/ZN (NAND4_X1)                                   0.0309     1.5485 r
  DP_i_fetch_i_pc_i_Y_reg_2_/D (DFF_X2)                 0.0109     1.5594 r
  data arrival time                                                1.5594

  clock CLK (rise edge)                                 1.3500     1.3500
  clock network delay (ideal)                           0.0500     1.4000
  clock uncertainty                                    -0.0500     1.3500
  DP_i_fetch_i_pc_i_Y_reg_2_/CK (DFF_X2)                0.0000     1.3500 r
  library setup time                                   -0.0276     1.3224
  data required time                                               1.3224
  --------------------------------------------------------------------------
  data required time                                               1.3224
  data arrival time                                               -1.5594
  --------------------------------------------------------------------------
  slack (VIOLATED)                                                -0.2370


  Startpoint: DP_i_fetch_i_IR_out_reg_28_
              (rising edge-triggered flip-flop clocked by CLK)
  Endpoint: DP_i_fetch_i_pc_i_Y_reg_1_
            (rising edge-triggered flip-flop clocked by CLK)
  Path Group: REG2REG
  Path Type: max

  Des/Clust/Port     Wire Load Model       Library
  ------------------------------------------------
  DLX                5K_hvratio_1_4        NangateOpenCellLibrary

  Point                                                   Incr       Path
  --------------------------------------------------------------------------
  clock CLK (rise edge)                                 0.0000     0.0000
  clock network delay (ideal)                           0.0500     0.0500
  DP_i_fetch_i_IR_out_reg_28_/CK (DFF_X1)               0.0000     0.0500 r
  DP_i_fetch_i_IR_out_reg_28_/QN (DFF_X1)               0.0780     0.1280 r
  U3631/ZN (INV_X1)                                     0.0254     0.1534 f
  U3632/ZN (NOR2_X1)                                    0.0435     0.1969 r
  U3633/ZN (NAND2_X1)                                   0.0323     0.2292 f
  U1099/ZN (OR2_X2)                                     0.0645     0.2937 f
  U823/Z (BUF_X2)                                       0.0510     0.3447 f
  U5236/ZN (AND2_X1)                                    0.0451     0.3898 f
  U5237/ZN (NAND2_X1)                                   0.0303     0.4201 r
  U1363/ZN (AND2_X2)                                    0.0545     0.4746 r
  U1070/ZN (AND3_X1)                                    0.0599     0.5345 r
  U5245/ZN (NAND2_X1)                                   0.0322     0.5667 f
  U2882/ZN (NAND2_X1)                                   0.0347     0.6014 r
  U1096/ZN (OR2_X2)                                     0.0457     0.6471 r
  U5339/ZN (NAND2_X1)                                   0.0403     0.6874 f
  U3457/ZN (INV_X1)                                     0.0336     0.7211 r
  U1098/ZN (OR2_X2)                                     0.0392     0.7603 r
  U1094/Z (XOR2_X1)                                     0.0652     0.8255 r
  U1092/ZN (AND2_X1)                                    0.0429     0.8683 r
  U3281/ZN (AND4_X1)                                    0.0646     0.9329 r
  U2906/ZN (AND4_X1)                                    0.0701     1.0031 r
  U1064/ZN (AND4_X1)                                    0.0638     1.0668 r
  U1076/ZN (AND4_X1)                                    0.0575     1.1243 r
  U5384/ZN (AND3_X1)                                    0.0507     1.1750 r
  U5386/ZN (NAND4_X1)                                   0.0448     1.2198 f
  U2902/ZN (OAI211_X1)                                  0.0617     1.2815 r
  U2911/ZN (AND2_X2)                                    0.0624     1.3439 r
  U3070/ZN (NAND2_X4)                                   0.0885     1.4323 f
  U8611/ZN (OR2_X1)                                     0.0853     1.5176 f
  U8615/ZN (NAND4_X1)                                   0.0309     1.5485 r
  DP_i_fetch_i_pc_i_Y_reg_1_/D (DFF_X2)                 0.0109     1.5594 r
  data arrival time                                                1.5594

  clock CLK (rise edge)                                 1.3500     1.3500
  clock network delay (ideal)                           0.0500     1.4000
  clock uncertainty                                    -0.0500     1.3500
  DP_i_fetch_i_pc_i_Y_reg_1_/CK (DFF_X2)                0.0000     1.3500 r
  library setup time                                   -0.0276     1.3224
  data required time                                               1.3224
  --------------------------------------------------------------------------
  data required time                                               1.3224
  data arrival time                                               -1.5594
  --------------------------------------------------------------------------
  slack (VIOLATED)                                                -0.2370


  Startpoint: DP_i_fetch_i_IR_out_reg_28_
              (rising edge-triggered flip-flop clocked by CLK)
  Endpoint: DP_i_fetch_i_pc_i_Y_reg_13_
            (rising edge-triggered flip-flop clocked by CLK)
  Path Group: REG2REG
  Path Type: max

  Des/Clust/Port     Wire Load Model       Library
  ------------------------------------------------
  DLX                5K_hvratio_1_4        NangateOpenCellLibrary

  Point                                                   Incr       Path
  --------------------------------------------------------------------------
  clock CLK (rise edge)                                 0.0000     0.0000
  clock network delay (ideal)                           0.0500     0.0500
  DP_i_fetch_i_IR_out_reg_28_/CK (DFF_X1)               0.0000     0.0500 r
  DP_i_fetch_i_IR_out_reg_28_/QN (DFF_X1)               0.0780     0.1280 r
  U3631/ZN (INV_X1)                                     0.0254     0.1534 f
  U3632/ZN (NOR2_X1)                                    0.0435     0.1969 r
  U3633/ZN (NAND2_X1)                                   0.0323     0.2292 f
  U1099/ZN (OR2_X2)                                     0.0645     0.2937 f
  U823/Z (BUF_X2)                                       0.0510     0.3447 f
  U5236/ZN (AND2_X1)                                    0.0451     0.3898 f
  U5237/ZN (NAND2_X1)                                   0.0303     0.4201 r
  U1363/ZN (AND2_X2)                                    0.0545     0.4746 r
  U1070/ZN (AND3_X1)                                    0.0599     0.5345 r
  U5245/ZN (NAND2_X1)                                   0.0322     0.5667 f
  U2882/ZN (NAND2_X1)                                   0.0347     0.6014 r
  U1096/ZN (OR2_X2)                                     0.0457     0.6471 r
  U5339/ZN (NAND2_X1)                                   0.0403     0.6874 f
  U3457/ZN (INV_X1)                                     0.0336     0.7211 r
  U1098/ZN (OR2_X2)                                     0.0392     0.7603 r
  U1094/Z (XOR2_X1)                                     0.0652     0.8255 r
  U1092/ZN (AND2_X1)                                    0.0429     0.8683 r
  U3281/ZN (AND4_X1)                                    0.0646     0.9329 r
  U2906/ZN (AND4_X1)                                    0.0701     1.0031 r
  U1064/ZN (AND4_X1)                                    0.0638     1.0668 r
  U1076/ZN (AND4_X1)                                    0.0575     1.1243 r
  U5384/ZN (AND3_X1)                                    0.0507     1.1750 r
  U5386/ZN (NAND4_X1)                                   0.0448     1.2198 f
  U2902/ZN (OAI211_X1)                                  0.0617     1.2815 r
  U2911/ZN (AND2_X2)                                    0.0624     1.3439 r
  U3070/ZN (NAND2_X4)                                   0.0885     1.4323 f
  U8552/ZN (OR2_X1)                                     0.0853     1.5176 f
  U8556/ZN (NAND4_X1)                                   0.0309     1.5485 r
  DP_i_fetch_i_pc_i_Y_reg_13_/D (DFF_X2)                0.0109     1.5594 r
  data arrival time                                                1.5594

  clock CLK (rise edge)                                 1.3500     1.3500
  clock network delay (ideal)                           0.0500     1.4000
  clock uncertainty                                    -0.0500     1.3500
  DP_i_fetch_i_pc_i_Y_reg_13_/CK (DFF_X2)               0.0000     1.3500 r
  library setup time                                   -0.0275     1.3225
  data required time                                               1.3225
  --------------------------------------------------------------------------
  data required time                                               1.3225
  data arrival time                                               -1.5594
  --------------------------------------------------------------------------
  slack (VIOLATED)                                                -0.2369


  Startpoint: DP_i_fetch_i_IR_out_reg_28_
              (rising edge-triggered flip-flop clocked by CLK)
  Endpoint: DP_i_fetch_i_pc_i_Y_reg_20_
            (rising edge-triggered flip-flop clocked by CLK)
  Path Group: REG2REG
  Path Type: max

  Des/Clust/Port     Wire Load Model       Library
  ------------------------------------------------
  DLX                5K_hvratio_1_4        NangateOpenCellLibrary

  Point                                                   Incr       Path
  --------------------------------------------------------------------------
  clock CLK (rise edge)                                 0.0000     0.0000
  clock network delay (ideal)                           0.0500     0.0500
  DP_i_fetch_i_IR_out_reg_28_/CK (DFF_X1)               0.0000     0.0500 r
  DP_i_fetch_i_IR_out_reg_28_/QN (DFF_X1)               0.0780     0.1280 r
  U3631/ZN (INV_X1)                                     0.0254     0.1534 f
  U3632/ZN (NOR2_X1)                                    0.0435     0.1969 r
  U3633/ZN (NAND2_X1)                                   0.0323     0.2292 f
  U1099/ZN (OR2_X2)                                     0.0645     0.2937 f
  U823/Z (BUF_X2)                                       0.0510     0.3447 f
  U5236/ZN (AND2_X1)                                    0.0451     0.3898 f
  U5237/ZN (NAND2_X1)                                   0.0303     0.4201 r
  U1363/ZN (AND2_X2)                                    0.0545     0.4746 r
  U1070/ZN (AND3_X1)                                    0.0599     0.5345 r
  U5245/ZN (NAND2_X1)                                   0.0322     0.5667 f
  U2882/ZN (NAND2_X1)                                   0.0347     0.6014 r
  U1096/ZN (OR2_X2)                                     0.0457     0.6471 r
  U5339/ZN (NAND2_X1)                                   0.0403     0.6874 f
  U3457/ZN (INV_X1)                                     0.0336     0.7211 r
  U1098/ZN (OR2_X2)                                     0.0392     0.7603 r
  U1094/Z (XOR2_X1)                                     0.0652     0.8255 r
  U1092/ZN (AND2_X1)                                    0.0429     0.8683 r
  U3281/ZN (AND4_X1)                                    0.0646     0.9329 r
  U2906/ZN (AND4_X1)                                    0.0701     1.0031 r
  U1064/ZN (AND4_X1)                                    0.0638     1.0668 r
  U1076/ZN (AND4_X1)                                    0.0575     1.1243 r
  U5384/ZN (AND3_X1)                                    0.0507     1.1750 r
  U5386/ZN (NAND4_X1)                                   0.0448     1.2198 f
  U2902/ZN (OAI211_X1)                                  0.0617     1.2815 r
  U2911/ZN (AND2_X2)                                    0.0624     1.3439 r
  U3070/ZN (NAND2_X4)                                   0.0885     1.4323 f
  U8518/ZN (OR2_X1)                                     0.0853     1.5176 f
  U8521/ZN (NAND4_X1)                                   0.0309     1.5485 r
  DP_i_fetch_i_pc_i_Y_reg_20_/D (DFF_X2)                0.0109     1.5594 r
  data arrival time                                                1.5594

  clock CLK (rise edge)                                 1.3500     1.3500
  clock network delay (ideal)                           0.0500     1.4000
  clock uncertainty                                    -0.0500     1.3500
  DP_i_fetch_i_pc_i_Y_reg_20_/CK (DFF_X2)               0.0000     1.3500 r
  library setup time                                   -0.0275     1.3225
  data required time                                               1.3225
  --------------------------------------------------------------------------
  data required time                                               1.3225
  data arrival time                                               -1.5594
  --------------------------------------------------------------------------
  slack (VIOLATED)                                                -0.2369


  Startpoint: DP_i_fetch_i_IR_out_reg_28_
              (rising edge-triggered flip-flop clocked by CLK)
  Endpoint: DP_i_fetch_i_pc_i_Y_reg_17_
            (rising edge-triggered flip-flop clocked by CLK)
  Path Group: REG2REG
  Path Type: max

  Des/Clust/Port     Wire Load Model       Library
  ------------------------------------------------
  DLX                5K_hvratio_1_4        NangateOpenCellLibrary

  Point                                                   Incr       Path
  --------------------------------------------------------------------------
  clock CLK (rise edge)                                 0.0000     0.0000
  clock network delay (ideal)                           0.0500     0.0500
  DP_i_fetch_i_IR_out_reg_28_/CK (DFF_X1)               0.0000     0.0500 r
  DP_i_fetch_i_IR_out_reg_28_/QN (DFF_X1)               0.0780     0.1280 r
  U3631/ZN (INV_X1)                                     0.0254     0.1534 f
  U3632/ZN (NOR2_X1)                                    0.0435     0.1969 r
  U3633/ZN (NAND2_X1)                                   0.0323     0.2292 f
  U1099/ZN (OR2_X2)                                     0.0645     0.2937 f
  U823/Z (BUF_X2)                                       0.0510     0.3447 f
  U5236/ZN (AND2_X1)                                    0.0451     0.3898 f
  U5237/ZN (NAND2_X1)                                   0.0303     0.4201 r
  U1363/ZN (AND2_X2)                                    0.0545     0.4746 r
  U1070/ZN (AND3_X1)                                    0.0599     0.5345 r
  U5245/ZN (NAND2_X1)                                   0.0322     0.5667 f
  U2882/ZN (NAND2_X1)                                   0.0347     0.6014 r
  U1096/ZN (OR2_X2)                                     0.0457     0.6471 r
  U5339/ZN (NAND2_X1)                                   0.0403     0.6874 f
  U3457/ZN (INV_X1)                                     0.0336     0.7211 r
  U1098/ZN (OR2_X2)                                     0.0392     0.7603 r
  U1094/Z (XOR2_X1)                                     0.0652     0.8255 r
  U1092/ZN (AND2_X1)                                    0.0429     0.8683 r
  U3281/ZN (AND4_X1)                                    0.0646     0.9329 r
  U2906/ZN (AND4_X1)                                    0.0701     1.0031 r
  U1064/ZN (AND4_X1)                                    0.0638     1.0668 r
  U1076/ZN (AND4_X1)                                    0.0575     1.1243 r
  U5384/ZN (AND3_X1)                                    0.0507     1.1750 r
  U5386/ZN (NAND4_X1)                                   0.0448     1.2198 f
  U2902/ZN (OAI211_X1)                                  0.0617     1.2815 r
  U2911/ZN (AND2_X2)                                    0.0624     1.3439 r
  U3070/ZN (NAND2_X4)                                   0.0885     1.4323 f
  U8532/ZN (OR2_X1)                                     0.0853     1.5176 f
  U8536/ZN (NAND4_X1)                                   0.0309     1.5485 r
  DP_i_fetch_i_pc_i_Y_reg_17_/D (DFF_X2)                0.0109     1.5594 r
  data arrival time                                                1.5594

  clock CLK (rise edge)                                 1.3500     1.3500
  clock network delay (ideal)                           0.0500     1.4000
  clock uncertainty                                    -0.0500     1.3500
  DP_i_fetch_i_pc_i_Y_reg_17_/CK (DFF_X2)               0.0000     1.3500 r
  library setup time                                   -0.0275     1.3225
  data required time                                               1.3225
  --------------------------------------------------------------------------
  data required time                                               1.3225
  data arrival time                                               -1.5594
  --------------------------------------------------------------------------
  slack (VIOLATED)                                                -0.2369


  Startpoint: DP_i_fetch_i_IR_out_reg_28_
              (rising edge-triggered flip-flop clocked by CLK)
  Endpoint: DP_i_fetch_i_pc_i_Y_reg_19_
            (rising edge-triggered flip-flop clocked by CLK)
  Path Group: REG2REG
  Path Type: max

  Des/Clust/Port     Wire Load Model       Library
  ------------------------------------------------
  DLX                5K_hvratio_1_4        NangateOpenCellLibrary

  Point                                                   Incr       Path
  --------------------------------------------------------------------------
  clock CLK (rise edge)                                 0.0000     0.0000
  clock network delay (ideal)                           0.0500     0.0500
  DP_i_fetch_i_IR_out_reg_28_/CK (DFF_X1)               0.0000     0.0500 r
  DP_i_fetch_i_IR_out_reg_28_/QN (DFF_X1)               0.0780     0.1280 r
  U3631/ZN (INV_X1)                                     0.0254     0.1534 f
  U3632/ZN (NOR2_X1)                                    0.0435     0.1969 r
  U3633/ZN (NAND2_X1)                                   0.0323     0.2292 f
  U1099/ZN (OR2_X2)                                     0.0645     0.2937 f
  U823/Z (BUF_X2)                                       0.0510     0.3447 f
  U5236/ZN (AND2_X1)                                    0.0451     0.3898 f
  U5237/ZN (NAND2_X1)                                   0.0303     0.4201 r
  U1363/ZN (AND2_X2)                                    0.0545     0.4746 r
  U1070/ZN (AND3_X1)                                    0.0599     0.5345 r
  U5245/ZN (NAND2_X1)                                   0.0322     0.5667 f
  U2882/ZN (NAND2_X1)                                   0.0347     0.6014 r
  U1096/ZN (OR2_X2)                                     0.0457     0.6471 r
  U5339/ZN (NAND2_X1)                                   0.0403     0.6874 f
  U3457/ZN (INV_X1)                                     0.0336     0.7211 r
  U1098/ZN (OR2_X2)                                     0.0392     0.7603 r
  U1094/Z (XOR2_X1)                                     0.0652     0.8255 r
  U1092/ZN (AND2_X1)                                    0.0429     0.8683 r
  U3281/ZN (AND4_X1)                                    0.0646     0.9329 r
  U2906/ZN (AND4_X1)                                    0.0701     1.0031 r
  U1064/ZN (AND4_X1)                                    0.0638     1.0668 r
  U1076/ZN (AND4_X1)                                    0.0575     1.1243 r
  U5384/ZN (AND3_X1)                                    0.0507     1.1750 r
  U5386/ZN (NAND4_X1)                                   0.0448     1.2198 f
  U2902/ZN (OAI211_X1)                                  0.0617     1.2815 r
  U2911/ZN (AND2_X2)                                    0.0624     1.3439 r
  U3070/ZN (NAND2_X4)                                   0.0885     1.4323 f
  U8522/ZN (OR2_X1)                                     0.0853     1.5176 f
  U8526/ZN (NAND4_X1)                                   0.0309     1.5485 r
  DP_i_fetch_i_pc_i_Y_reg_19_/D (DFF_X2)                0.0109     1.5594 r
  data arrival time                                                1.5594

  clock CLK (rise edge)                                 1.3500     1.3500
  clock network delay (ideal)                           0.0500     1.4000
  clock uncertainty                                    -0.0500     1.3500
  DP_i_fetch_i_pc_i_Y_reg_19_/CK (DFF_X2)               0.0000     1.3500 r
  library setup time                                   -0.0275     1.3225
  data required time                                               1.3225
  --------------------------------------------------------------------------
  data required time                                               1.3225
  data arrival time                                               -1.5594
  --------------------------------------------------------------------------
  slack (VIOLATED)                                                -0.2369


  Startpoint: DP_i_fetch_i_IR_out_reg_28_
              (rising edge-triggered flip-flop clocked by CLK)
  Endpoint: DP_i_fetch_i_pc_i_Y_reg_3_
            (rising edge-triggered flip-flop clocked by CLK)
  Path Group: REG2REG
  Path Type: max

  Des/Clust/Port     Wire Load Model       Library
  ------------------------------------------------
  DLX                5K_hvratio_1_4        NangateOpenCellLibrary

  Point                                                   Incr       Path
  --------------------------------------------------------------------------
  clock CLK (rise edge)                                 0.0000     0.0000
  clock network delay (ideal)                           0.0500     0.0500
  DP_i_fetch_i_IR_out_reg_28_/CK (DFF_X1)               0.0000     0.0500 r
  DP_i_fetch_i_IR_out_reg_28_/QN (DFF_X1)               0.0780     0.1280 r
  U3631/ZN (INV_X1)                                     0.0254     0.1534 f
  U3632/ZN (NOR2_X1)                                    0.0435     0.1969 r
  U3633/ZN (NAND2_X1)                                   0.0323     0.2292 f
  U1099/ZN (OR2_X2)                                     0.0645     0.2937 f
  U823/Z (BUF_X2)                                       0.0510     0.3447 f
  U5236/ZN (AND2_X1)                                    0.0451     0.3898 f
  U5237/ZN (NAND2_X1)                                   0.0303     0.4201 r
  U1363/ZN (AND2_X2)                                    0.0545     0.4746 r
  U1070/ZN (AND3_X1)                                    0.0599     0.5345 r
  U5245/ZN (NAND2_X1)                                   0.0322     0.5667 f
  U2882/ZN (NAND2_X1)                                   0.0347     0.6014 r
  U1096/ZN (OR2_X2)                                     0.0457     0.6471 r
  U5339/ZN (NAND2_X1)                                   0.0403     0.6874 f
  U3457/ZN (INV_X1)                                     0.0336     0.7211 r
  U1098/ZN (OR2_X2)                                     0.0392     0.7603 r
  U1094/Z (XOR2_X1)                                     0.0652     0.8255 r
  U1092/ZN (AND2_X1)                                    0.0429     0.8683 r
  U3281/ZN (AND4_X1)                                    0.0646     0.9329 r
  U2906/ZN (AND4_X1)                                    0.0701     1.0031 r
  U1064/ZN (AND4_X1)                                    0.0638     1.0668 r
  U1076/ZN (AND4_X1)                                    0.0575     1.1243 r
  U5384/ZN (AND3_X1)                                    0.0507     1.1750 r
  U5386/ZN (NAND4_X1)                                   0.0448     1.2198 f
  U2902/ZN (OAI211_X1)                                  0.0617     1.2815 r
  U2911/ZN (AND2_X2)                                    0.0624     1.3439 r
  U3070/ZN (NAND2_X4)                                   0.0885     1.4323 f
  U8601/ZN (OR2_X1)                                     0.0853     1.5176 f
  U8605/ZN (NAND4_X1)                                   0.0309     1.5485 r
  DP_i_fetch_i_pc_i_Y_reg_3_/D (DFF_X2)                 0.0109     1.5594 r
  data arrival time                                                1.5594

  clock CLK (rise edge)                                 1.3500     1.3500
  clock network delay (ideal)                           0.0500     1.4000
  clock uncertainty                                    -0.0500     1.3500
  DP_i_fetch_i_pc_i_Y_reg_3_/CK (DFF_X2)                0.0000     1.3500 r
  library setup time                                   -0.0275     1.3225
  data required time                                               1.3225
  --------------------------------------------------------------------------
  data required time                                               1.3225
  data arrival time                                               -1.5594
  --------------------------------------------------------------------------
  slack (VIOLATED)                                                -0.2369


1
