 
****************************************
Report : timing
        -path full
        -delay max
        -nworst 2
        -max_paths 10
Design : DLX
Version: W-2024.09-SP2
Date   : Tue Sep 29 13:07:33 2026
****************************************

Operating Conditions: typical   Library: NangateOpenCellLibrary
Wire Load Model Mode: top

  Startpoint: DP_i_fetch_i_btb_update_latch_i_pc_branch_out_reg_3_
              (rising edge-triggered flip-flop clocked by CLK)
  Endpoint: DP_i_fetch_i_btb_i/clk_gate_btb_table_reg_0__TARGET_/latch
            (gating element for clock CLK)
  Path Group: CLK
  Path Type: max

  Des/Clust/Port     Wire Load Model       Library
  ------------------------------------------------
  DLX                5K_hvratio_1_4        NangateOpenCellLibrary

  Point                                                   Incr       Path
  --------------------------------------------------------------------------
  clock CLK (rise edge)                                 0.0000     0.0000
  clock network delay (ideal)                           0.0500     0.0500
  DP_i_fetch_i_btb_update_latch_i_pc_branch_out_reg_3_/CK (DFF_X1)
                                                        0.0000     0.0500 r
  DP_i_fetch_i_btb_update_latch_i_pc_branch_out_reg_3_/Q (DFF_X1)
                                                        0.1588     0.2088 r
  DP_i_fetch_i_btb_i/pc_branch[3] (BTB_NBIT32_BTB_DEPTH16_BTB_INDEX_MSB5)
                                                        0.0000     0.2088 r
  DP_i_fetch_i_btb_i/U246/ZN (INV_X2)                   0.0920     0.3009 f
  DP_i_fetch_i_btb_i/U247/ZN (NOR2_X2)                  0.0969     0.3978 r
  DP_i_fetch_i_btb_i/U249/ZN (NAND2_X1)                 0.0452     0.4430 f
  DP_i_fetch_i_btb_i/U191/ZN (INV_X1)                   0.0428     0.4858 r
  DP_i_fetch_i_btb_i/U384/Z (BUF_X2)                    0.0673     0.5532 r
  DP_i_fetch_i_btb_i/U500/ZN (AOI22_X1)                 0.0588     0.6120 f
  DP_i_fetch_i_btb_i/U527/ZN (NAND4_X1)                 0.0427     0.6547 r
  DP_i_fetch_i_btb_i/U543/ZN (NOR2_X1)                  0.0293     0.6840 f
  DP_i_fetch_i_btb_i/U544/ZN (AOI22_X1)                 0.0620     0.7459 r
  DP_i_fetch_i_btb_i/U545/ZN (OAI221_X1)                0.0507     0.7966 f
  DP_i_fetch_i_btb_i/U546/ZN (AOI21_X1)                 0.0624     0.8590 r
  DP_i_fetch_i_btb_i/U547/ZN (OAI21_X1)                 0.0412     0.9003 f
  DP_i_fetch_i_btb_i/U645/ZN (NOR4_X2)                  0.1103     1.0105 r
  DP_i_fetch_i_btb_i/U646/ZN (NAND4_X2)                 0.0863     1.0968 f
  DP_i_fetch_i_btb_i/U132/ZN (AND4_X1)                  0.0873     1.1841 f
  DP_i_fetch_i_btb_i/U492/ZN (NAND2_X1)                 0.0700     1.2542 r
  DP_i_fetch_i_btb_i/U495/ZN (INV_X1)                   0.0321     1.2863 f
  DP_i_fetch_i_btb_i/U496/ZN (AOI21_X1)                 0.0889     1.3751 r
  DP_i_fetch_i_btb_i/U497/ZN (NOR2_X1)                  0.0292     1.4043 f
  DP_i_fetch_i_btb_i/clk_gate_btb_table_reg_0__TARGET_/EN (SNPS_CLOCK_GATE_HIGH_BTB_NBIT32_BTB_DEPTH16_BTB_INDEX_MSB5_32)
                                                        0.0000     1.4043 f
  DP_i_fetch_i_btb_i/clk_gate_btb_table_reg_0__TARGET_/latch/E (CLKGATETST_X1)
                                                        0.0088     1.4131 f
  data arrival time                                                1.4131

  clock CLK (rise edge)                                 1.5000     1.5000
  clock network delay (ideal)                           0.0500     1.5500
  clock uncertainty                                    -0.0500     1.5000
  DP_i_fetch_i_btb_i/clk_gate_btb_table_reg_0__TARGET_/latch/CK (CLKGATETST_X1)
                                                        0.0000     1.5000 r
  clock gating setup time                              -0.0646     1.4354
  data required time                                               1.4354
  --------------------------------------------------------------------------
  data required time                                               1.4354
  data arrival time                                               -1.4131
  --------------------------------------------------------------------------
  slack (MET)                                                      0.0223


  Startpoint: DP_i_fetch_i_btb_update_latch_i_pc_branch_out_reg_3_
              (rising edge-triggered flip-flop clocked by CLK)
  Endpoint: DP_i_fetch_i_btb_i/clk_gate_btb_table_reg_1__TARGET_/latch
            (gating element for clock CLK)
  Path Group: CLK
  Path Type: max

  Des/Clust/Port     Wire Load Model       Library
  ------------------------------------------------
  DLX                5K_hvratio_1_4        NangateOpenCellLibrary

  Point                                                   Incr       Path
  --------------------------------------------------------------------------
  clock CLK (rise edge)                                 0.0000     0.0000
  clock network delay (ideal)                           0.0500     0.0500
  DP_i_fetch_i_btb_update_latch_i_pc_branch_out_reg_3_/CK (DFF_X1)
                                                        0.0000     0.0500 r
  DP_i_fetch_i_btb_update_latch_i_pc_branch_out_reg_3_/Q (DFF_X1)
                                                        0.1588     0.2088 r
  DP_i_fetch_i_btb_i/pc_branch[3] (BTB_NBIT32_BTB_DEPTH16_BTB_INDEX_MSB5)
                                                        0.0000     0.2088 r
  DP_i_fetch_i_btb_i/U246/ZN (INV_X2)                   0.0920     0.3009 f
  DP_i_fetch_i_btb_i/U247/ZN (NOR2_X2)                  0.0969     0.3978 r
  DP_i_fetch_i_btb_i/U249/ZN (NAND2_X1)                 0.0452     0.4430 f
  DP_i_fetch_i_btb_i/U191/ZN (INV_X1)                   0.0428     0.4858 r
  DP_i_fetch_i_btb_i/U384/Z (BUF_X2)                    0.0673     0.5532 r
  DP_i_fetch_i_btb_i/U500/ZN (AOI22_X1)                 0.0588     0.6120 f
  DP_i_fetch_i_btb_i/U527/ZN (NAND4_X1)                 0.0427     0.6547 r
  DP_i_fetch_i_btb_i/U543/ZN (NOR2_X1)                  0.0293     0.6840 f
  DP_i_fetch_i_btb_i/U544/ZN (AOI22_X1)                 0.0620     0.7459 r
  DP_i_fetch_i_btb_i/U545/ZN (OAI221_X1)                0.0507     0.7966 f
  DP_i_fetch_i_btb_i/U546/ZN (AOI21_X1)                 0.0624     0.8590 r
  DP_i_fetch_i_btb_i/U547/ZN (OAI21_X1)                 0.0412     0.9003 f
  DP_i_fetch_i_btb_i/U645/ZN (NOR4_X2)                  0.1103     1.0105 r
  DP_i_fetch_i_btb_i/U646/ZN (NAND4_X2)                 0.0863     1.0968 f
  DP_i_fetch_i_btb_i/U132/ZN (AND4_X1)                  0.0873     1.1841 f
  DP_i_fetch_i_btb_i/U492/ZN (NAND2_X1)                 0.0700     1.2542 r
  DP_i_fetch_i_btb_i/U495/ZN (INV_X1)                   0.0321     1.2863 f
  DP_i_fetch_i_btb_i/U496/ZN (AOI21_X1)                 0.0889     1.3751 r
  DP_i_fetch_i_btb_i/U499/ZN (NOR2_X1)                  0.0292     1.4043 f
  DP_i_fetch_i_btb_i/clk_gate_btb_table_reg_1__TARGET_/EN (SNPS_CLOCK_GATE_HIGH_BTB_NBIT32_BTB_DEPTH16_BTB_INDEX_MSB5_30)
                                                        0.0000     1.4043 f
  DP_i_fetch_i_btb_i/clk_gate_btb_table_reg_1__TARGET_/latch/E (CLKGATETST_X1)
                                                        0.0088     1.4131 f
  data arrival time                                                1.4131

  clock CLK (rise edge)                                 1.5000     1.5000
  clock network delay (ideal)                           0.0500     1.5500
  clock uncertainty                                    -0.0500     1.5000
  DP_i_fetch_i_btb_i/clk_gate_btb_table_reg_1__TARGET_/latch/CK (CLKGATETST_X1)
                                                        0.0000     1.5000 r
  clock gating setup time                              -0.0646     1.4354
  data required time                                               1.4354
  --------------------------------------------------------------------------
  data required time                                               1.4354
  data arrival time                                               -1.4131
  --------------------------------------------------------------------------
  slack (MET)                                                      0.0223


  Startpoint: DP_i_fetch_i_btb_update_latch_i_pc_branch_out_reg_3_
              (rising edge-triggered flip-flop clocked by CLK)
  Endpoint: DP_i_fetch_i_btb_i/clk_gate_btb_table_reg_2__TARGET_/latch
            (gating element for clock CLK)
  Path Group: CLK
  Path Type: max

  Des/Clust/Port     Wire Load Model       Library
  ------------------------------------------------
  DLX                5K_hvratio_1_4        NangateOpenCellLibrary

  Point                                                   Incr       Path
  --------------------------------------------------------------------------
  clock CLK (rise edge)                                 0.0000     0.0000
  clock network delay (ideal)                           0.0500     0.0500
  DP_i_fetch_i_btb_update_latch_i_pc_branch_out_reg_3_/CK (DFF_X1)
                                                        0.0000     0.0500 r
  DP_i_fetch_i_btb_update_latch_i_pc_branch_out_reg_3_/Q (DFF_X1)
                                                        0.1588     0.2088 r
  DP_i_fetch_i_btb_i/pc_branch[3] (BTB_NBIT32_BTB_DEPTH16_BTB_INDEX_MSB5)
                                                        0.0000     0.2088 r
  DP_i_fetch_i_btb_i/U246/ZN (INV_X2)                   0.0920     0.3009 f
  DP_i_fetch_i_btb_i/U247/ZN (NOR2_X2)                  0.0969     0.3978 r
  DP_i_fetch_i_btb_i/U249/ZN (NAND2_X1)                 0.0452     0.4430 f
  DP_i_fetch_i_btb_i/U191/ZN (INV_X1)                   0.0428     0.4858 r
  DP_i_fetch_i_btb_i/U384/Z (BUF_X2)                    0.0673     0.5532 r
  DP_i_fetch_i_btb_i/U500/ZN (AOI22_X1)                 0.0588     0.6120 f
  DP_i_fetch_i_btb_i/U527/ZN (NAND4_X1)                 0.0427     0.6547 r
  DP_i_fetch_i_btb_i/U543/ZN (NOR2_X1)                  0.0293     0.6840 f
  DP_i_fetch_i_btb_i/U544/ZN (AOI22_X1)                 0.0620     0.7459 r
  DP_i_fetch_i_btb_i/U545/ZN (OAI221_X1)                0.0507     0.7966 f
  DP_i_fetch_i_btb_i/U546/ZN (AOI21_X1)                 0.0624     0.8590 r
  DP_i_fetch_i_btb_i/U547/ZN (OAI21_X1)                 0.0412     0.9003 f
  DP_i_fetch_i_btb_i/U645/ZN (NOR4_X2)                  0.1103     1.0105 r
  DP_i_fetch_i_btb_i/U646/ZN (NAND4_X2)                 0.0863     1.0968 f
  DP_i_fetch_i_btb_i/U132/ZN (AND4_X1)                  0.0873     1.1841 f
  DP_i_fetch_i_btb_i/U492/ZN (NAND2_X1)                 0.0700     1.2542 r
  DP_i_fetch_i_btb_i/U495/ZN (INV_X1)                   0.0321     1.2863 f
  DP_i_fetch_i_btb_i/U496/ZN (AOI21_X1)                 0.0889     1.3751 r
  DP_i_fetch_i_btb_i/U502/ZN (NOR2_X1)                  0.0292     1.4043 f
  DP_i_fetch_i_btb_i/clk_gate_btb_table_reg_2__TARGET_/EN (SNPS_CLOCK_GATE_HIGH_BTB_NBIT32_BTB_DEPTH16_BTB_INDEX_MSB5_28)
                                                        0.0000     1.4043 f
  DP_i_fetch_i_btb_i/clk_gate_btb_table_reg_2__TARGET_/latch/E (CLKGATETST_X1)
                                                        0.0088     1.4131 f
  data arrival time                                                1.4131

  clock CLK (rise edge)                                 1.5000     1.5000
  clock network delay (ideal)                           0.0500     1.5500
  clock uncertainty                                    -0.0500     1.5000
  DP_i_fetch_i_btb_i/clk_gate_btb_table_reg_2__TARGET_/latch/CK (CLKGATETST_X1)
                                                        0.0000     1.5000 r
  clock gating setup time                              -0.0646     1.4354
  data required time                                               1.4354
  --------------------------------------------------------------------------
  data required time                                               1.4354
  data arrival time                                               -1.4131
  --------------------------------------------------------------------------
  slack (MET)                                                      0.0223


  Startpoint: DP_i_fetch_i_btb_update_latch_i_pc_branch_out_reg_3_
              (rising edge-triggered flip-flop clocked by CLK)
  Endpoint: DP_i_fetch_i_btb_i/clk_gate_btb_table_reg_3__TARGET_/latch
            (gating element for clock CLK)
  Path Group: CLK
  Path Type: max

  Des/Clust/Port     Wire Load Model       Library
  ------------------------------------------------
  DLX                5K_hvratio_1_4        NangateOpenCellLibrary

  Point                                                   Incr       Path
  --------------------------------------------------------------------------
  clock CLK (rise edge)                                 0.0000     0.0000
  clock network delay (ideal)                           0.0500     0.0500
  DP_i_fetch_i_btb_update_latch_i_pc_branch_out_reg_3_/CK (DFF_X1)
                                                        0.0000     0.0500 r
  DP_i_fetch_i_btb_update_latch_i_pc_branch_out_reg_3_/Q (DFF_X1)
                                                        0.1588     0.2088 r
  DP_i_fetch_i_btb_i/pc_branch[3] (BTB_NBIT32_BTB_DEPTH16_BTB_INDEX_MSB5)
                                                        0.0000     0.2088 r
  DP_i_fetch_i_btb_i/U246/ZN (INV_X2)                   0.0920     0.3009 f
  DP_i_fetch_i_btb_i/U247/ZN (NOR2_X2)                  0.0969     0.3978 r
  DP_i_fetch_i_btb_i/U249/ZN (NAND2_X1)                 0.0452     0.4430 f
  DP_i_fetch_i_btb_i/U191/ZN (INV_X1)                   0.0428     0.4858 r
  DP_i_fetch_i_btb_i/U384/Z (BUF_X2)                    0.0673     0.5532 r
  DP_i_fetch_i_btb_i/U500/ZN (AOI22_X1)                 0.0588     0.6120 f
  DP_i_fetch_i_btb_i/U527/ZN (NAND4_X1)                 0.0427     0.6547 r
  DP_i_fetch_i_btb_i/U543/ZN (NOR2_X1)                  0.0293     0.6840 f
  DP_i_fetch_i_btb_i/U544/ZN (AOI22_X1)                 0.0620     0.7459 r
  DP_i_fetch_i_btb_i/U545/ZN (OAI221_X1)                0.0507     0.7966 f
  DP_i_fetch_i_btb_i/U546/ZN (AOI21_X1)                 0.0624     0.8590 r
  DP_i_fetch_i_btb_i/U547/ZN (OAI21_X1)                 0.0412     0.9003 f
  DP_i_fetch_i_btb_i/U645/ZN (NOR4_X2)                  0.1103     1.0105 r
  DP_i_fetch_i_btb_i/U646/ZN (NAND4_X2)                 0.0863     1.0968 f
  DP_i_fetch_i_btb_i/U132/ZN (AND4_X1)                  0.0873     1.1841 f
  DP_i_fetch_i_btb_i/U492/ZN (NAND2_X1)                 0.0700     1.2542 r
  DP_i_fetch_i_btb_i/U495/ZN (INV_X1)                   0.0321     1.2863 f
  DP_i_fetch_i_btb_i/U496/ZN (AOI21_X1)                 0.0889     1.3751 r
  DP_i_fetch_i_btb_i/U504/ZN (NOR2_X1)                  0.0292     1.4043 f
  DP_i_fetch_i_btb_i/clk_gate_btb_table_reg_3__TARGET_/EN (SNPS_CLOCK_GATE_HIGH_BTB_NBIT32_BTB_DEPTH16_BTB_INDEX_MSB5_26)
                                                        0.0000     1.4043 f
  DP_i_fetch_i_btb_i/clk_gate_btb_table_reg_3__TARGET_/latch/E (CLKGATETST_X1)
                                                        0.0088     1.4131 f
  data arrival time                                                1.4131

  clock CLK (rise edge)                                 1.5000     1.5000
  clock network delay (ideal)                           0.0500     1.5500
  clock uncertainty                                    -0.0500     1.5000
  DP_i_fetch_i_btb_i/clk_gate_btb_table_reg_3__TARGET_/latch/CK (CLKGATETST_X1)
                                                        0.0000     1.5000 r
  clock gating setup time                              -0.0646     1.4354
  data required time                                               1.4354
  --------------------------------------------------------------------------
  data required time                                               1.4354
  data arrival time                                               -1.4131
  --------------------------------------------------------------------------
  slack (MET)                                                      0.0223


  Startpoint: DP_i_fetch_i_btb_update_latch_i_pc_branch_out_reg_3_
              (rising edge-triggered flip-flop clocked by CLK)
  Endpoint: DP_i_fetch_i_btb_i/clk_gate_btb_table_reg_0__TARGET_/latch
            (gating element for clock CLK)
  Path Group: CLK
  Path Type: max

  Des/Clust/Port     Wire Load Model       Library
  ------------------------------------------------
  DLX                5K_hvratio_1_4        NangateOpenCellLibrary

  Point                                                   Incr       Path
  --------------------------------------------------------------------------
  clock CLK (rise edge)                                 0.0000     0.0000
  clock network delay (ideal)                           0.0500     0.0500
  DP_i_fetch_i_btb_update_latch_i_pc_branch_out_reg_3_/CK (DFF_X1)
                                                        0.0000     0.0500 r
  DP_i_fetch_i_btb_update_latch_i_pc_branch_out_reg_3_/Q (DFF_X1)
                                                        0.1588     0.2088 r
  DP_i_fetch_i_btb_i/pc_branch[3] (BTB_NBIT32_BTB_DEPTH16_BTB_INDEX_MSB5)
                                                        0.0000     0.2088 r
  DP_i_fetch_i_btb_i/U246/ZN (INV_X2)                   0.0920     0.3009 f
  DP_i_fetch_i_btb_i/U247/ZN (NOR2_X2)                  0.0969     0.3978 r
  DP_i_fetch_i_btb_i/U248/ZN (NAND2_X1)                 0.0452     0.4430 f
  DP_i_fetch_i_btb_i/U224/ZN (INV_X1)                   0.0428     0.4858 r
  DP_i_fetch_i_btb_i/U386/Z (BUF_X2)                    0.0687     0.5545 r
  DP_i_fetch_i_btb_i/U505/ZN (AOI22_X1)                 0.0531     0.6077 f
  DP_i_fetch_i_btb_i/U527/ZN (NAND4_X1)                 0.0453     0.6530 r
  DP_i_fetch_i_btb_i/U543/ZN (NOR2_X1)                  0.0293     0.6823 f
  DP_i_fetch_i_btb_i/U544/ZN (AOI22_X1)                 0.0620     0.7443 r
  DP_i_fetch_i_btb_i/U545/ZN (OAI221_X1)                0.0507     0.7950 f
  DP_i_fetch_i_btb_i/U546/ZN (AOI21_X1)                 0.0624     0.8574 r
  DP_i_fetch_i_btb_i/U547/ZN (OAI21_X1)                 0.0412     0.8986 f
  DP_i_fetch_i_btb_i/U645/ZN (NOR4_X2)                  0.1103     1.0089 r
  DP_i_fetch_i_btb_i/U646/ZN (NAND4_X2)                 0.0863     1.0952 f
  DP_i_fetch_i_btb_i/U132/ZN (AND4_X1)                  0.0873     1.1825 f
  DP_i_fetch_i_btb_i/U492/ZN (NAND2_X1)                 0.0700     1.2525 r
  DP_i_fetch_i_btb_i/U495/ZN (INV_X1)                   0.0321     1.2846 f
  DP_i_fetch_i_btb_i/U496/ZN (AOI21_X1)                 0.0889     1.3735 r
  DP_i_fetch_i_btb_i/U497/ZN (NOR2_X1)                  0.0292     1.4027 f
  DP_i_fetch_i_btb_i/clk_gate_btb_table_reg_0__TARGET_/EN (SNPS_CLOCK_GATE_HIGH_BTB_NBIT32_BTB_DEPTH16_BTB_INDEX_MSB5_32)
                                                        0.0000     1.4027 f
  DP_i_fetch_i_btb_i/clk_gate_btb_table_reg_0__TARGET_/latch/E (CLKGATETST_X1)
                                                        0.0088     1.4115 f
  data arrival time                                                1.4115

  clock CLK (rise edge)                                 1.5000     1.5000
  clock network delay (ideal)                           0.0500     1.5500
  clock uncertainty                                    -0.0500     1.5000
  DP_i_fetch_i_btb_i/clk_gate_btb_table_reg_0__TARGET_/latch/CK (CLKGATETST_X1)
                                                        0.0000     1.5000 r
  clock gating setup time                              -0.0646     1.4354
  data required time                                               1.4354
  --------------------------------------------------------------------------
  data required time                                               1.4354
  data arrival time                                               -1.4115
  --------------------------------------------------------------------------
  slack (MET)                                                      0.0239


  Startpoint: DP_i_fetch_i_btb_update_latch_i_pc_branch_out_reg_3_
              (rising edge-triggered flip-flop clocked by CLK)
  Endpoint: DP_i_fetch_i_btb_i/clk_gate_btb_table_reg_1__TARGET_/latch
            (gating element for clock CLK)
  Path Group: CLK
  Path Type: max

  Des/Clust/Port     Wire Load Model       Library
  ------------------------------------------------
  DLX                5K_hvratio_1_4        NangateOpenCellLibrary

  Point                                                   Incr       Path
  --------------------------------------------------------------------------
  clock CLK (rise edge)                                 0.0000     0.0000
  clock network delay (ideal)                           0.0500     0.0500
  DP_i_fetch_i_btb_update_latch_i_pc_branch_out_reg_3_/CK (DFF_X1)
                                                        0.0000     0.0500 r
  DP_i_fetch_i_btb_update_latch_i_pc_branch_out_reg_3_/Q (DFF_X1)
                                                        0.1588     0.2088 r
  DP_i_fetch_i_btb_i/pc_branch[3] (BTB_NBIT32_BTB_DEPTH16_BTB_INDEX_MSB5)
                                                        0.0000     0.2088 r
  DP_i_fetch_i_btb_i/U246/ZN (INV_X2)                   0.0920     0.3009 f
  DP_i_fetch_i_btb_i/U247/ZN (NOR2_X2)                  0.0969     0.3978 r
  DP_i_fetch_i_btb_i/U248/ZN (NAND2_X1)                 0.0452     0.4430 f
  DP_i_fetch_i_btb_i/U224/ZN (INV_X1)                   0.0428     0.4858 r
  DP_i_fetch_i_btb_i/U386/Z (BUF_X2)                    0.0687     0.5545 r
  DP_i_fetch_i_btb_i/U505/ZN (AOI22_X1)                 0.0531     0.6077 f
  DP_i_fetch_i_btb_i/U527/ZN (NAND4_X1)                 0.0453     0.6530 r
  DP_i_fetch_i_btb_i/U543/ZN (NOR2_X1)                  0.0293     0.6823 f
  DP_i_fetch_i_btb_i/U544/ZN (AOI22_X1)                 0.0620     0.7443 r
  DP_i_fetch_i_btb_i/U545/ZN (OAI221_X1)                0.0507     0.7950 f
  DP_i_fetch_i_btb_i/U546/ZN (AOI21_X1)                 0.0624     0.8574 r
  DP_i_fetch_i_btb_i/U547/ZN (OAI21_X1)                 0.0412     0.8986 f
  DP_i_fetch_i_btb_i/U645/ZN (NOR4_X2)                  0.1103     1.0089 r
  DP_i_fetch_i_btb_i/U646/ZN (NAND4_X2)                 0.0863     1.0952 f
  DP_i_fetch_i_btb_i/U132/ZN (AND4_X1)                  0.0873     1.1825 f
  DP_i_fetch_i_btb_i/U492/ZN (NAND2_X1)                 0.0700     1.2525 r
  DP_i_fetch_i_btb_i/U495/ZN (INV_X1)                   0.0321     1.2846 f
  DP_i_fetch_i_btb_i/U496/ZN (AOI21_X1)                 0.0889     1.3735 r
  DP_i_fetch_i_btb_i/U499/ZN (NOR2_X1)                  0.0292     1.4027 f
  DP_i_fetch_i_btb_i/clk_gate_btb_table_reg_1__TARGET_/EN (SNPS_CLOCK_GATE_HIGH_BTB_NBIT32_BTB_DEPTH16_BTB_INDEX_MSB5_30)
                                                        0.0000     1.4027 f
  DP_i_fetch_i_btb_i/clk_gate_btb_table_reg_1__TARGET_/latch/E (CLKGATETST_X1)
                                                        0.0088     1.4115 f
  data arrival time                                                1.4115

  clock CLK (rise edge)                                 1.5000     1.5000
  clock network delay (ideal)                           0.0500     1.5500
  clock uncertainty                                    -0.0500     1.5000
  DP_i_fetch_i_btb_i/clk_gate_btb_table_reg_1__TARGET_/latch/CK (CLKGATETST_X1)
                                                        0.0000     1.5000 r
  clock gating setup time                              -0.0646     1.4354
  data required time                                               1.4354
  --------------------------------------------------------------------------
  data required time                                               1.4354
  data arrival time                                               -1.4115
  --------------------------------------------------------------------------
  slack (MET)                                                      0.0239


  Startpoint: DP_i_fetch_i_btb_update_latch_i_pc_branch_out_reg_3_
              (rising edge-triggered flip-flop clocked by CLK)
  Endpoint: DP_i_fetch_i_btb_i/clk_gate_btb_table_reg_2__TARGET_/latch
            (gating element for clock CLK)
  Path Group: CLK
  Path Type: max

  Des/Clust/Port     Wire Load Model       Library
  ------------------------------------------------
  DLX                5K_hvratio_1_4        NangateOpenCellLibrary

  Point                                                   Incr       Path
  --------------------------------------------------------------------------
  clock CLK (rise edge)                                 0.0000     0.0000
  clock network delay (ideal)                           0.0500     0.0500
  DP_i_fetch_i_btb_update_latch_i_pc_branch_out_reg_3_/CK (DFF_X1)
                                                        0.0000     0.0500 r
  DP_i_fetch_i_btb_update_latch_i_pc_branch_out_reg_3_/Q (DFF_X1)
                                                        0.1588     0.2088 r
  DP_i_fetch_i_btb_i/pc_branch[3] (BTB_NBIT32_BTB_DEPTH16_BTB_INDEX_MSB5)
                                                        0.0000     0.2088 r
  DP_i_fetch_i_btb_i/U246/ZN (INV_X2)                   0.0920     0.3009 f
  DP_i_fetch_i_btb_i/U247/ZN (NOR2_X2)                  0.0969     0.3978 r
  DP_i_fetch_i_btb_i/U248/ZN (NAND2_X1)                 0.0452     0.4430 f
  DP_i_fetch_i_btb_i/U224/ZN (INV_X1)                   0.0428     0.4858 r
  DP_i_fetch_i_btb_i/U386/Z (BUF_X2)                    0.0687     0.5545 r
  DP_i_fetch_i_btb_i/U505/ZN (AOI22_X1)                 0.0531     0.6077 f
  DP_i_fetch_i_btb_i/U527/ZN (NAND4_X1)                 0.0453     0.6530 r
  DP_i_fetch_i_btb_i/U543/ZN (NOR2_X1)                  0.0293     0.6823 f
  DP_i_fetch_i_btb_i/U544/ZN (AOI22_X1)                 0.0620     0.7443 r
  DP_i_fetch_i_btb_i/U545/ZN (OAI221_X1)                0.0507     0.7950 f
  DP_i_fetch_i_btb_i/U546/ZN (AOI21_X1)                 0.0624     0.8574 r
  DP_i_fetch_i_btb_i/U547/ZN (OAI21_X1)                 0.0412     0.8986 f
  DP_i_fetch_i_btb_i/U645/ZN (NOR4_X2)                  0.1103     1.0089 r
  DP_i_fetch_i_btb_i/U646/ZN (NAND4_X2)                 0.0863     1.0952 f
  DP_i_fetch_i_btb_i/U132/ZN (AND4_X1)                  0.0873     1.1825 f
  DP_i_fetch_i_btb_i/U492/ZN (NAND2_X1)                 0.0700     1.2525 r
  DP_i_fetch_i_btb_i/U495/ZN (INV_X1)                   0.0321     1.2846 f
  DP_i_fetch_i_btb_i/U496/ZN (AOI21_X1)                 0.0889     1.3735 r
  DP_i_fetch_i_btb_i/U502/ZN (NOR2_X1)                  0.0292     1.4027 f
  DP_i_fetch_i_btb_i/clk_gate_btb_table_reg_2__TARGET_/EN (SNPS_CLOCK_GATE_HIGH_BTB_NBIT32_BTB_DEPTH16_BTB_INDEX_MSB5_28)
                                                        0.0000     1.4027 f
  DP_i_fetch_i_btb_i/clk_gate_btb_table_reg_2__TARGET_/latch/E (CLKGATETST_X1)
                                                        0.0088     1.4115 f
  data arrival time                                                1.4115

  clock CLK (rise edge)                                 1.5000     1.5000
  clock network delay (ideal)                           0.0500     1.5500
  clock uncertainty                                    -0.0500     1.5000
  DP_i_fetch_i_btb_i/clk_gate_btb_table_reg_2__TARGET_/latch/CK (CLKGATETST_X1)
                                                        0.0000     1.5000 r
  clock gating setup time                              -0.0646     1.4354
  data required time                                               1.4354
  --------------------------------------------------------------------------
  data required time                                               1.4354
  data arrival time                                               -1.4115
  --------------------------------------------------------------------------
  slack (MET)                                                      0.0239


  Startpoint: DP_i_fetch_i_btb_update_latch_i_pc_branch_out_reg_3_
              (rising edge-triggered flip-flop clocked by CLK)
  Endpoint: DP_i_fetch_i_btb_i/clk_gate_btb_table_reg_3__TARGET_/latch
            (gating element for clock CLK)
  Path Group: CLK
  Path Type: max

  Des/Clust/Port     Wire Load Model       Library
  ------------------------------------------------
  DLX                5K_hvratio_1_4        NangateOpenCellLibrary

  Point                                                   Incr       Path
  --------------------------------------------------------------------------
  clock CLK (rise edge)                                 0.0000     0.0000
  clock network delay (ideal)                           0.0500     0.0500
  DP_i_fetch_i_btb_update_latch_i_pc_branch_out_reg_3_/CK (DFF_X1)
                                                        0.0000     0.0500 r
  DP_i_fetch_i_btb_update_latch_i_pc_branch_out_reg_3_/Q (DFF_X1)
                                                        0.1588     0.2088 r
  DP_i_fetch_i_btb_i/pc_branch[3] (BTB_NBIT32_BTB_DEPTH16_BTB_INDEX_MSB5)
                                                        0.0000     0.2088 r
  DP_i_fetch_i_btb_i/U246/ZN (INV_X2)                   0.0920     0.3009 f
  DP_i_fetch_i_btb_i/U247/ZN (NOR2_X2)                  0.0969     0.3978 r
  DP_i_fetch_i_btb_i/U248/ZN (NAND2_X1)                 0.0452     0.4430 f
  DP_i_fetch_i_btb_i/U224/ZN (INV_X1)                   0.0428     0.4858 r
  DP_i_fetch_i_btb_i/U386/Z (BUF_X2)                    0.0687     0.5545 r
  DP_i_fetch_i_btb_i/U505/ZN (AOI22_X1)                 0.0531     0.6077 f
  DP_i_fetch_i_btb_i/U527/ZN (NAND4_X1)                 0.0453     0.6530 r
  DP_i_fetch_i_btb_i/U543/ZN (NOR2_X1)                  0.0293     0.6823 f
  DP_i_fetch_i_btb_i/U544/ZN (AOI22_X1)                 0.0620     0.7443 r
  DP_i_fetch_i_btb_i/U545/ZN (OAI221_X1)                0.0507     0.7950 f
  DP_i_fetch_i_btb_i/U546/ZN (AOI21_X1)                 0.0624     0.8574 r
  DP_i_fetch_i_btb_i/U547/ZN (OAI21_X1)                 0.0412     0.8986 f
  DP_i_fetch_i_btb_i/U645/ZN (NOR4_X2)                  0.1103     1.0089 r
  DP_i_fetch_i_btb_i/U646/ZN (NAND4_X2)                 0.0863     1.0952 f
  DP_i_fetch_i_btb_i/U132/ZN (AND4_X1)                  0.0873     1.1825 f
  DP_i_fetch_i_btb_i/U492/ZN (NAND2_X1)                 0.0700     1.2525 r
  DP_i_fetch_i_btb_i/U495/ZN (INV_X1)                   0.0321     1.2846 f
  DP_i_fetch_i_btb_i/U496/ZN (AOI21_X1)                 0.0889     1.3735 r
  DP_i_fetch_i_btb_i/U504/ZN (NOR2_X1)                  0.0292     1.4027 f
  DP_i_fetch_i_btb_i/clk_gate_btb_table_reg_3__TARGET_/EN (SNPS_CLOCK_GATE_HIGH_BTB_NBIT32_BTB_DEPTH16_BTB_INDEX_MSB5_26)
                                                        0.0000     1.4027 f
  DP_i_fetch_i_btb_i/clk_gate_btb_table_reg_3__TARGET_/latch/E (CLKGATETST_X1)
                                                        0.0088     1.4115 f
  data arrival time                                                1.4115

  clock CLK (rise edge)                                 1.5000     1.5000
  clock network delay (ideal)                           0.0500     1.5500
  clock uncertainty                                    -0.0500     1.5000
  DP_i_fetch_i_btb_i/clk_gate_btb_table_reg_3__TARGET_/latch/CK (CLKGATETST_X1)
                                                        0.0000     1.5000 r
  clock gating setup time                              -0.0646     1.4354
  data required time                                               1.4354
  --------------------------------------------------------------------------
  data required time                                               1.4354
  data arrival time                                               -1.4115
  --------------------------------------------------------------------------
  slack (MET)                                                      0.0239


  Startpoint: DP_i_fetch_i_IR_out_reg_27_
              (rising edge-triggered flip-flop clocked by CLK)
  Endpoint: DP_i_fetch_i_pc_i_clk_gate_Y_reg/latch
            (gating element for clock CLK)
  Path Group: CLK
  Path Type: max

  Des/Clust/Port     Wire Load Model       Library
  ------------------------------------------------
  DLX                5K_hvratio_1_4        NangateOpenCellLibrary

  Point                                                   Incr       Path
  --------------------------------------------------------------------------
  clock CLK (rise edge)                                 0.0000     0.0000
  clock network delay (ideal)                           0.0500     0.0500
  DP_i_fetch_i_IR_out_reg_27_/CK (DFF_X1)               0.0000     0.0500 r
  DP_i_fetch_i_IR_out_reg_27_/QN (DFF_X1)               0.0883     0.1383 f
  U3947/ZN (NAND2_X1)                                   0.0410     0.1794 r
  U2473/ZN (NOR2_X1)                                    0.0262     0.2056 f
  U2472/ZN (NAND2_X1)                                   0.0479     0.2535 r
  U3232/ZN (NAND2_X1)                                   0.0455     0.2990 f
  U5662/ZN (OR2_X1)                                     0.0562     0.3552 f
  U5663/ZN (AND2_X1)                                    0.0398     0.3950 f
  U2576/ZN (AOI21_X1)                                   0.0376     0.4325 r
  U3429/ZN (AND2_X1)                                    0.0477     0.4802 r
  U3430/ZN (NAND3_X1)                                   0.0323     0.5125 f
  U3238/ZN (AND4_X1)                                    0.0490     0.5615 f
  U5672/ZN (OAI21_X1)                                   0.0505     0.6121 r
  U3483/ZN (OAI211_X1)                                  0.0403     0.6523 f
  U3484/ZN (NAND2_X1)                                   0.0404     0.6927 r
  U2907/ZN (AND3_X1)                                    0.0538     0.7465 r
  U3286/ZN (NAND2_X1)                                   0.0322     0.7787 f
  U5682/ZN (NAND2_X1)                                   0.0366     0.8153 r
  U5687/ZN (AOI21_X1)                                   0.0392     0.8545 f
  U2393/ZN (NAND2_X1)                                   0.0341     0.8886 r
  U2596/ZN (NAND2_X1)                                   0.0286     0.9172 f
  U2521/ZN (OR2_X1)                                     0.0598     0.9770 f
  U1383/ZN (NAND2_X1)                                   0.0327     1.0097 r
  U5772/ZN (XNOR2_X1)                                   0.0628     1.0726 r
  U5773/ZN (XNOR2_X1)                                   0.0651     1.1377 r
  U5781/ZN (NAND4_X1)                                   0.0450     1.1826 f
  U2575/ZN (AND2_X1)                                    0.0442     1.2268 f
  U983/ZN (OAI21_X1)                                    0.0652     1.2920 r
  U8246/ZN (NAND2_X1)                                   0.0336     1.3256 f
  DP_i_fetch_i_pc_i_clk_gate_Y_reg/EN (SNPS_CLOCK_GATE_HIGH_data_reg_NBIT30_2_2)
                                                        0.0000     1.3256 f
  DP_i_fetch_i_pc_i_clk_gate_Y_reg/latch/E (CLKGATETST_X1)
                                                        0.0088     1.3344 f
  data arrival time                                                1.3344

  clock CLK (rise edge)                                 1.5000     1.5000
  clock network delay (ideal)                           0.0500     1.5500
  clock uncertainty                                    -0.0500     1.5000
  DP_i_fetch_i_pc_i_clk_gate_Y_reg/latch/CK (CLKGATETST_X1)
                                                        0.0000     1.5000 r
  clock gating setup time                              -0.0646     1.4354
  data required time                                               1.4354
  --------------------------------------------------------------------------
  data required time                                               1.4354
  data arrival time                                               -1.3344
  --------------------------------------------------------------------------
  slack (MET)                                                      0.1010


  Startpoint: DP_i_fetch_i_IR_out_reg_27_
              (rising edge-triggered flip-flop clocked by CLK)
  Endpoint: DP_i_fetch_i_pc_i_clk_gate_Y_reg/latch
            (gating element for clock CLK)
  Path Group: CLK
  Path Type: max

  Des/Clust/Port     Wire Load Model       Library
  ------------------------------------------------
  DLX                5K_hvratio_1_4        NangateOpenCellLibrary

  Point                                                   Incr       Path
  --------------------------------------------------------------------------
  clock CLK (rise edge)                                 0.0000     0.0000
  clock network delay (ideal)                           0.0500     0.0500
  DP_i_fetch_i_IR_out_reg_27_/CK (DFF_X1)               0.0000     0.0500 r
  DP_i_fetch_i_IR_out_reg_27_/QN (DFF_X1)               0.0883     0.1383 f
  U3947/ZN (NAND2_X1)                                   0.0410     0.1794 r
  U2473/ZN (NOR2_X1)                                    0.0262     0.2056 f
  U2472/ZN (NAND2_X1)                                   0.0479     0.2535 r
  U3232/ZN (NAND2_X1)                                   0.0455     0.2990 f
  U5662/ZN (OR2_X1)                                     0.0562     0.3552 f
  U5663/ZN (AND2_X1)                                    0.0398     0.3950 f
  U2576/ZN (AOI21_X1)                                   0.0376     0.4325 r
  U3429/ZN (AND2_X1)                                    0.0477     0.4802 r
  U3430/ZN (NAND3_X1)                                   0.0323     0.5125 f
  U3238/ZN (AND4_X1)                                    0.0490     0.5615 f
  U5672/ZN (OAI21_X1)                                   0.0505     0.6121 r
  U3483/ZN (OAI211_X1)                                  0.0403     0.6523 f
  U3484/ZN (NAND2_X1)                                   0.0404     0.6927 r
  U2907/ZN (AND3_X1)                                    0.0538     0.7465 r
  U3286/ZN (NAND2_X1)                                   0.0322     0.7787 f
  U5682/ZN (NAND2_X1)                                   0.0366     0.8153 r
  U928/Z (BUF_X2)                                       0.0481     0.8634 r
  U2708/ZN (NAND2_X1)                                   0.0338     0.8973 f
  U5706/ZN (OAI211_X1)                                  0.0524     0.9496 r
  U5707/ZN (XNOR2_X1)                                   0.0670     1.0166 r
  U5708/ZN (XNOR2_X1)                                   0.0631     1.0797 r
  U5765/ZN (AND4_X1)                                    0.0664     1.1461 r
  U5781/ZN (NAND4_X1)                                   0.0364     1.1825 f
  U2575/ZN (AND2_X1)                                    0.0442     1.2267 f
  U983/ZN (OAI21_X1)                                    0.0652     1.2919 r
  U8246/ZN (NAND2_X1)                                   0.0336     1.3255 f
  DP_i_fetch_i_pc_i_clk_gate_Y_reg/EN (SNPS_CLOCK_GATE_HIGH_data_reg_NBIT30_2_2)
                                                        0.0000     1.3255 f
  DP_i_fetch_i_pc_i_clk_gate_Y_reg/latch/E (CLKGATETST_X1)
                                                        0.0088     1.3343 f
  data arrival time                                                1.3343

  clock CLK (rise edge)                                 1.5000     1.5000
  clock network delay (ideal)                           0.0500     1.5500
  clock uncertainty                                    -0.0500     1.5000
  DP_i_fetch_i_pc_i_clk_gate_Y_reg/latch/CK (CLKGATETST_X1)
                                                        0.0000     1.5000 r
  clock gating setup time                              -0.0646     1.4354
  data required time                                               1.4354
  --------------------------------------------------------------------------
  data required time                                               1.4354
  data arrival time                                               -1.3343
  --------------------------------------------------------------------------
  slack (MET)                                                      0.1012


  Startpoint: DRAM_READY (input port clocked by CLK)
  Endpoint: DP_i_decode_i_B_reg_i_Y_reg_6_
            (rising edge-triggered flip-flop clocked by CLK)
  Path Group: INPUTS
  Path Type: max

  Des/Clust/Port     Wire Load Model       Library
  ------------------------------------------------
  DLX                5K_hvratio_1_4        NangateOpenCellLibrary

  Point                                                   Incr       Path
  --------------------------------------------------------------------------
  clock CLK (rise edge)                                 0.0000     0.0000
  clock network delay (ideal)                           0.0500     0.0500
  input external delay                                  0.1500     0.2000 r
  DRAM_READY (in)                                       0.0009     0.2009 r
  U2041/ZN (OR2_X1)                                     0.0707     0.2716 r
  U1903/ZN (INV_X1)                                     0.0574     0.3290 f
  U3900/ZN (NAND2_X2)                                   0.1651     0.4941 r
  U1475/ZN (INV_X1)                                     0.0628     0.5569 f
  U1276/Z (CLKBUF_X1)                                   0.1004     0.6573 f
  U7933/ZN (AND2_X1)                                    0.0723     0.7296 f
  U1974/ZN (OR3_X1)                                     0.0895     0.8191 f
  U3877/ZN (INV_X1)                                     0.0295     0.8486 r
  U8420/ZN (NAND4_X1)                                   0.0403     0.8889 f
  DP_i_decode_i_B_reg_i_Y_reg_6_/D (DFF_X1)             0.0104     0.8993 f
  data arrival time                                                0.8993

  clock CLK (rise edge)                                 1.5000     1.5000
  clock network delay (ideal)                           0.0500     1.5500
  clock uncertainty                                    -0.0500     1.5000
  DP_i_decode_i_B_reg_i_Y_reg_6_/CK (DFF_X1)            0.0000     1.5000 r
  library setup time                                   -0.0277     1.4723
  data required time                                               1.4723
  --------------------------------------------------------------------------
  data required time                                               1.4723
  data arrival time                                               -0.8993
  --------------------------------------------------------------------------
  slack (MET)                                                      0.5730


  Startpoint: DRAM_READY (input port clocked by CLK)
  Endpoint: DP_i_decode_i_B_reg_i_Y_reg_9_
            (rising edge-triggered flip-flop clocked by CLK)
  Path Group: INPUTS
  Path Type: max

  Des/Clust/Port     Wire Load Model       Library
  ------------------------------------------------
  DLX                5K_hvratio_1_4        NangateOpenCellLibrary

  Point                                                   Incr       Path
  --------------------------------------------------------------------------
  clock CLK (rise edge)                                 0.0000     0.0000
  clock network delay (ideal)                           0.0500     0.0500
  input external delay                                  0.1500     0.2000 r
  DRAM_READY (in)                                       0.0009     0.2009 r
  U2041/ZN (OR2_X1)                                     0.0707     0.2716 r
  U1903/ZN (INV_X1)                                     0.0574     0.3290 f
  U3900/ZN (NAND2_X2)                                   0.1651     0.4941 r
  U1475/ZN (INV_X1)                                     0.0628     0.5569 f
  U1276/Z (CLKBUF_X1)                                   0.1004     0.6573 f
  U1966/ZN (AND2_X1)                                    0.0723     0.7296 f
  U3819/ZN (OR3_X1)                                     0.0895     0.8191 f
  U3874/ZN (INV_X1)                                     0.0295     0.8486 r
  U8434/ZN (NAND4_X1)                                   0.0403     0.8889 f
  DP_i_decode_i_B_reg_i_Y_reg_9_/D (DFF_X1)             0.0104     0.8993 f
  data arrival time                                                0.8993

  clock CLK (rise edge)                                 1.5000     1.5000
  clock network delay (ideal)                           0.0500     1.5500
  clock uncertainty                                    -0.0500     1.5000
  DP_i_decode_i_B_reg_i_Y_reg_9_/CK (DFF_X1)            0.0000     1.5000 r
  library setup time                                   -0.0277     1.4723
  data required time                                               1.4723
  --------------------------------------------------------------------------
  data required time                                               1.4723
  data arrival time                                               -0.8993
  --------------------------------------------------------------------------
  slack (MET)                                                      0.5730


  Startpoint: DRAM_READY (input port clocked by CLK)
  Endpoint: DP_i_decode_i_B_reg_i_Y_reg_13_
            (rising edge-triggered flip-flop clocked by CLK)
  Path Group: INPUTS
  Path Type: max

  Des/Clust/Port     Wire Load Model       Library
  ------------------------------------------------
  DLX                5K_hvratio_1_4        NangateOpenCellLibrary

  Point                                                   Incr       Path
  --------------------------------------------------------------------------
  clock CLK (rise edge)                                 0.0000     0.0000
  clock network delay (ideal)                           0.0500     0.0500
  input external delay                                  0.1500     0.2000 r
  DRAM_READY (in)                                       0.0009     0.2009 r
  U2041/ZN (OR2_X1)                                     0.0707     0.2716 r
  U1903/ZN (INV_X1)                                     0.0574     0.3290 f
  U3900/ZN (NAND2_X2)                                   0.1651     0.4941 r
  U1475/ZN (INV_X1)                                     0.0628     0.5569 f
  U1276/Z (CLKBUF_X1)                                   0.1004     0.6573 f
  U7947/ZN (AND2_X1)                                    0.0685     0.7258 f
  U1637/ZN (OR3_X1)                                     0.0895     0.8153 f
  U3885/ZN (INV_X1)                                     0.0295     0.8448 r
  U8472/ZN (NAND4_X1)                                   0.0403     0.8851 f
  DP_i_decode_i_B_reg_i_Y_reg_13_/D (DFF_X1)            0.0104     0.8955 f
  data arrival time                                                0.8955

  clock CLK (rise edge)                                 1.5000     1.5000
  clock network delay (ideal)                           0.0500     1.5500
  clock uncertainty                                    -0.0500     1.5000
  DP_i_decode_i_B_reg_i_Y_reg_13_/CK (DFF_X1)           0.0000     1.5000 r
  library setup time                                   -0.0277     1.4723
  data required time                                               1.4723
  --------------------------------------------------------------------------
  data required time                                               1.4723
  data arrival time                                               -0.8955
  --------------------------------------------------------------------------
  slack (MET)                                                      0.5768


  Startpoint: DRAM_READY (input port clocked by CLK)
  Endpoint: DP_i_decode_i_B_reg_i_Y_reg_14_
            (rising edge-triggered flip-flop clocked by CLK)
  Path Group: INPUTS
  Path Type: max

  Des/Clust/Port     Wire Load Model       Library
  ------------------------------------------------
  DLX                5K_hvratio_1_4        NangateOpenCellLibrary

  Point                                                   Incr       Path
  --------------------------------------------------------------------------
  clock CLK (rise edge)                                 0.0000     0.0000
  clock network delay (ideal)                           0.0500     0.0500
  input external delay                                  0.1500     0.2000 r
  DRAM_READY (in)                                       0.0009     0.2009 r
  U2041/ZN (OR2_X1)                                     0.0707     0.2716 r
  U1903/ZN (INV_X1)                                     0.0574     0.3290 f
  U3900/ZN (NAND2_X2)                                   0.1651     0.4941 r
  U1475/ZN (INV_X1)                                     0.0628     0.5569 f
  U1276/Z (CLKBUF_X1)                                   0.1004     0.6573 f
  U7929/ZN (AND2_X1)                                    0.0685     0.7258 f
  U1968/ZN (OR3_X1)                                     0.0895     0.8153 f
  U3875/ZN (INV_X1)                                     0.0295     0.8448 r
  U8501/ZN (NAND4_X1)                                   0.0403     0.8851 f
  DP_i_decode_i_B_reg_i_Y_reg_14_/D (DFF_X1)            0.0104     0.8955 f
  data arrival time                                                0.8955

  clock CLK (rise edge)                                 1.5000     1.5000
  clock network delay (ideal)                           0.0500     1.5500
  clock uncertainty                                    -0.0500     1.5000
  DP_i_decode_i_B_reg_i_Y_reg_14_/CK (DFF_X1)           0.0000     1.5000 r
  library setup time                                   -0.0277     1.4723
  data required time                                               1.4723
  --------------------------------------------------------------------------
  data required time                                               1.4723
  data arrival time                                               -0.8955
  --------------------------------------------------------------------------
  slack (MET)                                                      0.5768


  Startpoint: DRAM_READY (input port clocked by CLK)
  Endpoint: DP_i_decode_i_B_reg_i_Y_reg_12_
            (rising edge-triggered flip-flop clocked by CLK)
  Path Group: INPUTS
  Path Type: max

  Des/Clust/Port     Wire Load Model       Library
  ------------------------------------------------
  DLX                5K_hvratio_1_4        NangateOpenCellLibrary

  Point                                                   Incr       Path
  --------------------------------------------------------------------------
  clock CLK (rise edge)                                 0.0000     0.0000
  clock network delay (ideal)                           0.0500     0.0500
  input external delay                                  0.1500     0.2000 r
  DRAM_READY (in)                                       0.0009     0.2009 r
  U2041/ZN (OR2_X1)                                     0.0707     0.2716 r
  U1903/ZN (INV_X1)                                     0.0574     0.3290 f
  U3900/ZN (NAND2_X2)                                   0.1651     0.4941 r
  U1475/ZN (INV_X1)                                     0.0628     0.5569 f
  U1276/Z (CLKBUF_X1)                                   0.1004     0.6573 f
  U3406/ZN (AND2_X1)                                    0.0685     0.7258 f
  U1965/ZN (OR3_X1)                                     0.0895     0.8153 f
  U3873/ZN (INV_X1)                                     0.0295     0.8448 r
  U8466/ZN (NAND4_X1)                                   0.0403     0.8851 f
  DP_i_decode_i_B_reg_i_Y_reg_12_/D (DFF_X1)            0.0104     0.8955 f
  data arrival time                                                0.8955

  clock CLK (rise edge)                                 1.5000     1.5000
  clock network delay (ideal)                           0.0500     1.5500
  clock uncertainty                                    -0.0500     1.5000
  DP_i_decode_i_B_reg_i_Y_reg_12_/CK (DFF_X1)           0.0000     1.5000 r
  library setup time                                   -0.0277     1.4723
  data required time                                               1.4723
  --------------------------------------------------------------------------
  data required time                                               1.4723
  data arrival time                                               -0.8955
  --------------------------------------------------------------------------
  slack (MET)                                                      0.5768


  Startpoint: DRAM_READY (input port clocked by CLK)
  Endpoint: DP_i_decode_i_B_reg_i_Y_reg_7_
            (rising edge-triggered flip-flop clocked by CLK)
  Path Group: INPUTS
  Path Type: max

  Des/Clust/Port     Wire Load Model       Library
  ------------------------------------------------
  DLX                5K_hvratio_1_4        NangateOpenCellLibrary

  Point                                                   Incr       Path
  --------------------------------------------------------------------------
  clock CLK (rise edge)                                 0.0000     0.0000
  clock network delay (ideal)                           0.0500     0.0500
  input external delay                                  0.1500     0.2000 r
  DRAM_READY (in)                                       0.0009     0.2009 r
  U2041/ZN (OR2_X1)                                     0.0707     0.2716 r
  U1903/ZN (INV_X1)                                     0.0574     0.3290 f
  U3900/ZN (NAND2_X2)                                   0.1651     0.4941 r
  U1475/ZN (INV_X1)                                     0.0628     0.5569 f
  U1276/Z (CLKBUF_X1)                                   0.1004     0.6573 f
  U7945/ZN (AND2_X1)                                    0.0685     0.7258 f
  U1621/ZN (OR3_X1)                                     0.0895     0.8153 f
  U3872/ZN (INV_X1)                                     0.0295     0.8448 r
  U8507/ZN (NAND4_X1)                                   0.0403     0.8851 f
  DP_i_decode_i_B_reg_i_Y_reg_7_/D (DFF_X1)             0.0104     0.8955 f
  data arrival time                                                0.8955

  clock CLK (rise edge)                                 1.5000     1.5000
  clock network delay (ideal)                           0.0500     1.5500
  clock uncertainty                                    -0.0500     1.5000
  DP_i_decode_i_B_reg_i_Y_reg_7_/CK (DFF_X1)            0.0000     1.5000 r
  library setup time                                   -0.0277     1.4723
  data required time                                               1.4723
  --------------------------------------------------------------------------
  data required time                                               1.4723
  data arrival time                                               -0.8955
  --------------------------------------------------------------------------
  slack (MET)                                                      0.5768


  Startpoint: DRAM_READY (input port clocked by CLK)
  Endpoint: DP_i_decode_i_B_reg_i_Y_reg_10_
            (rising edge-triggered flip-flop clocked by CLK)
  Path Group: INPUTS
  Path Type: max

  Des/Clust/Port     Wire Load Model       Library
  ------------------------------------------------
  DLX                5K_hvratio_1_4        NangateOpenCellLibrary

  Point                                                   Incr       Path
  --------------------------------------------------------------------------
  clock CLK (rise edge)                                 0.0000     0.0000
  clock network delay (ideal)                           0.0500     0.0500
  input external delay                                  0.1500     0.2000 r
  DRAM_READY (in)                                       0.0009     0.2009 r
  U2041/ZN (OR2_X1)                                     0.0707     0.2716 r
  U1903/ZN (INV_X1)                                     0.0574     0.3290 f
  U3900/ZN (NAND2_X2)                                   0.1651     0.4941 r
  U1475/ZN (INV_X1)                                     0.0628     0.5569 f
  U1276/Z (CLKBUF_X1)                                   0.1004     0.6573 f
  U7939/ZN (AND2_X1)                                    0.0685     0.7258 f
  U1620/ZN (OR3_X1)                                     0.0895     0.8153 f
  U3871/ZN (INV_X1)                                     0.0295     0.8448 r
  U8513/ZN (NAND4_X1)                                   0.0403     0.8851 f
  DP_i_decode_i_B_reg_i_Y_reg_10_/D (DFF_X1)            0.0104     0.8955 f
  data arrival time                                                0.8955

  clock CLK (rise edge)                                 1.5000     1.5000
  clock network delay (ideal)                           0.0500     1.5500
  clock uncertainty                                    -0.0500     1.5000
  DP_i_decode_i_B_reg_i_Y_reg_10_/CK (DFF_X1)           0.0000     1.5000 r
  library setup time                                   -0.0277     1.4723
  data required time                                               1.4723
  --------------------------------------------------------------------------
  data required time                                               1.4723
  data arrival time                                               -0.8955
  --------------------------------------------------------------------------
  slack (MET)                                                      0.5768


  Startpoint: DRAM_READY (input port clocked by CLK)
  Endpoint: DP_i_decode_i_B_reg_i_Y_reg_8_
            (rising edge-triggered flip-flop clocked by CLK)
  Path Group: INPUTS
  Path Type: max

  Des/Clust/Port     Wire Load Model       Library
  ------------------------------------------------
  DLX                5K_hvratio_1_4        NangateOpenCellLibrary

  Point                                                   Incr       Path
  --------------------------------------------------------------------------
  clock CLK (rise edge)                                 0.0000     0.0000
  clock network delay (ideal)                           0.0500     0.0500
  input external delay                                  0.1500     0.2000 r
  DRAM_READY (in)                                       0.0009     0.2009 r
  U2041/ZN (OR2_X1)                                     0.0707     0.2716 r
  U1903/ZN (INV_X1)                                     0.0574     0.3290 f
  U3900/ZN (NAND2_X2)                                   0.1651     0.4941 r
  U1475/ZN (INV_X1)                                     0.0628     0.5569 f
  U1276/Z (CLKBUF_X1)                                   0.1004     0.6573 f
  U3321/ZN (AND2_X1)                                    0.0685     0.7258 f
  U1956/ZN (OR3_X1)                                     0.0895     0.8153 f
  U1955/ZN (INV_X1)                                     0.0295     0.8448 r
  U8411/ZN (NAND4_X1)                                   0.0403     0.8851 f
  DP_i_decode_i_B_reg_i_Y_reg_8_/D (DFF_X1)             0.0104     0.8955 f
  data arrival time                                                0.8955

  clock CLK (rise edge)                                 1.5000     1.5000
  clock network delay (ideal)                           0.0500     1.5500
  clock uncertainty                                    -0.0500     1.5000
  DP_i_decode_i_B_reg_i_Y_reg_8_/CK (DFF_X1)            0.0000     1.5000 r
  library setup time                                   -0.0277     1.4723
  data required time                                               1.4723
  --------------------------------------------------------------------------
  data required time                                               1.4723
  data arrival time                                               -0.8955
  --------------------------------------------------------------------------
  slack (MET)                                                      0.5768


  Startpoint: DRAM_READY (input port clocked by CLK)
  Endpoint: DP_i_decode_i_B_reg_i_Y_reg_4_
            (rising edge-triggered flip-flop clocked by CLK)
  Path Group: INPUTS
  Path Type: max

  Des/Clust/Port     Wire Load Model       Library
  ------------------------------------------------
  DLX                5K_hvratio_1_4        NangateOpenCellLibrary

  Point                                                   Incr       Path
  --------------------------------------------------------------------------
  clock CLK (rise edge)                                 0.0000     0.0000
  clock network delay (ideal)                           0.0500     0.0500
  input external delay                                  0.1500     0.2000 r
  DRAM_READY (in)                                       0.0009     0.2009 r
  U2041/ZN (OR2_X1)                                     0.0707     0.2716 r
  U1903/ZN (INV_X1)                                     0.0574     0.3290 f
  U3900/ZN (NAND2_X2)                                   0.1651     0.4941 r
  U1475/ZN (INV_X1)                                     0.0628     0.5569 f
  U1276/Z (CLKBUF_X1)                                   0.1004     0.6573 f
  U7748/ZN (AND2_X1)                                    0.0685     0.7258 f
  U1608/ZN (OR3_X1)                                     0.0895     0.8153 f
  U1607/ZN (INV_X1)                                     0.0295     0.8448 r
  U8402/ZN (NAND4_X1)                                   0.0403     0.8851 f
  DP_i_decode_i_B_reg_i_Y_reg_4_/D (DFF_X1)             0.0104     0.8955 f
  data arrival time                                                0.8955

  clock CLK (rise edge)                                 1.5000     1.5000
  clock network delay (ideal)                           0.0500     1.5500
  clock uncertainty                                    -0.0500     1.5000
  DP_i_decode_i_B_reg_i_Y_reg_4_/CK (DFF_X1)            0.0000     1.5000 r
  library setup time                                   -0.0277     1.4723
  data required time                                               1.4723
  --------------------------------------------------------------------------
  data required time                                               1.4723
  data arrival time                                               -0.8955
  --------------------------------------------------------------------------
  slack (MET)                                                      0.5768


  Startpoint: DRAM_READY (input port clocked by CLK)
  Endpoint: DP_i_decode_i_B_reg_i_Y_reg_15_
            (rising edge-triggered flip-flop clocked by CLK)
  Path Group: INPUTS
  Path Type: max

  Des/Clust/Port     Wire Load Model       Library
  ------------------------------------------------
  DLX                5K_hvratio_1_4        NangateOpenCellLibrary

  Point                                                   Incr       Path
  --------------------------------------------------------------------------
  clock CLK (rise edge)                                 0.0000     0.0000
  clock network delay (ideal)                           0.0500     0.0500
  input external delay                                  0.1500     0.2000 r
  DRAM_READY (in)                                       0.0009     0.2009 r
  U2041/ZN (OR2_X1)                                     0.0707     0.2716 r
  U1903/ZN (INV_X1)                                     0.0574     0.3290 f
  U3900/ZN (NAND2_X2)                                   0.1651     0.4941 r
  U1475/ZN (INV_X1)                                     0.0628     0.5569 f
  U1276/Z (CLKBUF_X1)                                   0.1004     0.6573 f
  U7943/ZN (AND2_X1)                                    0.0685     0.7258 f
  U1921/ZN (OR3_X1)                                     0.0895     0.8153 f
  U1920/ZN (INV_X1)                                     0.0295     0.8448 r
  U8494/ZN (NAND4_X1)                                   0.0403     0.8851 f
  DP_i_decode_i_B_reg_i_Y_reg_15_/D (DFF_X1)            0.0104     0.8955 f
  data arrival time                                                0.8955

  clock CLK (rise edge)                                 1.5000     1.5000
  clock network delay (ideal)                           0.0500     1.5500
  clock uncertainty                                    -0.0500     1.5000
  DP_i_decode_i_B_reg_i_Y_reg_15_/CK (DFF_X1)           0.0000     1.5000 r
  library setup time                                   -0.0277     1.4723
  data required time                                               1.4723
  --------------------------------------------------------------------------
  data required time                                               1.4723
  data arrival time                                               -0.8955
  --------------------------------------------------------------------------
  slack (MET)                                                      0.5768


  Startpoint: DP_i_fetch_i_IR_out_reg_1_
              (rising edge-triggered flip-flop clocked by CLK)
  Endpoint: IRAM_ISSUE (output port clocked by CLK)
  Path Group: OUTPUTS
  Path Type: max

  Des/Clust/Port     Wire Load Model       Library
  ------------------------------------------------
  DLX                5K_hvratio_1_4        NangateOpenCellLibrary

  Point                                                   Incr       Path
  --------------------------------------------------------------------------
  clock CLK (rise edge)                                 0.0000     0.0000
  clock network delay (ideal)                           0.0500     0.0500
  DP_i_fetch_i_IR_out_reg_1_/CK (DFF_X2)                0.0000     0.0500 r
  DP_i_fetch_i_IR_out_reg_1_/Q (DFF_X2)                 0.1420     0.1920 r
  U5472/ZN (NOR2_X1)                                    0.0485     0.2405 f
  U5474/ZN (AOI221_X1)                                  0.1048     0.3453 r
  U5477/ZN (OAI22_X1)                                   0.0445     0.3898 f
  U5478/ZN (NOR2_X1)                                    0.0408     0.4305 r
  U5480/ZN (OAI21_X1)                                   0.0316     0.4622 f
  U5481/ZN (INV_X1)                                     0.0286     0.4908 r
  U914/ZN (AND2_X2)                                     0.0527     0.5434 r
  U1267/ZN (AND3_X2)                                    0.0975     0.6409 r
  U2601/ZN (NAND2_X1)                                   0.0648     0.7057 f
  U3533/ZN (INV_X1)                                     0.0589     0.7646 r
  U5829/ZN (NOR2_X1)                                    0.0337     0.7983 f
  U5830/Z (MUX2_X1)                                     0.0686     0.8668 f
  U3456/ZN (NAND2_X1)                                   0.0294     0.8962 r
  U3457/ZN (NAND4_X1)                                   0.0371     0.9334 f
  U2503/ZN (AND2_X1)                                    0.0405     0.9739 f
  U1801/ZN (AND2_X1)                                    0.0363     1.0102 f
  U5833/ZN (NAND2_X1)                                   0.0296     1.0398 r
  U2803/ZN (NAND2_X1)                                   0.0301     1.0698 f
  U1101/Z (CLKBUF_X1)                                   0.0500     1.1198 f
  U7014/ZN (AOI21_X1)                                   0.0492     1.1691 r
  IRAM_ISSUE (out)                                      0.0035     1.1725 r
  data arrival time                                                1.1725

  clock CLK (rise edge)                                 1.5000     1.5000
  clock network delay (ideal)                           0.0500     1.5500
  clock uncertainty                                    -0.0500     1.5000
  output external delay                                -0.1500     1.3500
  data required time                                               1.3500
  --------------------------------------------------------------------------
  data required time                                               1.3500
  data arrival time                                               -1.1725
  --------------------------------------------------------------------------
  slack (MET)                                                      0.1775


  Startpoint: DP_i_fetch_i_IR_out_reg_1_
              (rising edge-triggered flip-flop clocked by CLK)
  Endpoint: IRAM_ISSUE (output port clocked by CLK)
  Path Group: OUTPUTS
  Path Type: max

  Des/Clust/Port     Wire Load Model       Library
  ------------------------------------------------
  DLX                5K_hvratio_1_4        NangateOpenCellLibrary

  Point                                                   Incr       Path
  --------------------------------------------------------------------------
  clock CLK (rise edge)                                 0.0000     0.0000
  clock network delay (ideal)                           0.0500     0.0500
  DP_i_fetch_i_IR_out_reg_1_/CK (DFF_X2)                0.0000     0.0500 r
  DP_i_fetch_i_IR_out_reg_1_/Q (DFF_X2)                 0.1420     0.1920 r
  U5472/ZN (NOR2_X1)                                    0.0485     0.2405 f
  U5474/ZN (AOI221_X1)                                  0.1048     0.3453 r
  U5477/ZN (OAI22_X1)                                   0.0445     0.3898 f
  U5478/ZN (NOR2_X1)                                    0.0408     0.4305 r
  U5480/ZN (OAI21_X1)                                   0.0316     0.4622 f
  U5481/ZN (INV_X1)                                     0.0286     0.4908 r
  U914/ZN (AND2_X2)                                     0.0527     0.5434 r
  U1267/ZN (AND3_X2)                                    0.0975     0.6409 r
  U2601/ZN (NAND2_X1)                                   0.0648     0.7057 f
  U3533/ZN (INV_X1)                                     0.0589     0.7646 r
  U5829/ZN (NOR2_X1)                                    0.0337     0.7983 f
  U5830/Z (MUX2_X1)                                     0.0686     0.8668 f
  U3456/ZN (NAND2_X1)                                   0.0294     0.8962 r
  U3457/ZN (NAND4_X1)                                   0.0371     0.9334 f
  U2503/ZN (AND2_X1)                                    0.0405     0.9739 f
  U1801/ZN (AND2_X1)                                    0.0363     1.0102 f
  U5833/ZN (NAND2_X1)                                   0.0296     1.0397 r
  U2803/ZN (NAND2_X1)                                   0.0301     1.0698 f
  U1101/Z (CLKBUF_X1)                                   0.0500     1.1198 f
  U7014/ZN (AOI21_X1)                                   0.0492     1.1691 r
  IRAM_ISSUE (out)                                      0.0035     1.1725 r
  data arrival time                                                1.1725

  clock CLK (rise edge)                                 1.5000     1.5000
  clock network delay (ideal)                           0.0500     1.5500
  clock uncertainty                                    -0.0500     1.5000
  output external delay                                -0.1500     1.3500
  data required time                                               1.3500
  --------------------------------------------------------------------------
  data required time                                               1.3500
  data arrival time                                               -1.1725
  --------------------------------------------------------------------------
  slack (MET)                                                      0.1775


  Startpoint: DP_i_execute_i_alu_out_reg_i_Y_reg_1_
              (rising edge-triggered flip-flop clocked by CLK)
  Endpoint: DRAM_DATA[30]
            (output port clocked by CLK)
  Path Group: OUTPUTS
  Path Type: max

  Des/Clust/Port     Wire Load Model       Library
  ------------------------------------------------
  DLX                5K_hvratio_1_4        NangateOpenCellLibrary

  Point                                                   Incr       Path
  --------------------------------------------------------------------------
  clock CLK (rise edge)                                 0.0000     0.0000
  clock network delay (ideal)                           0.0500     0.0500
  DP_i_execute_i_alu_out_reg_i_Y_reg_1_/CK (DFF_X1)     0.0000     0.0500 r
  DP_i_execute_i_alu_out_reg_i_Y_reg_1_/Q (DFF_X1)      0.1488     0.1988 r
  U1590/ZN (AOI21_X1)                                   0.0523     0.2511 f
  U1589/ZN (OR3_X1)                                     0.0749     0.3260 f
  U1588/ZN (NAND2_X1)                                   0.0531     0.3792 r
  U3946/ZN (NOR2_X1)                                    0.0385     0.4176 f
  U1904/ZN (INV_X1)                                     0.0371     0.4547 r
  U5974/ZN (OR2_X4)                                     0.1490     0.6038 r
  DRAM_DATA_tri_30_/Z (TBUF_X1)                         0.2587     0.8625 f
  DRAM_DATA[30] (inout)                                 0.0048     0.8673 f
  data arrival time                                                0.8673

  clock CLK (rise edge)                                 1.5000     1.5000
  clock network delay (ideal)                           0.0500     1.5500
  clock uncertainty                                    -0.0500     1.5000
  output external delay                                -0.1500     1.3500
  data required time                                               1.3500
  --------------------------------------------------------------------------
  data required time                                               1.3500
  data arrival time                                               -0.8673
  --------------------------------------------------------------------------
  slack (MET)                                                      0.4827


  Startpoint: DP_i_execute_i_alu_out_reg_i_Y_reg_1_
              (rising edge-triggered flip-flop clocked by CLK)
  Endpoint: DRAM_DATA[29]
            (output port clocked by CLK)
  Path Group: OUTPUTS
  Path Type: max

  Des/Clust/Port     Wire Load Model       Library
  ------------------------------------------------
  DLX                5K_hvratio_1_4        NangateOpenCellLibrary

  Point                                                   Incr       Path
  --------------------------------------------------------------------------
  clock CLK (rise edge)                                 0.0000     0.0000
  clock network delay (ideal)                           0.0500     0.0500
  DP_i_execute_i_alu_out_reg_i_Y_reg_1_/CK (DFF_X1)     0.0000     0.0500 r
  DP_i_execute_i_alu_out_reg_i_Y_reg_1_/Q (DFF_X1)      0.1488     0.1988 r
  U1590/ZN (AOI21_X1)                                   0.0523     0.2511 f
  U1589/ZN (OR3_X1)                                     0.0749     0.3260 f
  U1588/ZN (NAND2_X1)                                   0.0531     0.3792 r
  U3946/ZN (NOR2_X1)                                    0.0385     0.4176 f
  U1904/ZN (INV_X1)                                     0.0371     0.4547 r
  U5974/ZN (OR2_X4)                                     0.1490     0.6038 r
  DRAM_DATA_tri_29_/Z (TBUF_X1)                         0.2587     0.8625 f
  DRAM_DATA[29] (inout)                                 0.0048     0.8673 f
  data arrival time                                                0.8673

  clock CLK (rise edge)                                 1.5000     1.5000
  clock network delay (ideal)                           0.0500     1.5500
  clock uncertainty                                    -0.0500     1.5000
  output external delay                                -0.1500     1.3500
  data required time                                               1.3500
  --------------------------------------------------------------------------
  data required time                                               1.3500
  data arrival time                                               -0.8673
  --------------------------------------------------------------------------
  slack (MET)                                                      0.4827


  Startpoint: DP_i_execute_i_alu_out_reg_i_Y_reg_1_
              (rising edge-triggered flip-flop clocked by CLK)
  Endpoint: DRAM_DATA[28]
            (output port clocked by CLK)
  Path Group: OUTPUTS
  Path Type: max

  Des/Clust/Port     Wire Load Model       Library
  ------------------------------------------------
  DLX                5K_hvratio_1_4        NangateOpenCellLibrary

  Point                                                   Incr       Path
  --------------------------------------------------------------------------
  clock CLK (rise edge)                                 0.0000     0.0000
  clock network delay (ideal)                           0.0500     0.0500
  DP_i_execute_i_alu_out_reg_i_Y_reg_1_/CK (DFF_X1)     0.0000     0.0500 r
  DP_i_execute_i_alu_out_reg_i_Y_reg_1_/Q (DFF_X1)      0.1488     0.1988 r
  U1590/ZN (AOI21_X1)                                   0.0523     0.2511 f
  U1589/ZN (OR3_X1)                                     0.0749     0.3260 f
  U1588/ZN (NAND2_X1)                                   0.0531     0.3792 r
  U3946/ZN (NOR2_X1)                                    0.0385     0.4176 f
  U1904/ZN (INV_X1)                                     0.0371     0.4547 r
  U5974/ZN (OR2_X4)                                     0.1490     0.6038 r
  DRAM_DATA_tri_28_/Z (TBUF_X1)                         0.2587     0.8625 f
  DRAM_DATA[28] (inout)                                 0.0048     0.8673 f
  data arrival time                                                0.8673

  clock CLK (rise edge)                                 1.5000     1.5000
  clock network delay (ideal)                           0.0500     1.5500
  clock uncertainty                                    -0.0500     1.5000
  output external delay                                -0.1500     1.3500
  data required time                                               1.3500
  --------------------------------------------------------------------------
  data required time                                               1.3500
  data arrival time                                               -0.8673
  --------------------------------------------------------------------------
  slack (MET)                                                      0.4827


  Startpoint: DP_i_execute_i_alu_out_reg_i_Y_reg_1_
              (rising edge-triggered flip-flop clocked by CLK)
  Endpoint: DRAM_DATA[27]
            (output port clocked by CLK)
  Path Group: OUTPUTS
  Path Type: max

  Des/Clust/Port     Wire Load Model       Library
  ------------------------------------------------
  DLX                5K_hvratio_1_4        NangateOpenCellLibrary

  Point                                                   Incr       Path
  --------------------------------------------------------------------------
  clock CLK (rise edge)                                 0.0000     0.0000
  clock network delay (ideal)                           0.0500     0.0500
  DP_i_execute_i_alu_out_reg_i_Y_reg_1_/CK (DFF_X1)     0.0000     0.0500 r
  DP_i_execute_i_alu_out_reg_i_Y_reg_1_/Q (DFF_X1)      0.1488     0.1988 r
  U1590/ZN (AOI21_X1)                                   0.0523     0.2511 f
  U1589/ZN (OR3_X1)                                     0.0749     0.3260 f
  U1588/ZN (NAND2_X1)                                   0.0531     0.3792 r
  U3946/ZN (NOR2_X1)                                    0.0385     0.4176 f
  U1904/ZN (INV_X1)                                     0.0371     0.4547 r
  U5974/ZN (OR2_X4)                                     0.1490     0.6038 r
  DRAM_DATA_tri_27_/Z (TBUF_X1)                         0.2587     0.8625 f
  DRAM_DATA[27] (inout)                                 0.0048     0.8673 f
  data arrival time                                                0.8673

  clock CLK (rise edge)                                 1.5000     1.5000
  clock network delay (ideal)                           0.0500     1.5500
  clock uncertainty                                    -0.0500     1.5000
  output external delay                                -0.1500     1.3500
  data required time                                               1.3500
  --------------------------------------------------------------------------
  data required time                                               1.3500
  data arrival time                                               -0.8673
  --------------------------------------------------------------------------
  slack (MET)                                                      0.4827


  Startpoint: DP_i_execute_i_alu_out_reg_i_Y_reg_1_
              (rising edge-triggered flip-flop clocked by CLK)
  Endpoint: DRAM_DATA[26]
            (output port clocked by CLK)
  Path Group: OUTPUTS
  Path Type: max

  Des/Clust/Port     Wire Load Model       Library
  ------------------------------------------------
  DLX                5K_hvratio_1_4        NangateOpenCellLibrary

  Point                                                   Incr       Path
  --------------------------------------------------------------------------
  clock CLK (rise edge)                                 0.0000     0.0000
  clock network delay (ideal)                           0.0500     0.0500
  DP_i_execute_i_alu_out_reg_i_Y_reg_1_/CK (DFF_X1)     0.0000     0.0500 r
  DP_i_execute_i_alu_out_reg_i_Y_reg_1_/Q (DFF_X1)      0.1488     0.1988 r
  U1590/ZN (AOI21_X1)                                   0.0523     0.2511 f
  U1589/ZN (OR3_X1)                                     0.0749     0.3260 f
  U1588/ZN (NAND2_X1)                                   0.0531     0.3792 r
  U3946/ZN (NOR2_X1)                                    0.0385     0.4176 f
  U1904/ZN (INV_X1)                                     0.0371     0.4547 r
  U5974/ZN (OR2_X4)                                     0.1490     0.6038 r
  DRAM_DATA_tri_26_/Z (TBUF_X1)                         0.2587     0.8625 f
  DRAM_DATA[26] (inout)                                 0.0048     0.8673 f
  data arrival time                                                0.8673

  clock CLK (rise edge)                                 1.5000     1.5000
  clock network delay (ideal)                           0.0500     1.5500
  clock uncertainty                                    -0.0500     1.5000
  output external delay                                -0.1500     1.3500
  data required time                                               1.3500
  --------------------------------------------------------------------------
  data required time                                               1.3500
  data arrival time                                               -0.8673
  --------------------------------------------------------------------------
  slack (MET)                                                      0.4827


  Startpoint: DP_i_execute_i_alu_out_reg_i_Y_reg_1_
              (rising edge-triggered flip-flop clocked by CLK)
  Endpoint: DRAM_DATA[25]
            (output port clocked by CLK)
  Path Group: OUTPUTS
  Path Type: max

  Des/Clust/Port     Wire Load Model       Library
  ------------------------------------------------
  DLX                5K_hvratio_1_4        NangateOpenCellLibrary

  Point                                                   Incr       Path
  --------------------------------------------------------------------------
  clock CLK (rise edge)                                 0.0000     0.0000
  clock network delay (ideal)                           0.0500     0.0500
  DP_i_execute_i_alu_out_reg_i_Y_reg_1_/CK (DFF_X1)     0.0000     0.0500 r
  DP_i_execute_i_alu_out_reg_i_Y_reg_1_/Q (DFF_X1)      0.1488     0.1988 r
  U1590/ZN (AOI21_X1)                                   0.0523     0.2511 f
  U1589/ZN (OR3_X1)                                     0.0749     0.3260 f
  U1588/ZN (NAND2_X1)                                   0.0531     0.3792 r
  U3946/ZN (NOR2_X1)                                    0.0385     0.4176 f
  U1904/ZN (INV_X1)                                     0.0371     0.4547 r
  U5974/ZN (OR2_X4)                                     0.1490     0.6038 r
  DRAM_DATA_tri_25_/Z (TBUF_X1)                         0.2587     0.8625 f
  DRAM_DATA[25] (inout)                                 0.0048     0.8673 f
  data arrival time                                                0.8673

  clock CLK (rise edge)                                 1.5000     1.5000
  clock network delay (ideal)                           0.0500     1.5500
  clock uncertainty                                    -0.0500     1.5000
  output external delay                                -0.1500     1.3500
  data required time                                               1.3500
  --------------------------------------------------------------------------
  data required time                                               1.3500
  data arrival time                                               -0.8673
  --------------------------------------------------------------------------
  slack (MET)                                                      0.4827


  Startpoint: DP_i_execute_i_alu_out_reg_i_Y_reg_1_
              (rising edge-triggered flip-flop clocked by CLK)
  Endpoint: DRAM_DATA[24]
            (output port clocked by CLK)
  Path Group: OUTPUTS
  Path Type: max

  Des/Clust/Port     Wire Load Model       Library
  ------------------------------------------------
  DLX                5K_hvratio_1_4        NangateOpenCellLibrary

  Point                                                   Incr       Path
  --------------------------------------------------------------------------
  clock CLK (rise edge)                                 0.0000     0.0000
  clock network delay (ideal)                           0.0500     0.0500
  DP_i_execute_i_alu_out_reg_i_Y_reg_1_/CK (DFF_X1)     0.0000     0.0500 r
  DP_i_execute_i_alu_out_reg_i_Y_reg_1_/Q (DFF_X1)      0.1488     0.1988 r
  U1590/ZN (AOI21_X1)                                   0.0523     0.2511 f
  U1589/ZN (OR3_X1)                                     0.0749     0.3260 f
  U1588/ZN (NAND2_X1)                                   0.0531     0.3792 r
  U3946/ZN (NOR2_X1)                                    0.0385     0.4176 f
  U1904/ZN (INV_X1)                                     0.0371     0.4547 r
  U5974/ZN (OR2_X4)                                     0.1490     0.6038 r
  DRAM_DATA_tri_24_/Z (TBUF_X1)                         0.2587     0.8625 f
  DRAM_DATA[24] (inout)                                 0.0048     0.8673 f
  data arrival time                                                0.8673

  clock CLK (rise edge)                                 1.5000     1.5000
  clock network delay (ideal)                           0.0500     1.5500
  clock uncertainty                                    -0.0500     1.5000
  output external delay                                -0.1500     1.3500
  data required time                                               1.3500
  --------------------------------------------------------------------------
  data required time                                               1.3500
  data arrival time                                               -0.8673
  --------------------------------------------------------------------------
  slack (MET)                                                      0.4827


  Startpoint: DP_i_execute_i_alu_out_reg_i_Y_reg_1_
              (rising edge-triggered flip-flop clocked by CLK)
  Endpoint: DRAM_DATA[23]
            (output port clocked by CLK)
  Path Group: OUTPUTS
  Path Type: max

  Des/Clust/Port     Wire Load Model       Library
  ------------------------------------------------
  DLX                5K_hvratio_1_4        NangateOpenCellLibrary

  Point                                                   Incr       Path
  --------------------------------------------------------------------------
  clock CLK (rise edge)                                 0.0000     0.0000
  clock network delay (ideal)                           0.0500     0.0500
  DP_i_execute_i_alu_out_reg_i_Y_reg_1_/CK (DFF_X1)     0.0000     0.0500 r
  DP_i_execute_i_alu_out_reg_i_Y_reg_1_/Q (DFF_X1)      0.1488     0.1988 r
  U1590/ZN (AOI21_X1)                                   0.0523     0.2511 f
  U1589/ZN (OR3_X1)                                     0.0749     0.3260 f
  U1588/ZN (NAND2_X1)                                   0.0531     0.3792 r
  U3946/ZN (NOR2_X1)                                    0.0385     0.4176 f
  U1904/ZN (INV_X1)                                     0.0371     0.4547 r
  U5974/ZN (OR2_X4)                                     0.1490     0.6038 r
  DRAM_DATA_tri_23_/Z (TBUF_X1)                         0.2587     0.8625 f
  DRAM_DATA[23] (inout)                                 0.0048     0.8673 f
  data arrival time                                                0.8673

  clock CLK (rise edge)                                 1.5000     1.5000
  clock network delay (ideal)                           0.0500     1.5500
  clock uncertainty                                    -0.0500     1.5000
  output external delay                                -0.1500     1.3500
  data required time                                               1.3500
  --------------------------------------------------------------------------
  data required time                                               1.3500
  data arrival time                                               -0.8673
  --------------------------------------------------------------------------
  slack (MET)                                                      0.4827


  Startpoint: DP_i_execute_i_rd_out_reg_i_Y_reg_3_
              (rising edge-triggered flip-flop clocked by CLK)
  Endpoint: DP_i_execute_i_boothmul_i_tree_i_register_i_3_Y_temp_reg_29_
            (rising edge-triggered flip-flop clocked by CLK)
  Path Group: REG2REG
  Path Type: max

  Des/Clust/Port     Wire Load Model       Library
  ------------------------------------------------
  DLX                5K_hvratio_1_4        NangateOpenCellLibrary

  Point                                                   Incr       Path
  --------------------------------------------------------------------------
  clock CLK (rise edge)                                 0.0000     0.0000
  clock network delay (ideal)                           0.0500     0.0500
  DP_i_execute_i_rd_out_reg_i_Y_reg_3_/CK (DFF_X1)      0.0000     0.0500 r
  DP_i_execute_i_rd_out_reg_i_Y_reg_3_/Q (DFF_X1)       0.1023     0.1523 r
  U3174/ZN (XNOR2_X1)                                   0.0627     0.2151 r
  U3277/ZN (AND2_X1)                                    0.0464     0.2615 r
  U3394/ZN (NAND3_X1)                                   0.0390     0.3005 f
  U2579/ZN (NAND3_X1)                                   0.0397     0.3402 r
  U2799/ZN (NAND2_X1)                                   0.0392     0.3793 f
  U909/Z (BUF_X1)                                       0.0465     0.4258 f
  U3193/ZN (OR2_X1)                                     0.0610     0.4868 f
  U2937/ZN (AND2_X1)                                    0.0403     0.5271 f
  U3302/ZN (NOR2_X1)                                    0.0450     0.5721 r
  U1037/ZN (OR2_X2)                                     0.0495     0.6217 r
  U2627/ZN (NAND2_X1)                                   0.0387     0.6603 f
  U4875/ZN (NAND2_X1)                                   0.0429     0.7033 r
  U2898/ZN (NAND2_X1)                                   0.0369     0.7402 f
  U837/ZN (OR2_X2)                                      0.0642     0.8043 f
  U2847/ZN (NAND2_X1)                                   0.0319     0.8362 r
  U3366/ZN (XNOR2_X1)                                   0.0660     0.9022 r
  U3042/ZN (XNOR2_X1)                                   0.0682     0.9704 r
  U6353/ZN (XNOR2_X1)                                   0.0632     1.0335 r
  U6354/ZN (XNOR2_X1)                                   0.0666     1.1001 r
  U2972/Z (XOR2_X1)                                     0.0792     1.1793 r
  U6355/ZN (OAI21_X1)                                   0.0383     1.2176 f
  U7382/S (FA_X1)                                       0.1186     1.3361 f
  U3432/S (FA_X1)                                       0.1457     1.4818 r
  U3064/ZN (AND2_X1)                                    0.0394     1.5212 r
  DP_i_execute_i_boothmul_i_tree_i_register_i_3_Y_temp_reg_29_/D (DFF_X2)
                                                        0.0109     1.5321 r
  data arrival time                                                1.5321

  clock CLK (rise edge)                                 1.5000     1.5000
  clock network delay (ideal)                           0.0500     1.5500
  clock uncertainty                                    -0.0500     1.5000
  DP_i_execute_i_boothmul_i_tree_i_register_i_3_Y_temp_reg_29_/CK (DFF_X2)
                                                        0.0000     1.5000 r
  library setup time                                   -0.0262     1.4738
  data required time                                               1.4738
  --------------------------------------------------------------------------
  data required time                                               1.4738
  data arrival time                                               -1.5321
  --------------------------------------------------------------------------
  slack (VIOLATED)                                                -0.0583


  Startpoint: DP_i_execute_i_rd_out_reg_i_Y_reg_3_
              (rising edge-triggered flip-flop clocked by CLK)
  Endpoint: DP_i_execute_i_boothmul_i_tree_i_register_i_3_Y_temp_reg_29_
            (rising edge-triggered flip-flop clocked by CLK)
  Path Group: REG2REG
  Path Type: max

  Des/Clust/Port     Wire Load Model       Library
  ------------------------------------------------
  DLX                5K_hvratio_1_4        NangateOpenCellLibrary

  Point                                                   Incr       Path
  --------------------------------------------------------------------------
  clock CLK (rise edge)                                 0.0000     0.0000
  clock network delay (ideal)                           0.0500     0.0500
  DP_i_execute_i_rd_out_reg_i_Y_reg_3_/CK (DFF_X1)      0.0000     0.0500 r
  DP_i_execute_i_rd_out_reg_i_Y_reg_3_/Q (DFF_X1)       0.1023     0.1523 r
  U3174/ZN (XNOR2_X1)                                   0.0627     0.2151 r
  U3277/ZN (AND2_X1)                                    0.0464     0.2615 r
  U3394/ZN (NAND3_X1)                                   0.0390     0.3005 f
  U2579/ZN (NAND3_X1)                                   0.0397     0.3402 r
  U3964/ZN (INV_X1)                                     0.0321     0.3723 f
  U3172/Z (BUF_X2)                                      0.0578     0.4301 f
  U3965/ZN (NAND2_X1)                                   0.0474     0.4775 r
  U1559/ZN (AND2_X1)                                    0.0462     0.5237 r
  U3318/ZN (NAND3_X1)                                   0.0369     0.5607 f
  U1414/ZN (AND2_X1)                                    0.0539     0.6145 f
  U4877/ZN (NOR2_X1)                                    0.0401     0.6547 r
  U1242/ZN (OR2_X1)                                     0.0474     0.7021 r
  U2898/ZN (NAND2_X1)                                   0.0373     0.7394 f
  U837/ZN (OR2_X2)                                      0.0642     0.8036 f
  U2847/ZN (NAND2_X1)                                   0.0319     0.8354 r
  U3366/ZN (XNOR2_X1)                                   0.0660     0.9014 r
  U3042/ZN (XNOR2_X1)                                   0.0682     0.9696 r
  U6353/ZN (XNOR2_X1)                                   0.0632     1.0328 r
  U6354/ZN (XNOR2_X1)                                   0.0666     1.0994 r
  U2972/Z (XOR2_X1)                                     0.0792     1.1785 r
  U6355/ZN (OAI21_X1)                                   0.0383     1.2168 f
  U7382/S (FA_X1)                                       0.1186     1.3354 f
  U3432/S (FA_X1)                                       0.1457     1.4810 r
  U3064/ZN (AND2_X1)                                    0.0394     1.5205 r
  DP_i_execute_i_boothmul_i_tree_i_register_i_3_Y_temp_reg_29_/D (DFF_X2)
                                                        0.0109     1.5314 r
  data arrival time                                                1.5314

  clock CLK (rise edge)                                 1.5000     1.5000
  clock network delay (ideal)                           0.0500     1.5500
  clock uncertainty                                    -0.0500     1.5000
  DP_i_execute_i_boothmul_i_tree_i_register_i_3_Y_temp_reg_29_/CK (DFF_X2)
                                                        0.0000     1.5000 r
  library setup time                                   -0.0262     1.4738
  data required time                                               1.4738
  --------------------------------------------------------------------------
  data required time                                               1.4738
  data arrival time                                               -1.5314
  --------------------------------------------------------------------------
  slack (VIOLATED)                                                -0.0575


  Startpoint: DP_i_execute_i_rd_out_reg_i_Y_reg_3_
              (rising edge-triggered flip-flop clocked by CLK)
  Endpoint: DP_i_execute_i_boothmul_i_tree_i_register_i_2_Y_temp_reg_31_
            (rising edge-triggered flip-flop clocked by CLK)
  Path Group: REG2REG
  Path Type: max

  Des/Clust/Port     Wire Load Model       Library
  ------------------------------------------------
  DLX                5K_hvratio_1_4        NangateOpenCellLibrary

  Point                                                   Incr       Path
  --------------------------------------------------------------------------
  clock CLK (rise edge)                                 0.0000     0.0000
  clock network delay (ideal)                           0.0500     0.0500
  DP_i_execute_i_rd_out_reg_i_Y_reg_3_/CK (DFF_X1)      0.0000     0.0500 r
  DP_i_execute_i_rd_out_reg_i_Y_reg_3_/Q (DFF_X1)       0.1023     0.1523 r
  U3174/ZN (XNOR2_X1)                                   0.0627     0.2151 r
  U3277/ZN (AND2_X1)                                    0.0464     0.2615 r
  U3394/ZN (NAND3_X1)                                   0.0390     0.3005 f
  U2579/ZN (NAND3_X1)                                   0.0397     0.3402 r
  U3964/ZN (INV_X1)                                     0.0321     0.3723 f
  U3172/Z (BUF_X2)                                      0.0578     0.4301 f
  U3408/ZN (NAND2_X1)                                   0.0598     0.4899 r
  U2387/ZN (NAND3_X1)                                   0.0411     0.5310 f
  U3124/ZN (NAND2_X1)                                   0.0370     0.5680 r
  U2909/ZN (INV_X1)                                     0.0368     0.6048 f
  U3276/ZN (INV_X1)                                     0.0405     0.6453 r
  U3353/ZN (NAND3_X1)                                   0.0368     0.6821 f
  U1363/Z (MUX2_X2)                                     0.1058     0.7879 f
  U2916/ZN (OAI21_X1)                                   0.1105     0.8984 r
  U2497/ZN (XNOR2_X1)                                   0.0755     0.9738 r
  U4892/ZN (XNOR2_X1)                                   0.0667     1.0406 r
  U1400/ZN (NAND2_X1)                                   0.0332     1.0738 f
  U1402/ZN (NAND3_X1)                                   0.0404     1.1141 r
  U2880/ZN (XNOR2_X1)                                   0.0636     1.1777 r
  U2879/ZN (XNOR2_X1)                                   0.0669     1.2447 r
  U4977/ZN (XNOR2_X1)                                   0.0727     1.3174 r
  U4978/ZN (XNOR2_X1)                                   0.0731     1.3905 r
  U4981/ZN (OAI21_X1)                                   0.0378     1.4282 f
  U4982/ZN (XNOR2_X1)                                   0.0570     1.4852 f
  U7663/ZN (AND2_X1)                                    0.0380     1.5232 f
  DP_i_execute_i_boothmul_i_tree_i_register_i_2_Y_temp_reg_31_/D (DFF_X1)
                                                        0.0104     1.5336 f
  data arrival time                                                1.5336

  clock CLK (rise edge)                                 1.5000     1.5000
  clock network delay (ideal)                           0.0500     1.5500
  clock uncertainty                                    -0.0500     1.5000
  DP_i_execute_i_boothmul_i_tree_i_register_i_2_Y_temp_reg_31_/CK (DFF_X1)
                                                        0.0000     1.5000 r
  library setup time                                   -0.0239     1.4761
  data required time                                               1.4761
  --------------------------------------------------------------------------
  data required time                                               1.4761
  data arrival time                                               -1.5336
  --------------------------------------------------------------------------
  slack (VIOLATED)                                                -0.0575


  Startpoint: DP_i_execute_i_rd_out_reg_i_Y_reg_3_
              (rising edge-triggered flip-flop clocked by CLK)
  Endpoint: DP_i_execute_i_boothmul_i_tree_i_register_i_1_Y_temp_reg_27_
            (rising edge-triggered flip-flop clocked by CLK)
  Path Group: REG2REG
  Path Type: max

  Des/Clust/Port     Wire Load Model       Library
  ------------------------------------------------
  DLX                5K_hvratio_1_4        NangateOpenCellLibrary

  Point                                                   Incr       Path
  --------------------------------------------------------------------------
  clock CLK (rise edge)                                 0.0000     0.0000
  clock network delay (ideal)                           0.0500     0.0500
  DP_i_execute_i_rd_out_reg_i_Y_reg_3_/CK (DFF_X1)      0.0000     0.0500 r
  DP_i_execute_i_rd_out_reg_i_Y_reg_3_/Q (DFF_X1)       0.1023     0.1523 r
  U3174/ZN (XNOR2_X1)                                   0.0627     0.2151 r
  U3277/ZN (AND2_X1)                                    0.0464     0.2615 r
  U3394/ZN (NAND3_X1)                                   0.0390     0.3005 f
  U2579/ZN (NAND3_X1)                                   0.0397     0.3402 r
  U3964/ZN (INV_X1)                                     0.0321     0.3723 f
  U3172/Z (BUF_X2)                                      0.0578     0.4301 f
  U3408/ZN (NAND2_X1)                                   0.0598     0.4899 r
  U2387/ZN (NAND3_X1)                                   0.0411     0.5310 f
  U3124/ZN (NAND2_X1)                                   0.0370     0.5680 r
  U2909/ZN (INV_X1)                                     0.0368     0.6048 f
  U3276/ZN (INV_X1)                                     0.0405     0.6453 r
  U3353/ZN (NAND3_X1)                                   0.0368     0.6821 f
  U1363/Z (MUX2_X2)                                     0.1058     0.7879 f
  U6460/ZN (OAI21_X1)                                   0.0909     0.8788 r
  U6461/ZN (XNOR2_X1)                                   0.0785     0.9573 r
  U6462/ZN (XNOR2_X1)                                   0.0871     1.0444 r
  U3350/ZN (OR2_X1)                                     0.0503     1.0947 r
  U3348/ZN (NAND3_X1)                                   0.0451     1.1398 f
  U6464/ZN (XNOR2_X1)                                   0.0742     1.2140 f
  U3352/ZN (OAI21_X1)                                   0.0469     1.2609 r
  U1094/ZN (AND2_X1)                                    0.0578     1.3187 r
  U7128/ZN (XNOR2_X1)                                   0.0789     1.3975 r
  U3803/ZN (AND2_X1)                                    0.0531     1.4507 r
  U7268/ZN (OAI22_X1)                                   0.0313     1.4820 f
  DP_i_U1384/ZN (NOR2_X1)                               0.0364     1.5184 r
  DP_i_execute_i_boothmul_i_tree_i_register_i_1_Y_temp_reg_27_/D (DFF_X1)
                                                        0.0110     1.5294 r
  data arrival time                                                1.5294

  clock CLK (rise edge)                                 1.5000     1.5000
  clock network delay (ideal)                           0.0500     1.5500
  clock uncertainty                                    -0.0500     1.5000
  DP_i_execute_i_boothmul_i_tree_i_register_i_1_Y_temp_reg_27_/CK (DFF_X1)
                                                        0.0000     1.5000 r
  library setup time                                   -0.0280     1.4720
  data required time                                               1.4720
  --------------------------------------------------------------------------
  data required time                                               1.4720
  data arrival time                                               -1.5294
  --------------------------------------------------------------------------
  slack (VIOLATED)                                                -0.0574


  Startpoint: DP_i_execute_i_rd_out_reg_i_Y_reg_3_
              (rising edge-triggered flip-flop clocked by CLK)
  Endpoint: DP_i_execute_i_zero_alu_bit_Y_reg
            (rising edge-triggered flip-flop clocked by CLK)
  Path Group: REG2REG
  Path Type: max

  Des/Clust/Port     Wire Load Model       Library
  ------------------------------------------------
  DLX                5K_hvratio_1_4        NangateOpenCellLibrary

  Point                                                   Incr       Path
  --------------------------------------------------------------------------
  clock CLK (rise edge)                                 0.0000     0.0000
  clock network delay (ideal)                           0.0500     0.0500
  DP_i_execute_i_rd_out_reg_i_Y_reg_3_/CK (DFF_X1)      0.0000     0.0500 r
  DP_i_execute_i_rd_out_reg_i_Y_reg_3_/Q (DFF_X1)       0.1023     0.1523 r
  U3174/ZN (XNOR2_X1)                                   0.0627     0.2151 r
  U3277/ZN (AND2_X1)                                    0.0464     0.2615 r
  U3394/ZN (NAND3_X1)                                   0.0390     0.3005 f
  U2579/ZN (NAND3_X1)                                   0.0397     0.3402 r
  U3964/ZN (INV_X1)                                     0.0321     0.3723 f
  U1018/Z (BUF_X1)                                      0.0481     0.4203 f
  U3980/Z (BUF_X2)                                      0.0555     0.4759 f
  U4009/ZN (NAND2_X1)                                   0.0474     0.5232 r
  U2975/ZN (NAND3_X1)                                   0.0357     0.5590 f
  U991/ZN (AND2_X2)                                     0.0464     0.6053 f
  U1767/ZN (XNOR2_X1)                                   0.0620     0.6673 f
  U3665/ZN (AND2_X1)                                    0.0469     0.7142 f
  U4154/ZN (INV_X1)                                     0.0338     0.7480 r
  U910/ZN (AND2_X2)                                     0.0539     0.8019 r
  U4156/ZN (NAND3_X1)                                   0.0391     0.8410 f
  U2401/ZN (AND2_X1)                                    0.0384     0.8794 f
  U1136/ZN (AOI21_X1)                                   0.0545     0.9340 r
  U3123/ZN (OAI211_X1)                                  0.0516     0.9856 f
  U3122/ZN (OR2_X1)                                     0.0610     1.0466 f
  U3383/ZN (NAND2_X1)                                   0.0328     1.0794 r
  U1749/ZN (AND3_X1)                                    0.0558     1.1353 r
  U2592/ZN (AND2_X1)                                    0.0432     1.1785 r
  U2591/ZN (NAND2_X1)                                   0.0313     1.2098 f
  U4743/ZN (NOR3_X1)                                    0.0561     1.2659 r
  U3475/ZN (AND4_X1)                                    0.0717     1.3376 r
  U3479/ZN (XNOR2_X1)                                   0.0374     1.3751 f
  U4753/ZN (OAI211_X1)                                  0.0565     1.4315 r
  U3336/ZN (NAND3_X1)                                   0.0409     1.4725 f
  U7665/ZN (OAI21_X1)                                   0.0457     1.5182 r
  DP_i_execute_i_zero_alu_bit_Y_reg/D (DFF_X2)          0.0109     1.5291 r
  data arrival time                                                1.5291

  clock CLK (rise edge)                                 1.5000     1.5000
  clock network delay (ideal)                           0.0500     1.5500
  clock uncertainty                                    -0.0500     1.5000
  DP_i_execute_i_zero_alu_bit_Y_reg/CK (DFF_X2)         0.0000     1.5000 r
  library setup time                                   -0.0283     1.4717
  data required time                                               1.4717
  --------------------------------------------------------------------------
  data required time                                               1.4717
  data arrival time                                               -1.5291
  --------------------------------------------------------------------------
  slack (VIOLATED)                                                -0.0574


  Startpoint: DP_i_fetch_i_IR_out_reg_27_
              (rising edge-triggered flip-flop clocked by CLK)
  Endpoint: DP_i_fetch_i_IR_out_reg_4_
            (rising edge-triggered flip-flop clocked by CLK)
  Path Group: REG2REG
  Path Type: max

  Des/Clust/Port     Wire Load Model       Library
  ------------------------------------------------
  DLX                5K_hvratio_1_4        NangateOpenCellLibrary

  Point                                                   Incr       Path
  --------------------------------------------------------------------------
  clock CLK (rise edge)                                 0.0000     0.0000
  clock network delay (ideal)                           0.0500     0.0500
  DP_i_fetch_i_IR_out_reg_27_/CK (DFF_X1)               0.0000     0.0500 r
  DP_i_fetch_i_IR_out_reg_27_/QN (DFF_X1)               0.0883     0.1383 f
  U3947/ZN (NAND2_X1)                                   0.0410     0.1794 r
  U2473/ZN (NOR2_X1)                                    0.0262     0.2056 f
  U2472/ZN (NAND2_X1)                                   0.0479     0.2535 r
  U3232/ZN (NAND2_X1)                                   0.0455     0.2990 f
  U5662/ZN (OR2_X1)                                     0.0562     0.3552 f
  U5663/ZN (AND2_X1)                                    0.0398     0.3950 f
  U2576/ZN (AOI21_X1)                                   0.0376     0.4325 r
  U3429/ZN (AND2_X1)                                    0.0477     0.4802 r
  U3430/ZN (NAND3_X1)                                   0.0323     0.5125 f
  U3238/ZN (AND4_X1)                                    0.0490     0.5615 f
  U5672/ZN (OAI21_X1)                                   0.0505     0.6121 r
  U3483/ZN (OAI211_X1)                                  0.0403     0.6523 f
  U3484/ZN (NAND2_X1)                                   0.0404     0.6927 r
  U2907/ZN (AND3_X1)                                    0.0538     0.7465 r
  U3286/ZN (NAND2_X1)                                   0.0322     0.7787 f
  U5682/ZN (NAND2_X1)                                   0.0366     0.8153 r
  U5687/ZN (AOI21_X1)                                   0.0392     0.8545 f
  U2393/ZN (NAND2_X1)                                   0.0341     0.8886 r
  U2596/ZN (NAND2_X1)                                   0.0286     0.9172 f
  U2521/ZN (OR2_X1)                                     0.0598     0.9770 f
  U1383/ZN (NAND2_X1)                                   0.0327     1.0097 r
  U5772/ZN (XNOR2_X1)                                   0.0628     1.0726 r
  U5773/ZN (XNOR2_X1)                                   0.0651     1.1377 r
  U5781/ZN (NAND4_X1)                                   0.0450     1.1826 f
  U2575/ZN (AND2_X1)                                    0.0442     1.2268 f
  U2808/ZN (OAI21_X1)                                   0.0430     1.2698 r
  U8245/ZN (NAND2_X1)                                   0.0420     1.3118 f
  U3248/ZN (OR2_X4)                                     0.0993     1.4111 f
  U8337/ZN (OR2_X1)                                     0.0833     1.4945 f
  U8338/ZN (INV_X1)                                     0.0262     1.5206 r
  DP_i_fetch_i_IR_out_reg_4_/D (DFF_X2)                 0.0109     1.5315 r
  data arrival time                                                1.5315

  clock CLK (rise edge)                                 1.5000     1.5000
  clock network delay (ideal)                           0.0500     1.5500
  clock uncertainty                                    -0.0500     1.5000
  DP_i_fetch_i_IR_out_reg_4_/CK (DFF_X2)                0.0000     1.5000 r
  library setup time                                   -0.0259     1.4741
  data required time                                               1.4741
  --------------------------------------------------------------------------
  data required time                                               1.4741
  data arrival time                                               -1.5315
  --------------------------------------------------------------------------
  slack (VIOLATED)                                                -0.0574


  Startpoint: DP_i_fetch_i_IR_out_reg_27_
              (rising edge-triggered flip-flop clocked by CLK)
  Endpoint: DP_i_fetch_i_IR_out_reg_3_
            (rising edge-triggered flip-flop clocked by CLK)
  Path Group: REG2REG
  Path Type: max

  Des/Clust/Port     Wire Load Model       Library
  ------------------------------------------------
  DLX                5K_hvratio_1_4        NangateOpenCellLibrary

  Point                                                   Incr       Path
  --------------------------------------------------------------------------
  clock CLK (rise edge)                                 0.0000     0.0000
  clock network delay (ideal)                           0.0500     0.0500
  DP_i_fetch_i_IR_out_reg_27_/CK (DFF_X1)               0.0000     0.0500 r
  DP_i_fetch_i_IR_out_reg_27_/QN (DFF_X1)               0.0883     0.1383 f
  U3947/ZN (NAND2_X1)                                   0.0410     0.1794 r
  U2473/ZN (NOR2_X1)                                    0.0262     0.2056 f
  U2472/ZN (NAND2_X1)                                   0.0479     0.2535 r
  U3232/ZN (NAND2_X1)                                   0.0455     0.2990 f
  U5662/ZN (OR2_X1)                                     0.0562     0.3552 f
  U5663/ZN (AND2_X1)                                    0.0398     0.3950 f
  U2576/ZN (AOI21_X1)                                   0.0376     0.4325 r
  U3429/ZN (AND2_X1)                                    0.0477     0.4802 r
  U3430/ZN (NAND3_X1)                                   0.0323     0.5125 f
  U3238/ZN (AND4_X1)                                    0.0490     0.5615 f
  U5672/ZN (OAI21_X1)                                   0.0505     0.6121 r
  U3483/ZN (OAI211_X1)                                  0.0403     0.6523 f
  U3484/ZN (NAND2_X1)                                   0.0404     0.6927 r
  U2907/ZN (AND3_X1)                                    0.0538     0.7465 r
  U3286/ZN (NAND2_X1)                                   0.0322     0.7787 f
  U5682/ZN (NAND2_X1)                                   0.0366     0.8153 r
  U5687/ZN (AOI21_X1)                                   0.0392     0.8545 f
  U2393/ZN (NAND2_X1)                                   0.0341     0.8886 r
  U2596/ZN (NAND2_X1)                                   0.0286     0.9172 f
  U2521/ZN (OR2_X1)                                     0.0598     0.9770 f
  U1383/ZN (NAND2_X1)                                   0.0327     1.0097 r
  U5772/ZN (XNOR2_X1)                                   0.0628     1.0726 r
  U5773/ZN (XNOR2_X1)                                   0.0651     1.1377 r
  U5781/ZN (NAND4_X1)                                   0.0450     1.1826 f
  U2575/ZN (AND2_X1)                                    0.0442     1.2268 f
  U2808/ZN (OAI21_X1)                                   0.0430     1.2698 r
  U8245/ZN (NAND2_X1)                                   0.0420     1.3118 f
  U3248/ZN (OR2_X4)                                     0.0993     1.4111 f
  U8351/ZN (OR2_X1)                                     0.0833     1.4945 f
  U8352/ZN (INV_X1)                                     0.0262     1.5206 r
  DP_i_fetch_i_IR_out_reg_3_/D (DFF_X2)                 0.0109     1.5315 r
  data arrival time                                                1.5315

  clock CLK (rise edge)                                 1.5000     1.5000
  clock network delay (ideal)                           0.0500     1.5500
  clock uncertainty                                    -0.0500     1.5000
  DP_i_fetch_i_IR_out_reg_3_/CK (DFF_X2)                0.0000     1.5000 r
  library setup time                                   -0.0259     1.4741
  data required time                                               1.4741
  --------------------------------------------------------------------------
  data required time                                               1.4741
  data arrival time                                               -1.5315
  --------------------------------------------------------------------------
  slack (VIOLATED)                                                -0.0574


  Startpoint: DP_i_fetch_i_IR_out_reg_27_
              (rising edge-triggered flip-flop clocked by CLK)
  Endpoint: DP_i_fetch_i_IR_out_reg_0_
            (rising edge-triggered flip-flop clocked by CLK)
  Path Group: REG2REG
  Path Type: max

  Des/Clust/Port     Wire Load Model       Library
  ------------------------------------------------
  DLX                5K_hvratio_1_4        NangateOpenCellLibrary

  Point                                                   Incr       Path
  --------------------------------------------------------------------------
  clock CLK (rise edge)                                 0.0000     0.0000
  clock network delay (ideal)                           0.0500     0.0500
  DP_i_fetch_i_IR_out_reg_27_/CK (DFF_X1)               0.0000     0.0500 r
  DP_i_fetch_i_IR_out_reg_27_/QN (DFF_X1)               0.0883     0.1383 f
  U3947/ZN (NAND2_X1)                                   0.0410     0.1794 r
  U2473/ZN (NOR2_X1)                                    0.0262     0.2056 f
  U2472/ZN (NAND2_X1)                                   0.0479     0.2535 r
  U3232/ZN (NAND2_X1)                                   0.0455     0.2990 f
  U5662/ZN (OR2_X1)                                     0.0562     0.3552 f
  U5663/ZN (AND2_X1)                                    0.0398     0.3950 f
  U2576/ZN (AOI21_X1)                                   0.0376     0.4325 r
  U3429/ZN (AND2_X1)                                    0.0477     0.4802 r
  U3430/ZN (NAND3_X1)                                   0.0323     0.5125 f
  U3238/ZN (AND4_X1)                                    0.0490     0.5615 f
  U5672/ZN (OAI21_X1)                                   0.0505     0.6121 r
  U3483/ZN (OAI211_X1)                                  0.0403     0.6523 f
  U3484/ZN (NAND2_X1)                                   0.0404     0.6927 r
  U2907/ZN (AND3_X1)                                    0.0538     0.7465 r
  U3286/ZN (NAND2_X1)                                   0.0322     0.7787 f
  U5682/ZN (NAND2_X1)                                   0.0366     0.8153 r
  U5687/ZN (AOI21_X1)                                   0.0392     0.8545 f
  U2393/ZN (NAND2_X1)                                   0.0341     0.8886 r
  U2596/ZN (NAND2_X1)                                   0.0286     0.9172 f
  U2521/ZN (OR2_X1)                                     0.0598     0.9770 f
  U1383/ZN (NAND2_X1)                                   0.0327     1.0097 r
  U5772/ZN (XNOR2_X1)                                   0.0628     1.0726 r
  U5773/ZN (XNOR2_X1)                                   0.0651     1.1377 r
  U5781/ZN (NAND4_X1)                                   0.0450     1.1826 f
  U2575/ZN (AND2_X1)                                    0.0442     1.2268 f
  U2808/ZN (OAI21_X1)                                   0.0430     1.2698 r
  U8245/ZN (NAND2_X1)                                   0.0420     1.3118 f
  U3248/ZN (OR2_X4)                                     0.0993     1.4111 f
  U8255/ZN (OR2_X1)                                     0.0833     1.4945 f
  U8256/ZN (INV_X1)                                     0.0262     1.5206 r
  DP_i_fetch_i_IR_out_reg_0_/D (DFF_X2)                 0.0109     1.5315 r
  data arrival time                                                1.5315

  clock CLK (rise edge)                                 1.5000     1.5000
  clock network delay (ideal)                           0.0500     1.5500
  clock uncertainty                                    -0.0500     1.5000
  DP_i_fetch_i_IR_out_reg_0_/CK (DFF_X2)                0.0000     1.5000 r
  library setup time                                   -0.0259     1.4741
  data required time                                               1.4741
  --------------------------------------------------------------------------
  data required time                                               1.4741
  data arrival time                                               -1.5315
  --------------------------------------------------------------------------
  slack (VIOLATED)                                                -0.0574


  Startpoint: DP_i_fetch_i_IR_out_reg_27_
              (rising edge-triggered flip-flop clocked by CLK)
  Endpoint: DP_i_fetch_i_IR_out_reg_1_
            (rising edge-triggered flip-flop clocked by CLK)
  Path Group: REG2REG
  Path Type: max

  Des/Clust/Port     Wire Load Model       Library
  ------------------------------------------------
  DLX                5K_hvratio_1_4        NangateOpenCellLibrary

  Point                                                   Incr       Path
  --------------------------------------------------------------------------
  clock CLK (rise edge)                                 0.0000     0.0000
  clock network delay (ideal)                           0.0500     0.0500
  DP_i_fetch_i_IR_out_reg_27_/CK (DFF_X1)               0.0000     0.0500 r
  DP_i_fetch_i_IR_out_reg_27_/QN (DFF_X1)               0.0883     0.1383 f
  U3947/ZN (NAND2_X1)                                   0.0410     0.1794 r
  U2473/ZN (NOR2_X1)                                    0.0262     0.2056 f
  U2472/ZN (NAND2_X1)                                   0.0479     0.2535 r
  U3232/ZN (NAND2_X1)                                   0.0455     0.2990 f
  U5662/ZN (OR2_X1)                                     0.0562     0.3552 f
  U5663/ZN (AND2_X1)                                    0.0398     0.3950 f
  U2576/ZN (AOI21_X1)                                   0.0376     0.4325 r
  U3429/ZN (AND2_X1)                                    0.0477     0.4802 r
  U3430/ZN (NAND3_X1)                                   0.0323     0.5125 f
  U3238/ZN (AND4_X1)                                    0.0490     0.5615 f
  U5672/ZN (OAI21_X1)                                   0.0505     0.6121 r
  U3483/ZN (OAI211_X1)                                  0.0403     0.6523 f
  U3484/ZN (NAND2_X1)                                   0.0404     0.6927 r
  U2907/ZN (AND3_X1)                                    0.0538     0.7465 r
  U3286/ZN (NAND2_X1)                                   0.0322     0.7787 f
  U5682/ZN (NAND2_X1)                                   0.0366     0.8153 r
  U5687/ZN (AOI21_X1)                                   0.0392     0.8545 f
  U2393/ZN (NAND2_X1)                                   0.0341     0.8886 r
  U2596/ZN (NAND2_X1)                                   0.0286     0.9172 f
  U2521/ZN (OR2_X1)                                     0.0598     0.9770 f
  U1383/ZN (NAND2_X1)                                   0.0327     1.0097 r
  U5772/ZN (XNOR2_X1)                                   0.0628     1.0726 r
  U5773/ZN (XNOR2_X1)                                   0.0651     1.1377 r
  U5781/ZN (NAND4_X1)                                   0.0450     1.1826 f
  U2575/ZN (AND2_X1)                                    0.0442     1.2268 f
  U2808/ZN (OAI21_X1)                                   0.0430     1.2698 r
  U8245/ZN (NAND2_X1)                                   0.0420     1.3118 f
  U3248/ZN (OR2_X4)                                     0.0993     1.4111 f
  U8270/ZN (OR2_X1)                                     0.0833     1.4945 f
  U8271/ZN (INV_X1)                                     0.0262     1.5206 r
  DP_i_fetch_i_IR_out_reg_1_/D (DFF_X2)                 0.0109     1.5315 r
  data arrival time                                                1.5315

  clock CLK (rise edge)                                 1.5000     1.5000
  clock network delay (ideal)                           0.0500     1.5500
  clock uncertainty                                    -0.0500     1.5000
  DP_i_fetch_i_IR_out_reg_1_/CK (DFF_X2)                0.0000     1.5000 r
  library setup time                                   -0.0259     1.4741
  data required time                                               1.4741
  --------------------------------------------------------------------------
  data required time                                               1.4741
  data arrival time                                               -1.5315
  --------------------------------------------------------------------------
  slack (VIOLATED)                                                -0.0574


  Startpoint: DP_i_fetch_i_IR_out_reg_27_
              (rising edge-triggered flip-flop clocked by CLK)
  Endpoint: DP_i_fetch_i_IR_out_reg_2_
            (rising edge-triggered flip-flop clocked by CLK)
  Path Group: REG2REG
  Path Type: max

  Des/Clust/Port     Wire Load Model       Library
  ------------------------------------------------
  DLX                5K_hvratio_1_4        NangateOpenCellLibrary

  Point                                                   Incr       Path
  --------------------------------------------------------------------------
  clock CLK (rise edge)                                 0.0000     0.0000
  clock network delay (ideal)                           0.0500     0.0500
  DP_i_fetch_i_IR_out_reg_27_/CK (DFF_X1)               0.0000     0.0500 r
  DP_i_fetch_i_IR_out_reg_27_/QN (DFF_X1)               0.0883     0.1383 f
  U3947/ZN (NAND2_X1)                                   0.0410     0.1794 r
  U2473/ZN (NOR2_X1)                                    0.0262     0.2056 f
  U2472/ZN (NAND2_X1)                                   0.0479     0.2535 r
  U3232/ZN (NAND2_X1)                                   0.0455     0.2990 f
  U5662/ZN (OR2_X1)                                     0.0562     0.3552 f
  U5663/ZN (AND2_X1)                                    0.0398     0.3950 f
  U2576/ZN (AOI21_X1)                                   0.0376     0.4325 r
  U3429/ZN (AND2_X1)                                    0.0477     0.4802 r
  U3430/ZN (NAND3_X1)                                   0.0323     0.5125 f
  U3238/ZN (AND4_X1)                                    0.0490     0.5615 f
  U5672/ZN (OAI21_X1)                                   0.0505     0.6121 r
  U3483/ZN (OAI211_X1)                                  0.0403     0.6523 f
  U3484/ZN (NAND2_X1)                                   0.0404     0.6927 r
  U2907/ZN (AND3_X1)                                    0.0538     0.7465 r
  U3286/ZN (NAND2_X1)                                   0.0322     0.7787 f
  U5682/ZN (NAND2_X1)                                   0.0366     0.8153 r
  U5687/ZN (AOI21_X1)                                   0.0392     0.8545 f
  U2393/ZN (NAND2_X1)                                   0.0341     0.8886 r
  U2596/ZN (NAND2_X1)                                   0.0286     0.9172 f
  U2521/ZN (OR2_X1)                                     0.0598     0.9770 f
  U1383/ZN (NAND2_X1)                                   0.0327     1.0097 r
  U5772/ZN (XNOR2_X1)                                   0.0628     1.0726 r
  U5773/ZN (XNOR2_X1)                                   0.0651     1.1377 r
  U5781/ZN (NAND4_X1)                                   0.0450     1.1826 f
  U2575/ZN (AND2_X1)                                    0.0442     1.2268 f
  U2808/ZN (OAI21_X1)                                   0.0430     1.2698 r
  U8245/ZN (NAND2_X1)                                   0.0420     1.3118 f
  U3248/ZN (OR2_X4)                                     0.0993     1.4111 f
  U8257/ZN (OR2_X1)                                     0.0833     1.4945 f
  U8258/ZN (INV_X1)                                     0.0262     1.5206 r
  DP_i_fetch_i_IR_out_reg_2_/D (DFF_X2)                 0.0109     1.5315 r
  data arrival time                                                1.5315

  clock CLK (rise edge)                                 1.5000     1.5000
  clock network delay (ideal)                           0.0500     1.5500
  clock uncertainty                                    -0.0500     1.5000
  DP_i_fetch_i_IR_out_reg_2_/CK (DFF_X2)                0.0000     1.5000 r
  library setup time                                   -0.0259     1.4741
  data required time                                               1.4741
  --------------------------------------------------------------------------
  data required time                                               1.4741
  data arrival time                                               -1.5315
  --------------------------------------------------------------------------
  slack (VIOLATED)                                                -0.0574


1
