 
****************************************
Report : timing
        -path full
        -delay max
        -nworst 2
        -max_paths 10
Design : DLX
Version: W-2024.09-SP2
Date   : Tue Sep 29 13:04:06 2026
****************************************

Operating Conditions: typical   Library: NangateOpenCellLibrary
Wire Load Model Mode: top

  Startpoint: DP_i_fetch_i_btb_update_latch_i_pc_branch_out_reg_5_
              (rising edge-triggered flip-flop clocked by CLK)
  Endpoint: DP_i_fetch_i_btb_i/clk_gate_btb_table_reg_1__TARGET_/latch
            (gating element for clock CLK)
  Path Group: CLK
  Path Type: max

  Des/Clust/Port     Wire Load Model       Library
  ------------------------------------------------
  DLX                5K_hvratio_1_4        NangateOpenCellLibrary

  Point                                                   Incr       Path
  --------------------------------------------------------------------------
  clock CLK (rise edge)                                 0.0000     0.0000
  clock network delay (ideal)                           0.0500     0.0500
  DP_i_fetch_i_btb_update_latch_i_pc_branch_out_reg_5_/CK (DFF_X1)
                                                        0.0000     0.0500 r
  DP_i_fetch_i_btb_update_latch_i_pc_branch_out_reg_5_/Q (DFF_X1)
                                                        0.1131     0.1631 r
  DP_i_fetch_i_btb_i/pc_branch[5] (BTB_NBIT32_BTB_DEPTH16_BTB_INDEX_MSB5)
                                                        0.0000     0.1631 r
  DP_i_fetch_i_btb_i/U408/ZN (INV_X1)                   0.0323     0.1954 f
  DP_i_fetch_i_btb_i/U185/ZN (NOR2_X1)                  0.1290     0.3245 r
  DP_i_fetch_i_btb_i/U422/ZN (NAND2_X1)                 0.0622     0.3867 f
  DP_i_fetch_i_btb_i/U315/ZN (INV_X1)                   0.0521     0.4388 r
  DP_i_fetch_i_btb_i/U149/Z (BUF_X1)                    0.1156     0.5543 r
  DP_i_fetch_i_btb_i/U639/ZN (AOI22_X1)                 0.0689     0.6232 f
  DP_i_fetch_i_btb_i/U641/ZN (NAND4_X1)                 0.0449     0.6681 r
  DP_i_fetch_i_btb_i/U647/ZN (NOR2_X1)                  0.0281     0.6962 f
  DP_i_fetch_i_btb_i/U648/ZN (AOI22_X1)                 0.0619     0.7581 r
  DP_i_fetch_i_btb_i/U322/ZN (NAND3_X1)                 0.0387     0.7969 f
  DP_i_fetch_i_btb_i/U649/ZN (AOI21_X1)                 0.0560     0.8528 r
  DP_i_fetch_i_btb_i/U650/ZN (OAI21_X1)                 0.0369     0.8897 f
  DP_i_fetch_i_btb_i/U796/ZN (NOR3_X1)                  0.0533     0.9431 r
  DP_i_fetch_i_btb_i/U797/ZN (NAND4_X1)                 0.0443     0.9874 f
  DP_i_fetch_i_btb_i/U798/Z (BUF_X2)                    0.0538     1.0412 f
  DP_i_fetch_i_btb_i/U1893/ZN (AND4_X2)                 0.0687     1.1099 f
  DP_i_fetch_i_btb_i/U492/ZN (NAND2_X1)                 0.0663     1.1762 r
  DP_i_fetch_i_btb_i/U495/ZN (INV_X1)                   0.0356     1.2118 f
  DP_i_fetch_i_btb_i/U140/ZN (AOI21_X2)                 0.0769     1.2886 r
  DP_i_fetch_i_btb_i/U499/ZN (NOR2_X1)                  0.0299     1.3185 f
  DP_i_fetch_i_btb_i/clk_gate_btb_table_reg_1__TARGET_/EN (SNPS_CLOCK_GATE_HIGH_BTB_NBIT32_BTB_DEPTH16_BTB_INDEX_MSB5_30)
                                                        0.0000     1.3185 f
  DP_i_fetch_i_btb_i/clk_gate_btb_table_reg_1__TARGET_/latch/E (CLKGATETST_X1)
                                                        0.0088     1.3273 f
  data arrival time                                                1.3273

  clock CLK (rise edge)                                 1.4000     1.4000
  clock network delay (ideal)                           0.0500     1.4500
  clock uncertainty                                    -0.0500     1.4000
  DP_i_fetch_i_btb_i/clk_gate_btb_table_reg_1__TARGET_/latch/CK (CLKGATETST_X1)
                                                        0.0000     1.4000 r
  clock gating setup time                              -0.0644     1.3356
  data required time                                               1.3356
  --------------------------------------------------------------------------
  data required time                                               1.3356
  data arrival time                                               -1.3273
  --------------------------------------------------------------------------
  slack (MET)                                                      0.0082


  Startpoint: DP_i_fetch_i_btb_update_latch_i_pc_branch_out_reg_5_
              (rising edge-triggered flip-flop clocked by CLK)
  Endpoint: DP_i_fetch_i_btb_i/clk_gate_btb_table_reg_0__TARGET_/latch
            (gating element for clock CLK)
  Path Group: CLK
  Path Type: max

  Des/Clust/Port     Wire Load Model       Library
  ------------------------------------------------
  DLX                5K_hvratio_1_4        NangateOpenCellLibrary

  Point                                                   Incr       Path
  --------------------------------------------------------------------------
  clock CLK (rise edge)                                 0.0000     0.0000
  clock network delay (ideal)                           0.0500     0.0500
  DP_i_fetch_i_btb_update_latch_i_pc_branch_out_reg_5_/CK (DFF_X1)
                                                        0.0000     0.0500 r
  DP_i_fetch_i_btb_update_latch_i_pc_branch_out_reg_5_/Q (DFF_X1)
                                                        0.1131     0.1631 r
  DP_i_fetch_i_btb_i/pc_branch[5] (BTB_NBIT32_BTB_DEPTH16_BTB_INDEX_MSB5)
                                                        0.0000     0.1631 r
  DP_i_fetch_i_btb_i/U408/ZN (INV_X1)                   0.0323     0.1954 f
  DP_i_fetch_i_btb_i/U185/ZN (NOR2_X1)                  0.1290     0.3245 r
  DP_i_fetch_i_btb_i/U422/ZN (NAND2_X1)                 0.0622     0.3867 f
  DP_i_fetch_i_btb_i/U315/ZN (INV_X1)                   0.0521     0.4388 r
  DP_i_fetch_i_btb_i/U149/Z (BUF_X1)                    0.1156     0.5543 r
  DP_i_fetch_i_btb_i/U639/ZN (AOI22_X1)                 0.0689     0.6232 f
  DP_i_fetch_i_btb_i/U641/ZN (NAND4_X1)                 0.0449     0.6681 r
  DP_i_fetch_i_btb_i/U647/ZN (NOR2_X1)                  0.0281     0.6962 f
  DP_i_fetch_i_btb_i/U648/ZN (AOI22_X1)                 0.0619     0.7581 r
  DP_i_fetch_i_btb_i/U322/ZN (NAND3_X1)                 0.0387     0.7969 f
  DP_i_fetch_i_btb_i/U649/ZN (AOI21_X1)                 0.0560     0.8528 r
  DP_i_fetch_i_btb_i/U650/ZN (OAI21_X1)                 0.0369     0.8897 f
  DP_i_fetch_i_btb_i/U796/ZN (NOR3_X1)                  0.0533     0.9431 r
  DP_i_fetch_i_btb_i/U797/ZN (NAND4_X1)                 0.0443     0.9874 f
  DP_i_fetch_i_btb_i/U798/Z (BUF_X2)                    0.0538     1.0412 f
  DP_i_fetch_i_btb_i/U1893/ZN (AND4_X2)                 0.0687     1.1099 f
  DP_i_fetch_i_btb_i/U492/ZN (NAND2_X1)                 0.0663     1.1762 r
  DP_i_fetch_i_btb_i/U495/ZN (INV_X1)                   0.0356     1.2118 f
  DP_i_fetch_i_btb_i/U140/ZN (AOI21_X2)                 0.0769     1.2886 r
  DP_i_fetch_i_btb_i/U497/ZN (NOR2_X1)                  0.0299     1.3185 f
  DP_i_fetch_i_btb_i/clk_gate_btb_table_reg_0__TARGET_/EN (SNPS_CLOCK_GATE_HIGH_BTB_NBIT32_BTB_DEPTH16_BTB_INDEX_MSB5_32)
                                                        0.0000     1.3185 f
  DP_i_fetch_i_btb_i/clk_gate_btb_table_reg_0__TARGET_/latch/E (CLKGATETST_X1)
                                                        0.0088     1.3273 f
  data arrival time                                                1.3273

  clock CLK (rise edge)                                 1.4000     1.4000
  clock network delay (ideal)                           0.0500     1.4500
  clock uncertainty                                    -0.0500     1.4000
  DP_i_fetch_i_btb_i/clk_gate_btb_table_reg_0__TARGET_/latch/CK (CLKGATETST_X1)
                                                        0.0000     1.4000 r
  clock gating setup time                              -0.0644     1.3356
  data required time                                               1.3356
  --------------------------------------------------------------------------
  data required time                                               1.3356
  data arrival time                                               -1.3273
  --------------------------------------------------------------------------
  slack (MET)                                                      0.0082


  Startpoint: DP_i_fetch_i_btb_update_latch_i_pc_branch_out_reg_5_
              (rising edge-triggered flip-flop clocked by CLK)
  Endpoint: DP_i_fetch_i_btb_i/clk_gate_btb_table_reg_3__TARGET_/latch
            (gating element for clock CLK)
  Path Group: CLK
  Path Type: max

  Des/Clust/Port     Wire Load Model       Library
  ------------------------------------------------
  DLX                5K_hvratio_1_4        NangateOpenCellLibrary

  Point                                                   Incr       Path
  --------------------------------------------------------------------------
  clock CLK (rise edge)                                 0.0000     0.0000
  clock network delay (ideal)                           0.0500     0.0500
  DP_i_fetch_i_btb_update_latch_i_pc_branch_out_reg_5_/CK (DFF_X1)
                                                        0.0000     0.0500 r
  DP_i_fetch_i_btb_update_latch_i_pc_branch_out_reg_5_/Q (DFF_X1)
                                                        0.1131     0.1631 r
  DP_i_fetch_i_btb_i/pc_branch[5] (BTB_NBIT32_BTB_DEPTH16_BTB_INDEX_MSB5)
                                                        0.0000     0.1631 r
  DP_i_fetch_i_btb_i/U408/ZN (INV_X1)                   0.0323     0.1954 f
  DP_i_fetch_i_btb_i/U185/ZN (NOR2_X1)                  0.1290     0.3245 r
  DP_i_fetch_i_btb_i/U422/ZN (NAND2_X1)                 0.0622     0.3867 f
  DP_i_fetch_i_btb_i/U315/ZN (INV_X1)                   0.0521     0.4388 r
  DP_i_fetch_i_btb_i/U149/Z (BUF_X1)                    0.1156     0.5543 r
  DP_i_fetch_i_btb_i/U639/ZN (AOI22_X1)                 0.0689     0.6232 f
  DP_i_fetch_i_btb_i/U641/ZN (NAND4_X1)                 0.0449     0.6681 r
  DP_i_fetch_i_btb_i/U647/ZN (NOR2_X1)                  0.0281     0.6962 f
  DP_i_fetch_i_btb_i/U648/ZN (AOI22_X1)                 0.0619     0.7581 r
  DP_i_fetch_i_btb_i/U322/ZN (NAND3_X1)                 0.0387     0.7969 f
  DP_i_fetch_i_btb_i/U649/ZN (AOI21_X1)                 0.0560     0.8528 r
  DP_i_fetch_i_btb_i/U650/ZN (OAI21_X1)                 0.0369     0.8897 f
  DP_i_fetch_i_btb_i/U796/ZN (NOR3_X1)                  0.0533     0.9431 r
  DP_i_fetch_i_btb_i/U797/ZN (NAND4_X1)                 0.0443     0.9874 f
  DP_i_fetch_i_btb_i/U798/Z (BUF_X2)                    0.0538     1.0412 f
  DP_i_fetch_i_btb_i/U1893/ZN (AND4_X2)                 0.0687     1.1099 f
  DP_i_fetch_i_btb_i/U492/ZN (NAND2_X1)                 0.0663     1.1762 r
  DP_i_fetch_i_btb_i/U495/ZN (INV_X1)                   0.0356     1.2118 f
  DP_i_fetch_i_btb_i/U140/ZN (AOI21_X2)                 0.0769     1.2886 r
  DP_i_fetch_i_btb_i/U504/ZN (NOR2_X1)                  0.0299     1.3185 f
  DP_i_fetch_i_btb_i/clk_gate_btb_table_reg_3__TARGET_/EN (SNPS_CLOCK_GATE_HIGH_BTB_NBIT32_BTB_DEPTH16_BTB_INDEX_MSB5_26)
                                                        0.0000     1.3185 f
  DP_i_fetch_i_btb_i/clk_gate_btb_table_reg_3__TARGET_/latch/E (CLKGATETST_X1)
                                                        0.0088     1.3273 f
  data arrival time                                                1.3273

  clock CLK (rise edge)                                 1.4000     1.4000
  clock network delay (ideal)                           0.0500     1.4500
  clock uncertainty                                    -0.0500     1.4000
  DP_i_fetch_i_btb_i/clk_gate_btb_table_reg_3__TARGET_/latch/CK (CLKGATETST_X1)
                                                        0.0000     1.4000 r
  clock gating setup time                              -0.0644     1.3356
  data required time                                               1.3356
  --------------------------------------------------------------------------
  data required time                                               1.3356
  data arrival time                                               -1.3273
  --------------------------------------------------------------------------
  slack (MET)                                                      0.0082


  Startpoint: DP_i_fetch_i_btb_update_latch_i_pc_branch_out_reg_5_
              (rising edge-triggered flip-flop clocked by CLK)
  Endpoint: DP_i_fetch_i_btb_i/clk_gate_btb_table_reg_2__TARGET_/latch
            (gating element for clock CLK)
  Path Group: CLK
  Path Type: max

  Des/Clust/Port     Wire Load Model       Library
  ------------------------------------------------
  DLX                5K_hvratio_1_4        NangateOpenCellLibrary

  Point                                                   Incr       Path
  --------------------------------------------------------------------------
  clock CLK (rise edge)                                 0.0000     0.0000
  clock network delay (ideal)                           0.0500     0.0500
  DP_i_fetch_i_btb_update_latch_i_pc_branch_out_reg_5_/CK (DFF_X1)
                                                        0.0000     0.0500 r
  DP_i_fetch_i_btb_update_latch_i_pc_branch_out_reg_5_/Q (DFF_X1)
                                                        0.1131     0.1631 r
  DP_i_fetch_i_btb_i/pc_branch[5] (BTB_NBIT32_BTB_DEPTH16_BTB_INDEX_MSB5)
                                                        0.0000     0.1631 r
  DP_i_fetch_i_btb_i/U408/ZN (INV_X1)                   0.0323     0.1954 f
  DP_i_fetch_i_btb_i/U185/ZN (NOR2_X1)                  0.1290     0.3245 r
  DP_i_fetch_i_btb_i/U422/ZN (NAND2_X1)                 0.0622     0.3867 f
  DP_i_fetch_i_btb_i/U315/ZN (INV_X1)                   0.0521     0.4388 r
  DP_i_fetch_i_btb_i/U149/Z (BUF_X1)                    0.1156     0.5543 r
  DP_i_fetch_i_btb_i/U639/ZN (AOI22_X1)                 0.0689     0.6232 f
  DP_i_fetch_i_btb_i/U641/ZN (NAND4_X1)                 0.0449     0.6681 r
  DP_i_fetch_i_btb_i/U647/ZN (NOR2_X1)                  0.0281     0.6962 f
  DP_i_fetch_i_btb_i/U648/ZN (AOI22_X1)                 0.0619     0.7581 r
  DP_i_fetch_i_btb_i/U322/ZN (NAND3_X1)                 0.0387     0.7969 f
  DP_i_fetch_i_btb_i/U649/ZN (AOI21_X1)                 0.0560     0.8528 r
  DP_i_fetch_i_btb_i/U650/ZN (OAI21_X1)                 0.0369     0.8897 f
  DP_i_fetch_i_btb_i/U796/ZN (NOR3_X1)                  0.0533     0.9431 r
  DP_i_fetch_i_btb_i/U797/ZN (NAND4_X1)                 0.0443     0.9874 f
  DP_i_fetch_i_btb_i/U798/Z (BUF_X2)                    0.0538     1.0412 f
  DP_i_fetch_i_btb_i/U1893/ZN (AND4_X2)                 0.0687     1.1099 f
  DP_i_fetch_i_btb_i/U492/ZN (NAND2_X1)                 0.0663     1.1762 r
  DP_i_fetch_i_btb_i/U495/ZN (INV_X1)                   0.0356     1.2118 f
  DP_i_fetch_i_btb_i/U140/ZN (AOI21_X2)                 0.0769     1.2886 r
  DP_i_fetch_i_btb_i/U502/ZN (NOR2_X1)                  0.0299     1.3185 f
  DP_i_fetch_i_btb_i/clk_gate_btb_table_reg_2__TARGET_/EN (SNPS_CLOCK_GATE_HIGH_BTB_NBIT32_BTB_DEPTH16_BTB_INDEX_MSB5_28)
                                                        0.0000     1.3185 f
  DP_i_fetch_i_btb_i/clk_gate_btb_table_reg_2__TARGET_/latch/E (CLKGATETST_X1)
                                                        0.0088     1.3273 f
  data arrival time                                                1.3273

  clock CLK (rise edge)                                 1.4000     1.4000
  clock network delay (ideal)                           0.0500     1.4500
  clock uncertainty                                    -0.0500     1.4000
  DP_i_fetch_i_btb_i/clk_gate_btb_table_reg_2__TARGET_/latch/CK (CLKGATETST_X1)
                                                        0.0000     1.4000 r
  clock gating setup time                              -0.0644     1.3356
  data required time                                               1.3356
  --------------------------------------------------------------------------
  data required time                                               1.3356
  data arrival time                                               -1.3273
  --------------------------------------------------------------------------
  slack (MET)                                                      0.0082


  Startpoint: DP_i_fetch_i_btb_update_latch_i_pc_branch_out_reg_5_
              (rising edge-triggered flip-flop clocked by CLK)
  Endpoint: DP_i_fetch_i_btb_i/clk_gate_btb_table_reg_1__TARGET_/latch
            (gating element for clock CLK)
  Path Group: CLK
  Path Type: max

  Des/Clust/Port     Wire Load Model       Library
  ------------------------------------------------
  DLX                5K_hvratio_1_4        NangateOpenCellLibrary

  Point                                                   Incr       Path
  --------------------------------------------------------------------------
  clock CLK (rise edge)                                 0.0000     0.0000
  clock network delay (ideal)                           0.0500     0.0500
  DP_i_fetch_i_btb_update_latch_i_pc_branch_out_reg_5_/CK (DFF_X1)
                                                        0.0000     0.0500 r
  DP_i_fetch_i_btb_update_latch_i_pc_branch_out_reg_5_/Q (DFF_X1)
                                                        0.1131     0.1631 r
  DP_i_fetch_i_btb_i/pc_branch[5] (BTB_NBIT32_BTB_DEPTH16_BTB_INDEX_MSB5)
                                                        0.0000     0.1631 r
  DP_i_fetch_i_btb_i/U408/ZN (INV_X1)                   0.0323     0.1954 f
  DP_i_fetch_i_btb_i/U185/ZN (NOR2_X1)                  0.1290     0.3245 r
  DP_i_fetch_i_btb_i/U422/ZN (NAND2_X1)                 0.0622     0.3867 f
  DP_i_fetch_i_btb_i/U315/ZN (INV_X1)                   0.0521     0.4388 r
  DP_i_fetch_i_btb_i/U149/Z (BUF_X1)                    0.1156     0.5543 r
  DP_i_fetch_i_btb_i/U639/ZN (AOI22_X1)                 0.0660     0.6203 f
  DP_i_fetch_i_btb_i/U641/ZN (NAND4_X1)                 0.0449     0.6652 r
  DP_i_fetch_i_btb_i/U647/ZN (NOR2_X1)                  0.0281     0.6933 f
  DP_i_fetch_i_btb_i/U648/ZN (AOI22_X1)                 0.0619     0.7552 r
  DP_i_fetch_i_btb_i/U322/ZN (NAND3_X1)                 0.0387     0.7939 f
  DP_i_fetch_i_btb_i/U649/ZN (AOI21_X1)                 0.0560     0.8499 r
  DP_i_fetch_i_btb_i/U650/ZN (OAI21_X1)                 0.0369     0.8868 f
  DP_i_fetch_i_btb_i/U796/ZN (NOR3_X1)                  0.0533     0.9401 r
  DP_i_fetch_i_btb_i/U797/ZN (NAND4_X1)                 0.0443     0.9844 f
  DP_i_fetch_i_btb_i/U798/Z (BUF_X2)                    0.0538     1.0383 f
  DP_i_fetch_i_btb_i/U1893/ZN (AND4_X2)                 0.0687     1.1069 f
  DP_i_fetch_i_btb_i/U492/ZN (NAND2_X1)                 0.0663     1.1733 r
  DP_i_fetch_i_btb_i/U495/ZN (INV_X1)                   0.0356     1.2088 f
  DP_i_fetch_i_btb_i/U140/ZN (AOI21_X2)                 0.0769     1.2857 r
  DP_i_fetch_i_btb_i/U499/ZN (NOR2_X1)                  0.0299     1.3156 f
  DP_i_fetch_i_btb_i/clk_gate_btb_table_reg_1__TARGET_/EN (SNPS_CLOCK_GATE_HIGH_BTB_NBIT32_BTB_DEPTH16_BTB_INDEX_MSB5_30)
                                                        0.0000     1.3156 f
  DP_i_fetch_i_btb_i/clk_gate_btb_table_reg_1__TARGET_/latch/E (CLKGATETST_X1)
                                                        0.0088     1.3244 f
  data arrival time                                                1.3244

  clock CLK (rise edge)                                 1.4000     1.4000
  clock network delay (ideal)                           0.0500     1.4500
  clock uncertainty                                    -0.0500     1.4000
  DP_i_fetch_i_btb_i/clk_gate_btb_table_reg_1__TARGET_/latch/CK (CLKGATETST_X1)
                                                        0.0000     1.4000 r
  clock gating setup time                              -0.0644     1.3356
  data required time                                               1.3356
  --------------------------------------------------------------------------
  data required time                                               1.3356
  data arrival time                                               -1.3244
  --------------------------------------------------------------------------
  slack (MET)                                                      0.0112


  Startpoint: DP_i_fetch_i_btb_update_latch_i_pc_branch_out_reg_5_
              (rising edge-triggered flip-flop clocked by CLK)
  Endpoint: DP_i_fetch_i_btb_i/clk_gate_btb_table_reg_0__TARGET_/latch
            (gating element for clock CLK)
  Path Group: CLK
  Path Type: max

  Des/Clust/Port     Wire Load Model       Library
  ------------------------------------------------
  DLX                5K_hvratio_1_4        NangateOpenCellLibrary

  Point                                                   Incr       Path
  --------------------------------------------------------------------------
  clock CLK (rise edge)                                 0.0000     0.0000
  clock network delay (ideal)                           0.0500     0.0500
  DP_i_fetch_i_btb_update_latch_i_pc_branch_out_reg_5_/CK (DFF_X1)
                                                        0.0000     0.0500 r
  DP_i_fetch_i_btb_update_latch_i_pc_branch_out_reg_5_/Q (DFF_X1)
                                                        0.1131     0.1631 r
  DP_i_fetch_i_btb_i/pc_branch[5] (BTB_NBIT32_BTB_DEPTH16_BTB_INDEX_MSB5)
                                                        0.0000     0.1631 r
  DP_i_fetch_i_btb_i/U408/ZN (INV_X1)                   0.0323     0.1954 f
  DP_i_fetch_i_btb_i/U185/ZN (NOR2_X1)                  0.1290     0.3245 r
  DP_i_fetch_i_btb_i/U422/ZN (NAND2_X1)                 0.0622     0.3867 f
  DP_i_fetch_i_btb_i/U315/ZN (INV_X1)                   0.0521     0.4388 r
  DP_i_fetch_i_btb_i/U149/Z (BUF_X1)                    0.1156     0.5543 r
  DP_i_fetch_i_btb_i/U639/ZN (AOI22_X1)                 0.0660     0.6203 f
  DP_i_fetch_i_btb_i/U641/ZN (NAND4_X1)                 0.0449     0.6652 r
  DP_i_fetch_i_btb_i/U647/ZN (NOR2_X1)                  0.0281     0.6933 f
  DP_i_fetch_i_btb_i/U648/ZN (AOI22_X1)                 0.0619     0.7552 r
  DP_i_fetch_i_btb_i/U322/ZN (NAND3_X1)                 0.0387     0.7939 f
  DP_i_fetch_i_btb_i/U649/ZN (AOI21_X1)                 0.0560     0.8499 r
  DP_i_fetch_i_btb_i/U650/ZN (OAI21_X1)                 0.0369     0.8868 f
  DP_i_fetch_i_btb_i/U796/ZN (NOR3_X1)                  0.0533     0.9401 r
  DP_i_fetch_i_btb_i/U797/ZN (NAND4_X1)                 0.0443     0.9844 f
  DP_i_fetch_i_btb_i/U798/Z (BUF_X2)                    0.0538     1.0383 f
  DP_i_fetch_i_btb_i/U1893/ZN (AND4_X2)                 0.0687     1.1069 f
  DP_i_fetch_i_btb_i/U492/ZN (NAND2_X1)                 0.0663     1.1733 r
  DP_i_fetch_i_btb_i/U495/ZN (INV_X1)                   0.0356     1.2088 f
  DP_i_fetch_i_btb_i/U140/ZN (AOI21_X2)                 0.0769     1.2857 r
  DP_i_fetch_i_btb_i/U497/ZN (NOR2_X1)                  0.0299     1.3156 f
  DP_i_fetch_i_btb_i/clk_gate_btb_table_reg_0__TARGET_/EN (SNPS_CLOCK_GATE_HIGH_BTB_NBIT32_BTB_DEPTH16_BTB_INDEX_MSB5_32)
                                                        0.0000     1.3156 f
  DP_i_fetch_i_btb_i/clk_gate_btb_table_reg_0__TARGET_/latch/E (CLKGATETST_X1)
                                                        0.0088     1.3244 f
  data arrival time                                                1.3244

  clock CLK (rise edge)                                 1.4000     1.4000
  clock network delay (ideal)                           0.0500     1.4500
  clock uncertainty                                    -0.0500     1.4000
  DP_i_fetch_i_btb_i/clk_gate_btb_table_reg_0__TARGET_/latch/CK (CLKGATETST_X1)
                                                        0.0000     1.4000 r
  clock gating setup time                              -0.0644     1.3356
  data required time                                               1.3356
  --------------------------------------------------------------------------
  data required time                                               1.3356
  data arrival time                                               -1.3244
  --------------------------------------------------------------------------
  slack (MET)                                                      0.0112


  Startpoint: DP_i_fetch_i_btb_update_latch_i_pc_branch_out_reg_5_
              (rising edge-triggered flip-flop clocked by CLK)
  Endpoint: DP_i_fetch_i_btb_i/clk_gate_btb_table_reg_3__TARGET_/latch
            (gating element for clock CLK)
  Path Group: CLK
  Path Type: max

  Des/Clust/Port     Wire Load Model       Library
  ------------------------------------------------
  DLX                5K_hvratio_1_4        NangateOpenCellLibrary

  Point                                                   Incr       Path
  --------------------------------------------------------------------------
  clock CLK (rise edge)                                 0.0000     0.0000
  clock network delay (ideal)                           0.0500     0.0500
  DP_i_fetch_i_btb_update_latch_i_pc_branch_out_reg_5_/CK (DFF_X1)
                                                        0.0000     0.0500 r
  DP_i_fetch_i_btb_update_latch_i_pc_branch_out_reg_5_/Q (DFF_X1)
                                                        0.1131     0.1631 r
  DP_i_fetch_i_btb_i/pc_branch[5] (BTB_NBIT32_BTB_DEPTH16_BTB_INDEX_MSB5)
                                                        0.0000     0.1631 r
  DP_i_fetch_i_btb_i/U408/ZN (INV_X1)                   0.0323     0.1954 f
  DP_i_fetch_i_btb_i/U185/ZN (NOR2_X1)                  0.1290     0.3245 r
  DP_i_fetch_i_btb_i/U422/ZN (NAND2_X1)                 0.0622     0.3867 f
  DP_i_fetch_i_btb_i/U315/ZN (INV_X1)                   0.0521     0.4388 r
  DP_i_fetch_i_btb_i/U149/Z (BUF_X1)                    0.1156     0.5543 r
  DP_i_fetch_i_btb_i/U639/ZN (AOI22_X1)                 0.0660     0.6203 f
  DP_i_fetch_i_btb_i/U641/ZN (NAND4_X1)                 0.0449     0.6652 r
  DP_i_fetch_i_btb_i/U647/ZN (NOR2_X1)                  0.0281     0.6933 f
  DP_i_fetch_i_btb_i/U648/ZN (AOI22_X1)                 0.0619     0.7552 r
  DP_i_fetch_i_btb_i/U322/ZN (NAND3_X1)                 0.0387     0.7939 f
  DP_i_fetch_i_btb_i/U649/ZN (AOI21_X1)                 0.0560     0.8499 r
  DP_i_fetch_i_btb_i/U650/ZN (OAI21_X1)                 0.0369     0.8868 f
  DP_i_fetch_i_btb_i/U796/ZN (NOR3_X1)                  0.0533     0.9401 r
  DP_i_fetch_i_btb_i/U797/ZN (NAND4_X1)                 0.0443     0.9844 f
  DP_i_fetch_i_btb_i/U798/Z (BUF_X2)                    0.0538     1.0383 f
  DP_i_fetch_i_btb_i/U1893/ZN (AND4_X2)                 0.0687     1.1069 f
  DP_i_fetch_i_btb_i/U492/ZN (NAND2_X1)                 0.0663     1.1733 r
  DP_i_fetch_i_btb_i/U495/ZN (INV_X1)                   0.0356     1.2088 f
  DP_i_fetch_i_btb_i/U140/ZN (AOI21_X2)                 0.0769     1.2857 r
  DP_i_fetch_i_btb_i/U504/ZN (NOR2_X1)                  0.0299     1.3156 f
  DP_i_fetch_i_btb_i/clk_gate_btb_table_reg_3__TARGET_/EN (SNPS_CLOCK_GATE_HIGH_BTB_NBIT32_BTB_DEPTH16_BTB_INDEX_MSB5_26)
                                                        0.0000     1.3156 f
  DP_i_fetch_i_btb_i/clk_gate_btb_table_reg_3__TARGET_/latch/E (CLKGATETST_X1)
                                                        0.0088     1.3244 f
  data arrival time                                                1.3244

  clock CLK (rise edge)                                 1.4000     1.4000
  clock network delay (ideal)                           0.0500     1.4500
  clock uncertainty                                    -0.0500     1.4000
  DP_i_fetch_i_btb_i/clk_gate_btb_table_reg_3__TARGET_/latch/CK (CLKGATETST_X1)
                                                        0.0000     1.4000 r
  clock gating setup time                              -0.0644     1.3356
  data required time                                               1.3356
  --------------------------------------------------------------------------
  data required time                                               1.3356
  data arrival time                                               -1.3244
  --------------------------------------------------------------------------
  slack (MET)                                                      0.0112


  Startpoint: DP_i_fetch_i_btb_update_latch_i_pc_branch_out_reg_5_
              (rising edge-triggered flip-flop clocked by CLK)
  Endpoint: DP_i_fetch_i_btb_i/clk_gate_btb_table_reg_2__TARGET_/latch
            (gating element for clock CLK)
  Path Group: CLK
  Path Type: max

  Des/Clust/Port     Wire Load Model       Library
  ------------------------------------------------
  DLX                5K_hvratio_1_4        NangateOpenCellLibrary

  Point                                                   Incr       Path
  --------------------------------------------------------------------------
  clock CLK (rise edge)                                 0.0000     0.0000
  clock network delay (ideal)                           0.0500     0.0500
  DP_i_fetch_i_btb_update_latch_i_pc_branch_out_reg_5_/CK (DFF_X1)
                                                        0.0000     0.0500 r
  DP_i_fetch_i_btb_update_latch_i_pc_branch_out_reg_5_/Q (DFF_X1)
                                                        0.1131     0.1631 r
  DP_i_fetch_i_btb_i/pc_branch[5] (BTB_NBIT32_BTB_DEPTH16_BTB_INDEX_MSB5)
                                                        0.0000     0.1631 r
  DP_i_fetch_i_btb_i/U408/ZN (INV_X1)                   0.0323     0.1954 f
  DP_i_fetch_i_btb_i/U185/ZN (NOR2_X1)                  0.1290     0.3245 r
  DP_i_fetch_i_btb_i/U422/ZN (NAND2_X1)                 0.0622     0.3867 f
  DP_i_fetch_i_btb_i/U315/ZN (INV_X1)                   0.0521     0.4388 r
  DP_i_fetch_i_btb_i/U149/Z (BUF_X1)                    0.1156     0.5543 r
  DP_i_fetch_i_btb_i/U639/ZN (AOI22_X1)                 0.0660     0.6203 f
  DP_i_fetch_i_btb_i/U641/ZN (NAND4_X1)                 0.0449     0.6652 r
  DP_i_fetch_i_btb_i/U647/ZN (NOR2_X1)                  0.0281     0.6933 f
  DP_i_fetch_i_btb_i/U648/ZN (AOI22_X1)                 0.0619     0.7552 r
  DP_i_fetch_i_btb_i/U322/ZN (NAND3_X1)                 0.0387     0.7939 f
  DP_i_fetch_i_btb_i/U649/ZN (AOI21_X1)                 0.0560     0.8499 r
  DP_i_fetch_i_btb_i/U650/ZN (OAI21_X1)                 0.0369     0.8868 f
  DP_i_fetch_i_btb_i/U796/ZN (NOR3_X1)                  0.0533     0.9401 r
  DP_i_fetch_i_btb_i/U797/ZN (NAND4_X1)                 0.0443     0.9844 f
  DP_i_fetch_i_btb_i/U798/Z (BUF_X2)                    0.0538     1.0383 f
  DP_i_fetch_i_btb_i/U1893/ZN (AND4_X2)                 0.0687     1.1069 f
  DP_i_fetch_i_btb_i/U492/ZN (NAND2_X1)                 0.0663     1.1733 r
  DP_i_fetch_i_btb_i/U495/ZN (INV_X1)                   0.0356     1.2088 f
  DP_i_fetch_i_btb_i/U140/ZN (AOI21_X2)                 0.0769     1.2857 r
  DP_i_fetch_i_btb_i/U502/ZN (NOR2_X1)                  0.0299     1.3156 f
  DP_i_fetch_i_btb_i/clk_gate_btb_table_reg_2__TARGET_/EN (SNPS_CLOCK_GATE_HIGH_BTB_NBIT32_BTB_DEPTH16_BTB_INDEX_MSB5_28)
                                                        0.0000     1.3156 f
  DP_i_fetch_i_btb_i/clk_gate_btb_table_reg_2__TARGET_/latch/E (CLKGATETST_X1)
                                                        0.0088     1.3244 f
  data arrival time                                                1.3244

  clock CLK (rise edge)                                 1.4000     1.4000
  clock network delay (ideal)                           0.0500     1.4500
  clock uncertainty                                    -0.0500     1.4000
  DP_i_fetch_i_btb_i/clk_gate_btb_table_reg_2__TARGET_/latch/CK (CLKGATETST_X1)
                                                        0.0000     1.4000 r
  clock gating setup time                              -0.0644     1.3356
  data required time                                               1.3356
  --------------------------------------------------------------------------
  data required time                                               1.3356
  data arrival time                                               -1.3244
  --------------------------------------------------------------------------
  slack (MET)                                                      0.0112


  Startpoint: DP_i_mem_access_i_rd_out_reg_i_Y_reg_0_
              (rising edge-triggered flip-flop clocked by CLK)
  Endpoint: DP_i_fetch_i_pc_i_clk_gate_Y_reg/latch
            (gating element for clock CLK)
  Path Group: CLK
  Path Type: max

  Des/Clust/Port     Wire Load Model       Library
  ------------------------------------------------
  DLX                5K_hvratio_1_4        NangateOpenCellLibrary

  Point                                                   Incr       Path
  --------------------------------------------------------------------------
  clock CLK (rise edge)                                 0.0000     0.0000
  clock network delay (ideal)                           0.0500     0.0500
  DP_i_mem_access_i_rd_out_reg_i_Y_reg_0_/CK (DFF_X1)   0.0000     0.0500 r
  DP_i_mem_access_i_rd_out_reg_i_Y_reg_0_/QN (DFF_X1)   0.0820     0.1320 f
  U991/ZN (INV_X2)                                      0.0588     0.1908 r
  DP_i_decode_i_reg_file_i/addr_w[0] (register_file)    0.0000     0.1908 r
  DP_i_decode_i_reg_file_i/U226/ZN (INV_X1)             0.0631     0.2538 f
  DP_i_decode_i_reg_file_i/U225/Z (MUX2_X1)             0.0809     0.3347 f
  DP_i_decode_i_reg_file_i/U12/ZN (AND4_X2)             0.0534     0.3881 f
  DP_i_decode_i_reg_file_i/U229/ZN (OR3_X2)             0.1149     0.5030 f
  DP_i_decode_i_reg_file_i/U240/ZN (NOR2_X1)            0.1050     0.6080 r
  DP_i_decode_i_reg_file_i/U62/Z (BUF_X2)               0.0868     0.6948 r
  DP_i_decode_i_reg_file_i/U292/ZN (AOI22_X1)           0.0560     0.7508 f
  DP_i_decode_i_reg_file_i/U302/ZN (NAND4_X1)           0.0406     0.7914 r
  DP_i_decode_i_reg_file_i/U71/ZN (NOR2_X1)             0.0266     0.8180 f
  DP_i_decode_i_reg_file_i/U208/ZN (NAND2_X1)           0.0386     0.8565 r
  DP_i_decode_i_reg_file_i/sign_rf1_out (register_file)
                                                        0.0000     0.8565 r
  U3030/ZN (INV_X1)                                     0.0291     0.8856 f
  U3807/Z (MUX2_X1)                                     0.0729     0.9585 f
  U2804/ZN (INV_X1)                                     0.0304     0.9890 r
  U3809/ZN (OAI21_X1)                                   0.0298     1.0188 f
  U3813/ZN (OAI211_X1)                                  0.0408     1.0596 r
  U1226/ZN (AND2_X1)                                    0.0578     1.1174 r
  U6105/ZN (NOR4_X1)                                    0.0331     1.1505 f
  U6107/ZN (NOR2_X1)                                    0.0710     1.2216 r
  U6108/ZN (OAI21_X1)                                   0.0468     1.2684 f
  U7827/ZN (NAND2_X1)                                   0.0289     1.2972 r
  DP_i_fetch_i_pc_i_clk_gate_Y_reg/EN (SNPS_CLOCK_GATE_HIGH_data_reg_NBIT30_2_2)
                                                        0.0000     1.2972 r
  DP_i_fetch_i_pc_i_clk_gate_Y_reg/latch/E (CLKGATETST_X1)
                                                        0.0091     1.3063 r
  data arrival time                                                1.3063

  clock CLK (rise edge)                                 1.4000     1.4000
  clock network delay (ideal)                           0.0500     1.4500
  clock uncertainty                                    -0.0500     1.4000
  DP_i_fetch_i_pc_i_clk_gate_Y_reg/latch/CK (CLKGATETST_X1)
                                                        0.0000     1.4000 r
  clock gating setup time                              -0.0724     1.3276
  data required time                                               1.3276
  --------------------------------------------------------------------------
  data required time                                               1.3276
  data arrival time                                               -1.3063
  --------------------------------------------------------------------------
  slack (MET)                                                      0.0213


  Startpoint: DP_i_mem_access_i_rd_out_reg_i_Y_reg_0_
              (rising edge-triggered flip-flop clocked by CLK)
  Endpoint: DP_i_fetch_i_pc_i_clk_gate_Y_reg/latch
            (gating element for clock CLK)
  Path Group: CLK
  Path Type: max

  Des/Clust/Port     Wire Load Model       Library
  ------------------------------------------------
  DLX                5K_hvratio_1_4        NangateOpenCellLibrary

  Point                                                   Incr       Path
  --------------------------------------------------------------------------
  clock CLK (rise edge)                                 0.0000     0.0000
  clock network delay (ideal)                           0.0500     0.0500
  DP_i_mem_access_i_rd_out_reg_i_Y_reg_0_/CK (DFF_X1)   0.0000     0.0500 r
  DP_i_mem_access_i_rd_out_reg_i_Y_reg_0_/QN (DFF_X1)   0.0820     0.1320 f
  U991/ZN (INV_X2)                                      0.0588     0.1908 r
  DP_i_decode_i_reg_file_i/addr_w[0] (register_file)    0.0000     0.1908 r
  DP_i_decode_i_reg_file_i/U226/ZN (INV_X1)             0.0631     0.2538 f
  DP_i_decode_i_reg_file_i/U225/Z (MUX2_X1)             0.0809     0.3347 f
  DP_i_decode_i_reg_file_i/U12/ZN (AND4_X2)             0.0534     0.3881 f
  DP_i_decode_i_reg_file_i/U229/ZN (OR3_X2)             0.1149     0.5030 f
  DP_i_decode_i_reg_file_i/U240/ZN (NOR2_X1)            0.1050     0.6080 r
  DP_i_decode_i_reg_file_i/U62/Z (BUF_X2)               0.0868     0.6948 r
  DP_i_decode_i_reg_file_i/U292/ZN (AOI22_X1)           0.0560     0.7508 f
  DP_i_decode_i_reg_file_i/U302/ZN (NAND4_X1)           0.0406     0.7914 r
  DP_i_decode_i_reg_file_i/U71/ZN (NOR2_X1)             0.0266     0.8180 f
  DP_i_decode_i_reg_file_i/U208/ZN (NAND2_X1)           0.0386     0.8565 r
  DP_i_decode_i_reg_file_i/sign_rf1_out (register_file)
                                                        0.0000     0.8565 r
  U3030/ZN (INV_X1)                                     0.0291     0.8856 f
  U3807/Z (MUX2_X1)                                     0.0729     0.9585 f
  U2804/ZN (INV_X1)                                     0.0304     0.9890 r
  U3809/ZN (OAI21_X1)                                   0.0298     1.0188 f
  U3813/ZN (OAI211_X1)                                  0.0408     1.0596 r
  U1226/ZN (AND2_X1)                                    0.0578     1.1174 r
  U6105/ZN (NOR4_X1)                                    0.0331     1.1505 f
  U6107/ZN (NOR2_X1)                                    0.0710     1.2216 r
  U6108/ZN (OAI21_X1)                                   0.0468     1.2684 f
  U7827/ZN (NAND2_X1)                                   0.0289     1.2972 r
  DP_i_fetch_i_pc_i_clk_gate_Y_reg/EN (SNPS_CLOCK_GATE_HIGH_data_reg_NBIT30_2_2)
                                                        0.0000     1.2972 r
  DP_i_fetch_i_pc_i_clk_gate_Y_reg/latch/E (CLKGATETST_X1)
                                                        0.0091     1.3063 r
  data arrival time                                                1.3063

  clock CLK (rise edge)                                 1.4000     1.4000
  clock network delay (ideal)                           0.0500     1.4500
  clock uncertainty                                    -0.0500     1.4000
  DP_i_fetch_i_pc_i_clk_gate_Y_reg/latch/CK (CLKGATETST_X1)
                                                        0.0000     1.4000 r
  clock gating setup time                              -0.0724     1.3276
  data required time                                               1.3276
  --------------------------------------------------------------------------
  data required time                                               1.3276
  data arrival time                                               -1.3063
  --------------------------------------------------------------------------
  slack (MET)                                                      0.0213


  Startpoint: DRAM_READY (input port clocked by CLK)
  Endpoint: DP_i_decode_i_B_reg_i_Y_reg_27_
            (rising edge-triggered flip-flop clocked by CLK)
  Path Group: INPUTS
  Path Type: max

  Des/Clust/Port     Wire Load Model       Library
  ------------------------------------------------
  DLX                5K_hvratio_1_4        NangateOpenCellLibrary

  Point                                                   Incr       Path
  --------------------------------------------------------------------------
  clock CLK (rise edge)                                 0.0000     0.0000
  clock network delay (ideal)                           0.0500     0.0500
  input external delay                                  0.1400     0.1900 r
  DRAM_READY (in)                                       0.0041     0.1941 r
  U5619/ZN (INV_X1)                                     0.0227     0.2167 f
  U2053/ZN (AND2_X1)                                    0.0514     0.2681 f
  U2201/ZN (INV_X1)                                     0.0531     0.3213 r
  DP_i_U2689/ZN (NAND2_X1)                              0.1995     0.5208 f
  DP_i_U2691/ZN (NOR3_X1)                               0.2254     0.7461 r
  DP_i_U2726/ZN (INV_X1)                                0.1201     0.8662 f
  U2028/ZN (INV_X1)                                     0.0756     0.9417 r
  U8531/ZN (NAND2_X1)                                   0.0320     0.9737 f
  U8532/ZN (OAI21_X1)                                   0.0348     1.0086 r
  DP_i_U2728/ZN (AOI21_X1)                              0.0313     1.0399 f
  DP_i_U2730/ZN (OAI211_X1)                             0.0462     1.0860 r
  DP_i_decode_i_B_reg_i_Y_reg_27_/D (DFF_X1)            0.0110     1.0970 r
  data arrival time                                                1.0970

  clock CLK (rise edge)                                 1.4000     1.4000
  clock network delay (ideal)                           0.0500     1.4500
  clock uncertainty                                    -0.0500     1.4000
  DP_i_decode_i_B_reg_i_Y_reg_27_/CK (DFF_X1)           0.0000     1.4000 r
  library setup time                                   -0.0292     1.3708
  data required time                                               1.3708
  --------------------------------------------------------------------------
  data required time                                               1.3708
  data arrival time                                               -1.0970
  --------------------------------------------------------------------------
  slack (MET)                                                      0.2738


  Startpoint: DRAM_READY (input port clocked by CLK)
  Endpoint: DP_i_decode_i_B_reg_i_Y_reg_26_
            (rising edge-triggered flip-flop clocked by CLK)
  Path Group: INPUTS
  Path Type: max

  Des/Clust/Port     Wire Load Model       Library
  ------------------------------------------------
  DLX                5K_hvratio_1_4        NangateOpenCellLibrary

  Point                                                   Incr       Path
  --------------------------------------------------------------------------
  clock CLK (rise edge)                                 0.0000     0.0000
  clock network delay (ideal)                           0.0500     0.0500
  input external delay                                  0.1400     0.1900 r
  DRAM_READY (in)                                       0.0041     0.1941 r
  U5619/ZN (INV_X1)                                     0.0227     0.2167 f
  U2053/ZN (AND2_X1)                                    0.0514     0.2681 f
  U2201/ZN (INV_X1)                                     0.0531     0.3213 r
  DP_i_U2689/ZN (NAND2_X1)                              0.1995     0.5208 f
  DP_i_U2691/ZN (NOR3_X1)                               0.2254     0.7461 r
  DP_i_U2726/ZN (INV_X1)                                0.1201     0.8662 f
  U2028/ZN (INV_X1)                                     0.0756     0.9417 r
  U8533/ZN (NAND2_X1)                                   0.0320     0.9737 f
  U8534/ZN (OAI21_X1)                                   0.0348     1.0086 r
  DP_i_U2734/ZN (AOI21_X1)                              0.0313     1.0399 f
  DP_i_U2736/ZN (OAI211_X1)                             0.0462     1.0860 r
  DP_i_decode_i_B_reg_i_Y_reg_26_/D (DFF_X1)            0.0110     1.0970 r
  data arrival time                                                1.0970

  clock CLK (rise edge)                                 1.4000     1.4000
  clock network delay (ideal)                           0.0500     1.4500
  clock uncertainty                                    -0.0500     1.4000
  DP_i_decode_i_B_reg_i_Y_reg_26_/CK (DFF_X1)           0.0000     1.4000 r
  library setup time                                   -0.0292     1.3708
  data required time                                               1.3708
  --------------------------------------------------------------------------
  data required time                                               1.3708
  data arrival time                                               -1.0970
  --------------------------------------------------------------------------
  slack (MET)                                                      0.2738


  Startpoint: DRAM_READY (input port clocked by CLK)
  Endpoint: DP_i_decode_i_B_reg_i_Y_reg_27_
            (rising edge-triggered flip-flop clocked by CLK)
  Path Group: INPUTS
  Path Type: max

  Des/Clust/Port     Wire Load Model       Library
  ------------------------------------------------
  DLX                5K_hvratio_1_4        NangateOpenCellLibrary

  Point                                                   Incr       Path
  --------------------------------------------------------------------------
  clock CLK (rise edge)                                 0.0000     0.0000
  clock network delay (ideal)                           0.0500     0.0500
  input external delay                                  0.1400     0.1900 r
  DRAM_READY (in)                                       0.0041     0.1941 r
  U5619/ZN (INV_X1)                                     0.0227     0.2167 f
  U2053/ZN (AND2_X1)                                    0.0514     0.2681 f
  U2201/ZN (INV_X1)                                     0.0531     0.3213 r
  DP_i_U2689/ZN (NAND2_X1)                              0.1995     0.5208 f
  DP_i_U2691/ZN (NOR3_X1)                               0.2254     0.7461 r
  DP_i_U2726/ZN (INV_X1)                                0.1201     0.8662 f
  U2028/ZN (INV_X1)                                     0.0756     0.9417 r
  U8531/ZN (NAND2_X1)                                   0.0320     0.9737 f
  U8532/ZN (OAI21_X1)                                   0.0341     1.0078 r
  DP_i_U2728/ZN (AOI21_X1)                              0.0313     1.0392 f
  DP_i_U2730/ZN (OAI211_X1)                             0.0462     1.0853 r
  DP_i_decode_i_B_reg_i_Y_reg_27_/D (DFF_X1)            0.0110     1.0963 r
  data arrival time                                                1.0963

  clock CLK (rise edge)                                 1.4000     1.4000
  clock network delay (ideal)                           0.0500     1.4500
  clock uncertainty                                    -0.0500     1.4000
  DP_i_decode_i_B_reg_i_Y_reg_27_/CK (DFF_X1)           0.0000     1.4000 r
  library setup time                                   -0.0292     1.3708
  data required time                                               1.3708
  --------------------------------------------------------------------------
  data required time                                               1.3708
  data arrival time                                               -1.0963
  --------------------------------------------------------------------------
  slack (MET)                                                      0.2745


  Startpoint: DRAM_READY (input port clocked by CLK)
  Endpoint: DP_i_decode_i_B_reg_i_Y_reg_26_
            (rising edge-triggered flip-flop clocked by CLK)
  Path Group: INPUTS
  Path Type: max

  Des/Clust/Port     Wire Load Model       Library
  ------------------------------------------------
  DLX                5K_hvratio_1_4        NangateOpenCellLibrary

  Point                                                   Incr       Path
  --------------------------------------------------------------------------
  clock CLK (rise edge)                                 0.0000     0.0000
  clock network delay (ideal)                           0.0500     0.0500
  input external delay                                  0.1400     0.1900 r
  DRAM_READY (in)                                       0.0041     0.1941 r
  U5619/ZN (INV_X1)                                     0.0227     0.2167 f
  U2053/ZN (AND2_X1)                                    0.0514     0.2681 f
  U2201/ZN (INV_X1)                                     0.0531     0.3213 r
  DP_i_U2689/ZN (NAND2_X1)                              0.1995     0.5208 f
  DP_i_U2691/ZN (NOR3_X1)                               0.2254     0.7461 r
  DP_i_U2726/ZN (INV_X1)                                0.1201     0.8662 f
  U2028/ZN (INV_X1)                                     0.0756     0.9417 r
  U8533/ZN (NAND2_X1)                                   0.0320     0.9737 f
  U8534/ZN (OAI21_X1)                                   0.0341     1.0078 r
  DP_i_U2734/ZN (AOI21_X1)                              0.0313     1.0392 f
  DP_i_U2736/ZN (OAI211_X1)                             0.0462     1.0853 r
  DP_i_decode_i_B_reg_i_Y_reg_26_/D (DFF_X1)            0.0110     1.0963 r
  data arrival time                                                1.0963

  clock CLK (rise edge)                                 1.4000     1.4000
  clock network delay (ideal)                           0.0500     1.4500
  clock uncertainty                                    -0.0500     1.4000
  DP_i_decode_i_B_reg_i_Y_reg_26_/CK (DFF_X1)           0.0000     1.4000 r
  library setup time                                   -0.0292     1.3708
  data required time                                               1.3708
  --------------------------------------------------------------------------
  data required time                                               1.3708
  data arrival time                                               -1.0963
  --------------------------------------------------------------------------
  slack (MET)                                                      0.2745


  Startpoint: DRAM_READY (input port clocked by CLK)
  Endpoint: DP_i_decode_i_B_reg_i_Y_reg_6_
            (rising edge-triggered flip-flop clocked by CLK)
  Path Group: INPUTS
  Path Type: max

  Des/Clust/Port     Wire Load Model       Library
  ------------------------------------------------
  DLX                5K_hvratio_1_4        NangateOpenCellLibrary

  Point                                                   Incr       Path
  --------------------------------------------------------------------------
  clock CLK (rise edge)                                 0.0000     0.0000
  clock network delay (ideal)                           0.0500     0.0500
  input external delay                                  0.1400     0.1900 r
  DRAM_READY (in)                                       0.0041     0.1941 r
  U5619/ZN (INV_X1)                                     0.0227     0.2167 f
  U2053/ZN (AND2_X1)                                    0.0514     0.2681 f
  U2201/ZN (INV_X1)                                     0.0531     0.3213 r
  DP_i_U2689/ZN (NAND2_X1)                              0.1995     0.5208 f
  DP_i_U2691/ZN (NOR3_X1)                               0.2254     0.7461 r
  DP_i_U2726/ZN (INV_X1)                                0.1201     0.8662 f
  U7342/ZN (OR2_X1)                                     0.0942     0.9604 f
  U2127/ZN (AND3_X1)                                    0.0449     1.0053 f
  U8028/ZN (NAND4_X1)                                   0.0321     1.0374 r
  DP_i_decode_i_B_reg_i_Y_reg_6_/D (DFF_X1)             0.0110     1.0484 r
  data arrival time                                                1.0484

  clock CLK (rise edge)                                 1.4000     1.4000
  clock network delay (ideal)                           0.0500     1.4500
  clock uncertainty                                    -0.0500     1.4000
  DP_i_decode_i_B_reg_i_Y_reg_6_/CK (DFF_X1)            0.0000     1.4000 r
  library setup time                                   -0.0280     1.3720
  data required time                                               1.3720
  --------------------------------------------------------------------------
  data required time                                               1.3720
  data arrival time                                               -1.0484
  --------------------------------------------------------------------------
  slack (MET)                                                      0.3236


  Startpoint: DRAM_READY (input port clocked by CLK)
  Endpoint: DP_i_decode_i_B_reg_i_Y_reg_7_
            (rising edge-triggered flip-flop clocked by CLK)
  Path Group: INPUTS
  Path Type: max

  Des/Clust/Port     Wire Load Model       Library
  ------------------------------------------------
  DLX                5K_hvratio_1_4        NangateOpenCellLibrary

  Point                                                   Incr       Path
  --------------------------------------------------------------------------
  clock CLK (rise edge)                                 0.0000     0.0000
  clock network delay (ideal)                           0.0500     0.0500
  input external delay                                  0.1400     0.1900 r
  DRAM_READY (in)                                       0.0041     0.1941 r
  U5619/ZN (INV_X1)                                     0.0227     0.2167 f
  U2053/ZN (AND2_X1)                                    0.0514     0.2681 f
  U2201/ZN (INV_X1)                                     0.0531     0.3213 r
  DP_i_U2689/ZN (NAND2_X1)                              0.1995     0.5208 f
  DP_i_U2691/ZN (NOR3_X1)                               0.2254     0.7461 r
  DP_i_U2726/ZN (INV_X1)                                0.1201     0.8662 f
  U7341/ZN (OR2_X1)                                     0.0942     0.9604 f
  U2115/ZN (AND3_X1)                                    0.0449     1.0053 f
  U8236/ZN (NAND4_X1)                                   0.0321     1.0374 r
  DP_i_decode_i_B_reg_i_Y_reg_7_/D (DFF_X1)             0.0110     1.0484 r
  data arrival time                                                1.0484

  clock CLK (rise edge)                                 1.4000     1.4000
  clock network delay (ideal)                           0.0500     1.4500
  clock uncertainty                                    -0.0500     1.4000
  DP_i_decode_i_B_reg_i_Y_reg_7_/CK (DFF_X1)            0.0000     1.4000 r
  library setup time                                   -0.0280     1.3720
  data required time                                               1.3720
  --------------------------------------------------------------------------
  data required time                                               1.3720
  data arrival time                                               -1.0484
  --------------------------------------------------------------------------
  slack (MET)                                                      0.3236


  Startpoint: DRAM_READY (input port clocked by CLK)
  Endpoint: DP_i_decode_i_B_reg_i_Y_reg_10_
            (rising edge-triggered flip-flop clocked by CLK)
  Path Group: INPUTS
  Path Type: max

  Des/Clust/Port     Wire Load Model       Library
  ------------------------------------------------
  DLX                5K_hvratio_1_4        NangateOpenCellLibrary

  Point                                                   Incr       Path
  --------------------------------------------------------------------------
  clock CLK (rise edge)                                 0.0000     0.0000
  clock network delay (ideal)                           0.0500     0.0500
  input external delay                                  0.1400     0.1900 r
  DRAM_READY (in)                                       0.0041     0.1941 r
  U5619/ZN (INV_X1)                                     0.0227     0.2167 f
  U2053/ZN (AND2_X1)                                    0.0514     0.2681 f
  U2201/ZN (INV_X1)                                     0.0531     0.3213 r
  DP_i_U2689/ZN (NAND2_X1)                              0.1995     0.5208 f
  DP_i_U2691/ZN (NOR3_X1)                               0.2254     0.7461 r
  DP_i_U2726/ZN (INV_X1)                                0.1201     0.8662 f
  U7343/ZN (OR2_X1)                                     0.0942     0.9604 f
  U1800/ZN (AND3_X1)                                    0.0449     1.0053 f
  U8183/ZN (NAND4_X1)                                   0.0321     1.0374 r
  DP_i_decode_i_B_reg_i_Y_reg_10_/D (DFF_X1)            0.0110     1.0484 r
  data arrival time                                                1.0484

  clock CLK (rise edge)                                 1.4000     1.4000
  clock network delay (ideal)                           0.0500     1.4500
  clock uncertainty                                    -0.0500     1.4000
  DP_i_decode_i_B_reg_i_Y_reg_10_/CK (DFF_X1)           0.0000     1.4000 r
  library setup time                                   -0.0280     1.3720
  data required time                                               1.3720
  --------------------------------------------------------------------------
  data required time                                               1.3720
  data arrival time                                               -1.0484
  --------------------------------------------------------------------------
  slack (MET)                                                      0.3236


  Startpoint: DRAM_READY (input port clocked by CLK)
  Endpoint: DP_i_decode_i_B_reg_i_Y_reg_3_
            (rising edge-triggered flip-flop clocked by CLK)
  Path Group: INPUTS
  Path Type: max

  Des/Clust/Port     Wire Load Model       Library
  ------------------------------------------------
  DLX                5K_hvratio_1_4        NangateOpenCellLibrary

  Point                                                   Incr       Path
  --------------------------------------------------------------------------
  clock CLK (rise edge)                                 0.0000     0.0000
  clock network delay (ideal)                           0.0500     0.0500
  input external delay                                  0.1400     0.1900 r
  DRAM_READY (in)                                       0.0041     0.1941 r
  U5619/ZN (INV_X1)                                     0.0227     0.2167 f
  U2053/ZN (AND2_X1)                                    0.0514     0.2681 f
  U2201/ZN (INV_X1)                                     0.0531     0.3213 r
  DP_i_U2689/ZN (NAND2_X1)                              0.1995     0.5208 f
  DP_i_U2691/ZN (NOR3_X1)                               0.2254     0.7461 r
  DP_i_U2726/ZN (INV_X1)                                0.1201     0.8662 f
  U3354/ZN (OR2_X1)                                     0.0942     0.9604 f
  U2086/ZN (AND3_X1)                                    0.0449     1.0053 f
  U8226/ZN (NAND4_X1)                                   0.0321     1.0374 r
  DP_i_decode_i_B_reg_i_Y_reg_3_/D (DFF_X1)             0.0110     1.0484 r
  data arrival time                                                1.0484

  clock CLK (rise edge)                                 1.4000     1.4000
  clock network delay (ideal)                           0.0500     1.4500
  clock uncertainty                                    -0.0500     1.4000
  DP_i_decode_i_B_reg_i_Y_reg_3_/CK (DFF_X1)            0.0000     1.4000 r
  library setup time                                   -0.0280     1.3720
  data required time                                               1.3720
  --------------------------------------------------------------------------
  data required time                                               1.3720
  data arrival time                                               -1.0484
  --------------------------------------------------------------------------
  slack (MET)                                                      0.3236


  Startpoint: DRAM_READY (input port clocked by CLK)
  Endpoint: DP_i_decode_i_B_reg_i_Y_reg_5_
            (rising edge-triggered flip-flop clocked by CLK)
  Path Group: INPUTS
  Path Type: max

  Des/Clust/Port     Wire Load Model       Library
  ------------------------------------------------
  DLX                5K_hvratio_1_4        NangateOpenCellLibrary

  Point                                                   Incr       Path
  --------------------------------------------------------------------------
  clock CLK (rise edge)                                 0.0000     0.0000
  clock network delay (ideal)                           0.0500     0.0500
  input external delay                                  0.1400     0.1900 r
  DRAM_READY (in)                                       0.0041     0.1941 r
  U5619/ZN (INV_X1)                                     0.0227     0.2167 f
  U2053/ZN (AND2_X1)                                    0.0514     0.2681 f
  U2201/ZN (INV_X1)                                     0.0531     0.3213 r
  DP_i_U2689/ZN (NAND2_X1)                              0.1995     0.5208 f
  DP_i_U2691/ZN (NOR3_X1)                               0.2254     0.7461 r
  DP_i_U2726/ZN (INV_X1)                                0.1201     0.8662 f
  U7345/ZN (OR2_X1)                                     0.0942     0.9604 f
  U2083/ZN (AND3_X1)                                    0.0449     1.0053 f
  U8202/ZN (NAND4_X1)                                   0.0321     1.0374 r
  DP_i_decode_i_B_reg_i_Y_reg_5_/D (DFF_X1)             0.0110     1.0484 r
  data arrival time                                                1.0484

  clock CLK (rise edge)                                 1.4000     1.4000
  clock network delay (ideal)                           0.0500     1.4500
  clock uncertainty                                    -0.0500     1.4000
  DP_i_decode_i_B_reg_i_Y_reg_5_/CK (DFF_X1)            0.0000     1.4000 r
  library setup time                                   -0.0280     1.3720
  data required time                                               1.3720
  --------------------------------------------------------------------------
  data required time                                               1.3720
  data arrival time                                               -1.0484
  --------------------------------------------------------------------------
  slack (MET)                                                      0.3236


  Startpoint: DRAM_READY (input port clocked by CLK)
  Endpoint: DP_i_decode_i_B_reg_i_Y_reg_4_
            (rising edge-triggered flip-flop clocked by CLK)
  Path Group: INPUTS
  Path Type: max

  Des/Clust/Port     Wire Load Model       Library
  ------------------------------------------------
  DLX                5K_hvratio_1_4        NangateOpenCellLibrary

  Point                                                   Incr       Path
  --------------------------------------------------------------------------
  clock CLK (rise edge)                                 0.0000     0.0000
  clock network delay (ideal)                           0.0500     0.0500
  input external delay                                  0.1400     0.1900 r
  DRAM_READY (in)                                       0.0041     0.1941 r
  U5619/ZN (INV_X1)                                     0.0227     0.2167 f
  U2053/ZN (AND2_X1)                                    0.0514     0.2681 f
  U2201/ZN (INV_X1)                                     0.0531     0.3213 r
  DP_i_U2689/ZN (NAND2_X1)                              0.1995     0.5208 f
  DP_i_U2691/ZN (NOR3_X1)                               0.2254     0.7461 r
  DP_i_U2726/ZN (INV_X1)                                0.1201     0.8662 f
  U7346/ZN (OR2_X1)                                     0.0942     0.9604 f
  U2078/ZN (AND3_X1)                                    0.0449     1.0053 f
  U8214/ZN (NAND4_X1)                                   0.0321     1.0374 r
  DP_i_decode_i_B_reg_i_Y_reg_4_/D (DFF_X1)             0.0110     1.0484 r
  data arrival time                                                1.0484

  clock CLK (rise edge)                                 1.4000     1.4000
  clock network delay (ideal)                           0.0500     1.4500
  clock uncertainty                                    -0.0500     1.4000
  DP_i_decode_i_B_reg_i_Y_reg_4_/CK (DFF_X1)            0.0000     1.4000 r
  library setup time                                   -0.0280     1.3720
  data required time                                               1.3720
  --------------------------------------------------------------------------
  data required time                                               1.3720
  data arrival time                                               -1.0484
  --------------------------------------------------------------------------
  slack (MET)                                                      0.3236


  Startpoint: DP_i_fetch_i_IR_out_reg_4_
              (rising edge-triggered flip-flop clocked by CLK)
  Endpoint: IRAM_ISSUE (output port clocked by CLK)
  Path Group: OUTPUTS
  Path Type: max

  Des/Clust/Port     Wire Load Model       Library
  ------------------------------------------------
  DLX                5K_hvratio_1_4        NangateOpenCellLibrary

  Point                                                   Incr       Path
  --------------------------------------------------------------------------
  clock CLK (rise edge)                                 0.0000     0.0000
  clock network delay (ideal)                           0.0500     0.0500
  DP_i_fetch_i_IR_out_reg_4_/CK (DFF_X2)                0.0000     0.0500 r
  DP_i_fetch_i_IR_out_reg_4_/Q (DFF_X2)                 0.1175     0.1675 f
  U3302/ZN (OR2_X1)                                     0.0780     0.2455 f
  U1965/ZN (AOI211_X1)                                  0.0973     0.3429 r
  U4977/ZN (OAI22_X1)                                   0.0458     0.3886 f
  U4978/ZN (NOR2_X1)                                    0.0420     0.4307 r
  U4979/ZN (OAI21_X1)                                   0.0317     0.4624 f
  U4980/ZN (INV_X1)                                     0.0482     0.5106 r
  U2453/ZN (AND4_X1)                                    0.0908     0.6014 r
  U5022/ZN (INV_X1)                                     0.0326     0.6340 f
  U1333/ZN (NOR2_X1)                                    0.0726     0.7066 r
  U1032/Z (BUF_X2)                                      0.0595     0.7660 r
  U5047/ZN (AOI22_X1)                                   0.0387     0.8048 f
  U5048/ZN (OAI211_X1)                                  0.0406     0.8454 r
  U5049/ZN (OAI21_X1)                                   0.0370     0.8824 f
  U5056/ZN (OAI221_X1)                                  0.0666     0.9490 r
  U5057/ZN (NAND2_X1)                                   0.0377     0.9868 f
  U3068/ZN (OAI211_X1)                                  0.0624     1.0492 r
  U3053/ZN (NAND2_X1)                                   0.0428     1.0919 f
  U2617/ZN (OR2_X1)                                     0.0626     1.1545 f
  U6319/ZN (AND2_X1)                                    0.0388     1.1933 f
  IRAM_ISSUE (out)                                      0.0035     1.1968 f
  data arrival time                                                1.1968

  clock CLK (rise edge)                                 1.4000     1.4000
  clock network delay (ideal)                           0.0500     1.4500
  clock uncertainty                                    -0.0500     1.4000
  output external delay                                -0.1400     1.2600
  data required time                                               1.2600
  --------------------------------------------------------------------------
  data required time                                               1.2600
  data arrival time                                               -1.1968
  --------------------------------------------------------------------------
  slack (MET)                                                      0.0632


  Startpoint: DP_i_fetch_i_IR_out_reg_4_
              (rising edge-triggered flip-flop clocked by CLK)
  Endpoint: IRAM_ISSUE (output port clocked by CLK)
  Path Group: OUTPUTS
  Path Type: max

  Des/Clust/Port     Wire Load Model       Library
  ------------------------------------------------
  DLX                5K_hvratio_1_4        NangateOpenCellLibrary

  Point                                                   Incr       Path
  --------------------------------------------------------------------------
  clock CLK (rise edge)                                 0.0000     0.0000
  clock network delay (ideal)                           0.0500     0.0500
  DP_i_fetch_i_IR_out_reg_4_/CK (DFF_X2)                0.0000     0.0500 r
  DP_i_fetch_i_IR_out_reg_4_/Q (DFF_X2)                 0.1175     0.1675 f
  U3302/ZN (OR2_X1)                                     0.0780     0.2455 f
  U1965/ZN (AOI211_X1)                                  0.0973     0.3429 r
  U4977/ZN (OAI22_X1)                                   0.0458     0.3886 f
  U4978/ZN (NOR2_X1)                                    0.0420     0.4307 r
  U4979/ZN (OAI21_X1)                                   0.0317     0.4624 f
  U4980/ZN (INV_X1)                                     0.0482     0.5106 r
  U2453/ZN (AND4_X1)                                    0.0908     0.6014 r
  U5022/ZN (INV_X1)                                     0.0326     0.6340 f
  U1333/ZN (NOR2_X1)                                    0.0726     0.7066 r
  U1032/Z (BUF_X2)                                      0.0595     0.7660 r
  U5047/ZN (AOI22_X1)                                   0.0385     0.8046 f
  U5048/ZN (OAI211_X1)                                  0.0406     0.8452 r
  U5049/ZN (OAI21_X1)                                   0.0370     0.8822 f
  U5056/ZN (OAI221_X1)                                  0.0666     0.9488 r
  U5057/ZN (NAND2_X1)                                   0.0377     0.9865 f
  U3068/ZN (OAI211_X1)                                  0.0624     1.0490 r
  U3053/ZN (NAND2_X1)                                   0.0428     1.0917 f
  U2617/ZN (OR2_X1)                                     0.0626     1.1543 f
  U6319/ZN (AND2_X1)                                    0.0388     1.1931 f
  IRAM_ISSUE (out)                                      0.0035     1.1966 f
  data arrival time                                                1.1966

  clock CLK (rise edge)                                 1.4000     1.4000
  clock network delay (ideal)                           0.0500     1.4500
  clock uncertainty                                    -0.0500     1.4000
  output external delay                                -0.1400     1.2600
  data required time                                               1.2600
  --------------------------------------------------------------------------
  data required time                                               1.2600
  data arrival time                                               -1.1966
  --------------------------------------------------------------------------
  slack (MET)                                                      0.0634


  Startpoint: DP_i_mem_access_i_rd_out_reg_i_Y_reg_3_
              (rising edge-triggered flip-flop clocked by CLK)
  Endpoint: DRAM_DATA[31]
            (output port clocked by CLK)
  Path Group: OUTPUTS
  Path Type: max

  Des/Clust/Port     Wire Load Model       Library
  ------------------------------------------------
  DLX                5K_hvratio_1_4        NangateOpenCellLibrary

  Point                                                   Incr       Path
  --------------------------------------------------------------------------
  clock CLK (rise edge)                                 0.0000     0.0000
  clock network delay (ideal)                           0.0500     0.0500
  DP_i_mem_access_i_rd_out_reg_i_Y_reg_3_/CK (DFF_X1)   0.0000     0.0500 r
  DP_i_mem_access_i_rd_out_reg_i_Y_reg_3_/QN (DFF_X1)   0.0782     0.1282 f
  U1878/ZN (INV_X1)                                     0.0343     0.1625 r
  U1430/Z (CLKBUF_X1)                                   0.0637     0.2262 r
  U5724/ZN (XNOR2_X1)                                   0.0694     0.2956 r
  U5725/ZN (AND3_X1)                                    0.0508     0.3463 r
  U3303/ZN (AND4_X1)                                    0.0833     0.4296 r
  U3338/ZN (INV_X1)                                     0.0637     0.4933 f
  U5750/ZN (NOR2_X2)                                    0.1773     0.6706 r
  U5781/ZN (NAND2_X1)                                   0.0533     0.7239 f
  U2193/ZN (AND2_X1)                                    0.0492     0.7732 f
  U6028/ZN (NOR2_X1)                                    0.0457     0.8189 r
  DRAM_DATA_tri_31_/Z (TBUF_X1)                         0.0667     0.8856 r
  DRAM_DATA[31] (inout)                                 0.0054     0.8910 r
  data arrival time                                                0.8910

  clock CLK (rise edge)                                 1.4000     1.4000
  clock network delay (ideal)                           0.0500     1.4500
  clock uncertainty                                    -0.0500     1.4000
  output external delay                                -0.1400     1.2600
  data required time                                               1.2600
  --------------------------------------------------------------------------
  data required time                                               1.2600
  data arrival time                                               -0.8910
  --------------------------------------------------------------------------
  slack (MET)                                                      0.3690


  Startpoint: DP_i_mem_access_i_rd_out_reg_i_Y_reg_3_
              (rising edge-triggered flip-flop clocked by CLK)
  Endpoint: DRAM_DATA[30]
            (output port clocked by CLK)
  Path Group: OUTPUTS
  Path Type: max

  Des/Clust/Port     Wire Load Model       Library
  ------------------------------------------------
  DLX                5K_hvratio_1_4        NangateOpenCellLibrary

  Point                                                   Incr       Path
  --------------------------------------------------------------------------
  clock CLK (rise edge)                                 0.0000     0.0000
  clock network delay (ideal)                           0.0500     0.0500
  DP_i_mem_access_i_rd_out_reg_i_Y_reg_3_/CK (DFF_X1)   0.0000     0.0500 r
  DP_i_mem_access_i_rd_out_reg_i_Y_reg_3_/QN (DFF_X1)   0.0782     0.1282 f
  U1878/ZN (INV_X1)                                     0.0343     0.1625 r
  U1430/Z (CLKBUF_X1)                                   0.0637     0.2262 r
  U5724/ZN (XNOR2_X1)                                   0.0694     0.2956 r
  U5725/ZN (AND3_X1)                                    0.0508     0.3463 r
  U3303/ZN (AND4_X1)                                    0.0833     0.4296 r
  U3338/ZN (INV_X1)                                     0.0637     0.4933 f
  U5750/ZN (NOR2_X2)                                    0.1773     0.6706 r
  U5773/ZN (NAND2_X1)                                   0.0533     0.7239 f
  U2064/ZN (AND2_X1)                                    0.0492     0.7732 f
  U6024/ZN (NOR2_X1)                                    0.0457     0.8189 r
  DRAM_DATA_tri_30_/Z (TBUF_X1)                         0.0603     0.8792 r
  DRAM_DATA[30] (inout)                                 0.0048     0.8840 r
  data arrival time                                                0.8840

  clock CLK (rise edge)                                 1.4000     1.4000
  clock network delay (ideal)                           0.0500     1.4500
  clock uncertainty                                    -0.0500     1.4000
  output external delay                                -0.1400     1.2600
  data required time                                               1.2600
  --------------------------------------------------------------------------
  data required time                                               1.2600
  data arrival time                                               -0.8840
  --------------------------------------------------------------------------
  slack (MET)                                                      0.3760


  Startpoint: DP_i_mem_access_i_rd_out_reg_i_Y_reg_3_
              (rising edge-triggered flip-flop clocked by CLK)
  Endpoint: DRAM_DATA[29]
            (output port clocked by CLK)
  Path Group: OUTPUTS
  Path Type: max

  Des/Clust/Port     Wire Load Model       Library
  ------------------------------------------------
  DLX                5K_hvratio_1_4        NangateOpenCellLibrary

  Point                                                   Incr       Path
  --------------------------------------------------------------------------
  clock CLK (rise edge)                                 0.0000     0.0000
  clock network delay (ideal)                           0.0500     0.0500
  DP_i_mem_access_i_rd_out_reg_i_Y_reg_3_/CK (DFF_X1)   0.0000     0.0500 r
  DP_i_mem_access_i_rd_out_reg_i_Y_reg_3_/QN (DFF_X1)   0.0782     0.1282 f
  U1878/ZN (INV_X1)                                     0.0343     0.1625 r
  U1430/Z (CLKBUF_X1)                                   0.0637     0.2262 r
  U5724/ZN (XNOR2_X1)                                   0.0694     0.2956 r
  U5725/ZN (AND3_X1)                                    0.0508     0.3463 r
  U3303/ZN (AND4_X1)                                    0.0833     0.4296 r
  U3338/ZN (INV_X1)                                     0.0637     0.4933 f
  U5750/ZN (NOR2_X2)                                    0.1773     0.6706 r
  U5769/ZN (NAND2_X1)                                   0.0533     0.7239 f
  U2063/ZN (AND2_X1)                                    0.0492     0.7732 f
  U6022/ZN (NOR2_X1)                                    0.0457     0.8189 r
  DRAM_DATA_tri_29_/Z (TBUF_X1)                         0.0603     0.8792 r
  DRAM_DATA[29] (inout)                                 0.0048     0.8840 r
  data arrival time                                                0.8840

  clock CLK (rise edge)                                 1.4000     1.4000
  clock network delay (ideal)                           0.0500     1.4500
  clock uncertainty                                    -0.0500     1.4000
  output external delay                                -0.1400     1.2600
  data required time                                               1.2600
  --------------------------------------------------------------------------
  data required time                                               1.2600
  data arrival time                                               -0.8840
  --------------------------------------------------------------------------
  slack (MET)                                                      0.3760


  Startpoint: DP_i_mem_access_i_rd_out_reg_i_Y_reg_3_
              (rising edge-triggered flip-flop clocked by CLK)
  Endpoint: DRAM_DATA[28]
            (output port clocked by CLK)
  Path Group: OUTPUTS
  Path Type: max

  Des/Clust/Port     Wire Load Model       Library
  ------------------------------------------------
  DLX                5K_hvratio_1_4        NangateOpenCellLibrary

  Point                                                   Incr       Path
  --------------------------------------------------------------------------
  clock CLK (rise edge)                                 0.0000     0.0000
  clock network delay (ideal)                           0.0500     0.0500
  DP_i_mem_access_i_rd_out_reg_i_Y_reg_3_/CK (DFF_X1)   0.0000     0.0500 r
  DP_i_mem_access_i_rd_out_reg_i_Y_reg_3_/QN (DFF_X1)   0.0782     0.1282 f
  U1878/ZN (INV_X1)                                     0.0343     0.1625 r
  U1430/Z (CLKBUF_X1)                                   0.0637     0.2262 r
  U5724/ZN (XNOR2_X1)                                   0.0694     0.2956 r
  U5725/ZN (AND3_X1)                                    0.0508     0.3463 r
  U3303/ZN (AND4_X1)                                    0.0833     0.4296 r
  U3338/ZN (INV_X1)                                     0.0637     0.4933 f
  U5750/ZN (NOR2_X2)                                    0.1773     0.6706 r
  U5771/ZN (NAND2_X1)                                   0.0533     0.7239 f
  U2062/ZN (AND2_X1)                                    0.0492     0.7732 f
  U6023/ZN (NOR2_X1)                                    0.0457     0.8189 r
  DRAM_DATA_tri_28_/Z (TBUF_X1)                         0.0603     0.8792 r
  DRAM_DATA[28] (inout)                                 0.0048     0.8840 r
  data arrival time                                                0.8840

  clock CLK (rise edge)                                 1.4000     1.4000
  clock network delay (ideal)                           0.0500     1.4500
  clock uncertainty                                    -0.0500     1.4000
  output external delay                                -0.1400     1.2600
  data required time                                               1.2600
  --------------------------------------------------------------------------
  data required time                                               1.2600
  data arrival time                                               -0.8840
  --------------------------------------------------------------------------
  slack (MET)                                                      0.3760


  Startpoint: DP_i_mem_access_i_rd_out_reg_i_Y_reg_3_
              (rising edge-triggered flip-flop clocked by CLK)
  Endpoint: DRAM_DATA[27]
            (output port clocked by CLK)
  Path Group: OUTPUTS
  Path Type: max

  Des/Clust/Port     Wire Load Model       Library
  ------------------------------------------------
  DLX                5K_hvratio_1_4        NangateOpenCellLibrary

  Point                                                   Incr       Path
  --------------------------------------------------------------------------
  clock CLK (rise edge)                                 0.0000     0.0000
  clock network delay (ideal)                           0.0500     0.0500
  DP_i_mem_access_i_rd_out_reg_i_Y_reg_3_/CK (DFF_X1)   0.0000     0.0500 r
  DP_i_mem_access_i_rd_out_reg_i_Y_reg_3_/QN (DFF_X1)   0.0782     0.1282 f
  U1878/ZN (INV_X1)                                     0.0343     0.1625 r
  U1430/Z (CLKBUF_X1)                                   0.0637     0.2262 r
  U5724/ZN (XNOR2_X1)                                   0.0694     0.2956 r
  U5725/ZN (AND3_X1)                                    0.0508     0.3463 r
  U3303/ZN (AND4_X1)                                    0.0833     0.4296 r
  U3338/ZN (INV_X1)                                     0.0637     0.4933 f
  U5750/ZN (NOR2_X2)                                    0.1773     0.6706 r
  U5767/ZN (NAND2_X1)                                   0.0533     0.7239 f
  U2182/ZN (AND2_X1)                                    0.0492     0.7732 f
  U6021/ZN (NOR2_X1)                                    0.0457     0.8189 r
  DRAM_DATA_tri_27_/Z (TBUF_X1)                         0.0603     0.8792 r
  DRAM_DATA[27] (inout)                                 0.0048     0.8840 r
  data arrival time                                                0.8840

  clock CLK (rise edge)                                 1.4000     1.4000
  clock network delay (ideal)                           0.0500     1.4500
  clock uncertainty                                    -0.0500     1.4000
  output external delay                                -0.1400     1.2600
  data required time                                               1.2600
  --------------------------------------------------------------------------
  data required time                                               1.2600
  data arrival time                                               -0.8840
  --------------------------------------------------------------------------
  slack (MET)                                                      0.3760


  Startpoint: DP_i_mem_access_i_rd_out_reg_i_Y_reg_3_
              (rising edge-triggered flip-flop clocked by CLK)
  Endpoint: DRAM_DATA[26]
            (output port clocked by CLK)
  Path Group: OUTPUTS
  Path Type: max

  Des/Clust/Port     Wire Load Model       Library
  ------------------------------------------------
  DLX                5K_hvratio_1_4        NangateOpenCellLibrary

  Point                                                   Incr       Path
  --------------------------------------------------------------------------
  clock CLK (rise edge)                                 0.0000     0.0000
  clock network delay (ideal)                           0.0500     0.0500
  DP_i_mem_access_i_rd_out_reg_i_Y_reg_3_/CK (DFF_X1)   0.0000     0.0500 r
  DP_i_mem_access_i_rd_out_reg_i_Y_reg_3_/QN (DFF_X1)   0.0782     0.1282 f
  U1878/ZN (INV_X1)                                     0.0343     0.1625 r
  U1430/Z (CLKBUF_X1)                                   0.0637     0.2262 r
  U5724/ZN (XNOR2_X1)                                   0.0694     0.2956 r
  U5725/ZN (AND3_X1)                                    0.0508     0.3463 r
  U3303/ZN (AND4_X1)                                    0.0833     0.4296 r
  U3338/ZN (INV_X1)                                     0.0637     0.4933 f
  U5750/ZN (NOR2_X2)                                    0.1773     0.6706 r
  U5777/ZN (NAND2_X1)                                   0.0533     0.7239 f
  U2180/ZN (AND2_X1)                                    0.0492     0.7732 f
  U6026/ZN (NOR2_X1)                                    0.0457     0.8189 r
  DRAM_DATA_tri_26_/Z (TBUF_X1)                         0.0603     0.8792 r
  DRAM_DATA[26] (inout)                                 0.0048     0.8840 r
  data arrival time                                                0.8840

  clock CLK (rise edge)                                 1.4000     1.4000
  clock network delay (ideal)                           0.0500     1.4500
  clock uncertainty                                    -0.0500     1.4000
  output external delay                                -0.1400     1.2600
  data required time                                               1.2600
  --------------------------------------------------------------------------
  data required time                                               1.2600
  data arrival time                                               -0.8840
  --------------------------------------------------------------------------
  slack (MET)                                                      0.3760


  Startpoint: DP_i_mem_access_i_rd_out_reg_i_Y_reg_3_
              (rising edge-triggered flip-flop clocked by CLK)
  Endpoint: DRAM_DATA[24]
            (output port clocked by CLK)
  Path Group: OUTPUTS
  Path Type: max

  Des/Clust/Port     Wire Load Model       Library
  ------------------------------------------------
  DLX                5K_hvratio_1_4        NangateOpenCellLibrary

  Point                                                   Incr       Path
  --------------------------------------------------------------------------
  clock CLK (rise edge)                                 0.0000     0.0000
  clock network delay (ideal)                           0.0500     0.0500
  DP_i_mem_access_i_rd_out_reg_i_Y_reg_3_/CK (DFF_X1)   0.0000     0.0500 r
  DP_i_mem_access_i_rd_out_reg_i_Y_reg_3_/QN (DFF_X1)   0.0782     0.1282 f
  U1878/ZN (INV_X1)                                     0.0343     0.1625 r
  U1430/Z (CLKBUF_X1)                                   0.0637     0.2262 r
  U5724/ZN (XNOR2_X1)                                   0.0694     0.2956 r
  U5725/ZN (AND3_X1)                                    0.0508     0.3463 r
  U3303/ZN (AND4_X1)                                    0.0833     0.4296 r
  U3338/ZN (INV_X1)                                     0.0637     0.4933 f
  U5750/ZN (NOR2_X2)                                    0.1773     0.6706 r
  U5775/ZN (NAND2_X1)                                   0.0533     0.7239 f
  U3384/ZN (AND2_X1)                                    0.0492     0.7732 f
  U6025/ZN (NOR2_X1)                                    0.0457     0.8189 r
  DRAM_DATA_tri_24_/Z (TBUF_X1)                         0.0603     0.8792 r
  DRAM_DATA[24] (inout)                                 0.0048     0.8840 r
  data arrival time                                                0.8840

  clock CLK (rise edge)                                 1.4000     1.4000
  clock network delay (ideal)                           0.0500     1.4500
  clock uncertainty                                    -0.0500     1.4000
  output external delay                                -0.1400     1.2600
  data required time                                               1.2600
  --------------------------------------------------------------------------
  data required time                                               1.2600
  data arrival time                                               -0.8840
  --------------------------------------------------------------------------
  slack (MET)                                                      0.3760


  Startpoint: DP_i_mem_access_i_rd_out_reg_i_Y_reg_3_
              (rising edge-triggered flip-flop clocked by CLK)
  Endpoint: DRAM_DATA[23]
            (output port clocked by CLK)
  Path Group: OUTPUTS
  Path Type: max

  Des/Clust/Port     Wire Load Model       Library
  ------------------------------------------------
  DLX                5K_hvratio_1_4        NangateOpenCellLibrary

  Point                                                   Incr       Path
  --------------------------------------------------------------------------
  clock CLK (rise edge)                                 0.0000     0.0000
  clock network delay (ideal)                           0.0500     0.0500
  DP_i_mem_access_i_rd_out_reg_i_Y_reg_3_/CK (DFF_X1)   0.0000     0.0500 r
  DP_i_mem_access_i_rd_out_reg_i_Y_reg_3_/QN (DFF_X1)   0.0782     0.1282 f
  U1878/ZN (INV_X1)                                     0.0343     0.1625 r
  U1430/Z (CLKBUF_X1)                                   0.0637     0.2262 r
  U5724/ZN (XNOR2_X1)                                   0.0694     0.2956 r
  U5725/ZN (AND3_X1)                                    0.0508     0.3463 r
  U3303/ZN (AND4_X1)                                    0.0833     0.4296 r
  U3338/ZN (INV_X1)                                     0.0637     0.4933 f
  U5750/ZN (NOR2_X2)                                    0.1773     0.6706 r
  U5779/ZN (NAND2_X1)                                   0.0533     0.7239 f
  U2175/ZN (AND2_X1)                                    0.0492     0.7732 f
  U6027/ZN (NOR2_X1)                                    0.0457     0.8189 r
  DRAM_DATA_tri_23_/Z (TBUF_X1)                         0.0602     0.8791 r
  DRAM_DATA[23] (inout)                                 0.0048     0.8839 r
  data arrival time                                                0.8839

  clock CLK (rise edge)                                 1.4000     1.4000
  clock network delay (ideal)                           0.0500     1.4500
  clock uncertainty                                    -0.0500     1.4000
  output external delay                                -0.1400     1.2600
  data required time                                               1.2600
  --------------------------------------------------------------------------
  data required time                                               1.2600
  data arrival time                                               -0.8839
  --------------------------------------------------------------------------
  slack (MET)                                                      0.3761


  Startpoint: DP_i_decode_i_rs2_addr_i_Y_reg_0_
              (rising edge-triggered flip-flop clocked by CLK)
  Endpoint: DP_i_execute_i_zero_alu_bit_Y_reg
            (rising edge-triggered flip-flop clocked by CLK)
  Path Group: REG2REG
  Path Type: max

  Des/Clust/Port     Wire Load Model       Library
  ------------------------------------------------
  DLX                5K_hvratio_1_4        NangateOpenCellLibrary

  Point                                                   Incr       Path
  --------------------------------------------------------------------------
  clock CLK (rise edge)                                 0.0000     0.0000
  clock network delay (ideal)                           0.0500     0.0500
  DP_i_decode_i_rs2_addr_i_Y_reg_0_/CK (DFF_X1)         0.0000     0.0500 r
  DP_i_decode_i_rs2_addr_i_Y_reg_0_/QN (DFF_X1)         0.0782     0.1282 f
  U2790/ZN (INV_X1)                                     0.0313     0.1595 r
  U3493/ZN (XNOR2_X1)                                   0.0625     0.2220 r
  U3494/ZN (AND2_X1)                                    0.0461     0.2681 r
  U3498/ZN (NAND4_X1)                                   0.0420     0.3102 f
  U3506/ZN (NAND4_X1)                                   0.0522     0.3623 r
  U3507/ZN (INV_X1)                                     0.0364     0.3987 f
  U1451/Z (BUF_X1)                                      0.0478     0.4465 f
  U3828/ZN (AOI222_X1)                                  0.1006     0.5471 r
  U1010/Z (MUX2_X1)                                     0.0639     0.6109 r
  U4174/ZN (XNOR2_X1)                                   0.0739     0.6849 r
  U4175/ZN (XNOR2_X1)                                   0.0713     0.7561 r
  U2509/ZN (OAI21_X1)                                   0.0385     0.7946 f
  U2604/CO (FA_X1)                                      0.1011     0.8957 f
  U4193/ZN (AOI21_X1)                                   0.0579     0.9536 r
  U2784/ZN (OAI211_X1)                                  0.0478     1.0014 f
  U1049/ZN (OAI22_X1)                                   0.0617     1.0631 r
  U4396/ZN (OAI21_X1)                                   0.0435     1.1066 f
  U4416/ZN (INV_X1)                                     0.0327     1.1393 r
  U4417/ZN (OAI21_X1)                                   0.0301     1.1694 f
  U4418/ZN (XNOR2_X1)                                   0.0612     1.2306 f
  U2985/ZN (AND2_X1)                                    0.0436     1.2742 f
  U2626/ZN (AND3_X1)                                    0.0413     1.3155 f
  U2907/ZN (XNOR2_X1)                                   0.0549     1.3704 f
  U2922/ZN (NOR2_X1)                                    0.0384     1.4089 r
  U2923/ZN (OAI211_X1)                                  0.0377     1.4466 f
  U4721/ZN (OR2_X1)                                     0.0572     1.5038 f
  U7255/ZN (OAI21_X1)                                   0.0390     1.5428 r
  DP_i_execute_i_zero_alu_bit_Y_reg/D (DFF_X2)          0.0109     1.5537 r
  data arrival time                                                1.5537

  clock CLK (rise edge)                                 1.4000     1.4000
  clock network delay (ideal)                           0.0500     1.4500
  clock uncertainty                                    -0.0500     1.4000
  DP_i_execute_i_zero_alu_bit_Y_reg/CK (DFF_X2)         0.0000     1.4000 r
  library setup time                                   -0.0283     1.3717
  data required time                                               1.3717
  --------------------------------------------------------------------------
  data required time                                               1.3717
  data arrival time                                               -1.5537
  --------------------------------------------------------------------------
  slack (VIOLATED)                                                -0.1820


  Startpoint: DP_i_decode_i_rs2_addr_i_Y_reg_0_
              (rising edge-triggered flip-flop clocked by CLK)
  Endpoint: DP_i_execute_i_zero_alu_bit_Y_reg
            (rising edge-triggered flip-flop clocked by CLK)
  Path Group: REG2REG
  Path Type: max

  Des/Clust/Port     Wire Load Model       Library
  ------------------------------------------------
  DLX                5K_hvratio_1_4        NangateOpenCellLibrary

  Point                                                   Incr       Path
  --------------------------------------------------------------------------
  clock CLK (rise edge)                                 0.0000     0.0000
  clock network delay (ideal)                           0.0500     0.0500
  DP_i_decode_i_rs2_addr_i_Y_reg_0_/CK (DFF_X1)         0.0000     0.0500 r
  DP_i_decode_i_rs2_addr_i_Y_reg_0_/QN (DFF_X1)         0.0782     0.1282 f
  U2790/ZN (INV_X1)                                     0.0313     0.1595 r
  U3493/ZN (XNOR2_X1)                                   0.0625     0.2220 r
  U3494/ZN (AND2_X1)                                    0.0461     0.2681 r
  U3498/ZN (NAND4_X1)                                   0.0420     0.3102 f
  U3506/ZN (NAND4_X1)                                   0.0522     0.3623 r
  U3507/ZN (INV_X1)                                     0.0364     0.3987 f
  U1451/Z (BUF_X1)                                      0.0478     0.4465 f
  U3828/ZN (AOI222_X1)                                  0.1006     0.5471 r
  U1010/Z (MUX2_X1)                                     0.0639     0.6109 r
  U4174/ZN (XNOR2_X1)                                   0.0739     0.6849 r
  U4175/ZN (XNOR2_X1)                                   0.0713     0.7561 r
  U2509/ZN (OAI21_X1)                                   0.0385     0.7946 f
  U2604/CO (FA_X1)                                      0.1011     0.8957 f
  U4193/ZN (AOI21_X1)                                   0.0579     0.9536 r
  U2784/ZN (OAI211_X1)                                  0.0478     1.0014 f
  U1049/ZN (OAI22_X1)                                   0.0617     1.0631 r
  U4396/ZN (OAI21_X1)                                   0.0435     1.1066 f
  U4416/ZN (INV_X1)                                     0.0327     1.1393 r
  U4417/ZN (OAI21_X1)                                   0.0301     1.1694 f
  U4418/ZN (XNOR2_X1)                                   0.0612     1.2306 f
  U2985/ZN (AND2_X1)                                    0.0436     1.2742 f
  U2626/ZN (AND3_X1)                                    0.0413     1.3155 f
  U2907/ZN (XNOR2_X1)                                   0.0549     1.3704 f
  U2922/ZN (NOR2_X1)                                    0.0384     1.4089 r
  U2923/ZN (OAI211_X1)                                  0.0377     1.4466 f
  U4721/ZN (OR2_X1)                                     0.0572     1.5038 f
  U7255/ZN (OAI21_X1)                                   0.0390     1.5428 r
  DP_i_execute_i_zero_alu_bit_Y_reg/D (DFF_X2)          0.0109     1.5537 r
  data arrival time                                                1.5537

  clock CLK (rise edge)                                 1.4000     1.4000
  clock network delay (ideal)                           0.0500     1.4500
  clock uncertainty                                    -0.0500     1.4000
  DP_i_execute_i_zero_alu_bit_Y_reg/CK (DFF_X2)         0.0000     1.4000 r
  library setup time                                   -0.0283     1.3717
  data required time                                               1.3717
  --------------------------------------------------------------------------
  data required time                                               1.3717
  data arrival time                                               -1.5537
  --------------------------------------------------------------------------
  slack (VIOLATED)                                                -0.1820


  Startpoint: DP_i_decode_i_rs2_addr_i_Y_reg_0_
              (rising edge-triggered flip-flop clocked by CLK)
  Endpoint: DP_i_execute_i_boothmul_i_tree_i_register_i_3_Y_temp_reg_31_
            (rising edge-triggered flip-flop clocked by CLK)
  Path Group: REG2REG
  Path Type: max

  Des/Clust/Port     Wire Load Model       Library
  ------------------------------------------------
  DLX                5K_hvratio_1_4        NangateOpenCellLibrary

  Point                                                   Incr       Path
  --------------------------------------------------------------------------
  clock CLK (rise edge)                                 0.0000     0.0000
  clock network delay (ideal)                           0.0500     0.0500
  DP_i_decode_i_rs2_addr_i_Y_reg_0_/CK (DFF_X1)         0.0000     0.0500 r
  DP_i_decode_i_rs2_addr_i_Y_reg_0_/QN (DFF_X1)         0.0782     0.1282 f
  U2790/ZN (INV_X1)                                     0.0313     0.1595 r
  U3493/ZN (XNOR2_X1)                                   0.0625     0.2220 r
  U3494/ZN (AND2_X1)                                    0.0461     0.2681 r
  U3498/ZN (NAND4_X1)                                   0.0420     0.3102 f
  U3506/ZN (NAND4_X1)                                   0.0522     0.3623 r
  U1539/ZN (AND2_X2)                                    0.0790     0.4413 r
  U1544/Z (BUF_X1)                                      0.0564     0.4977 r
  U3615/ZN (NAND2_X1)                                   0.0295     0.5272 f
  U3619/ZN (NAND2_X1)                                   0.0336     0.5608 r
  U3620/Z (MUX2_X2)                                     0.0613     0.6221 r
  U1123/Z (BUF_X2)                                      0.0496     0.6717 r
  U3891/ZN (AND2_X2)                                    0.0701     0.7418 r
  U2106/ZN (INV_X1)                                     0.0590     0.8008 f
  U998/ZN (INV_X1)                                      0.0634     0.8642 r
  U6218/ZN (NOR2_X1)                                    0.0372     0.9014 f
  U6219/ZN (NOR2_X1)                                    0.0420     0.9434 r
  U6221/ZN (NAND2_X1)                                   0.0321     0.9755 f
  U6222/ZN (XNOR2_X1)                                   0.0605     1.0360 f
  U2655/Z (XOR2_X1)                                     0.0715     1.1075 f
  U2656/Z (XOR2_X1)                                     0.0783     1.1857 f
  U6228/ZN (XNOR2_X1)                                   0.0620     1.2478 f
  U2940/S (FA_X1)                                       0.1306     1.3784 f
  U1511/ZN (XNOR2_X1)                                   0.0636     1.4420 f
  U888/ZN (XNOR2_X1)                                    0.0571     1.4991 f
  U887/ZN (NOR2_X1)                                     0.0427     1.5418 r
  DP_i_execute_i_boothmul_i_tree_i_register_i_3_Y_temp_reg_31_/D (DFF_X1)
                                                        0.0110     1.5528 r
  data arrival time                                                1.5528

  clock CLK (rise edge)                                 1.4000     1.4000
  clock network delay (ideal)                           0.0500     1.4500
  clock uncertainty                                    -0.0500     1.4000
  DP_i_execute_i_boothmul_i_tree_i_register_i_3_Y_temp_reg_31_/CK (DFF_X1)
                                                        0.0000     1.4000 r
  library setup time                                   -0.0280     1.3720
  data required time                                               1.3720
  --------------------------------------------------------------------------
  data required time                                               1.3720
  data arrival time                                               -1.5528
  --------------------------------------------------------------------------
  slack (VIOLATED)                                                -0.1807


  Startpoint: DP_i_decode_i_rs2_addr_i_Y_reg_0_
              (rising edge-triggered flip-flop clocked by CLK)
  Endpoint: DP_i_execute_i_boothmul_i_tree_i_register_i_0_Y_temp_reg_28_
            (rising edge-triggered flip-flop clocked by CLK)
  Path Group: REG2REG
  Path Type: max

  Des/Clust/Port     Wire Load Model       Library
  ------------------------------------------------
  DLX                5K_hvratio_1_4        NangateOpenCellLibrary

  Point                                                   Incr       Path
  --------------------------------------------------------------------------
  clock CLK (rise edge)                                 0.0000     0.0000
  clock network delay (ideal)                           0.0500     0.0500
  DP_i_decode_i_rs2_addr_i_Y_reg_0_/CK (DFF_X1)         0.0000     0.0500 r
  DP_i_decode_i_rs2_addr_i_Y_reg_0_/QN (DFF_X1)         0.0782     0.1282 f
  U2790/ZN (INV_X1)                                     0.0313     0.1595 r
  U3493/ZN (XNOR2_X1)                                   0.0625     0.2220 r
  U3494/ZN (AND2_X1)                                    0.0461     0.2681 r
  U3498/ZN (NAND4_X1)                                   0.0420     0.3102 f
  U3506/ZN (NAND4_X1)                                   0.0522     0.3623 r
  U3507/ZN (INV_X1)                                     0.0364     0.3987 f
  U1524/Z (BUF_X2)                                      0.0511     0.4497 f
  U3616/ZN (NAND2_X1)                                   0.0358     0.4855 r
  U3618/ZN (AND2_X1)                                    0.0404     0.5259 r
  U3619/ZN (NAND2_X1)                                   0.0296     0.5555 f
  U3620/Z (MUX2_X2)                                     0.0779     0.6333 f
  U3621/ZN (INV_X1)                                     0.0689     0.7022 r
  U1041/Z (BUF_X4)                                      0.0985     0.8007 r
  U2621/ZN (OR2_X1)                                     0.0587     0.8594 r
  U3959/ZN (OAI21_X1)                                   0.0344     0.8938 f
  U3962/ZN (XNOR2_X1)                                   0.0702     0.9641 f
  U3963/ZN (XNOR2_X1)                                   0.0701     1.0342 f
  U2751/ZN (OR2_X1)                                     0.0655     1.0998 f
  U2950/ZN (NAND3_X1)                                   0.0416     1.1413 r
  U2753/ZN (XNOR2_X1)                                   0.0750     1.2163 r
  U2951/CO (FA_X1)                                      0.0930     1.3093 r
  U6410/ZN (NOR2_X1)                                    0.0309     1.3402 f
  U897/ZN (OR2_X2)                                      0.0649     1.4051 f
  U6433/CO (FA_X1)                                      0.1027     1.5078 f
  U2213/ZN (AND2_X1)                                    0.0386     1.5464 f
  DP_i_execute_i_boothmul_i_tree_i_register_i_0_Y_temp_reg_28_/D (DFF_X1)
                                                        0.0104     1.5568 f
  data arrival time                                                1.5568

  clock CLK (rise edge)                                 1.4000     1.4000
  clock network delay (ideal)                           0.0500     1.4500
  clock uncertainty                                    -0.0500     1.4000
  DP_i_execute_i_boothmul_i_tree_i_register_i_0_Y_temp_reg_28_/CK (DFF_X1)
                                                        0.0000     1.4000 r
  library setup time                                   -0.0239     1.3761
  data required time                                               1.3761
  --------------------------------------------------------------------------
  data required time                                               1.3761
  data arrival time                                               -1.5568
  --------------------------------------------------------------------------
  slack (VIOLATED)                                                -0.1807


  Startpoint: DP_i_decode_i_rs2_addr_i_Y_reg_0_
              (rising edge-triggered flip-flop clocked by CLK)
  Endpoint: DP_i_execute_i_boothmul_i_tree_i_register_i_2_Y_temp_reg_29_
            (rising edge-triggered flip-flop clocked by CLK)
  Path Group: REG2REG
  Path Type: max

  Des/Clust/Port     Wire Load Model       Library
  ------------------------------------------------
  DLX                5K_hvratio_1_4        NangateOpenCellLibrary

  Point                                                   Incr       Path
  --------------------------------------------------------------------------
  clock CLK (rise edge)                                 0.0000     0.0000
  clock network delay (ideal)                           0.0500     0.0500
  DP_i_decode_i_rs2_addr_i_Y_reg_0_/CK (DFF_X1)         0.0000     0.0500 r
  DP_i_decode_i_rs2_addr_i_Y_reg_0_/QN (DFF_X1)         0.0782     0.1282 f
  U2790/ZN (INV_X1)                                     0.0313     0.1595 r
  U3493/ZN (XNOR2_X1)                                   0.0625     0.2220 r
  U3494/ZN (AND2_X1)                                    0.0461     0.2681 r
  U3498/ZN (NAND4_X1)                                   0.0420     0.3102 f
  U3506/ZN (NAND4_X1)                                   0.0522     0.3623 r
  U3507/ZN (INV_X1)                                     0.0364     0.3987 f
  U1524/Z (BUF_X2)                                      0.0511     0.4497 f
  U3616/ZN (NAND2_X1)                                   0.0358     0.4855 r
  U3618/ZN (AND2_X1)                                    0.0404     0.5259 r
  U3619/ZN (NAND2_X1)                                   0.0296     0.5555 f
  U3620/Z (MUX2_X2)                                     0.0779     0.6333 f
  U2546/ZN (OR2_X2)                                     0.1055     0.7389 f
  U3109/ZN (INV_X1)                                     0.0873     0.8262 r
  U931/Z (BUF_X2)                                       0.0692     0.8954 r
  U4286/ZN (NAND2_X1)                                   0.0461     0.9415 f
  U1712/ZN (AND3_X1)                                    0.0495     0.9910 f
  U4287/CO (FA_X1)                                      0.1095     1.1004 f
  U4288/ZN (XNOR2_X1)                                   0.0721     1.1725 f
  U4289/ZN (NAND2_X1)                                   0.0409     1.2134 r
  U5172/ZN (OAI21_X1)                                   0.0402     1.2536 f
  U2992/CO (FA_X1)                                      0.1185     1.3721 f
  U6435/ZN (XNOR2_X1)                                   0.0697     1.4418 f
  U2963/ZN (XNOR2_X1)                                   0.0577     1.4995 f
  U2962/ZN (NOR2_X1)                                    0.0421     1.5416 r
  DP_i_execute_i_boothmul_i_tree_i_register_i_2_Y_temp_reg_29_/D (DFF_X1)
                                                        0.0110     1.5526 r
  data arrival time                                                1.5526

  clock CLK (rise edge)                                 1.4000     1.4000
  clock network delay (ideal)                           0.0500     1.4500
  clock uncertainty                                    -0.0500     1.4000
  DP_i_execute_i_boothmul_i_tree_i_register_i_2_Y_temp_reg_29_/CK (DFF_X1)
                                                        0.0000     1.4000 r
  library setup time                                   -0.0280     1.3720
  data required time                                               1.3720
  --------------------------------------------------------------------------
  data required time                                               1.3720
  data arrival time                                               -1.5526
  --------------------------------------------------------------------------
  slack (VIOLATED)                                                -0.1805


  Startpoint: DP_i_decode_i_rs2_addr_i_Y_reg_0_
              (rising edge-triggered flip-flop clocked by CLK)
  Endpoint: DP_i_execute_i_boothmul_i_tree_i_register_i_3_Y_temp_reg_30_
            (rising edge-triggered flip-flop clocked by CLK)
  Path Group: REG2REG
  Path Type: max

  Des/Clust/Port     Wire Load Model       Library
  ------------------------------------------------
  DLX                5K_hvratio_1_4        NangateOpenCellLibrary

  Point                                                   Incr       Path
  --------------------------------------------------------------------------
  clock CLK (rise edge)                                 0.0000     0.0000
  clock network delay (ideal)                           0.0500     0.0500
  DP_i_decode_i_rs2_addr_i_Y_reg_0_/CK (DFF_X1)         0.0000     0.0500 r
  DP_i_decode_i_rs2_addr_i_Y_reg_0_/QN (DFF_X1)         0.0782     0.1282 f
  U2790/ZN (INV_X1)                                     0.0313     0.1595 r
  U3493/ZN (XNOR2_X1)                                   0.0625     0.2220 r
  U3494/ZN (AND2_X1)                                    0.0461     0.2681 r
  U3498/ZN (NAND4_X1)                                   0.0420     0.3102 f
  U3506/ZN (NAND4_X1)                                   0.0522     0.3623 r
  U3507/ZN (INV_X1)                                     0.0364     0.3987 f
  U1451/Z (BUF_X1)                                      0.0478     0.4465 f
  U2445/Z (BUF_X1)                                      0.0532     0.4997 f
  U3099/ZN (NAND2_X1)                                   0.0407     0.5403 r
  U1461/ZN (NAND4_X1)                                   0.0428     0.5832 f
  U1089/ZN (AND2_X1)                                    0.0484     0.6316 f
  U2914/ZN (INV_X1)                                     0.0282     0.6598 r
  U2898/ZN (NAND2_X1)                                   0.0267     0.6865 f
  U1024/Z (MUX2_X2)                                     0.0832     0.7698 f
  U4293/ZN (OAI22_X1)                                   0.0815     0.8513 r
  U2875/ZN (XNOR2_X1)                                   0.0662     0.9175 r
  U2797/ZN (XNOR2_X1)                                   0.0662     0.9837 r
  U6180/ZN (XNOR2_X1)                                   0.0737     1.0573 r
  U6183/ZN (NAND2_X1)                                   0.0334     1.0907 f
  U1967/ZN (AND2_X1)                                    0.0460     1.1367 f
  U6310/S (FA_X1)                                       0.1390     1.2757 r
  U6314/ZN (XNOR2_X1)                                   0.0661     1.3419 r
  U6795/Z (BUF_X1)                                      0.0406     1.3825 r
  U2991/ZN (XNOR2_X1)                                   0.0587     1.4412 r
  U2990/ZN (XNOR2_X1)                                   0.0598     1.5010 r
  U8238/ZN (AND2_X1)                                    0.0421     1.5431 r
  DP_i_execute_i_boothmul_i_tree_i_register_i_3_Y_temp_reg_30_/D (DFF_X1)
                                                        0.0110     1.5540 r
  data arrival time                                                1.5540

  clock CLK (rise edge)                                 1.4000     1.4000
  clock network delay (ideal)                           0.0500     1.4500
  clock uncertainty                                    -0.0500     1.4000
  DP_i_execute_i_boothmul_i_tree_i_register_i_3_Y_temp_reg_30_/CK (DFF_X1)
                                                        0.0000     1.4000 r
  library setup time                                   -0.0265     1.3735
  data required time                                               1.3735
  --------------------------------------------------------------------------
  data required time                                               1.3735
  data arrival time                                               -1.5540
  --------------------------------------------------------------------------
  slack (VIOLATED)                                                -0.1805


  Startpoint: DP_i_decode_i_rs2_addr_i_Y_reg_0_
              (rising edge-triggered flip-flop clocked by CLK)
  Endpoint: DP_i_execute_i_boothmul_i_tree_i_register_i_3_Y_temp_reg_30_
            (rising edge-triggered flip-flop clocked by CLK)
  Path Group: REG2REG
  Path Type: max

  Des/Clust/Port     Wire Load Model       Library
  ------------------------------------------------
  DLX                5K_hvratio_1_4        NangateOpenCellLibrary

  Point                                                   Incr       Path
  --------------------------------------------------------------------------
  clock CLK (rise edge)                                 0.0000     0.0000
  clock network delay (ideal)                           0.0500     0.0500
  DP_i_decode_i_rs2_addr_i_Y_reg_0_/CK (DFF_X1)         0.0000     0.0500 r
  DP_i_decode_i_rs2_addr_i_Y_reg_0_/QN (DFF_X1)         0.0782     0.1282 f
  U2790/ZN (INV_X1)                                     0.0313     0.1595 r
  U3493/ZN (XNOR2_X1)                                   0.0625     0.2220 r
  U3494/ZN (AND2_X1)                                    0.0461     0.2681 r
  U3498/ZN (NAND4_X1)                                   0.0420     0.3102 f
  U3506/ZN (NAND4_X1)                                   0.0522     0.3623 r
  U3507/ZN (INV_X1)                                     0.0364     0.3987 f
  U1451/Z (BUF_X1)                                      0.0478     0.4465 f
  U2445/Z (BUF_X1)                                      0.0532     0.4997 f
  U3099/ZN (NAND2_X1)                                   0.0407     0.5403 r
  U1461/ZN (NAND4_X1)                                   0.0428     0.5832 f
  U1089/ZN (AND2_X1)                                    0.0484     0.6316 f
  U2914/ZN (INV_X1)                                     0.0282     0.6598 r
  U2898/ZN (NAND2_X1)                                   0.0267     0.6865 f
  U1024/Z (MUX2_X2)                                     0.0832     0.7698 f
  U4293/ZN (OAI22_X1)                                   0.0815     0.8513 r
  U2875/ZN (XNOR2_X1)                                   0.0662     0.9175 r
  U2797/ZN (XNOR2_X1)                                   0.0662     0.9837 r
  U6180/ZN (XNOR2_X1)                                   0.0737     1.0573 r
  U6182/ZN (OAI21_X1)                                   0.0354     1.0928 f
  U1967/ZN (AND2_X1)                                    0.0438     1.1365 f
  U6310/S (FA_X1)                                       0.1390     1.2756 r
  U6314/ZN (XNOR2_X1)                                   0.0661     1.3417 r
  U6795/Z (BUF_X1)                                      0.0406     1.3823 r
  U2991/ZN (XNOR2_X1)                                   0.0587     1.4410 r
  U2990/ZN (XNOR2_X1)                                   0.0598     1.5008 r
  U8238/ZN (AND2_X1)                                    0.0421     1.5429 r
  DP_i_execute_i_boothmul_i_tree_i_register_i_3_Y_temp_reg_30_/D (DFF_X1)
                                                        0.0110     1.5539 r
  data arrival time                                                1.5539

  clock CLK (rise edge)                                 1.4000     1.4000
  clock network delay (ideal)                           0.0500     1.4500
  clock uncertainty                                    -0.0500     1.4000
  DP_i_execute_i_boothmul_i_tree_i_register_i_3_Y_temp_reg_30_/CK (DFF_X1)
                                                        0.0000     1.4000 r
  library setup time                                   -0.0265     1.3735
  data required time                                               1.3735
  --------------------------------------------------------------------------
  data required time                                               1.3735
  data arrival time                                               -1.5539
  --------------------------------------------------------------------------
  slack (VIOLATED)                                                -0.1803


  Startpoint: DP_i_decode_i_rs2_addr_i_Y_reg_0_
              (rising edge-triggered flip-flop clocked by CLK)
  Endpoint: DP_i_execute_i_boothmul_i_tree_i_register_i_2_Y_temp_reg_29_
            (rising edge-triggered flip-flop clocked by CLK)
  Path Group: REG2REG
  Path Type: max

  Des/Clust/Port     Wire Load Model       Library
  ------------------------------------------------
  DLX                5K_hvratio_1_4        NangateOpenCellLibrary

  Point                                                   Incr       Path
  --------------------------------------------------------------------------
  clock CLK (rise edge)                                 0.0000     0.0000
  clock network delay (ideal)                           0.0500     0.0500
  DP_i_decode_i_rs2_addr_i_Y_reg_0_/CK (DFF_X1)         0.0000     0.0500 r
  DP_i_decode_i_rs2_addr_i_Y_reg_0_/QN (DFF_X1)         0.0782     0.1282 f
  U2790/ZN (INV_X1)                                     0.0313     0.1595 r
  U3493/ZN (XNOR2_X1)                                   0.0625     0.2220 r
  U3494/ZN (AND2_X1)                                    0.0461     0.2681 r
  U3498/ZN (NAND4_X1)                                   0.0420     0.3102 f
  U3506/ZN (NAND4_X1)                                   0.0522     0.3623 r
  U3507/ZN (INV_X1)                                     0.0364     0.3987 f
  U1524/Z (BUF_X2)                                      0.0511     0.4497 f
  U3616/ZN (NAND2_X1)                                   0.0358     0.4855 r
  U3618/ZN (AND2_X1)                                    0.0404     0.5259 r
  U3619/ZN (NAND2_X1)                                   0.0296     0.5555 f
  U3620/Z (MUX2_X2)                                     0.0779     0.6333 f
  U2546/ZN (OR2_X2)                                     0.1055     0.7389 f
  U3109/ZN (INV_X1)                                     0.0873     0.8262 r
  U931/Z (BUF_X2)                                       0.0692     0.8954 r
  U4286/ZN (NAND2_X1)                                   0.0461     0.9415 f
  U1712/ZN (AND3_X1)                                    0.0495     0.9910 f
  U4287/CO (FA_X1)                                      0.1095     1.1004 f
  U4288/ZN (XNOR2_X1)                                   0.0721     1.1725 f
  U4289/ZN (NAND2_X1)                                   0.0409     1.2134 r
  U5172/ZN (OAI21_X1)                                   0.0402     1.2536 f
  U2992/CO (FA_X1)                                      0.1183     1.3719 f
  U6435/ZN (XNOR2_X1)                                   0.0697     1.4416 f
  U2963/ZN (XNOR2_X1)                                   0.0577     1.4992 f
  U2962/ZN (NOR2_X1)                                    0.0421     1.5413 r
  DP_i_execute_i_boothmul_i_tree_i_register_i_2_Y_temp_reg_29_/D (DFF_X1)
                                                        0.0110     1.5523 r
  data arrival time                                                1.5523

  clock CLK (rise edge)                                 1.4000     1.4000
  clock network delay (ideal)                           0.0500     1.4500
  clock uncertainty                                    -0.0500     1.4000
  DP_i_execute_i_boothmul_i_tree_i_register_i_2_Y_temp_reg_29_/CK (DFF_X1)
                                                        0.0000     1.4000 r
  library setup time                                   -0.0280     1.3720
  data required time                                               1.3720
  --------------------------------------------------------------------------
  data required time                                               1.3720
  data arrival time                                               -1.5523
  --------------------------------------------------------------------------
  slack (VIOLATED)                                                -0.1803


  Startpoint: DP_i_decode_i_rs2_addr_i_Y_reg_0_
              (rising edge-triggered flip-flop clocked by CLK)
  Endpoint: DP_i_execute_i_boothmul_i_tree_i_register_i_3_Y_temp_reg_31_
            (rising edge-triggered flip-flop clocked by CLK)
  Path Group: REG2REG
  Path Type: max

  Des/Clust/Port     Wire Load Model       Library
  ------------------------------------------------
  DLX                5K_hvratio_1_4        NangateOpenCellLibrary

  Point                                                   Incr       Path
  --------------------------------------------------------------------------
  clock CLK (rise edge)                                 0.0000     0.0000
  clock network delay (ideal)                           0.0500     0.0500
  DP_i_decode_i_rs2_addr_i_Y_reg_0_/CK (DFF_X1)         0.0000     0.0500 r
  DP_i_decode_i_rs2_addr_i_Y_reg_0_/QN (DFF_X1)         0.0782     0.1282 f
  U2790/ZN (INV_X1)                                     0.0313     0.1595 r
  U3493/ZN (XNOR2_X1)                                   0.0625     0.2220 r
  U3494/ZN (AND2_X1)                                    0.0461     0.2681 r
  U3498/ZN (NAND4_X1)                                   0.0420     0.3102 f
  U3506/ZN (NAND4_X1)                                   0.0522     0.3623 r
  U1539/ZN (AND2_X2)                                    0.0790     0.4413 r
  U1544/Z (BUF_X1)                                      0.0564     0.4977 r
  U3615/ZN (NAND2_X1)                                   0.0295     0.5272 f
  U3619/ZN (NAND2_X1)                                   0.0336     0.5608 r
  U3620/Z (MUX2_X2)                                     0.0613     0.6221 r
  U1123/Z (BUF_X2)                                      0.0496     0.6717 r
  U3891/ZN (AND2_X2)                                    0.0701     0.7418 r
  U2106/ZN (INV_X1)                                     0.0590     0.8008 f
  U998/ZN (INV_X1)                                      0.0634     0.8642 r
  U6218/ZN (NOR2_X1)                                    0.0372     0.9014 f
  U6219/ZN (NOR2_X1)                                    0.0420     0.9434 r
  U6221/ZN (NAND2_X1)                                   0.0321     0.9755 f
  U6222/ZN (XNOR2_X1)                                   0.0605     1.0360 f
  U2655/Z (XOR2_X1)                                     0.0715     1.1075 f
  U2656/Z (XOR2_X1)                                     0.0783     1.1857 f
  U6228/ZN (XNOR2_X1)                                   0.0620     1.2478 f
  U2940/S (FA_X1)                                       0.1458     1.3936 r
  U1511/ZN (XNOR2_X1)                                   0.0635     1.4571 r
  U888/ZN (XNOR2_X1)                                    0.0616     1.5187 r
  U887/ZN (NOR2_X1)                                     0.0266     1.5453 f
  DP_i_execute_i_boothmul_i_tree_i_register_i_3_Y_temp_reg_31_/D (DFF_X1)
                                                        0.0104     1.5557 f
  data arrival time                                                1.5557

  clock CLK (rise edge)                                 1.4000     1.4000
  clock network delay (ideal)                           0.0500     1.4500
  clock uncertainty                                    -0.0500     1.4000
  DP_i_execute_i_boothmul_i_tree_i_register_i_3_Y_temp_reg_31_/CK (DFF_X1)
                                                        0.0000     1.4000 r
  library setup time                                   -0.0245     1.3755
  data required time                                               1.3755
  --------------------------------------------------------------------------
  data required time                                               1.3755
  data arrival time                                               -1.5557
  --------------------------------------------------------------------------
  slack (VIOLATED)                                                -0.1802


  Startpoint: DP_i_decode_i_rs2_addr_i_Y_reg_3_
              (rising edge-triggered flip-flop clocked by CLK)
  Endpoint: DP_i_execute_i_boothmul_i_tree_i_register_i_0_Y_temp_reg_25_
            (rising edge-triggered flip-flop clocked by CLK)
  Path Group: REG2REG
  Path Type: max

  Des/Clust/Port     Wire Load Model       Library
  ------------------------------------------------
  DLX                5K_hvratio_1_4        NangateOpenCellLibrary

  Point                                                   Incr       Path
  --------------------------------------------------------------------------
  clock CLK (rise edge)                                 0.0000     0.0000
  clock network delay (ideal)                           0.0500     0.0500
  DP_i_decode_i_rs2_addr_i_Y_reg_3_/CK (DFF_X1)         0.0000     0.0500 r
  DP_i_decode_i_rs2_addr_i_Y_reg_3_/QN (DFF_X1)         0.0782     0.1282 f
  U2536/ZN (INV_X1)                                     0.0304     0.1586 r
  U3503/ZN (XNOR2_X1)                                   0.0554     0.2140 r
  U3504/ZN (AND4_X1)                                    0.0691     0.2831 r
  U3506/ZN (NAND4_X1)                                   0.0623     0.3454 f
  U3507/ZN (INV_X1)                                     0.0508     0.3963 r
  U1451/Z (BUF_X1)                                      0.0518     0.4481 r
  U2445/Z (BUF_X1)                                      0.0606     0.5087 r
  U3099/ZN (NAND2_X1)                                   0.0416     0.5503 f
  U1461/ZN (NAND4_X1)                                   0.0366     0.5868 r
  U1089/ZN (AND2_X1)                                    0.0510     0.6379 r
  U1518/ZN (INV_X1)                                     0.0320     0.6699 f
  U3874/ZN (OR2_X1)                                     0.0651     0.7350 f
  U3875/ZN (NAND2_X2)                                   0.0683     0.8034 r
  U1071/ZN (XNOR2_X2)                                   0.1287     0.9320 r
  U2564/ZN (XNOR2_X1)                                   0.1007     1.0328 r
  U3937/Z (BUF_X2)                                      0.0609     1.0937 r
  U5989/ZN (XNOR2_X1)                                   0.0817     1.1753 r
  U5991/CO (FA_X1)                                      0.0926     1.2679 r
  U6502/ZN (INV_X1)                                     0.0299     1.2978 f
  U6503/CO (FA_X1)                                      0.1119     1.4097 f
  U6570/CO (FA_X1)                                      0.0942     1.5039 f
  U8154/ZN (NOR2_X1)                                    0.0370     1.5409 r
  DP_i_execute_i_boothmul_i_tree_i_register_i_0_Y_temp_reg_25_/D (DFF_X1)
                                                        0.0110     1.5519 r
  data arrival time                                                1.5519

  clock CLK (rise edge)                                 1.4000     1.4000
  clock network delay (ideal)                           0.0500     1.4500
  clock uncertainty                                    -0.0500     1.4000
  DP_i_execute_i_boothmul_i_tree_i_register_i_0_Y_temp_reg_25_/CK (DFF_X1)
                                                        0.0000     1.4000 r
  library setup time                                   -0.0280     1.3720
  data required time                                               1.3720
  --------------------------------------------------------------------------
  data required time                                               1.3720
  data arrival time                                               -1.5519
  --------------------------------------------------------------------------
  slack (VIOLATED)                                                -0.1799


1
