 
****************************************
Report : timing
        -path full
        -delay max
        -nworst 2
        -max_paths 10
Design : DLX
Version: W-2024.09-SP2
Date   : Tue Sep 29 13:29:13 2026
****************************************

Operating Conditions: typical   Library: NangateOpenCellLibrary
Wire Load Model Mode: top

  Startpoint: DP_i/fetch_i_IR_out_reg_29_
              (rising edge-triggered flip-flop clocked by CLK)
  Endpoint: DP_i/fetch_i_pc_i_clk_gate_Y_reg/latch
            (gating element for clock CLK)
  Path Group: CLK
  Path Type: max

  Des/Clust/Port     Wire Load Model       Library
  ------------------------------------------------
  DLX                5K_hvratio_1_4        NangateOpenCellLibrary

  Point                                                   Incr       Path
  --------------------------------------------------------------------------
  clock CLK (rise edge)                                 0.0000     0.0000
  clock network delay (ideal)                           0.0500     0.0500
  DP_i/fetch_i_IR_out_reg_29_/CK (DFF_X1)               0.0000     0.0500 r
  DP_i/fetch_i_IR_out_reg_29_/Q (DFF_X1)                0.1319     0.1819 f
  DP_i/opcode_3_ (DataPath)                             0.0000     0.1819 f
  U788/ZN (INV_X1)                                      0.0873     0.2691 r
  U804/ZN (NAND3_X1)                                    0.0628     0.3320 f
  U805/ZN (NOR2_X1)                                     0.0880     0.4199 r
  U806/ZN (INV_X2)                                      0.0797     0.4996 f
  DP_i/RF2_BAR (DataPath)                               0.0000     0.4996 f
  DP_i/U125/ZN (INV_X1)                                 0.1093     0.6089 r
  DP_i/U309/ZN (NOR2_X1)                                0.0611     0.6700 f
  DP_i/U310/ZN (NAND2_X1)                               0.0467     0.7167 r
  DP_i/U311/ZN (INV_X1)                                 0.0292     0.7459 f
  DP_i/U312/ZN (AOI21_X1)                               0.0661     0.8120 r
  DP_i/U313/ZN (AOI21_X1)                               0.0420     0.8540 f
  DP_i/U314/ZN (INV_X1)                                 0.0412     0.8952 r
  DP_i/U315/ZN (NOR2_X1)                                0.0296     0.9248 f
  DP_i/U316/ZN (NOR2_X1)                                0.0667     0.9915 r
  DP_i/U321/ZN (AND2_X1)                                0.0651     1.0566 r
  DP_i/U326/ZN (NAND2_X1)                               0.0459     1.1025 f
  DP_i/U332/ZN (NOR2_X1)                                0.0410     1.1435 r
  DP_i/U334/ZN (OR2_X1)                                 0.0381     1.1816 r
  DP_i/U404/CO (FA_X1)                                  0.0795     1.2611 r
  DP_i/U336/ZN (NAND2_X1)                               0.0495     1.3106 f
  DP_i/U337/ZN (NOR2_X1)                                0.0595     1.3701 r
  DP_i/U344/ZN (OAI21_X1)                               0.0456     1.4157 f
  DP_i/U345/ZN (NAND2_X1)                               0.0422     1.4579 r
  DP_i/U127/ZN (AND2_X1)                                0.0572     1.5151 r
  DP_i/U346/ZN (NAND2_X1)                               0.0419     1.5570 f
  DP_i/U351/ZN (OR2_X1)                                 0.0670     1.6240 f
  DP_i/U124/ZN (AOI22_X1)                               0.0674     1.6914 r
  DP_i/U406/CO (FA_X1)                                  0.0879     1.7793 r
  DP_i/U358/ZN (NAND2_X1)                               0.0430     1.8223 f
  DP_i/U361/ZN (NOR2_X1)                                0.0648     1.8871 r
  DP_i/U362/ZN (AND2_X1)                                0.0585     1.9456 r
  DP_i/U367/ZN (XNOR2_X1)                               0.0414     1.9870 f
  DP_i/U369/ZN (AOI22_X1)                               0.0854     2.0724 r
  DP_i/U372/ZN (NOR2_X1)                                0.0359     2.1082 f
  DP_i/U373/ZN (AOI21_X1)                               0.0912     2.1995 r
  DP_i/U374/ZN (OAI211_X1)                              0.0835     2.2830 f
  DP_i/U376/ZN (OAI21_X1)                               0.0680     2.3510 r
  DP_i/U407/CO (FA_X1)                                  0.0786     2.4296 r
  DP_i/U377/ZN (INV_X1)                                 0.0325     2.4621 f
  DP_i/U380/ZN (AND2_X1)                                0.0437     2.5058 f
  DP_i/U381/ZN (AOI21_X1)                               0.0764     2.5822 r
  DP_i/U384/ZN (OR3_X1)                                 0.0498     2.6320 r
  DP_i/U385/ZN (AOI21_X1)                               0.0385     2.6704 f
  DP_i/U386/ZN (AOI221_X1)                              0.1264     2.7968 r
  DP_i/U389/ZN (NAND2_X1)                               0.0543     2.8512 f
  DP_i/U390/ZN (INV_X1)                                 0.0479     2.8990 r
  DP_i/U391/ZN (AND2_X1)                                0.0596     2.9587 r
  DP_i/U477/ZN (XNOR2_X1)                               0.0495     3.0082 f
  DP_i/U478/ZN (AOI22_X1)                               0.0680     3.0762 r
  DP_i/U479/ZN (OAI221_X1)                              0.0507     3.1269 f
  DP_i/U480/ZN (AOI21_X1)                               0.0595     3.1864 r
  DP_i/U481/ZN (OAI211_X1)                              0.0450     3.2314 f
  DP_i/U482/ZN (AOI211_X1)                              0.0834     3.3148 r
  DP_i/U483/ZN (OAI21_X1)                               0.0407     3.3555 f
  DP_i/U485/ZN (AOI22_X1)                               0.0588     3.4143 r
  DP_i/U486/ZN (AOI21_X1)                               0.0693     3.4836 f
  DP_i/flush (DataPath)                                 0.0000     3.4836 f
  U1110/ZN (OR3_X1)                                     0.1023     3.5859 f
  DP_i/pc_enable (DataPath)                             0.0000     3.5859 f
  DP_i/U2987/ZN (OR2_X1)                                0.0589     3.6447 f
  DP_i/fetch_i_pc_i_clk_gate_Y_reg/EN (SNPS_CLOCK_GATE_HIGH_data_reg_NBIT30_2_2)
                                                        0.0000     3.6447 f
  DP_i/fetch_i_pc_i_clk_gate_Y_reg/latch/E (CLKGATETST_X1)
                                                        0.0088     3.6535 f
  data arrival time                                                3.6535

  clock CLK (rise edge)                                 4.0000     4.0000
  clock network delay (ideal)                           0.0500     4.0500
  clock uncertainty                                    -0.0500     4.0000
  DP_i/fetch_i_pc_i_clk_gate_Y_reg/latch/CK (CLKGATETST_X1)
                                                        0.0000     4.0000 r
  clock gating setup time                              -0.0632     3.9368
  data required time                                               3.9368
  --------------------------------------------------------------------------
  data required time                                               3.9368
  data arrival time                                               -3.6535
  --------------------------------------------------------------------------
  slack (MET)                                                      0.2833


  Startpoint: DP_i/fetch_i_IR_out_reg_29_
              (rising edge-triggered flip-flop clocked by CLK)
  Endpoint: DP_i/fetch_i_pc_i_clk_gate_Y_reg/latch
            (gating element for clock CLK)
  Path Group: CLK
  Path Type: max

  Des/Clust/Port     Wire Load Model       Library
  ------------------------------------------------
  DLX                5K_hvratio_1_4        NangateOpenCellLibrary

  Point                                                   Incr       Path
  --------------------------------------------------------------------------
  clock CLK (rise edge)                                 0.0000     0.0000
  clock network delay (ideal)                           0.0500     0.0500
  DP_i/fetch_i_IR_out_reg_29_/CK (DFF_X1)               0.0000     0.0500 r
  DP_i/fetch_i_IR_out_reg_29_/Q (DFF_X1)                0.1319     0.1819 f
  DP_i/opcode_3_ (DataPath)                             0.0000     0.1819 f
  U788/ZN (INV_X1)                                      0.0873     0.2691 r
  U804/ZN (NAND3_X1)                                    0.0628     0.3320 f
  U805/ZN (NOR2_X1)                                     0.0880     0.4199 r
  U806/ZN (INV_X2)                                      0.0797     0.4996 f
  DP_i/RF2_BAR (DataPath)                               0.0000     0.4996 f
  DP_i/U125/ZN (INV_X1)                                 0.1093     0.6089 r
  DP_i/U309/ZN (NOR2_X1)                                0.0611     0.6700 f
  DP_i/U310/ZN (NAND2_X1)                               0.0467     0.7167 r
  DP_i/U311/ZN (INV_X1)                                 0.0292     0.7459 f
  DP_i/U312/ZN (AOI21_X1)                               0.0661     0.8120 r
  DP_i/U313/ZN (AOI21_X1)                               0.0408     0.8529 f
  DP_i/U314/ZN (INV_X1)                                 0.0412     0.8940 r
  DP_i/U315/ZN (NOR2_X1)                                0.0296     0.9236 f
  DP_i/U316/ZN (NOR2_X1)                                0.0667     0.9904 r
  DP_i/U321/ZN (AND2_X1)                                0.0651     1.0555 r
  DP_i/U326/ZN (NAND2_X1)                               0.0459     1.1014 f
  DP_i/U332/ZN (NOR2_X1)                                0.0410     1.1424 r
  DP_i/U334/ZN (OR2_X1)                                 0.0381     1.1804 r
  DP_i/U404/CO (FA_X1)                                  0.0795     1.2599 r
  DP_i/U336/ZN (NAND2_X1)                               0.0495     1.3094 f
  DP_i/U337/ZN (NOR2_X1)                                0.0595     1.3689 r
  DP_i/U344/ZN (OAI21_X1)                               0.0456     1.4145 f
  DP_i/U345/ZN (NAND2_X1)                               0.0422     1.4568 r
  DP_i/U127/ZN (AND2_X1)                                0.0572     1.5139 r
  DP_i/U346/ZN (NAND2_X1)                               0.0419     1.5558 f
  DP_i/U351/ZN (OR2_X1)                                 0.0670     1.6228 f
  DP_i/U124/ZN (AOI22_X1)                               0.0674     1.6903 r
  DP_i/U406/CO (FA_X1)                                  0.0879     1.7781 r
  DP_i/U358/ZN (NAND2_X1)                               0.0430     1.8212 f
  DP_i/U361/ZN (NOR2_X1)                                0.0648     1.8860 r
  DP_i/U362/ZN (AND2_X1)                                0.0585     1.9445 r
  DP_i/U367/ZN (XNOR2_X1)                               0.0414     1.9859 f
  DP_i/U369/ZN (AOI22_X1)                               0.0854     2.0712 r
  DP_i/U372/ZN (NOR2_X1)                                0.0359     2.1071 f
  DP_i/U373/ZN (AOI21_X1)                               0.0912     2.1983 r
  DP_i/U374/ZN (OAI211_X1)                              0.0835     2.2818 f
  DP_i/U376/ZN (OAI21_X1)                               0.0680     2.3498 r
  DP_i/U407/CO (FA_X1)                                  0.0786     2.4284 r
  DP_i/U377/ZN (INV_X1)                                 0.0325     2.4610 f
  DP_i/U380/ZN (AND2_X1)                                0.0437     2.5047 f
  DP_i/U381/ZN (AOI21_X1)                               0.0764     2.5810 r
  DP_i/U384/ZN (OR3_X1)                                 0.0498     2.6308 r
  DP_i/U385/ZN (AOI21_X1)                               0.0385     2.6693 f
  DP_i/U386/ZN (AOI221_X1)                              0.1264     2.7957 r
  DP_i/U389/ZN (NAND2_X1)                               0.0543     2.8500 f
  DP_i/U390/ZN (INV_X1)                                 0.0479     2.8979 r
  DP_i/U391/ZN (AND2_X1)                                0.0596     2.9575 r
  DP_i/U477/ZN (XNOR2_X1)                               0.0495     3.0070 f
  DP_i/U478/ZN (AOI22_X1)                               0.0680     3.0751 r
  DP_i/U479/ZN (OAI221_X1)                              0.0507     3.1258 f
  DP_i/U480/ZN (AOI21_X1)                               0.0595     3.1853 r
  DP_i/U481/ZN (OAI211_X1)                              0.0450     3.2303 f
  DP_i/U482/ZN (AOI211_X1)                              0.0834     3.3136 r
  DP_i/U483/ZN (OAI21_X1)                               0.0407     3.3543 f
  DP_i/U485/ZN (AOI22_X1)                               0.0588     3.4131 r
  DP_i/U486/ZN (AOI21_X1)                               0.0693     3.4824 f
  DP_i/flush (DataPath)                                 0.0000     3.4824 f
  U1110/ZN (OR3_X1)                                     0.1023     3.5847 f
  DP_i/pc_enable (DataPath)                             0.0000     3.5847 f
  DP_i/U2987/ZN (OR2_X1)                                0.0589     3.6436 f
  DP_i/fetch_i_pc_i_clk_gate_Y_reg/EN (SNPS_CLOCK_GATE_HIGH_data_reg_NBIT30_2_2)
                                                        0.0000     3.6436 f
  DP_i/fetch_i_pc_i_clk_gate_Y_reg/latch/E (CLKGATETST_X1)
                                                        0.0088     3.6524 f
  data arrival time                                                3.6524

  clock CLK (rise edge)                                 4.0000     4.0000
  clock network delay (ideal)                           0.0500     4.0500
  clock uncertainty                                    -0.0500     4.0000
  DP_i/fetch_i_pc_i_clk_gate_Y_reg/latch/CK (CLKGATETST_X1)
                                                        0.0000     4.0000 r
  clock gating setup time                              -0.0632     3.9368
  data required time                                               3.9368
  --------------------------------------------------------------------------
  data required time                                               3.9368
  data arrival time                                               -3.6524
  --------------------------------------------------------------------------
  slack (MET)                                                      0.2844


  Startpoint: DP_i/fetch_i_IR_out_reg_29_
              (rising edge-triggered flip-flop clocked by CLK)
  Endpoint: DP_i/fetch_i_btb_update_latch_i_clk_gate_target_out_reg/latch
            (gating element for clock CLK)
  Path Group: CLK
  Path Type: max

  Des/Clust/Port     Wire Load Model       Library
  ------------------------------------------------
  DLX                5K_hvratio_1_4        NangateOpenCellLibrary

  Point                                                   Incr       Path
  --------------------------------------------------------------------------
  clock CLK (rise edge)                                 0.0000     0.0000
  clock network delay (ideal)                           0.0500     0.0500
  DP_i/fetch_i_IR_out_reg_29_/CK (DFF_X1)               0.0000     0.0500 r
  DP_i/fetch_i_IR_out_reg_29_/Q (DFF_X1)                0.1708     0.2208 r
  DP_i/opcode_3_ (DataPath)                             0.0000     0.2208 r
  U788/ZN (INV_X1)                                      0.0745     0.2953 f
  U804/ZN (NAND3_X1)                                    0.0605     0.3558 r
  U805/ZN (NOR2_X1)                                     0.0415     0.3973 f
  U806/ZN (INV_X2)                                      0.0888     0.4862 r
  U876/ZN (NOR2_X1)                                     0.0584     0.5445 f
  U877/ZN (NAND2_X1)                                    0.0509     0.5955 r
  U881/ZN (NOR4_X1)                                     0.0393     0.6348 f
  U882/ZN (NAND2_X1)                                    0.0587     0.6934 r
  DP_i/SP_read_BAR (DataPath)                           0.0000     0.6934 r
  DP_i/U2277/ZN (AOI21_X1)                              0.0389     0.7324 f
  DP_i/U2278/ZN (AOI211_X1)                             0.0924     0.8248 r
  DP_i/U2279/ZN (INV_X1)                                0.0369     0.8617 f
  DP_i/U2280/ZN (NOR2_X2)                               0.1328     0.9945 r
  DP_i/U2281/ZN (INV_X1)                                0.0755     1.0700 f
  DP_i/U2445/ZN (NOR2_X1)                               0.1682     1.2382 r
  DP_i/rs2_live[1] (DataPath)                           0.0000     1.2382 r
  U980/ZN (OAI211_X1)                                   0.0875     1.3257 f
  U983/ZN (OAI221_X1)                                   0.0713     1.3970 r
  U984/ZN (INV_X1)                                      0.0234     1.4204 f
  U986/Z (MUX2_X1)                                      0.0681     1.4884 f
  U1000/ZN (OAI21_X1)                                   0.0586     1.5470 r
  U1010/ZN (AOI211_X1)                                  0.0369     1.5840 f
  U1038/ZN (AOI211_X1)                                  0.1255     1.7094 r
  U1039/ZN (INV_X1)                                     0.0349     1.7443 f
  U1111/ZN (AOI21_X1)                                   0.0486     1.7930 r
  DP_i/F_ID_enable (DataPath)                           0.0000     1.7930 r
  DP_i/U741/ZN (INV_X1)                                 0.0346     1.8276 f
  DP_i/U4539/ZN (NOR2_X1)                               0.0509     1.8785 r
  DP_i/fetch_i_btb_update_latch_i_clk_gate_target_out_reg/EN (SNPS_CLOCK_GATE_HIGH_latching_for_btb_update_0)
                                                        0.0000     1.8785 r
  DP_i/fetch_i_btb_update_latch_i_clk_gate_target_out_reg/latch/E (CLKGATETST_X1)
                                                        0.0100     1.8885 r
  data arrival time                                                1.8885

  clock CLK (rise edge)                                 4.0000     4.0000
  clock network delay (ideal)                           0.0500     4.0500
  clock uncertainty                                    -0.0500     4.0000
  DP_i/fetch_i_btb_update_latch_i_clk_gate_target_out_reg/latch/CK (CLKGATETST_X1)
                                                        0.0000     4.0000 r
  clock gating setup time                              -0.0757     3.9243
  data required time                                               3.9243
  --------------------------------------------------------------------------
  data required time                                               3.9243
  data arrival time                                               -1.8885
  --------------------------------------------------------------------------
  slack (MET)                                                      2.0358


  Startpoint: DP_i/fetch_i_IR_out_reg_29_
              (rising edge-triggered flip-flop clocked by CLK)
  Endpoint: DP_i/fetch_i_btb_update_latch_i_clk_gate_target_out_reg/latch
            (gating element for clock CLK)
  Path Group: CLK
  Path Type: max

  Des/Clust/Port     Wire Load Model       Library
  ------------------------------------------------
  DLX                5K_hvratio_1_4        NangateOpenCellLibrary

  Point                                                   Incr       Path
  --------------------------------------------------------------------------
  clock CLK (rise edge)                                 0.0000     0.0000
  clock network delay (ideal)                           0.0500     0.0500
  DP_i/fetch_i_IR_out_reg_29_/CK (DFF_X1)               0.0000     0.0500 r
  DP_i/fetch_i_IR_out_reg_29_/Q (DFF_X1)                0.1708     0.2208 r
  DP_i/opcode_3_ (DataPath)                             0.0000     0.2208 r
  U788/ZN (INV_X1)                                      0.0745     0.2953 f
  U804/ZN (NAND3_X1)                                    0.0605     0.3558 r
  U805/ZN (NOR2_X1)                                     0.0415     0.3973 f
  U806/ZN (INV_X2)                                      0.0888     0.4862 r
  U876/ZN (NOR2_X1)                                     0.0584     0.5445 f
  U877/ZN (NAND2_X1)                                    0.0509     0.5955 r
  U881/ZN (NOR4_X1)                                     0.0393     0.6348 f
  U882/ZN (NAND2_X1)                                    0.0587     0.6934 r
  DP_i/SP_read_BAR (DataPath)                           0.0000     0.6934 r
  DP_i/U2277/ZN (AOI21_X1)                              0.0389     0.7324 f
  DP_i/U2278/ZN (AOI211_X1)                             0.0924     0.8248 r
  DP_i/U2279/ZN (INV_X1)                                0.0369     0.8617 f
  DP_i/U2280/ZN (NOR2_X2)                               0.1328     0.9945 r
  DP_i/U2281/ZN (INV_X1)                                0.0755     1.0700 f
  DP_i/U2445/ZN (NOR2_X1)                               0.1682     1.2382 r
  DP_i/rs2_live[1] (DataPath)                           0.0000     1.2382 r
  U980/ZN (OAI211_X1)                                   0.0875     1.3257 f
  U983/ZN (OAI221_X1)                                   0.0713     1.3970 r
  U984/ZN (INV_X1)                                      0.0234     1.4204 f
  U986/Z (MUX2_X1)                                      0.0681     1.4884 f
  U1000/ZN (OAI21_X1)                                   0.0586     1.5470 r
  U1010/ZN (AOI211_X1)                                  0.0369     1.5840 f
  U1038/ZN (AOI211_X1)                                  0.1255     1.7094 r
  U1039/ZN (INV_X1)                                     0.0349     1.7443 f
  U1111/ZN (AOI21_X1)                                   0.0486     1.7930 r
  DP_i/F_ID_enable (DataPath)                           0.0000     1.7930 r
  DP_i/U741/ZN (INV_X1)                                 0.0346     1.8276 f
  DP_i/U4539/ZN (NOR2_X1)                               0.0509     1.8785 r
  DP_i/fetch_i_btb_update_latch_i_clk_gate_target_out_reg/EN (SNPS_CLOCK_GATE_HIGH_latching_for_btb_update_0)
                                                        0.0000     1.8785 r
  DP_i/fetch_i_btb_update_latch_i_clk_gate_target_out_reg/latch/E (CLKGATETST_X1)
                                                        0.0100     1.8885 r
  data arrival time                                                1.8885

  clock CLK (rise edge)                                 4.0000     4.0000
  clock network delay (ideal)                           0.0500     4.0500
  clock uncertainty                                    -0.0500     4.0000
  DP_i/fetch_i_btb_update_latch_i_clk_gate_target_out_reg/latch/CK (CLKGATETST_X1)
                                                        0.0000     4.0000 r
  clock gating setup time                              -0.0757     3.9243
  data required time                                               3.9243
  --------------------------------------------------------------------------
  data required time                                               3.9243
  data arrival time                                               -1.8885
  --------------------------------------------------------------------------
  slack (MET)                                                      2.0358


  Startpoint: DP_i/fetch_i_IR_out_reg_29_
              (rising edge-triggered flip-flop clocked by CLK)
  Endpoint: DP_i/fetch_i_btb_update_latch_i_clk_gate_taken_out_reg/latch
            (gating element for clock CLK)
  Path Group: CLK
  Path Type: max

  Des/Clust/Port     Wire Load Model       Library
  ------------------------------------------------
  DLX                5K_hvratio_1_4        NangateOpenCellLibrary

  Point                                                   Incr       Path
  --------------------------------------------------------------------------
  clock CLK (rise edge)                                 0.0000     0.0000
  clock network delay (ideal)                           0.0500     0.0500
  DP_i/fetch_i_IR_out_reg_29_/CK (DFF_X1)               0.0000     0.0500 r
  DP_i/fetch_i_IR_out_reg_29_/Q (DFF_X1)                0.1708     0.2208 r
  DP_i/opcode_3_ (DataPath)                             0.0000     0.2208 r
  U788/ZN (INV_X1)                                      0.0745     0.2953 f
  U804/ZN (NAND3_X1)                                    0.0605     0.3558 r
  U805/ZN (NOR2_X1)                                     0.0415     0.3973 f
  U806/ZN (INV_X2)                                      0.0888     0.4862 r
  U876/ZN (NOR2_X1)                                     0.0584     0.5445 f
  U877/ZN (NAND2_X1)                                    0.0509     0.5955 r
  U881/ZN (NOR4_X1)                                     0.0393     0.6348 f
  U882/ZN (NAND2_X1)                                    0.0587     0.6934 r
  DP_i/SP_read_BAR (DataPath)                           0.0000     0.6934 r
  DP_i/U2277/ZN (AOI21_X1)                              0.0389     0.7324 f
  DP_i/U2278/ZN (AOI211_X1)                             0.0924     0.8248 r
  DP_i/U2279/ZN (INV_X1)                                0.0369     0.8617 f
  DP_i/U2280/ZN (NOR2_X2)                               0.1328     0.9945 r
  DP_i/U2281/ZN (INV_X1)                                0.0755     1.0700 f
  DP_i/U2445/ZN (NOR2_X1)                               0.1682     1.2382 r
  DP_i/rs2_live[1] (DataPath)                           0.0000     1.2382 r
  U980/ZN (OAI211_X1)                                   0.0875     1.3257 f
  U983/ZN (OAI221_X1)                                   0.0713     1.3970 r
  U984/ZN (INV_X1)                                      0.0234     1.4204 f
  U986/Z (MUX2_X1)                                      0.0681     1.4884 f
  U1000/ZN (OAI21_X1)                                   0.0586     1.5470 r
  U1010/ZN (AOI211_X1)                                  0.0369     1.5840 f
  U1038/ZN (AOI211_X1)                                  0.1255     1.7094 r
  U1039/ZN (INV_X1)                                     0.0349     1.7443 f
  U1111/ZN (AOI21_X1)                                   0.0486     1.7930 r
  DP_i/F_ID_enable (DataPath)                           0.0000     1.7930 r
  DP_i/U741/ZN (INV_X1)                                 0.0346     1.8276 f
  DP_i/U4541/ZN (OAI21_X1)                              0.0470     1.8747 r
  DP_i/fetch_i_btb_update_latch_i_clk_gate_taken_out_reg/EN (SNPS_CLOCK_GATE_HIGH_latching_for_btb_update_1)
                                                        0.0000     1.8747 r
  DP_i/fetch_i_btb_update_latch_i_clk_gate_taken_out_reg/latch/E (CLKGATETST_X1)
                                                        0.0091     1.8837 r
  data arrival time                                                1.8837

  clock CLK (rise edge)                                 4.0000     4.0000
  clock network delay (ideal)                           0.0500     4.0500
  clock uncertainty                                    -0.0500     4.0000
  DP_i/fetch_i_btb_update_latch_i_clk_gate_taken_out_reg/latch/CK (CLKGATETST_X1)
                                                        0.0000     4.0000 r
  clock gating setup time                              -0.0760     3.9240
  data required time                                               3.9240
  --------------------------------------------------------------------------
  data required time                                               3.9240
  data arrival time                                               -1.8837
  --------------------------------------------------------------------------
  slack (MET)                                                      2.0402


  Startpoint: DP_i/fetch_i_IR_out_reg_29_
              (rising edge-triggered flip-flop clocked by CLK)
  Endpoint: DP_i/fetch_i_btb_update_latch_i_clk_gate_taken_out_reg/latch
            (gating element for clock CLK)
  Path Group: CLK
  Path Type: max

  Des/Clust/Port     Wire Load Model       Library
  ------------------------------------------------
  DLX                5K_hvratio_1_4        NangateOpenCellLibrary

  Point                                                   Incr       Path
  --------------------------------------------------------------------------
  clock CLK (rise edge)                                 0.0000     0.0000
  clock network delay (ideal)                           0.0500     0.0500
  DP_i/fetch_i_IR_out_reg_29_/CK (DFF_X1)               0.0000     0.0500 r
  DP_i/fetch_i_IR_out_reg_29_/Q (DFF_X1)                0.1708     0.2208 r
  DP_i/opcode_3_ (DataPath)                             0.0000     0.2208 r
  U788/ZN (INV_X1)                                      0.0745     0.2953 f
  U804/ZN (NAND3_X1)                                    0.0605     0.3558 r
  U805/ZN (NOR2_X1)                                     0.0415     0.3973 f
  U806/ZN (INV_X2)                                      0.0888     0.4862 r
  U876/ZN (NOR2_X1)                                     0.0584     0.5445 f
  U877/ZN (NAND2_X1)                                    0.0509     0.5955 r
  U881/ZN (NOR4_X1)                                     0.0393     0.6348 f
  U882/ZN (NAND2_X1)                                    0.0587     0.6934 r
  DP_i/SP_read_BAR (DataPath)                           0.0000     0.6934 r
  DP_i/U2277/ZN (AOI21_X1)                              0.0389     0.7324 f
  DP_i/U2278/ZN (AOI211_X1)                             0.0924     0.8248 r
  DP_i/U2279/ZN (INV_X1)                                0.0369     0.8617 f
  DP_i/U2280/ZN (NOR2_X2)                               0.1328     0.9945 r
  DP_i/U2281/ZN (INV_X1)                                0.0755     1.0700 f
  DP_i/U2445/ZN (NOR2_X1)                               0.1682     1.2382 r
  DP_i/rs2_live[1] (DataPath)                           0.0000     1.2382 r
  U980/ZN (OAI211_X1)                                   0.0875     1.3257 f
  U983/ZN (OAI221_X1)                                   0.0713     1.3970 r
  U984/ZN (INV_X1)                                      0.0234     1.4204 f
  U986/Z (MUX2_X1)                                      0.0681     1.4884 f
  U1000/ZN (OAI21_X1)                                   0.0586     1.5470 r
  U1010/ZN (AOI211_X1)                                  0.0369     1.5840 f
  U1038/ZN (AOI211_X1)                                  0.1255     1.7094 r
  U1039/ZN (INV_X1)                                     0.0349     1.7443 f
  U1111/ZN (AOI21_X1)                                   0.0486     1.7930 r
  DP_i/F_ID_enable (DataPath)                           0.0000     1.7930 r
  DP_i/U741/ZN (INV_X1)                                 0.0346     1.8276 f
  DP_i/U4541/ZN (OAI21_X1)                              0.0470     1.8747 r
  DP_i/fetch_i_btb_update_latch_i_clk_gate_taken_out_reg/EN (SNPS_CLOCK_GATE_HIGH_latching_for_btb_update_1)
                                                        0.0000     1.8747 r
  DP_i/fetch_i_btb_update_latch_i_clk_gate_taken_out_reg/latch/E (CLKGATETST_X1)
                                                        0.0091     1.8837 r
  data arrival time                                                1.8837

  clock CLK (rise edge)                                 4.0000     4.0000
  clock network delay (ideal)                           0.0500     4.0500
  clock uncertainty                                    -0.0500     4.0000
  DP_i/fetch_i_btb_update_latch_i_clk_gate_taken_out_reg/latch/CK (CLKGATETST_X1)
                                                        0.0000     4.0000 r
  clock gating setup time                              -0.0760     3.9240
  data required time                                               3.9240
  --------------------------------------------------------------------------
  data required time                                               3.9240
  data arrival time                                               -1.8837
  --------------------------------------------------------------------------
  slack (MET)                                                      2.0403


  Startpoint: DP_i/fetch_i_IR_out_reg_29_
              (rising edge-triggered flip-flop clocked by CLK)
  Endpoint: DP_i/fetch_i_clk_gate_IR_out_reg/latch
            (gating element for clock CLK)
  Path Group: CLK
  Path Type: max

  Des/Clust/Port     Wire Load Model       Library
  ------------------------------------------------
  DLX                5K_hvratio_1_4        NangateOpenCellLibrary

  Point                                                   Incr       Path
  --------------------------------------------------------------------------
  clock CLK (rise edge)                                 0.0000     0.0000
  clock network delay (ideal)                           0.0500     0.0500
  DP_i/fetch_i_IR_out_reg_29_/CK (DFF_X1)               0.0000     0.0500 r
  DP_i/fetch_i_IR_out_reg_29_/Q (DFF_X1)                0.1708     0.2208 r
  DP_i/opcode_3_ (DataPath)                             0.0000     0.2208 r
  U788/ZN (INV_X1)                                      0.0745     0.2953 f
  U804/ZN (NAND3_X1)                                    0.0605     0.3558 r
  U805/ZN (NOR2_X1)                                     0.0415     0.3973 f
  U806/ZN (INV_X2)                                      0.0888     0.4862 r
  U876/ZN (NOR2_X1)                                     0.0584     0.5445 f
  U877/ZN (NAND2_X1)                                    0.0509     0.5955 r
  U881/ZN (NOR4_X1)                                     0.0393     0.6348 f
  U882/ZN (NAND2_X1)                                    0.0587     0.6934 r
  DP_i/SP_read_BAR (DataPath)                           0.0000     0.6934 r
  DP_i/U2277/ZN (AOI21_X1)                              0.0389     0.7324 f
  DP_i/U2278/ZN (AOI211_X1)                             0.0924     0.8248 r
  DP_i/U2279/ZN (INV_X1)                                0.0369     0.8617 f
  DP_i/U2280/ZN (NOR2_X2)                               0.1328     0.9945 r
  DP_i/U2281/ZN (INV_X1)                                0.0755     1.0700 f
  DP_i/U2445/ZN (NOR2_X1)                               0.1682     1.2382 r
  DP_i/rs2_live[1] (DataPath)                           0.0000     1.2382 r
  U980/ZN (OAI211_X1)                                   0.0875     1.3257 f
  U983/ZN (OAI221_X1)                                   0.0713     1.3970 r
  U984/ZN (INV_X1)                                      0.0234     1.4204 f
  U986/Z (MUX2_X1)                                      0.0681     1.4884 f
  U1000/ZN (OAI21_X1)                                   0.0586     1.5470 r
  U1010/ZN (AOI211_X1)                                  0.0369     1.5840 f
  U1038/ZN (AOI211_X1)                                  0.1255     1.7094 r
  U1039/ZN (INV_X1)                                     0.0349     1.7443 f
  U1111/ZN (AOI21_X1)                                   0.0486     1.7930 r
  DP_i/F_ID_enable (DataPath)                           0.0000     1.7930 r
  DP_i/U741/ZN (INV_X1)                                 0.0346     1.8276 f
  DP_i/U2956/ZN (NAND2_X1)                              0.0332     1.8609 r
  DP_i/fetch_i_clk_gate_IR_out_reg/EN (SNPS_CLOCK_GATE_HIGH_fetch)
                                                        0.0000     1.8609 r
  DP_i/fetch_i_clk_gate_IR_out_reg/latch/E (CLKGATETST_X1)
                                                        0.0091     1.8699 r
  data arrival time                                                1.8699

  clock CLK (rise edge)                                 4.0000     4.0000
  clock network delay (ideal)                           0.0500     4.0500
  clock uncertainty                                    -0.0500     4.0000
  DP_i/fetch_i_clk_gate_IR_out_reg/latch/CK (CLKGATETST_X1)
                                                        0.0000     4.0000 r
  clock gating setup time                              -0.0720     3.9280
  data required time                                               3.9280
  --------------------------------------------------------------------------
  data required time                                               3.9280
  data arrival time                                               -1.8699
  --------------------------------------------------------------------------
  slack (MET)                                                      2.0580


  Startpoint: DP_i/fetch_i_IR_out_reg_29_
              (rising edge-triggered flip-flop clocked by CLK)
  Endpoint: DP_i/fetch_i_clk_gate_IR_out_reg/latch
            (gating element for clock CLK)
  Path Group: CLK
  Path Type: max

  Des/Clust/Port     Wire Load Model       Library
  ------------------------------------------------
  DLX                5K_hvratio_1_4        NangateOpenCellLibrary

  Point                                                   Incr       Path
  --------------------------------------------------------------------------
  clock CLK (rise edge)                                 0.0000     0.0000
  clock network delay (ideal)                           0.0500     0.0500
  DP_i/fetch_i_IR_out_reg_29_/CK (DFF_X1)               0.0000     0.0500 r
  DP_i/fetch_i_IR_out_reg_29_/Q (DFF_X1)                0.1708     0.2208 r
  DP_i/opcode_3_ (DataPath)                             0.0000     0.2208 r
  U788/ZN (INV_X1)                                      0.0745     0.2953 f
  U804/ZN (NAND3_X1)                                    0.0605     0.3558 r
  U805/ZN (NOR2_X1)                                     0.0415     0.3973 f
  U806/ZN (INV_X2)                                      0.0888     0.4862 r
  U876/ZN (NOR2_X1)                                     0.0584     0.5445 f
  U877/ZN (NAND2_X1)                                    0.0509     0.5955 r
  U881/ZN (NOR4_X1)                                     0.0393     0.6348 f
  U882/ZN (NAND2_X1)                                    0.0587     0.6934 r
  DP_i/SP_read_BAR (DataPath)                           0.0000     0.6934 r
  DP_i/U2277/ZN (AOI21_X1)                              0.0389     0.7324 f
  DP_i/U2278/ZN (AOI211_X1)                             0.0924     0.8248 r
  DP_i/U2279/ZN (INV_X1)                                0.0369     0.8617 f
  DP_i/U2280/ZN (NOR2_X2)                               0.1328     0.9945 r
  DP_i/U2281/ZN (INV_X1)                                0.0755     1.0700 f
  DP_i/U2445/ZN (NOR2_X1)                               0.1682     1.2382 r
  DP_i/rs2_live[1] (DataPath)                           0.0000     1.2382 r
  U980/ZN (OAI211_X1)                                   0.0875     1.3257 f
  U983/ZN (OAI221_X1)                                   0.0713     1.3970 r
  U984/ZN (INV_X1)                                      0.0234     1.4204 f
  U986/Z (MUX2_X1)                                      0.0681     1.4884 f
  U1000/ZN (OAI21_X1)                                   0.0586     1.5470 r
  U1010/ZN (AOI211_X1)                                  0.0369     1.5840 f
  U1038/ZN (AOI211_X1)                                  0.1255     1.7094 r
  U1039/ZN (INV_X1)                                     0.0349     1.7443 f
  U1111/ZN (AOI21_X1)                                   0.0486     1.7930 r
  DP_i/F_ID_enable (DataPath)                           0.0000     1.7930 r
  DP_i/U741/ZN (INV_X1)                                 0.0346     1.8276 f
  DP_i/U2956/ZN (NAND2_X1)                              0.0332     1.8609 r
  DP_i/fetch_i_clk_gate_IR_out_reg/EN (SNPS_CLOCK_GATE_HIGH_fetch)
                                                        0.0000     1.8609 r
  DP_i/fetch_i_clk_gate_IR_out_reg/latch/E (CLKGATETST_X1)
                                                        0.0091     1.8699 r
  data arrival time                                                1.8699

  clock CLK (rise edge)                                 4.0000     4.0000
  clock network delay (ideal)                           0.0500     4.0500
  clock uncertainty                                    -0.0500     4.0000
  DP_i/fetch_i_clk_gate_IR_out_reg/latch/CK (CLKGATETST_X1)
                                                        0.0000     4.0000 r
  clock gating setup time                              -0.0720     3.9280
  data required time                                               3.9280
  --------------------------------------------------------------------------
  data required time                                               3.9280
  data arrival time                                               -1.8699
  --------------------------------------------------------------------------
  slack (MET)                                                      2.0580


  Startpoint: DP_i/fetch_i_btb_update_latch_i_pc_branch_out_reg_3_
              (rising edge-triggered flip-flop clocked by CLK)
  Endpoint: DP_i/fetch_i_btb_i/clk_gate_btb_table_reg_0__TARGET_/latch
            (gating element for clock CLK)
  Path Group: CLK
  Path Type: max

  Des/Clust/Port     Wire Load Model       Library
  ------------------------------------------------
  DLX                5K_hvratio_1_4        NangateOpenCellLibrary

  Point                                                   Incr       Path
  --------------------------------------------------------------------------
  clock CLK (rise edge)                                 0.0000     0.0000
  clock network delay (ideal)                           0.0500     0.0500
  DP_i/fetch_i_btb_update_latch_i_pc_branch_out_reg_3_/CK (DFF_X1)
                                                        0.0000     0.0500 r
  DP_i/fetch_i_btb_update_latch_i_pc_branch_out_reg_3_/Q (DFF_X1)
                                                        0.1552     0.2052 r
  DP_i/fetch_i_btb_i/pc_branch[3] (BTB_NBIT32_BTB_DEPTH16_BTB_INDEX_MSB5)
                                                        0.0000     0.2052 r
  DP_i/fetch_i_btb_i/U167/ZN (INV_X1)                   0.0857     0.2908 f
  DP_i/fetch_i_btb_i/U168/ZN (NOR2_X1)                  0.1094     0.4002 r
  DP_i/fetch_i_btb_i/U185/ZN (NAND2_X1)                 0.0527     0.4529 f
  DP_i/fetch_i_btb_i/U162/ZN (INV_X2)                   0.1291     0.5820 r
  DP_i/fetch_i_btb_i/U414/ZN (AOI22_X1)                 0.0742     0.6561 f
  DP_i/fetch_i_btb_i/U417/ZN (NAND4_X1)                 0.0431     0.6993 r
  DP_i/fetch_i_btb_i/U423/ZN (NOR2_X1)                  0.0296     0.7288 f
  DP_i/fetch_i_btb_i/U424/ZN (AOI22_X1)                 0.0620     0.7908 r
  DP_i/fetch_i_btb_i/U425/ZN (OAI221_X1)                0.0507     0.8415 f
  DP_i/fetch_i_btb_i/U426/ZN (AOI21_X1)                 0.0624     0.9039 r
  DP_i/fetch_i_btb_i/U427/ZN (OAI21_X1)                 0.0372     0.9411 f
  DP_i/fetch_i_btb_i/U568/ZN (NOR4_X1)                  0.0958     1.0369 r
  DP_i/fetch_i_btb_i/U569/ZN (NAND4_X1)                 0.0956     1.1324 f
  DP_i/fetch_i_btb_i/U491/ZN (AND4_X1)                  0.0953     1.2277 f
  DP_i/fetch_i_btb_i/U492/ZN (NAND2_X1)                 0.0702     1.2979 r
  DP_i/fetch_i_btb_i/U495/ZN (INV_X1)                   0.0321     1.3300 f
  DP_i/fetch_i_btb_i/U496/ZN (AOI21_X1)                 0.0889     1.4189 r
  DP_i/fetch_i_btb_i/U497/ZN (NOR2_X1)                  0.0292     1.4481 f
  DP_i/fetch_i_btb_i/clk_gate_btb_table_reg_0__TARGET_/EN (SNPS_CLOCK_GATE_HIGH_BTB_NBIT32_BTB_DEPTH16_BTB_INDEX_MSB5_32)
                                                        0.0000     1.4481 f
  DP_i/fetch_i_btb_i/clk_gate_btb_table_reg_0__TARGET_/latch/E (CLKGATETST_X1)
                                                        0.0088     1.4569 f
  data arrival time                                                1.4569

  clock CLK (rise edge)                                 4.0000     4.0000
  clock network delay (ideal)                           0.0500     4.0500
  clock uncertainty                                    -0.0500     4.0000
  DP_i/fetch_i_btb_i/clk_gate_btb_table_reg_0__TARGET_/latch/CK (CLKGATETST_X1)
                                                        0.0000     4.0000 r
  clock gating setup time                              -0.0646     3.9354
  data required time                                               3.9354
  --------------------------------------------------------------------------
  data required time                                               3.9354
  data arrival time                                               -1.4569
  --------------------------------------------------------------------------
  slack (MET)                                                      2.4785


  Startpoint: DP_i/fetch_i_btb_update_latch_i_pc_branch_out_reg_3_
              (rising edge-triggered flip-flop clocked by CLK)
  Endpoint: DP_i/fetch_i_btb_i/clk_gate_btb_table_reg_1__TARGET_/latch
            (gating element for clock CLK)
  Path Group: CLK
  Path Type: max

  Des/Clust/Port     Wire Load Model       Library
  ------------------------------------------------
  DLX                5K_hvratio_1_4        NangateOpenCellLibrary

  Point                                                   Incr       Path
  --------------------------------------------------------------------------
  clock CLK (rise edge)                                 0.0000     0.0000
  clock network delay (ideal)                           0.0500     0.0500
  DP_i/fetch_i_btb_update_latch_i_pc_branch_out_reg_3_/CK (DFF_X1)
                                                        0.0000     0.0500 r
  DP_i/fetch_i_btb_update_latch_i_pc_branch_out_reg_3_/Q (DFF_X1)
                                                        0.1552     0.2052 r
  DP_i/fetch_i_btb_i/pc_branch[3] (BTB_NBIT32_BTB_DEPTH16_BTB_INDEX_MSB5)
                                                        0.0000     0.2052 r
  DP_i/fetch_i_btb_i/U167/ZN (INV_X1)                   0.0857     0.2908 f
  DP_i/fetch_i_btb_i/U168/ZN (NOR2_X1)                  0.1094     0.4002 r
  DP_i/fetch_i_btb_i/U185/ZN (NAND2_X1)                 0.0527     0.4529 f
  DP_i/fetch_i_btb_i/U162/ZN (INV_X2)                   0.1291     0.5820 r
  DP_i/fetch_i_btb_i/U414/ZN (AOI22_X1)                 0.0742     0.6561 f
  DP_i/fetch_i_btb_i/U417/ZN (NAND4_X1)                 0.0431     0.6993 r
  DP_i/fetch_i_btb_i/U423/ZN (NOR2_X1)                  0.0296     0.7288 f
  DP_i/fetch_i_btb_i/U424/ZN (AOI22_X1)                 0.0620     0.7908 r
  DP_i/fetch_i_btb_i/U425/ZN (OAI221_X1)                0.0507     0.8415 f
  DP_i/fetch_i_btb_i/U426/ZN (AOI21_X1)                 0.0624     0.9039 r
  DP_i/fetch_i_btb_i/U427/ZN (OAI21_X1)                 0.0372     0.9411 f
  DP_i/fetch_i_btb_i/U568/ZN (NOR4_X1)                  0.0958     1.0369 r
  DP_i/fetch_i_btb_i/U569/ZN (NAND4_X1)                 0.0956     1.1324 f
  DP_i/fetch_i_btb_i/U491/ZN (AND4_X1)                  0.0953     1.2277 f
  DP_i/fetch_i_btb_i/U492/ZN (NAND2_X1)                 0.0702     1.2979 r
  DP_i/fetch_i_btb_i/U495/ZN (INV_X1)                   0.0321     1.3300 f
  DP_i/fetch_i_btb_i/U496/ZN (AOI21_X1)                 0.0889     1.4189 r
  DP_i/fetch_i_btb_i/U499/ZN (NOR2_X1)                  0.0292     1.4481 f
  DP_i/fetch_i_btb_i/clk_gate_btb_table_reg_1__TARGET_/EN (SNPS_CLOCK_GATE_HIGH_BTB_NBIT32_BTB_DEPTH16_BTB_INDEX_MSB5_30)
                                                        0.0000     1.4481 f
  DP_i/fetch_i_btb_i/clk_gate_btb_table_reg_1__TARGET_/latch/E (CLKGATETST_X1)
                                                        0.0088     1.4569 f
  data arrival time                                                1.4569

  clock CLK (rise edge)                                 4.0000     4.0000
  clock network delay (ideal)                           0.0500     4.0500
  clock uncertainty                                    -0.0500     4.0000
  DP_i/fetch_i_btb_i/clk_gate_btb_table_reg_1__TARGET_/latch/CK (CLKGATETST_X1)
                                                        0.0000     4.0000 r
  clock gating setup time                              -0.0646     3.9354
  data required time                                               3.9354
  --------------------------------------------------------------------------
  data required time                                               3.9354
  data arrival time                                               -1.4569
  --------------------------------------------------------------------------
  slack (MET)                                                      2.4785


  Startpoint: DRAM_READY (input port clocked by CLK)
  Endpoint: DP_i/decode_i_B_reg_i_Y_reg_30_
            (rising edge-triggered flip-flop clocked by CLK)
  Path Group: INPUTS
  Path Type: max

  Des/Clust/Port     Wire Load Model       Library
  ------------------------------------------------
  DLX                5K_hvratio_1_4        NangateOpenCellLibrary

  Point                                                   Incr       Path
  --------------------------------------------------------------------------
  clock CLK (rise edge)                                 0.0000     0.0000
  clock network delay (ideal)                           0.0500     0.0500
  input external delay                                  0.4000     0.4500 r
  DRAM_READY (in)                                       0.0014     0.4514 r
  U854/ZN (NOR2_X1)                                     0.0299     0.4813 f
  U855/ZN (INV_X1)                                      0.0777     0.5590 r
  DP_i/ID_EX_enable (DataPath)                          0.0000     0.5590 r
  DP_i/U2689/ZN (NAND2_X2)                              0.1662     0.7252 f
  DP_i/U2705/ZN (NOR3_X2)                               0.4369     1.1621 r
  DP_i/U2711/ZN (NAND2_X1)                              0.0567     1.2188 f
  DP_i/U2712/ZN (NAND4_X1)                              0.0550     1.2738 r
  DP_i/decode_i_B_reg_i_Y_reg_30_/D (DFF_X1)            0.0110     1.2847 r
  data arrival time                                                1.2847

  clock CLK (rise edge)                                 4.0000     4.0000
  clock network delay (ideal)                           0.0500     4.0500
  clock uncertainty                                    -0.0500     4.0000
  DP_i/decode_i_B_reg_i_Y_reg_30_/CK (DFF_X1)           0.0000     4.0000 r
  library setup time                                   -0.0302     3.9698
  data required time                                               3.9698
  --------------------------------------------------------------------------
  data required time                                               3.9698
  data arrival time                                               -1.2847
  --------------------------------------------------------------------------
  slack (MET)                                                      2.6850


  Startpoint: DRAM_READY (input port clocked by CLK)
  Endpoint: DP_i/decode_i_B_reg_i_Y_reg_29_
            (rising edge-triggered flip-flop clocked by CLK)
  Path Group: INPUTS
  Path Type: max

  Des/Clust/Port     Wire Load Model       Library
  ------------------------------------------------
  DLX                5K_hvratio_1_4        NangateOpenCellLibrary

  Point                                                   Incr       Path
  --------------------------------------------------------------------------
  clock CLK (rise edge)                                 0.0000     0.0000
  clock network delay (ideal)                           0.0500     0.0500
  input external delay                                  0.4000     0.4500 r
  DRAM_READY (in)                                       0.0014     0.4514 r
  U854/ZN (NOR2_X1)                                     0.0299     0.4813 f
  U855/ZN (INV_X1)                                      0.0777     0.5590 r
  DP_i/ID_EX_enable (DataPath)                          0.0000     0.5590 r
  DP_i/U2689/ZN (NAND2_X2)                              0.1662     0.7252 f
  DP_i/U2705/ZN (NOR3_X2)                               0.4369     1.1621 r
  DP_i/U2716/ZN (NAND2_X1)                              0.0567     1.2188 f
  DP_i/U2717/ZN (NAND4_X1)                              0.0550     1.2738 r
  DP_i/decode_i_B_reg_i_Y_reg_29_/D (DFF_X1)            0.0110     1.2847 r
  data arrival time                                                1.2847

  clock CLK (rise edge)                                 4.0000     4.0000
  clock network delay (ideal)                           0.0500     4.0500
  clock uncertainty                                    -0.0500     4.0000
  DP_i/decode_i_B_reg_i_Y_reg_29_/CK (DFF_X1)           0.0000     4.0000 r
  library setup time                                   -0.0302     3.9698
  data required time                                               3.9698
  --------------------------------------------------------------------------
  data required time                                               3.9698
  data arrival time                                               -1.2847
  --------------------------------------------------------------------------
  slack (MET)                                                      2.6850


  Startpoint: DRAM_READY (input port clocked by CLK)
  Endpoint: DP_i/decode_i_B_reg_i_Y_reg_28_
            (rising edge-triggered flip-flop clocked by CLK)
  Path Group: INPUTS
  Path Type: max

  Des/Clust/Port     Wire Load Model       Library
  ------------------------------------------------
  DLX                5K_hvratio_1_4        NangateOpenCellLibrary

  Point                                                   Incr       Path
  --------------------------------------------------------------------------
  clock CLK (rise edge)                                 0.0000     0.0000
  clock network delay (ideal)                           0.0500     0.0500
  input external delay                                  0.4000     0.4500 r
  DRAM_READY (in)                                       0.0014     0.4514 r
  U854/ZN (NOR2_X1)                                     0.0299     0.4813 f
  U855/ZN (INV_X1)                                      0.0777     0.5590 r
  DP_i/ID_EX_enable (DataPath)                          0.0000     0.5590 r
  DP_i/U2689/ZN (NAND2_X2)                              0.1662     0.7252 f
  DP_i/U2705/ZN (NOR3_X2)                               0.4369     1.1621 r
  DP_i/U2721/ZN (NAND2_X1)                              0.0567     1.2188 f
  DP_i/U2722/ZN (NAND4_X1)                              0.0550     1.2738 r
  DP_i/decode_i_B_reg_i_Y_reg_28_/D (DFF_X1)            0.0110     1.2847 r
  data arrival time                                                1.2847

  clock CLK (rise edge)                                 4.0000     4.0000
  clock network delay (ideal)                           0.0500     4.0500
  clock uncertainty                                    -0.0500     4.0000
  DP_i/decode_i_B_reg_i_Y_reg_28_/CK (DFF_X1)           0.0000     4.0000 r
  library setup time                                   -0.0302     3.9698
  data required time                                               3.9698
  --------------------------------------------------------------------------
  data required time                                               3.9698
  data arrival time                                               -1.2847
  --------------------------------------------------------------------------
  slack (MET)                                                      2.6850


  Startpoint: DRAM_READY (input port clocked by CLK)
  Endpoint: DP_i/decode_i_B_reg_i_Y_reg_31_
            (rising edge-triggered flip-flop clocked by CLK)
  Path Group: INPUTS
  Path Type: max

  Des/Clust/Port     Wire Load Model       Library
  ------------------------------------------------
  DLX                5K_hvratio_1_4        NangateOpenCellLibrary

  Point                                                   Incr       Path
  --------------------------------------------------------------------------
  clock CLK (rise edge)                                 0.0000     0.0000
  clock network delay (ideal)                           0.0500     0.0500
  input external delay                                  0.4000     0.4500 r
  DRAM_READY (in)                                       0.0014     0.4514 r
  U854/ZN (NOR2_X1)                                     0.0299     0.4813 f
  U855/ZN (INV_X1)                                      0.0777     0.5590 r
  DP_i/ID_EX_enable (DataPath)                          0.0000     0.5590 r
  DP_i/U2689/ZN (NAND2_X2)                              0.1662     0.7252 f
  DP_i/U2705/ZN (NOR3_X2)                               0.4369     1.1621 r
  DP_i/U2706/ZN (NAND2_X1)                              0.0567     1.2188 f
  DP_i/U2707/ZN (NAND4_X1)                              0.0550     1.2738 r
  DP_i/decode_i_B_reg_i_Y_reg_31_/D (DFF_X1)            0.0110     1.2847 r
  data arrival time                                                1.2847

  clock CLK (rise edge)                                 4.0000     4.0000
  clock network delay (ideal)                           0.0500     4.0500
  clock uncertainty                                    -0.0500     4.0000
  DP_i/decode_i_B_reg_i_Y_reg_31_/CK (DFF_X1)           0.0000     4.0000 r
  library setup time                                   -0.0302     3.9698
  data required time                                               3.9698
  --------------------------------------------------------------------------
  data required time                                               3.9698
  data arrival time                                               -1.2847
  --------------------------------------------------------------------------
  slack (MET)                                                      2.6850


  Startpoint: DRAM_READY (input port clocked by CLK)
  Endpoint: DP_i/decode_i_B_reg_i_Y_reg_0_
            (rising edge-triggered flip-flop clocked by CLK)
  Path Group: INPUTS
  Path Type: max

  Des/Clust/Port     Wire Load Model       Library
  ------------------------------------------------
  DLX                5K_hvratio_1_4        NangateOpenCellLibrary

  Point                                                   Incr       Path
  --------------------------------------------------------------------------
  clock CLK (rise edge)                                 0.0000     0.0000
  clock network delay (ideal)                           0.0500     0.0500
  input external delay                                  0.4000     0.4500 r
  DRAM_READY (in)                                       0.0014     0.4514 r
  U854/ZN (NOR2_X1)                                     0.0299     0.4813 f
  U855/ZN (INV_X1)                                      0.0777     0.5590 r
  DP_i/ID_EX_enable (DataPath)                          0.0000     0.5590 r
  DP_i/U2689/ZN (NAND2_X2)                              0.1662     0.7252 f
  DP_i/U2705/ZN (NOR3_X2)                               0.4369     1.1621 r
  DP_i/U2890/ZN (AOI22_X1)                              0.0586     1.2207 f
  DP_i/U2892/ZN (OAI211_X1)                             0.0512     1.2719 r
  DP_i/decode_i_B_reg_i_Y_reg_0_/D (DFF_X1)             0.0110     1.2829 r
  data arrival time                                                1.2829

  clock CLK (rise edge)                                 4.0000     4.0000
  clock network delay (ideal)                           0.0500     4.0500
  clock uncertainty                                    -0.0500     4.0000
  DP_i/decode_i_B_reg_i_Y_reg_0_/CK (DFF_X1)            0.0000     4.0000 r
  library setup time                                   -0.0311     3.9689
  data required time                                               3.9689
  --------------------------------------------------------------------------
  data required time                                               3.9689
  data arrival time                                               -1.2829
  --------------------------------------------------------------------------
  slack (MET)                                                      2.6860


  Startpoint: DRAM_READY (input port clocked by CLK)
  Endpoint: DP_i/decode_i_B_reg_i_Y_reg_0_
            (rising edge-triggered flip-flop clocked by CLK)
  Path Group: INPUTS
  Path Type: max

  Des/Clust/Port     Wire Load Model       Library
  ------------------------------------------------
  DLX                5K_hvratio_1_4        NangateOpenCellLibrary

  Point                                                   Incr       Path
  --------------------------------------------------------------------------
  clock CLK (rise edge)                                 0.0000     0.0000
  clock network delay (ideal)                           0.0500     0.0500
  input external delay                                  0.4000     0.4500 r
  DRAM_READY (in)                                       0.0014     0.4514 r
  U854/ZN (NOR2_X1)                                     0.0299     0.4813 f
  U855/ZN (INV_X1)                                      0.0777     0.5590 r
  DP_i/ID_EX_enable (DataPath)                          0.0000     0.5590 r
  DP_i/U2689/ZN (NAND2_X2)                              0.1662     0.7252 f
  DP_i/U2705/ZN (NOR3_X2)                               0.4369     1.1621 r
  DP_i/U2890/ZN (AOI22_X1)                              0.0586     1.2207 f
  DP_i/U2892/ZN (OAI211_X1)                             0.0502     1.2709 r
  DP_i/decode_i_B_reg_i_Y_reg_0_/D (DFF_X1)             0.0110     1.2818 r
  data arrival time                                                1.2818

  clock CLK (rise edge)                                 4.0000     4.0000
  clock network delay (ideal)                           0.0500     4.0500
  clock uncertainty                                    -0.0500     4.0000
  DP_i/decode_i_B_reg_i_Y_reg_0_/CK (DFF_X1)            0.0000     4.0000 r
  library setup time                                   -0.0311     3.9689
  data required time                                               3.9689
  --------------------------------------------------------------------------
  data required time                                               3.9689
  data arrival time                                               -1.2818
  --------------------------------------------------------------------------
  slack (MET)                                                      2.6870


  Startpoint: DRAM_READY (input port clocked by CLK)
  Endpoint: DP_i/decode_i_B_reg_i_Y_reg_2_
            (rising edge-triggered flip-flop clocked by CLK)
  Path Group: INPUTS
  Path Type: max

  Des/Clust/Port     Wire Load Model       Library
  ------------------------------------------------
  DLX                5K_hvratio_1_4        NangateOpenCellLibrary

  Point                                                   Incr       Path
  --------------------------------------------------------------------------
  clock CLK (rise edge)                                 0.0000     0.0000
  clock network delay (ideal)                           0.0500     0.0500
  input external delay                                  0.4000     0.4500 r
  DRAM_READY (in)                                       0.0014     0.4514 r
  U854/ZN (NOR2_X1)                                     0.0299     0.4813 f
  U855/ZN (INV_X1)                                      0.0777     0.5590 r
  DP_i/ID_EX_enable (DataPath)                          0.0000     0.5590 r
  DP_i/U2689/ZN (NAND2_X2)                              0.1662     0.7252 f
  DP_i/U2705/ZN (NOR3_X2)                               0.4369     1.1621 r
  DP_i/U2880/ZN (AOI22_X1)                              0.0562     1.2183 f
  DP_i/U2883/ZN (NAND4_X1)                              0.0526     1.2709 r
  DP_i/decode_i_B_reg_i_Y_reg_2_/D (DFF_X1)             0.0110     1.2819 r
  data arrival time                                                1.2819

  clock CLK (rise edge)                                 4.0000     4.0000
  clock network delay (ideal)                           0.0500     4.0500
  clock uncertainty                                    -0.0500     4.0000
  DP_i/decode_i_B_reg_i_Y_reg_2_/CK (DFF_X1)            0.0000     4.0000 r
  library setup time                                   -0.0303     3.9697
  data required time                                               3.9697
  --------------------------------------------------------------------------
  data required time                                               3.9697
  data arrival time                                               -1.2819
  --------------------------------------------------------------------------
  slack (MET)                                                      2.6877


  Startpoint: DRAM_READY (input port clocked by CLK)
  Endpoint: DP_i/decode_i_B_reg_i_Y_reg_2_
            (rising edge-triggered flip-flop clocked by CLK)
  Path Group: INPUTS
  Path Type: max

  Des/Clust/Port     Wire Load Model       Library
  ------------------------------------------------
  DLX                5K_hvratio_1_4        NangateOpenCellLibrary

  Point                                                   Incr       Path
  --------------------------------------------------------------------------
  clock CLK (rise edge)                                 0.0000     0.0000
  clock network delay (ideal)                           0.0500     0.0500
  input external delay                                  0.4000     0.4500 r
  DRAM_READY (in)                                       0.0014     0.4514 r
  U854/ZN (NOR2_X1)                                     0.0299     0.4813 f
  U855/ZN (INV_X1)                                      0.0777     0.5590 r
  DP_i/ID_EX_enable (DataPath)                          0.0000     0.5590 r
  DP_i/U2689/ZN (NAND2_X2)                              0.1662     0.7252 f
  DP_i/U2705/ZN (NOR3_X2)                               0.4369     1.1621 r
  DP_i/U2880/ZN (AOI22_X1)                              0.0536     1.2157 f
  DP_i/U2883/ZN (NAND4_X1)                              0.0526     1.2683 r
  DP_i/decode_i_B_reg_i_Y_reg_2_/D (DFF_X1)             0.0110     1.2793 r
  data arrival time                                                1.2793

  clock CLK (rise edge)                                 4.0000     4.0000
  clock network delay (ideal)                           0.0500     4.0500
  clock uncertainty                                    -0.0500     4.0000
  DP_i/decode_i_B_reg_i_Y_reg_2_/CK (DFF_X1)            0.0000     4.0000 r
  library setup time                                   -0.0303     3.9697
  data required time                                               3.9697
  --------------------------------------------------------------------------
  data required time                                               3.9697
  data arrival time                                               -1.2793
  --------------------------------------------------------------------------
  slack (MET)                                                      2.6904


  Startpoint: DRAM_READY (input port clocked by CLK)
  Endpoint: DP_i/decode_i_B_reg_i_Y_reg_4_
            (rising edge-triggered flip-flop clocked by CLK)
  Path Group: INPUTS
  Path Type: max

  Des/Clust/Port     Wire Load Model       Library
  ------------------------------------------------
  DLX                5K_hvratio_1_4        NangateOpenCellLibrary

  Point                                                   Incr       Path
  --------------------------------------------------------------------------
  clock CLK (rise edge)                                 0.0000     0.0000
  clock network delay (ideal)                           0.0500     0.0500
  input external delay                                  0.4000     0.4500 r
  DRAM_READY (in)                                       0.0014     0.4514 r
  U854/ZN (NOR2_X1)                                     0.0299     0.4813 f
  U855/ZN (INV_X1)                                      0.0777     0.5590 r
  DP_i/ID_EX_enable (DataPath)                          0.0000     0.5590 r
  DP_i/U2689/ZN (NAND2_X2)                              0.1662     0.7252 f
  DP_i/U2705/ZN (NOR3_X2)                               0.4369     1.1621 r
  DP_i/U2866/ZN (AOI21_X1)                              0.0514     1.2135 f
  DP_i/U2868/ZN (OAI211_X1)                             0.0535     1.2669 r
  DP_i/decode_i_B_reg_i_Y_reg_4_/D (DFF_X1)             0.0110     1.2779 r
  data arrival time                                                1.2779

  clock CLK (rise edge)                                 4.0000     4.0000
  clock network delay (ideal)                           0.0500     4.0500
  clock uncertainty                                    -0.0500     4.0000
  DP_i/decode_i_B_reg_i_Y_reg_4_/CK (DFF_X1)            0.0000     4.0000 r
  library setup time                                   -0.0310     3.9690
  data required time                                               3.9690
  --------------------------------------------------------------------------
  data required time                                               3.9690
  data arrival time                                               -1.2779
  --------------------------------------------------------------------------
  slack (MET)                                                      2.6911


  Startpoint: DRAM_READY (input port clocked by CLK)
  Endpoint: DP_i/decode_i_B_reg_i_Y_reg_3_
            (rising edge-triggered flip-flop clocked by CLK)
  Path Group: INPUTS
  Path Type: max

  Des/Clust/Port     Wire Load Model       Library
  ------------------------------------------------
  DLX                5K_hvratio_1_4        NangateOpenCellLibrary

  Point                                                   Incr       Path
  --------------------------------------------------------------------------
  clock CLK (rise edge)                                 0.0000     0.0000
  clock network delay (ideal)                           0.0500     0.0500
  input external delay                                  0.4000     0.4500 r
  DRAM_READY (in)                                       0.0014     0.4514 r
  U854/ZN (NOR2_X1)                                     0.0299     0.4813 f
  U855/ZN (INV_X1)                                      0.0777     0.5590 r
  DP_i/ID_EX_enable (DataPath)                          0.0000     0.5590 r
  DP_i/U2689/ZN (NAND2_X2)                              0.1662     0.7252 f
  DP_i/U2705/ZN (NOR3_X2)                               0.4369     1.1621 r
  DP_i/U2873/ZN (AOI21_X1)                              0.0514     1.2135 f
  DP_i/U2875/ZN (OAI211_X1)                             0.0535     1.2669 r
  DP_i/decode_i_B_reg_i_Y_reg_3_/D (DFF_X1)             0.0110     1.2779 r
  data arrival time                                                1.2779

  clock CLK (rise edge)                                 4.0000     4.0000
  clock network delay (ideal)                           0.0500     4.0500
  clock uncertainty                                    -0.0500     4.0000
  DP_i/decode_i_B_reg_i_Y_reg_3_/CK (DFF_X1)            0.0000     4.0000 r
  library setup time                                   -0.0310     3.9690
  data required time                                               3.9690
  --------------------------------------------------------------------------
  data required time                                               3.9690
  data arrival time                                               -1.2779
  --------------------------------------------------------------------------
  slack (MET)                                                      2.6911


  Startpoint: DP_i/fetch_i_IR_out_reg_29_
              (rising edge-triggered flip-flop clocked by CLK)
  Endpoint: IRAM_ISSUE (output port clocked by CLK)
  Path Group: OUTPUTS
  Path Type: max

  Des/Clust/Port     Wire Load Model       Library
  ------------------------------------------------
  DLX                5K_hvratio_1_4        NangateOpenCellLibrary

  Point                                                   Incr       Path
  --------------------------------------------------------------------------
  clock CLK (rise edge)                                 0.0000     0.0000
  clock network delay (ideal)                           0.0500     0.0500
  DP_i/fetch_i_IR_out_reg_29_/CK (DFF_X1)               0.0000     0.0500 r
  DP_i/fetch_i_IR_out_reg_29_/Q (DFF_X1)                0.1708     0.2208 r
  DP_i/opcode_3_ (DataPath)                             0.0000     0.2208 r
  U788/ZN (INV_X1)                                      0.0745     0.2953 f
  U804/ZN (NAND3_X1)                                    0.0605     0.3558 r
  U805/ZN (NOR2_X1)                                     0.0415     0.3973 f
  U806/ZN (INV_X2)                                      0.0888     0.4862 r
  U876/ZN (NOR2_X1)                                     0.0584     0.5445 f
  U877/ZN (NAND2_X1)                                    0.0509     0.5955 r
  U881/ZN (NOR4_X1)                                     0.0393     0.6348 f
  U882/ZN (NAND2_X1)                                    0.0587     0.6934 r
  DP_i/SP_read_BAR (DataPath)                           0.0000     0.6934 r
  DP_i/U2277/ZN (AOI21_X1)                              0.0389     0.7324 f
  DP_i/U2278/ZN (AOI211_X1)                             0.0924     0.8248 r
  DP_i/U2279/ZN (INV_X1)                                0.0369     0.8617 f
  DP_i/U2280/ZN (NOR2_X2)                               0.1328     0.9945 r
  DP_i/U2281/ZN (INV_X1)                                0.0755     1.0700 f
  DP_i/U2445/ZN (NOR2_X1)                               0.1682     1.2382 r
  DP_i/rs2_live[1] (DataPath)                           0.0000     1.2382 r
  U980/ZN (OAI211_X1)                                   0.0875     1.3257 f
  U983/ZN (OAI221_X1)                                   0.0713     1.3970 r
  U984/ZN (INV_X1)                                      0.0234     1.4203 f
  U986/Z (MUX2_X1)                                      0.0681     1.4884 f
  U1000/ZN (OAI21_X1)                                   0.0586     1.5470 r
  U1010/ZN (AOI211_X1)                                  0.0369     1.5840 f
  U1038/ZN (AOI211_X1)                                  0.1255     1.7094 r
  U1039/ZN (INV_X1)                                     0.0349     1.7443 f
  U1111/ZN (AOI21_X1)                                   0.0486     1.7930 r
  IRAM_ISSUE (out)                                      0.0035     1.7964 r
  data arrival time                                                1.7964

  clock CLK (rise edge)                                 4.0000     4.0000
  clock network delay (ideal)                           0.0500     4.0500
  clock uncertainty                                    -0.0500     4.0000
  output external delay                                -0.4000     3.6000
  data required time                                               3.6000
  --------------------------------------------------------------------------
  data required time                                               3.6000
  data arrival time                                               -1.7964
  --------------------------------------------------------------------------
  slack (MET)                                                      1.8036


  Startpoint: DP_i/fetch_i_IR_out_reg_29_
              (rising edge-triggered flip-flop clocked by CLK)
  Endpoint: IRAM_ISSUE (output port clocked by CLK)
  Path Group: OUTPUTS
  Path Type: max

  Des/Clust/Port     Wire Load Model       Library
  ------------------------------------------------
  DLX                5K_hvratio_1_4        NangateOpenCellLibrary

  Point                                                   Incr       Path
  --------------------------------------------------------------------------
  clock CLK (rise edge)                                 0.0000     0.0000
  clock network delay (ideal)                           0.0500     0.0500
  DP_i/fetch_i_IR_out_reg_29_/CK (DFF_X1)               0.0000     0.0500 r
  DP_i/fetch_i_IR_out_reg_29_/Q (DFF_X1)                0.1708     0.2208 r
  DP_i/opcode_3_ (DataPath)                             0.0000     0.2208 r
  U788/ZN (INV_X1)                                      0.0745     0.2953 f
  U804/ZN (NAND3_X1)                                    0.0605     0.3558 r
  U805/ZN (NOR2_X1)                                     0.0415     0.3973 f
  U806/ZN (INV_X2)                                      0.0888     0.4862 r
  U876/ZN (NOR2_X1)                                     0.0584     0.5445 f
  U877/ZN (NAND2_X1)                                    0.0509     0.5955 r
  U881/ZN (NOR4_X1)                                     0.0393     0.6348 f
  U882/ZN (NAND2_X1)                                    0.0587     0.6934 r
  DP_i/SP_read_BAR (DataPath)                           0.0000     0.6934 r
  DP_i/U2277/ZN (AOI21_X1)                              0.0389     0.7324 f
  DP_i/U2278/ZN (AOI211_X1)                             0.0924     0.8248 r
  DP_i/U2279/ZN (INV_X1)                                0.0369     0.8617 f
  DP_i/U2280/ZN (NOR2_X2)                               0.1328     0.9945 r
  DP_i/U2281/ZN (INV_X1)                                0.0755     1.0700 f
  DP_i/U2445/ZN (NOR2_X1)                               0.1682     1.2382 r
  DP_i/rs2_live[1] (DataPath)                           0.0000     1.2382 r
  U980/ZN (OAI211_X1)                                   0.0875     1.3257 f
  U983/ZN (OAI221_X1)                                   0.0713     1.3970 r
  U984/ZN (INV_X1)                                      0.0234     1.4203 f
  U986/Z (MUX2_X1)                                      0.0681     1.4884 f
  U1000/ZN (OAI21_X1)                                   0.0586     1.5470 r
  U1010/ZN (AOI211_X1)                                  0.0369     1.5840 f
  U1038/ZN (AOI211_X1)                                  0.1255     1.7094 r
  U1039/ZN (INV_X1)                                     0.0349     1.7443 f
  U1111/ZN (AOI21_X1)                                   0.0486     1.7930 r
  IRAM_ISSUE (out)                                      0.0035     1.7964 r
  data arrival time                                                1.7964

  clock CLK (rise edge)                                 4.0000     4.0000
  clock network delay (ideal)                           0.0500     4.0500
  clock uncertainty                                    -0.0500     4.0000
  output external delay                                -0.4000     3.6000
  data required time                                               3.6000
  --------------------------------------------------------------------------
  data required time                                               3.6000
  data arrival time                                               -1.7964
  --------------------------------------------------------------------------
  slack (MET)                                                      1.8036


  Startpoint: DP_i/mem_access_i_rd_out_reg_i_Y_reg_2_
              (rising edge-triggered flip-flop clocked by CLK)
  Endpoint: DRAM_DATA[31]
            (output port clocked by CLK)
  Path Group: OUTPUTS
  Path Type: max

  Des/Clust/Port     Wire Load Model       Library
  ------------------------------------------------
  DLX                5K_hvratio_1_4        NangateOpenCellLibrary

  Point                                                   Incr       Path
  --------------------------------------------------------------------------
  clock CLK (rise edge)                                 0.0000     0.0000
  clock network delay (ideal)                           0.0500     0.0500
  DP_i/mem_access_i_rd_out_reg_i_Y_reg_2_/CK (DFF_X1)   0.0000     0.0500 r
  DP_i/mem_access_i_rd_out_reg_i_Y_reg_2_/Q (DFF_X1)    0.1540     0.2040 r
  DP_i/rd_mem_w[2] (DataPath)                           0.0000     0.2040 r
  U1090/ZN (INV_X1)                                     0.0500     0.2540 f
  U1091/ZN (AOI22_X1)                                   0.0607     0.3147 r
  U1092/ZN (OAI221_X1)                                  0.0507     0.3654 f
  U1093/ZN (NOR3_X1)                                    0.1159     0.4814 r
  DP_i/fw_mem_mem (DataPath)                            0.0000     0.4814 r
  DP_i/U497/ZN (INV_X1)                                 0.0807     0.5621 f
  DP_i/U115/ZN (NOR2_X2)                                0.1843     0.7463 r
  DP_i/U579/ZN (AOI22_X1)                               0.0686     0.8150 f
  DP_i/U580/ZN (INV_X1)                                 0.0365     0.8515 r
  DP_i/D_RAM_write_data[31] (DataPath)                  0.0000     0.8515 r
  U840/ZN (AND2_X1)                                     0.0436     0.8950 r
  DRAM_DATA_tri_31_/Z (TBUF_X1)                         0.0591     0.9541 r
  DRAM_DATA[31] (inout)                                 0.0048     0.9589 r
  data arrival time                                                0.9589

  clock CLK (rise edge)                                 4.0000     4.0000
  clock network delay (ideal)                           0.0500     4.0500
  clock uncertainty                                    -0.0500     4.0000
  output external delay                                -0.4000     3.6000
  data required time                                               3.6000
  --------------------------------------------------------------------------
  data required time                                               3.6000
  data arrival time                                               -0.9589
  --------------------------------------------------------------------------
  slack (MET)                                                      2.6411


  Startpoint: DP_i/mem_access_i_rd_out_reg_i_Y_reg_2_
              (rising edge-triggered flip-flop clocked by CLK)
  Endpoint: DRAM_DATA[31]
            (output port clocked by CLK)
  Path Group: OUTPUTS
  Path Type: max

  Des/Clust/Port     Wire Load Model       Library
  ------------------------------------------------
  DLX                5K_hvratio_1_4        NangateOpenCellLibrary

  Point                                                   Incr       Path
  --------------------------------------------------------------------------
  clock CLK (rise edge)                                 0.0000     0.0000
  clock network delay (ideal)                           0.0500     0.0500
  DP_i/mem_access_i_rd_out_reg_i_Y_reg_2_/CK (DFF_X1)   0.0000     0.0500 r
  DP_i/mem_access_i_rd_out_reg_i_Y_reg_2_/Q (DFF_X1)    0.1540     0.2040 r
  DP_i/rd_mem_w[2] (DataPath)                           0.0000     0.2040 r
  U1090/ZN (INV_X1)                                     0.0500     0.2540 f
  U1091/ZN (AOI22_X1)                                   0.0607     0.3147 r
  U1092/ZN (OAI221_X1)                                  0.0507     0.3654 f
  U1093/ZN (NOR3_X1)                                    0.1159     0.4814 r
  DP_i/fw_mem_mem (DataPath)                            0.0000     0.4814 r
  DP_i/U497/ZN (INV_X1)                                 0.0807     0.5621 f
  DP_i/U115/ZN (NOR2_X2)                                0.1843     0.7463 r
  DP_i/U579/ZN (AOI22_X1)                               0.0683     0.8147 f
  DP_i/U580/ZN (INV_X1)                                 0.0365     0.8511 r
  DP_i/D_RAM_write_data[31] (DataPath)                  0.0000     0.8511 r
  U840/ZN (AND2_X1)                                     0.0436     0.8947 r
  DRAM_DATA_tri_31_/Z (TBUF_X1)                         0.0591     0.9538 r
  DRAM_DATA[31] (inout)                                 0.0048     0.9586 r
  data arrival time                                                0.9586

  clock CLK (rise edge)                                 4.0000     4.0000
  clock network delay (ideal)                           0.0500     4.0500
  clock uncertainty                                    -0.0500     4.0000
  output external delay                                -0.4000     3.6000
  data required time                                               3.6000
  --------------------------------------------------------------------------
  data required time                                               3.6000
  data arrival time                                               -0.9586
  --------------------------------------------------------------------------
  slack (MET)                                                      2.6414


  Startpoint: DP_i/mem_access_i_rd_out_reg_i_Y_reg_2_
              (rising edge-triggered flip-flop clocked by CLK)
  Endpoint: DRAM_DATA[28]
            (output port clocked by CLK)
  Path Group: OUTPUTS
  Path Type: max

  Des/Clust/Port     Wire Load Model       Library
  ------------------------------------------------
  DLX                5K_hvratio_1_4        NangateOpenCellLibrary

  Point                                                   Incr       Path
  --------------------------------------------------------------------------
  clock CLK (rise edge)                                 0.0000     0.0000
  clock network delay (ideal)                           0.0500     0.0500
  DP_i/mem_access_i_rd_out_reg_i_Y_reg_2_/CK (DFF_X1)   0.0000     0.0500 r
  DP_i/mem_access_i_rd_out_reg_i_Y_reg_2_/Q (DFF_X1)    0.1540     0.2040 r
  DP_i/rd_mem_w[2] (DataPath)                           0.0000     0.2040 r
  U1090/ZN (INV_X1)                                     0.0500     0.2540 f
  U1091/ZN (AOI22_X1)                                   0.0607     0.3147 r
  U1092/ZN (OAI221_X1)                                  0.0507     0.3654 f
  U1093/ZN (NOR3_X1)                                    0.1159     0.4814 r
  DP_i/fw_mem_mem (DataPath)                            0.0000     0.4814 r
  DP_i/U497/ZN (INV_X1)                                 0.0807     0.5621 f
  DP_i/U115/ZN (NOR2_X2)                                0.1843     0.7463 r
  DP_i/U569/ZN (AOI22_X1)                               0.0686     0.8150 f
  DP_i/U570/ZN (INV_X1)                                 0.0354     0.8504 r
  DP_i/D_RAM_write_data[28] (DataPath)                  0.0000     0.8504 r
  U835/ZN (AND2_X1)                                     0.0434     0.8938 r
  DRAM_DATA_tri_28_/Z (TBUF_X1)                         0.0597     0.9535 r
  DRAM_DATA[28] (inout)                                 0.0048     0.9583 r
  data arrival time                                                0.9583

  clock CLK (rise edge)                                 4.0000     4.0000
  clock network delay (ideal)                           0.0500     4.0500
  clock uncertainty                                    -0.0500     4.0000
  output external delay                                -0.4000     3.6000
  data required time                                               3.6000
  --------------------------------------------------------------------------
  data required time                                               3.6000
  data arrival time                                               -0.9583
  --------------------------------------------------------------------------
  slack (MET)                                                      2.6417


  Startpoint: DP_i/mem_access_i_rd_out_reg_i_Y_reg_2_
              (rising edge-triggered flip-flop clocked by CLK)
  Endpoint: DRAM_DATA[30]
            (output port clocked by CLK)
  Path Group: OUTPUTS
  Path Type: max

  Des/Clust/Port     Wire Load Model       Library
  ------------------------------------------------
  DLX                5K_hvratio_1_4        NangateOpenCellLibrary

  Point                                                   Incr       Path
  --------------------------------------------------------------------------
  clock CLK (rise edge)                                 0.0000     0.0000
  clock network delay (ideal)                           0.0500     0.0500
  DP_i/mem_access_i_rd_out_reg_i_Y_reg_2_/CK (DFF_X1)   0.0000     0.0500 r
  DP_i/mem_access_i_rd_out_reg_i_Y_reg_2_/Q (DFF_X1)    0.1540     0.2040 r
  DP_i/rd_mem_w[2] (DataPath)                           0.0000     0.2040 r
  U1090/ZN (INV_X1)                                     0.0500     0.2540 f
  U1091/ZN (AOI22_X1)                                   0.0607     0.3147 r
  U1092/ZN (OAI221_X1)                                  0.0507     0.3654 f
  U1093/ZN (NOR3_X1)                                    0.1159     0.4814 r
  DP_i/fw_mem_mem (DataPath)                            0.0000     0.4814 r
  DP_i/U497/ZN (INV_X1)                                 0.0807     0.5621 f
  DP_i/U115/ZN (NOR2_X2)                                0.1843     0.7463 r
  DP_i/U567/ZN (AOI22_X1)                               0.0686     0.8150 f
  DP_i/U568/ZN (INV_X1)                                 0.0354     0.8504 r
  DP_i/D_RAM_write_data[30] (DataPath)                  0.0000     0.8504 r
  U834/ZN (AND2_X1)                                     0.0434     0.8938 r
  DRAM_DATA_tri_30_/Z (TBUF_X1)                         0.0597     0.9535 r
  DRAM_DATA[30] (inout)                                 0.0048     0.9583 r
  data arrival time                                                0.9583

  clock CLK (rise edge)                                 4.0000     4.0000
  clock network delay (ideal)                           0.0500     4.0500
  clock uncertainty                                    -0.0500     4.0000
  output external delay                                -0.4000     3.6000
  data required time                                               3.6000
  --------------------------------------------------------------------------
  data required time                                               3.6000
  data arrival time                                               -0.9583
  --------------------------------------------------------------------------
  slack (MET)                                                      2.6417


  Startpoint: DP_i/mem_access_i_rd_out_reg_i_Y_reg_2_
              (rising edge-triggered flip-flop clocked by CLK)
  Endpoint: DRAM_DATA[25]
            (output port clocked by CLK)
  Path Group: OUTPUTS
  Path Type: max

  Des/Clust/Port     Wire Load Model       Library
  ------------------------------------------------
  DLX                5K_hvratio_1_4        NangateOpenCellLibrary

  Point                                                   Incr       Path
  --------------------------------------------------------------------------
  clock CLK (rise edge)                                 0.0000     0.0000
  clock network delay (ideal)                           0.0500     0.0500
  DP_i/mem_access_i_rd_out_reg_i_Y_reg_2_/CK (DFF_X1)   0.0000     0.0500 r
  DP_i/mem_access_i_rd_out_reg_i_Y_reg_2_/Q (DFF_X1)    0.1540     0.2040 r
  DP_i/rd_mem_w[2] (DataPath)                           0.0000     0.2040 r
  U1090/ZN (INV_X1)                                     0.0500     0.2540 f
  U1091/ZN (AOI22_X1)                                   0.0607     0.3147 r
  U1092/ZN (OAI221_X1)                                  0.0507     0.3654 f
  U1093/ZN (NOR3_X1)                                    0.1159     0.4814 r
  DP_i/fw_mem_mem (DataPath)                            0.0000     0.4814 r
  DP_i/U497/ZN (INV_X1)                                 0.0807     0.5621 f
  DP_i/U115/ZN (NOR2_X2)                                0.1843     0.7463 r
  DP_i/U577/ZN (AOI22_X1)                               0.0686     0.8150 f
  DP_i/U578/ZN (INV_X1)                                 0.0354     0.8504 r
  DP_i/D_RAM_write_data[25] (DataPath)                  0.0000     0.8504 r
  U839/ZN (AND2_X1)                                     0.0434     0.8938 r
  DRAM_DATA_tri_25_/Z (TBUF_X1)                         0.0597     0.9535 r
  DRAM_DATA[25] (inout)                                 0.0048     0.9583 r
  data arrival time                                                0.9583

  clock CLK (rise edge)                                 4.0000     4.0000
  clock network delay (ideal)                           0.0500     4.0500
  clock uncertainty                                    -0.0500     4.0000
  output external delay                                -0.4000     3.6000
  data required time                                               3.6000
  --------------------------------------------------------------------------
  data required time                                               3.6000
  data arrival time                                               -0.9583
  --------------------------------------------------------------------------
  slack (MET)                                                      2.6417


  Startpoint: DP_i/mem_access_i_rd_out_reg_i_Y_reg_2_
              (rising edge-triggered flip-flop clocked by CLK)
  Endpoint: DRAM_DATA[29]
            (output port clocked by CLK)
  Path Group: OUTPUTS
  Path Type: max

  Des/Clust/Port     Wire Load Model       Library
  ------------------------------------------------
  DLX                5K_hvratio_1_4        NangateOpenCellLibrary

  Point                                                   Incr       Path
  --------------------------------------------------------------------------
  clock CLK (rise edge)                                 0.0000     0.0000
  clock network delay (ideal)                           0.0500     0.0500
  DP_i/mem_access_i_rd_out_reg_i_Y_reg_2_/CK (DFF_X1)   0.0000     0.0500 r
  DP_i/mem_access_i_rd_out_reg_i_Y_reg_2_/Q (DFF_X1)    0.1540     0.2040 r
  DP_i/rd_mem_w[2] (DataPath)                           0.0000     0.2040 r
  U1090/ZN (INV_X1)                                     0.0500     0.2540 f
  U1091/ZN (AOI22_X1)                                   0.0607     0.3147 r
  U1092/ZN (OAI221_X1)                                  0.0507     0.3654 f
  U1093/ZN (NOR3_X1)                                    0.1159     0.4814 r
  DP_i/fw_mem_mem (DataPath)                            0.0000     0.4814 r
  DP_i/U497/ZN (INV_X1)                                 0.0807     0.5621 f
  DP_i/U115/ZN (NOR2_X2)                                0.1843     0.7463 r
  DP_i/U565/ZN (AOI22_X1)                               0.0686     0.8150 f
  DP_i/U566/ZN (INV_X1)                                 0.0354     0.8504 r
  DP_i/D_RAM_write_data[29] (DataPath)                  0.0000     0.8504 r
  U833/ZN (AND2_X1)                                     0.0434     0.8938 r
  DRAM_DATA_tri_29_/Z (TBUF_X1)                         0.0597     0.9535 r
  DRAM_DATA[29] (inout)                                 0.0048     0.9583 r
  data arrival time                                                0.9583

  clock CLK (rise edge)                                 4.0000     4.0000
  clock network delay (ideal)                           0.0500     4.0500
  clock uncertainty                                    -0.0500     4.0000
  output external delay                                -0.4000     3.6000
  data required time                                               3.6000
  --------------------------------------------------------------------------
  data required time                                               3.6000
  data arrival time                                               -0.9583
  --------------------------------------------------------------------------
  slack (MET)                                                      2.6417


  Startpoint: DP_i/mem_access_i_rd_out_reg_i_Y_reg_2_
              (rising edge-triggered flip-flop clocked by CLK)
  Endpoint: DRAM_DATA[24]
            (output port clocked by CLK)
  Path Group: OUTPUTS
  Path Type: max

  Des/Clust/Port     Wire Load Model       Library
  ------------------------------------------------
  DLX                5K_hvratio_1_4        NangateOpenCellLibrary

  Point                                                   Incr       Path
  --------------------------------------------------------------------------
  clock CLK (rise edge)                                 0.0000     0.0000
  clock network delay (ideal)                           0.0500     0.0500
  DP_i/mem_access_i_rd_out_reg_i_Y_reg_2_/CK (DFF_X1)   0.0000     0.0500 r
  DP_i/mem_access_i_rd_out_reg_i_Y_reg_2_/Q (DFF_X1)    0.1540     0.2040 r
  DP_i/rd_mem_w[2] (DataPath)                           0.0000     0.2040 r
  U1090/ZN (INV_X1)                                     0.0500     0.2540 f
  U1091/ZN (AOI22_X1)                                   0.0607     0.3147 r
  U1092/ZN (OAI221_X1)                                  0.0507     0.3654 f
  U1093/ZN (NOR3_X1)                                    0.1159     0.4814 r
  DP_i/fw_mem_mem (DataPath)                            0.0000     0.4814 r
  DP_i/U497/ZN (INV_X1)                                 0.0807     0.5621 f
  DP_i/U115/ZN (NOR2_X2)                                0.1843     0.7463 r
  DP_i/U573/ZN (AOI22_X1)                               0.0686     0.8150 f
  DP_i/U574/ZN (INV_X1)                                 0.0354     0.8504 r
  DP_i/D_RAM_write_data[24] (DataPath)                  0.0000     0.8504 r
  U837/ZN (AND2_X1)                                     0.0434     0.8938 r
  DRAM_DATA_tri_24_/Z (TBUF_X1)                         0.0597     0.9535 r
  DRAM_DATA[24] (inout)                                 0.0048     0.9583 r
  data arrival time                                                0.9583

  clock CLK (rise edge)                                 4.0000     4.0000
  clock network delay (ideal)                           0.0500     4.0500
  clock uncertainty                                    -0.0500     4.0000
  output external delay                                -0.4000     3.6000
  data required time                                               3.6000
  --------------------------------------------------------------------------
  data required time                                               3.6000
  data arrival time                                               -0.9583
  --------------------------------------------------------------------------
  slack (MET)                                                      2.6417


  Startpoint: DP_i/mem_access_i_rd_out_reg_i_Y_reg_2_
              (rising edge-triggered flip-flop clocked by CLK)
  Endpoint: DRAM_DATA[26]
            (output port clocked by CLK)
  Path Group: OUTPUTS
  Path Type: max

  Des/Clust/Port     Wire Load Model       Library
  ------------------------------------------------
  DLX                5K_hvratio_1_4        NangateOpenCellLibrary

  Point                                                   Incr       Path
  --------------------------------------------------------------------------
  clock CLK (rise edge)                                 0.0000     0.0000
  clock network delay (ideal)                           0.0500     0.0500
  DP_i/mem_access_i_rd_out_reg_i_Y_reg_2_/CK (DFF_X1)   0.0000     0.0500 r
  DP_i/mem_access_i_rd_out_reg_i_Y_reg_2_/Q (DFF_X1)    0.1540     0.2040 r
  DP_i/rd_mem_w[2] (DataPath)                           0.0000     0.2040 r
  U1090/ZN (INV_X1)                                     0.0500     0.2540 f
  U1091/ZN (AOI22_X1)                                   0.0607     0.3147 r
  U1092/ZN (OAI221_X1)                                  0.0507     0.3654 f
  U1093/ZN (NOR3_X1)                                    0.1159     0.4814 r
  DP_i/fw_mem_mem (DataPath)                            0.0000     0.4814 r
  DP_i/U497/ZN (INV_X1)                                 0.0807     0.5621 f
  DP_i/U115/ZN (NOR2_X2)                                0.1843     0.7463 r
  DP_i/U571/ZN (AOI22_X1)                               0.0686     0.8150 f
  DP_i/U572/ZN (INV_X1)                                 0.0354     0.8504 r
  DP_i/D_RAM_write_data[26] (DataPath)                  0.0000     0.8504 r
  U836/ZN (AND2_X1)                                     0.0434     0.8937 r
  DRAM_DATA_tri_26_/Z (TBUF_X1)                         0.0597     0.9535 r
  DRAM_DATA[26] (inout)                                 0.0048     0.9583 r
  data arrival time                                                0.9583

  clock CLK (rise edge)                                 4.0000     4.0000
  clock network delay (ideal)                           0.0500     4.0500
  clock uncertainty                                    -0.0500     4.0000
  output external delay                                -0.4000     3.6000
  data required time                                               3.6000
  --------------------------------------------------------------------------
  data required time                                               3.6000
  data arrival time                                               -0.9583
  --------------------------------------------------------------------------
  slack (MET)                                                      2.6417


  Startpoint: DP_i/fetch_i_IR_out_reg_29_
              (rising edge-triggered flip-flop clocked by CLK)
  Endpoint: DP_i/fetch_i_pc_i_Y_reg_2_
            (rising edge-triggered flip-flop clocked by CLK)
  Path Group: REG2REG
  Path Type: max

  Des/Clust/Port     Wire Load Model       Library
  ------------------------------------------------
  DLX                5K_hvratio_1_4        NangateOpenCellLibrary

  Point                                                   Incr       Path
  --------------------------------------------------------------------------
  clock CLK (rise edge)                                 0.0000     0.0000
  clock network delay (ideal)                           0.0500     0.0500
  DP_i/fetch_i_IR_out_reg_29_/CK (DFF_X1)               0.0000     0.0500 r
  DP_i/fetch_i_IR_out_reg_29_/Q (DFF_X1)                0.1319     0.1819 f
  DP_i/opcode_3_ (DataPath)                             0.0000     0.1819 f
  U788/ZN (INV_X1)                                      0.0873     0.2691 r
  U804/ZN (NAND3_X1)                                    0.0628     0.3320 f
  U805/ZN (NOR2_X1)                                     0.0880     0.4199 r
  U806/ZN (INV_X2)                                      0.0797     0.4996 f
  DP_i/RF2_BAR (DataPath)                               0.0000     0.4996 f
  DP_i/U125/ZN (INV_X1)                                 0.1093     0.6089 r
  DP_i/U309/ZN (NOR2_X1)                                0.0611     0.6700 f
  DP_i/U310/ZN (NAND2_X1)                               0.0467     0.7167 r
  DP_i/U311/ZN (INV_X1)                                 0.0292     0.7459 f
  DP_i/U312/ZN (AOI21_X1)                               0.0661     0.8120 r
  DP_i/U313/ZN (AOI21_X1)                               0.0420     0.8540 f
  DP_i/U314/ZN (INV_X1)                                 0.0412     0.8952 r
  DP_i/U315/ZN (NOR2_X1)                                0.0296     0.9248 f
  DP_i/U316/ZN (NOR2_X1)                                0.0667     0.9915 r
  DP_i/U321/ZN (AND2_X1)                                0.0651     1.0566 r
  DP_i/U326/ZN (NAND2_X1)                               0.0459     1.1025 f
  DP_i/U332/ZN (NOR2_X1)                                0.0410     1.1435 r
  DP_i/U334/ZN (OR2_X1)                                 0.0381     1.1816 r
  DP_i/U404/CO (FA_X1)                                  0.0795     1.2611 r
  DP_i/U336/ZN (NAND2_X1)                               0.0495     1.3106 f
  DP_i/U337/ZN (NOR2_X1)                                0.0595     1.3701 r
  DP_i/U344/ZN (OAI21_X1)                               0.0456     1.4157 f
  DP_i/U345/ZN (NAND2_X1)                               0.0422     1.4579 r
  DP_i/U127/ZN (AND2_X1)                                0.0572     1.5151 r
  DP_i/U346/ZN (NAND2_X1)                               0.0419     1.5570 f
  DP_i/U351/ZN (OR2_X1)                                 0.0670     1.6240 f
  DP_i/U124/ZN (AOI22_X1)                               0.0674     1.6914 r
  DP_i/U406/CO (FA_X1)                                  0.0879     1.7793 r
  DP_i/U358/ZN (NAND2_X1)                               0.0430     1.8223 f
  DP_i/U361/ZN (NOR2_X1)                                0.0648     1.8871 r
  DP_i/U362/ZN (AND2_X1)                                0.0585     1.9456 r
  DP_i/U367/ZN (XNOR2_X1)                               0.0414     1.9870 f
  DP_i/U369/ZN (AOI22_X1)                               0.0854     2.0724 r
  DP_i/U372/ZN (NOR2_X1)                                0.0359     2.1082 f
  DP_i/U373/ZN (AOI21_X1)                               0.0912     2.1995 r
  DP_i/U374/ZN (OAI211_X1)                              0.0835     2.2830 f
  DP_i/U376/ZN (OAI21_X1)                               0.0680     2.3510 r
  DP_i/U407/CO (FA_X1)                                  0.0786     2.4296 r
  DP_i/U377/ZN (INV_X1)                                 0.0325     2.4621 f
  DP_i/U380/ZN (AND2_X1)                                0.0437     2.5058 f
  DP_i/U381/ZN (AOI21_X1)                               0.0764     2.5822 r
  DP_i/U384/ZN (OR3_X1)                                 0.0498     2.6320 r
  DP_i/U385/ZN (AOI21_X1)                               0.0385     2.6704 f
  DP_i/U386/ZN (AOI221_X1)                              0.1264     2.7968 r
  DP_i/U389/ZN (NAND2_X1)                               0.0543     2.8512 f
  DP_i/U390/ZN (INV_X1)                                 0.0479     2.8990 r
  DP_i/U391/ZN (AND2_X1)                                0.0596     2.9587 r
  DP_i/U477/ZN (XNOR2_X1)                               0.0495     3.0082 f
  DP_i/U478/ZN (AOI22_X1)                               0.0680     3.0762 r
  DP_i/U479/ZN (OAI221_X1)                              0.0507     3.1269 f
  DP_i/U480/ZN (AOI21_X1)                               0.0595     3.1864 r
  DP_i/U481/ZN (OAI211_X1)                              0.0450     3.2314 f
  DP_i/U482/ZN (AOI211_X1)                              0.0834     3.3148 r
  DP_i/U483/ZN (OAI21_X1)                               0.0407     3.3555 f
  DP_i/U485/ZN (AOI22_X1)                               0.0588     3.4143 r
  DP_i/U486/ZN (AOI21_X1)                               0.0693     3.4836 f
  DP_i/U4741/ZN (NOR3_X2)                               0.3552     3.8387 r
  DP_i/U3144/ZN (AOI22_X1)                              0.0563     3.8950 f
  DP_i/U3145/ZN (OAI211_X1)                             0.0583     3.9533 r
  DP_i/fetch_i_pc_i_Y_reg_2_/D (DFF_X1)                 0.0110     3.9643 r
  data arrival time                                                3.9643

  clock CLK (rise edge)                                 4.0000     4.0000
  clock network delay (ideal)                           0.0500     4.0500
  clock uncertainty                                    -0.0500     4.0000
  DP_i/fetch_i_pc_i_Y_reg_2_/CK (DFF_X1)                0.0000     4.0000 r
  library setup time                                   -0.0344     3.9656
  data required time                                               3.9656
  --------------------------------------------------------------------------
  data required time                                               3.9656
  data arrival time                                               -3.9643
  --------------------------------------------------------------------------
  slack (MET)                                                      0.0013


  Startpoint: DP_i/fetch_i_IR_out_reg_29_
              (rising edge-triggered flip-flop clocked by CLK)
  Endpoint: DP_i/fetch_i_pc_i_Y_reg_3_
            (rising edge-triggered flip-flop clocked by CLK)
  Path Group: REG2REG
  Path Type: max

  Des/Clust/Port     Wire Load Model       Library
  ------------------------------------------------
  DLX                5K_hvratio_1_4        NangateOpenCellLibrary

  Point                                                   Incr       Path
  --------------------------------------------------------------------------
  clock CLK (rise edge)                                 0.0000     0.0000
  clock network delay (ideal)                           0.0500     0.0500
  DP_i/fetch_i_IR_out_reg_29_/CK (DFF_X1)               0.0000     0.0500 r
  DP_i/fetch_i_IR_out_reg_29_/Q (DFF_X1)                0.1319     0.1819 f
  DP_i/opcode_3_ (DataPath)                             0.0000     0.1819 f
  U788/ZN (INV_X1)                                      0.0873     0.2691 r
  U804/ZN (NAND3_X1)                                    0.0628     0.3320 f
  U805/ZN (NOR2_X1)                                     0.0880     0.4199 r
  U806/ZN (INV_X2)                                      0.0797     0.4996 f
  DP_i/RF2_BAR (DataPath)                               0.0000     0.4996 f
  DP_i/U125/ZN (INV_X1)                                 0.1093     0.6089 r
  DP_i/U309/ZN (NOR2_X1)                                0.0611     0.6700 f
  DP_i/U310/ZN (NAND2_X1)                               0.0467     0.7167 r
  DP_i/U311/ZN (INV_X1)                                 0.0292     0.7459 f
  DP_i/U312/ZN (AOI21_X1)                               0.0661     0.8120 r
  DP_i/U313/ZN (AOI21_X1)                               0.0420     0.8540 f
  DP_i/U314/ZN (INV_X1)                                 0.0412     0.8952 r
  DP_i/U315/ZN (NOR2_X1)                                0.0296     0.9248 f
  DP_i/U316/ZN (NOR2_X1)                                0.0667     0.9915 r
  DP_i/U321/ZN (AND2_X1)                                0.0651     1.0566 r
  DP_i/U326/ZN (NAND2_X1)                               0.0459     1.1025 f
  DP_i/U332/ZN (NOR2_X1)                                0.0410     1.1435 r
  DP_i/U334/ZN (OR2_X1)                                 0.0381     1.1816 r
  DP_i/U404/CO (FA_X1)                                  0.0795     1.2611 r
  DP_i/U336/ZN (NAND2_X1)                               0.0495     1.3106 f
  DP_i/U337/ZN (NOR2_X1)                                0.0595     1.3701 r
  DP_i/U344/ZN (OAI21_X1)                               0.0456     1.4157 f
  DP_i/U345/ZN (NAND2_X1)                               0.0422     1.4579 r
  DP_i/U127/ZN (AND2_X1)                                0.0572     1.5151 r
  DP_i/U346/ZN (NAND2_X1)                               0.0419     1.5570 f
  DP_i/U351/ZN (OR2_X1)                                 0.0670     1.6240 f
  DP_i/U124/ZN (AOI22_X1)                               0.0674     1.6914 r
  DP_i/U406/CO (FA_X1)                                  0.0879     1.7793 r
  DP_i/U358/ZN (NAND2_X1)                               0.0430     1.8223 f
  DP_i/U361/ZN (NOR2_X1)                                0.0648     1.8871 r
  DP_i/U362/ZN (AND2_X1)                                0.0585     1.9456 r
  DP_i/U367/ZN (XNOR2_X1)                               0.0414     1.9870 f
  DP_i/U369/ZN (AOI22_X1)                               0.0854     2.0724 r
  DP_i/U372/ZN (NOR2_X1)                                0.0359     2.1082 f
  DP_i/U373/ZN (AOI21_X1)                               0.0912     2.1995 r
  DP_i/U374/ZN (OAI211_X1)                              0.0835     2.2830 f
  DP_i/U376/ZN (OAI21_X1)                               0.0680     2.3510 r
  DP_i/U407/CO (FA_X1)                                  0.0786     2.4296 r
  DP_i/U377/ZN (INV_X1)                                 0.0325     2.4621 f
  DP_i/U380/ZN (AND2_X1)                                0.0437     2.5058 f
  DP_i/U381/ZN (AOI21_X1)                               0.0764     2.5822 r
  DP_i/U384/ZN (OR3_X1)                                 0.0498     2.6320 r
  DP_i/U385/ZN (AOI21_X1)                               0.0385     2.6704 f
  DP_i/U386/ZN (AOI221_X1)                              0.1264     2.7968 r
  DP_i/U389/ZN (NAND2_X1)                               0.0543     2.8512 f
  DP_i/U390/ZN (INV_X1)                                 0.0479     2.8990 r
  DP_i/U391/ZN (AND2_X1)                                0.0596     2.9587 r
  DP_i/U477/ZN (XNOR2_X1)                               0.0495     3.0082 f
  DP_i/U478/ZN (AOI22_X1)                               0.0680     3.0762 r
  DP_i/U479/ZN (OAI221_X1)                              0.0507     3.1269 f
  DP_i/U480/ZN (AOI21_X1)                               0.0595     3.1864 r
  DP_i/U481/ZN (OAI211_X1)                              0.0450     3.2314 f
  DP_i/U482/ZN (AOI211_X1)                              0.0834     3.3148 r
  DP_i/U483/ZN (OAI21_X1)                               0.0407     3.3555 f
  DP_i/U485/ZN (AOI22_X1)                               0.0588     3.4143 r
  DP_i/U486/ZN (AOI21_X1)                               0.0693     3.4836 f
  DP_i/U4741/ZN (NOR3_X2)                               0.3552     3.8387 r
  DP_i/U3139/ZN (AOI22_X1)                              0.0563     3.8950 f
  DP_i/U3140/ZN (OAI211_X1)                             0.0583     3.9533 r
  DP_i/fetch_i_pc_i_Y_reg_3_/D (DFF_X1)                 0.0110     3.9643 r
  data arrival time                                                3.9643

  clock CLK (rise edge)                                 4.0000     4.0000
  clock network delay (ideal)                           0.0500     4.0500
  clock uncertainty                                    -0.0500     4.0000
  DP_i/fetch_i_pc_i_Y_reg_3_/CK (DFF_X1)                0.0000     4.0000 r
  library setup time                                   -0.0344     3.9656
  data required time                                               3.9656
  --------------------------------------------------------------------------
  data required time                                               3.9656
  data arrival time                                               -3.9643
  --------------------------------------------------------------------------
  slack (MET)                                                      0.0013


  Startpoint: DP_i/fetch_i_IR_out_reg_29_
              (rising edge-triggered flip-flop clocked by CLK)
  Endpoint: DP_i/fetch_i_pc_i_Y_reg_6_
            (rising edge-triggered flip-flop clocked by CLK)
  Path Group: REG2REG
  Path Type: max

  Des/Clust/Port     Wire Load Model       Library
  ------------------------------------------------
  DLX                5K_hvratio_1_4        NangateOpenCellLibrary

  Point                                                   Incr       Path
  --------------------------------------------------------------------------
  clock CLK (rise edge)                                 0.0000     0.0000
  clock network delay (ideal)                           0.0500     0.0500
  DP_i/fetch_i_IR_out_reg_29_/CK (DFF_X1)               0.0000     0.0500 r
  DP_i/fetch_i_IR_out_reg_29_/Q (DFF_X1)                0.1319     0.1819 f
  DP_i/opcode_3_ (DataPath)                             0.0000     0.1819 f
  U788/ZN (INV_X1)                                      0.0873     0.2691 r
  U804/ZN (NAND3_X1)                                    0.0628     0.3320 f
  U805/ZN (NOR2_X1)                                     0.0880     0.4199 r
  U806/ZN (INV_X2)                                      0.0797     0.4996 f
  DP_i/RF2_BAR (DataPath)                               0.0000     0.4996 f
  DP_i/U125/ZN (INV_X1)                                 0.1093     0.6089 r
  DP_i/U309/ZN (NOR2_X1)                                0.0611     0.6700 f
  DP_i/U310/ZN (NAND2_X1)                               0.0467     0.7167 r
  DP_i/U311/ZN (INV_X1)                                 0.0292     0.7459 f
  DP_i/U312/ZN (AOI21_X1)                               0.0661     0.8120 r
  DP_i/U313/ZN (AOI21_X1)                               0.0420     0.8540 f
  DP_i/U314/ZN (INV_X1)                                 0.0412     0.8952 r
  DP_i/U315/ZN (NOR2_X1)                                0.0296     0.9248 f
  DP_i/U316/ZN (NOR2_X1)                                0.0667     0.9915 r
  DP_i/U321/ZN (AND2_X1)                                0.0651     1.0566 r
  DP_i/U326/ZN (NAND2_X1)                               0.0459     1.1025 f
  DP_i/U332/ZN (NOR2_X1)                                0.0410     1.1435 r
  DP_i/U334/ZN (OR2_X1)                                 0.0381     1.1816 r
  DP_i/U404/CO (FA_X1)                                  0.0795     1.2611 r
  DP_i/U336/ZN (NAND2_X1)                               0.0495     1.3106 f
  DP_i/U337/ZN (NOR2_X1)                                0.0595     1.3701 r
  DP_i/U344/ZN (OAI21_X1)                               0.0456     1.4157 f
  DP_i/U345/ZN (NAND2_X1)                               0.0422     1.4579 r
  DP_i/U127/ZN (AND2_X1)                                0.0572     1.5151 r
  DP_i/U346/ZN (NAND2_X1)                               0.0419     1.5570 f
  DP_i/U351/ZN (OR2_X1)                                 0.0670     1.6240 f
  DP_i/U124/ZN (AOI22_X1)                               0.0674     1.6914 r
  DP_i/U406/CO (FA_X1)                                  0.0879     1.7793 r
  DP_i/U358/ZN (NAND2_X1)                               0.0430     1.8223 f
  DP_i/U361/ZN (NOR2_X1)                                0.0648     1.8871 r
  DP_i/U362/ZN (AND2_X1)                                0.0585     1.9456 r
  DP_i/U367/ZN (XNOR2_X1)                               0.0414     1.9870 f
  DP_i/U369/ZN (AOI22_X1)                               0.0854     2.0724 r
  DP_i/U372/ZN (NOR2_X1)                                0.0359     2.1082 f
  DP_i/U373/ZN (AOI21_X1)                               0.0912     2.1995 r
  DP_i/U374/ZN (OAI211_X1)                              0.0835     2.2830 f
  DP_i/U376/ZN (OAI21_X1)                               0.0680     2.3510 r
  DP_i/U407/CO (FA_X1)                                  0.0786     2.4296 r
  DP_i/U377/ZN (INV_X1)                                 0.0325     2.4621 f
  DP_i/U380/ZN (AND2_X1)                                0.0437     2.5058 f
  DP_i/U381/ZN (AOI21_X1)                               0.0764     2.5822 r
  DP_i/U384/ZN (OR3_X1)                                 0.0498     2.6320 r
  DP_i/U385/ZN (AOI21_X1)                               0.0385     2.6704 f
  DP_i/U386/ZN (AOI221_X1)                              0.1264     2.7968 r
  DP_i/U389/ZN (NAND2_X1)                               0.0543     2.8512 f
  DP_i/U390/ZN (INV_X1)                                 0.0479     2.8990 r
  DP_i/U391/ZN (AND2_X1)                                0.0596     2.9587 r
  DP_i/U477/ZN (XNOR2_X1)                               0.0495     3.0082 f
  DP_i/U478/ZN (AOI22_X1)                               0.0680     3.0762 r
  DP_i/U479/ZN (OAI221_X1)                              0.0507     3.1269 f
  DP_i/U480/ZN (AOI21_X1)                               0.0595     3.1864 r
  DP_i/U481/ZN (OAI211_X1)                              0.0450     3.2314 f
  DP_i/U482/ZN (AOI211_X1)                              0.0834     3.3148 r
  DP_i/U483/ZN (OAI21_X1)                               0.0407     3.3555 f
  DP_i/U485/ZN (AOI22_X1)                               0.0588     3.4143 r
  DP_i/U486/ZN (AOI21_X1)                               0.0693     3.4836 f
  DP_i/U4741/ZN (NOR3_X2)                               0.3552     3.8387 r
  DP_i/U3124/ZN (AOI22_X1)                              0.0563     3.8950 f
  DP_i/U3125/ZN (OAI211_X1)                             0.0583     3.9533 r
  DP_i/fetch_i_pc_i_Y_reg_6_/D (DFF_X1)                 0.0110     3.9643 r
  data arrival time                                                3.9643

  clock CLK (rise edge)                                 4.0000     4.0000
  clock network delay (ideal)                           0.0500     4.0500
  clock uncertainty                                    -0.0500     4.0000
  DP_i/fetch_i_pc_i_Y_reg_6_/CK (DFF_X1)                0.0000     4.0000 r
  library setup time                                   -0.0344     3.9656
  data required time                                               3.9656
  --------------------------------------------------------------------------
  data required time                                               3.9656
  data arrival time                                               -3.9643
  --------------------------------------------------------------------------
  slack (MET)                                                      0.0013


  Startpoint: DP_i/fetch_i_IR_out_reg_29_
              (rising edge-triggered flip-flop clocked by CLK)
  Endpoint: DP_i/fetch_i_pc_i_Y_reg_8_
            (rising edge-triggered flip-flop clocked by CLK)
  Path Group: REG2REG
  Path Type: max

  Des/Clust/Port     Wire Load Model       Library
  ------------------------------------------------
  DLX                5K_hvratio_1_4        NangateOpenCellLibrary

  Point                                                   Incr       Path
  --------------------------------------------------------------------------
  clock CLK (rise edge)                                 0.0000     0.0000
  clock network delay (ideal)                           0.0500     0.0500
  DP_i/fetch_i_IR_out_reg_29_/CK (DFF_X1)               0.0000     0.0500 r
  DP_i/fetch_i_IR_out_reg_29_/Q (DFF_X1)                0.1319     0.1819 f
  DP_i/opcode_3_ (DataPath)                             0.0000     0.1819 f
  U788/ZN (INV_X1)                                      0.0873     0.2691 r
  U804/ZN (NAND3_X1)                                    0.0628     0.3320 f
  U805/ZN (NOR2_X1)                                     0.0880     0.4199 r
  U806/ZN (INV_X2)                                      0.0797     0.4996 f
  DP_i/RF2_BAR (DataPath)                               0.0000     0.4996 f
  DP_i/U125/ZN (INV_X1)                                 0.1093     0.6089 r
  DP_i/U309/ZN (NOR2_X1)                                0.0611     0.6700 f
  DP_i/U310/ZN (NAND2_X1)                               0.0467     0.7167 r
  DP_i/U311/ZN (INV_X1)                                 0.0292     0.7459 f
  DP_i/U312/ZN (AOI21_X1)                               0.0661     0.8120 r
  DP_i/U313/ZN (AOI21_X1)                               0.0420     0.8540 f
  DP_i/U314/ZN (INV_X1)                                 0.0412     0.8952 r
  DP_i/U315/ZN (NOR2_X1)                                0.0296     0.9248 f
  DP_i/U316/ZN (NOR2_X1)                                0.0667     0.9915 r
  DP_i/U321/ZN (AND2_X1)                                0.0651     1.0566 r
  DP_i/U326/ZN (NAND2_X1)                               0.0459     1.1025 f
  DP_i/U332/ZN (NOR2_X1)                                0.0410     1.1435 r
  DP_i/U334/ZN (OR2_X1)                                 0.0381     1.1816 r
  DP_i/U404/CO (FA_X1)                                  0.0795     1.2611 r
  DP_i/U336/ZN (NAND2_X1)                               0.0495     1.3106 f
  DP_i/U337/ZN (NOR2_X1)                                0.0595     1.3701 r
  DP_i/U344/ZN (OAI21_X1)                               0.0456     1.4157 f
  DP_i/U345/ZN (NAND2_X1)                               0.0422     1.4579 r
  DP_i/U127/ZN (AND2_X1)                                0.0572     1.5151 r
  DP_i/U346/ZN (NAND2_X1)                               0.0419     1.5570 f
  DP_i/U351/ZN (OR2_X1)                                 0.0670     1.6240 f
  DP_i/U124/ZN (AOI22_X1)                               0.0674     1.6914 r
  DP_i/U406/CO (FA_X1)                                  0.0879     1.7793 r
  DP_i/U358/ZN (NAND2_X1)                               0.0430     1.8223 f
  DP_i/U361/ZN (NOR2_X1)                                0.0648     1.8871 r
  DP_i/U362/ZN (AND2_X1)                                0.0585     1.9456 r
  DP_i/U367/ZN (XNOR2_X1)                               0.0414     1.9870 f
  DP_i/U369/ZN (AOI22_X1)                               0.0854     2.0724 r
  DP_i/U372/ZN (NOR2_X1)                                0.0359     2.1082 f
  DP_i/U373/ZN (AOI21_X1)                               0.0912     2.1995 r
  DP_i/U374/ZN (OAI211_X1)                              0.0835     2.2830 f
  DP_i/U376/ZN (OAI21_X1)                               0.0680     2.3510 r
  DP_i/U407/CO (FA_X1)                                  0.0786     2.4296 r
  DP_i/U377/ZN (INV_X1)                                 0.0325     2.4621 f
  DP_i/U380/ZN (AND2_X1)                                0.0437     2.5058 f
  DP_i/U381/ZN (AOI21_X1)                               0.0764     2.5822 r
  DP_i/U384/ZN (OR3_X1)                                 0.0498     2.6320 r
  DP_i/U385/ZN (AOI21_X1)                               0.0385     2.6704 f
  DP_i/U386/ZN (AOI221_X1)                              0.1264     2.7968 r
  DP_i/U389/ZN (NAND2_X1)                               0.0543     2.8512 f
  DP_i/U390/ZN (INV_X1)                                 0.0479     2.8990 r
  DP_i/U391/ZN (AND2_X1)                                0.0596     2.9587 r
  DP_i/U477/ZN (XNOR2_X1)                               0.0495     3.0082 f
  DP_i/U478/ZN (AOI22_X1)                               0.0680     3.0762 r
  DP_i/U479/ZN (OAI221_X1)                              0.0507     3.1269 f
  DP_i/U480/ZN (AOI21_X1)                               0.0595     3.1864 r
  DP_i/U481/ZN (OAI211_X1)                              0.0450     3.2314 f
  DP_i/U482/ZN (AOI211_X1)                              0.0834     3.3148 r
  DP_i/U483/ZN (OAI21_X1)                               0.0407     3.3555 f
  DP_i/U485/ZN (AOI22_X1)                               0.0588     3.4143 r
  DP_i/U486/ZN (AOI21_X1)                               0.0693     3.4836 f
  DP_i/U4741/ZN (NOR3_X2)                               0.3552     3.8387 r
  DP_i/U3114/ZN (AOI22_X1)                              0.0563     3.8950 f
  DP_i/U3115/ZN (OAI211_X1)                             0.0583     3.9533 r
  DP_i/fetch_i_pc_i_Y_reg_8_/D (DFF_X1)                 0.0110     3.9643 r
  data arrival time                                                3.9643

  clock CLK (rise edge)                                 4.0000     4.0000
  clock network delay (ideal)                           0.0500     4.0500
  clock uncertainty                                    -0.0500     4.0000
  DP_i/fetch_i_pc_i_Y_reg_8_/CK (DFF_X1)                0.0000     4.0000 r
  library setup time                                   -0.0344     3.9656
  data required time                                               3.9656
  --------------------------------------------------------------------------
  data required time                                               3.9656
  data arrival time                                               -3.9643
  --------------------------------------------------------------------------
  slack (MET)                                                      0.0013


  Startpoint: DP_i/fetch_i_IR_out_reg_29_
              (rising edge-triggered flip-flop clocked by CLK)
  Endpoint: DP_i/fetch_i_pc_i_Y_reg_10_
            (rising edge-triggered flip-flop clocked by CLK)
  Path Group: REG2REG
  Path Type: max

  Des/Clust/Port     Wire Load Model       Library
  ------------------------------------------------
  DLX                5K_hvratio_1_4        NangateOpenCellLibrary

  Point                                                   Incr       Path
  --------------------------------------------------------------------------
  clock CLK (rise edge)                                 0.0000     0.0000
  clock network delay (ideal)                           0.0500     0.0500
  DP_i/fetch_i_IR_out_reg_29_/CK (DFF_X1)               0.0000     0.0500 r
  DP_i/fetch_i_IR_out_reg_29_/Q (DFF_X1)                0.1319     0.1819 f
  DP_i/opcode_3_ (DataPath)                             0.0000     0.1819 f
  U788/ZN (INV_X1)                                      0.0873     0.2691 r
  U804/ZN (NAND3_X1)                                    0.0628     0.3320 f
  U805/ZN (NOR2_X1)                                     0.0880     0.4199 r
  U806/ZN (INV_X2)                                      0.0797     0.4996 f
  DP_i/RF2_BAR (DataPath)                               0.0000     0.4996 f
  DP_i/U125/ZN (INV_X1)                                 0.1093     0.6089 r
  DP_i/U309/ZN (NOR2_X1)                                0.0611     0.6700 f
  DP_i/U310/ZN (NAND2_X1)                               0.0467     0.7167 r
  DP_i/U311/ZN (INV_X1)                                 0.0292     0.7459 f
  DP_i/U312/ZN (AOI21_X1)                               0.0661     0.8120 r
  DP_i/U313/ZN (AOI21_X1)                               0.0420     0.8540 f
  DP_i/U314/ZN (INV_X1)                                 0.0412     0.8952 r
  DP_i/U315/ZN (NOR2_X1)                                0.0296     0.9248 f
  DP_i/U316/ZN (NOR2_X1)                                0.0667     0.9915 r
  DP_i/U321/ZN (AND2_X1)                                0.0651     1.0566 r
  DP_i/U326/ZN (NAND2_X1)                               0.0459     1.1025 f
  DP_i/U332/ZN (NOR2_X1)                                0.0410     1.1435 r
  DP_i/U334/ZN (OR2_X1)                                 0.0381     1.1816 r
  DP_i/U404/CO (FA_X1)                                  0.0795     1.2611 r
  DP_i/U336/ZN (NAND2_X1)                               0.0495     1.3106 f
  DP_i/U337/ZN (NOR2_X1)                                0.0595     1.3701 r
  DP_i/U344/ZN (OAI21_X1)                               0.0456     1.4157 f
  DP_i/U345/ZN (NAND2_X1)                               0.0422     1.4579 r
  DP_i/U127/ZN (AND2_X1)                                0.0572     1.5151 r
  DP_i/U346/ZN (NAND2_X1)                               0.0419     1.5570 f
  DP_i/U351/ZN (OR2_X1)                                 0.0670     1.6240 f
  DP_i/U124/ZN (AOI22_X1)                               0.0674     1.6914 r
  DP_i/U406/CO (FA_X1)                                  0.0879     1.7793 r
  DP_i/U358/ZN (NAND2_X1)                               0.0430     1.8223 f
  DP_i/U361/ZN (NOR2_X1)                                0.0648     1.8871 r
  DP_i/U362/ZN (AND2_X1)                                0.0585     1.9456 r
  DP_i/U367/ZN (XNOR2_X1)                               0.0414     1.9870 f
  DP_i/U369/ZN (AOI22_X1)                               0.0854     2.0724 r
  DP_i/U372/ZN (NOR2_X1)                                0.0359     2.1082 f
  DP_i/U373/ZN (AOI21_X1)                               0.0912     2.1995 r
  DP_i/U374/ZN (OAI211_X1)                              0.0835     2.2830 f
  DP_i/U376/ZN (OAI21_X1)                               0.0680     2.3510 r
  DP_i/U407/CO (FA_X1)                                  0.0786     2.4296 r
  DP_i/U377/ZN (INV_X1)                                 0.0325     2.4621 f
  DP_i/U380/ZN (AND2_X1)                                0.0437     2.5058 f
  DP_i/U381/ZN (AOI21_X1)                               0.0764     2.5822 r
  DP_i/U384/ZN (OR3_X1)                                 0.0498     2.6320 r
  DP_i/U385/ZN (AOI21_X1)                               0.0385     2.6704 f
  DP_i/U386/ZN (AOI221_X1)                              0.1264     2.7968 r
  DP_i/U389/ZN (NAND2_X1)                               0.0543     2.8512 f
  DP_i/U390/ZN (INV_X1)                                 0.0479     2.8990 r
  DP_i/U391/ZN (AND2_X1)                                0.0596     2.9587 r
  DP_i/U477/ZN (XNOR2_X1)                               0.0495     3.0082 f
  DP_i/U478/ZN (AOI22_X1)                               0.0680     3.0762 r
  DP_i/U479/ZN (OAI221_X1)                              0.0507     3.1269 f
  DP_i/U480/ZN (AOI21_X1)                               0.0595     3.1864 r
  DP_i/U481/ZN (OAI211_X1)                              0.0450     3.2314 f
  DP_i/U482/ZN (AOI211_X1)                              0.0834     3.3148 r
  DP_i/U483/ZN (OAI21_X1)                               0.0407     3.3555 f
  DP_i/U485/ZN (AOI22_X1)                               0.0588     3.4143 r
  DP_i/U486/ZN (AOI21_X1)                               0.0693     3.4836 f
  DP_i/U4741/ZN (NOR3_X2)                               0.3552     3.8387 r
  DP_i/U3104/ZN (AOI22_X1)                              0.0563     3.8950 f
  DP_i/U3105/ZN (OAI211_X1)                             0.0583     3.9533 r
  DP_i/fetch_i_pc_i_Y_reg_10_/D (DFF_X1)                0.0110     3.9643 r
  data arrival time                                                3.9643

  clock CLK (rise edge)                                 4.0000     4.0000
  clock network delay (ideal)                           0.0500     4.0500
  clock uncertainty                                    -0.0500     4.0000
  DP_i/fetch_i_pc_i_Y_reg_10_/CK (DFF_X1)               0.0000     4.0000 r
  library setup time                                   -0.0344     3.9656
  data required time                                               3.9656
  --------------------------------------------------------------------------
  data required time                                               3.9656
  data arrival time                                               -3.9643
  --------------------------------------------------------------------------
  slack (MET)                                                      0.0013


  Startpoint: DP_i/fetch_i_IR_out_reg_29_
              (rising edge-triggered flip-flop clocked by CLK)
  Endpoint: DP_i/fetch_i_pc_i_Y_reg_7_
            (rising edge-triggered flip-flop clocked by CLK)
  Path Group: REG2REG
  Path Type: max

  Des/Clust/Port     Wire Load Model       Library
  ------------------------------------------------
  DLX                5K_hvratio_1_4        NangateOpenCellLibrary

  Point                                                   Incr       Path
  --------------------------------------------------------------------------
  clock CLK (rise edge)                                 0.0000     0.0000
  clock network delay (ideal)                           0.0500     0.0500
  DP_i/fetch_i_IR_out_reg_29_/CK (DFF_X1)               0.0000     0.0500 r
  DP_i/fetch_i_IR_out_reg_29_/Q (DFF_X1)                0.1319     0.1819 f
  DP_i/opcode_3_ (DataPath)                             0.0000     0.1819 f
  U788/ZN (INV_X1)                                      0.0873     0.2691 r
  U804/ZN (NAND3_X1)                                    0.0628     0.3320 f
  U805/ZN (NOR2_X1)                                     0.0880     0.4199 r
  U806/ZN (INV_X2)                                      0.0797     0.4996 f
  DP_i/RF2_BAR (DataPath)                               0.0000     0.4996 f
  DP_i/U125/ZN (INV_X1)                                 0.1093     0.6089 r
  DP_i/U309/ZN (NOR2_X1)                                0.0611     0.6700 f
  DP_i/U310/ZN (NAND2_X1)                               0.0467     0.7167 r
  DP_i/U311/ZN (INV_X1)                                 0.0292     0.7459 f
  DP_i/U312/ZN (AOI21_X1)                               0.0661     0.8120 r
  DP_i/U313/ZN (AOI21_X1)                               0.0420     0.8540 f
  DP_i/U314/ZN (INV_X1)                                 0.0412     0.8952 r
  DP_i/U315/ZN (NOR2_X1)                                0.0296     0.9248 f
  DP_i/U316/ZN (NOR2_X1)                                0.0667     0.9915 r
  DP_i/U321/ZN (AND2_X1)                                0.0651     1.0566 r
  DP_i/U326/ZN (NAND2_X1)                               0.0459     1.1025 f
  DP_i/U332/ZN (NOR2_X1)                                0.0410     1.1435 r
  DP_i/U334/ZN (OR2_X1)                                 0.0381     1.1816 r
  DP_i/U404/CO (FA_X1)                                  0.0795     1.2611 r
  DP_i/U336/ZN (NAND2_X1)                               0.0495     1.3106 f
  DP_i/U337/ZN (NOR2_X1)                                0.0595     1.3701 r
  DP_i/U344/ZN (OAI21_X1)                               0.0456     1.4157 f
  DP_i/U345/ZN (NAND2_X1)                               0.0422     1.4579 r
  DP_i/U127/ZN (AND2_X1)                                0.0572     1.5151 r
  DP_i/U346/ZN (NAND2_X1)                               0.0419     1.5570 f
  DP_i/U351/ZN (OR2_X1)                                 0.0670     1.6240 f
  DP_i/U124/ZN (AOI22_X1)                               0.0674     1.6914 r
  DP_i/U406/CO (FA_X1)                                  0.0879     1.7793 r
  DP_i/U358/ZN (NAND2_X1)                               0.0430     1.8223 f
  DP_i/U361/ZN (NOR2_X1)                                0.0648     1.8871 r
  DP_i/U362/ZN (AND2_X1)                                0.0585     1.9456 r
  DP_i/U367/ZN (XNOR2_X1)                               0.0414     1.9870 f
  DP_i/U369/ZN (AOI22_X1)                               0.0854     2.0724 r
  DP_i/U372/ZN (NOR2_X1)                                0.0359     2.1082 f
  DP_i/U373/ZN (AOI21_X1)                               0.0912     2.1995 r
  DP_i/U374/ZN (OAI211_X1)                              0.0835     2.2830 f
  DP_i/U376/ZN (OAI21_X1)                               0.0680     2.3510 r
  DP_i/U407/CO (FA_X1)                                  0.0786     2.4296 r
  DP_i/U377/ZN (INV_X1)                                 0.0325     2.4621 f
  DP_i/U380/ZN (AND2_X1)                                0.0437     2.5058 f
  DP_i/U381/ZN (AOI21_X1)                               0.0764     2.5822 r
  DP_i/U384/ZN (OR3_X1)                                 0.0498     2.6320 r
  DP_i/U385/ZN (AOI21_X1)                               0.0385     2.6704 f
  DP_i/U386/ZN (AOI221_X1)                              0.1264     2.7968 r
  DP_i/U389/ZN (NAND2_X1)                               0.0543     2.8512 f
  DP_i/U390/ZN (INV_X1)                                 0.0479     2.8990 r
  DP_i/U391/ZN (AND2_X1)                                0.0596     2.9587 r
  DP_i/U477/ZN (XNOR2_X1)                               0.0495     3.0082 f
  DP_i/U478/ZN (AOI22_X1)                               0.0680     3.0762 r
  DP_i/U479/ZN (OAI221_X1)                              0.0507     3.1269 f
  DP_i/U480/ZN (AOI21_X1)                               0.0595     3.1864 r
  DP_i/U481/ZN (OAI211_X1)                              0.0450     3.2314 f
  DP_i/U482/ZN (AOI211_X1)                              0.0834     3.3148 r
  DP_i/U483/ZN (OAI21_X1)                               0.0407     3.3555 f
  DP_i/U485/ZN (AOI22_X1)                               0.0588     3.4143 r
  DP_i/U486/ZN (AOI21_X1)                               0.0693     3.4836 f
  DP_i/U4741/ZN (NOR3_X2)                               0.3552     3.8387 r
  DP_i/U3119/ZN (AOI22_X1)                              0.0563     3.8950 f
  DP_i/U3120/ZN (OAI211_X1)                             0.0583     3.9533 r
  DP_i/fetch_i_pc_i_Y_reg_7_/D (DFF_X1)                 0.0110     3.9643 r
  data arrival time                                                3.9643

  clock CLK (rise edge)                                 4.0000     4.0000
  clock network delay (ideal)                           0.0500     4.0500
  clock uncertainty                                    -0.0500     4.0000
  DP_i/fetch_i_pc_i_Y_reg_7_/CK (DFF_X1)                0.0000     4.0000 r
  library setup time                                   -0.0344     3.9656
  data required time                                               3.9656
  --------------------------------------------------------------------------
  data required time                                               3.9656
  data arrival time                                               -3.9643
  --------------------------------------------------------------------------
  slack (MET)                                                      0.0013


  Startpoint: DP_i/fetch_i_IR_out_reg_29_
              (rising edge-triggered flip-flop clocked by CLK)
  Endpoint: DP_i/fetch_i_pc_i_Y_reg_4_
            (rising edge-triggered flip-flop clocked by CLK)
  Path Group: REG2REG
  Path Type: max

  Des/Clust/Port     Wire Load Model       Library
  ------------------------------------------------
  DLX                5K_hvratio_1_4        NangateOpenCellLibrary

  Point                                                   Incr       Path
  --------------------------------------------------------------------------
  clock CLK (rise edge)                                 0.0000     0.0000
  clock network delay (ideal)                           0.0500     0.0500
  DP_i/fetch_i_IR_out_reg_29_/CK (DFF_X1)               0.0000     0.0500 r
  DP_i/fetch_i_IR_out_reg_29_/Q (DFF_X1)                0.1319     0.1819 f
  DP_i/opcode_3_ (DataPath)                             0.0000     0.1819 f
  U788/ZN (INV_X1)                                      0.0873     0.2691 r
  U804/ZN (NAND3_X1)                                    0.0628     0.3320 f
  U805/ZN (NOR2_X1)                                     0.0880     0.4199 r
  U806/ZN (INV_X2)                                      0.0797     0.4996 f
  DP_i/RF2_BAR (DataPath)                               0.0000     0.4996 f
  DP_i/U125/ZN (INV_X1)                                 0.1093     0.6089 r
  DP_i/U309/ZN (NOR2_X1)                                0.0611     0.6700 f
  DP_i/U310/ZN (NAND2_X1)                               0.0467     0.7167 r
  DP_i/U311/ZN (INV_X1)                                 0.0292     0.7459 f
  DP_i/U312/ZN (AOI21_X1)                               0.0661     0.8120 r
  DP_i/U313/ZN (AOI21_X1)                               0.0420     0.8540 f
  DP_i/U314/ZN (INV_X1)                                 0.0412     0.8952 r
  DP_i/U315/ZN (NOR2_X1)                                0.0296     0.9248 f
  DP_i/U316/ZN (NOR2_X1)                                0.0667     0.9915 r
  DP_i/U321/ZN (AND2_X1)                                0.0651     1.0566 r
  DP_i/U326/ZN (NAND2_X1)                               0.0459     1.1025 f
  DP_i/U332/ZN (NOR2_X1)                                0.0410     1.1435 r
  DP_i/U334/ZN (OR2_X1)                                 0.0381     1.1816 r
  DP_i/U404/CO (FA_X1)                                  0.0795     1.2611 r
  DP_i/U336/ZN (NAND2_X1)                               0.0495     1.3106 f
  DP_i/U337/ZN (NOR2_X1)                                0.0595     1.3701 r
  DP_i/U344/ZN (OAI21_X1)                               0.0456     1.4157 f
  DP_i/U345/ZN (NAND2_X1)                               0.0422     1.4579 r
  DP_i/U127/ZN (AND2_X1)                                0.0572     1.5151 r
  DP_i/U346/ZN (NAND2_X1)                               0.0419     1.5570 f
  DP_i/U351/ZN (OR2_X1)                                 0.0670     1.6240 f
  DP_i/U124/ZN (AOI22_X1)                               0.0674     1.6914 r
  DP_i/U406/CO (FA_X1)                                  0.0879     1.7793 r
  DP_i/U358/ZN (NAND2_X1)                               0.0430     1.8223 f
  DP_i/U361/ZN (NOR2_X1)                                0.0648     1.8871 r
  DP_i/U362/ZN (AND2_X1)                                0.0585     1.9456 r
  DP_i/U367/ZN (XNOR2_X1)                               0.0414     1.9870 f
  DP_i/U369/ZN (AOI22_X1)                               0.0854     2.0724 r
  DP_i/U372/ZN (NOR2_X1)                                0.0359     2.1082 f
  DP_i/U373/ZN (AOI21_X1)                               0.0912     2.1995 r
  DP_i/U374/ZN (OAI211_X1)                              0.0835     2.2830 f
  DP_i/U376/ZN (OAI21_X1)                               0.0680     2.3510 r
  DP_i/U407/CO (FA_X1)                                  0.0786     2.4296 r
  DP_i/U377/ZN (INV_X1)                                 0.0325     2.4621 f
  DP_i/U380/ZN (AND2_X1)                                0.0437     2.5058 f
  DP_i/U381/ZN (AOI21_X1)                               0.0764     2.5822 r
  DP_i/U384/ZN (OR3_X1)                                 0.0498     2.6320 r
  DP_i/U385/ZN (AOI21_X1)                               0.0385     2.6704 f
  DP_i/U386/ZN (AOI221_X1)                              0.1264     2.7968 r
  DP_i/U389/ZN (NAND2_X1)                               0.0543     2.8512 f
  DP_i/U390/ZN (INV_X1)                                 0.0479     2.8990 r
  DP_i/U391/ZN (AND2_X1)                                0.0596     2.9587 r
  DP_i/U477/ZN (XNOR2_X1)                               0.0495     3.0082 f
  DP_i/U478/ZN (AOI22_X1)                               0.0680     3.0762 r
  DP_i/U479/ZN (OAI221_X1)                              0.0507     3.1269 f
  DP_i/U480/ZN (AOI21_X1)                               0.0595     3.1864 r
  DP_i/U481/ZN (OAI211_X1)                              0.0450     3.2314 f
  DP_i/U482/ZN (AOI211_X1)                              0.0834     3.3148 r
  DP_i/U483/ZN (OAI21_X1)                               0.0407     3.3555 f
  DP_i/U485/ZN (AOI22_X1)                               0.0588     3.4143 r
  DP_i/U486/ZN (AOI21_X1)                               0.0693     3.4836 f
  DP_i/U4741/ZN (NOR3_X2)                               0.3552     3.8387 r
  DP_i/U3134/ZN (AOI22_X1)                              0.0563     3.8950 f
  DP_i/U3135/ZN (OAI211_X1)                             0.0583     3.9533 r
  DP_i/fetch_i_pc_i_Y_reg_4_/D (DFF_X1)                 0.0110     3.9643 r
  data arrival time                                                3.9643

  clock CLK (rise edge)                                 4.0000     4.0000
  clock network delay (ideal)                           0.0500     4.0500
  clock uncertainty                                    -0.0500     4.0000
  DP_i/fetch_i_pc_i_Y_reg_4_/CK (DFF_X1)                0.0000     4.0000 r
  library setup time                                   -0.0344     3.9656
  data required time                                               3.9656
  --------------------------------------------------------------------------
  data required time                                               3.9656
  data arrival time                                               -3.9643
  --------------------------------------------------------------------------
  slack (MET)                                                      0.0013


  Startpoint: DP_i/fetch_i_IR_out_reg_29_
              (rising edge-triggered flip-flop clocked by CLK)
  Endpoint: DP_i/fetch_i_pc_i_Y_reg_9_
            (rising edge-triggered flip-flop clocked by CLK)
  Path Group: REG2REG
  Path Type: max

  Des/Clust/Port     Wire Load Model       Library
  ------------------------------------------------
  DLX                5K_hvratio_1_4        NangateOpenCellLibrary

  Point                                                   Incr       Path
  --------------------------------------------------------------------------
  clock CLK (rise edge)                                 0.0000     0.0000
  clock network delay (ideal)                           0.0500     0.0500
  DP_i/fetch_i_IR_out_reg_29_/CK (DFF_X1)               0.0000     0.0500 r
  DP_i/fetch_i_IR_out_reg_29_/Q (DFF_X1)                0.1319     0.1819 f
  DP_i/opcode_3_ (DataPath)                             0.0000     0.1819 f
  U788/ZN (INV_X1)                                      0.0873     0.2691 r
  U804/ZN (NAND3_X1)                                    0.0628     0.3320 f
  U805/ZN (NOR2_X1)                                     0.0880     0.4199 r
  U806/ZN (INV_X2)                                      0.0797     0.4996 f
  DP_i/RF2_BAR (DataPath)                               0.0000     0.4996 f
  DP_i/U125/ZN (INV_X1)                                 0.1093     0.6089 r
  DP_i/U309/ZN (NOR2_X1)                                0.0611     0.6700 f
  DP_i/U310/ZN (NAND2_X1)                               0.0467     0.7167 r
  DP_i/U311/ZN (INV_X1)                                 0.0292     0.7459 f
  DP_i/U312/ZN (AOI21_X1)                               0.0661     0.8120 r
  DP_i/U313/ZN (AOI21_X1)                               0.0420     0.8540 f
  DP_i/U314/ZN (INV_X1)                                 0.0412     0.8952 r
  DP_i/U315/ZN (NOR2_X1)                                0.0296     0.9248 f
  DP_i/U316/ZN (NOR2_X1)                                0.0667     0.9915 r
  DP_i/U321/ZN (AND2_X1)                                0.0651     1.0566 r
  DP_i/U326/ZN (NAND2_X1)                               0.0459     1.1025 f
  DP_i/U332/ZN (NOR2_X1)                                0.0410     1.1435 r
  DP_i/U334/ZN (OR2_X1)                                 0.0381     1.1816 r
  DP_i/U404/CO (FA_X1)                                  0.0795     1.2611 r
  DP_i/U336/ZN (NAND2_X1)                               0.0495     1.3106 f
  DP_i/U337/ZN (NOR2_X1)                                0.0595     1.3701 r
  DP_i/U344/ZN (OAI21_X1)                               0.0456     1.4157 f
  DP_i/U345/ZN (NAND2_X1)                               0.0422     1.4579 r
  DP_i/U127/ZN (AND2_X1)                                0.0572     1.5151 r
  DP_i/U346/ZN (NAND2_X1)                               0.0419     1.5570 f
  DP_i/U351/ZN (OR2_X1)                                 0.0670     1.6240 f
  DP_i/U124/ZN (AOI22_X1)                               0.0674     1.6914 r
  DP_i/U406/CO (FA_X1)                                  0.0879     1.7793 r
  DP_i/U358/ZN (NAND2_X1)                               0.0430     1.8223 f
  DP_i/U361/ZN (NOR2_X1)                                0.0648     1.8871 r
  DP_i/U362/ZN (AND2_X1)                                0.0585     1.9456 r
  DP_i/U367/ZN (XNOR2_X1)                               0.0414     1.9870 f
  DP_i/U369/ZN (AOI22_X1)                               0.0854     2.0724 r
  DP_i/U372/ZN (NOR2_X1)                                0.0359     2.1082 f
  DP_i/U373/ZN (AOI21_X1)                               0.0912     2.1995 r
  DP_i/U374/ZN (OAI211_X1)                              0.0835     2.2830 f
  DP_i/U376/ZN (OAI21_X1)                               0.0680     2.3510 r
  DP_i/U407/CO (FA_X1)                                  0.0786     2.4296 r
  DP_i/U377/ZN (INV_X1)                                 0.0325     2.4621 f
  DP_i/U380/ZN (AND2_X1)                                0.0437     2.5058 f
  DP_i/U381/ZN (AOI21_X1)                               0.0764     2.5822 r
  DP_i/U384/ZN (OR3_X1)                                 0.0498     2.6320 r
  DP_i/U385/ZN (AOI21_X1)                               0.0385     2.6704 f
  DP_i/U386/ZN (AOI221_X1)                              0.1264     2.7968 r
  DP_i/U389/ZN (NAND2_X1)                               0.0543     2.8512 f
  DP_i/U390/ZN (INV_X1)                                 0.0479     2.8990 r
  DP_i/U391/ZN (AND2_X1)                                0.0596     2.9587 r
  DP_i/U477/ZN (XNOR2_X1)                               0.0495     3.0082 f
  DP_i/U478/ZN (AOI22_X1)                               0.0680     3.0762 r
  DP_i/U479/ZN (OAI221_X1)                              0.0507     3.1269 f
  DP_i/U480/ZN (AOI21_X1)                               0.0595     3.1864 r
  DP_i/U481/ZN (OAI211_X1)                              0.0450     3.2314 f
  DP_i/U482/ZN (AOI211_X1)                              0.0834     3.3148 r
  DP_i/U483/ZN (OAI21_X1)                               0.0407     3.3555 f
  DP_i/U485/ZN (AOI22_X1)                               0.0588     3.4143 r
  DP_i/U486/ZN (AOI21_X1)                               0.0693     3.4836 f
  DP_i/U4741/ZN (NOR3_X2)                               0.3552     3.8387 r
  DP_i/U3109/ZN (AOI22_X1)                              0.0563     3.8950 f
  DP_i/U3110/ZN (OAI211_X1)                             0.0583     3.9533 r
  DP_i/fetch_i_pc_i_Y_reg_9_/D (DFF_X1)                 0.0110     3.9643 r
  data arrival time                                                3.9643

  clock CLK (rise edge)                                 4.0000     4.0000
  clock network delay (ideal)                           0.0500     4.0500
  clock uncertainty                                    -0.0500     4.0000
  DP_i/fetch_i_pc_i_Y_reg_9_/CK (DFF_X1)                0.0000     4.0000 r
  library setup time                                   -0.0344     3.9656
  data required time                                               3.9656
  --------------------------------------------------------------------------
  data required time                                               3.9656
  data arrival time                                               -3.9643
  --------------------------------------------------------------------------
  slack (MET)                                                      0.0013


  Startpoint: DP_i/fetch_i_IR_out_reg_29_
              (rising edge-triggered flip-flop clocked by CLK)
  Endpoint: DP_i/fetch_i_pc_i_Y_reg_11_
            (rising edge-triggered flip-flop clocked by CLK)
  Path Group: REG2REG
  Path Type: max

  Des/Clust/Port     Wire Load Model       Library
  ------------------------------------------------
  DLX                5K_hvratio_1_4        NangateOpenCellLibrary

  Point                                                   Incr       Path
  --------------------------------------------------------------------------
  clock CLK (rise edge)                                 0.0000     0.0000
  clock network delay (ideal)                           0.0500     0.0500
  DP_i/fetch_i_IR_out_reg_29_/CK (DFF_X1)               0.0000     0.0500 r
  DP_i/fetch_i_IR_out_reg_29_/Q (DFF_X1)                0.1319     0.1819 f
  DP_i/opcode_3_ (DataPath)                             0.0000     0.1819 f
  U788/ZN (INV_X1)                                      0.0873     0.2691 r
  U804/ZN (NAND3_X1)                                    0.0628     0.3320 f
  U805/ZN (NOR2_X1)                                     0.0880     0.4199 r
  U806/ZN (INV_X2)                                      0.0797     0.4996 f
  DP_i/RF2_BAR (DataPath)                               0.0000     0.4996 f
  DP_i/U125/ZN (INV_X1)                                 0.1093     0.6089 r
  DP_i/U309/ZN (NOR2_X1)                                0.0611     0.6700 f
  DP_i/U310/ZN (NAND2_X1)                               0.0467     0.7167 r
  DP_i/U311/ZN (INV_X1)                                 0.0292     0.7459 f
  DP_i/U312/ZN (AOI21_X1)                               0.0661     0.8120 r
  DP_i/U313/ZN (AOI21_X1)                               0.0420     0.8540 f
  DP_i/U314/ZN (INV_X1)                                 0.0412     0.8952 r
  DP_i/U315/ZN (NOR2_X1)                                0.0296     0.9248 f
  DP_i/U316/ZN (NOR2_X1)                                0.0667     0.9915 r
  DP_i/U321/ZN (AND2_X1)                                0.0651     1.0566 r
  DP_i/U326/ZN (NAND2_X1)                               0.0459     1.1025 f
  DP_i/U332/ZN (NOR2_X1)                                0.0410     1.1435 r
  DP_i/U334/ZN (OR2_X1)                                 0.0381     1.1816 r
  DP_i/U404/CO (FA_X1)                                  0.0795     1.2611 r
  DP_i/U336/ZN (NAND2_X1)                               0.0495     1.3106 f
  DP_i/U337/ZN (NOR2_X1)                                0.0595     1.3701 r
  DP_i/U344/ZN (OAI21_X1)                               0.0456     1.4157 f
  DP_i/U345/ZN (NAND2_X1)                               0.0422     1.4579 r
  DP_i/U127/ZN (AND2_X1)                                0.0572     1.5151 r
  DP_i/U346/ZN (NAND2_X1)                               0.0419     1.5570 f
  DP_i/U351/ZN (OR2_X1)                                 0.0670     1.6240 f
  DP_i/U124/ZN (AOI22_X1)                               0.0674     1.6914 r
  DP_i/U406/CO (FA_X1)                                  0.0879     1.7793 r
  DP_i/U358/ZN (NAND2_X1)                               0.0430     1.8223 f
  DP_i/U361/ZN (NOR2_X1)                                0.0648     1.8871 r
  DP_i/U362/ZN (AND2_X1)                                0.0585     1.9456 r
  DP_i/U367/ZN (XNOR2_X1)                               0.0414     1.9870 f
  DP_i/U369/ZN (AOI22_X1)                               0.0854     2.0724 r
  DP_i/U372/ZN (NOR2_X1)                                0.0359     2.1082 f
  DP_i/U373/ZN (AOI21_X1)                               0.0912     2.1995 r
  DP_i/U374/ZN (OAI211_X1)                              0.0835     2.2830 f
  DP_i/U376/ZN (OAI21_X1)                               0.0680     2.3510 r
  DP_i/U407/CO (FA_X1)                                  0.0786     2.4296 r
  DP_i/U377/ZN (INV_X1)                                 0.0325     2.4621 f
  DP_i/U380/ZN (AND2_X1)                                0.0437     2.5058 f
  DP_i/U381/ZN (AOI21_X1)                               0.0764     2.5822 r
  DP_i/U384/ZN (OR3_X1)                                 0.0498     2.6320 r
  DP_i/U385/ZN (AOI21_X1)                               0.0385     2.6704 f
  DP_i/U386/ZN (AOI221_X1)                              0.1264     2.7968 r
  DP_i/U389/ZN (NAND2_X1)                               0.0543     2.8512 f
  DP_i/U390/ZN (INV_X1)                                 0.0479     2.8990 r
  DP_i/U391/ZN (AND2_X1)                                0.0596     2.9587 r
  DP_i/U477/ZN (XNOR2_X1)                               0.0495     3.0082 f
  DP_i/U478/ZN (AOI22_X1)                               0.0680     3.0762 r
  DP_i/U479/ZN (OAI221_X1)                              0.0507     3.1269 f
  DP_i/U480/ZN (AOI21_X1)                               0.0595     3.1864 r
  DP_i/U481/ZN (OAI211_X1)                              0.0450     3.2314 f
  DP_i/U482/ZN (AOI211_X1)                              0.0834     3.3148 r
  DP_i/U483/ZN (OAI21_X1)                               0.0407     3.3555 f
  DP_i/U485/ZN (AOI22_X1)                               0.0588     3.4143 r
  DP_i/U486/ZN (AOI21_X1)                               0.0693     3.4836 f
  DP_i/U4741/ZN (NOR3_X2)                               0.3552     3.8387 r
  DP_i/U3099/ZN (AOI22_X1)                              0.0563     3.8950 f
  DP_i/U3100/ZN (OAI211_X1)                             0.0583     3.9533 r
  DP_i/fetch_i_pc_i_Y_reg_11_/D (DFF_X1)                0.0110     3.9643 r
  data arrival time                                                3.9643

  clock CLK (rise edge)                                 4.0000     4.0000
  clock network delay (ideal)                           0.0500     4.0500
  clock uncertainty                                    -0.0500     4.0000
  DP_i/fetch_i_pc_i_Y_reg_11_/CK (DFF_X1)               0.0000     4.0000 r
  library setup time                                   -0.0344     3.9656
  data required time                                               3.9656
  --------------------------------------------------------------------------
  data required time                                               3.9656
  data arrival time                                               -3.9643
  --------------------------------------------------------------------------
  slack (MET)                                                      0.0013


  Startpoint: DP_i/fetch_i_IR_out_reg_29_
              (rising edge-triggered flip-flop clocked by CLK)
  Endpoint: DP_i/fetch_i_pc_i_Y_reg_5_
            (rising edge-triggered flip-flop clocked by CLK)
  Path Group: REG2REG
  Path Type: max

  Des/Clust/Port     Wire Load Model       Library
  ------------------------------------------------
  DLX                5K_hvratio_1_4        NangateOpenCellLibrary

  Point                                                   Incr       Path
  --------------------------------------------------------------------------
  clock CLK (rise edge)                                 0.0000     0.0000
  clock network delay (ideal)                           0.0500     0.0500
  DP_i/fetch_i_IR_out_reg_29_/CK (DFF_X1)               0.0000     0.0500 r
  DP_i/fetch_i_IR_out_reg_29_/Q (DFF_X1)                0.1319     0.1819 f
  DP_i/opcode_3_ (DataPath)                             0.0000     0.1819 f
  U788/ZN (INV_X1)                                      0.0873     0.2691 r
  U804/ZN (NAND3_X1)                                    0.0628     0.3320 f
  U805/ZN (NOR2_X1)                                     0.0880     0.4199 r
  U806/ZN (INV_X2)                                      0.0797     0.4996 f
  DP_i/RF2_BAR (DataPath)                               0.0000     0.4996 f
  DP_i/U125/ZN (INV_X1)                                 0.1093     0.6089 r
  DP_i/U309/ZN (NOR2_X1)                                0.0611     0.6700 f
  DP_i/U310/ZN (NAND2_X1)                               0.0467     0.7167 r
  DP_i/U311/ZN (INV_X1)                                 0.0292     0.7459 f
  DP_i/U312/ZN (AOI21_X1)                               0.0661     0.8120 r
  DP_i/U313/ZN (AOI21_X1)                               0.0420     0.8540 f
  DP_i/U314/ZN (INV_X1)                                 0.0412     0.8952 r
  DP_i/U315/ZN (NOR2_X1)                                0.0296     0.9248 f
  DP_i/U316/ZN (NOR2_X1)                                0.0667     0.9915 r
  DP_i/U321/ZN (AND2_X1)                                0.0651     1.0566 r
  DP_i/U326/ZN (NAND2_X1)                               0.0459     1.1025 f
  DP_i/U332/ZN (NOR2_X1)                                0.0410     1.1435 r
  DP_i/U334/ZN (OR2_X1)                                 0.0381     1.1816 r
  DP_i/U404/CO (FA_X1)                                  0.0795     1.2611 r
  DP_i/U336/ZN (NAND2_X1)                               0.0495     1.3106 f
  DP_i/U337/ZN (NOR2_X1)                                0.0595     1.3701 r
  DP_i/U344/ZN (OAI21_X1)                               0.0456     1.4157 f
  DP_i/U345/ZN (NAND2_X1)                               0.0422     1.4579 r
  DP_i/U127/ZN (AND2_X1)                                0.0572     1.5151 r
  DP_i/U346/ZN (NAND2_X1)                               0.0419     1.5570 f
  DP_i/U351/ZN (OR2_X1)                                 0.0670     1.6240 f
  DP_i/U124/ZN (AOI22_X1)                               0.0674     1.6914 r
  DP_i/U406/CO (FA_X1)                                  0.0879     1.7793 r
  DP_i/U358/ZN (NAND2_X1)                               0.0430     1.8223 f
  DP_i/U361/ZN (NOR2_X1)                                0.0648     1.8871 r
  DP_i/U362/ZN (AND2_X1)                                0.0585     1.9456 r
  DP_i/U367/ZN (XNOR2_X1)                               0.0414     1.9870 f
  DP_i/U369/ZN (AOI22_X1)                               0.0854     2.0724 r
  DP_i/U372/ZN (NOR2_X1)                                0.0359     2.1082 f
  DP_i/U373/ZN (AOI21_X1)                               0.0912     2.1995 r
  DP_i/U374/ZN (OAI211_X1)                              0.0835     2.2830 f
  DP_i/U376/ZN (OAI21_X1)                               0.0680     2.3510 r
  DP_i/U407/CO (FA_X1)                                  0.0786     2.4296 r
  DP_i/U377/ZN (INV_X1)                                 0.0325     2.4621 f
  DP_i/U380/ZN (AND2_X1)                                0.0437     2.5058 f
  DP_i/U381/ZN (AOI21_X1)                               0.0764     2.5822 r
  DP_i/U384/ZN (OR3_X1)                                 0.0498     2.6320 r
  DP_i/U385/ZN (AOI21_X1)                               0.0385     2.6704 f
  DP_i/U386/ZN (AOI221_X1)                              0.1264     2.7968 r
  DP_i/U389/ZN (NAND2_X1)                               0.0543     2.8512 f
  DP_i/U390/ZN (INV_X1)                                 0.0479     2.8990 r
  DP_i/U391/ZN (AND2_X1)                                0.0596     2.9587 r
  DP_i/U477/ZN (XNOR2_X1)                               0.0495     3.0082 f
  DP_i/U478/ZN (AOI22_X1)                               0.0680     3.0762 r
  DP_i/U479/ZN (OAI221_X1)                              0.0507     3.1269 f
  DP_i/U480/ZN (AOI21_X1)                               0.0595     3.1864 r
  DP_i/U481/ZN (OAI211_X1)                              0.0450     3.2314 f
  DP_i/U482/ZN (AOI211_X1)                              0.0834     3.3148 r
  DP_i/U483/ZN (OAI21_X1)                               0.0407     3.3555 f
  DP_i/U485/ZN (AOI22_X1)                               0.0588     3.4143 r
  DP_i/U486/ZN (AOI21_X1)                               0.0693     3.4836 f
  DP_i/U4741/ZN (NOR3_X2)                               0.3552     3.8387 r
  DP_i/U3129/ZN (AOI22_X1)                              0.0563     3.8950 f
  DP_i/U3130/ZN (OAI211_X1)                             0.0583     3.9533 r
  DP_i/fetch_i_pc_i_Y_reg_5_/D (DFF_X1)                 0.0110     3.9643 r
  data arrival time                                                3.9643

  clock CLK (rise edge)                                 4.0000     4.0000
  clock network delay (ideal)                           0.0500     4.0500
  clock uncertainty                                    -0.0500     4.0000
  DP_i/fetch_i_pc_i_Y_reg_5_/CK (DFF_X1)                0.0000     4.0000 r
  library setup time                                   -0.0344     3.9656
  data required time                                               3.9656
  --------------------------------------------------------------------------
  data required time                                               3.9656
  data arrival time                                               -3.9643
  --------------------------------------------------------------------------
  slack (MET)                                                      0.0013


1
