 
****************************************
Report : timing
        -path full
        -delay max
        -nworst 2
        -max_paths 10
Design : DLX
Version: W-2024.09-SP2
Date   : Mon Sep 14 18:27:22 2026
****************************************

Operating Conditions: typical   Library: NangateOpenCellLibrary
Wire Load Model Mode: top

  Startpoint: DP_i/fetch_i_IR_out_reg_22_
              (rising edge-triggered flip-flop clocked by CLK)
  Endpoint: DP_i/fetch_i_btb_i_clk_gate_btb_table_reg_1__TARGET_/latch
            (gating element for clock CLK)
  Path Group: CLK
  Path Type: max

  Des/Clust/Port     Wire Load Model       Library
  ------------------------------------------------
  DLX                5K_hvratio_1_4        NangateOpenCellLibrary

  Point                                                   Incr       Path
  --------------------------------------------------------------------------
  clock CLK (rise edge)                                 0.0000     0.0000
  clock network delay (ideal)                           0.0500     0.0500
  DP_i/fetch_i_IR_out_reg_22_/CK (DFF_X1)               0.0000     0.0500 r
  DP_i/fetch_i_IR_out_reg_22_/Q (DFF_X1)                0.1444     0.1944 r
  DP_i/U1465/ZN (XNOR2_X1)                              0.0643     0.2587 f
  DP_i/U1121/ZN (NOR2_X1)                               0.0379     0.2966 r
  DP_i/U361/ZN (AND2_X1)                                0.0426     0.3392 r
  DP_i/U177/ZN (NAND4_X1)                               0.0632     0.4023 f
  DP_i/U1015/ZN (INV_X1)                                0.0464     0.4488 r
  DP_i/U1473/ZN (INV_X1)                                0.0317     0.4805 f
  DP_i/U1474/ZN (NAND3_X1)                              0.0770     0.5575 r
  DP_i/U1494/ZN (NOR2_X1)                               0.0466     0.6041 f
  DP_i/U16/Z (BUF_X1)                                   0.0775     0.6816 f
  DP_i/U1528/ZN (AOI22_X1)                              0.0777     0.7592 r
  DP_i/U1530/ZN (AND2_X1)                               0.0437     0.8029 r
  DP_i/U1105/ZN (AND3_X1)                               0.0532     0.8561 r
  DP_i/U1545/ZN (NAND4_X1)                              0.0456     0.9017 f
  DP_i/U1546/ZN (AOI22_X1)                              0.0684     0.9701 r
  DP_i/U1553/ZN (AOI21_X1)                              0.0552     1.0253 f
  DP_i/U1561/ZN (NOR2_X1)                               0.0558     1.0811 r
  DP_i/U1562/ZN (AND2_X2)                               0.0547     1.1358 r
  DP_i/rs2_live_3_ (DataPath)                           0.0000     1.1358 r
  U929/ZN (INV_X1)                                      0.0294     1.1652 f
  U930/ZN (AND2_X2)                                     0.0507     1.2159 f
  U950/ZN (AOI22_X1)                                    0.0791     1.2950 r
  U951/ZN (NAND3_X1)                                    0.0394     1.3345 f
  U952/ZN (OAI21_X1)                                    0.0367     1.3712 r
  U961/ZN (AOI221_X1)                                   0.0398     1.4109 f
  U962/ZN (AOI21_X1)                                    0.0696     1.4805 r
  U971/ZN (AOI221_X1)                                   0.0454     1.5260 f
  U972/ZN (INV_X1)                                      0.0293     1.5553 r
  U1036/ZN (AND3_X1)                                    0.0638     1.6191 r
  U1037/ZN (NOR2_X1)                                    0.0373     1.6565 f
  U1150/ZN (AOI21_X1)                                   0.0561     1.7125 r
  DP_i/F_ID_enable (DataPath)                           0.0000     1.7125 r
  DP_i/U1068/ZN (NAND2_X1)                              0.0391     1.7517 f
  DP_i/U189/ZN (OR2_X1)                                 0.0668     1.8184 f
  DP_i/U8186/ZN (INV_X1)                                0.0277     1.8461 r
  DP_i/U19/ZN (AND3_X1)                                 0.0859     1.9320 r
  DP_i/U571/ZN (NAND2_X1)                               0.0678     1.9998 f
  DP_i/U23/ZN (AND2_X1)                                 0.0609     2.0607 f
  DP_i/fetch_i_btb_i_U1208/ZN (NOR2_X1)                 0.0398     2.1004 r
  DP_i/fetch_i_btb_i_clk_gate_btb_table_reg_1__TARGET_/EN (SNPS_CLOCK_GATE_HIGH_BTB_NBIT32_BTB_DEPTH16_BTB_INDEX_MSB5_30)
                                                        0.0000     2.1004 r
  DP_i/fetch_i_btb_i_clk_gate_btb_table_reg_1__TARGET_/latch/E (CLKGATETST_X1)
                                                        0.0091     2.1095 r
  data arrival time                                                2.1095

  clock CLK (rise edge)                                 2.2000     2.2000
  clock network delay (ideal)                           0.0500     2.2500
  clock uncertainty                                    -0.0500     2.2000
  DP_i/fetch_i_btb_i_clk_gate_btb_table_reg_1__TARGET_/latch/CK (CLKGATETST_X1)
                                                        0.0000     2.2000 r
  clock gating setup time                              -0.0746     2.1254
  data required time                                               2.1254
  --------------------------------------------------------------------------
  data required time                                               2.1254
  data arrival time                                               -2.1095
  --------------------------------------------------------------------------
  slack (MET)                                                      0.0159


  Startpoint: DP_i/fetch_i_IR_out_reg_22_
              (rising edge-triggered flip-flop clocked by CLK)
  Endpoint: DP_i/fetch_i_btb_i_clk_gate_btb_table_reg_3__TARGET_/latch
            (gating element for clock CLK)
  Path Group: CLK
  Path Type: max

  Des/Clust/Port     Wire Load Model       Library
  ------------------------------------------------
  DLX                5K_hvratio_1_4        NangateOpenCellLibrary

  Point                                                   Incr       Path
  --------------------------------------------------------------------------
  clock CLK (rise edge)                                 0.0000     0.0000
  clock network delay (ideal)                           0.0500     0.0500
  DP_i/fetch_i_IR_out_reg_22_/CK (DFF_X1)               0.0000     0.0500 r
  DP_i/fetch_i_IR_out_reg_22_/Q (DFF_X1)                0.1444     0.1944 r
  DP_i/U1465/ZN (XNOR2_X1)                              0.0643     0.2587 f
  DP_i/U1121/ZN (NOR2_X1)                               0.0379     0.2966 r
  DP_i/U361/ZN (AND2_X1)                                0.0426     0.3392 r
  DP_i/U177/ZN (NAND4_X1)                               0.0632     0.4023 f
  DP_i/U1015/ZN (INV_X1)                                0.0464     0.4488 r
  DP_i/U1473/ZN (INV_X1)                                0.0317     0.4805 f
  DP_i/U1474/ZN (NAND3_X1)                              0.0770     0.5575 r
  DP_i/U1494/ZN (NOR2_X1)                               0.0466     0.6041 f
  DP_i/U16/Z (BUF_X1)                                   0.0775     0.6816 f
  DP_i/U1528/ZN (AOI22_X1)                              0.0777     0.7592 r
  DP_i/U1530/ZN (AND2_X1)                               0.0437     0.8029 r
  DP_i/U1105/ZN (AND3_X1)                               0.0532     0.8561 r
  DP_i/U1545/ZN (NAND4_X1)                              0.0456     0.9017 f
  DP_i/U1546/ZN (AOI22_X1)                              0.0684     0.9701 r
  DP_i/U1553/ZN (AOI21_X1)                              0.0552     1.0253 f
  DP_i/U1561/ZN (NOR2_X1)                               0.0558     1.0811 r
  DP_i/U1562/ZN (AND2_X2)                               0.0547     1.1358 r
  DP_i/rs2_live_3_ (DataPath)                           0.0000     1.1358 r
  U929/ZN (INV_X1)                                      0.0294     1.1652 f
  U930/ZN (AND2_X2)                                     0.0507     1.2159 f
  U950/ZN (AOI22_X1)                                    0.0791     1.2950 r
  U951/ZN (NAND3_X1)                                    0.0394     1.3345 f
  U952/ZN (OAI21_X1)                                    0.0367     1.3712 r
  U961/ZN (AOI221_X1)                                   0.0398     1.4109 f
  U962/ZN (AOI21_X1)                                    0.0696     1.4805 r
  U971/ZN (AOI221_X1)                                   0.0454     1.5260 f
  U972/ZN (INV_X1)                                      0.0293     1.5553 r
  U1036/ZN (AND3_X1)                                    0.0638     1.6191 r
  U1037/ZN (NOR2_X1)                                    0.0373     1.6565 f
  U1150/ZN (AOI21_X1)                                   0.0561     1.7125 r
  DP_i/F_ID_enable (DataPath)                           0.0000     1.7125 r
  DP_i/U1068/ZN (NAND2_X1)                              0.0391     1.7517 f
  DP_i/U189/ZN (OR2_X1)                                 0.0668     1.8184 f
  DP_i/U8186/ZN (INV_X1)                                0.0277     1.8461 r
  DP_i/U19/ZN (AND3_X1)                                 0.0859     1.9320 r
  DP_i/U571/ZN (NAND2_X1)                               0.0678     1.9998 f
  DP_i/U23/ZN (AND2_X1)                                 0.0609     2.0607 f
  DP_i/fetch_i_btb_i_U1213/ZN (NOR2_X1)                 0.0398     2.1004 r
  DP_i/fetch_i_btb_i_clk_gate_btb_table_reg_3__TARGET_/EN (SNPS_CLOCK_GATE_HIGH_BTB_NBIT32_BTB_DEPTH16_BTB_INDEX_MSB5_26)
                                                        0.0000     2.1004 r
  DP_i/fetch_i_btb_i_clk_gate_btb_table_reg_3__TARGET_/latch/E (CLKGATETST_X1)
                                                        0.0091     2.1095 r
  data arrival time                                                2.1095

  clock CLK (rise edge)                                 2.2000     2.2000
  clock network delay (ideal)                           0.0500     2.2500
  clock uncertainty                                    -0.0500     2.2000
  DP_i/fetch_i_btb_i_clk_gate_btb_table_reg_3__TARGET_/latch/CK (CLKGATETST_X1)
                                                        0.0000     2.2000 r
  clock gating setup time                              -0.0746     2.1254
  data required time                                               2.1254
  --------------------------------------------------------------------------
  data required time                                               2.1254
  data arrival time                                               -2.1095
  --------------------------------------------------------------------------
  slack (MET)                                                      0.0159


  Startpoint: DP_i/fetch_i_IR_out_reg_22_
              (rising edge-triggered flip-flop clocked by CLK)
  Endpoint: DP_i/fetch_i_btb_i_clk_gate_btb_table_reg_1__TARGET_/latch
            (gating element for clock CLK)
  Path Group: CLK
  Path Type: max

  Des/Clust/Port     Wire Load Model       Library
  ------------------------------------------------
  DLX                5K_hvratio_1_4        NangateOpenCellLibrary

  Point                                                   Incr       Path
  --------------------------------------------------------------------------
  clock CLK (rise edge)                                 0.0000     0.0000
  clock network delay (ideal)                           0.0500     0.0500
  DP_i/fetch_i_IR_out_reg_22_/CK (DFF_X1)               0.0000     0.0500 r
  DP_i/fetch_i_IR_out_reg_22_/Q (DFF_X1)                0.1444     0.1944 r
  DP_i/U1465/ZN (XNOR2_X1)                              0.0643     0.2587 f
  DP_i/U1121/ZN (NOR2_X1)                               0.0379     0.2966 r
  DP_i/U361/ZN (AND2_X1)                                0.0426     0.3392 r
  DP_i/U177/ZN (NAND4_X1)                               0.0632     0.4023 f
  DP_i/U216/ZN (AND2_X1)                                0.0582     0.4605 f
  DP_i/U1466/ZN (NAND2_X1)                              0.0703     0.5308 r
  DP_i/U910/ZN (NOR2_X2)                                0.0742     0.6049 f
  DP_i/U1518/Z (BUF_X2)                                 0.0946     0.6995 f
  DP_i/U1543/ZN (AOI22_X1)                              0.0780     0.7775 r
  DP_i/U1112/ZN (AND4_X1)                               0.0702     0.8477 r
  DP_i/U1545/ZN (NAND4_X1)                              0.0538     0.9014 f
  DP_i/U1546/ZN (AOI22_X1)                              0.0684     0.9699 r
  DP_i/U1553/ZN (AOI21_X1)                              0.0552     1.0251 f
  DP_i/U1561/ZN (NOR2_X1)                               0.0558     1.0809 r
  DP_i/U1562/ZN (AND2_X2)                               0.0547     1.1356 r
  DP_i/rs2_live_3_ (DataPath)                           0.0000     1.1356 r
  U929/ZN (INV_X1)                                      0.0294     1.1650 f
  U930/ZN (AND2_X2)                                     0.0507     1.2157 f
  U950/ZN (AOI22_X1)                                    0.0791     1.2948 r
  U951/ZN (NAND3_X1)                                    0.0394     1.3342 f
  U952/ZN (OAI21_X1)                                    0.0367     1.3709 r
  U961/ZN (AOI221_X1)                                   0.0398     1.4107 f
  U962/ZN (AOI21_X1)                                    0.0696     1.4803 r
  U971/ZN (AOI221_X1)                                   0.0454     1.5257 f
  U972/ZN (INV_X1)                                      0.0293     1.5551 r
  U1036/ZN (AND3_X1)                                    0.0638     1.6189 r
  U1037/ZN (NOR2_X1)                                    0.0373     1.6562 f
  U1150/ZN (AOI21_X1)                                   0.0561     1.7123 r
  DP_i/F_ID_enable (DataPath)                           0.0000     1.7123 r
  DP_i/U1068/ZN (NAND2_X1)                              0.0391     1.7514 f
  DP_i/U189/ZN (OR2_X1)                                 0.0668     1.8182 f
  DP_i/U8186/ZN (INV_X1)                                0.0277     1.8459 r
  DP_i/U19/ZN (AND3_X1)                                 0.0859     1.9318 r
  DP_i/U571/ZN (NAND2_X1)                               0.0678     1.9996 f
  DP_i/U23/ZN (AND2_X1)                                 0.0609     2.0604 f
  DP_i/fetch_i_btb_i_U1208/ZN (NOR2_X1)                 0.0398     2.1002 r
  DP_i/fetch_i_btb_i_clk_gate_btb_table_reg_1__TARGET_/EN (SNPS_CLOCK_GATE_HIGH_BTB_NBIT32_BTB_DEPTH16_BTB_INDEX_MSB5_30)
                                                        0.0000     2.1002 r
  DP_i/fetch_i_btb_i_clk_gate_btb_table_reg_1__TARGET_/latch/E (CLKGATETST_X1)
                                                        0.0091     2.1093 r
  data arrival time                                                2.1093

  clock CLK (rise edge)                                 2.2000     2.2000
  clock network delay (ideal)                           0.0500     2.2500
  clock uncertainty                                    -0.0500     2.2000
  DP_i/fetch_i_btb_i_clk_gate_btb_table_reg_1__TARGET_/latch/CK (CLKGATETST_X1)
                                                        0.0000     2.2000 r
  clock gating setup time                              -0.0746     2.1254
  data required time                                               2.1254
  --------------------------------------------------------------------------
  data required time                                               2.1254
  data arrival time                                               -2.1093
  --------------------------------------------------------------------------
  slack (MET)                                                      0.0161


  Startpoint: DP_i/fetch_i_IR_out_reg_22_
              (rising edge-triggered flip-flop clocked by CLK)
  Endpoint: DP_i/fetch_i_btb_i_clk_gate_btb_table_reg_3__TARGET_/latch
            (gating element for clock CLK)
  Path Group: CLK
  Path Type: max

  Des/Clust/Port     Wire Load Model       Library
  ------------------------------------------------
  DLX                5K_hvratio_1_4        NangateOpenCellLibrary

  Point                                                   Incr       Path
  --------------------------------------------------------------------------
  clock CLK (rise edge)                                 0.0000     0.0000
  clock network delay (ideal)                           0.0500     0.0500
  DP_i/fetch_i_IR_out_reg_22_/CK (DFF_X1)               0.0000     0.0500 r
  DP_i/fetch_i_IR_out_reg_22_/Q (DFF_X1)                0.1444     0.1944 r
  DP_i/U1465/ZN (XNOR2_X1)                              0.0643     0.2587 f
  DP_i/U1121/ZN (NOR2_X1)                               0.0379     0.2966 r
  DP_i/U361/ZN (AND2_X1)                                0.0426     0.3392 r
  DP_i/U177/ZN (NAND4_X1)                               0.0632     0.4023 f
  DP_i/U216/ZN (AND2_X1)                                0.0582     0.4605 f
  DP_i/U1466/ZN (NAND2_X1)                              0.0703     0.5308 r
  DP_i/U910/ZN (NOR2_X2)                                0.0742     0.6049 f
  DP_i/U1518/Z (BUF_X2)                                 0.0946     0.6995 f
  DP_i/U1543/ZN (AOI22_X1)                              0.0780     0.7775 r
  DP_i/U1112/ZN (AND4_X1)                               0.0702     0.8477 r
  DP_i/U1545/ZN (NAND4_X1)                              0.0538     0.9014 f
  DP_i/U1546/ZN (AOI22_X1)                              0.0684     0.9699 r
  DP_i/U1553/ZN (AOI21_X1)                              0.0552     1.0251 f
  DP_i/U1561/ZN (NOR2_X1)                               0.0558     1.0809 r
  DP_i/U1562/ZN (AND2_X2)                               0.0547     1.1356 r
  DP_i/rs2_live_3_ (DataPath)                           0.0000     1.1356 r
  U929/ZN (INV_X1)                                      0.0294     1.1650 f
  U930/ZN (AND2_X2)                                     0.0507     1.2157 f
  U950/ZN (AOI22_X1)                                    0.0791     1.2948 r
  U951/ZN (NAND3_X1)                                    0.0394     1.3342 f
  U952/ZN (OAI21_X1)                                    0.0367     1.3709 r
  U961/ZN (AOI221_X1)                                   0.0398     1.4107 f
  U962/ZN (AOI21_X1)                                    0.0696     1.4803 r
  U971/ZN (AOI221_X1)                                   0.0454     1.5257 f
  U972/ZN (INV_X1)                                      0.0293     1.5551 r
  U1036/ZN (AND3_X1)                                    0.0638     1.6189 r
  U1037/ZN (NOR2_X1)                                    0.0373     1.6562 f
  U1150/ZN (AOI21_X1)                                   0.0561     1.7123 r
  DP_i/F_ID_enable (DataPath)                           0.0000     1.7123 r
  DP_i/U1068/ZN (NAND2_X1)                              0.0391     1.7514 f
  DP_i/U189/ZN (OR2_X1)                                 0.0668     1.8182 f
  DP_i/U8186/ZN (INV_X1)                                0.0277     1.8459 r
  DP_i/U19/ZN (AND3_X1)                                 0.0859     1.9318 r
  DP_i/U571/ZN (NAND2_X1)                               0.0678     1.9996 f
  DP_i/U23/ZN (AND2_X1)                                 0.0609     2.0604 f
  DP_i/fetch_i_btb_i_U1213/ZN (NOR2_X1)                 0.0398     2.1002 r
  DP_i/fetch_i_btb_i_clk_gate_btb_table_reg_3__TARGET_/EN (SNPS_CLOCK_GATE_HIGH_BTB_NBIT32_BTB_DEPTH16_BTB_INDEX_MSB5_26)
                                                        0.0000     2.1002 r
  DP_i/fetch_i_btb_i_clk_gate_btb_table_reg_3__TARGET_/latch/E (CLKGATETST_X1)
                                                        0.0091     2.1093 r
  data arrival time                                                2.1093

  clock CLK (rise edge)                                 2.2000     2.2000
  clock network delay (ideal)                           0.0500     2.2500
  clock uncertainty                                    -0.0500     2.2000
  DP_i/fetch_i_btb_i_clk_gate_btb_table_reg_3__TARGET_/latch/CK (CLKGATETST_X1)
                                                        0.0000     2.2000 r
  clock gating setup time                              -0.0746     2.1254
  data required time                                               2.1254
  --------------------------------------------------------------------------
  data required time                                               2.1254
  data arrival time                                               -2.1093
  --------------------------------------------------------------------------
  slack (MET)                                                      0.0161


  Startpoint: DP_i/fetch_i_IR_out_reg_22_
              (rising edge-triggered flip-flop clocked by CLK)
  Endpoint: DP_i/fetch_i_btb_i_clk_gate_btb_table_reg_2__TARGET_/latch
            (gating element for clock CLK)
  Path Group: CLK
  Path Type: max

  Des/Clust/Port     Wire Load Model       Library
  ------------------------------------------------
  DLX                5K_hvratio_1_4        NangateOpenCellLibrary

  Point                                                   Incr       Path
  --------------------------------------------------------------------------
  clock CLK (rise edge)                                 0.0000     0.0000
  clock network delay (ideal)                           0.0500     0.0500
  DP_i/fetch_i_IR_out_reg_22_/CK (DFF_X1)               0.0000     0.0500 r
  DP_i/fetch_i_IR_out_reg_22_/Q (DFF_X1)                0.1444     0.1944 r
  DP_i/U1465/ZN (XNOR2_X1)                              0.0643     0.2587 f
  DP_i/U1121/ZN (NOR2_X1)                               0.0379     0.2966 r
  DP_i/U361/ZN (AND2_X1)                                0.0426     0.3392 r
  DP_i/U177/ZN (NAND4_X1)                               0.0632     0.4023 f
  DP_i/U1015/ZN (INV_X1)                                0.0464     0.4488 r
  DP_i/U1473/ZN (INV_X1)                                0.0317     0.4805 f
  DP_i/U1474/ZN (NAND3_X1)                              0.0770     0.5575 r
  DP_i/U1494/ZN (NOR2_X1)                               0.0466     0.6041 f
  DP_i/U16/Z (BUF_X1)                                   0.0775     0.6816 f
  DP_i/U1528/ZN (AOI22_X1)                              0.0777     0.7592 r
  DP_i/U1530/ZN (AND2_X1)                               0.0437     0.8029 r
  DP_i/U1105/ZN (AND3_X1)                               0.0532     0.8561 r
  DP_i/U1545/ZN (NAND4_X1)                              0.0456     0.9017 f
  DP_i/U1546/ZN (AOI22_X1)                              0.0684     0.9701 r
  DP_i/U1553/ZN (AOI21_X1)                              0.0552     1.0253 f
  DP_i/U1561/ZN (NOR2_X1)                               0.0558     1.0811 r
  DP_i/U1562/ZN (AND2_X2)                               0.0547     1.1358 r
  DP_i/rs2_live_3_ (DataPath)                           0.0000     1.1358 r
  U929/ZN (INV_X1)                                      0.0294     1.1652 f
  U930/ZN (AND2_X2)                                     0.0507     1.2159 f
  U950/ZN (AOI22_X1)                                    0.0791     1.2950 r
  U951/ZN (NAND3_X1)                                    0.0394     1.3345 f
  U952/ZN (OAI21_X1)                                    0.0367     1.3712 r
  U961/ZN (AOI221_X1)                                   0.0398     1.4109 f
  U962/ZN (AOI21_X1)                                    0.0696     1.4805 r
  U971/ZN (AOI221_X1)                                   0.0454     1.5260 f
  U972/ZN (INV_X1)                                      0.0293     1.5553 r
  U1036/ZN (AND3_X1)                                    0.0638     1.6191 r
  U1037/ZN (NOR2_X1)                                    0.0373     1.6565 f
  U1150/ZN (AOI21_X1)                                   0.0561     1.7125 r
  DP_i/F_ID_enable (DataPath)                           0.0000     1.7125 r
  DP_i/U1068/ZN (NAND2_X1)                              0.0391     1.7517 f
  DP_i/U189/ZN (OR2_X1)                                 0.0668     1.8184 f
  DP_i/U8186/ZN (INV_X1)                                0.0277     1.8461 r
  DP_i/U19/ZN (AND3_X1)                                 0.0859     1.9320 r
  DP_i/U571/ZN (NAND2_X1)                               0.0678     1.9998 f
  DP_i/U23/ZN (AND2_X1)                                 0.0609     2.0607 f
  DP_i/fetch_i_btb_i_U1211/ZN (NOR2_X1)                 0.0398     2.1004 r
  DP_i/fetch_i_btb_i_clk_gate_btb_table_reg_2__TARGET_/EN (SNPS_CLOCK_GATE_HIGH_BTB_NBIT32_BTB_DEPTH16_BTB_INDEX_MSB5_28)
                                                        0.0000     2.1004 r
  DP_i/fetch_i_btb_i_clk_gate_btb_table_reg_2__TARGET_/latch/E (CLKGATETST_X1)
                                                        0.0091     2.1095 r
  data arrival time                                                2.1095

  clock CLK (rise edge)                                 2.2000     2.2000
  clock network delay (ideal)                           0.0500     2.2500
  clock uncertainty                                    -0.0500     2.2000
  DP_i/fetch_i_btb_i_clk_gate_btb_table_reg_2__TARGET_/latch/CK (CLKGATETST_X1)
                                                        0.0000     2.2000 r
  clock gating setup time                              -0.0740     2.1260
  data required time                                               2.1260
  --------------------------------------------------------------------------
  data required time                                               2.1260
  data arrival time                                               -2.1095
  --------------------------------------------------------------------------
  slack (MET)                                                      0.0165


  Startpoint: DP_i/fetch_i_IR_out_reg_22_
              (rising edge-triggered flip-flop clocked by CLK)
  Endpoint: DP_i/fetch_i_btb_i_clk_gate_btb_table_reg_0__TARGET_/latch
            (gating element for clock CLK)
  Path Group: CLK
  Path Type: max

  Des/Clust/Port     Wire Load Model       Library
  ------------------------------------------------
  DLX                5K_hvratio_1_4        NangateOpenCellLibrary

  Point                                                   Incr       Path
  --------------------------------------------------------------------------
  clock CLK (rise edge)                                 0.0000     0.0000
  clock network delay (ideal)                           0.0500     0.0500
  DP_i/fetch_i_IR_out_reg_22_/CK (DFF_X1)               0.0000     0.0500 r
  DP_i/fetch_i_IR_out_reg_22_/Q (DFF_X1)                0.1444     0.1944 r
  DP_i/U1465/ZN (XNOR2_X1)                              0.0643     0.2587 f
  DP_i/U1121/ZN (NOR2_X1)                               0.0379     0.2966 r
  DP_i/U361/ZN (AND2_X1)                                0.0426     0.3392 r
  DP_i/U177/ZN (NAND4_X1)                               0.0632     0.4023 f
  DP_i/U1015/ZN (INV_X1)                                0.0464     0.4488 r
  DP_i/U1473/ZN (INV_X1)                                0.0317     0.4805 f
  DP_i/U1474/ZN (NAND3_X1)                              0.0770     0.5575 r
  DP_i/U1494/ZN (NOR2_X1)                               0.0466     0.6041 f
  DP_i/U16/Z (BUF_X1)                                   0.0775     0.6816 f
  DP_i/U1528/ZN (AOI22_X1)                              0.0777     0.7592 r
  DP_i/U1530/ZN (AND2_X1)                               0.0437     0.8029 r
  DP_i/U1105/ZN (AND3_X1)                               0.0532     0.8561 r
  DP_i/U1545/ZN (NAND4_X1)                              0.0456     0.9017 f
  DP_i/U1546/ZN (AOI22_X1)                              0.0684     0.9701 r
  DP_i/U1553/ZN (AOI21_X1)                              0.0552     1.0253 f
  DP_i/U1561/ZN (NOR2_X1)                               0.0558     1.0811 r
  DP_i/U1562/ZN (AND2_X2)                               0.0547     1.1358 r
  DP_i/rs2_live_3_ (DataPath)                           0.0000     1.1358 r
  U929/ZN (INV_X1)                                      0.0294     1.1652 f
  U930/ZN (AND2_X2)                                     0.0507     1.2159 f
  U950/ZN (AOI22_X1)                                    0.0791     1.2950 r
  U951/ZN (NAND3_X1)                                    0.0394     1.3345 f
  U952/ZN (OAI21_X1)                                    0.0367     1.3712 r
  U961/ZN (AOI221_X1)                                   0.0398     1.4109 f
  U962/ZN (AOI21_X1)                                    0.0696     1.4805 r
  U971/ZN (AOI221_X1)                                   0.0454     1.5260 f
  U972/ZN (INV_X1)                                      0.0293     1.5553 r
  U1036/ZN (AND3_X1)                                    0.0638     1.6191 r
  U1037/ZN (NOR2_X1)                                    0.0373     1.6565 f
  U1150/ZN (AOI21_X1)                                   0.0561     1.7125 r
  DP_i/F_ID_enable (DataPath)                           0.0000     1.7125 r
  DP_i/U1068/ZN (NAND2_X1)                              0.0391     1.7517 f
  DP_i/U189/ZN (OR2_X1)                                 0.0668     1.8184 f
  DP_i/U8186/ZN (INV_X1)                                0.0277     1.8461 r
  DP_i/U19/ZN (AND3_X1)                                 0.0859     1.9320 r
  DP_i/U571/ZN (NAND2_X1)                               0.0678     1.9998 f
  DP_i/U23/ZN (AND2_X1)                                 0.0609     2.0607 f
  DP_i/fetch_i_btb_i_U1206/ZN (NOR2_X1)                 0.0398     2.1004 r
  DP_i/fetch_i_btb_i_clk_gate_btb_table_reg_0__TARGET_/EN (SNPS_CLOCK_GATE_HIGH_BTB_NBIT32_BTB_DEPTH16_BTB_INDEX_MSB5_32)
                                                        0.0000     2.1004 r
  DP_i/fetch_i_btb_i_clk_gate_btb_table_reg_0__TARGET_/latch/E (CLKGATETST_X1)
                                                        0.0091     2.1095 r
  data arrival time                                                2.1095

  clock CLK (rise edge)                                 2.2000     2.2000
  clock network delay (ideal)                           0.0500     2.2500
  clock uncertainty                                    -0.0500     2.2000
  DP_i/fetch_i_btb_i_clk_gate_btb_table_reg_0__TARGET_/latch/CK (CLKGATETST_X1)
                                                        0.0000     2.2000 r
  clock gating setup time                              -0.0739     2.1261
  data required time                                               2.1261
  --------------------------------------------------------------------------
  data required time                                               2.1261
  data arrival time                                               -2.1095
  --------------------------------------------------------------------------
  slack (MET)                                                      0.0166


  Startpoint: DP_i/fetch_i_IR_out_reg_22_
              (rising edge-triggered flip-flop clocked by CLK)
  Endpoint: DP_i/fetch_i_btb_i_clk_gate_btb_table_reg_2__TARGET_/latch
            (gating element for clock CLK)
  Path Group: CLK
  Path Type: max

  Des/Clust/Port     Wire Load Model       Library
  ------------------------------------------------
  DLX                5K_hvratio_1_4        NangateOpenCellLibrary

  Point                                                   Incr       Path
  --------------------------------------------------------------------------
  clock CLK (rise edge)                                 0.0000     0.0000
  clock network delay (ideal)                           0.0500     0.0500
  DP_i/fetch_i_IR_out_reg_22_/CK (DFF_X1)               0.0000     0.0500 r
  DP_i/fetch_i_IR_out_reg_22_/Q (DFF_X1)                0.1444     0.1944 r
  DP_i/U1465/ZN (XNOR2_X1)                              0.0643     0.2587 f
  DP_i/U1121/ZN (NOR2_X1)                               0.0379     0.2966 r
  DP_i/U361/ZN (AND2_X1)                                0.0426     0.3392 r
  DP_i/U177/ZN (NAND4_X1)                               0.0632     0.4023 f
  DP_i/U216/ZN (AND2_X1)                                0.0582     0.4605 f
  DP_i/U1466/ZN (NAND2_X1)                              0.0703     0.5308 r
  DP_i/U910/ZN (NOR2_X2)                                0.0742     0.6049 f
  DP_i/U1518/Z (BUF_X2)                                 0.0946     0.6995 f
  DP_i/U1543/ZN (AOI22_X1)                              0.0780     0.7775 r
  DP_i/U1112/ZN (AND4_X1)                               0.0702     0.8477 r
  DP_i/U1545/ZN (NAND4_X1)                              0.0538     0.9014 f
  DP_i/U1546/ZN (AOI22_X1)                              0.0684     0.9699 r
  DP_i/U1553/ZN (AOI21_X1)                              0.0552     1.0251 f
  DP_i/U1561/ZN (NOR2_X1)                               0.0558     1.0809 r
  DP_i/U1562/ZN (AND2_X2)                               0.0547     1.1356 r
  DP_i/rs2_live_3_ (DataPath)                           0.0000     1.1356 r
  U929/ZN (INV_X1)                                      0.0294     1.1650 f
  U930/ZN (AND2_X2)                                     0.0507     1.2157 f
  U950/ZN (AOI22_X1)                                    0.0791     1.2948 r
  U951/ZN (NAND3_X1)                                    0.0394     1.3342 f
  U952/ZN (OAI21_X1)                                    0.0367     1.3709 r
  U961/ZN (AOI221_X1)                                   0.0398     1.4107 f
  U962/ZN (AOI21_X1)                                    0.0696     1.4803 r
  U971/ZN (AOI221_X1)                                   0.0454     1.5257 f
  U972/ZN (INV_X1)                                      0.0293     1.5551 r
  U1036/ZN (AND3_X1)                                    0.0638     1.6189 r
  U1037/ZN (NOR2_X1)                                    0.0373     1.6562 f
  U1150/ZN (AOI21_X1)                                   0.0561     1.7123 r
  DP_i/F_ID_enable (DataPath)                           0.0000     1.7123 r
  DP_i/U1068/ZN (NAND2_X1)                              0.0391     1.7514 f
  DP_i/U189/ZN (OR2_X1)                                 0.0668     1.8182 f
  DP_i/U8186/ZN (INV_X1)                                0.0277     1.8459 r
  DP_i/U19/ZN (AND3_X1)                                 0.0859     1.9318 r
  DP_i/U571/ZN (NAND2_X1)                               0.0678     1.9996 f
  DP_i/U23/ZN (AND2_X1)                                 0.0609     2.0604 f
  DP_i/fetch_i_btb_i_U1211/ZN (NOR2_X1)                 0.0398     2.1002 r
  DP_i/fetch_i_btb_i_clk_gate_btb_table_reg_2__TARGET_/EN (SNPS_CLOCK_GATE_HIGH_BTB_NBIT32_BTB_DEPTH16_BTB_INDEX_MSB5_28)
                                                        0.0000     2.1002 r
  DP_i/fetch_i_btb_i_clk_gate_btb_table_reg_2__TARGET_/latch/E (CLKGATETST_X1)
                                                        0.0091     2.1093 r
  data arrival time                                                2.1093

  clock CLK (rise edge)                                 2.2000     2.2000
  clock network delay (ideal)                           0.0500     2.2500
  clock uncertainty                                    -0.0500     2.2000
  DP_i/fetch_i_btb_i_clk_gate_btb_table_reg_2__TARGET_/latch/CK (CLKGATETST_X1)
                                                        0.0000     2.2000 r
  clock gating setup time                              -0.0740     2.1260
  data required time                                               2.1260
  --------------------------------------------------------------------------
  data required time                                               2.1260
  data arrival time                                               -2.1093
  --------------------------------------------------------------------------
  slack (MET)                                                      0.0168


  Startpoint: DP_i/fetch_i_IR_out_reg_22_
              (rising edge-triggered flip-flop clocked by CLK)
  Endpoint: DP_i/fetch_i_btb_i_clk_gate_btb_table_reg_0__TARGET_/latch
            (gating element for clock CLK)
  Path Group: CLK
  Path Type: max

  Des/Clust/Port     Wire Load Model       Library
  ------------------------------------------------
  DLX                5K_hvratio_1_4        NangateOpenCellLibrary

  Point                                                   Incr       Path
  --------------------------------------------------------------------------
  clock CLK (rise edge)                                 0.0000     0.0000
  clock network delay (ideal)                           0.0500     0.0500
  DP_i/fetch_i_IR_out_reg_22_/CK (DFF_X1)               0.0000     0.0500 r
  DP_i/fetch_i_IR_out_reg_22_/Q (DFF_X1)                0.1444     0.1944 r
  DP_i/U1465/ZN (XNOR2_X1)                              0.0643     0.2587 f
  DP_i/U1121/ZN (NOR2_X1)                               0.0379     0.2966 r
  DP_i/U361/ZN (AND2_X1)                                0.0426     0.3392 r
  DP_i/U177/ZN (NAND4_X1)                               0.0632     0.4023 f
  DP_i/U216/ZN (AND2_X1)                                0.0582     0.4605 f
  DP_i/U1466/ZN (NAND2_X1)                              0.0703     0.5308 r
  DP_i/U910/ZN (NOR2_X2)                                0.0742     0.6049 f
  DP_i/U1518/Z (BUF_X2)                                 0.0946     0.6995 f
  DP_i/U1543/ZN (AOI22_X1)                              0.0780     0.7775 r
  DP_i/U1112/ZN (AND4_X1)                               0.0702     0.8477 r
  DP_i/U1545/ZN (NAND4_X1)                              0.0538     0.9014 f
  DP_i/U1546/ZN (AOI22_X1)                              0.0684     0.9699 r
  DP_i/U1553/ZN (AOI21_X1)                              0.0552     1.0251 f
  DP_i/U1561/ZN (NOR2_X1)                               0.0558     1.0809 r
  DP_i/U1562/ZN (AND2_X2)                               0.0547     1.1356 r
  DP_i/rs2_live_3_ (DataPath)                           0.0000     1.1356 r
  U929/ZN (INV_X1)                                      0.0294     1.1650 f
  U930/ZN (AND2_X2)                                     0.0507     1.2157 f
  U950/ZN (AOI22_X1)                                    0.0791     1.2948 r
  U951/ZN (NAND3_X1)                                    0.0394     1.3342 f
  U952/ZN (OAI21_X1)                                    0.0367     1.3709 r
  U961/ZN (AOI221_X1)                                   0.0398     1.4107 f
  U962/ZN (AOI21_X1)                                    0.0696     1.4803 r
  U971/ZN (AOI221_X1)                                   0.0454     1.5257 f
  U972/ZN (INV_X1)                                      0.0293     1.5551 r
  U1036/ZN (AND3_X1)                                    0.0638     1.6189 r
  U1037/ZN (NOR2_X1)                                    0.0373     1.6562 f
  U1150/ZN (AOI21_X1)                                   0.0561     1.7123 r
  DP_i/F_ID_enable (DataPath)                           0.0000     1.7123 r
  DP_i/U1068/ZN (NAND2_X1)                              0.0391     1.7514 f
  DP_i/U189/ZN (OR2_X1)                                 0.0668     1.8182 f
  DP_i/U8186/ZN (INV_X1)                                0.0277     1.8459 r
  DP_i/U19/ZN (AND3_X1)                                 0.0859     1.9318 r
  DP_i/U571/ZN (NAND2_X1)                               0.0678     1.9996 f
  DP_i/U23/ZN (AND2_X1)                                 0.0609     2.0604 f
  DP_i/fetch_i_btb_i_U1206/ZN (NOR2_X1)                 0.0398     2.1002 r
  DP_i/fetch_i_btb_i_clk_gate_btb_table_reg_0__TARGET_/EN (SNPS_CLOCK_GATE_HIGH_BTB_NBIT32_BTB_DEPTH16_BTB_INDEX_MSB5_32)
                                                        0.0000     2.1002 r
  DP_i/fetch_i_btb_i_clk_gate_btb_table_reg_0__TARGET_/latch/E (CLKGATETST_X1)
                                                        0.0091     2.1093 r
  data arrival time                                                2.1093

  clock CLK (rise edge)                                 2.2000     2.2000
  clock network delay (ideal)                           0.0500     2.2500
  clock uncertainty                                    -0.0500     2.2000
  DP_i/fetch_i_btb_i_clk_gate_btb_table_reg_0__TARGET_/latch/CK (CLKGATETST_X1)
                                                        0.0000     2.2000 r
  clock gating setup time                              -0.0739     2.1261
  data required time                                               2.1261
  --------------------------------------------------------------------------
  data required time                                               2.1261
  data arrival time                                               -2.1093
  --------------------------------------------------------------------------
  slack (MET)                                                      0.0168


  Startpoint: DP_i/fetch_i_IR_out_reg_22_
              (rising edge-triggered flip-flop clocked by CLK)
  Endpoint: DP_i/fetch_i_btb_i_clk_gate_btb_table_reg_1__PC_/latch
            (gating element for clock CLK)
  Path Group: CLK
  Path Type: max

  Des/Clust/Port     Wire Load Model       Library
  ------------------------------------------------
  DLX                5K_hvratio_1_4        NangateOpenCellLibrary

  Point                                                   Incr       Path
  --------------------------------------------------------------------------
  clock CLK (rise edge)                                 0.0000     0.0000
  clock network delay (ideal)                           0.0500     0.0500
  DP_i/fetch_i_IR_out_reg_22_/CK (DFF_X1)               0.0000     0.0500 r
  DP_i/fetch_i_IR_out_reg_22_/Q (DFF_X1)                0.1444     0.1944 r
  DP_i/U1465/ZN (XNOR2_X1)                              0.0643     0.2587 f
  DP_i/U1121/ZN (NOR2_X1)                               0.0379     0.2966 r
  DP_i/U361/ZN (AND2_X1)                                0.0426     0.3392 r
  DP_i/U177/ZN (NAND4_X1)                               0.0632     0.4023 f
  DP_i/U1015/ZN (INV_X1)                                0.0464     0.4488 r
  DP_i/U1473/ZN (INV_X1)                                0.0317     0.4805 f
  DP_i/U1474/ZN (NAND3_X1)                              0.0770     0.5575 r
  DP_i/U1494/ZN (NOR2_X1)                               0.0466     0.6041 f
  DP_i/U16/Z (BUF_X1)                                   0.0775     0.6816 f
  DP_i/U1528/ZN (AOI22_X1)                              0.0777     0.7592 r
  DP_i/U1530/ZN (AND2_X1)                               0.0437     0.8029 r
  DP_i/U1105/ZN (AND3_X1)                               0.0532     0.8561 r
  DP_i/U1545/ZN (NAND4_X1)                              0.0456     0.9017 f
  DP_i/U1546/ZN (AOI22_X1)                              0.0684     0.9701 r
  DP_i/U1553/ZN (AOI21_X1)                              0.0552     1.0253 f
  DP_i/U1561/ZN (NOR2_X1)                               0.0558     1.0811 r
  DP_i/U1562/ZN (AND2_X2)                               0.0547     1.1358 r
  DP_i/rs2_live_3_ (DataPath)                           0.0000     1.1358 r
  U929/ZN (INV_X1)                                      0.0294     1.1652 f
  U930/ZN (AND2_X2)                                     0.0507     1.2159 f
  U950/ZN (AOI22_X1)                                    0.0791     1.2950 r
  U951/ZN (NAND3_X1)                                    0.0394     1.3345 f
  U952/ZN (OAI21_X1)                                    0.0367     1.3712 r
  U961/ZN (AOI221_X1)                                   0.0398     1.4109 f
  U962/ZN (AOI21_X1)                                    0.0696     1.4805 r
  U971/ZN (AOI221_X1)                                   0.0454     1.5260 f
  U972/ZN (INV_X1)                                      0.0293     1.5553 r
  U1036/ZN (AND3_X1)                                    0.0638     1.6191 r
  U1037/ZN (NOR2_X1)                                    0.0373     1.6565 f
  U1150/ZN (AOI21_X1)                                   0.0561     1.7125 r
  DP_i/F_ID_enable (DataPath)                           0.0000     1.7125 r
  DP_i/U1068/ZN (NAND2_X1)                              0.0391     1.7517 f
  DP_i/U189/ZN (OR2_X1)                                 0.0668     1.8184 f
  DP_i/U8186/ZN (INV_X1)                                0.0277     1.8461 r
  DP_i/U19/ZN (AND3_X1)                                 0.0859     1.9320 r
  DP_i/U571/ZN (NAND2_X1)                               0.0678     1.9998 f
  DP_i/fetch_i_btb_i_U1207/ZN (NOR2_X1)                 0.0530     2.0528 r
  DP_i/fetch_i_btb_i_clk_gate_btb_table_reg_1__PC_/EN (SNPS_CLOCK_GATE_HIGH_BTB_NBIT32_BTB_DEPTH16_BTB_INDEX_MSB5_31)
                                                        0.0000     2.0528 r
  DP_i/fetch_i_btb_i_clk_gate_btb_table_reg_1__PC_/latch/E (CLKGATETST_X1)
                                                        0.0091     2.0618 r
  data arrival time                                                2.0618

  clock CLK (rise edge)                                 2.2000     2.2000
  clock network delay (ideal)                           0.0500     2.2500
  clock uncertainty                                    -0.0500     2.2000
  DP_i/fetch_i_btb_i_clk_gate_btb_table_reg_1__PC_/latch/CK (CLKGATETST_X1)
                                                        0.0000     2.2000 r
  clock gating setup time                              -0.0753     2.1247
  data required time                                               2.1247
  --------------------------------------------------------------------------
  data required time                                               2.1247
  data arrival time                                               -2.0618
  --------------------------------------------------------------------------
  slack (MET)                                                      0.0629


  Startpoint: DP_i/fetch_i_IR_out_reg_22_
              (rising edge-triggered flip-flop clocked by CLK)
  Endpoint: DP_i/fetch_i_btb_i_clk_gate_btb_table_reg_3__PC_/latch
            (gating element for clock CLK)
  Path Group: CLK
  Path Type: max

  Des/Clust/Port     Wire Load Model       Library
  ------------------------------------------------
  DLX                5K_hvratio_1_4        NangateOpenCellLibrary

  Point                                                   Incr       Path
  --------------------------------------------------------------------------
  clock CLK (rise edge)                                 0.0000     0.0000
  clock network delay (ideal)                           0.0500     0.0500
  DP_i/fetch_i_IR_out_reg_22_/CK (DFF_X1)               0.0000     0.0500 r
  DP_i/fetch_i_IR_out_reg_22_/Q (DFF_X1)                0.1444     0.1944 r
  DP_i/U1465/ZN (XNOR2_X1)                              0.0643     0.2587 f
  DP_i/U1121/ZN (NOR2_X1)                               0.0379     0.2966 r
  DP_i/U361/ZN (AND2_X1)                                0.0426     0.3392 r
  DP_i/U177/ZN (NAND4_X1)                               0.0632     0.4023 f
  DP_i/U1015/ZN (INV_X1)                                0.0464     0.4488 r
  DP_i/U1473/ZN (INV_X1)                                0.0317     0.4805 f
  DP_i/U1474/ZN (NAND3_X1)                              0.0770     0.5575 r
  DP_i/U1494/ZN (NOR2_X1)                               0.0466     0.6041 f
  DP_i/U16/Z (BUF_X1)                                   0.0775     0.6816 f
  DP_i/U1528/ZN (AOI22_X1)                              0.0777     0.7592 r
  DP_i/U1530/ZN (AND2_X1)                               0.0437     0.8029 r
  DP_i/U1105/ZN (AND3_X1)                               0.0532     0.8561 r
  DP_i/U1545/ZN (NAND4_X1)                              0.0456     0.9017 f
  DP_i/U1546/ZN (AOI22_X1)                              0.0684     0.9701 r
  DP_i/U1553/ZN (AOI21_X1)                              0.0552     1.0253 f
  DP_i/U1561/ZN (NOR2_X1)                               0.0558     1.0811 r
  DP_i/U1562/ZN (AND2_X2)                               0.0547     1.1358 r
  DP_i/rs2_live_3_ (DataPath)                           0.0000     1.1358 r
  U929/ZN (INV_X1)                                      0.0294     1.1652 f
  U930/ZN (AND2_X2)                                     0.0507     1.2159 f
  U950/ZN (AOI22_X1)                                    0.0791     1.2950 r
  U951/ZN (NAND3_X1)                                    0.0394     1.3345 f
  U952/ZN (OAI21_X1)                                    0.0367     1.3712 r
  U961/ZN (AOI221_X1)                                   0.0398     1.4109 f
  U962/ZN (AOI21_X1)                                    0.0696     1.4805 r
  U971/ZN (AOI221_X1)                                   0.0454     1.5260 f
  U972/ZN (INV_X1)                                      0.0293     1.5553 r
  U1036/ZN (AND3_X1)                                    0.0638     1.6191 r
  U1037/ZN (NOR2_X1)                                    0.0373     1.6565 f
  U1150/ZN (AOI21_X1)                                   0.0561     1.7125 r
  DP_i/F_ID_enable (DataPath)                           0.0000     1.7125 r
  DP_i/U1068/ZN (NAND2_X1)                              0.0391     1.7517 f
  DP_i/U189/ZN (OR2_X1)                                 0.0668     1.8184 f
  DP_i/U8186/ZN (INV_X1)                                0.0277     1.8461 r
  DP_i/U19/ZN (AND3_X1)                                 0.0859     1.9320 r
  DP_i/U571/ZN (NAND2_X1)                               0.0678     1.9998 f
  DP_i/fetch_i_btb_i_U1212/ZN (NOR2_X1)                 0.0530     2.0528 r
  DP_i/fetch_i_btb_i_clk_gate_btb_table_reg_3__PC_/EN (SNPS_CLOCK_GATE_HIGH_BTB_NBIT32_BTB_DEPTH16_BTB_INDEX_MSB5_27)
                                                        0.0000     2.0528 r
  DP_i/fetch_i_btb_i_clk_gate_btb_table_reg_3__PC_/latch/E (CLKGATETST_X1)
                                                        0.0091     2.0618 r
  data arrival time                                                2.0618

  clock CLK (rise edge)                                 2.2000     2.2000
  clock network delay (ideal)                           0.0500     2.2500
  clock uncertainty                                    -0.0500     2.2000
  DP_i/fetch_i_btb_i_clk_gate_btb_table_reg_3__PC_/latch/CK (CLKGATETST_X1)
                                                        0.0000     2.2000 r
  clock gating setup time                              -0.0753     2.1247
  data required time                                               2.1247
  --------------------------------------------------------------------------
  data required time                                               2.1247
  data arrival time                                               -2.0618
  --------------------------------------------------------------------------
  slack (MET)                                                      0.0629


  Startpoint: DRAM_READY (input port clocked by CLK)
  Endpoint: DP_i/decode_i_B_reg_i_Y_reg_3_
            (rising edge-triggered flip-flop clocked by CLK)
  Path Group: INPUTS
  Path Type: max

  Des/Clust/Port     Wire Load Model       Library
  ------------------------------------------------
  DLX                5K_hvratio_1_4        NangateOpenCellLibrary

  Point                                                   Incr       Path
  --------------------------------------------------------------------------
  clock CLK (rise edge)                                 0.0000     0.0000
  clock network delay (ideal)                           0.0500     0.0500
  input external delay                                  0.2200     0.2700 r
  DRAM_READY (in)                                       0.0014     0.2714 r
  U825/ZN (NOR2_X1)                                     0.0299     0.3014 f
  U835/ZN (INV_X1)                                      0.0719     0.3733 r
  DP_i/EX_MEM_enable (DataPath)                         0.0000     0.3733 r
  DP_i/U671/ZN (NAND2_X2)                               0.1592     0.5325 f
  DP_i/U562/ZN (NOR2_X1)                                0.1370     0.6695 r
  DP_i/U2567/ZN (INV_X1)                                0.0478     0.7173 f
  DP_i/U2568/ZN (NOR4_X4)                               0.3190     1.0363 r
  DP_i/U2744/ZN (AOI22_X1)                              0.0771     1.1134 f
  DP_i/U2745/ZN (OAI211_X1)                             0.0543     1.1676 r
  DP_i/decode_i_B_reg_i_Y_reg_3_/D (DFF_X1)             0.0110     1.1786 r
  data arrival time                                                1.1786

  clock CLK (rise edge)                                 2.2000     2.2000
  clock network delay (ideal)                           0.0500     2.2500
  clock uncertainty                                    -0.0500     2.2000
  DP_i/decode_i_B_reg_i_Y_reg_3_/CK (DFF_X1)            0.0000     2.2000 r
  library setup time                                   -0.0314     2.1686
  data required time                                               2.1686
  --------------------------------------------------------------------------
  data required time                                               2.1686
  data arrival time                                               -1.1786
  --------------------------------------------------------------------------
  slack (MET)                                                      0.9900


  Startpoint: DRAM_READY (input port clocked by CLK)
  Endpoint: DP_i/decode_i_B_reg_i_Y_reg_3_
            (rising edge-triggered flip-flop clocked by CLK)
  Path Group: INPUTS
  Path Type: max

  Des/Clust/Port     Wire Load Model       Library
  ------------------------------------------------
  DLX                5K_hvratio_1_4        NangateOpenCellLibrary

  Point                                                   Incr       Path
  --------------------------------------------------------------------------
  clock CLK (rise edge)                                 0.0000     0.0000
  clock network delay (ideal)                           0.0500     0.0500
  input external delay                                  0.2200     0.2700 r
  DRAM_READY (in)                                       0.0014     0.2714 r
  U825/ZN (NOR2_X1)                                     0.0299     0.3014 f
  U835/ZN (INV_X1)                                      0.0719     0.3733 r
  DP_i/EX_MEM_enable (DataPath)                         0.0000     0.3733 r
  DP_i/U671/ZN (NAND2_X2)                               0.1592     0.5325 f
  DP_i/U562/ZN (NOR2_X1)                                0.1370     0.6695 r
  DP_i/U2567/ZN (INV_X1)                                0.0478     0.7173 f
  DP_i/U2568/ZN (NOR4_X4)                               0.3190     1.0363 r
  DP_i/U2744/ZN (AOI22_X1)                              0.0771     1.1134 f
  DP_i/U2745/ZN (OAI211_X1)                             0.0531     1.1664 r
  DP_i/decode_i_B_reg_i_Y_reg_3_/D (DFF_X1)             0.0110     1.1774 r
  data arrival time                                                1.1774

  clock CLK (rise edge)                                 2.2000     2.2000
  clock network delay (ideal)                           0.0500     2.2500
  clock uncertainty                                    -0.0500     2.2000
  DP_i/decode_i_B_reg_i_Y_reg_3_/CK (DFF_X1)            0.0000     2.2000 r
  library setup time                                   -0.0314     2.1686
  data required time                                               2.1686
  --------------------------------------------------------------------------
  data required time                                               2.1686
  data arrival time                                               -1.1774
  --------------------------------------------------------------------------
  slack (MET)                                                      0.9912


  Startpoint: DRAM_READY (input port clocked by CLK)
  Endpoint: DP_i/decode_i_B_reg_i_Y_reg_2_
            (rising edge-triggered flip-flop clocked by CLK)
  Path Group: INPUTS
  Path Type: max

  Des/Clust/Port     Wire Load Model       Library
  ------------------------------------------------
  DLX                5K_hvratio_1_4        NangateOpenCellLibrary

  Point                                                   Incr       Path
  --------------------------------------------------------------------------
  clock CLK (rise edge)                                 0.0000     0.0000
  clock network delay (ideal)                           0.0500     0.0500
  input external delay                                  0.2200     0.2700 r
  DRAM_READY (in)                                       0.0014     0.2714 r
  U825/ZN (NOR2_X1)                                     0.0299     0.3014 f
  U835/ZN (INV_X1)                                      0.0719     0.3733 r
  DP_i/EX_MEM_enable (DataPath)                         0.0000     0.3733 r
  DP_i/U671/ZN (NAND2_X2)                               0.1592     0.5325 f
  DP_i/U562/ZN (NOR2_X1)                                0.1370     0.6695 r
  DP_i/U2567/ZN (INV_X1)                                0.0478     0.7173 f
  DP_i/U2568/ZN (NOR4_X4)                               0.3190     1.0363 r
  DP_i/U2751/ZN (AOI22_X1)                              0.0773     1.1136 f
  DP_i/U2754/ZN (NAND4_X1)                              0.0519     1.1655 r
  DP_i/decode_i_B_reg_i_Y_reg_2_/D (DFF_X1)             0.0110     1.1764 r
  data arrival time                                                1.1764

  clock CLK (rise edge)                                 2.2000     2.2000
  clock network delay (ideal)                           0.0500     2.2500
  clock uncertainty                                    -0.0500     2.2000
  DP_i/decode_i_B_reg_i_Y_reg_2_/CK (DFF_X1)            0.0000     2.2000 r
  library setup time                                   -0.0292     2.1708
  data required time                                               2.1708
  --------------------------------------------------------------------------
  data required time                                               2.1708
  data arrival time                                               -1.1764
  --------------------------------------------------------------------------
  slack (MET)                                                      0.9944


  Startpoint: DRAM_READY (input port clocked by CLK)
  Endpoint: DP_i/decode_i_B_reg_i_Y_reg_2_
            (rising edge-triggered flip-flop clocked by CLK)
  Path Group: INPUTS
  Path Type: max

  Des/Clust/Port     Wire Load Model       Library
  ------------------------------------------------
  DLX                5K_hvratio_1_4        NangateOpenCellLibrary

  Point                                                   Incr       Path
  --------------------------------------------------------------------------
  clock CLK (rise edge)                                 0.0000     0.0000
  clock network delay (ideal)                           0.0500     0.0500
  input external delay                                  0.2200     0.2700 r
  DRAM_READY (in)                                       0.0014     0.2714 r
  U825/ZN (NOR2_X1)                                     0.0299     0.3014 f
  U835/ZN (INV_X1)                                      0.0719     0.3733 r
  DP_i/EX_MEM_enable (DataPath)                         0.0000     0.3733 r
  DP_i/U671/ZN (NAND2_X2)                               0.1592     0.5325 f
  DP_i/U562/ZN (NOR2_X1)                                0.1370     0.6695 r
  DP_i/U2567/ZN (INV_X1)                                0.0478     0.7173 f
  DP_i/U2568/ZN (NOR4_X4)                               0.3190     1.0363 r
  DP_i/U2751/ZN (AOI22_X1)                              0.0726     1.1088 f
  DP_i/U2754/ZN (NAND4_X1)                              0.0519     1.1607 r
  DP_i/decode_i_B_reg_i_Y_reg_2_/D (DFF_X1)             0.0110     1.1717 r
  data arrival time                                                1.1717

  clock CLK (rise edge)                                 2.2000     2.2000
  clock network delay (ideal)                           0.0500     2.2500
  clock uncertainty                                    -0.0500     2.2000
  DP_i/decode_i_B_reg_i_Y_reg_2_/CK (DFF_X1)            0.0000     2.2000 r
  library setup time                                   -0.0292     2.1708
  data required time                                               2.1708
  --------------------------------------------------------------------------
  data required time                                               2.1708
  data arrival time                                               -1.1717
  --------------------------------------------------------------------------
  slack (MET)                                                      0.9991


  Startpoint: DRAM_READY (input port clocked by CLK)
  Endpoint: DP_i/decode_i_B_reg_i_Y_reg_4_
            (rising edge-triggered flip-flop clocked by CLK)
  Path Group: INPUTS
  Path Type: max

  Des/Clust/Port     Wire Load Model       Library
  ------------------------------------------------
  DLX                5K_hvratio_1_4        NangateOpenCellLibrary

  Point                                                   Incr       Path
  --------------------------------------------------------------------------
  clock CLK (rise edge)                                 0.0000     0.0000
  clock network delay (ideal)                           0.0500     0.0500
  input external delay                                  0.2200     0.2700 r
  DRAM_READY (in)                                       0.0014     0.2714 r
  U825/ZN (NOR2_X1)                                     0.0299     0.3014 f
  U835/ZN (INV_X1)                                      0.0719     0.3733 r
  DP_i/EX_MEM_enable (DataPath)                         0.0000     0.3733 r
  DP_i/U671/ZN (NAND2_X2)                               0.1592     0.5325 f
  DP_i/U562/ZN (NOR2_X1)                                0.1370     0.6695 r
  DP_i/U2567/ZN (INV_X1)                                0.0478     0.7173 f
  DP_i/U2568/ZN (NOR4_X4)                               0.3190     1.0363 r
  DP_i/U2738/ZN (AOI22_X1)                              0.0613     1.0976 f
  DP_i/U2739/ZN (OAI211_X1)                             0.0496     1.1472 r
  DP_i/decode_i_B_reg_i_Y_reg_4_/D (DFF_X1)             0.0110     1.1582 r
  data arrival time                                                1.1582

  clock CLK (rise edge)                                 2.2000     2.2000
  clock network delay (ideal)                           0.0500     2.2500
  clock uncertainty                                    -0.0500     2.2000
  DP_i/decode_i_B_reg_i_Y_reg_4_/CK (DFF_X1)            0.0000     2.2000 r
  library setup time                                   -0.0314     2.1686
  data required time                                               2.1686
  --------------------------------------------------------------------------
  data required time                                               2.1686
  data arrival time                                               -1.1582
  --------------------------------------------------------------------------
  slack (MET)                                                      1.0104


  Startpoint: DRAM_READY (input port clocked by CLK)
  Endpoint: DP_i/decode_i_B_reg_i_Y_reg_5_
            (rising edge-triggered flip-flop clocked by CLK)
  Path Group: INPUTS
  Path Type: max

  Des/Clust/Port     Wire Load Model       Library
  ------------------------------------------------
  DLX                5K_hvratio_1_4        NangateOpenCellLibrary

  Point                                                   Incr       Path
  --------------------------------------------------------------------------
  clock CLK (rise edge)                                 0.0000     0.0000
  clock network delay (ideal)                           0.0500     0.0500
  input external delay                                  0.2200     0.2700 r
  DRAM_READY (in)                                       0.0014     0.2714 r
  U825/ZN (NOR2_X1)                                     0.0299     0.3014 f
  U835/ZN (INV_X1)                                      0.0719     0.3733 r
  DP_i/EX_MEM_enable (DataPath)                         0.0000     0.3733 r
  DP_i/U671/ZN (NAND2_X2)                               0.1592     0.5325 f
  DP_i/U562/ZN (NOR2_X1)                                0.1370     0.6695 r
  DP_i/U2567/ZN (INV_X1)                                0.0478     0.7173 f
  DP_i/U2568/ZN (NOR4_X4)                               0.3190     1.0363 r
  DP_i/U2732/ZN (AOI22_X1)                              0.0613     1.0976 f
  DP_i/U2733/ZN (OAI211_X1)                             0.0496     1.1472 r
  DP_i/decode_i_B_reg_i_Y_reg_5_/D (DFF_X1)             0.0110     1.1582 r
  data arrival time                                                1.1582

  clock CLK (rise edge)                                 2.2000     2.2000
  clock network delay (ideal)                           0.0500     2.2500
  clock uncertainty                                    -0.0500     2.2000
  DP_i/decode_i_B_reg_i_Y_reg_5_/CK (DFF_X1)            0.0000     2.2000 r
  library setup time                                   -0.0314     2.1686
  data required time                                               2.1686
  --------------------------------------------------------------------------
  data required time                                               2.1686
  data arrival time                                               -1.1582
  --------------------------------------------------------------------------
  slack (MET)                                                      1.0104


  Startpoint: DRAM_READY (input port clocked by CLK)
  Endpoint: DP_i/decode_i_B_reg_i_Y_reg_6_
            (rising edge-triggered flip-flop clocked by CLK)
  Path Group: INPUTS
  Path Type: max

  Des/Clust/Port     Wire Load Model       Library
  ------------------------------------------------
  DLX                5K_hvratio_1_4        NangateOpenCellLibrary

  Point                                                   Incr       Path
  --------------------------------------------------------------------------
  clock CLK (rise edge)                                 0.0000     0.0000
  clock network delay (ideal)                           0.0500     0.0500
  input external delay                                  0.2200     0.2700 r
  DRAM_READY (in)                                       0.0014     0.2714 r
  U825/ZN (NOR2_X1)                                     0.0299     0.3014 f
  U835/ZN (INV_X1)                                      0.0719     0.3733 r
  DP_i/EX_MEM_enable (DataPath)                         0.0000     0.3733 r
  DP_i/U671/ZN (NAND2_X2)                               0.1592     0.5325 f
  DP_i/U562/ZN (NOR2_X1)                                0.1370     0.6695 r
  DP_i/U2567/ZN (INV_X1)                                0.0478     0.7173 f
  DP_i/U2568/ZN (NOR4_X4)                               0.3190     1.0363 r
  DP_i/U2725/ZN (AOI22_X1)                              0.0613     1.0976 f
  DP_i/U2726/ZN (OAI211_X1)                             0.0496     1.1472 r
  DP_i/decode_i_B_reg_i_Y_reg_6_/D (DFF_X1)             0.0110     1.1582 r
  data arrival time                                                1.1582

  clock CLK (rise edge)                                 2.2000     2.2000
  clock network delay (ideal)                           0.0500     2.2500
  clock uncertainty                                    -0.0500     2.2000
  DP_i/decode_i_B_reg_i_Y_reg_6_/CK (DFF_X1)            0.0000     2.2000 r
  library setup time                                   -0.0314     2.1686
  data required time                                               2.1686
  --------------------------------------------------------------------------
  data required time                                               2.1686
  data arrival time                                               -1.1582
  --------------------------------------------------------------------------
  slack (MET)                                                      1.0104


  Startpoint: DRAM_READY (input port clocked by CLK)
  Endpoint: DP_i/decode_i_B_reg_i_Y_reg_11_
            (rising edge-triggered flip-flop clocked by CLK)
  Path Group: INPUTS
  Path Type: max

  Des/Clust/Port     Wire Load Model       Library
  ------------------------------------------------
  DLX                5K_hvratio_1_4        NangateOpenCellLibrary

  Point                                                   Incr       Path
  --------------------------------------------------------------------------
  clock CLK (rise edge)                                 0.0000     0.0000
  clock network delay (ideal)                           0.0500     0.0500
  input external delay                                  0.2200     0.2700 r
  DRAM_READY (in)                                       0.0014     0.2714 r
  U825/ZN (NOR2_X1)                                     0.0299     0.3014 f
  U835/ZN (INV_X1)                                      0.0719     0.3733 r
  DP_i/EX_MEM_enable (DataPath)                         0.0000     0.3733 r
  DP_i/U671/ZN (NAND2_X2)                               0.1592     0.5325 f
  DP_i/U562/ZN (NOR2_X1)                                0.1370     0.6695 r
  DP_i/U2567/ZN (INV_X1)                                0.0478     0.7173 f
  DP_i/U2568/ZN (NOR4_X4)                               0.3190     1.0363 r
  DP_i/U2693/ZN (AOI22_X1)                              0.0613     1.0976 f
  DP_i/U2694/ZN (OAI211_X1)                             0.0496     1.1472 r
  DP_i/decode_i_B_reg_i_Y_reg_11_/D (DFF_X1)            0.0110     1.1582 r
  data arrival time                                                1.1582

  clock CLK (rise edge)                                 2.2000     2.2000
  clock network delay (ideal)                           0.0500     2.2500
  clock uncertainty                                    -0.0500     2.2000
  DP_i/decode_i_B_reg_i_Y_reg_11_/CK (DFF_X1)           0.0000     2.2000 r
  library setup time                                   -0.0314     2.1686
  data required time                                               2.1686
  --------------------------------------------------------------------------
  data required time                                               2.1686
  data arrival time                                               -1.1582
  --------------------------------------------------------------------------
  slack (MET)                                                      1.0104


  Startpoint: DRAM_READY (input port clocked by CLK)
  Endpoint: DP_i/decode_i_B_reg_i_Y_reg_7_
            (rising edge-triggered flip-flop clocked by CLK)
  Path Group: INPUTS
  Path Type: max

  Des/Clust/Port     Wire Load Model       Library
  ------------------------------------------------
  DLX                5K_hvratio_1_4        NangateOpenCellLibrary

  Point                                                   Incr       Path
  --------------------------------------------------------------------------
  clock CLK (rise edge)                                 0.0000     0.0000
  clock network delay (ideal)                           0.0500     0.0500
  input external delay                                  0.2200     0.2700 r
  DRAM_READY (in)                                       0.0014     0.2714 r
  U825/ZN (NOR2_X1)                                     0.0299     0.3014 f
  U835/ZN (INV_X1)                                      0.0719     0.3733 r
  DP_i/EX_MEM_enable (DataPath)                         0.0000     0.3733 r
  DP_i/U671/ZN (NAND2_X2)                               0.1592     0.5325 f
  DP_i/U562/ZN (NOR2_X1)                                0.1370     0.6695 r
  DP_i/U2567/ZN (INV_X1)                                0.0478     0.7173 f
  DP_i/U2568/ZN (NOR4_X4)                               0.3190     1.0363 r
  DP_i/U2719/ZN (AOI22_X1)                              0.0613     1.0976 f
  DP_i/U2720/ZN (OAI211_X1)                             0.0496     1.1472 r
  DP_i/decode_i_B_reg_i_Y_reg_7_/D (DFF_X1)             0.0110     1.1582 r
  data arrival time                                                1.1582

  clock CLK (rise edge)                                 2.2000     2.2000
  clock network delay (ideal)                           0.0500     2.2500
  clock uncertainty                                    -0.0500     2.2000
  DP_i/decode_i_B_reg_i_Y_reg_7_/CK (DFF_X1)            0.0000     2.2000 r
  library setup time                                   -0.0314     2.1686
  data required time                                               2.1686
  --------------------------------------------------------------------------
  data required time                                               2.1686
  data arrival time                                               -1.1582
  --------------------------------------------------------------------------
  slack (MET)                                                      1.0104


  Startpoint: DRAM_READY (input port clocked by CLK)
  Endpoint: DP_i/decode_i_B_reg_i_Y_reg_10_
            (rising edge-triggered flip-flop clocked by CLK)
  Path Group: INPUTS
  Path Type: max

  Des/Clust/Port     Wire Load Model       Library
  ------------------------------------------------
  DLX                5K_hvratio_1_4        NangateOpenCellLibrary

  Point                                                   Incr       Path
  --------------------------------------------------------------------------
  clock CLK (rise edge)                                 0.0000     0.0000
  clock network delay (ideal)                           0.0500     0.0500
  input external delay                                  0.2200     0.2700 r
  DRAM_READY (in)                                       0.0014     0.2714 r
  U825/ZN (NOR2_X1)                                     0.0299     0.3014 f
  U835/ZN (INV_X1)                                      0.0719     0.3733 r
  DP_i/EX_MEM_enable (DataPath)                         0.0000     0.3733 r
  DP_i/U671/ZN (NAND2_X2)                               0.1592     0.5325 f
  DP_i/U562/ZN (NOR2_X1)                                0.1370     0.6695 r
  DP_i/U2567/ZN (INV_X1)                                0.0478     0.7173 f
  DP_i/U2568/ZN (NOR4_X4)                               0.3190     1.0363 r
  DP_i/U2699/ZN (AOI22_X1)                              0.0613     1.0976 f
  DP_i/U2700/ZN (OAI211_X1)                             0.0496     1.1472 r
  DP_i/decode_i_B_reg_i_Y_reg_10_/D (DFF_X1)            0.0110     1.1582 r
  data arrival time                                                1.1582

  clock CLK (rise edge)                                 2.2000     2.2000
  clock network delay (ideal)                           0.0500     2.2500
  clock uncertainty                                    -0.0500     2.2000
  DP_i/decode_i_B_reg_i_Y_reg_10_/CK (DFF_X1)           0.0000     2.2000 r
  library setup time                                   -0.0314     2.1686
  data required time                                               2.1686
  --------------------------------------------------------------------------
  data required time                                               2.1686
  data arrival time                                               -1.1582
  --------------------------------------------------------------------------
  slack (MET)                                                      1.0104


  Startpoint: DP_i/fetch_i_IR_out_reg_22_
              (rising edge-triggered flip-flop clocked by CLK)
  Endpoint: IRAM_ISSUE (output port clocked by CLK)
  Path Group: OUTPUTS
  Path Type: max

  Des/Clust/Port     Wire Load Model       Library
  ------------------------------------------------
  DLX                5K_hvratio_1_4        NangateOpenCellLibrary

  Point                                                   Incr       Path
  --------------------------------------------------------------------------
  clock CLK (rise edge)                                 0.0000     0.0000
  clock network delay (ideal)                           0.0500     0.0500
  DP_i/fetch_i_IR_out_reg_22_/CK (DFF_X1)               0.0000     0.0500 r
  DP_i/fetch_i_IR_out_reg_22_/Q (DFF_X1)                0.1444     0.1944 r
  DP_i/U1465/ZN (XNOR2_X1)                              0.0873     0.2817 r
  DP_i/U1121/ZN (NOR2_X1)                               0.0245     0.3063 f
  DP_i/U361/ZN (AND2_X1)                                0.0373     0.3435 f
  DP_i/U177/ZN (NAND4_X1)                               0.0471     0.3907 r
  DP_i/U216/ZN (AND2_X1)                                0.0599     0.4505 r
  DP_i/U1466/ZN (NAND2_X1)                              0.0628     0.5133 f
  DP_i/U910/ZN (NOR2_X2)                                0.1319     0.6453 r
  DP_i/U1518/Z (BUF_X2)                                 0.1277     0.7729 r
  DP_i/U1520/ZN (AOI22_X1)                              0.0598     0.8327 f
  DP_i/U420/ZN (AND4_X1)                                0.0513     0.8839 f
  DP_i/U533/ZN (NAND4_X1)                               0.0421     0.9260 r
  DP_i/U1524/ZN (AOI22_X1)                              0.0384     0.9644 f
  DP_i/U1553/ZN (AOI21_X1)                              0.0912     1.0555 r
  DP_i/U1561/ZN (NOR2_X1)                               0.0366     1.0921 f
  DP_i/U1562/ZN (AND2_X2)                               0.0484     1.1405 f
  DP_i/rs2_live_3_ (DataPath)                           0.0000     1.1405 f
  U927/ZN (NOR2_X2)                                     0.0916     1.2321 r
  U949/ZN (AOI22_X1)                                    0.0618     1.2939 f
  U951/ZN (NAND3_X1)                                    0.0347     1.3286 r
  U952/ZN (OAI21_X1)                                    0.0348     1.3634 f
  U961/ZN (AOI221_X1)                                   0.0888     1.4522 r
  U962/ZN (AOI21_X1)                                    0.0391     1.4913 f
  U971/ZN (AOI221_X1)                                   0.0912     1.5824 r
  U972/ZN (INV_X1)                                      0.0232     1.6056 f
  U1036/ZN (AND3_X1)                                    0.0490     1.6546 f
  U1037/ZN (NOR2_X1)                                    0.0703     1.7248 r
  U1150/ZN (AOI21_X1)                                   0.0440     1.7688 f
  IRAM_ISSUE (out)                                      0.0041     1.7729 f
  data arrival time                                                1.7729

  clock CLK (rise edge)                                 2.2000     2.2000
  clock network delay (ideal)                           0.0500     2.2500
  clock uncertainty                                    -0.0500     2.2000
  output external delay                                -0.2200     1.9800
  data required time                                               1.9800
  --------------------------------------------------------------------------
  data required time                                               1.9800
  data arrival time                                               -1.7729
  --------------------------------------------------------------------------
  slack (MET)                                                      0.2071


  Startpoint: DP_i/fetch_i_IR_out_reg_22_
              (rising edge-triggered flip-flop clocked by CLK)
  Endpoint: IRAM_ISSUE (output port clocked by CLK)
  Path Group: OUTPUTS
  Path Type: max

  Des/Clust/Port     Wire Load Model       Library
  ------------------------------------------------
  DLX                5K_hvratio_1_4        NangateOpenCellLibrary

  Point                                                   Incr       Path
  --------------------------------------------------------------------------
  clock CLK (rise edge)                                 0.0000     0.0000
  clock network delay (ideal)                           0.0500     0.0500
  DP_i/fetch_i_IR_out_reg_22_/CK (DFF_X1)               0.0000     0.0500 r
  DP_i/fetch_i_IR_out_reg_22_/Q (DFF_X1)                0.1444     0.1944 r
  DP_i/U1465/ZN (XNOR2_X1)                              0.0873     0.2817 r
  DP_i/U1121/ZN (NOR2_X1)                               0.0245     0.3063 f
  DP_i/U361/ZN (AND2_X1)                                0.0373     0.3435 f
  DP_i/U177/ZN (NAND4_X1)                               0.0471     0.3907 r
  DP_i/U216/ZN (AND2_X1)                                0.0599     0.4505 r
  DP_i/U1466/ZN (NAND2_X1)                              0.0628     0.5133 f
  DP_i/U910/ZN (NOR2_X2)                                0.1319     0.6453 r
  DP_i/U1518/Z (BUF_X2)                                 0.1277     0.7729 r
  DP_i/U1520/ZN (AOI22_X1)                              0.0598     0.8327 f
  DP_i/U420/ZN (AND4_X1)                                0.0513     0.8839 f
  DP_i/U533/ZN (NAND4_X1)                               0.0421     0.9260 r
  DP_i/U1524/ZN (AOI22_X1)                              0.0381     0.9641 f
  DP_i/U1553/ZN (AOI21_X1)                              0.0912     1.0553 r
  DP_i/U1561/ZN (NOR2_X1)                               0.0366     1.0919 f
  DP_i/U1562/ZN (AND2_X2)                               0.0484     1.1402 f
  DP_i/rs2_live_3_ (DataPath)                           0.0000     1.1402 f
  U927/ZN (NOR2_X2)                                     0.0916     1.2319 r
  U949/ZN (AOI22_X1)                                    0.0618     1.2937 f
  U951/ZN (NAND3_X1)                                    0.0347     1.3283 r
  U952/ZN (OAI21_X1)                                    0.0348     1.3632 f
  U961/ZN (AOI221_X1)                                   0.0888     1.4520 r
  U962/ZN (AOI21_X1)                                    0.0391     1.4910 f
  U971/ZN (AOI221_X1)                                   0.0912     1.5822 r
  U972/ZN (INV_X1)                                      0.0232     1.6054 f
  U1036/ZN (AND3_X1)                                    0.0490     1.6543 f
  U1037/ZN (NOR2_X1)                                    0.0703     1.7246 r
  U1150/ZN (AOI21_X1)                                   0.0440     1.7686 f
  IRAM_ISSUE (out)                                      0.0041     1.7727 f
  data arrival time                                                1.7727

  clock CLK (rise edge)                                 2.2000     2.2000
  clock network delay (ideal)                           0.0500     2.2500
  clock uncertainty                                    -0.0500     2.2000
  output external delay                                -0.2200     1.9800
  data required time                                               1.9800
  --------------------------------------------------------------------------
  data required time                                               1.9800
  data arrival time                                               -1.7727
  --------------------------------------------------------------------------
  slack (MET)                                                      0.2073


  Startpoint: DP_i/execute_i_alu_out_reg_i_Y_reg_1_
              (rising edge-triggered flip-flop clocked by CLK)
  Endpoint: DRAM_DATA[29]
            (output port clocked by CLK)
  Path Group: OUTPUTS
  Path Type: max

  Des/Clust/Port     Wire Load Model       Library
  ------------------------------------------------
  DLX                5K_hvratio_1_4        NangateOpenCellLibrary

  Point                                                   Incr       Path
  --------------------------------------------------------------------------
  clock CLK (rise edge)                                 0.0000     0.0000
  clock network delay (ideal)                           0.0500     0.0500
  DP_i/execute_i_alu_out_reg_i_Y_reg_1_/CK (DFF_X1)     0.0000     0.0500 r
  DP_i/execute_i_alu_out_reg_i_Y_reg_1_/Q (DFF_X1)      0.1610     0.2110 r
  DP_i/U1264/ZN (OAI21_X1)                              0.0627     0.2737 f
  DP_i/U664/ZN (AOI21_X1)                               0.0481     0.3217 r
  DP_i/U663/ZN (NOR2_X1)                                0.0472     0.3689 f
  DP_i/U345/ZN (INV_X1)                                 0.0534     0.4223 r
  DP_i/U1456/ZN (NOR2_X1)                               0.0337     0.4560 f
  DP_i/D_RAM_EN (DataPath)                              0.0000     0.4560 f
  U826/ZN (INV_X1)                                      0.0321     0.4880 r
  U775/ZN (OR2_X1)                                      0.1590     0.6470 r
  U841/ZN (INV_X1)                                      0.1633     0.8103 f
  U848/ZN (INV_X1)                                      0.1525     0.9628 r
  DRAM_DATA_tri_29_/Z (TBUF_X1)                         0.2223     1.1851 f
  DRAM_DATA[29] (inout)                                 0.0048     1.1899 f
  data arrival time                                                1.1899

  clock CLK (rise edge)                                 2.2000     2.2000
  clock network delay (ideal)                           0.0500     2.2500
  clock uncertainty                                    -0.0500     2.2000
  output external delay                                -0.2200     1.9800
  data required time                                               1.9800
  --------------------------------------------------------------------------
  data required time                                               1.9800
  data arrival time                                               -1.1899
  --------------------------------------------------------------------------
  slack (MET)                                                      0.7901


  Startpoint: DP_i/execute_i_alu_out_reg_i_Y_reg_1_
              (rising edge-triggered flip-flop clocked by CLK)
  Endpoint: DRAM_DATA[28]
            (output port clocked by CLK)
  Path Group: OUTPUTS
  Path Type: max

  Des/Clust/Port     Wire Load Model       Library
  ------------------------------------------------
  DLX                5K_hvratio_1_4        NangateOpenCellLibrary

  Point                                                   Incr       Path
  --------------------------------------------------------------------------
  clock CLK (rise edge)                                 0.0000     0.0000
  clock network delay (ideal)                           0.0500     0.0500
  DP_i/execute_i_alu_out_reg_i_Y_reg_1_/CK (DFF_X1)     0.0000     0.0500 r
  DP_i/execute_i_alu_out_reg_i_Y_reg_1_/Q (DFF_X1)      0.1610     0.2110 r
  DP_i/U1264/ZN (OAI21_X1)                              0.0627     0.2737 f
  DP_i/U664/ZN (AOI21_X1)                               0.0481     0.3217 r
  DP_i/U663/ZN (NOR2_X1)                                0.0472     0.3689 f
  DP_i/U345/ZN (INV_X1)                                 0.0534     0.4223 r
  DP_i/U1456/ZN (NOR2_X1)                               0.0337     0.4560 f
  DP_i/D_RAM_EN (DataPath)                              0.0000     0.4560 f
  U826/ZN (INV_X1)                                      0.0321     0.4880 r
  U775/ZN (OR2_X1)                                      0.1590     0.6470 r
  U841/ZN (INV_X1)                                      0.1633     0.8103 f
  U848/ZN (INV_X1)                                      0.1525     0.9628 r
  DRAM_DATA_tri_28_/Z (TBUF_X1)                         0.2223     1.1851 f
  DRAM_DATA[28] (inout)                                 0.0048     1.1899 f
  data arrival time                                                1.1899

  clock CLK (rise edge)                                 2.2000     2.2000
  clock network delay (ideal)                           0.0500     2.2500
  clock uncertainty                                    -0.0500     2.2000
  output external delay                                -0.2200     1.9800
  data required time                                               1.9800
  --------------------------------------------------------------------------
  data required time                                               1.9800
  data arrival time                                               -1.1899
  --------------------------------------------------------------------------
  slack (MET)                                                      0.7901


  Startpoint: DP_i/execute_i_alu_out_reg_i_Y_reg_1_
              (rising edge-triggered flip-flop clocked by CLK)
  Endpoint: DRAM_DATA[26]
            (output port clocked by CLK)
  Path Group: OUTPUTS
  Path Type: max

  Des/Clust/Port     Wire Load Model       Library
  ------------------------------------------------
  DLX                5K_hvratio_1_4        NangateOpenCellLibrary

  Point                                                   Incr       Path
  --------------------------------------------------------------------------
  clock CLK (rise edge)                                 0.0000     0.0000
  clock network delay (ideal)                           0.0500     0.0500
  DP_i/execute_i_alu_out_reg_i_Y_reg_1_/CK (DFF_X1)     0.0000     0.0500 r
  DP_i/execute_i_alu_out_reg_i_Y_reg_1_/Q (DFF_X1)      0.1610     0.2110 r
  DP_i/U1264/ZN (OAI21_X1)                              0.0627     0.2737 f
  DP_i/U664/ZN (AOI21_X1)                               0.0481     0.3217 r
  DP_i/U663/ZN (NOR2_X1)                                0.0472     0.3689 f
  DP_i/U345/ZN (INV_X1)                                 0.0534     0.4223 r
  DP_i/U1456/ZN (NOR2_X1)                               0.0337     0.4560 f
  DP_i/D_RAM_EN (DataPath)                              0.0000     0.4560 f
  U826/ZN (INV_X1)                                      0.0321     0.4880 r
  U775/ZN (OR2_X1)                                      0.1590     0.6470 r
  U841/ZN (INV_X1)                                      0.1633     0.8103 f
  U848/ZN (INV_X1)                                      0.1525     0.9628 r
  DRAM_DATA_tri_26_/Z (TBUF_X1)                         0.2223     1.1851 f
  DRAM_DATA[26] (inout)                                 0.0048     1.1899 f
  data arrival time                                                1.1899

  clock CLK (rise edge)                                 2.2000     2.2000
  clock network delay (ideal)                           0.0500     2.2500
  clock uncertainty                                    -0.0500     2.2000
  output external delay                                -0.2200     1.9800
  data required time                                               1.9800
  --------------------------------------------------------------------------
  data required time                                               1.9800
  data arrival time                                               -1.1899
  --------------------------------------------------------------------------
  slack (MET)                                                      0.7901


  Startpoint: DP_i/execute_i_alu_out_reg_i_Y_reg_1_
              (rising edge-triggered flip-flop clocked by CLK)
  Endpoint: DRAM_DATA[23]
            (output port clocked by CLK)
  Path Group: OUTPUTS
  Path Type: max

  Des/Clust/Port     Wire Load Model       Library
  ------------------------------------------------
  DLX                5K_hvratio_1_4        NangateOpenCellLibrary

  Point                                                   Incr       Path
  --------------------------------------------------------------------------
  clock CLK (rise edge)                                 0.0000     0.0000
  clock network delay (ideal)                           0.0500     0.0500
  DP_i/execute_i_alu_out_reg_i_Y_reg_1_/CK (DFF_X1)     0.0000     0.0500 r
  DP_i/execute_i_alu_out_reg_i_Y_reg_1_/Q (DFF_X1)      0.1610     0.2110 r
  DP_i/U1264/ZN (OAI21_X1)                              0.0627     0.2737 f
  DP_i/U664/ZN (AOI21_X1)                               0.0481     0.3217 r
  DP_i/U663/ZN (NOR2_X1)                                0.0472     0.3689 f
  DP_i/U345/ZN (INV_X1)                                 0.0534     0.4223 r
  DP_i/U1456/ZN (NOR2_X1)                               0.0337     0.4560 f
  DP_i/D_RAM_EN (DataPath)                              0.0000     0.4560 f
  U826/ZN (INV_X1)                                      0.0321     0.4880 r
  U775/ZN (OR2_X1)                                      0.1590     0.6470 r
  U841/ZN (INV_X1)                                      0.1633     0.8103 f
  U848/ZN (INV_X1)                                      0.1525     0.9628 r
  DRAM_DATA_tri_23_/Z (TBUF_X1)                         0.2223     1.1851 f
  DRAM_DATA[23] (inout)                                 0.0048     1.1899 f
  data arrival time                                                1.1899

  clock CLK (rise edge)                                 2.2000     2.2000
  clock network delay (ideal)                           0.0500     2.2500
  clock uncertainty                                    -0.0500     2.2000
  output external delay                                -0.2200     1.9800
  data required time                                               1.9800
  --------------------------------------------------------------------------
  data required time                                               1.9800
  data arrival time                                               -1.1899
  --------------------------------------------------------------------------
  slack (MET)                                                      0.7901


  Startpoint: DP_i/execute_i_alu_out_reg_i_Y_reg_1_
              (rising edge-triggered flip-flop clocked by CLK)
  Endpoint: DRAM_DATA[20]
            (output port clocked by CLK)
  Path Group: OUTPUTS
  Path Type: max

  Des/Clust/Port     Wire Load Model       Library
  ------------------------------------------------
  DLX                5K_hvratio_1_4        NangateOpenCellLibrary

  Point                                                   Incr       Path
  --------------------------------------------------------------------------
  clock CLK (rise edge)                                 0.0000     0.0000
  clock network delay (ideal)                           0.0500     0.0500
  DP_i/execute_i_alu_out_reg_i_Y_reg_1_/CK (DFF_X1)     0.0000     0.0500 r
  DP_i/execute_i_alu_out_reg_i_Y_reg_1_/Q (DFF_X1)      0.1610     0.2110 r
  DP_i/U1264/ZN (OAI21_X1)                              0.0627     0.2737 f
  DP_i/U664/ZN (AOI21_X1)                               0.0481     0.3217 r
  DP_i/U663/ZN (NOR2_X1)                                0.0472     0.3689 f
  DP_i/U345/ZN (INV_X1)                                 0.0534     0.4223 r
  DP_i/U1456/ZN (NOR2_X1)                               0.0337     0.4560 f
  DP_i/D_RAM_EN (DataPath)                              0.0000     0.4560 f
  U826/ZN (INV_X1)                                      0.0321     0.4880 r
  U775/ZN (OR2_X1)                                      0.1590     0.6470 r
  U841/ZN (INV_X1)                                      0.1633     0.8103 f
  U848/ZN (INV_X1)                                      0.1525     0.9628 r
  DRAM_DATA_tri_20_/Z (TBUF_X1)                         0.2223     1.1851 f
  DRAM_DATA[20] (inout)                                 0.0041     1.1892 f
  data arrival time                                                1.1892

  clock CLK (rise edge)                                 2.2000     2.2000
  clock network delay (ideal)                           0.0500     2.2500
  clock uncertainty                                    -0.0500     2.2000
  output external delay                                -0.2200     1.9800
  data required time                                               1.9800
  --------------------------------------------------------------------------
  data required time                                               1.9800
  data arrival time                                               -1.1892
  --------------------------------------------------------------------------
  slack (MET)                                                      0.7908


  Startpoint: DP_i/execute_i_alu_out_reg_i_Y_reg_1_
              (rising edge-triggered flip-flop clocked by CLK)
  Endpoint: DRAM_DATA[17]
            (output port clocked by CLK)
  Path Group: OUTPUTS
  Path Type: max

  Des/Clust/Port     Wire Load Model       Library
  ------------------------------------------------
  DLX                5K_hvratio_1_4        NangateOpenCellLibrary

  Point                                                   Incr       Path
  --------------------------------------------------------------------------
  clock CLK (rise edge)                                 0.0000     0.0000
  clock network delay (ideal)                           0.0500     0.0500
  DP_i/execute_i_alu_out_reg_i_Y_reg_1_/CK (DFF_X1)     0.0000     0.0500 r
  DP_i/execute_i_alu_out_reg_i_Y_reg_1_/Q (DFF_X1)      0.1610     0.2110 r
  DP_i/U1264/ZN (OAI21_X1)                              0.0627     0.2737 f
  DP_i/U664/ZN (AOI21_X1)                               0.0481     0.3217 r
  DP_i/U663/ZN (NOR2_X1)                                0.0472     0.3689 f
  DP_i/U345/ZN (INV_X1)                                 0.0534     0.4223 r
  DP_i/U1456/ZN (NOR2_X1)                               0.0337     0.4560 f
  DP_i/D_RAM_EN (DataPath)                              0.0000     0.4560 f
  U826/ZN (INV_X1)                                      0.0321     0.4880 r
  U775/ZN (OR2_X1)                                      0.1590     0.6470 r
  U841/ZN (INV_X1)                                      0.1633     0.8103 f
  U848/ZN (INV_X1)                                      0.1525     0.9628 r
  DRAM_DATA_tri_17_/Z (TBUF_X1)                         0.2223     1.1851 f
  DRAM_DATA[17] (inout)                                 0.0041     1.1892 f
  data arrival time                                                1.1892

  clock CLK (rise edge)                                 2.2000     2.2000
  clock network delay (ideal)                           0.0500     2.2500
  clock uncertainty                                    -0.0500     2.2000
  output external delay                                -0.2200     1.9800
  data required time                                               1.9800
  --------------------------------------------------------------------------
  data required time                                               1.9800
  data arrival time                                               -1.1892
  --------------------------------------------------------------------------
  slack (MET)                                                      0.7908


  Startpoint: DP_i/execute_i_alu_out_reg_i_Y_reg_1_
              (rising edge-triggered flip-flop clocked by CLK)
  Endpoint: DRAM_DATA[14]
            (output port clocked by CLK)
  Path Group: OUTPUTS
  Path Type: max

  Des/Clust/Port     Wire Load Model       Library
  ------------------------------------------------
  DLX                5K_hvratio_1_4        NangateOpenCellLibrary

  Point                                                   Incr       Path
  --------------------------------------------------------------------------
  clock CLK (rise edge)                                 0.0000     0.0000
  clock network delay (ideal)                           0.0500     0.0500
  DP_i/execute_i_alu_out_reg_i_Y_reg_1_/CK (DFF_X1)     0.0000     0.0500 r
  DP_i/execute_i_alu_out_reg_i_Y_reg_1_/Q (DFF_X1)      0.1610     0.2110 r
  DP_i/U1264/ZN (OAI21_X1)                              0.0627     0.2737 f
  DP_i/U664/ZN (AOI21_X1)                               0.0481     0.3217 r
  DP_i/U663/ZN (NOR2_X1)                                0.0472     0.3689 f
  DP_i/U345/ZN (INV_X1)                                 0.0534     0.4223 r
  DP_i/U1456/ZN (NOR2_X1)                               0.0337     0.4560 f
  DP_i/D_RAM_EN (DataPath)                              0.0000     0.4560 f
  U826/ZN (INV_X1)                                      0.0321     0.4880 r
  U775/ZN (OR2_X1)                                      0.1590     0.6470 r
  U841/ZN (INV_X1)                                      0.1633     0.8103 f
  U848/ZN (INV_X1)                                      0.1525     0.9628 r
  DRAM_DATA_tri_14_/Z (TBUF_X1)                         0.2223     1.1851 f
  DRAM_DATA[14] (inout)                                 0.0041     1.1892 f
  data arrival time                                                1.1892

  clock CLK (rise edge)                                 2.2000     2.2000
  clock network delay (ideal)                           0.0500     2.2500
  clock uncertainty                                    -0.0500     2.2000
  output external delay                                -0.2200     1.9800
  data required time                                               1.9800
  --------------------------------------------------------------------------
  data required time                                               1.9800
  data arrival time                                               -1.1892
  --------------------------------------------------------------------------
  slack (MET)                                                      0.7908


  Startpoint: DP_i/execute_i_alu_out_reg_i_Y_reg_1_
              (rising edge-triggered flip-flop clocked by CLK)
  Endpoint: DRAM_DATA[11]
            (output port clocked by CLK)
  Path Group: OUTPUTS
  Path Type: max

  Des/Clust/Port     Wire Load Model       Library
  ------------------------------------------------
  DLX                5K_hvratio_1_4        NangateOpenCellLibrary

  Point                                                   Incr       Path
  --------------------------------------------------------------------------
  clock CLK (rise edge)                                 0.0000     0.0000
  clock network delay (ideal)                           0.0500     0.0500
  DP_i/execute_i_alu_out_reg_i_Y_reg_1_/CK (DFF_X1)     0.0000     0.0500 r
  DP_i/execute_i_alu_out_reg_i_Y_reg_1_/Q (DFF_X1)      0.1610     0.2110 r
  DP_i/U1264/ZN (OAI21_X1)                              0.0627     0.2737 f
  DP_i/U664/ZN (AOI21_X1)                               0.0481     0.3217 r
  DP_i/U663/ZN (NOR2_X1)                                0.0472     0.3689 f
  DP_i/U345/ZN (INV_X1)                                 0.0534     0.4223 r
  DP_i/U1456/ZN (NOR2_X1)                               0.0337     0.4560 f
  DP_i/D_RAM_EN (DataPath)                              0.0000     0.4560 f
  U826/ZN (INV_X1)                                      0.0321     0.4880 r
  U775/ZN (OR2_X1)                                      0.1590     0.6470 r
  U841/ZN (INV_X1)                                      0.1633     0.8103 f
  U848/ZN (INV_X1)                                      0.1525     0.9628 r
  DRAM_DATA_tri_11_/Z (TBUF_X1)                         0.2223     1.1851 f
  DRAM_DATA[11] (inout)                                 0.0041     1.1892 f
  data arrival time                                                1.1892

  clock CLK (rise edge)                                 2.2000     2.2000
  clock network delay (ideal)                           0.0500     2.2500
  clock uncertainty                                    -0.0500     2.2000
  output external delay                                -0.2200     1.9800
  data required time                                               1.9800
  --------------------------------------------------------------------------
  data required time                                               1.9800
  data arrival time                                               -1.1892
  --------------------------------------------------------------------------
  slack (MET)                                                      0.7908


  Startpoint: DP_i/fetch_i_IR_out_reg_29_
              (rising edge-triggered flip-flop clocked by CLK)
  Endpoint: DP_i/fetch_i_pc_i_Y_reg_1_
            (rising edge-triggered flip-flop clocked by CLK)
  Path Group: REG2REG
  Path Type: max

  Des/Clust/Port     Wire Load Model       Library
  ------------------------------------------------
  DLX                5K_hvratio_1_4        NangateOpenCellLibrary

  Point                                                   Incr       Path
  --------------------------------------------------------------------------
  clock CLK (rise edge)                                 0.0000     0.0000
  clock network delay (ideal)                           0.0500     0.0500
  DP_i/fetch_i_IR_out_reg_29_/CK (DFF_X2)               0.0000     0.0500 r
  DP_i/fetch_i_IR_out_reg_29_/Q (DFF_X2)                0.1419     0.1919 r
  DP_i/opcode_3_ (DataPath)                             0.0000     0.1919 r
  U782/ZN (OR2_X1)                                      0.0580     0.2499 r
  U869/ZN (OR3_X4)                                      0.0881     0.3380 r
  DP_i/RF2_BAR (DataPath)                               0.0000     0.3380 r
  DP_i/U320/ZN (AND2_X1)                                0.0835     0.4215 r
  DP_i/U1655/ZN (NOR2_X1)                               0.0329     0.4544 f
  DP_i/U1656/ZN (AOI22_X1)                              0.0789     0.5333 r
  DP_i/U1658/ZN (NOR2_X1)                               0.0297     0.5629 f
  DP_i/U1660/ZN (NOR2_X1)                               0.0416     0.6045 r
  DP_i/U41/ZN (OR2_X1)                                  0.0503     0.6548 r
  DP_i/U1664/ZN (OAI21_X1)                              0.0376     0.6923 f
  DP_i/U4532/CO (FA_X1)                                 0.0927     0.7850 f
  DP_i/U1667/ZN (AOI21_X1)                              0.0547     0.8397 r
  DP_i/U1675/ZN (OAI21_X1)                              0.0400     0.8797 f
  DP_i/U1676/ZN (AOI221_X1)                             0.0645     0.9442 r
  DP_i/U1677/ZN (INV_X1)                                0.0291     0.9733 f
  DP_i/U1679/ZN (OAI21_X1)                              0.0556     1.0289 r
  DP_i/U5058/CO (FA_X1)                                 0.0757     1.1046 r
  DP_i/U1022/ZN (INV_X1)                                0.0310     1.1356 f
  DP_i/U312/ZN (OAI21_X1)                               0.0756     1.2112 r
  DP_i/U409/ZN (AND3_X1)                                0.0665     1.2777 r
  DP_i/U309/ZN (OAI211_X1)                              0.0470     1.3247 f
  DP_i/U3193/ZN (AND2_X1)                               0.0495     1.3742 f
  DP_i/U50/ZN (OR2_X1)                                  0.0668     1.4410 f
  DP_i/U1004/ZN (NAND3_X1)                              0.0413     1.4823 r
  DP_i/U3199/ZN (XNOR2_X1)                              0.0404     1.5227 f
  DP_i/U49/ZN (AOI22_X1)                                0.1091     1.6318 r
  DP_i/U1076/ZN (XNOR2_X1)                              0.0793     1.7111 r
  DP_i/U1075/ZN (NAND4_X1)                              0.0479     1.7590 f
  DP_i/U1074/ZN (AND2_X2)                               0.0551     1.8140 f
  DP_i/U6758/ZN (OR3_X1)                                0.0952     1.9093 f
  DP_i/U6759/ZN (INV_X2)                                0.1228     2.0321 r
  DP_i/U3008/ZN (AOI22_X1)                              0.0743     2.1064 f
  DP_i/U3009/ZN (OAI211_X1)                             0.0506     2.1570 r
  DP_i/fetch_i_pc_i_Y_reg_1_/D (DFF_X1)                 0.0110     2.1680 r
  data arrival time                                                2.1680

  clock CLK (rise edge)                                 2.2000     2.2000
  clock network delay (ideal)                           0.0500     2.2500
  clock uncertainty                                    -0.0500     2.2000
  DP_i/fetch_i_pc_i_Y_reg_1_/CK (DFF_X1)                0.0000     2.2000 r
  library setup time                                   -0.0314     2.1686
  data required time                                               2.1686
  --------------------------------------------------------------------------
  data required time                                               2.1686
  data arrival time                                               -2.1680
  --------------------------------------------------------------------------
  slack (MET)                                                      0.0006


  Startpoint: DP_i/fetch_i_IR_out_reg_29_
              (rising edge-triggered flip-flop clocked by CLK)
  Endpoint: DP_i/fetch_i_pc_i_Y_reg_0_
            (rising edge-triggered flip-flop clocked by CLK)
  Path Group: REG2REG
  Path Type: max

  Des/Clust/Port     Wire Load Model       Library
  ------------------------------------------------
  DLX                5K_hvratio_1_4        NangateOpenCellLibrary

  Point                                                   Incr       Path
  --------------------------------------------------------------------------
  clock CLK (rise edge)                                 0.0000     0.0000
  clock network delay (ideal)                           0.0500     0.0500
  DP_i/fetch_i_IR_out_reg_29_/CK (DFF_X2)               0.0000     0.0500 r
  DP_i/fetch_i_IR_out_reg_29_/Q (DFF_X2)                0.1419     0.1919 r
  DP_i/opcode_3_ (DataPath)                             0.0000     0.1919 r
  U782/ZN (OR2_X1)                                      0.0580     0.2499 r
  U869/ZN (OR3_X4)                                      0.0881     0.3380 r
  DP_i/RF2_BAR (DataPath)                               0.0000     0.3380 r
  DP_i/U320/ZN (AND2_X1)                                0.0835     0.4215 r
  DP_i/U1655/ZN (NOR2_X1)                               0.0329     0.4544 f
  DP_i/U1656/ZN (AOI22_X1)                              0.0789     0.5333 r
  DP_i/U1658/ZN (NOR2_X1)                               0.0297     0.5629 f
  DP_i/U1660/ZN (NOR2_X1)                               0.0416     0.6045 r
  DP_i/U41/ZN (OR2_X1)                                  0.0503     0.6548 r
  DP_i/U1664/ZN (OAI21_X1)                              0.0376     0.6923 f
  DP_i/U4532/CO (FA_X1)                                 0.0927     0.7850 f
  DP_i/U1667/ZN (AOI21_X1)                              0.0547     0.8397 r
  DP_i/U1675/ZN (OAI21_X1)                              0.0400     0.8797 f
  DP_i/U1676/ZN (AOI221_X1)                             0.0645     0.9442 r
  DP_i/U1677/ZN (INV_X1)                                0.0291     0.9733 f
  DP_i/U1679/ZN (OAI21_X1)                              0.0556     1.0289 r
  DP_i/U5058/CO (FA_X1)                                 0.0757     1.1046 r
  DP_i/U1022/ZN (INV_X1)                                0.0310     1.1356 f
  DP_i/U312/ZN (OAI21_X1)                               0.0756     1.2112 r
  DP_i/U409/ZN (AND3_X1)                                0.0665     1.2777 r
  DP_i/U309/ZN (OAI211_X1)                              0.0470     1.3247 f
  DP_i/U3193/ZN (AND2_X1)                               0.0495     1.3742 f
  DP_i/U50/ZN (OR2_X1)                                  0.0668     1.4410 f
  DP_i/U1004/ZN (NAND3_X1)                              0.0413     1.4823 r
  DP_i/U3199/ZN (XNOR2_X1)                              0.0404     1.5227 f
  DP_i/U49/ZN (AOI22_X1)                                0.1091     1.6318 r
  DP_i/U1076/ZN (XNOR2_X1)                              0.0793     1.7111 r
  DP_i/U1075/ZN (NAND4_X1)                              0.0479     1.7590 f
  DP_i/U1074/ZN (AND2_X2)                               0.0551     1.8140 f
  DP_i/U6758/ZN (OR3_X1)                                0.0952     1.9093 f
  DP_i/U6759/ZN (INV_X2)                                0.1228     2.0321 r
  DP_i/U3015/ZN (AOI22_X1)                              0.0743     2.1064 f
  DP_i/U3016/ZN (OAI211_X1)                             0.0506     2.1570 r
  DP_i/fetch_i_pc_i_Y_reg_0_/D (DFF_X1)                 0.0110     2.1680 r
  data arrival time                                                2.1680

  clock CLK (rise edge)                                 2.2000     2.2000
  clock network delay (ideal)                           0.0500     2.2500
  clock uncertainty                                    -0.0500     2.2000
  DP_i/fetch_i_pc_i_Y_reg_0_/CK (DFF_X1)                0.0000     2.2000 r
  library setup time                                   -0.0314     2.1686
  data required time                                               2.1686
  --------------------------------------------------------------------------
  data required time                                               2.1686
  data arrival time                                               -2.1680
  --------------------------------------------------------------------------
  slack (MET)                                                      0.0006


  Startpoint: DP_i/fetch_i_IR_out_reg_29_
              (rising edge-triggered flip-flop clocked by CLK)
  Endpoint: DP_i/fetch_i_pc_i_Y_reg_2_
            (rising edge-triggered flip-flop clocked by CLK)
  Path Group: REG2REG
  Path Type: max

  Des/Clust/Port     Wire Load Model       Library
  ------------------------------------------------
  DLX                5K_hvratio_1_4        NangateOpenCellLibrary

  Point                                                   Incr       Path
  --------------------------------------------------------------------------
  clock CLK (rise edge)                                 0.0000     0.0000
  clock network delay (ideal)                           0.0500     0.0500
  DP_i/fetch_i_IR_out_reg_29_/CK (DFF_X2)               0.0000     0.0500 r
  DP_i/fetch_i_IR_out_reg_29_/Q (DFF_X2)                0.1419     0.1919 r
  DP_i/opcode_3_ (DataPath)                             0.0000     0.1919 r
  U782/ZN (OR2_X1)                                      0.0580     0.2499 r
  U869/ZN (OR3_X4)                                      0.0881     0.3380 r
  DP_i/RF2_BAR (DataPath)                               0.0000     0.3380 r
  DP_i/U320/ZN (AND2_X1)                                0.0835     0.4215 r
  DP_i/U1655/ZN (NOR2_X1)                               0.0329     0.4544 f
  DP_i/U1656/ZN (AOI22_X1)                              0.0789     0.5333 r
  DP_i/U1658/ZN (NOR2_X1)                               0.0297     0.5629 f
  DP_i/U1660/ZN (NOR2_X1)                               0.0416     0.6045 r
  DP_i/U41/ZN (OR2_X1)                                  0.0503     0.6548 r
  DP_i/U1664/ZN (OAI21_X1)                              0.0376     0.6923 f
  DP_i/U4532/CO (FA_X1)                                 0.0927     0.7850 f
  DP_i/U1667/ZN (AOI21_X1)                              0.0547     0.8397 r
  DP_i/U1675/ZN (OAI21_X1)                              0.0400     0.8797 f
  DP_i/U1676/ZN (AOI221_X1)                             0.0645     0.9442 r
  DP_i/U1677/ZN (INV_X1)                                0.0291     0.9733 f
  DP_i/U1679/ZN (OAI21_X1)                              0.0556     1.0289 r
  DP_i/U5058/CO (FA_X1)                                 0.0757     1.1046 r
  DP_i/U1022/ZN (INV_X1)                                0.0310     1.1356 f
  DP_i/U312/ZN (OAI21_X1)                               0.0756     1.2112 r
  DP_i/U409/ZN (AND3_X1)                                0.0665     1.2777 r
  DP_i/U309/ZN (OAI211_X1)                              0.0470     1.3247 f
  DP_i/U3193/ZN (AND2_X1)                               0.0495     1.3742 f
  DP_i/U50/ZN (OR2_X1)                                  0.0668     1.4410 f
  DP_i/U1004/ZN (NAND3_X1)                              0.0413     1.4823 r
  DP_i/U3199/ZN (XNOR2_X1)                              0.0404     1.5227 f
  DP_i/U49/ZN (AOI22_X1)                                0.1091     1.6318 r
  DP_i/U1076/ZN (XNOR2_X1)                              0.0793     1.7111 r
  DP_i/U1075/ZN (NAND4_X1)                              0.0479     1.7590 f
  DP_i/U1074/ZN (AND2_X2)                               0.0551     1.8140 f
  DP_i/U6758/ZN (OR3_X1)                                0.0952     1.9093 f
  DP_i/U6759/ZN (INV_X2)                                0.1228     2.0321 r
  DP_i/U3001/ZN (AOI22_X1)                              0.0743     2.1064 f
  DP_i/U3002/ZN (OAI211_X1)                             0.0506     2.1570 r
  DP_i/fetch_i_pc_i_Y_reg_2_/D (DFF_X1)                 0.0110     2.1680 r
  data arrival time                                                2.1680

  clock CLK (rise edge)                                 2.2000     2.2000
  clock network delay (ideal)                           0.0500     2.2500
  clock uncertainty                                    -0.0500     2.2000
  DP_i/fetch_i_pc_i_Y_reg_2_/CK (DFF_X1)                0.0000     2.2000 r
  library setup time                                   -0.0314     2.1686
  data required time                                               2.1686
  --------------------------------------------------------------------------
  data required time                                               2.1686
  data arrival time                                               -2.1680
  --------------------------------------------------------------------------
  slack (MET)                                                      0.0006


  Startpoint: DP_i/fetch_i_IR_out_reg_29_
              (rising edge-triggered flip-flop clocked by CLK)
  Endpoint: DP_i/fetch_i_pc_i_Y_reg_3_
            (rising edge-triggered flip-flop clocked by CLK)
  Path Group: REG2REG
  Path Type: max

  Des/Clust/Port     Wire Load Model       Library
  ------------------------------------------------
  DLX                5K_hvratio_1_4        NangateOpenCellLibrary

  Point                                                   Incr       Path
  --------------------------------------------------------------------------
  clock CLK (rise edge)                                 0.0000     0.0000
  clock network delay (ideal)                           0.0500     0.0500
  DP_i/fetch_i_IR_out_reg_29_/CK (DFF_X2)               0.0000     0.0500 r
  DP_i/fetch_i_IR_out_reg_29_/Q (DFF_X2)                0.1419     0.1919 r
  DP_i/opcode_3_ (DataPath)                             0.0000     0.1919 r
  U782/ZN (OR2_X1)                                      0.0580     0.2499 r
  U869/ZN (OR3_X4)                                      0.0881     0.3380 r
  DP_i/RF2_BAR (DataPath)                               0.0000     0.3380 r
  DP_i/U320/ZN (AND2_X1)                                0.0835     0.4215 r
  DP_i/U1655/ZN (NOR2_X1)                               0.0329     0.4544 f
  DP_i/U1656/ZN (AOI22_X1)                              0.0789     0.5333 r
  DP_i/U1658/ZN (NOR2_X1)                               0.0297     0.5629 f
  DP_i/U1660/ZN (NOR2_X1)                               0.0416     0.6045 r
  DP_i/U41/ZN (OR2_X1)                                  0.0503     0.6548 r
  DP_i/U1664/ZN (OAI21_X1)                              0.0376     0.6923 f
  DP_i/U4532/CO (FA_X1)                                 0.0927     0.7850 f
  DP_i/U1667/ZN (AOI21_X1)                              0.0547     0.8397 r
  DP_i/U1675/ZN (OAI21_X1)                              0.0400     0.8797 f
  DP_i/U1676/ZN (AOI221_X1)                             0.0645     0.9442 r
  DP_i/U1677/ZN (INV_X1)                                0.0291     0.9733 f
  DP_i/U1679/ZN (OAI21_X1)                              0.0556     1.0289 r
  DP_i/U5058/CO (FA_X1)                                 0.0757     1.1046 r
  DP_i/U1022/ZN (INV_X1)                                0.0310     1.1356 f
  DP_i/U312/ZN (OAI21_X1)                               0.0756     1.2112 r
  DP_i/U409/ZN (AND3_X1)                                0.0665     1.2777 r
  DP_i/U309/ZN (OAI211_X1)                              0.0470     1.3247 f
  DP_i/U3193/ZN (AND2_X1)                               0.0495     1.3742 f
  DP_i/U50/ZN (OR2_X1)                                  0.0668     1.4410 f
  DP_i/U1004/ZN (NAND3_X1)                              0.0413     1.4823 r
  DP_i/U3199/ZN (XNOR2_X1)                              0.0404     1.5227 f
  DP_i/U49/ZN (AOI22_X1)                                0.1091     1.6318 r
  DP_i/U1076/ZN (XNOR2_X1)                              0.0793     1.7111 r
  DP_i/U1075/ZN (NAND4_X1)                              0.0479     1.7590 f
  DP_i/U1074/ZN (AND2_X2)                               0.0551     1.8140 f
  DP_i/U6758/ZN (OR3_X1)                                0.0952     1.9093 f
  DP_i/U6759/ZN (INV_X2)                                0.1228     2.0321 r
  DP_i/U2996/ZN (AOI22_X1)                              0.0743     2.1064 f
  DP_i/U2997/ZN (OAI211_X1)                             0.0506     2.1570 r
  DP_i/fetch_i_pc_i_Y_reg_3_/D (DFF_X1)                 0.0110     2.1680 r
  data arrival time                                                2.1680

  clock CLK (rise edge)                                 2.2000     2.2000
  clock network delay (ideal)                           0.0500     2.2500
  clock uncertainty                                    -0.0500     2.2000
  DP_i/fetch_i_pc_i_Y_reg_3_/CK (DFF_X1)                0.0000     2.2000 r
  library setup time                                   -0.0314     2.1686
  data required time                                               2.1686
  --------------------------------------------------------------------------
  data required time                                               2.1686
  data arrival time                                               -2.1680
  --------------------------------------------------------------------------
  slack (MET)                                                      0.0006


  Startpoint: DP_i/fetch_i_IR_out_reg_29_
              (rising edge-triggered flip-flop clocked by CLK)
  Endpoint: DP_i/fetch_i_pc_i_Y_reg_4_
            (rising edge-triggered flip-flop clocked by CLK)
  Path Group: REG2REG
  Path Type: max

  Des/Clust/Port     Wire Load Model       Library
  ------------------------------------------------
  DLX                5K_hvratio_1_4        NangateOpenCellLibrary

  Point                                                   Incr       Path
  --------------------------------------------------------------------------
  clock CLK (rise edge)                                 0.0000     0.0000
  clock network delay (ideal)                           0.0500     0.0500
  DP_i/fetch_i_IR_out_reg_29_/CK (DFF_X2)               0.0000     0.0500 r
  DP_i/fetch_i_IR_out_reg_29_/Q (DFF_X2)                0.1419     0.1919 r
  DP_i/opcode_3_ (DataPath)                             0.0000     0.1919 r
  U782/ZN (OR2_X1)                                      0.0580     0.2499 r
  U869/ZN (OR3_X4)                                      0.0881     0.3380 r
  DP_i/RF2_BAR (DataPath)                               0.0000     0.3380 r
  DP_i/U320/ZN (AND2_X1)                                0.0835     0.4215 r
  DP_i/U1655/ZN (NOR2_X1)                               0.0329     0.4544 f
  DP_i/U1656/ZN (AOI22_X1)                              0.0789     0.5333 r
  DP_i/U1658/ZN (NOR2_X1)                               0.0297     0.5629 f
  DP_i/U1660/ZN (NOR2_X1)                               0.0416     0.6045 r
  DP_i/U41/ZN (OR2_X1)                                  0.0503     0.6548 r
  DP_i/U1664/ZN (OAI21_X1)                              0.0376     0.6923 f
  DP_i/U4532/CO (FA_X1)                                 0.0927     0.7850 f
  DP_i/U1667/ZN (AOI21_X1)                              0.0547     0.8397 r
  DP_i/U1675/ZN (OAI21_X1)                              0.0400     0.8797 f
  DP_i/U1676/ZN (AOI221_X1)                             0.0645     0.9442 r
  DP_i/U1677/ZN (INV_X1)                                0.0291     0.9733 f
  DP_i/U1679/ZN (OAI21_X1)                              0.0556     1.0289 r
  DP_i/U5058/CO (FA_X1)                                 0.0757     1.1046 r
  DP_i/U1022/ZN (INV_X1)                                0.0310     1.1356 f
  DP_i/U312/ZN (OAI21_X1)                               0.0756     1.2112 r
  DP_i/U409/ZN (AND3_X1)                                0.0665     1.2777 r
  DP_i/U309/ZN (OAI211_X1)                              0.0470     1.3247 f
  DP_i/U3193/ZN (AND2_X1)                               0.0495     1.3742 f
  DP_i/U50/ZN (OR2_X1)                                  0.0668     1.4410 f
  DP_i/U1004/ZN (NAND3_X1)                              0.0413     1.4823 r
  DP_i/U3199/ZN (XNOR2_X1)                              0.0404     1.5227 f
  DP_i/U49/ZN (AOI22_X1)                                0.1091     1.6318 r
  DP_i/U1076/ZN (XNOR2_X1)                              0.0793     1.7111 r
  DP_i/U1075/ZN (NAND4_X1)                              0.0479     1.7590 f
  DP_i/U1074/ZN (AND2_X2)                               0.0551     1.8140 f
  DP_i/U6758/ZN (OR3_X1)                                0.0952     1.9093 f
  DP_i/U6759/ZN (INV_X2)                                0.1228     2.0321 r
  DP_i/U2991/ZN (AOI22_X1)                              0.0743     2.1064 f
  DP_i/U2992/ZN (OAI211_X1)                             0.0506     2.1570 r
  DP_i/fetch_i_pc_i_Y_reg_4_/D (DFF_X1)                 0.0110     2.1680 r
  data arrival time                                                2.1680

  clock CLK (rise edge)                                 2.2000     2.2000
  clock network delay (ideal)                           0.0500     2.2500
  clock uncertainty                                    -0.0500     2.2000
  DP_i/fetch_i_pc_i_Y_reg_4_/CK (DFF_X1)                0.0000     2.2000 r
  library setup time                                   -0.0314     2.1686
  data required time                                               2.1686
  --------------------------------------------------------------------------
  data required time                                               2.1686
  data arrival time                                               -2.1680
  --------------------------------------------------------------------------
  slack (MET)                                                      0.0006


  Startpoint: DP_i/fetch_i_IR_out_reg_29_
              (rising edge-triggered flip-flop clocked by CLK)
  Endpoint: DP_i/fetch_i_pc_i_Y_reg_6_
            (rising edge-triggered flip-flop clocked by CLK)
  Path Group: REG2REG
  Path Type: max

  Des/Clust/Port     Wire Load Model       Library
  ------------------------------------------------
  DLX                5K_hvratio_1_4        NangateOpenCellLibrary

  Point                                                   Incr       Path
  --------------------------------------------------------------------------
  clock CLK (rise edge)                                 0.0000     0.0000
  clock network delay (ideal)                           0.0500     0.0500
  DP_i/fetch_i_IR_out_reg_29_/CK (DFF_X2)               0.0000     0.0500 r
  DP_i/fetch_i_IR_out_reg_29_/Q (DFF_X2)                0.1419     0.1919 r
  DP_i/opcode_3_ (DataPath)                             0.0000     0.1919 r
  U782/ZN (OR2_X1)                                      0.0580     0.2499 r
  U869/ZN (OR3_X4)                                      0.0881     0.3380 r
  DP_i/RF2_BAR (DataPath)                               0.0000     0.3380 r
  DP_i/U320/ZN (AND2_X1)                                0.0835     0.4215 r
  DP_i/U1655/ZN (NOR2_X1)                               0.0329     0.4544 f
  DP_i/U1656/ZN (AOI22_X1)                              0.0789     0.5333 r
  DP_i/U1658/ZN (NOR2_X1)                               0.0297     0.5629 f
  DP_i/U1660/ZN (NOR2_X1)                               0.0416     0.6045 r
  DP_i/U41/ZN (OR2_X1)                                  0.0503     0.6548 r
  DP_i/U1664/ZN (OAI21_X1)                              0.0376     0.6923 f
  DP_i/U4532/CO (FA_X1)                                 0.0927     0.7850 f
  DP_i/U1667/ZN (AOI21_X1)                              0.0547     0.8397 r
  DP_i/U1675/ZN (OAI21_X1)                              0.0400     0.8797 f
  DP_i/U1676/ZN (AOI221_X1)                             0.0645     0.9442 r
  DP_i/U1677/ZN (INV_X1)                                0.0291     0.9733 f
  DP_i/U1679/ZN (OAI21_X1)                              0.0556     1.0289 r
  DP_i/U5058/CO (FA_X1)                                 0.0757     1.1046 r
  DP_i/U1022/ZN (INV_X1)                                0.0310     1.1356 f
  DP_i/U312/ZN (OAI21_X1)                               0.0756     1.2112 r
  DP_i/U409/ZN (AND3_X1)                                0.0665     1.2777 r
  DP_i/U309/ZN (OAI211_X1)                              0.0470     1.3247 f
  DP_i/U3193/ZN (AND2_X1)                               0.0495     1.3742 f
  DP_i/U50/ZN (OR2_X1)                                  0.0668     1.4410 f
  DP_i/U1004/ZN (NAND3_X1)                              0.0413     1.4823 r
  DP_i/U3199/ZN (XNOR2_X1)                              0.0404     1.5227 f
  DP_i/U49/ZN (AOI22_X1)                                0.1091     1.6318 r
  DP_i/U1076/ZN (XNOR2_X1)                              0.0793     1.7111 r
  DP_i/U1075/ZN (NAND4_X1)                              0.0479     1.7590 f
  DP_i/U1074/ZN (AND2_X2)                               0.0551     1.8140 f
  DP_i/U6758/ZN (OR3_X1)                                0.0952     1.9093 f
  DP_i/U6759/ZN (INV_X2)                                0.1228     2.0321 r
  DP_i/U2981/ZN (AOI22_X1)                              0.0743     2.1064 f
  DP_i/U2982/ZN (OAI211_X1)                             0.0506     2.1570 r
  DP_i/fetch_i_pc_i_Y_reg_6_/D (DFF_X1)                 0.0110     2.1680 r
  data arrival time                                                2.1680

  clock CLK (rise edge)                                 2.2000     2.2000
  clock network delay (ideal)                           0.0500     2.2500
  clock uncertainty                                    -0.0500     2.2000
  DP_i/fetch_i_pc_i_Y_reg_6_/CK (DFF_X1)                0.0000     2.2000 r
  library setup time                                   -0.0314     2.1686
  data required time                                               2.1686
  --------------------------------------------------------------------------
  data required time                                               2.1686
  data arrival time                                               -2.1680
  --------------------------------------------------------------------------
  slack (MET)                                                      0.0006


  Startpoint: DP_i/fetch_i_IR_out_reg_29_
              (rising edge-triggered flip-flop clocked by CLK)
  Endpoint: DP_i/fetch_i_pc_i_Y_reg_7_
            (rising edge-triggered flip-flop clocked by CLK)
  Path Group: REG2REG
  Path Type: max

  Des/Clust/Port     Wire Load Model       Library
  ------------------------------------------------
  DLX                5K_hvratio_1_4        NangateOpenCellLibrary

  Point                                                   Incr       Path
  --------------------------------------------------------------------------
  clock CLK (rise edge)                                 0.0000     0.0000
  clock network delay (ideal)                           0.0500     0.0500
  DP_i/fetch_i_IR_out_reg_29_/CK (DFF_X2)               0.0000     0.0500 r
  DP_i/fetch_i_IR_out_reg_29_/Q (DFF_X2)                0.1419     0.1919 r
  DP_i/opcode_3_ (DataPath)                             0.0000     0.1919 r
  U782/ZN (OR2_X1)                                      0.0580     0.2499 r
  U869/ZN (OR3_X4)                                      0.0881     0.3380 r
  DP_i/RF2_BAR (DataPath)                               0.0000     0.3380 r
  DP_i/U320/ZN (AND2_X1)                                0.0835     0.4215 r
  DP_i/U1655/ZN (NOR2_X1)                               0.0329     0.4544 f
  DP_i/U1656/ZN (AOI22_X1)                              0.0789     0.5333 r
  DP_i/U1658/ZN (NOR2_X1)                               0.0297     0.5629 f
  DP_i/U1660/ZN (NOR2_X1)                               0.0416     0.6045 r
  DP_i/U41/ZN (OR2_X1)                                  0.0503     0.6548 r
  DP_i/U1664/ZN (OAI21_X1)                              0.0376     0.6923 f
  DP_i/U4532/CO (FA_X1)                                 0.0927     0.7850 f
  DP_i/U1667/ZN (AOI21_X1)                              0.0547     0.8397 r
  DP_i/U1675/ZN (OAI21_X1)                              0.0400     0.8797 f
  DP_i/U1676/ZN (AOI221_X1)                             0.0645     0.9442 r
  DP_i/U1677/ZN (INV_X1)                                0.0291     0.9733 f
  DP_i/U1679/ZN (OAI21_X1)                              0.0556     1.0289 r
  DP_i/U5058/CO (FA_X1)                                 0.0757     1.1046 r
  DP_i/U1022/ZN (INV_X1)                                0.0310     1.1356 f
  DP_i/U312/ZN (OAI21_X1)                               0.0756     1.2112 r
  DP_i/U409/ZN (AND3_X1)                                0.0665     1.2777 r
  DP_i/U309/ZN (OAI211_X1)                              0.0470     1.3247 f
  DP_i/U3193/ZN (AND2_X1)                               0.0495     1.3742 f
  DP_i/U50/ZN (OR2_X1)                                  0.0668     1.4410 f
  DP_i/U1004/ZN (NAND3_X1)                              0.0413     1.4823 r
  DP_i/U3199/ZN (XNOR2_X1)                              0.0404     1.5227 f
  DP_i/U49/ZN (AOI22_X1)                                0.1091     1.6318 r
  DP_i/U1076/ZN (XNOR2_X1)                              0.0793     1.7111 r
  DP_i/U1075/ZN (NAND4_X1)                              0.0479     1.7590 f
  DP_i/U1074/ZN (AND2_X2)                               0.0551     1.8140 f
  DP_i/U6758/ZN (OR3_X1)                                0.0952     1.9093 f
  DP_i/U6759/ZN (INV_X2)                                0.1228     2.0321 r
  DP_i/U2976/ZN (AOI22_X1)                              0.0743     2.1064 f
  DP_i/U2977/ZN (OAI211_X1)                             0.0506     2.1570 r
  DP_i/fetch_i_pc_i_Y_reg_7_/D (DFF_X1)                 0.0110     2.1680 r
  data arrival time                                                2.1680

  clock CLK (rise edge)                                 2.2000     2.2000
  clock network delay (ideal)                           0.0500     2.2500
  clock uncertainty                                    -0.0500     2.2000
  DP_i/fetch_i_pc_i_Y_reg_7_/CK (DFF_X1)                0.0000     2.2000 r
  library setup time                                   -0.0314     2.1686
  data required time                                               2.1686
  --------------------------------------------------------------------------
  data required time                                               2.1686
  data arrival time                                               -2.1680
  --------------------------------------------------------------------------
  slack (MET)                                                      0.0006


  Startpoint: DP_i/fetch_i_IR_out_reg_29_
              (rising edge-triggered flip-flop clocked by CLK)
  Endpoint: DP_i/fetch_i_pc_i_Y_reg_9_
            (rising edge-triggered flip-flop clocked by CLK)
  Path Group: REG2REG
  Path Type: max

  Des/Clust/Port     Wire Load Model       Library
  ------------------------------------------------
  DLX                5K_hvratio_1_4        NangateOpenCellLibrary

  Point                                                   Incr       Path
  --------------------------------------------------------------------------
  clock CLK (rise edge)                                 0.0000     0.0000
  clock network delay (ideal)                           0.0500     0.0500
  DP_i/fetch_i_IR_out_reg_29_/CK (DFF_X2)               0.0000     0.0500 r
  DP_i/fetch_i_IR_out_reg_29_/Q (DFF_X2)                0.1419     0.1919 r
  DP_i/opcode_3_ (DataPath)                             0.0000     0.1919 r
  U782/ZN (OR2_X1)                                      0.0580     0.2499 r
  U869/ZN (OR3_X4)                                      0.0881     0.3380 r
  DP_i/RF2_BAR (DataPath)                               0.0000     0.3380 r
  DP_i/U320/ZN (AND2_X1)                                0.0835     0.4215 r
  DP_i/U1655/ZN (NOR2_X1)                               0.0329     0.4544 f
  DP_i/U1656/ZN (AOI22_X1)                              0.0789     0.5333 r
  DP_i/U1658/ZN (NOR2_X1)                               0.0297     0.5629 f
  DP_i/U1660/ZN (NOR2_X1)                               0.0416     0.6045 r
  DP_i/U41/ZN (OR2_X1)                                  0.0503     0.6548 r
  DP_i/U1664/ZN (OAI21_X1)                              0.0376     0.6923 f
  DP_i/U4532/CO (FA_X1)                                 0.0927     0.7850 f
  DP_i/U1667/ZN (AOI21_X1)                              0.0547     0.8397 r
  DP_i/U1675/ZN (OAI21_X1)                              0.0400     0.8797 f
  DP_i/U1676/ZN (AOI221_X1)                             0.0645     0.9442 r
  DP_i/U1677/ZN (INV_X1)                                0.0291     0.9733 f
  DP_i/U1679/ZN (OAI21_X1)                              0.0556     1.0289 r
  DP_i/U5058/CO (FA_X1)                                 0.0757     1.1046 r
  DP_i/U1022/ZN (INV_X1)                                0.0310     1.1356 f
  DP_i/U312/ZN (OAI21_X1)                               0.0756     1.2112 r
  DP_i/U409/ZN (AND3_X1)                                0.0665     1.2777 r
  DP_i/U309/ZN (OAI211_X1)                              0.0470     1.3247 f
  DP_i/U3193/ZN (AND2_X1)                               0.0495     1.3742 f
  DP_i/U50/ZN (OR2_X1)                                  0.0668     1.4410 f
  DP_i/U1004/ZN (NAND3_X1)                              0.0413     1.4823 r
  DP_i/U3199/ZN (XNOR2_X1)                              0.0404     1.5227 f
  DP_i/U49/ZN (AOI22_X1)                                0.1091     1.6318 r
  DP_i/U1076/ZN (XNOR2_X1)                              0.0793     1.7111 r
  DP_i/U1075/ZN (NAND4_X1)                              0.0479     1.7590 f
  DP_i/U1074/ZN (AND2_X2)                               0.0551     1.8140 f
  DP_i/U6758/ZN (OR3_X1)                                0.0952     1.9093 f
  DP_i/U6759/ZN (INV_X2)                                0.1228     2.0321 r
  DP_i/U2966/ZN (AOI22_X1)                              0.0743     2.1064 f
  DP_i/U2967/ZN (OAI211_X1)                             0.0506     2.1570 r
  DP_i/fetch_i_pc_i_Y_reg_9_/D (DFF_X1)                 0.0110     2.1680 r
  data arrival time                                                2.1680

  clock CLK (rise edge)                                 2.2000     2.2000
  clock network delay (ideal)                           0.0500     2.2500
  clock uncertainty                                    -0.0500     2.2000
  DP_i/fetch_i_pc_i_Y_reg_9_/CK (DFF_X1)                0.0000     2.2000 r
  library setup time                                   -0.0314     2.1686
  data required time                                               2.1686
  --------------------------------------------------------------------------
  data required time                                               2.1686
  data arrival time                                               -2.1680
  --------------------------------------------------------------------------
  slack (MET)                                                      0.0006


  Startpoint: DP_i/fetch_i_IR_out_reg_29_
              (rising edge-triggered flip-flop clocked by CLK)
  Endpoint: DP_i/fetch_i_pc_i_Y_reg_5_
            (rising edge-triggered flip-flop clocked by CLK)
  Path Group: REG2REG
  Path Type: max

  Des/Clust/Port     Wire Load Model       Library
  ------------------------------------------------
  DLX                5K_hvratio_1_4        NangateOpenCellLibrary

  Point                                                   Incr       Path
  --------------------------------------------------------------------------
  clock CLK (rise edge)                                 0.0000     0.0000
  clock network delay (ideal)                           0.0500     0.0500
  DP_i/fetch_i_IR_out_reg_29_/CK (DFF_X2)               0.0000     0.0500 r
  DP_i/fetch_i_IR_out_reg_29_/Q (DFF_X2)                0.1419     0.1919 r
  DP_i/opcode_3_ (DataPath)                             0.0000     0.1919 r
  U782/ZN (OR2_X1)                                      0.0580     0.2499 r
  U869/ZN (OR3_X4)                                      0.0881     0.3380 r
  DP_i/RF2_BAR (DataPath)                               0.0000     0.3380 r
  DP_i/U320/ZN (AND2_X1)                                0.0835     0.4215 r
  DP_i/U1655/ZN (NOR2_X1)                               0.0329     0.4544 f
  DP_i/U1656/ZN (AOI22_X1)                              0.0789     0.5333 r
  DP_i/U1658/ZN (NOR2_X1)                               0.0297     0.5629 f
  DP_i/U1660/ZN (NOR2_X1)                               0.0416     0.6045 r
  DP_i/U41/ZN (OR2_X1)                                  0.0503     0.6548 r
  DP_i/U1664/ZN (OAI21_X1)                              0.0376     0.6923 f
  DP_i/U4532/CO (FA_X1)                                 0.0927     0.7850 f
  DP_i/U1667/ZN (AOI21_X1)                              0.0547     0.8397 r
  DP_i/U1675/ZN (OAI21_X1)                              0.0400     0.8797 f
  DP_i/U1676/ZN (AOI221_X1)                             0.0645     0.9442 r
  DP_i/U1677/ZN (INV_X1)                                0.0291     0.9733 f
  DP_i/U1679/ZN (OAI21_X1)                              0.0556     1.0289 r
  DP_i/U5058/CO (FA_X1)                                 0.0757     1.1046 r
  DP_i/U1022/ZN (INV_X1)                                0.0310     1.1356 f
  DP_i/U312/ZN (OAI21_X1)                               0.0756     1.2112 r
  DP_i/U409/ZN (AND3_X1)                                0.0665     1.2777 r
  DP_i/U309/ZN (OAI211_X1)                              0.0470     1.3247 f
  DP_i/U3193/ZN (AND2_X1)                               0.0495     1.3742 f
  DP_i/U50/ZN (OR2_X1)                                  0.0668     1.4410 f
  DP_i/U1004/ZN (NAND3_X1)                              0.0413     1.4823 r
  DP_i/U3199/ZN (XNOR2_X1)                              0.0404     1.5227 f
  DP_i/U49/ZN (AOI22_X1)                                0.1091     1.6318 r
  DP_i/U1076/ZN (XNOR2_X1)                              0.0793     1.7111 r
  DP_i/U1075/ZN (NAND4_X1)                              0.0479     1.7590 f
  DP_i/U1074/ZN (AND2_X2)                               0.0551     1.8140 f
  DP_i/U6758/ZN (OR3_X1)                                0.0952     1.9093 f
  DP_i/U6759/ZN (INV_X2)                                0.1228     2.0321 r
  DP_i/U2986/ZN (AOI22_X1)                              0.0743     2.1064 f
  DP_i/U2987/ZN (OAI211_X1)                             0.0506     2.1570 r
  DP_i/fetch_i_pc_i_Y_reg_5_/D (DFF_X1)                 0.0110     2.1680 r
  data arrival time                                                2.1680

  clock CLK (rise edge)                                 2.2000     2.2000
  clock network delay (ideal)                           0.0500     2.2500
  clock uncertainty                                    -0.0500     2.2000
  DP_i/fetch_i_pc_i_Y_reg_5_/CK (DFF_X1)                0.0000     2.2000 r
  library setup time                                   -0.0314     2.1686
  data required time                                               2.1686
  --------------------------------------------------------------------------
  data required time                                               2.1686
  data arrival time                                               -2.1680
  --------------------------------------------------------------------------
  slack (MET)                                                      0.0006


  Startpoint: DP_i/fetch_i_IR_out_reg_29_
              (rising edge-triggered flip-flop clocked by CLK)
  Endpoint: DP_i/fetch_i_pc_i_Y_reg_8_
            (rising edge-triggered flip-flop clocked by CLK)
  Path Group: REG2REG
  Path Type: max

  Des/Clust/Port     Wire Load Model       Library
  ------------------------------------------------
  DLX                5K_hvratio_1_4        NangateOpenCellLibrary

  Point                                                   Incr       Path
  --------------------------------------------------------------------------
  clock CLK (rise edge)                                 0.0000     0.0000
  clock network delay (ideal)                           0.0500     0.0500
  DP_i/fetch_i_IR_out_reg_29_/CK (DFF_X2)               0.0000     0.0500 r
  DP_i/fetch_i_IR_out_reg_29_/Q (DFF_X2)                0.1419     0.1919 r
  DP_i/opcode_3_ (DataPath)                             0.0000     0.1919 r
  U782/ZN (OR2_X1)                                      0.0580     0.2499 r
  U869/ZN (OR3_X4)                                      0.0881     0.3380 r
  DP_i/RF2_BAR (DataPath)                               0.0000     0.3380 r
  DP_i/U320/ZN (AND2_X1)                                0.0835     0.4215 r
  DP_i/U1655/ZN (NOR2_X1)                               0.0329     0.4544 f
  DP_i/U1656/ZN (AOI22_X1)                              0.0789     0.5333 r
  DP_i/U1658/ZN (NOR2_X1)                               0.0297     0.5629 f
  DP_i/U1660/ZN (NOR2_X1)                               0.0416     0.6045 r
  DP_i/U41/ZN (OR2_X1)                                  0.0503     0.6548 r
  DP_i/U1664/ZN (OAI21_X1)                              0.0376     0.6923 f
  DP_i/U4532/CO (FA_X1)                                 0.0927     0.7850 f
  DP_i/U1667/ZN (AOI21_X1)                              0.0547     0.8397 r
  DP_i/U1675/ZN (OAI21_X1)                              0.0400     0.8797 f
  DP_i/U1676/ZN (AOI221_X1)                             0.0645     0.9442 r
  DP_i/U1677/ZN (INV_X1)                                0.0291     0.9733 f
  DP_i/U1679/ZN (OAI21_X1)                              0.0556     1.0289 r
  DP_i/U5058/CO (FA_X1)                                 0.0757     1.1046 r
  DP_i/U1022/ZN (INV_X1)                                0.0310     1.1356 f
  DP_i/U312/ZN (OAI21_X1)                               0.0756     1.2112 r
  DP_i/U409/ZN (AND3_X1)                                0.0665     1.2777 r
  DP_i/U309/ZN (OAI211_X1)                              0.0470     1.3247 f
  DP_i/U3193/ZN (AND2_X1)                               0.0495     1.3742 f
  DP_i/U50/ZN (OR2_X1)                                  0.0668     1.4410 f
  DP_i/U1004/ZN (NAND3_X1)                              0.0413     1.4823 r
  DP_i/U3199/ZN (XNOR2_X1)                              0.0404     1.5227 f
  DP_i/U49/ZN (AOI22_X1)                                0.1091     1.6318 r
  DP_i/U1076/ZN (XNOR2_X1)                              0.0793     1.7111 r
  DP_i/U1075/ZN (NAND4_X1)                              0.0479     1.7590 f
  DP_i/U1074/ZN (AND2_X2)                               0.0551     1.8140 f
  DP_i/U6758/ZN (OR3_X1)                                0.0952     1.9093 f
  DP_i/U6759/ZN (INV_X2)                                0.1228     2.0321 r
  DP_i/U2971/ZN (AOI22_X1)                              0.0743     2.1064 f
  DP_i/U2972/ZN (OAI211_X1)                             0.0506     2.1570 r
  DP_i/fetch_i_pc_i_Y_reg_8_/D (DFF_X1)                 0.0110     2.1680 r
  data arrival time                                                2.1680

  clock CLK (rise edge)                                 2.2000     2.2000
  clock network delay (ideal)                           0.0500     2.2500
  clock uncertainty                                    -0.0500     2.2000
  DP_i/fetch_i_pc_i_Y_reg_8_/CK (DFF_X1)                0.0000     2.2000 r
  library setup time                                   -0.0314     2.1686
  data required time                                               2.1686
  --------------------------------------------------------------------------
  data required time                                               2.1686
  data arrival time                                               -2.1680
  --------------------------------------------------------------------------
  slack (MET)                                                      0.0006


1
