 
****************************************
Report : timing
        -path full
        -delay max
        -nworst 2
        -max_paths 10
Design : DLX
Version: W-2024.09-SP2
Date   : Sun Sep 27 03:35:13 2026
****************************************

Operating Conditions: typical   Library: NangateOpenCellLibrary
Wire Load Model Mode: top

  Startpoint: CP_i_mem_w_reg_i_WF1_out_reg
              (rising edge-triggered flip-flop clocked by CLK)
  Endpoint: DP_i/execute_i_zero_alu_bit_Y_reg
            (rising edge-triggered flip-flop clocked by CLK)
  Path Group: REG2REG
  Path Type: max

  Des/Clust/Port     Wire Load Model       Library
  ------------------------------------------------
  DLX                5K_hvratio_1_4        NangateOpenCellLibrary

  Point                                                   Incr       Path
  --------------------------------------------------------------------------
  clock CLK (rise edge)                                 0.0000     0.0000
  clock network delay (ideal)                           0.0500     0.0500
  CP_i_mem_w_reg_i_WF1_out_reg/CK (DFF_X1)              0.0000     0.0500 r
  CP_i_mem_w_reg_i_WF1_out_reg/Q (DFF_X1)               0.1302     0.1802 r
  U1258/ZN (NAND2_X1)                                   0.0522     0.2324 f
  U1259/ZN (AOI211_X1)                                  0.0832     0.3156 r
  U1260/ZN (OAI21_X1)                                   0.0407     0.3563 f
  U1261/ZN (NOR4_X1)                                    0.1203     0.4766 r
  DP_i/fw_mem_ex_rs2 (DataPath)                         0.0000     0.4766 r
  DP_i/U112/ZN (AND2_X2)                                0.1486     0.6252 r
  DP_i/U697/ZN (AOI22_X1)                               0.0638     0.6890 f
  DP_i/U698/ZN (OAI21_X1)                               0.0528     0.7418 r
  DP_i/U699/Z (MUX2_X1)                                 0.1343     0.8761 r
  DP_i/U700/ZN (INV_X1)                                 0.1378     1.0139 f
  DP_i/U1602/ZN (AOI22_X1)                              0.1154     1.1293 r
  DP_i/U1603/ZN (INV_X1)                                0.0284     1.1577 f
  DP_i/U1606/ZN (AOI21_X1)                              0.0571     1.2148 r
  DP_i/U1607/ZN (NAND2_X1)                              0.0343     1.2490 f
  DP_i/U1609/ZN (OAI221_X1)                             0.0549     1.3040 r
  DP_i/U1610/ZN (NAND2_X1)                              0.0474     1.3514 f
  DP_i/U1611/ZN (NOR2_X1)                               0.0540     1.4054 r
  DP_i/U1612/ZN (NAND2_X1)                              0.0417     1.4472 f
  DP_i/U270/ZN (AND2_X1)                                0.0447     1.4919 f
  DP_i/U6370/CO (FA_X1)                                 0.0932     1.5851 f
  DP_i/U1617/ZN (NOR2_X1)                               0.0597     1.6448 r
  DP_i/U1913/ZN (AND2_X1)                               0.0586     1.7034 r
  DP_i/U1920/ZN (AOI21_X1)                              0.0354     1.7388 f
  DP_i/U6491/CO (FA_X1)                                 0.0974     1.8362 f
  DP_i/U2464/ZN (OR2_X1)                                0.0649     1.9010 f
  DP_i/U2471/ZN (OAI22_X1)                              0.0546     1.9556 r
  DP_i/U2473/ZN (AOI21_X1)                              0.0410     1.9966 f
  DP_i/U2475/ZN (NAND2_X1)                              0.0401     2.0367 r
  DP_i/U2540/ZN (NAND3_X1)                              0.0447     2.0814 f
  DP_i/U3507/ZN (NOR2_X1)                               0.0556     2.1370 r
  DP_i/U3511/ZN (AOI22_X1)                              0.0356     2.1726 f
  DP_i/U3512/ZN (OAI221_X1)                             0.0418     2.2144 r
  DP_i/U6604/CO (FA_X1)                                 0.0883     2.3027 r
  DP_i/U269/ZN (AND2_X1)                                0.0506     2.3533 r
  DP_i/U3849/ZN (NAND2_X1)                              0.0351     2.3883 f
  DP_i/U3850/ZN (INV_X1)                                0.0396     2.4279 r
  DP_i/U3867/ZN (OAI211_X1)                             0.0363     2.4642 f
  DP_i/U3869/ZN (NAND2_X1)                              0.0420     2.5062 r
  DP_i/U6790/ZN (NAND4_X1)                              0.0535     2.5597 f
  DP_i/U6792/ZN (AOI21_X1)                              0.0638     2.6235 r
  DP_i/U6795/ZN (NAND2_X1)                              0.0451     2.6686 f
  DP_i/U6831/ZN (NOR2_X1)                               0.0731     2.7417 r
  DP_i/U6841/ZN (OAI21_X1)                              0.0461     2.7879 f
  DP_i/U6846/Z (XOR2_X1)                                0.0842     2.8720 f
  DP_i/U6848/ZN (AOI222_X1)                             0.0995     2.9715 r
  DP_i/U6851/ZN (OAI21_X1)                              0.0517     3.0232 f
  DP_i/U6869/ZN (NAND2_X1)                              0.0436     3.0668 r
  DP_i/U6873/ZN (AOI221_X1)                             0.0384     3.1052 f
  DP_i/U6874/ZN (OAI211_X1)                             0.0520     3.1572 r
  DP_i/U6876/ZN (NAND3_X1)                              0.0369     3.1941 f
  DP_i/U6877/ZN (AOI211_X1)                             0.0967     3.2908 r
  DP_i/U4011/ZN (NAND4_X1)                              0.0519     3.3427 f
  DP_i/U4012/ZN (NOR3_X1)                               0.0650     3.4077 r
  DP_i/U2/Z (MUX2_X1)                                   0.0489     3.4566 r
  DP_i/execute_i_zero_alu_bit_Y_reg/D (DFF_X1)          0.0110     3.4676 r
  data arrival time                                                3.4676

  clock CLK (rise edge)                                 3.5000     3.5000
  clock network delay (ideal)                           0.0500     3.5500
  clock uncertainty                                    -0.0500     3.5000
  DP_i/execute_i_zero_alu_bit_Y_reg/CK (DFF_X1)         0.0000     3.5000 r
  library setup time                                   -0.0274     3.4726
  data required time                                               3.4726
  --------------------------------------------------------------------------
  data required time                                               3.4726
  data arrival time                                               -3.4676
  --------------------------------------------------------------------------
  slack (MET)                                                      0.0050


  Startpoint: CP_i_mem_w_reg_i_WF1_out_reg
              (rising edge-triggered flip-flop clocked by CLK)
  Endpoint: DP_i/execute_i_zero_alu_bit_Y_reg
            (rising edge-triggered flip-flop clocked by CLK)
  Path Group: REG2REG
  Path Type: max

  Des/Clust/Port     Wire Load Model       Library
  ------------------------------------------------
  DLX                5K_hvratio_1_4        NangateOpenCellLibrary

  Point                                                   Incr       Path
  --------------------------------------------------------------------------
  clock CLK (rise edge)                                 0.0000     0.0000
  clock network delay (ideal)                           0.0500     0.0500
  CP_i_mem_w_reg_i_WF1_out_reg/CK (DFF_X1)              0.0000     0.0500 r
  CP_i_mem_w_reg_i_WF1_out_reg/Q (DFF_X1)               0.1302     0.1802 r
  U1258/ZN (NAND2_X1)                                   0.0522     0.2324 f
  U1259/ZN (AOI211_X1)                                  0.0832     0.3156 r
  U1260/ZN (OAI21_X1)                                   0.0407     0.3563 f
  U1261/ZN (NOR4_X1)                                    0.1203     0.4766 r
  DP_i/fw_mem_ex_rs2 (DataPath)                         0.0000     0.4766 r
  DP_i/U112/ZN (AND2_X2)                                0.1486     0.6252 r
  DP_i/U697/ZN (AOI22_X1)                               0.0638     0.6890 f
  DP_i/U698/ZN (OAI21_X1)                               0.0528     0.7418 r
  DP_i/U699/Z (MUX2_X1)                                 0.1343     0.8761 r
  DP_i/U700/ZN (INV_X1)                                 0.1378     1.0139 f
  DP_i/U1602/ZN (AOI22_X1)                              0.1154     1.1293 r
  DP_i/U1603/ZN (INV_X1)                                0.0284     1.1577 f
  DP_i/U1606/ZN (AOI21_X1)                              0.0571     1.2148 r
  DP_i/U1607/ZN (NAND2_X1)                              0.0343     1.2490 f
  DP_i/U1609/ZN (OAI221_X1)                             0.0549     1.3040 r
  DP_i/U1610/ZN (NAND2_X1)                              0.0474     1.3514 f
  DP_i/U1611/ZN (NOR2_X1)                               0.0540     1.4054 r
  DP_i/U1612/ZN (NAND2_X1)                              0.0417     1.4472 f
  DP_i/U270/ZN (AND2_X1)                                0.0447     1.4919 f
  DP_i/U6370/CO (FA_X1)                                 0.0932     1.5851 f
  DP_i/U1617/ZN (NOR2_X1)                               0.0597     1.6448 r
  DP_i/U1913/ZN (AND2_X1)                               0.0586     1.7034 r
  DP_i/U1920/ZN (AOI21_X1)                              0.0354     1.7388 f
  DP_i/U6491/CO (FA_X1)                                 0.0974     1.8362 f
  DP_i/U2464/ZN (OR2_X1)                                0.0649     1.9010 f
  DP_i/U2471/ZN (OAI22_X1)                              0.0546     1.9556 r
  DP_i/U2473/ZN (AOI21_X1)                              0.0410     1.9966 f
  DP_i/U2475/ZN (NAND2_X1)                              0.0401     2.0367 r
  DP_i/U2540/ZN (NAND3_X1)                              0.0447     2.0814 f
  DP_i/U3507/ZN (NOR2_X1)                               0.0556     2.1370 r
  DP_i/U3511/ZN (AOI22_X1)                              0.0356     2.1726 f
  DP_i/U3512/ZN (OAI221_X1)                             0.0418     2.2144 r
  DP_i/U6604/CO (FA_X1)                                 0.0883     2.3027 r
  DP_i/U269/ZN (AND2_X1)                                0.0506     2.3533 r
  DP_i/U3849/ZN (NAND2_X1)                              0.0351     2.3883 f
  DP_i/U3850/ZN (INV_X1)                                0.0396     2.4279 r
  DP_i/U3867/ZN (OAI211_X1)                             0.0363     2.4642 f
  DP_i/U3869/ZN (NAND2_X1)                              0.0420     2.5062 r
  DP_i/U6790/ZN (NAND4_X1)                              0.0535     2.5597 f
  DP_i/U6792/ZN (AOI21_X1)                              0.0638     2.6235 r
  DP_i/U6795/ZN (NAND2_X1)                              0.0451     2.6686 f
  DP_i/U6831/ZN (NOR2_X1)                               0.0731     2.7417 r
  DP_i/U6841/ZN (OAI21_X1)                              0.0461     2.7879 f
  DP_i/U6846/Z (XOR2_X1)                                0.0842     2.8720 f
  DP_i/U6848/ZN (AOI222_X1)                             0.0995     2.9715 r
  DP_i/U6851/ZN (OAI21_X1)                              0.0517     3.0232 f
  DP_i/U6869/ZN (NAND2_X1)                              0.0436     3.0668 r
  DP_i/U6873/ZN (AOI221_X1)                             0.0384     3.1052 f
  DP_i/U6874/ZN (OAI211_X1)                             0.0520     3.1572 r
  DP_i/U6876/ZN (NAND3_X1)                              0.0369     3.1941 f
  DP_i/U6877/ZN (AOI211_X1)                             0.0967     3.2908 r
  DP_i/U4011/ZN (NAND4_X1)                              0.0519     3.3427 f
  DP_i/U4012/ZN (NOR3_X1)                               0.0650     3.4077 r
  DP_i/U2/Z (MUX2_X1)                                   0.0489     3.4566 r
  DP_i/execute_i_zero_alu_bit_Y_reg/D (DFF_X1)          0.0110     3.4676 r
  data arrival time                                                3.4676

  clock CLK (rise edge)                                 3.5000     3.5000
  clock network delay (ideal)                           0.0500     3.5500
  clock uncertainty                                    -0.0500     3.5000
  DP_i/execute_i_zero_alu_bit_Y_reg/CK (DFF_X1)         0.0000     3.5000 r
  library setup time                                   -0.0274     3.4726
  data required time                                               3.4726
  --------------------------------------------------------------------------
  data required time                                               3.4726
  data arrival time                                               -3.4676
  --------------------------------------------------------------------------
  slack (MET)                                                      0.0050


  Startpoint: CP_i_mem_w_reg_i_WF1_out_reg
              (rising edge-triggered flip-flop clocked by CLK)
  Endpoint: DP_i/execute_i_boothmul_i_tree_i_register_i_2_Y_temp_reg_30_
            (rising edge-triggered flip-flop clocked by CLK)
  Path Group: REG2REG
  Path Type: max

  Des/Clust/Port     Wire Load Model       Library
  ------------------------------------------------
  DLX                5K_hvratio_1_4        NangateOpenCellLibrary

  Point                                                   Incr       Path
  --------------------------------------------------------------------------
  clock CLK (rise edge)                                 0.0000     0.0000
  clock network delay (ideal)                           0.0500     0.0500
  CP_i_mem_w_reg_i_WF1_out_reg/CK (DFF_X1)              0.0000     0.0500 r
  CP_i_mem_w_reg_i_WF1_out_reg/Q (DFF_X1)               0.1302     0.1802 r
  U1258/ZN (NAND2_X1)                                   0.0522     0.2324 f
  U1259/ZN (AOI211_X1)                                  0.0832     0.3156 r
  U1260/ZN (OAI21_X1)                                   0.0407     0.3563 f
  U1261/ZN (NOR4_X1)                                    0.1203     0.4766 r
  DP_i/fw_mem_ex_rs2 (DataPath)                         0.0000     0.4766 r
  DP_i/U112/ZN (AND2_X2)                                0.1486     0.6252 r
  DP_i/U1511/ZN (AOI22_X1)                              0.0638     0.6890 f
  DP_i/U1512/ZN (OAI21_X1)                              0.0547     0.7437 r
  DP_i/U1541/ZN (AOI22_X1)                              0.0450     0.7887 f
  DP_i/U1542/ZN (INV_X1)                                0.1394     0.9281 r
  DP_i/U157/Z (CLKBUF_X2)                               0.2206     1.1487 r
  DP_i/U1543/ZN (INV_X2)                                0.1926     1.3413 f
  DP_i/U181/ZN (NOR2_X1)                                0.1874     1.5286 r
  DP_i/U1742/ZN (NAND2_X1)                              0.0682     1.5968 f
  DP_i/U17/ZN (AND2_X1)                                 0.0996     1.6964 f
  DP_i/U2021/ZN (OAI22_X1)                              0.1361     1.8325 r
  DP_i/U2022/ZN (INV_X1)                                0.0894     1.9219 f
  DP_i/U2874/ZN (AOI22_X1)                              0.1934     2.1153 r
  DP_i/U2876/ZN (INV_X1)                                0.1466     2.2619 f
  DP_i/U5220/ZN (XNOR2_X1)                              0.1218     2.3836 f
  DP_i/U5221/ZN (AOI222_X1)                             0.1423     2.5260 r
  DP_i/U5809/S (FA_X1)                                  0.1443     2.6702 f
  DP_i/U5810/ZN (XNOR2_X1)                              0.0703     2.7405 f
  DP_i/U5811/ZN (XNOR2_X1)                              0.0634     2.8040 f
  DP_i/U5812/ZN (XNOR2_X1)                              0.0641     2.8681 f
  DP_i/U5813/ZN (XNOR2_X1)                              0.0691     2.9371 f
  DP_i/U5814/ZN (XNOR2_X1)                              0.0778     3.0150 f
  DP_i/U7162/ZN (AOI222_X1)                             0.1364     3.1514 r
  DP_i/U7164/ZN (INV_X1)                                0.0330     3.1844 f
  DP_i/U7165/ZN (NAND2_X1)                              0.0415     3.2258 r
  DP_i/U7410/ZN (OAI21_X1)                              0.0407     3.2665 f
  DP_i/U1911/ZN (OAI21_X1)                              0.0498     3.3163 r
  DP_i/U1912/ZN (AOI21_X1)                              0.0300     3.3463 f
  DP_i/execute_i_boothmul_i_tree_i_register_i_2_Y_temp_reg_30_/D (DFF_X1)
                                                        0.0104     3.3567 f
  data arrival time                                                3.3567

  clock CLK (rise edge)                                 3.5000     3.5000
  clock network delay (ideal)                           0.0500     3.5500
  clock uncertainty                                    -0.0500     3.5000
  DP_i/execute_i_boothmul_i_tree_i_register_i_2_Y_temp_reg_30_/CK (DFF_X1)
                                                        0.0000     3.5000 r
  library setup time                                   -0.0269     3.4731
  data required time                                               3.4731
  --------------------------------------------------------------------------
  data required time                                               3.4731
  data arrival time                                               -3.3567
  --------------------------------------------------------------------------
  slack (MET)                                                      0.1164


  Startpoint: CP_i_mem_w_reg_i_WF1_out_reg
              (rising edge-triggered flip-flop clocked by CLK)
  Endpoint: DP_i/execute_i_boothmul_i_tree_i_register_i_2_Y_temp_reg_30_
            (rising edge-triggered flip-flop clocked by CLK)
  Path Group: REG2REG
  Path Type: max

  Des/Clust/Port     Wire Load Model       Library
  ------------------------------------------------
  DLX                5K_hvratio_1_4        NangateOpenCellLibrary

  Point                                                   Incr       Path
  --------------------------------------------------------------------------
  clock CLK (rise edge)                                 0.0000     0.0000
  clock network delay (ideal)                           0.0500     0.0500
  CP_i_mem_w_reg_i_WF1_out_reg/CK (DFF_X1)              0.0000     0.0500 r
  CP_i_mem_w_reg_i_WF1_out_reg/Q (DFF_X1)               0.1302     0.1802 r
  U1258/ZN (NAND2_X1)                                   0.0522     0.2324 f
  U1259/ZN (AOI211_X1)                                  0.0832     0.3156 r
  U1260/ZN (OAI21_X1)                                   0.0407     0.3563 f
  U1261/ZN (NOR4_X1)                                    0.1203     0.4766 r
  DP_i/fw_mem_ex_rs2 (DataPath)                         0.0000     0.4766 r
  DP_i/U112/ZN (AND2_X2)                                0.1486     0.6252 r
  DP_i/U1511/ZN (AOI22_X1)                              0.0637     0.6889 f
  DP_i/U1512/ZN (OAI21_X1)                              0.0547     0.7436 r
  DP_i/U1541/ZN (AOI22_X1)                              0.0450     0.7886 f
  DP_i/U1542/ZN (INV_X1)                                0.1394     0.9280 r
  DP_i/U157/Z (CLKBUF_X2)                               0.2206     1.1486 r
  DP_i/U1543/ZN (INV_X2)                                0.1926     1.3412 f
  DP_i/U181/ZN (NOR2_X1)                                0.1874     1.5285 r
  DP_i/U1742/ZN (NAND2_X1)                              0.0682     1.5967 f
  DP_i/U17/ZN (AND2_X1)                                 0.0996     1.6963 f
  DP_i/U2021/ZN (OAI22_X1)                              0.1361     1.8324 r
  DP_i/U2022/ZN (INV_X1)                                0.0894     1.9218 f
  DP_i/U2874/ZN (AOI22_X1)                              0.1934     2.1152 r
  DP_i/U2876/ZN (INV_X1)                                0.1466     2.2618 f
  DP_i/U5220/ZN (XNOR2_X1)                              0.1218     2.3835 f
  DP_i/U5221/ZN (AOI222_X1)                             0.1423     2.5259 r
  DP_i/U5809/S (FA_X1)                                  0.1443     2.6701 f
  DP_i/U5810/ZN (XNOR2_X1)                              0.0703     2.7404 f
  DP_i/U5811/ZN (XNOR2_X1)                              0.0634     2.8039 f
  DP_i/U5812/ZN (XNOR2_X1)                              0.0641     2.8680 f
  DP_i/U5813/ZN (XNOR2_X1)                              0.0691     2.9370 f
  DP_i/U5814/ZN (XNOR2_X1)                              0.0778     3.0149 f
  DP_i/U7162/ZN (AOI222_X1)                             0.1364     3.1513 r
  DP_i/U7164/ZN (INV_X1)                                0.0330     3.1843 f
  DP_i/U7165/ZN (NAND2_X1)                              0.0415     3.2257 r
  DP_i/U7410/ZN (OAI21_X1)                              0.0407     3.2664 f
  DP_i/U1911/ZN (OAI21_X1)                              0.0498     3.3162 r
  DP_i/U1912/ZN (AOI21_X1)                              0.0300     3.3462 f
  DP_i/execute_i_boothmul_i_tree_i_register_i_2_Y_temp_reg_30_/D (DFF_X1)
                                                        0.0104     3.3566 f
  data arrival time                                                3.3566

  clock CLK (rise edge)                                 3.5000     3.5000
  clock network delay (ideal)                           0.0500     3.5500
  clock uncertainty                                    -0.0500     3.5000
  DP_i/execute_i_boothmul_i_tree_i_register_i_2_Y_temp_reg_30_/CK (DFF_X1)
                                                        0.0000     3.5000 r
  library setup time                                   -0.0269     3.4731
  data required time                                               3.4731
  --------------------------------------------------------------------------
  data required time                                               3.4731
  data arrival time                                               -3.3566
  --------------------------------------------------------------------------
  slack (MET)                                                      0.1165


  Startpoint: CP_i_mem_w_reg_i_WF1_out_reg
              (rising edge-triggered flip-flop clocked by CLK)
  Endpoint: DP_i/execute_i_alu_out_reg_i_Y_reg_0_
            (rising edge-triggered flip-flop clocked by CLK)
  Path Group: REG2REG
  Path Type: max

  Des/Clust/Port     Wire Load Model       Library
  ------------------------------------------------
  DLX                5K_hvratio_1_4        NangateOpenCellLibrary

  Point                                                   Incr       Path
  --------------------------------------------------------------------------
  clock CLK (rise edge)                                 0.0000     0.0000
  clock network delay (ideal)                           0.0500     0.0500
  CP_i_mem_w_reg_i_WF1_out_reg/CK (DFF_X1)              0.0000     0.0500 r
  CP_i_mem_w_reg_i_WF1_out_reg/Q (DFF_X1)               0.1302     0.1802 r
  U1258/ZN (NAND2_X1)                                   0.0522     0.2324 f
  U1259/ZN (AOI211_X1)                                  0.0832     0.3156 r
  U1260/ZN (OAI21_X1)                                   0.0407     0.3563 f
  U1261/ZN (NOR4_X1)                                    0.1203     0.4766 r
  DP_i/fw_mem_ex_rs2 (DataPath)                         0.0000     0.4766 r
  DP_i/U112/ZN (AND2_X2)                                0.1486     0.6252 r
  DP_i/U697/ZN (AOI22_X1)                               0.0638     0.6890 f
  DP_i/U698/ZN (OAI21_X1)                               0.0528     0.7418 r
  DP_i/U699/Z (MUX2_X1)                                 0.1343     0.8761 r
  DP_i/U700/ZN (INV_X1)                                 0.1378     1.0139 f
  DP_i/U1602/ZN (AOI22_X1)                              0.1154     1.1293 r
  DP_i/U1603/ZN (INV_X1)                                0.0284     1.1577 f
  DP_i/U1606/ZN (AOI21_X1)                              0.0571     1.2148 r
  DP_i/U1607/ZN (NAND2_X1)                              0.0343     1.2490 f
  DP_i/U1609/ZN (OAI221_X1)                             0.0549     1.3040 r
  DP_i/U1610/ZN (NAND2_X1)                              0.0474     1.3514 f
  DP_i/U1611/ZN (NOR2_X1)                               0.0540     1.4054 r
  DP_i/U1612/ZN (NAND2_X1)                              0.0417     1.4472 f
  DP_i/U270/ZN (AND2_X1)                                0.0447     1.4919 f
  DP_i/U6370/CO (FA_X1)                                 0.0932     1.5851 f
  DP_i/U1617/ZN (NOR2_X1)                               0.0597     1.6448 r
  DP_i/U1913/ZN (AND2_X1)                               0.0586     1.7034 r
  DP_i/U1920/ZN (AOI21_X1)                              0.0354     1.7388 f
  DP_i/U6491/CO (FA_X1)                                 0.0974     1.8362 f
  DP_i/U2464/ZN (OR2_X1)                                0.0649     1.9010 f
  DP_i/U2471/ZN (OAI22_X1)                              0.0546     1.9556 r
  DP_i/U2473/ZN (AOI21_X1)                              0.0410     1.9966 f
  DP_i/U2475/ZN (NAND2_X1)                              0.0401     2.0367 r
  DP_i/U2540/ZN (NAND3_X1)                              0.0447     2.0814 f
  DP_i/U3507/ZN (NOR2_X1)                               0.0556     2.1370 r
  DP_i/U3511/ZN (AOI22_X1)                              0.0356     2.1726 f
  DP_i/U3512/ZN (OAI221_X1)                             0.0418     2.2144 r
  DP_i/U6604/CO (FA_X1)                                 0.0883     2.3027 r
  DP_i/U269/ZN (AND2_X1)                                0.0506     2.3533 r
  DP_i/U3849/ZN (NAND2_X1)                              0.0351     2.3883 f
  DP_i/U3850/ZN (INV_X1)                                0.0396     2.4279 r
  DP_i/U3867/ZN (OAI211_X1)                             0.0363     2.4642 f
  DP_i/U3869/ZN (NAND2_X1)                              0.0420     2.5062 r
  DP_i/U6790/ZN (NAND4_X1)                              0.0535     2.5597 f
  DP_i/U6792/ZN (AOI21_X1)                              0.0638     2.6235 r
  DP_i/U6795/ZN (NAND2_X1)                              0.0451     2.6686 f
  DP_i/U6831/ZN (NOR2_X1)                               0.0731     2.7417 r
  DP_i/U6841/ZN (OAI21_X1)                              0.0461     2.7879 f
  DP_i/U6846/Z (XOR2_X1)                                0.0842     2.8720 f
  DP_i/U6848/ZN (AOI222_X1)                             0.0995     2.9715 r
  DP_i/U6851/ZN (OAI21_X1)                              0.0517     3.0232 f
  DP_i/U6869/ZN (NAND2_X1)                              0.0436     3.0668 r
  DP_i/U6873/ZN (AOI221_X1)                             0.0384     3.1052 f
  DP_i/U6874/ZN (OAI211_X1)                             0.0520     3.1572 r
  DP_i/U6876/ZN (NAND3_X1)                              0.0369     3.1941 f
  DP_i/U6877/ZN (AOI211_X1)                             0.0967     3.2908 r
  DP_i/U4061/ZN (NOR2_X1)                               0.0262     3.3171 f
  DP_i/execute_i_alu_out_reg_i_Y_reg_0_/D (DFF_X1)      0.0104     3.3275 f
  data arrival time                                                3.3275

  clock CLK (rise edge)                                 3.5000     3.5000
  clock network delay (ideal)                           0.0500     3.5500
  clock uncertainty                                    -0.0500     3.5000
  DP_i/execute_i_alu_out_reg_i_Y_reg_0_/CK (DFF_X1)     0.0000     3.5000 r
  library setup time                                   -0.0266     3.4734
  data required time                                               3.4734
  --------------------------------------------------------------------------
  data required time                                               3.4734
  data arrival time                                               -3.3275
  --------------------------------------------------------------------------
  slack (MET)                                                      0.1459


  Startpoint: CP_i_mem_w_reg_i_WF1_out_reg
              (rising edge-triggered flip-flop clocked by CLK)
  Endpoint: DP_i/execute_i_alu_out_reg_i_Y_reg_0_
            (rising edge-triggered flip-flop clocked by CLK)
  Path Group: REG2REG
  Path Type: max

  Des/Clust/Port     Wire Load Model       Library
  ------------------------------------------------
  DLX                5K_hvratio_1_4        NangateOpenCellLibrary

  Point                                                   Incr       Path
  --------------------------------------------------------------------------
  clock CLK (rise edge)                                 0.0000     0.0000
  clock network delay (ideal)                           0.0500     0.0500
  CP_i_mem_w_reg_i_WF1_out_reg/CK (DFF_X1)              0.0000     0.0500 r
  CP_i_mem_w_reg_i_WF1_out_reg/Q (DFF_X1)               0.1302     0.1802 r
  U1258/ZN (NAND2_X1)                                   0.0522     0.2324 f
  U1259/ZN (AOI211_X1)                                  0.0832     0.3156 r
  U1260/ZN (OAI21_X1)                                   0.0407     0.3563 f
  U1261/ZN (NOR4_X1)                                    0.1203     0.4766 r
  DP_i/fw_mem_ex_rs2 (DataPath)                         0.0000     0.4766 r
  DP_i/U112/ZN (AND2_X2)                                0.1486     0.6252 r
  DP_i/U697/ZN (AOI22_X1)                               0.0638     0.6890 f
  DP_i/U698/ZN (OAI21_X1)                               0.0528     0.7418 r
  DP_i/U699/Z (MUX2_X1)                                 0.1343     0.8761 r
  DP_i/U700/ZN (INV_X1)                                 0.1378     1.0139 f
  DP_i/U1602/ZN (AOI22_X1)                              0.1154     1.1293 r
  DP_i/U1603/ZN (INV_X1)                                0.0284     1.1577 f
  DP_i/U1606/ZN (AOI21_X1)                              0.0571     1.2148 r
  DP_i/U1607/ZN (NAND2_X1)                              0.0343     1.2490 f
  DP_i/U1609/ZN (OAI221_X1)                             0.0549     1.3040 r
  DP_i/U1610/ZN (NAND2_X1)                              0.0474     1.3514 f
  DP_i/U1611/ZN (NOR2_X1)                               0.0540     1.4054 r
  DP_i/U1612/ZN (NAND2_X1)                              0.0417     1.4472 f
  DP_i/U270/ZN (AND2_X1)                                0.0447     1.4919 f
  DP_i/U6370/CO (FA_X1)                                 0.0932     1.5851 f
  DP_i/U1617/ZN (NOR2_X1)                               0.0597     1.6448 r
  DP_i/U1913/ZN (AND2_X1)                               0.0586     1.7034 r
  DP_i/U1920/ZN (AOI21_X1)                              0.0354     1.7388 f
  DP_i/U6491/CO (FA_X1)                                 0.0974     1.8362 f
  DP_i/U2464/ZN (OR2_X1)                                0.0649     1.9010 f
  DP_i/U2471/ZN (OAI22_X1)                              0.0546     1.9556 r
  DP_i/U2473/ZN (AOI21_X1)                              0.0410     1.9966 f
  DP_i/U2475/ZN (NAND2_X1)                              0.0401     2.0367 r
  DP_i/U2540/ZN (NAND3_X1)                              0.0447     2.0814 f
  DP_i/U3507/ZN (NOR2_X1)                               0.0556     2.1370 r
  DP_i/U3511/ZN (AOI22_X1)                              0.0356     2.1726 f
  DP_i/U3512/ZN (OAI221_X1)                             0.0418     2.2144 r
  DP_i/U6604/CO (FA_X1)                                 0.0883     2.3027 r
  DP_i/U269/ZN (AND2_X1)                                0.0506     2.3533 r
  DP_i/U3849/ZN (NAND2_X1)                              0.0351     2.3883 f
  DP_i/U3850/ZN (INV_X1)                                0.0396     2.4279 r
  DP_i/U3867/ZN (OAI211_X1)                             0.0363     2.4642 f
  DP_i/U3869/ZN (NAND2_X1)                              0.0420     2.5062 r
  DP_i/U6790/ZN (NAND4_X1)                              0.0535     2.5597 f
  DP_i/U6792/ZN (AOI21_X1)                              0.0638     2.6235 r
  DP_i/U6795/ZN (NAND2_X1)                              0.0451     2.6686 f
  DP_i/U6831/ZN (NOR2_X1)                               0.0731     2.7417 r
  DP_i/U6841/ZN (OAI21_X1)                              0.0461     2.7879 f
  DP_i/U6846/Z (XOR2_X1)                                0.0842     2.8720 f
  DP_i/U6848/ZN (AOI222_X1)                             0.0995     2.9715 r
  DP_i/U6851/ZN (OAI21_X1)                              0.0517     3.0232 f
  DP_i/U6869/ZN (NAND2_X1)                              0.0436     3.0668 r
  DP_i/U6873/ZN (AOI221_X1)                             0.0384     3.1052 f
  DP_i/U6874/ZN (OAI211_X1)                             0.0520     3.1572 r
  DP_i/U6876/ZN (NAND3_X1)                              0.0369     3.1941 f
  DP_i/U6877/ZN (AOI211_X1)                             0.0967     3.2908 r
  DP_i/U4061/ZN (NOR2_X1)                               0.0262     3.3171 f
  DP_i/execute_i_alu_out_reg_i_Y_reg_0_/D (DFF_X1)      0.0104     3.3275 f
  data arrival time                                                3.3275

  clock CLK (rise edge)                                 3.5000     3.5000
  clock network delay (ideal)                           0.0500     3.5500
  clock uncertainty                                    -0.0500     3.5000
  DP_i/execute_i_alu_out_reg_i_Y_reg_0_/CK (DFF_X1)     0.0000     3.5000 r
  library setup time                                   -0.0266     3.4734
  data required time                                               3.4734
  --------------------------------------------------------------------------
  data required time                                               3.4734
  data arrival time                                               -3.3275
  --------------------------------------------------------------------------
  slack (MET)                                                      0.1459


  Startpoint: DP_i/fetch_i_IR_out_reg_26_
              (rising edge-triggered flip-flop clocked by CLK)
  Endpoint: DP_i/fetch_i_pc_i_Y_reg_0_
            (rising edge-triggered flip-flop clocked by CLK)
  Path Group: REG2REG
  Path Type: max

  Des/Clust/Port     Wire Load Model       Library
  ------------------------------------------------
  DLX                5K_hvratio_1_4        NangateOpenCellLibrary

  Point                                                   Incr       Path
  --------------------------------------------------------------------------
  clock CLK (rise edge)                                 0.0000     0.0000
  clock network delay (ideal)                           0.0500     0.0500
  DP_i/fetch_i_IR_out_reg_26_/CK (DFF_X1)               0.0000     0.0500 r
  DP_i/fetch_i_IR_out_reg_26_/Q (DFF_X1)                0.1904     0.2404 r
  DP_i/opcode[0] (DataPath)                             0.0000     0.2404 r
  U798/ZN (INV_X1)                                      0.0840     0.3245 f
  U859/ZN (NAND3_X1)                                    0.0761     0.4006 r
  U861/ZN (NOR2_X2)                                     0.0721     0.4727 f
  DP_i/RF2 (DataPath)                                   0.0000     0.4727 f
  DP_i/U277/ZN (INV_X1)                                 0.1295     0.6022 r
  DP_i/U393/ZN (NAND3_X1)                               0.0654     0.6676 f
  DP_i/U394/ZN (OAI21_X1)                               0.0469     0.7145 r
  DP_i/U395/ZN (NAND2_X1)                               0.0392     0.7536 f
  DP_i/U396/ZN (NAND2_X1)                               0.0388     0.7925 r
  DP_i/U397/ZN (NAND2_X1)                               0.0400     0.8325 f
  DP_i/U276/ZN (NOR2_X1)                                0.0906     0.9231 r
  DP_i/U400/ZN (OAI22_X1)                               0.0480     0.9710 f
  DP_i/U402/ZN (OAI21_X1)                               0.0844     1.0554 r
  DP_i/U403/ZN (INV_X1)                                 0.0368     1.0922 f
  DP_i/U417/ZN (OAI21_X1)                               0.0507     1.1429 r
  DP_i/U568/CO (FA_X1)                                  0.0780     1.2209 r
  DP_i/U418/ZN (INV_X1)                                 0.0356     1.2565 f
  DP_i/U434/ZN (OAI211_X1)                              0.0594     1.3159 r
  DP_i/U435/ZN (NAND2_X1)                               0.0396     1.3555 f
  DP_i/U436/ZN (OAI21_X1)                               0.0436     1.3990 r
  DP_i/U437/ZN (NAND2_X1)                               0.0438     1.4428 f
  DP_i/U1488/ZN (NOR2_X1)                               0.0580     1.5008 r
  DP_i/U1790/Z (XOR2_X1)                                0.0731     1.5739 r
  DP_i/U1792/ZN (AOI21_X1)                              0.0343     1.6082 f
  DP_i/U1795/ZN (XNOR2_X1)                              0.0619     1.6701 f
  DP_i/U1973/ZN (OAI21_X1)                              0.0725     1.7425 r
  DP_i/U272/ZN (OAI21_X1)                               0.0452     1.7877 f
  DP_i/U2816/CO (FA_X1)                                 0.1005     1.8882 f
  DP_i/U3157/ZN (NAND2_X1)                              0.0410     1.9292 r
  DP_i/U3158/ZN (XNOR2_X1)                              0.0641     1.9933 r
  DP_i/U3159/ZN (XNOR2_X1)                              0.0510     2.0443 f
  DP_i/U3160/ZN (AOI222_X1)                             0.1667     2.2109 r
  DP_i/U5368/ZN (OAI221_X1)                             0.0711     2.2820 f
  DP_i/U5369/ZN (NOR4_X1)                               0.0958     2.3778 r
  DP_i/U268/ZN (AND4_X1)                                0.0706     2.4483 r
  DP_i/U5386/ZN (OAI221_X1)                             0.0466     2.4949 f
  DP_i/U5387/ZN (NOR4_X1)                               0.0994     2.5943 r
  DP_i/U5388/ZN (OAI221_X1)                             0.0560     2.6503 f
  DP_i/U5393/ZN (OAI211_X1)                             0.0485     2.6988 r
  DP_i/U5394/ZN (AOI21_X1)                              0.0511     2.7500 f
  DP_i/U5757/ZN (NOR3_X1)                               0.1771     2.9271 r
  DP_i/U159/Z (CLKBUF_X1)                               0.2069     3.1340 r
  DP_i/U3096/ZN (AOI22_X1)                              0.0755     3.2096 f
  DP_i/U3097/ZN (OAI211_X1)                             0.0584     3.2680 r
  DP_i/fetch_i_pc_i_Y_reg_0_/D (DFF_X1)                 0.0110     3.2789 r
  data arrival time                                                3.2789

  clock CLK (rise edge)                                 3.5000     3.5000
  clock network delay (ideal)                           0.0500     3.5500
  clock uncertainty                                    -0.0500     3.5000
  DP_i/fetch_i_pc_i_Y_reg_0_/CK (DFF_X1)                0.0000     3.5000 r
  library setup time                                   -0.0339     3.4661
  data required time                                               3.4661
  --------------------------------------------------------------------------
  data required time                                               3.4661
  data arrival time                                               -3.2789
  --------------------------------------------------------------------------
  slack (MET)                                                      0.1872


  Startpoint: DP_i/fetch_i_IR_out_reg_26_
              (rising edge-triggered flip-flop clocked by CLK)
  Endpoint: DP_i/fetch_i_pc_i_Y_reg_1_
            (rising edge-triggered flip-flop clocked by CLK)
  Path Group: REG2REG
  Path Type: max

  Des/Clust/Port     Wire Load Model       Library
  ------------------------------------------------
  DLX                5K_hvratio_1_4        NangateOpenCellLibrary

  Point                                                   Incr       Path
  --------------------------------------------------------------------------
  clock CLK (rise edge)                                 0.0000     0.0000
  clock network delay (ideal)                           0.0500     0.0500
  DP_i/fetch_i_IR_out_reg_26_/CK (DFF_X1)               0.0000     0.0500 r
  DP_i/fetch_i_IR_out_reg_26_/Q (DFF_X1)                0.1904     0.2404 r
  DP_i/opcode[0] (DataPath)                             0.0000     0.2404 r
  U798/ZN (INV_X1)                                      0.0840     0.3245 f
  U859/ZN (NAND3_X1)                                    0.0761     0.4006 r
  U861/ZN (NOR2_X2)                                     0.0721     0.4727 f
  DP_i/RF2 (DataPath)                                   0.0000     0.4727 f
  DP_i/U277/ZN (INV_X1)                                 0.1295     0.6022 r
  DP_i/U393/ZN (NAND3_X1)                               0.0654     0.6676 f
  DP_i/U394/ZN (OAI21_X1)                               0.0469     0.7145 r
  DP_i/U395/ZN (NAND2_X1)                               0.0392     0.7536 f
  DP_i/U396/ZN (NAND2_X1)                               0.0388     0.7925 r
  DP_i/U397/ZN (NAND2_X1)                               0.0400     0.8325 f
  DP_i/U276/ZN (NOR2_X1)                                0.0906     0.9231 r
  DP_i/U400/ZN (OAI22_X1)                               0.0480     0.9710 f
  DP_i/U402/ZN (OAI21_X1)                               0.0844     1.0554 r
  DP_i/U403/ZN (INV_X1)                                 0.0368     1.0922 f
  DP_i/U417/ZN (OAI21_X1)                               0.0507     1.1429 r
  DP_i/U568/CO (FA_X1)                                  0.0780     1.2209 r
  DP_i/U418/ZN (INV_X1)                                 0.0356     1.2565 f
  DP_i/U434/ZN (OAI211_X1)                              0.0594     1.3159 r
  DP_i/U435/ZN (NAND2_X1)                               0.0396     1.3555 f
  DP_i/U436/ZN (OAI21_X1)                               0.0436     1.3990 r
  DP_i/U437/ZN (NAND2_X1)                               0.0438     1.4428 f
  DP_i/U1488/ZN (NOR2_X1)                               0.0580     1.5008 r
  DP_i/U1790/Z (XOR2_X1)                                0.0731     1.5739 r
  DP_i/U1792/ZN (AOI21_X1)                              0.0343     1.6082 f
  DP_i/U1795/ZN (XNOR2_X1)                              0.0619     1.6701 f
  DP_i/U1973/ZN (OAI21_X1)                              0.0725     1.7425 r
  DP_i/U272/ZN (OAI21_X1)                               0.0452     1.7877 f
  DP_i/U2816/CO (FA_X1)                                 0.1005     1.8882 f
  DP_i/U3157/ZN (NAND2_X1)                              0.0410     1.9292 r
  DP_i/U3158/ZN (XNOR2_X1)                              0.0641     1.9933 r
  DP_i/U3159/ZN (XNOR2_X1)                              0.0510     2.0443 f
  DP_i/U3160/ZN (AOI222_X1)                             0.1667     2.2109 r
  DP_i/U5368/ZN (OAI221_X1)                             0.0711     2.2820 f
  DP_i/U5369/ZN (NOR4_X1)                               0.0958     2.3778 r
  DP_i/U268/ZN (AND4_X1)                                0.0706     2.4483 r
  DP_i/U5386/ZN (OAI221_X1)                             0.0466     2.4949 f
  DP_i/U5387/ZN (NOR4_X1)                               0.0994     2.5943 r
  DP_i/U5388/ZN (OAI221_X1)                             0.0560     2.6503 f
  DP_i/U5393/ZN (OAI211_X1)                             0.0485     2.6988 r
  DP_i/U5394/ZN (AOI21_X1)                              0.0511     2.7500 f
  DP_i/U5757/ZN (NOR3_X1)                               0.1771     2.9271 r
  DP_i/U159/Z (CLKBUF_X1)                               0.2069     3.1340 r
  DP_i/U3089/ZN (AOI22_X1)                              0.0755     3.2096 f
  DP_i/U3090/ZN (OAI211_X1)                             0.0584     3.2680 r
  DP_i/fetch_i_pc_i_Y_reg_1_/D (DFF_X1)                 0.0110     3.2789 r
  data arrival time                                                3.2789

  clock CLK (rise edge)                                 3.5000     3.5000
  clock network delay (ideal)                           0.0500     3.5500
  clock uncertainty                                    -0.0500     3.5000
  DP_i/fetch_i_pc_i_Y_reg_1_/CK (DFF_X1)                0.0000     3.5000 r
  library setup time                                   -0.0339     3.4661
  data required time                                               3.4661
  --------------------------------------------------------------------------
  data required time                                               3.4661
  data arrival time                                               -3.2789
  --------------------------------------------------------------------------
  slack (MET)                                                      0.1872


  Startpoint: DP_i/fetch_i_IR_out_reg_26_
              (rising edge-triggered flip-flop clocked by CLK)
  Endpoint: DP_i/fetch_i_pc_i_Y_reg_12_
            (rising edge-triggered flip-flop clocked by CLK)
  Path Group: REG2REG
  Path Type: max

  Des/Clust/Port     Wire Load Model       Library
  ------------------------------------------------
  DLX                5K_hvratio_1_4        NangateOpenCellLibrary

  Point                                                   Incr       Path
  --------------------------------------------------------------------------
  clock CLK (rise edge)                                 0.0000     0.0000
  clock network delay (ideal)                           0.0500     0.0500
  DP_i/fetch_i_IR_out_reg_26_/CK (DFF_X1)               0.0000     0.0500 r
  DP_i/fetch_i_IR_out_reg_26_/Q (DFF_X1)                0.1904     0.2404 r
  DP_i/opcode[0] (DataPath)                             0.0000     0.2404 r
  U798/ZN (INV_X1)                                      0.0840     0.3245 f
  U859/ZN (NAND3_X1)                                    0.0761     0.4006 r
  U861/ZN (NOR2_X2)                                     0.0721     0.4727 f
  DP_i/RF2 (DataPath)                                   0.0000     0.4727 f
  DP_i/U277/ZN (INV_X1)                                 0.1295     0.6022 r
  DP_i/U393/ZN (NAND3_X1)                               0.0654     0.6676 f
  DP_i/U394/ZN (OAI21_X1)                               0.0469     0.7145 r
  DP_i/U395/ZN (NAND2_X1)                               0.0392     0.7536 f
  DP_i/U396/ZN (NAND2_X1)                               0.0388     0.7925 r
  DP_i/U397/ZN (NAND2_X1)                               0.0400     0.8325 f
  DP_i/U276/ZN (NOR2_X1)                                0.0906     0.9231 r
  DP_i/U400/ZN (OAI22_X1)                               0.0480     0.9710 f
  DP_i/U402/ZN (OAI21_X1)                               0.0844     1.0554 r
  DP_i/U403/ZN (INV_X1)                                 0.0368     1.0922 f
  DP_i/U417/ZN (OAI21_X1)                               0.0507     1.1429 r
  DP_i/U568/CO (FA_X1)                                  0.0780     1.2209 r
  DP_i/U418/ZN (INV_X1)                                 0.0356     1.2565 f
  DP_i/U434/ZN (OAI211_X1)                              0.0594     1.3159 r
  DP_i/U435/ZN (NAND2_X1)                               0.0396     1.3555 f
  DP_i/U436/ZN (OAI21_X1)                               0.0436     1.3990 r
  DP_i/U437/ZN (NAND2_X1)                               0.0438     1.4428 f
  DP_i/U1488/ZN (NOR2_X1)                               0.0580     1.5008 r
  DP_i/U1790/Z (XOR2_X1)                                0.0731     1.5739 r
  DP_i/U1792/ZN (AOI21_X1)                              0.0343     1.6082 f
  DP_i/U1795/ZN (XNOR2_X1)                              0.0619     1.6701 f
  DP_i/U1973/ZN (OAI21_X1)                              0.0725     1.7425 r
  DP_i/U272/ZN (OAI21_X1)                               0.0452     1.7877 f
  DP_i/U2816/CO (FA_X1)                                 0.1005     1.8882 f
  DP_i/U3157/ZN (NAND2_X1)                              0.0410     1.9292 r
  DP_i/U3158/ZN (XNOR2_X1)                              0.0641     1.9933 r
  DP_i/U3159/ZN (XNOR2_X1)                              0.0510     2.0443 f
  DP_i/U3160/ZN (AOI222_X1)                             0.1667     2.2109 r
  DP_i/U5368/ZN (OAI221_X1)                             0.0711     2.2820 f
  DP_i/U5369/ZN (NOR4_X1)                               0.0958     2.3778 r
  DP_i/U268/ZN (AND4_X1)                                0.0706     2.4483 r
  DP_i/U5386/ZN (OAI221_X1)                             0.0466     2.4949 f
  DP_i/U5387/ZN (NOR4_X1)                               0.0994     2.5943 r
  DP_i/U5388/ZN (OAI221_X1)                             0.0560     2.6503 f
  DP_i/U5393/ZN (OAI211_X1)                             0.0485     2.6988 r
  DP_i/U5394/ZN (AOI21_X1)                              0.0511     2.7500 f
  DP_i/U5757/ZN (NOR3_X1)                               0.1771     2.9271 r
  DP_i/U159/Z (CLKBUF_X1)                               0.2069     3.1340 r
  DP_i/U3032/ZN (AOI22_X1)                              0.0755     3.2096 f
  DP_i/U3033/ZN (OAI211_X1)                             0.0584     3.2680 r
  DP_i/fetch_i_pc_i_Y_reg_12_/D (DFF_X1)                0.0110     3.2789 r
  data arrival time                                                3.2789

  clock CLK (rise edge)                                 3.5000     3.5000
  clock network delay (ideal)                           0.0500     3.5500
  clock uncertainty                                    -0.0500     3.5000
  DP_i/fetch_i_pc_i_Y_reg_12_/CK (DFF_X1)               0.0000     3.5000 r
  library setup time                                   -0.0339     3.4661
  data required time                                               3.4661
  --------------------------------------------------------------------------
  data required time                                               3.4661
  data arrival time                                               -3.2789
  --------------------------------------------------------------------------
  slack (MET)                                                      0.1872


  Startpoint: DP_i/fetch_i_IR_out_reg_26_
              (rising edge-triggered flip-flop clocked by CLK)
  Endpoint: DP_i/fetch_i_pc_i_Y_reg_10_
            (rising edge-triggered flip-flop clocked by CLK)
  Path Group: REG2REG
  Path Type: max

  Des/Clust/Port     Wire Load Model       Library
  ------------------------------------------------
  DLX                5K_hvratio_1_4        NangateOpenCellLibrary

  Point                                                   Incr       Path
  --------------------------------------------------------------------------
  clock CLK (rise edge)                                 0.0000     0.0000
  clock network delay (ideal)                           0.0500     0.0500
  DP_i/fetch_i_IR_out_reg_26_/CK (DFF_X1)               0.0000     0.0500 r
  DP_i/fetch_i_IR_out_reg_26_/Q (DFF_X1)                0.1904     0.2404 r
  DP_i/opcode[0] (DataPath)                             0.0000     0.2404 r
  U798/ZN (INV_X1)                                      0.0840     0.3245 f
  U859/ZN (NAND3_X1)                                    0.0761     0.4006 r
  U861/ZN (NOR2_X2)                                     0.0721     0.4727 f
  DP_i/RF2 (DataPath)                                   0.0000     0.4727 f
  DP_i/U277/ZN (INV_X1)                                 0.1295     0.6022 r
  DP_i/U393/ZN (NAND3_X1)                               0.0654     0.6676 f
  DP_i/U394/ZN (OAI21_X1)                               0.0469     0.7145 r
  DP_i/U395/ZN (NAND2_X1)                               0.0392     0.7536 f
  DP_i/U396/ZN (NAND2_X1)                               0.0388     0.7925 r
  DP_i/U397/ZN (NAND2_X1)                               0.0400     0.8325 f
  DP_i/U276/ZN (NOR2_X1)                                0.0906     0.9231 r
  DP_i/U400/ZN (OAI22_X1)                               0.0480     0.9710 f
  DP_i/U402/ZN (OAI21_X1)                               0.0844     1.0554 r
  DP_i/U403/ZN (INV_X1)                                 0.0368     1.0922 f
  DP_i/U417/ZN (OAI21_X1)                               0.0507     1.1429 r
  DP_i/U568/CO (FA_X1)                                  0.0780     1.2209 r
  DP_i/U418/ZN (INV_X1)                                 0.0356     1.2565 f
  DP_i/U434/ZN (OAI211_X1)                              0.0594     1.3159 r
  DP_i/U435/ZN (NAND2_X1)                               0.0396     1.3555 f
  DP_i/U436/ZN (OAI21_X1)                               0.0436     1.3990 r
  DP_i/U437/ZN (NAND2_X1)                               0.0438     1.4428 f
  DP_i/U1488/ZN (NOR2_X1)                               0.0580     1.5008 r
  DP_i/U1790/Z (XOR2_X1)                                0.0731     1.5739 r
  DP_i/U1792/ZN (AOI21_X1)                              0.0343     1.6082 f
  DP_i/U1795/ZN (XNOR2_X1)                              0.0619     1.6701 f
  DP_i/U1973/ZN (OAI21_X1)                              0.0725     1.7425 r
  DP_i/U272/ZN (OAI21_X1)                               0.0452     1.7877 f
  DP_i/U2816/CO (FA_X1)                                 0.1005     1.8882 f
  DP_i/U3157/ZN (NAND2_X1)                              0.0410     1.9292 r
  DP_i/U3158/ZN (XNOR2_X1)                              0.0641     1.9933 r
  DP_i/U3159/ZN (XNOR2_X1)                              0.0510     2.0443 f
  DP_i/U3160/ZN (AOI222_X1)                             0.1667     2.2109 r
  DP_i/U5368/ZN (OAI221_X1)                             0.0711     2.2820 f
  DP_i/U5369/ZN (NOR4_X1)                               0.0958     2.3778 r
  DP_i/U268/ZN (AND4_X1)                                0.0706     2.4483 r
  DP_i/U5386/ZN (OAI221_X1)                             0.0466     2.4949 f
  DP_i/U5387/ZN (NOR4_X1)                               0.0994     2.5943 r
  DP_i/U5388/ZN (OAI221_X1)                             0.0560     2.6503 f
  DP_i/U5393/ZN (OAI211_X1)                             0.0485     2.6988 r
  DP_i/U5394/ZN (AOI21_X1)                              0.0511     2.7500 f
  DP_i/U5757/ZN (NOR3_X1)                               0.1771     2.9271 r
  DP_i/U159/Z (CLKBUF_X1)                               0.2069     3.1340 r
  DP_i/U3042/ZN (AOI22_X1)                              0.0755     3.2096 f
  DP_i/U3043/ZN (OAI211_X1)                             0.0584     3.2680 r
  DP_i/fetch_i_pc_i_Y_reg_10_/D (DFF_X1)                0.0110     3.2789 r
  data arrival time                                                3.2789

  clock CLK (rise edge)                                 3.5000     3.5000
  clock network delay (ideal)                           0.0500     3.5500
  clock uncertainty                                    -0.0500     3.5000
  DP_i/fetch_i_pc_i_Y_reg_10_/CK (DFF_X1)               0.0000     3.5000 r
  library setup time                                   -0.0339     3.4661
  data required time                                               3.4661
  --------------------------------------------------------------------------
  data required time                                               3.4661
  data arrival time                                               -3.2789
  --------------------------------------------------------------------------
  slack (MET)                                                      0.1872


  Startpoint: DP_i/fetch_i_IR_out_reg_23_
              (rising edge-triggered flip-flop clocked by CLK)
  Endpoint: DP_i/fetch_i_btb_i_clk_gate_btb_table_reg_3__TARGET_/latch
            (gating element for clock CLK)
  Path Group: CLK
  Path Type: max

  Des/Clust/Port     Wire Load Model       Library
  ------------------------------------------------
  DLX                5K_hvratio_1_4        NangateOpenCellLibrary

  Point                                                   Incr       Path
  --------------------------------------------------------------------------
  clock CLK (rise edge)                                 0.0000     0.0000
  clock network delay (ideal)                           0.0500     0.0500
  DP_i/fetch_i_IR_out_reg_23_/CK (DFF_X1)               0.0000     0.0500 r
  DP_i/fetch_i_IR_out_reg_23_/Q (DFF_X1)                0.1271     0.1771 f
  DP_i/U292/ZN (AOI22_X1)                               0.0883     0.2654 r
  DP_i/U293/ZN (OAI221_X1)                              0.0488     0.3142 f
  DP_i/U294/ZN (OR3_X1)                                 0.1043     0.4185 f
  DP_i/U50/ZN (INV_X2)                                  0.1421     0.5606 r
  DP_i/U299/ZN (NOR2_X1)                                0.0549     0.6155 f
  DP_i/U300/ZN (NAND2_X1)                               0.0785     0.6940 r
  DP_i/U372/ZN (NOR2_X1)                                0.0861     0.7801 f
  DP_i/U16/Z (CLKBUF_X1)                                0.1894     0.9694 f
  DP_i/U652/ZN (AOI22_X1)                               0.1209     1.0903 r
  DP_i/U653/ZN (NAND4_X1)                               0.0494     1.1398 f
  DP_i/U654/ZN (NOR4_X1)                                0.1450     1.2847 r
  DP_i/U655/ZN (OAI22_X1)                               0.0488     1.3335 f
  DP_i/U656/ZN (AOI21_X1)                               0.0749     1.4085 r
  DP_i/U663/ZN (AOI21_X1)                               0.0488     1.4572 f
  DP_i/U18/ZN (OR2_X4)                                  0.1309     1.5881 f
  DP_i/U5240/ZN (NOR2_X1)                               0.1044     1.6925 r
  DP_i/rs2_live[3] (DataPath)                           0.0000     1.6925 r
  U979/ZN (INV_X1)                                      0.0325     1.7250 f
  U981/ZN (AND2_X1)                                     0.0625     1.7875 f
  U985/ZN (AOI22_X1)                                    0.0832     1.8707 r
  U986/ZN (OAI21_X1)                                    0.0377     1.9084 f
  U987/ZN (AOI211_X1)                                   0.0810     1.9894 r
  U988/ZN (NOR2_X1)                                     0.0278     2.0172 f
  U997/Z (MUX2_X1)                                      0.0686     2.0858 f
  U1011/ZN (OAI21_X1)                                   0.0587     2.1445 r
  U1012/ZN (AOI221_X1)                                  0.0378     2.1823 f
  U1040/ZN (AOI211_X1)                                  0.1254     2.3076 r
  U1041/ZN (INV_X1)                                     0.0349     2.3426 f
  U1107/ZN (AOI21_X1)                                   0.0558     2.3983 r
  DP_i/F_ID_enable (DataPath)                           0.0000     2.3983 r
  DP_i/U5862/ZN (NAND2_X1)                              0.0415     2.4399 f
  DP_i/U5863/ZN (INV_X1)                                0.0304     2.4703 r
  DP_i/fetch_i_btb_i_U835/ZN (NAND3_X1)                 0.0417     2.5120 f
  DP_i/fetch_i_btb_i_U1199/ZN (AOI211_X1)               0.2017     2.7137 r
  DP_i/fetch_i_btb_i_U1200/ZN (NAND2_X1)                0.0835     2.7972 f
  DP_i/fetch_i_btb_i_U1204/ZN (INV_X1)                  0.0438     2.8410 r
  DP_i/fetch_i_btb_i_U1205/ZN (AOI21_X1)                0.0362     2.8772 f
  DP_i/fetch_i_btb_i_U1213/ZN (NOR2_X1)                 0.0480     2.9252 r
  DP_i/fetch_i_btb_i_clk_gate_btb_table_reg_3__TARGET_/EN (SNPS_CLOCK_GATE_HIGH_BTB_NBIT32_BTB_DEPTH16_BTB_INDEX_MSB5_26)
                                                        0.0000     2.9252 r
  DP_i/fetch_i_btb_i_clk_gate_btb_table_reg_3__TARGET_/latch/E (CLKGATETST_X1)
                                                        0.0091     2.9342 r
  data arrival time                                                2.9342

  clock CLK (rise edge)                                 3.5000     3.5000
  clock network delay (ideal)                           0.0500     3.5500
  clock uncertainty                                    -0.0500     3.5000
  DP_i/fetch_i_btb_i_clk_gate_btb_table_reg_3__TARGET_/latch/CK (CLKGATETST_X1)
                                                        0.0000     3.5000 r
  clock gating setup time                              -0.0746     3.4254
  data required time                                               3.4254
  --------------------------------------------------------------------------
  data required time                                               3.4254
  data arrival time                                               -2.9342
  --------------------------------------------------------------------------
  slack (MET)                                                      0.4912


  Startpoint: DP_i/fetch_i_IR_out_reg_23_
              (rising edge-triggered flip-flop clocked by CLK)
  Endpoint: DP_i/fetch_i_btb_i_clk_gate_btb_table_reg_1__TARGET_/latch
            (gating element for clock CLK)
  Path Group: CLK
  Path Type: max

  Des/Clust/Port     Wire Load Model       Library
  ------------------------------------------------
  DLX                5K_hvratio_1_4        NangateOpenCellLibrary

  Point                                                   Incr       Path
  --------------------------------------------------------------------------
  clock CLK (rise edge)                                 0.0000     0.0000
  clock network delay (ideal)                           0.0500     0.0500
  DP_i/fetch_i_IR_out_reg_23_/CK (DFF_X1)               0.0000     0.0500 r
  DP_i/fetch_i_IR_out_reg_23_/Q (DFF_X1)                0.1271     0.1771 f
  DP_i/U292/ZN (AOI22_X1)                               0.0883     0.2654 r
  DP_i/U293/ZN (OAI221_X1)                              0.0488     0.3142 f
  DP_i/U294/ZN (OR3_X1)                                 0.1043     0.4185 f
  DP_i/U50/ZN (INV_X2)                                  0.1421     0.5606 r
  DP_i/U299/ZN (NOR2_X1)                                0.0549     0.6155 f
  DP_i/U300/ZN (NAND2_X1)                               0.0785     0.6940 r
  DP_i/U372/ZN (NOR2_X1)                                0.0861     0.7801 f
  DP_i/U16/Z (CLKBUF_X1)                                0.1894     0.9694 f
  DP_i/U652/ZN (AOI22_X1)                               0.1209     1.0903 r
  DP_i/U653/ZN (NAND4_X1)                               0.0494     1.1398 f
  DP_i/U654/ZN (NOR4_X1)                                0.1450     1.2847 r
  DP_i/U655/ZN (OAI22_X1)                               0.0488     1.3335 f
  DP_i/U656/ZN (AOI21_X1)                               0.0749     1.4085 r
  DP_i/U663/ZN (AOI21_X1)                               0.0488     1.4572 f
  DP_i/U18/ZN (OR2_X4)                                  0.1309     1.5881 f
  DP_i/U5240/ZN (NOR2_X1)                               0.1044     1.6925 r
  DP_i/rs2_live[3] (DataPath)                           0.0000     1.6925 r
  U979/ZN (INV_X1)                                      0.0325     1.7250 f
  U981/ZN (AND2_X1)                                     0.0625     1.7875 f
  U985/ZN (AOI22_X1)                                    0.0832     1.8707 r
  U986/ZN (OAI21_X1)                                    0.0377     1.9084 f
  U987/ZN (AOI211_X1)                                   0.0810     1.9894 r
  U988/ZN (NOR2_X1)                                     0.0278     2.0172 f
  U997/Z (MUX2_X1)                                      0.0686     2.0858 f
  U1011/ZN (OAI21_X1)                                   0.0587     2.1445 r
  U1012/ZN (AOI221_X1)                                  0.0378     2.1823 f
  U1040/ZN (AOI211_X1)                                  0.1254     2.3076 r
  U1041/ZN (INV_X1)                                     0.0349     2.3426 f
  U1107/ZN (AOI21_X1)                                   0.0558     2.3983 r
  DP_i/F_ID_enable (DataPath)                           0.0000     2.3983 r
  DP_i/U5862/ZN (NAND2_X1)                              0.0415     2.4399 f
  DP_i/U5863/ZN (INV_X1)                                0.0304     2.4703 r
  DP_i/fetch_i_btb_i_U835/ZN (NAND3_X1)                 0.0417     2.5120 f
  DP_i/fetch_i_btb_i_U1199/ZN (AOI211_X1)               0.2017     2.7137 r
  DP_i/fetch_i_btb_i_U1200/ZN (NAND2_X1)                0.0835     2.7972 f
  DP_i/fetch_i_btb_i_U1204/ZN (INV_X1)                  0.0438     2.8410 r
  DP_i/fetch_i_btb_i_U1205/ZN (AOI21_X1)                0.0362     2.8772 f
  DP_i/fetch_i_btb_i_U1208/ZN (NOR2_X1)                 0.0480     2.9252 r
  DP_i/fetch_i_btb_i_clk_gate_btb_table_reg_1__TARGET_/EN (SNPS_CLOCK_GATE_HIGH_BTB_NBIT32_BTB_DEPTH16_BTB_INDEX_MSB5_30)
                                                        0.0000     2.9252 r
  DP_i/fetch_i_btb_i_clk_gate_btb_table_reg_1__TARGET_/latch/E (CLKGATETST_X1)
                                                        0.0091     2.9342 r
  data arrival time                                                2.9342

  clock CLK (rise edge)                                 3.5000     3.5000
  clock network delay (ideal)                           0.0500     3.5500
  clock uncertainty                                    -0.0500     3.5000
  DP_i/fetch_i_btb_i_clk_gate_btb_table_reg_1__TARGET_/latch/CK (CLKGATETST_X1)
                                                        0.0000     3.5000 r
  clock gating setup time                              -0.0746     3.4254
  data required time                                               3.4254
  --------------------------------------------------------------------------
  data required time                                               3.4254
  data arrival time                                               -2.9342
  --------------------------------------------------------------------------
  slack (MET)                                                      0.4912


  Startpoint: DP_i/fetch_i_IR_out_reg_23_
              (rising edge-triggered flip-flop clocked by CLK)
  Endpoint: DP_i/fetch_i_btb_i_clk_gate_btb_table_reg_3__TARGET_/latch
            (gating element for clock CLK)
  Path Group: CLK
  Path Type: max

  Des/Clust/Port     Wire Load Model       Library
  ------------------------------------------------
  DLX                5K_hvratio_1_4        NangateOpenCellLibrary

  Point                                                   Incr       Path
  --------------------------------------------------------------------------
  clock CLK (rise edge)                                 0.0000     0.0000
  clock network delay (ideal)                           0.0500     0.0500
  DP_i/fetch_i_IR_out_reg_23_/CK (DFF_X1)               0.0000     0.0500 r
  DP_i/fetch_i_IR_out_reg_23_/Q (DFF_X1)                0.1271     0.1771 f
  DP_i/U292/ZN (AOI22_X1)                               0.0883     0.2654 r
  DP_i/U293/ZN (OAI221_X1)                              0.0488     0.3142 f
  DP_i/U294/ZN (OR3_X1)                                 0.1043     0.4185 f
  DP_i/U50/ZN (INV_X2)                                  0.1421     0.5606 r
  DP_i/U299/ZN (NOR2_X1)                                0.0549     0.6155 f
  DP_i/U300/ZN (NAND2_X1)                               0.0785     0.6940 r
  DP_i/U372/ZN (NOR2_X1)                                0.0861     0.7801 f
  DP_i/U16/Z (CLKBUF_X1)                                0.1894     0.9694 f
  DP_i/U652/ZN (AOI22_X1)                               0.1209     1.0903 r
  DP_i/U653/ZN (NAND4_X1)                               0.0494     1.1398 f
  DP_i/U654/ZN (NOR4_X1)                                0.1450     1.2847 r
  DP_i/U655/ZN (OAI22_X1)                               0.0488     1.3335 f
  DP_i/U656/ZN (AOI21_X1)                               0.0749     1.4085 r
  DP_i/U663/ZN (AOI21_X1)                               0.0488     1.4572 f
  DP_i/U18/ZN (OR2_X4)                                  0.1309     1.5881 f
  DP_i/U5240/ZN (NOR2_X1)                               0.1044     1.6925 r
  DP_i/rs2_live[3] (DataPath)                           0.0000     1.6925 r
  U979/ZN (INV_X1)                                      0.0325     1.7250 f
  U981/ZN (AND2_X1)                                     0.0625     1.7875 f
  U985/ZN (AOI22_X1)                                    0.0832     1.8707 r
  U986/ZN (OAI21_X1)                                    0.0377     1.9084 f
  U987/ZN (AOI211_X1)                                   0.0810     1.9894 r
  U988/ZN (NOR2_X1)                                     0.0278     2.0172 f
  U997/Z (MUX2_X1)                                      0.0686     2.0858 f
  U1011/ZN (OAI21_X1)                                   0.0587     2.1445 r
  U1012/ZN (AOI221_X1)                                  0.0378     2.1823 f
  U1040/ZN (AOI211_X1)                                  0.1254     2.3076 r
  U1041/ZN (INV_X1)                                     0.0349     2.3426 f
  U1107/ZN (AOI21_X1)                                   0.0558     2.3983 r
  DP_i/F_ID_enable (DataPath)                           0.0000     2.3983 r
  DP_i/U5862/ZN (NAND2_X1)                              0.0415     2.4399 f
  DP_i/U5863/ZN (INV_X1)                                0.0304     2.4703 r
  DP_i/fetch_i_btb_i_U835/ZN (NAND3_X1)                 0.0417     2.5120 f
  DP_i/fetch_i_btb_i_U1199/ZN (AOI211_X1)               0.2017     2.7137 r
  DP_i/fetch_i_btb_i_U1200/ZN (NAND2_X1)                0.0835     2.7972 f
  DP_i/fetch_i_btb_i_U1204/ZN (INV_X1)                  0.0438     2.8410 r
  DP_i/fetch_i_btb_i_U1205/ZN (AOI21_X1)                0.0362     2.8772 f
  DP_i/fetch_i_btb_i_U1213/ZN (NOR2_X1)                 0.0480     2.9252 r
  DP_i/fetch_i_btb_i_clk_gate_btb_table_reg_3__TARGET_/EN (SNPS_CLOCK_GATE_HIGH_BTB_NBIT32_BTB_DEPTH16_BTB_INDEX_MSB5_26)
                                                        0.0000     2.9252 r
  DP_i/fetch_i_btb_i_clk_gate_btb_table_reg_3__TARGET_/latch/E (CLKGATETST_X1)
                                                        0.0091     2.9342 r
  data arrival time                                                2.9342

  clock CLK (rise edge)                                 3.5000     3.5000
  clock network delay (ideal)                           0.0500     3.5500
  clock uncertainty                                    -0.0500     3.5000
  DP_i/fetch_i_btb_i_clk_gate_btb_table_reg_3__TARGET_/latch/CK (CLKGATETST_X1)
                                                        0.0000     3.5000 r
  clock gating setup time                              -0.0746     3.4254
  data required time                                               3.4254
  --------------------------------------------------------------------------
  data required time                                               3.4254
  data arrival time                                               -2.9342
  --------------------------------------------------------------------------
  slack (MET)                                                      0.4912


  Startpoint: DP_i/fetch_i_IR_out_reg_23_
              (rising edge-triggered flip-flop clocked by CLK)
  Endpoint: DP_i/fetch_i_btb_i_clk_gate_btb_table_reg_1__TARGET_/latch
            (gating element for clock CLK)
  Path Group: CLK
  Path Type: max

  Des/Clust/Port     Wire Load Model       Library
  ------------------------------------------------
  DLX                5K_hvratio_1_4        NangateOpenCellLibrary

  Point                                                   Incr       Path
  --------------------------------------------------------------------------
  clock CLK (rise edge)                                 0.0000     0.0000
  clock network delay (ideal)                           0.0500     0.0500
  DP_i/fetch_i_IR_out_reg_23_/CK (DFF_X1)               0.0000     0.0500 r
  DP_i/fetch_i_IR_out_reg_23_/Q (DFF_X1)                0.1271     0.1771 f
  DP_i/U292/ZN (AOI22_X1)                               0.0883     0.2654 r
  DP_i/U293/ZN (OAI221_X1)                              0.0488     0.3142 f
  DP_i/U294/ZN (OR3_X1)                                 0.1043     0.4185 f
  DP_i/U50/ZN (INV_X2)                                  0.1421     0.5606 r
  DP_i/U299/ZN (NOR2_X1)                                0.0549     0.6155 f
  DP_i/U300/ZN (NAND2_X1)                               0.0785     0.6940 r
  DP_i/U372/ZN (NOR2_X1)                                0.0861     0.7801 f
  DP_i/U16/Z (CLKBUF_X1)                                0.1894     0.9694 f
  DP_i/U652/ZN (AOI22_X1)                               0.1209     1.0903 r
  DP_i/U653/ZN (NAND4_X1)                               0.0494     1.1398 f
  DP_i/U654/ZN (NOR4_X1)                                0.1450     1.2847 r
  DP_i/U655/ZN (OAI22_X1)                               0.0488     1.3335 f
  DP_i/U656/ZN (AOI21_X1)                               0.0749     1.4085 r
  DP_i/U663/ZN (AOI21_X1)                               0.0488     1.4572 f
  DP_i/U18/ZN (OR2_X4)                                  0.1309     1.5881 f
  DP_i/U5240/ZN (NOR2_X1)                               0.1044     1.6925 r
  DP_i/rs2_live[3] (DataPath)                           0.0000     1.6925 r
  U979/ZN (INV_X1)                                      0.0325     1.7250 f
  U981/ZN (AND2_X1)                                     0.0625     1.7875 f
  U985/ZN (AOI22_X1)                                    0.0832     1.8707 r
  U986/ZN (OAI21_X1)                                    0.0377     1.9084 f
  U987/ZN (AOI211_X1)                                   0.0810     1.9894 r
  U988/ZN (NOR2_X1)                                     0.0278     2.0172 f
  U997/Z (MUX2_X1)                                      0.0686     2.0858 f
  U1011/ZN (OAI21_X1)                                   0.0587     2.1445 r
  U1012/ZN (AOI221_X1)                                  0.0378     2.1823 f
  U1040/ZN (AOI211_X1)                                  0.1254     2.3076 r
  U1041/ZN (INV_X1)                                     0.0349     2.3426 f
  U1107/ZN (AOI21_X1)                                   0.0558     2.3983 r
  DP_i/F_ID_enable (DataPath)                           0.0000     2.3983 r
  DP_i/U5862/ZN (NAND2_X1)                              0.0415     2.4399 f
  DP_i/U5863/ZN (INV_X1)                                0.0304     2.4703 r
  DP_i/fetch_i_btb_i_U835/ZN (NAND3_X1)                 0.0417     2.5120 f
  DP_i/fetch_i_btb_i_U1199/ZN (AOI211_X1)               0.2017     2.7137 r
  DP_i/fetch_i_btb_i_U1200/ZN (NAND2_X1)                0.0835     2.7972 f
  DP_i/fetch_i_btb_i_U1204/ZN (INV_X1)                  0.0438     2.8410 r
  DP_i/fetch_i_btb_i_U1205/ZN (AOI21_X1)                0.0362     2.8772 f
  DP_i/fetch_i_btb_i_U1208/ZN (NOR2_X1)                 0.0480     2.9252 r
  DP_i/fetch_i_btb_i_clk_gate_btb_table_reg_1__TARGET_/EN (SNPS_CLOCK_GATE_HIGH_BTB_NBIT32_BTB_DEPTH16_BTB_INDEX_MSB5_30)
                                                        0.0000     2.9252 r
  DP_i/fetch_i_btb_i_clk_gate_btb_table_reg_1__TARGET_/latch/E (CLKGATETST_X1)
                                                        0.0091     2.9342 r
  data arrival time                                                2.9342

  clock CLK (rise edge)                                 3.5000     3.5000
  clock network delay (ideal)                           0.0500     3.5500
  clock uncertainty                                    -0.0500     3.5000
  DP_i/fetch_i_btb_i_clk_gate_btb_table_reg_1__TARGET_/latch/CK (CLKGATETST_X1)
                                                        0.0000     3.5000 r
  clock gating setup time                              -0.0746     3.4254
  data required time                                               3.4254
  --------------------------------------------------------------------------
  data required time                                               3.4254
  data arrival time                                               -2.9342
  --------------------------------------------------------------------------
  slack (MET)                                                      0.4912


  Startpoint: DP_i/fetch_i_IR_out_reg_23_
              (rising edge-triggered flip-flop clocked by CLK)
  Endpoint: DP_i/fetch_i_btb_i_clk_gate_btb_table_reg_2__TARGET_/latch
            (gating element for clock CLK)
  Path Group: CLK
  Path Type: max

  Des/Clust/Port     Wire Load Model       Library
  ------------------------------------------------
  DLX                5K_hvratio_1_4        NangateOpenCellLibrary

  Point                                                   Incr       Path
  --------------------------------------------------------------------------
  clock CLK (rise edge)                                 0.0000     0.0000
  clock network delay (ideal)                           0.0500     0.0500
  DP_i/fetch_i_IR_out_reg_23_/CK (DFF_X1)               0.0000     0.0500 r
  DP_i/fetch_i_IR_out_reg_23_/Q (DFF_X1)                0.1271     0.1771 f
  DP_i/U292/ZN (AOI22_X1)                               0.0883     0.2654 r
  DP_i/U293/ZN (OAI221_X1)                              0.0488     0.3142 f
  DP_i/U294/ZN (OR3_X1)                                 0.1043     0.4185 f
  DP_i/U50/ZN (INV_X2)                                  0.1421     0.5606 r
  DP_i/U299/ZN (NOR2_X1)                                0.0549     0.6155 f
  DP_i/U300/ZN (NAND2_X1)                               0.0785     0.6940 r
  DP_i/U372/ZN (NOR2_X1)                                0.0861     0.7801 f
  DP_i/U16/Z (CLKBUF_X1)                                0.1894     0.9694 f
  DP_i/U652/ZN (AOI22_X1)                               0.1209     1.0903 r
  DP_i/U653/ZN (NAND4_X1)                               0.0494     1.1398 f
  DP_i/U654/ZN (NOR4_X1)                                0.1450     1.2847 r
  DP_i/U655/ZN (OAI22_X1)                               0.0488     1.3335 f
  DP_i/U656/ZN (AOI21_X1)                               0.0749     1.4085 r
  DP_i/U663/ZN (AOI21_X1)                               0.0488     1.4572 f
  DP_i/U18/ZN (OR2_X4)                                  0.1309     1.5881 f
  DP_i/U5240/ZN (NOR2_X1)                               0.1044     1.6925 r
  DP_i/rs2_live[3] (DataPath)                           0.0000     1.6925 r
  U979/ZN (INV_X1)                                      0.0325     1.7250 f
  U981/ZN (AND2_X1)                                     0.0625     1.7875 f
  U985/ZN (AOI22_X1)                                    0.0832     1.8707 r
  U986/ZN (OAI21_X1)                                    0.0377     1.9084 f
  U987/ZN (AOI211_X1)                                   0.0810     1.9894 r
  U988/ZN (NOR2_X1)                                     0.0278     2.0172 f
  U997/Z (MUX2_X1)                                      0.0686     2.0858 f
  U1011/ZN (OAI21_X1)                                   0.0587     2.1445 r
  U1012/ZN (AOI221_X1)                                  0.0378     2.1823 f
  U1040/ZN (AOI211_X1)                                  0.1254     2.3076 r
  U1041/ZN (INV_X1)                                     0.0349     2.3426 f
  U1107/ZN (AOI21_X1)                                   0.0558     2.3983 r
  DP_i/F_ID_enable (DataPath)                           0.0000     2.3983 r
  DP_i/U5862/ZN (NAND2_X1)                              0.0415     2.4399 f
  DP_i/U5863/ZN (INV_X1)                                0.0304     2.4703 r
  DP_i/fetch_i_btb_i_U835/ZN (NAND3_X1)                 0.0417     2.5120 f
  DP_i/fetch_i_btb_i_U1199/ZN (AOI211_X1)               0.2017     2.7137 r
  DP_i/fetch_i_btb_i_U1200/ZN (NAND2_X1)                0.0835     2.7972 f
  DP_i/fetch_i_btb_i_U1204/ZN (INV_X1)                  0.0438     2.8410 r
  DP_i/fetch_i_btb_i_U1205/ZN (AOI21_X1)                0.0362     2.8772 f
  DP_i/fetch_i_btb_i_U1211/ZN (NOR2_X1)                 0.0480     2.9252 r
  DP_i/fetch_i_btb_i_clk_gate_btb_table_reg_2__TARGET_/EN (SNPS_CLOCK_GATE_HIGH_BTB_NBIT32_BTB_DEPTH16_BTB_INDEX_MSB5_28)
                                                        0.0000     2.9252 r
  DP_i/fetch_i_btb_i_clk_gate_btb_table_reg_2__TARGET_/latch/E (CLKGATETST_X1)
                                                        0.0091     2.9342 r
  data arrival time                                                2.9342

  clock CLK (rise edge)                                 3.5000     3.5000
  clock network delay (ideal)                           0.0500     3.5500
  clock uncertainty                                    -0.0500     3.5000
  DP_i/fetch_i_btb_i_clk_gate_btb_table_reg_2__TARGET_/latch/CK (CLKGATETST_X1)
                                                        0.0000     3.5000 r
  clock gating setup time                              -0.0742     3.4258
  data required time                                               3.4258
  --------------------------------------------------------------------------
  data required time                                               3.4258
  data arrival time                                               -2.9342
  --------------------------------------------------------------------------
  slack (MET)                                                      0.4916


  Startpoint: DP_i/fetch_i_IR_out_reg_23_
              (rising edge-triggered flip-flop clocked by CLK)
  Endpoint: DP_i/fetch_i_btb_i_clk_gate_btb_table_reg_0__TARGET_/latch
            (gating element for clock CLK)
  Path Group: CLK
  Path Type: max

  Des/Clust/Port     Wire Load Model       Library
  ------------------------------------------------
  DLX                5K_hvratio_1_4        NangateOpenCellLibrary

  Point                                                   Incr       Path
  --------------------------------------------------------------------------
  clock CLK (rise edge)                                 0.0000     0.0000
  clock network delay (ideal)                           0.0500     0.0500
  DP_i/fetch_i_IR_out_reg_23_/CK (DFF_X1)               0.0000     0.0500 r
  DP_i/fetch_i_IR_out_reg_23_/Q (DFF_X1)                0.1271     0.1771 f
  DP_i/U292/ZN (AOI22_X1)                               0.0883     0.2654 r
  DP_i/U293/ZN (OAI221_X1)                              0.0488     0.3142 f
  DP_i/U294/ZN (OR3_X1)                                 0.1043     0.4185 f
  DP_i/U50/ZN (INV_X2)                                  0.1421     0.5606 r
  DP_i/U299/ZN (NOR2_X1)                                0.0549     0.6155 f
  DP_i/U300/ZN (NAND2_X1)                               0.0785     0.6940 r
  DP_i/U372/ZN (NOR2_X1)                                0.0861     0.7801 f
  DP_i/U16/Z (CLKBUF_X1)                                0.1894     0.9694 f
  DP_i/U652/ZN (AOI22_X1)                               0.1209     1.0903 r
  DP_i/U653/ZN (NAND4_X1)                               0.0494     1.1398 f
  DP_i/U654/ZN (NOR4_X1)                                0.1450     1.2847 r
  DP_i/U655/ZN (OAI22_X1)                               0.0488     1.3335 f
  DP_i/U656/ZN (AOI21_X1)                               0.0749     1.4085 r
  DP_i/U663/ZN (AOI21_X1)                               0.0488     1.4572 f
  DP_i/U18/ZN (OR2_X4)                                  0.1309     1.5881 f
  DP_i/U5240/ZN (NOR2_X1)                               0.1044     1.6925 r
  DP_i/rs2_live[3] (DataPath)                           0.0000     1.6925 r
  U979/ZN (INV_X1)                                      0.0325     1.7250 f
  U981/ZN (AND2_X1)                                     0.0625     1.7875 f
  U985/ZN (AOI22_X1)                                    0.0832     1.8707 r
  U986/ZN (OAI21_X1)                                    0.0377     1.9084 f
  U987/ZN (AOI211_X1)                                   0.0810     1.9894 r
  U988/ZN (NOR2_X1)                                     0.0278     2.0172 f
  U997/Z (MUX2_X1)                                      0.0686     2.0858 f
  U1011/ZN (OAI21_X1)                                   0.0587     2.1445 r
  U1012/ZN (AOI221_X1)                                  0.0378     2.1823 f
  U1040/ZN (AOI211_X1)                                  0.1254     2.3076 r
  U1041/ZN (INV_X1)                                     0.0349     2.3426 f
  U1107/ZN (AOI21_X1)                                   0.0558     2.3983 r
  DP_i/F_ID_enable (DataPath)                           0.0000     2.3983 r
  DP_i/U5862/ZN (NAND2_X1)                              0.0415     2.4399 f
  DP_i/U5863/ZN (INV_X1)                                0.0304     2.4703 r
  DP_i/fetch_i_btb_i_U835/ZN (NAND3_X1)                 0.0417     2.5120 f
  DP_i/fetch_i_btb_i_U1199/ZN (AOI211_X1)               0.2017     2.7137 r
  DP_i/fetch_i_btb_i_U1200/ZN (NAND2_X1)                0.0835     2.7972 f
  DP_i/fetch_i_btb_i_U1204/ZN (INV_X1)                  0.0438     2.8410 r
  DP_i/fetch_i_btb_i_U1205/ZN (AOI21_X1)                0.0362     2.8772 f
  DP_i/fetch_i_btb_i_U1206/ZN (NOR2_X1)                 0.0480     2.9252 r
  DP_i/fetch_i_btb_i_clk_gate_btb_table_reg_0__TARGET_/EN (SNPS_CLOCK_GATE_HIGH_BTB_NBIT32_BTB_DEPTH16_BTB_INDEX_MSB5_32)
                                                        0.0000     2.9252 r
  DP_i/fetch_i_btb_i_clk_gate_btb_table_reg_0__TARGET_/latch/E (CLKGATETST_X1)
                                                        0.0091     2.9342 r
  data arrival time                                                2.9342

  clock CLK (rise edge)                                 3.5000     3.5000
  clock network delay (ideal)                           0.0500     3.5500
  clock uncertainty                                    -0.0500     3.5000
  DP_i/fetch_i_btb_i_clk_gate_btb_table_reg_0__TARGET_/latch/CK (CLKGATETST_X1)
                                                        0.0000     3.5000 r
  clock gating setup time                              -0.0742     3.4258
  data required time                                               3.4258
  --------------------------------------------------------------------------
  data required time                                               3.4258
  data arrival time                                               -2.9342
  --------------------------------------------------------------------------
  slack (MET)                                                      0.4916


  Startpoint: DP_i/fetch_i_IR_out_reg_23_
              (rising edge-triggered flip-flop clocked by CLK)
  Endpoint: DP_i/fetch_i_btb_i_clk_gate_btb_table_reg_2__TARGET_/latch
            (gating element for clock CLK)
  Path Group: CLK
  Path Type: max

  Des/Clust/Port     Wire Load Model       Library
  ------------------------------------------------
  DLX                5K_hvratio_1_4        NangateOpenCellLibrary

  Point                                                   Incr       Path
  --------------------------------------------------------------------------
  clock CLK (rise edge)                                 0.0000     0.0000
  clock network delay (ideal)                           0.0500     0.0500
  DP_i/fetch_i_IR_out_reg_23_/CK (DFF_X1)               0.0000     0.0500 r
  DP_i/fetch_i_IR_out_reg_23_/Q (DFF_X1)                0.1271     0.1771 f
  DP_i/U292/ZN (AOI22_X1)                               0.0883     0.2654 r
  DP_i/U293/ZN (OAI221_X1)                              0.0488     0.3142 f
  DP_i/U294/ZN (OR3_X1)                                 0.1043     0.4185 f
  DP_i/U50/ZN (INV_X2)                                  0.1421     0.5606 r
  DP_i/U299/ZN (NOR2_X1)                                0.0549     0.6155 f
  DP_i/U300/ZN (NAND2_X1)                               0.0785     0.6940 r
  DP_i/U372/ZN (NOR2_X1)                                0.0861     0.7801 f
  DP_i/U16/Z (CLKBUF_X1)                                0.1894     0.9694 f
  DP_i/U652/ZN (AOI22_X1)                               0.1209     1.0903 r
  DP_i/U653/ZN (NAND4_X1)                               0.0494     1.1398 f
  DP_i/U654/ZN (NOR4_X1)                                0.1450     1.2847 r
  DP_i/U655/ZN (OAI22_X1)                               0.0488     1.3335 f
  DP_i/U656/ZN (AOI21_X1)                               0.0749     1.4085 r
  DP_i/U663/ZN (AOI21_X1)                               0.0488     1.4572 f
  DP_i/U18/ZN (OR2_X4)                                  0.1309     1.5881 f
  DP_i/U5240/ZN (NOR2_X1)                               0.1044     1.6925 r
  DP_i/rs2_live[3] (DataPath)                           0.0000     1.6925 r
  U979/ZN (INV_X1)                                      0.0325     1.7250 f
  U981/ZN (AND2_X1)                                     0.0625     1.7875 f
  U985/ZN (AOI22_X1)                                    0.0832     1.8707 r
  U986/ZN (OAI21_X1)                                    0.0377     1.9084 f
  U987/ZN (AOI211_X1)                                   0.0810     1.9894 r
  U988/ZN (NOR2_X1)                                     0.0278     2.0172 f
  U997/Z (MUX2_X1)                                      0.0686     2.0858 f
  U1011/ZN (OAI21_X1)                                   0.0587     2.1445 r
  U1012/ZN (AOI221_X1)                                  0.0378     2.1823 f
  U1040/ZN (AOI211_X1)                                  0.1254     2.3076 r
  U1041/ZN (INV_X1)                                     0.0349     2.3426 f
  U1107/ZN (AOI21_X1)                                   0.0558     2.3983 r
  DP_i/F_ID_enable (DataPath)                           0.0000     2.3983 r
  DP_i/U5862/ZN (NAND2_X1)                              0.0415     2.4399 f
  DP_i/U5863/ZN (INV_X1)                                0.0304     2.4703 r
  DP_i/fetch_i_btb_i_U835/ZN (NAND3_X1)                 0.0417     2.5120 f
  DP_i/fetch_i_btb_i_U1199/ZN (AOI211_X1)               0.2017     2.7137 r
  DP_i/fetch_i_btb_i_U1200/ZN (NAND2_X1)                0.0835     2.7972 f
  DP_i/fetch_i_btb_i_U1204/ZN (INV_X1)                  0.0438     2.8410 r
  DP_i/fetch_i_btb_i_U1205/ZN (AOI21_X1)                0.0362     2.8772 f
  DP_i/fetch_i_btb_i_U1211/ZN (NOR2_X1)                 0.0480     2.9252 r
  DP_i/fetch_i_btb_i_clk_gate_btb_table_reg_2__TARGET_/EN (SNPS_CLOCK_GATE_HIGH_BTB_NBIT32_BTB_DEPTH16_BTB_INDEX_MSB5_28)
                                                        0.0000     2.9252 r
  DP_i/fetch_i_btb_i_clk_gate_btb_table_reg_2__TARGET_/latch/E (CLKGATETST_X1)
                                                        0.0091     2.9342 r
  data arrival time                                                2.9342

  clock CLK (rise edge)                                 3.5000     3.5000
  clock network delay (ideal)                           0.0500     3.5500
  clock uncertainty                                    -0.0500     3.5000
  DP_i/fetch_i_btb_i_clk_gate_btb_table_reg_2__TARGET_/latch/CK (CLKGATETST_X1)
                                                        0.0000     3.5000 r
  clock gating setup time                              -0.0742     3.4258
  data required time                                               3.4258
  --------------------------------------------------------------------------
  data required time                                               3.4258
  data arrival time                                               -2.9342
  --------------------------------------------------------------------------
  slack (MET)                                                      0.4916


  Startpoint: DP_i/fetch_i_IR_out_reg_23_
              (rising edge-triggered flip-flop clocked by CLK)
  Endpoint: DP_i/fetch_i_btb_i_clk_gate_btb_table_reg_0__TARGET_/latch
            (gating element for clock CLK)
  Path Group: CLK
  Path Type: max

  Des/Clust/Port     Wire Load Model       Library
  ------------------------------------------------
  DLX                5K_hvratio_1_4        NangateOpenCellLibrary

  Point                                                   Incr       Path
  --------------------------------------------------------------------------
  clock CLK (rise edge)                                 0.0000     0.0000
  clock network delay (ideal)                           0.0500     0.0500
  DP_i/fetch_i_IR_out_reg_23_/CK (DFF_X1)               0.0000     0.0500 r
  DP_i/fetch_i_IR_out_reg_23_/Q (DFF_X1)                0.1271     0.1771 f
  DP_i/U292/ZN (AOI22_X1)                               0.0883     0.2654 r
  DP_i/U293/ZN (OAI221_X1)                              0.0488     0.3142 f
  DP_i/U294/ZN (OR3_X1)                                 0.1043     0.4185 f
  DP_i/U50/ZN (INV_X2)                                  0.1421     0.5606 r
  DP_i/U299/ZN (NOR2_X1)                                0.0549     0.6155 f
  DP_i/U300/ZN (NAND2_X1)                               0.0785     0.6940 r
  DP_i/U372/ZN (NOR2_X1)                                0.0861     0.7801 f
  DP_i/U16/Z (CLKBUF_X1)                                0.1894     0.9694 f
  DP_i/U652/ZN (AOI22_X1)                               0.1209     1.0903 r
  DP_i/U653/ZN (NAND4_X1)                               0.0494     1.1398 f
  DP_i/U654/ZN (NOR4_X1)                                0.1450     1.2847 r
  DP_i/U655/ZN (OAI22_X1)                               0.0488     1.3335 f
  DP_i/U656/ZN (AOI21_X1)                               0.0749     1.4085 r
  DP_i/U663/ZN (AOI21_X1)                               0.0488     1.4572 f
  DP_i/U18/ZN (OR2_X4)                                  0.1309     1.5881 f
  DP_i/U5240/ZN (NOR2_X1)                               0.1044     1.6925 r
  DP_i/rs2_live[3] (DataPath)                           0.0000     1.6925 r
  U979/ZN (INV_X1)                                      0.0325     1.7250 f
  U981/ZN (AND2_X1)                                     0.0625     1.7875 f
  U985/ZN (AOI22_X1)                                    0.0832     1.8707 r
  U986/ZN (OAI21_X1)                                    0.0377     1.9084 f
  U987/ZN (AOI211_X1)                                   0.0810     1.9894 r
  U988/ZN (NOR2_X1)                                     0.0278     2.0172 f
  U997/Z (MUX2_X1)                                      0.0686     2.0858 f
  U1011/ZN (OAI21_X1)                                   0.0587     2.1445 r
  U1012/ZN (AOI221_X1)                                  0.0378     2.1823 f
  U1040/ZN (AOI211_X1)                                  0.1254     2.3076 r
  U1041/ZN (INV_X1)                                     0.0349     2.3426 f
  U1107/ZN (AOI21_X1)                                   0.0558     2.3983 r
  DP_i/F_ID_enable (DataPath)                           0.0000     2.3983 r
  DP_i/U5862/ZN (NAND2_X1)                              0.0415     2.4399 f
  DP_i/U5863/ZN (INV_X1)                                0.0304     2.4703 r
  DP_i/fetch_i_btb_i_U835/ZN (NAND3_X1)                 0.0417     2.5120 f
  DP_i/fetch_i_btb_i_U1199/ZN (AOI211_X1)               0.2017     2.7137 r
  DP_i/fetch_i_btb_i_U1200/ZN (NAND2_X1)                0.0835     2.7972 f
  DP_i/fetch_i_btb_i_U1204/ZN (INV_X1)                  0.0438     2.8410 r
  DP_i/fetch_i_btb_i_U1205/ZN (AOI21_X1)                0.0362     2.8772 f
  DP_i/fetch_i_btb_i_U1206/ZN (NOR2_X1)                 0.0480     2.9252 r
  DP_i/fetch_i_btb_i_clk_gate_btb_table_reg_0__TARGET_/EN (SNPS_CLOCK_GATE_HIGH_BTB_NBIT32_BTB_DEPTH16_BTB_INDEX_MSB5_32)
                                                        0.0000     2.9252 r
  DP_i/fetch_i_btb_i_clk_gate_btb_table_reg_0__TARGET_/latch/E (CLKGATETST_X1)
                                                        0.0091     2.9342 r
  data arrival time                                                2.9342

  clock CLK (rise edge)                                 3.5000     3.5000
  clock network delay (ideal)                           0.0500     3.5500
  clock uncertainty                                    -0.0500     3.5000
  DP_i/fetch_i_btb_i_clk_gate_btb_table_reg_0__TARGET_/latch/CK (CLKGATETST_X1)
                                                        0.0000     3.5000 r
  clock gating setup time                              -0.0742     3.4258
  data required time                                               3.4258
  --------------------------------------------------------------------------
  data required time                                               3.4258
  data arrival time                                               -2.9342
  --------------------------------------------------------------------------
  slack (MET)                                                      0.4916


  Startpoint: DP_i/fetch_i_IR_out_reg_26_
              (rising edge-triggered flip-flop clocked by CLK)
  Endpoint: DP_i/fetch_i_pc_i_clk_gate_Y_reg/latch
            (gating element for clock CLK)
  Path Group: CLK
  Path Type: max

  Des/Clust/Port     Wire Load Model       Library
  ------------------------------------------------
  DLX                5K_hvratio_1_4        NangateOpenCellLibrary

  Point                                                   Incr       Path
  --------------------------------------------------------------------------
  clock CLK (rise edge)                                 0.0000     0.0000
  clock network delay (ideal)                           0.0500     0.0500
  DP_i/fetch_i_IR_out_reg_26_/CK (DFF_X1)               0.0000     0.0500 r
  DP_i/fetch_i_IR_out_reg_26_/Q (DFF_X1)                0.1904     0.2404 r
  DP_i/opcode[0] (DataPath)                             0.0000     0.2404 r
  U798/ZN (INV_X1)                                      0.0840     0.3245 f
  U859/ZN (NAND3_X1)                                    0.0761     0.4006 r
  U861/ZN (NOR2_X2)                                     0.0721     0.4727 f
  DP_i/RF2 (DataPath)                                   0.0000     0.4727 f
  DP_i/U277/ZN (INV_X1)                                 0.1295     0.6022 r
  DP_i/U393/ZN (NAND3_X1)                               0.0654     0.6676 f
  DP_i/U394/ZN (OAI21_X1)                               0.0469     0.7145 r
  DP_i/U395/ZN (NAND2_X1)                               0.0392     0.7536 f
  DP_i/U396/ZN (NAND2_X1)                               0.0388     0.7925 r
  DP_i/U397/ZN (NAND2_X1)                               0.0400     0.8325 f
  DP_i/U276/ZN (NOR2_X1)                                0.0906     0.9231 r
  DP_i/U400/ZN (OAI22_X1)                               0.0480     0.9710 f
  DP_i/U402/ZN (OAI21_X1)                               0.0844     1.0554 r
  DP_i/U403/ZN (INV_X1)                                 0.0368     1.0922 f
  DP_i/U417/ZN (OAI21_X1)                               0.0507     1.1429 r
  DP_i/U568/CO (FA_X1)                                  0.0780     1.2209 r
  DP_i/U418/ZN (INV_X1)                                 0.0356     1.2565 f
  DP_i/U434/ZN (OAI211_X1)                              0.0594     1.3159 r
  DP_i/U435/ZN (NAND2_X1)                               0.0396     1.3555 f
  DP_i/U436/ZN (OAI21_X1)                               0.0436     1.3990 r
  DP_i/U437/ZN (NAND2_X1)                               0.0438     1.4428 f
  DP_i/U1488/ZN (NOR2_X1)                               0.0580     1.5008 r
  DP_i/U1790/Z (XOR2_X1)                                0.0731     1.5739 r
  DP_i/U1792/ZN (AOI21_X1)                              0.0343     1.6082 f
  DP_i/U1795/ZN (XNOR2_X1)                              0.0619     1.6701 f
  DP_i/U1973/ZN (OAI21_X1)                              0.0725     1.7425 r
  DP_i/U272/ZN (OAI21_X1)                               0.0452     1.7877 f
  DP_i/U2816/CO (FA_X1)                                 0.1005     1.8882 f
  DP_i/U3157/ZN (NAND2_X1)                              0.0410     1.9292 r
  DP_i/U3158/ZN (XNOR2_X1)                              0.0641     1.9933 r
  DP_i/U3159/ZN (XNOR2_X1)                              0.0510     2.0443 f
  DP_i/U3160/ZN (AOI222_X1)                             0.1667     2.2109 r
  DP_i/U5368/ZN (OAI221_X1)                             0.0711     2.2820 f
  DP_i/U5369/ZN (NOR4_X1)                               0.0958     2.3778 r
  DP_i/U268/ZN (AND4_X1)                                0.0706     2.4483 r
  DP_i/U5386/ZN (OAI221_X1)                             0.0466     2.4949 f
  DP_i/U5387/ZN (NOR4_X1)                               0.0994     2.5943 r
  DP_i/U5388/ZN (OAI221_X1)                             0.0560     2.6503 f
  DP_i/U5393/ZN (OAI211_X1)                             0.0485     2.6988 r
  DP_i/U5394/ZN (AOI21_X1)                              0.0511     2.7500 f
  DP_i/flush (DataPath)                                 0.0000     2.7500 f
  U1106/ZN (OR3_X1)                                     0.1032     2.8532 f
  DP_i/pc_enable (DataPath)                             0.0000     2.8532 f
  DP_i/U2932/ZN (OR2_X1)                                0.0589     2.9121 f
  DP_i/fetch_i_pc_i_clk_gate_Y_reg/EN (SNPS_CLOCK_GATE_HIGH_data_reg_NBIT30_2_2)
                                                        0.0000     2.9121 f
  DP_i/fetch_i_pc_i_clk_gate_Y_reg/latch/E (CLKGATETST_X1)
                                                        0.0088     2.9209 f
  data arrival time                                                2.9209

  clock CLK (rise edge)                                 3.5000     3.5000
  clock network delay (ideal)                           0.0500     3.5500
  clock uncertainty                                    -0.0500     3.5000
  DP_i/fetch_i_pc_i_clk_gate_Y_reg/latch/CK (CLKGATETST_X1)
                                                        0.0000     3.5000 r
  clock gating setup time                              -0.0632     3.4368
  data required time                                               3.4368
  --------------------------------------------------------------------------
  data required time                                               3.4368
  data arrival time                                               -2.9209
  --------------------------------------------------------------------------
  slack (MET)                                                      0.5159


  Startpoint: DP_i/fetch_i_IR_out_reg_26_
              (rising edge-triggered flip-flop clocked by CLK)
  Endpoint: DP_i/fetch_i_pc_i_clk_gate_Y_reg/latch
            (gating element for clock CLK)
  Path Group: CLK
  Path Type: max

  Des/Clust/Port     Wire Load Model       Library
  ------------------------------------------------
  DLX                5K_hvratio_1_4        NangateOpenCellLibrary

  Point                                                   Incr       Path
  --------------------------------------------------------------------------
  clock CLK (rise edge)                                 0.0000     0.0000
  clock network delay (ideal)                           0.0500     0.0500
  DP_i/fetch_i_IR_out_reg_26_/CK (DFF_X1)               0.0000     0.0500 r
  DP_i/fetch_i_IR_out_reg_26_/Q (DFF_X1)                0.1904     0.2404 r
  DP_i/opcode[0] (DataPath)                             0.0000     0.2404 r
  U798/ZN (INV_X1)                                      0.0840     0.3245 f
  U859/ZN (NAND3_X1)                                    0.0761     0.4006 r
  U861/ZN (NOR2_X2)                                     0.0721     0.4727 f
  DP_i/RF2 (DataPath)                                   0.0000     0.4727 f
  DP_i/U277/ZN (INV_X1)                                 0.1295     0.6022 r
  DP_i/U393/ZN (NAND3_X1)                               0.0654     0.6676 f
  DP_i/U394/ZN (OAI21_X1)                               0.0469     0.7145 r
  DP_i/U395/ZN (NAND2_X1)                               0.0392     0.7536 f
  DP_i/U396/ZN (NAND2_X1)                               0.0388     0.7925 r
  DP_i/U397/ZN (NAND2_X1)                               0.0400     0.8325 f
  DP_i/U276/ZN (NOR2_X1)                                0.0906     0.9231 r
  DP_i/U400/ZN (OAI22_X1)                               0.0480     0.9710 f
  DP_i/U402/ZN (OAI21_X1)                               0.0844     1.0554 r
  DP_i/U403/ZN (INV_X1)                                 0.0368     1.0922 f
  DP_i/U417/ZN (OAI21_X1)                               0.0507     1.1429 r
  DP_i/U568/CO (FA_X1)                                  0.0780     1.2209 r
  DP_i/U418/ZN (INV_X1)                                 0.0356     1.2565 f
  DP_i/U434/ZN (OAI211_X1)                              0.0594     1.3159 r
  DP_i/U435/ZN (NAND2_X1)                               0.0396     1.3555 f
  DP_i/U436/ZN (OAI21_X1)                               0.0429     1.3983 r
  DP_i/U437/ZN (NAND2_X1)                               0.0438     1.4421 f
  DP_i/U1488/ZN (NOR2_X1)                               0.0580     1.5001 r
  DP_i/U1790/Z (XOR2_X1)                                0.0731     1.5732 r
  DP_i/U1792/ZN (AOI21_X1)                              0.0343     1.6075 f
  DP_i/U1795/ZN (XNOR2_X1)                              0.0619     1.6693 f
  DP_i/U1973/ZN (OAI21_X1)                              0.0725     1.7418 r
  DP_i/U272/ZN (OAI21_X1)                               0.0452     1.7870 f
  DP_i/U2816/CO (FA_X1)                                 0.1005     1.8875 f
  DP_i/U3157/ZN (NAND2_X1)                              0.0410     1.9285 r
  DP_i/U3158/ZN (XNOR2_X1)                              0.0641     1.9925 r
  DP_i/U3159/ZN (XNOR2_X1)                              0.0510     2.0435 f
  DP_i/U3160/ZN (AOI222_X1)                             0.1667     2.2102 r
  DP_i/U5368/ZN (OAI221_X1)                             0.0711     2.2813 f
  DP_i/U5369/ZN (NOR4_X1)                               0.0958     2.3771 r
  DP_i/U268/ZN (AND4_X1)                                0.0706     2.4476 r
  DP_i/U5386/ZN (OAI221_X1)                             0.0466     2.4942 f
  DP_i/U5387/ZN (NOR4_X1)                               0.0994     2.5936 r
  DP_i/U5388/ZN (OAI221_X1)                             0.0560     2.6496 f
  DP_i/U5393/ZN (OAI211_X1)                             0.0485     2.6981 r
  DP_i/U5394/ZN (AOI21_X1)                              0.0511     2.7493 f
  DP_i/flush (DataPath)                                 0.0000     2.7493 f
  U1106/ZN (OR3_X1)                                     0.1032     2.8525 f
  DP_i/pc_enable (DataPath)                             0.0000     2.8525 f
  DP_i/U2932/ZN (OR2_X1)                                0.0589     2.9114 f
  DP_i/fetch_i_pc_i_clk_gate_Y_reg/EN (SNPS_CLOCK_GATE_HIGH_data_reg_NBIT30_2_2)
                                                        0.0000     2.9114 f
  DP_i/fetch_i_pc_i_clk_gate_Y_reg/latch/E (CLKGATETST_X1)
                                                        0.0088     2.9202 f
  data arrival time                                                2.9202

  clock CLK (rise edge)                                 3.5000     3.5000
  clock network delay (ideal)                           0.0500     3.5500
  clock uncertainty                                    -0.0500     3.5000
  DP_i/fetch_i_pc_i_clk_gate_Y_reg/latch/CK (CLKGATETST_X1)
                                                        0.0000     3.5000 r
  clock gating setup time                              -0.0632     3.4368
  data required time                                               3.4368
  --------------------------------------------------------------------------
  data required time                                               3.4368
  data arrival time                                               -2.9202
  --------------------------------------------------------------------------
  slack (MET)                                                      0.5166


  Startpoint: DRAM_READY (input port clocked by CLK)
  Endpoint: DP_i/decode_i_B_reg_i_Y_reg_3_
            (rising edge-triggered flip-flop clocked by CLK)
  Path Group: INPUTS
  Path Type: max

  Des/Clust/Port     Wire Load Model       Library
  ------------------------------------------------
  DLX                5K_hvratio_1_4        NangateOpenCellLibrary

  Point                                                   Incr       Path
  --------------------------------------------------------------------------
  clock CLK (rise edge)                                 0.0000     0.0000
  clock network delay (ideal)                           0.0500     0.0500
  input external delay                                  0.3500     0.4000 r
  DRAM_READY (in)                                       0.0014     0.4014 r
  U782/ZN (NOR2_X1)                                     0.0299     0.4313 f
  U872/ZN (INV_X1)                                      0.0719     0.5032 r
  DP_i/EX_MEM_enable (DataPath)                         0.0000     0.5032 r
  DP_i/U89/ZN (NAND2_X2)                                0.1635     0.6668 f
  DP_i/U80/ZN (NOR2_X1)                                 0.1298     0.7966 r
  DP_i/U2649/ZN (INV_X1)                                0.0370     0.8336 f
  DP_i/U2650/ZN (NOR4_X1)                               0.8830     1.7165 r
  DP_i/U2826/ZN (AOI22_X1)                              0.0800     1.7965 f
  DP_i/U2827/ZN (OAI211_X1)                             0.0772     1.8738 r
  DP_i/decode_i_B_reg_i_Y_reg_3_/D (DFF_X1)             0.0110     1.8848 r
  data arrival time                                                1.8848

  clock CLK (rise edge)                                 3.5000     3.5000
  clock network delay (ideal)                           0.0500     3.5500
  clock uncertainty                                    -0.0500     3.5000
  DP_i/decode_i_B_reg_i_Y_reg_3_/CK (DFF_X1)            0.0000     3.5000 r
  library setup time                                   -0.0339     3.4661
  data required time                                               3.4661
  --------------------------------------------------------------------------
  data required time                                               3.4661
  data arrival time                                               -1.8848
  --------------------------------------------------------------------------
  slack (MET)                                                      1.5814


  Startpoint: DRAM_READY (input port clocked by CLK)
  Endpoint: DP_i/decode_i_B_reg_i_Y_reg_3_
            (rising edge-triggered flip-flop clocked by CLK)
  Path Group: INPUTS
  Path Type: max

  Des/Clust/Port     Wire Load Model       Library
  ------------------------------------------------
  DLX                5K_hvratio_1_4        NangateOpenCellLibrary

  Point                                                   Incr       Path
  --------------------------------------------------------------------------
  clock CLK (rise edge)                                 0.0000     0.0000
  clock network delay (ideal)                           0.0500     0.0500
  input external delay                                  0.3500     0.4000 r
  DRAM_READY (in)                                       0.0014     0.4014 r
  U782/ZN (NOR2_X1)                                     0.0299     0.4313 f
  U872/ZN (INV_X1)                                      0.0719     0.5032 r
  DP_i/EX_MEM_enable (DataPath)                         0.0000     0.5032 r
  DP_i/U89/ZN (NAND2_X2)                                0.1635     0.6668 f
  DP_i/U80/ZN (NOR2_X1)                                 0.1298     0.7966 r
  DP_i/U2649/ZN (INV_X1)                                0.0370     0.8336 f
  DP_i/U2650/ZN (NOR4_X1)                               0.8830     1.7165 r
  DP_i/U2826/ZN (AOI22_X1)                              0.0800     1.7965 f
  DP_i/U2827/ZN (OAI211_X1)                             0.0754     1.8720 r
  DP_i/decode_i_B_reg_i_Y_reg_3_/D (DFF_X1)             0.0110     1.8830 r
  data arrival time                                                1.8830

  clock CLK (rise edge)                                 3.5000     3.5000
  clock network delay (ideal)                           0.0500     3.5500
  clock uncertainty                                    -0.0500     3.5000
  DP_i/decode_i_B_reg_i_Y_reg_3_/CK (DFF_X1)            0.0000     3.5000 r
  library setup time                                   -0.0339     3.4661
  data required time                                               3.4661
  --------------------------------------------------------------------------
  data required time                                               3.4661
  data arrival time                                               -1.8830
  --------------------------------------------------------------------------
  slack (MET)                                                      1.5832


  Startpoint: DRAM_READY (input port clocked by CLK)
  Endpoint: DP_i/decode_i_B_reg_i_Y_reg_2_
            (rising edge-triggered flip-flop clocked by CLK)
  Path Group: INPUTS
  Path Type: max

  Des/Clust/Port     Wire Load Model       Library
  ------------------------------------------------
  DLX                5K_hvratio_1_4        NangateOpenCellLibrary

  Point                                                   Incr       Path
  --------------------------------------------------------------------------
  clock CLK (rise edge)                                 0.0000     0.0000
  clock network delay (ideal)                           0.0500     0.0500
  input external delay                                  0.3500     0.4000 r
  DRAM_READY (in)                                       0.0014     0.4014 r
  U782/ZN (NOR2_X1)                                     0.0299     0.4313 f
  U872/ZN (INV_X1)                                      0.0719     0.5032 r
  DP_i/EX_MEM_enable (DataPath)                         0.0000     0.5032 r
  DP_i/U89/ZN (NAND2_X2)                                0.1635     0.6668 f
  DP_i/U80/ZN (NOR2_X1)                                 0.1298     0.7966 r
  DP_i/U2649/ZN (INV_X1)                                0.0370     0.8336 f
  DP_i/U2650/ZN (NOR4_X1)                               0.8830     1.7165 r
  DP_i/U2833/ZN (AOI22_X1)                              0.0805     1.7970 f
  DP_i/U2836/ZN (NAND4_X1)                              0.0721     1.8691 r
  DP_i/decode_i_B_reg_i_Y_reg_2_/D (DFF_X1)             0.0110     1.8800 r
  data arrival time                                                1.8800

  clock CLK (rise edge)                                 3.5000     3.5000
  clock network delay (ideal)                           0.0500     3.5500
  clock uncertainty                                    -0.0500     3.5000
  DP_i/decode_i_B_reg_i_Y_reg_2_/CK (DFF_X1)            0.0000     3.5000 r
  library setup time                                   -0.0325     3.4675
  data required time                                               3.4675
  --------------------------------------------------------------------------
  data required time                                               3.4675
  data arrival time                                               -1.8800
  --------------------------------------------------------------------------
  slack (MET)                                                      1.5874


  Startpoint: DRAM_READY (input port clocked by CLK)
  Endpoint: DP_i/decode_i_B_reg_i_Y_reg_2_
            (rising edge-triggered flip-flop clocked by CLK)
  Path Group: INPUTS
  Path Type: max

  Des/Clust/Port     Wire Load Model       Library
  ------------------------------------------------
  DLX                5K_hvratio_1_4        NangateOpenCellLibrary

  Point                                                   Incr       Path
  --------------------------------------------------------------------------
  clock CLK (rise edge)                                 0.0000     0.0000
  clock network delay (ideal)                           0.0500     0.0500
  input external delay                                  0.3500     0.4000 r
  DRAM_READY (in)                                       0.0014     0.4014 r
  U782/ZN (NOR2_X1)                                     0.0299     0.4313 f
  U872/ZN (INV_X1)                                      0.0719     0.5032 r
  DP_i/EX_MEM_enable (DataPath)                         0.0000     0.5032 r
  DP_i/U89/ZN (NAND2_X2)                                0.1635     0.6668 f
  DP_i/U80/ZN (NOR2_X1)                                 0.1298     0.7966 r
  DP_i/U2649/ZN (INV_X1)                                0.0370     0.8336 f
  DP_i/U2650/ZN (NOR4_X1)                               0.8830     1.7165 r
  DP_i/U2833/ZN (AOI22_X1)                              0.0688     1.7853 f
  DP_i/U2836/ZN (NAND4_X1)                              0.0721     1.8573 r
  DP_i/decode_i_B_reg_i_Y_reg_2_/D (DFF_X1)             0.0110     1.8683 r
  data arrival time                                                1.8683

  clock CLK (rise edge)                                 3.5000     3.5000
  clock network delay (ideal)                           0.0500     3.5500
  clock uncertainty                                    -0.0500     3.5000
  DP_i/decode_i_B_reg_i_Y_reg_2_/CK (DFF_X1)            0.0000     3.5000 r
  library setup time                                   -0.0325     3.4675
  data required time                                               3.4675
  --------------------------------------------------------------------------
  data required time                                               3.4675
  data arrival time                                               -1.8683
  --------------------------------------------------------------------------
  slack (MET)                                                      1.5992


  Startpoint: DRAM_READY (input port clocked by CLK)
  Endpoint: DP_i/decode_i_B_reg_i_Y_reg_4_
            (rising edge-triggered flip-flop clocked by CLK)
  Path Group: INPUTS
  Path Type: max

  Des/Clust/Port     Wire Load Model       Library
  ------------------------------------------------
  DLX                5K_hvratio_1_4        NangateOpenCellLibrary

  Point                                                   Incr       Path
  --------------------------------------------------------------------------
  clock CLK (rise edge)                                 0.0000     0.0000
  clock network delay (ideal)                           0.0500     0.0500
  input external delay                                  0.3500     0.4000 r
  DRAM_READY (in)                                       0.0014     0.4014 r
  U782/ZN (NOR2_X1)                                     0.0299     0.4313 f
  U872/ZN (INV_X1)                                      0.0719     0.5032 r
  DP_i/EX_MEM_enable (DataPath)                         0.0000     0.5032 r
  DP_i/U89/ZN (NAND2_X2)                                0.1635     0.6668 f
  DP_i/U80/ZN (NOR2_X1)                                 0.1298     0.7966 r
  DP_i/U2649/ZN (INV_X1)                                0.0370     0.8336 f
  DP_i/U2650/ZN (NOR4_X1)                               0.8830     1.7165 r
  DP_i/U2820/ZN (AOI22_X1)                              0.0412     1.7577 f
  DP_i/U2821/ZN (OAI211_X1)                             0.0702     1.8280 r
  DP_i/decode_i_B_reg_i_Y_reg_4_/D (DFF_X1)             0.0110     1.8390 r
  data arrival time                                                1.8390

  clock CLK (rise edge)                                 3.5000     3.5000
  clock network delay (ideal)                           0.0500     3.5500
  clock uncertainty                                    -0.0500     3.5000
  DP_i/decode_i_B_reg_i_Y_reg_4_/CK (DFF_X1)            0.0000     3.5000 r
  library setup time                                   -0.0339     3.4661
  data required time                                               3.4661
  --------------------------------------------------------------------------
  data required time                                               3.4661
  data arrival time                                               -1.8390
  --------------------------------------------------------------------------
  slack (MET)                                                      1.6272


  Startpoint: DRAM_READY (input port clocked by CLK)
  Endpoint: DP_i/decode_i_B_reg_i_Y_reg_6_
            (rising edge-triggered flip-flop clocked by CLK)
  Path Group: INPUTS
  Path Type: max

  Des/Clust/Port     Wire Load Model       Library
  ------------------------------------------------
  DLX                5K_hvratio_1_4        NangateOpenCellLibrary

  Point                                                   Incr       Path
  --------------------------------------------------------------------------
  clock CLK (rise edge)                                 0.0000     0.0000
  clock network delay (ideal)                           0.0500     0.0500
  input external delay                                  0.3500     0.4000 r
  DRAM_READY (in)                                       0.0014     0.4014 r
  U782/ZN (NOR2_X1)                                     0.0299     0.4313 f
  U872/ZN (INV_X1)                                      0.0719     0.5032 r
  DP_i/EX_MEM_enable (DataPath)                         0.0000     0.5032 r
  DP_i/U89/ZN (NAND2_X2)                                0.1635     0.6668 f
  DP_i/U80/ZN (NOR2_X1)                                 0.1298     0.7966 r
  DP_i/U2649/ZN (INV_X1)                                0.0370     0.8336 f
  DP_i/U2650/ZN (NOR4_X1)                               0.8830     1.7165 r
  DP_i/U2807/ZN (AOI22_X1)                              0.0412     1.7577 f
  DP_i/U2808/ZN (OAI211_X1)                             0.0702     1.8280 r
  DP_i/decode_i_B_reg_i_Y_reg_6_/D (DFF_X1)             0.0110     1.8390 r
  data arrival time                                                1.8390

  clock CLK (rise edge)                                 3.5000     3.5000
  clock network delay (ideal)                           0.0500     3.5500
  clock uncertainty                                    -0.0500     3.5000
  DP_i/decode_i_B_reg_i_Y_reg_6_/CK (DFF_X1)            0.0000     3.5000 r
  library setup time                                   -0.0339     3.4661
  data required time                                               3.4661
  --------------------------------------------------------------------------
  data required time                                               3.4661
  data arrival time                                               -1.8390
  --------------------------------------------------------------------------
  slack (MET)                                                      1.6272


  Startpoint: DRAM_READY (input port clocked by CLK)
  Endpoint: DP_i/decode_i_B_reg_i_Y_reg_5_
            (rising edge-triggered flip-flop clocked by CLK)
  Path Group: INPUTS
  Path Type: max

  Des/Clust/Port     Wire Load Model       Library
  ------------------------------------------------
  DLX                5K_hvratio_1_4        NangateOpenCellLibrary

  Point                                                   Incr       Path
  --------------------------------------------------------------------------
  clock CLK (rise edge)                                 0.0000     0.0000
  clock network delay (ideal)                           0.0500     0.0500
  input external delay                                  0.3500     0.4000 r
  DRAM_READY (in)                                       0.0014     0.4014 r
  U782/ZN (NOR2_X1)                                     0.0299     0.4313 f
  U872/ZN (INV_X1)                                      0.0719     0.5032 r
  DP_i/EX_MEM_enable (DataPath)                         0.0000     0.5032 r
  DP_i/U89/ZN (NAND2_X2)                                0.1635     0.6668 f
  DP_i/U80/ZN (NOR2_X1)                                 0.1298     0.7966 r
  DP_i/U2649/ZN (INV_X1)                                0.0370     0.8336 f
  DP_i/U2650/ZN (NOR4_X1)                               0.8830     1.7165 r
  DP_i/U2814/ZN (AOI22_X1)                              0.0412     1.7577 f
  DP_i/U2815/ZN (OAI211_X1)                             0.0702     1.8280 r
  DP_i/decode_i_B_reg_i_Y_reg_5_/D (DFF_X1)             0.0110     1.8390 r
  data arrival time                                                1.8390

  clock CLK (rise edge)                                 3.5000     3.5000
  clock network delay (ideal)                           0.0500     3.5500
  clock uncertainty                                    -0.0500     3.5000
  DP_i/decode_i_B_reg_i_Y_reg_5_/CK (DFF_X1)            0.0000     3.5000 r
  library setup time                                   -0.0339     3.4661
  data required time                                               3.4661
  --------------------------------------------------------------------------
  data required time                                               3.4661
  data arrival time                                               -1.8390
  --------------------------------------------------------------------------
  slack (MET)                                                      1.6272


  Startpoint: DRAM_READY (input port clocked by CLK)
  Endpoint: DP_i/decode_i_B_reg_i_Y_reg_10_
            (rising edge-triggered flip-flop clocked by CLK)
  Path Group: INPUTS
  Path Type: max

  Des/Clust/Port     Wire Load Model       Library
  ------------------------------------------------
  DLX                5K_hvratio_1_4        NangateOpenCellLibrary

  Point                                                   Incr       Path
  --------------------------------------------------------------------------
  clock CLK (rise edge)                                 0.0000     0.0000
  clock network delay (ideal)                           0.0500     0.0500
  input external delay                                  0.3500     0.4000 r
  DRAM_READY (in)                                       0.0014     0.4014 r
  U782/ZN (NOR2_X1)                                     0.0299     0.4313 f
  U872/ZN (INV_X1)                                      0.0719     0.5032 r
  DP_i/EX_MEM_enable (DataPath)                         0.0000     0.5032 r
  DP_i/U89/ZN (NAND2_X2)                                0.1635     0.6668 f
  DP_i/U80/ZN (NOR2_X1)                                 0.1298     0.7966 r
  DP_i/U2649/ZN (INV_X1)                                0.0370     0.8336 f
  DP_i/U2650/ZN (NOR4_X1)                               0.8830     1.7165 r
  DP_i/U2781/ZN (AOI22_X1)                              0.0412     1.7577 f
  DP_i/U2782/ZN (OAI211_X1)                             0.0702     1.8280 r
  DP_i/decode_i_B_reg_i_Y_reg_10_/D (DFF_X1)            0.0110     1.8390 r
  data arrival time                                                1.8390

  clock CLK (rise edge)                                 3.5000     3.5000
  clock network delay (ideal)                           0.0500     3.5500
  clock uncertainty                                    -0.0500     3.5000
  DP_i/decode_i_B_reg_i_Y_reg_10_/CK (DFF_X1)           0.0000     3.5000 r
  library setup time                                   -0.0339     3.4661
  data required time                                               3.4661
  --------------------------------------------------------------------------
  data required time                                               3.4661
  data arrival time                                               -1.8390
  --------------------------------------------------------------------------
  slack (MET)                                                      1.6272


  Startpoint: DRAM_READY (input port clocked by CLK)
  Endpoint: DP_i/decode_i_B_reg_i_Y_reg_7_
            (rising edge-triggered flip-flop clocked by CLK)
  Path Group: INPUTS
  Path Type: max

  Des/Clust/Port     Wire Load Model       Library
  ------------------------------------------------
  DLX                5K_hvratio_1_4        NangateOpenCellLibrary

  Point                                                   Incr       Path
  --------------------------------------------------------------------------
  clock CLK (rise edge)                                 0.0000     0.0000
  clock network delay (ideal)                           0.0500     0.0500
  input external delay                                  0.3500     0.4000 r
  DRAM_READY (in)                                       0.0014     0.4014 r
  U782/ZN (NOR2_X1)                                     0.0299     0.4313 f
  U872/ZN (INV_X1)                                      0.0719     0.5032 r
  DP_i/EX_MEM_enable (DataPath)                         0.0000     0.5032 r
  DP_i/U89/ZN (NAND2_X2)                                0.1635     0.6668 f
  DP_i/U80/ZN (NOR2_X1)                                 0.1298     0.7966 r
  DP_i/U2649/ZN (INV_X1)                                0.0370     0.8336 f
  DP_i/U2650/ZN (NOR4_X1)                               0.8830     1.7165 r
  DP_i/U2801/ZN (AOI22_X1)                              0.0412     1.7577 f
  DP_i/U2802/ZN (OAI211_X1)                             0.0702     1.8280 r
  DP_i/decode_i_B_reg_i_Y_reg_7_/D (DFF_X1)             0.0110     1.8390 r
  data arrival time                                                1.8390

  clock CLK (rise edge)                                 3.5000     3.5000
  clock network delay (ideal)                           0.0500     3.5500
  clock uncertainty                                    -0.0500     3.5000
  DP_i/decode_i_B_reg_i_Y_reg_7_/CK (DFF_X1)            0.0000     3.5000 r
  library setup time                                   -0.0339     3.4661
  data required time                                               3.4661
  --------------------------------------------------------------------------
  data required time                                               3.4661
  data arrival time                                               -1.8390
  --------------------------------------------------------------------------
  slack (MET)                                                      1.6272


  Startpoint: DRAM_READY (input port clocked by CLK)
  Endpoint: DP_i/decode_i_B_reg_i_Y_reg_11_
            (rising edge-triggered flip-flop clocked by CLK)
  Path Group: INPUTS
  Path Type: max

  Des/Clust/Port     Wire Load Model       Library
  ------------------------------------------------
  DLX                5K_hvratio_1_4        NangateOpenCellLibrary

  Point                                                   Incr       Path
  --------------------------------------------------------------------------
  clock CLK (rise edge)                                 0.0000     0.0000
  clock network delay (ideal)                           0.0500     0.0500
  input external delay                                  0.3500     0.4000 r
  DRAM_READY (in)                                       0.0014     0.4014 r
  U782/ZN (NOR2_X1)                                     0.0299     0.4313 f
  U872/ZN (INV_X1)                                      0.0719     0.5032 r
  DP_i/EX_MEM_enable (DataPath)                         0.0000     0.5032 r
  DP_i/U89/ZN (NAND2_X2)                                0.1635     0.6668 f
  DP_i/U80/ZN (NOR2_X1)                                 0.1298     0.7966 r
  DP_i/U2649/ZN (INV_X1)                                0.0370     0.8336 f
  DP_i/U2650/ZN (NOR4_X1)                               0.8830     1.7165 r
  DP_i/U2775/ZN (AOI22_X1)                              0.0412     1.7577 f
  DP_i/U2776/ZN (OAI211_X1)                             0.0702     1.8280 r
  DP_i/decode_i_B_reg_i_Y_reg_11_/D (DFF_X1)            0.0110     1.8390 r
  data arrival time                                                1.8390

  clock CLK (rise edge)                                 3.5000     3.5000
  clock network delay (ideal)                           0.0500     3.5500
  clock uncertainty                                    -0.0500     3.5000
  DP_i/decode_i_B_reg_i_Y_reg_11_/CK (DFF_X1)           0.0000     3.5000 r
  library setup time                                   -0.0339     3.4661
  data required time                                               3.4661
  --------------------------------------------------------------------------
  data required time                                               3.4661
  data arrival time                                               -1.8390
  --------------------------------------------------------------------------
  slack (MET)                                                      1.6272


  Startpoint: DP_i/fetch_i_IR_out_reg_23_
              (rising edge-triggered flip-flop clocked by CLK)
  Endpoint: IRAM_ISSUE (output port clocked by CLK)
  Path Group: OUTPUTS
  Path Type: max

  Des/Clust/Port     Wire Load Model       Library
  ------------------------------------------------
  DLX                5K_hvratio_1_4        NangateOpenCellLibrary

  Point                                                   Incr       Path
  --------------------------------------------------------------------------
  clock CLK (rise edge)                                 0.0000     0.0000
  clock network delay (ideal)                           0.0500     0.0500
  DP_i/fetch_i_IR_out_reg_23_/CK (DFF_X1)               0.0000     0.0500 r
  DP_i/fetch_i_IR_out_reg_23_/Q (DFF_X1)                0.1271     0.1771 f
  DP_i/U292/ZN (AOI22_X1)                               0.0883     0.2654 r
  DP_i/U293/ZN (OAI221_X1)                              0.0488     0.3142 f
  DP_i/U294/ZN (OR3_X1)                                 0.1043     0.4185 f
  DP_i/U50/ZN (INV_X2)                                  0.1421     0.5606 r
  DP_i/U299/ZN (NOR2_X1)                                0.0549     0.6155 f
  DP_i/U300/ZN (NAND2_X1)                               0.0785     0.6940 r
  DP_i/U372/ZN (NOR2_X1)                                0.0861     0.7801 f
  DP_i/U16/Z (CLKBUF_X1)                                0.1894     0.9694 f
  DP_i/U652/ZN (AOI22_X1)                               0.1209     1.0903 r
  DP_i/U653/ZN (NAND4_X1)                               0.0494     1.1398 f
  DP_i/U654/ZN (NOR4_X1)                                0.1450     1.2847 r
  DP_i/U655/ZN (OAI22_X1)                               0.0488     1.3335 f
  DP_i/U656/ZN (AOI21_X1)                               0.0749     1.4085 r
  DP_i/U663/ZN (AOI21_X1)                               0.0488     1.4572 f
  DP_i/U18/ZN (OR2_X4)                                  0.1309     1.5881 f
  DP_i/U5240/ZN (NOR2_X1)                               0.1044     1.6925 r
  DP_i/rs2_live[3] (DataPath)                           0.0000     1.6925 r
  U979/ZN (INV_X1)                                      0.0325     1.7250 f
  U981/ZN (AND2_X1)                                     0.0625     1.7875 f
  U985/ZN (AOI22_X1)                                    0.0832     1.8707 r
  U986/ZN (OAI21_X1)                                    0.0377     1.9084 f
  U987/ZN (AOI211_X1)                                   0.0810     1.9894 r
  U988/ZN (NOR2_X1)                                     0.0278     2.0172 f
  U997/Z (MUX2_X1)                                      0.0686     2.0858 f
  U1011/ZN (OAI21_X1)                                   0.0587     2.1445 r
  U1012/ZN (AOI221_X1)                                  0.0378     2.1823 f
  U1040/ZN (AOI211_X1)                                  0.1254     2.3076 r
  U1041/ZN (INV_X1)                                     0.0349     2.3426 f
  U1107/ZN (AOI21_X1)                                   0.0558     2.3983 r
  IRAM_ISSUE (out)                                      0.0041     2.4024 r
  data arrival time                                                2.4024

  clock CLK (rise edge)                                 3.5000     3.5000
  clock network delay (ideal)                           0.0500     3.5500
  clock uncertainty                                    -0.0500     3.5000
  output external delay                                -0.3500     3.1500
  data required time                                               3.1500
  --------------------------------------------------------------------------
  data required time                                               3.1500
  data arrival time                                               -2.4024
  --------------------------------------------------------------------------
  slack (MET)                                                      0.7476


  Startpoint: DP_i/fetch_i_IR_out_reg_23_
              (rising edge-triggered flip-flop clocked by CLK)
  Endpoint: IRAM_ISSUE (output port clocked by CLK)
  Path Group: OUTPUTS
  Path Type: max

  Des/Clust/Port     Wire Load Model       Library
  ------------------------------------------------
  DLX                5K_hvratio_1_4        NangateOpenCellLibrary

  Point                                                   Incr       Path
  --------------------------------------------------------------------------
  clock CLK (rise edge)                                 0.0000     0.0000
  clock network delay (ideal)                           0.0500     0.0500
  DP_i/fetch_i_IR_out_reg_23_/CK (DFF_X1)               0.0000     0.0500 r
  DP_i/fetch_i_IR_out_reg_23_/Q (DFF_X1)                0.1271     0.1771 f
  DP_i/U292/ZN (AOI22_X1)                               0.0883     0.2654 r
  DP_i/U293/ZN (OAI221_X1)                              0.0488     0.3142 f
  DP_i/U294/ZN (OR3_X1)                                 0.1043     0.4185 f
  DP_i/U50/ZN (INV_X2)                                  0.1421     0.5606 r
  DP_i/U299/ZN (NOR2_X1)                                0.0549     0.6155 f
  DP_i/U300/ZN (NAND2_X1)                               0.0785     0.6940 r
  DP_i/U372/ZN (NOR2_X1)                                0.0861     0.7801 f
  DP_i/U16/Z (CLKBUF_X1)                                0.1894     0.9694 f
  DP_i/U652/ZN (AOI22_X1)                               0.1209     1.0903 r
  DP_i/U653/ZN (NAND4_X1)                               0.0494     1.1398 f
  DP_i/U654/ZN (NOR4_X1)                                0.1450     1.2847 r
  DP_i/U655/ZN (OAI22_X1)                               0.0488     1.3335 f
  DP_i/U656/ZN (AOI21_X1)                               0.0749     1.4085 r
  DP_i/U663/ZN (AOI21_X1)                               0.0488     1.4572 f
  DP_i/U18/ZN (OR2_X4)                                  0.1309     1.5881 f
  DP_i/U5240/ZN (NOR2_X1)                               0.1044     1.6925 r
  DP_i/rs2_live[3] (DataPath)                           0.0000     1.6925 r
  U979/ZN (INV_X1)                                      0.0325     1.7250 f
  U981/ZN (AND2_X1)                                     0.0625     1.7875 f
  U985/ZN (AOI22_X1)                                    0.0832     1.8707 r
  U986/ZN (OAI21_X1)                                    0.0377     1.9084 f
  U987/ZN (AOI211_X1)                                   0.0810     1.9894 r
  U988/ZN (NOR2_X1)                                     0.0278     2.0172 f
  U997/Z (MUX2_X1)                                      0.0686     2.0858 f
  U1011/ZN (OAI21_X1)                                   0.0587     2.1445 r
  U1012/ZN (AOI221_X1)                                  0.0378     2.1823 f
  U1040/ZN (AOI211_X1)                                  0.1254     2.3076 r
  U1041/ZN (INV_X1)                                     0.0349     2.3426 f
  U1107/ZN (AOI21_X1)                                   0.0558     2.3983 r
  IRAM_ISSUE (out)                                      0.0041     2.4024 r
  data arrival time                                                2.4024

  clock CLK (rise edge)                                 3.5000     3.5000
  clock network delay (ideal)                           0.0500     3.5500
  clock uncertainty                                    -0.0500     3.5000
  output external delay                                -0.3500     3.1500
  data required time                                               3.1500
  --------------------------------------------------------------------------
  data required time                                               3.1500
  data arrival time                                               -2.4024
  --------------------------------------------------------------------------
  slack (MET)                                                      0.7476


  Startpoint: DP_i/mem_access_i_rd_out_reg_i_Y_reg_0_
              (rising edge-triggered flip-flop clocked by CLK)
  Endpoint: DRAM_DATA[30]
            (output port clocked by CLK)
  Path Group: OUTPUTS
  Path Type: max

  Des/Clust/Port     Wire Load Model       Library
  ------------------------------------------------
  DLX                5K_hvratio_1_4        NangateOpenCellLibrary

  Point                                                   Incr       Path
  --------------------------------------------------------------------------
  clock CLK (rise edge)                                 0.0000     0.0000
  clock network delay (ideal)                           0.0500     0.0500
  DP_i/mem_access_i_rd_out_reg_i_Y_reg_0_/CK (DFF_X1)   0.0000     0.0500 r
  DP_i/mem_access_i_rd_out_reg_i_Y_reg_0_/Q (DFF_X1)    0.1427     0.1927 r
  DP_i/rd_mem_w[0] (DataPath)                           0.0000     0.1927 r
  U1089/ZN (INV_X1)                                     0.0591     0.2518 f
  U1091/ZN (AOI22_X1)                                   0.0548     0.3066 r
  U1092/ZN (OAI221_X1)                                  0.0564     0.3630 f
  U1093/ZN (NOR3_X2)                                    0.1853     0.5483 r
  DP_i/fw_mem_mem (DataPath)                            0.0000     0.5483 r
  DP_i/U478/ZN (INV_X1)                                 0.0554     0.6038 f
  DP_i/U247/ZN (NOR2_X2)                                0.1547     0.7585 r
  DP_i/U542/ZN (AOI22_X1)                               0.0686     0.8271 f
  DP_i/U543/ZN (INV_X1)                                 0.0348     0.8619 r
  DP_i/D_RAM_write_data[30] (DataPath)                  0.0000     0.8619 r
  U851/ZN (AND2_X1)                                     0.0432     0.9051 r
  DRAM_DATA_tri_30_/Z (TBUF_X1)                         0.0597     0.9649 r
  DRAM_DATA[30] (inout)                                 0.0048     0.9697 r
  data arrival time                                                0.9697

  clock CLK (rise edge)                                 3.5000     3.5000
  clock network delay (ideal)                           0.0500     3.5500
  clock uncertainty                                    -0.0500     3.5000
  output external delay                                -0.3500     3.1500
  data required time                                               3.1500
  --------------------------------------------------------------------------
  data required time                                               3.1500
  data arrival time                                               -0.9697
  --------------------------------------------------------------------------
  slack (MET)                                                      2.1803


  Startpoint: DP_i/mem_access_i_rd_out_reg_i_Y_reg_0_
              (rising edge-triggered flip-flop clocked by CLK)
  Endpoint: DRAM_DATA[29]
            (output port clocked by CLK)
  Path Group: OUTPUTS
  Path Type: max

  Des/Clust/Port     Wire Load Model       Library
  ------------------------------------------------
  DLX                5K_hvratio_1_4        NangateOpenCellLibrary

  Point                                                   Incr       Path
  --------------------------------------------------------------------------
  clock CLK (rise edge)                                 0.0000     0.0000
  clock network delay (ideal)                           0.0500     0.0500
  DP_i/mem_access_i_rd_out_reg_i_Y_reg_0_/CK (DFF_X1)   0.0000     0.0500 r
  DP_i/mem_access_i_rd_out_reg_i_Y_reg_0_/Q (DFF_X1)    0.1427     0.1927 r
  DP_i/rd_mem_w[0] (DataPath)                           0.0000     0.1927 r
  U1089/ZN (INV_X1)                                     0.0591     0.2518 f
  U1091/ZN (AOI22_X1)                                   0.0548     0.3066 r
  U1092/ZN (OAI221_X1)                                  0.0564     0.3630 f
  U1093/ZN (NOR3_X2)                                    0.1853     0.5483 r
  DP_i/fw_mem_mem (DataPath)                            0.0000     0.5483 r
  DP_i/U478/ZN (INV_X1)                                 0.0554     0.6038 f
  DP_i/U247/ZN (NOR2_X2)                                0.1547     0.7585 r
  DP_i/U524/ZN (AOI22_X1)                               0.0686     0.8271 f
  DP_i/U525/ZN (INV_X1)                                 0.0348     0.8619 r
  DP_i/D_RAM_write_data[29] (DataPath)                  0.0000     0.8619 r
  U845/ZN (AND2_X1)                                     0.0432     0.9051 r
  DRAM_DATA_tri_29_/Z (TBUF_X1)                         0.0597     0.9649 r
  DRAM_DATA[29] (inout)                                 0.0048     0.9697 r
  data arrival time                                                0.9697

  clock CLK (rise edge)                                 3.5000     3.5000
  clock network delay (ideal)                           0.0500     3.5500
  clock uncertainty                                    -0.0500     3.5000
  output external delay                                -0.3500     3.1500
  data required time                                               3.1500
  --------------------------------------------------------------------------
  data required time                                               3.1500
  data arrival time                                               -0.9697
  --------------------------------------------------------------------------
  slack (MET)                                                      2.1803


  Startpoint: DP_i/mem_access_i_rd_out_reg_i_Y_reg_0_
              (rising edge-triggered flip-flop clocked by CLK)
  Endpoint: DRAM_DATA[28]
            (output port clocked by CLK)
  Path Group: OUTPUTS
  Path Type: max

  Des/Clust/Port     Wire Load Model       Library
  ------------------------------------------------
  DLX                5K_hvratio_1_4        NangateOpenCellLibrary

  Point                                                   Incr       Path
  --------------------------------------------------------------------------
  clock CLK (rise edge)                                 0.0000     0.0000
  clock network delay (ideal)                           0.0500     0.0500
  DP_i/mem_access_i_rd_out_reg_i_Y_reg_0_/CK (DFF_X1)   0.0000     0.0500 r
  DP_i/mem_access_i_rd_out_reg_i_Y_reg_0_/Q (DFF_X1)    0.1427     0.1927 r
  DP_i/rd_mem_w[0] (DataPath)                           0.0000     0.1927 r
  U1089/ZN (INV_X1)                                     0.0591     0.2518 f
  U1091/ZN (AOI22_X1)                                   0.0548     0.3066 r
  U1092/ZN (OAI221_X1)                                  0.0564     0.3630 f
  U1093/ZN (NOR3_X2)                                    0.1853     0.5483 r
  DP_i/fw_mem_mem (DataPath)                            0.0000     0.5483 r
  DP_i/U478/ZN (INV_X1)                                 0.0554     0.6038 f
  DP_i/U247/ZN (NOR2_X2)                                0.1547     0.7585 r
  DP_i/U530/ZN (AOI22_X1)                               0.0686     0.8271 f
  DP_i/U531/ZN (INV_X1)                                 0.0348     0.8619 r
  DP_i/D_RAM_write_data[28] (DataPath)                  0.0000     0.8619 r
  U847/ZN (AND2_X1)                                     0.0432     0.9051 r
  DRAM_DATA_tri_28_/Z (TBUF_X1)                         0.0597     0.9649 r
  DRAM_DATA[28] (inout)                                 0.0048     0.9697 r
  data arrival time                                                0.9697

  clock CLK (rise edge)                                 3.5000     3.5000
  clock network delay (ideal)                           0.0500     3.5500
  clock uncertainty                                    -0.0500     3.5000
  output external delay                                -0.3500     3.1500
  data required time                                               3.1500
  --------------------------------------------------------------------------
  data required time                                               3.1500
  data arrival time                                               -0.9697
  --------------------------------------------------------------------------
  slack (MET)                                                      2.1803


  Startpoint: DP_i/mem_access_i_rd_out_reg_i_Y_reg_0_
              (rising edge-triggered flip-flop clocked by CLK)
  Endpoint: DRAM_DATA[27]
            (output port clocked by CLK)
  Path Group: OUTPUTS
  Path Type: max

  Des/Clust/Port     Wire Load Model       Library
  ------------------------------------------------
  DLX                5K_hvratio_1_4        NangateOpenCellLibrary

  Point                                                   Incr       Path
  --------------------------------------------------------------------------
  clock CLK (rise edge)                                 0.0000     0.0000
  clock network delay (ideal)                           0.0500     0.0500
  DP_i/mem_access_i_rd_out_reg_i_Y_reg_0_/CK (DFF_X1)   0.0000     0.0500 r
  DP_i/mem_access_i_rd_out_reg_i_Y_reg_0_/Q (DFF_X1)    0.1427     0.1927 r
  DP_i/rd_mem_w[0] (DataPath)                           0.0000     0.1927 r
  U1089/ZN (INV_X1)                                     0.0591     0.2518 f
  U1091/ZN (AOI22_X1)                                   0.0548     0.3066 r
  U1092/ZN (OAI221_X1)                                  0.0564     0.3630 f
  U1093/ZN (NOR3_X2)                                    0.1853     0.5483 r
  DP_i/fw_mem_mem (DataPath)                            0.0000     0.5483 r
  DP_i/U478/ZN (INV_X1)                                 0.0554     0.6038 f
  DP_i/U247/ZN (NOR2_X2)                                0.1547     0.7585 r
  DP_i/U527/ZN (AOI22_X1)                               0.0686     0.8271 f
  DP_i/U528/ZN (INV_X1)                                 0.0348     0.8619 r
  DP_i/D_RAM_write_data[27] (DataPath)                  0.0000     0.8619 r
  U846/ZN (AND2_X1)                                     0.0432     0.9051 r
  DRAM_DATA_tri_27_/Z (TBUF_X1)                         0.0597     0.9649 r
  DRAM_DATA[27] (inout)                                 0.0048     0.9697 r
  data arrival time                                                0.9697

  clock CLK (rise edge)                                 3.5000     3.5000
  clock network delay (ideal)                           0.0500     3.5500
  clock uncertainty                                    -0.0500     3.5000
  output external delay                                -0.3500     3.1500
  data required time                                               3.1500
  --------------------------------------------------------------------------
  data required time                                               3.1500
  data arrival time                                               -0.9697
  --------------------------------------------------------------------------
  slack (MET)                                                      2.1803


  Startpoint: DP_i/mem_access_i_rd_out_reg_i_Y_reg_0_
              (rising edge-triggered flip-flop clocked by CLK)
  Endpoint: DRAM_DATA[26]
            (output port clocked by CLK)
  Path Group: OUTPUTS
  Path Type: max

  Des/Clust/Port     Wire Load Model       Library
  ------------------------------------------------
  DLX                5K_hvratio_1_4        NangateOpenCellLibrary

  Point                                                   Incr       Path
  --------------------------------------------------------------------------
  clock CLK (rise edge)                                 0.0000     0.0000
  clock network delay (ideal)                           0.0500     0.0500
  DP_i/mem_access_i_rd_out_reg_i_Y_reg_0_/CK (DFF_X1)   0.0000     0.0500 r
  DP_i/mem_access_i_rd_out_reg_i_Y_reg_0_/Q (DFF_X1)    0.1427     0.1927 r
  DP_i/rd_mem_w[0] (DataPath)                           0.0000     0.1927 r
  U1089/ZN (INV_X1)                                     0.0591     0.2518 f
  U1091/ZN (AOI22_X1)                                   0.0548     0.3066 r
  U1092/ZN (OAI221_X1)                                  0.0564     0.3630 f
  U1093/ZN (NOR3_X2)                                    0.1853     0.5483 r
  DP_i/fw_mem_mem (DataPath)                            0.0000     0.5483 r
  DP_i/U478/ZN (INV_X1)                                 0.0554     0.6038 f
  DP_i/U247/ZN (NOR2_X2)                                0.1547     0.7585 r
  DP_i/U536/ZN (AOI22_X1)                               0.0686     0.8271 f
  DP_i/U537/ZN (INV_X1)                                 0.0348     0.8619 r
  DP_i/D_RAM_write_data[26] (DataPath)                  0.0000     0.8619 r
  U849/ZN (AND2_X1)                                     0.0432     0.9051 r
  DRAM_DATA_tri_26_/Z (TBUF_X1)                         0.0597     0.9649 r
  DRAM_DATA[26] (inout)                                 0.0048     0.9697 r
  data arrival time                                                0.9697

  clock CLK (rise edge)                                 3.5000     3.5000
  clock network delay (ideal)                           0.0500     3.5500
  clock uncertainty                                    -0.0500     3.5000
  output external delay                                -0.3500     3.1500
  data required time                                               3.1500
  --------------------------------------------------------------------------
  data required time                                               3.1500
  data arrival time                                               -0.9697
  --------------------------------------------------------------------------
  slack (MET)                                                      2.1803


  Startpoint: DP_i/mem_access_i_rd_out_reg_i_Y_reg_0_
              (rising edge-triggered flip-flop clocked by CLK)
  Endpoint: DRAM_DATA[25]
            (output port clocked by CLK)
  Path Group: OUTPUTS
  Path Type: max

  Des/Clust/Port     Wire Load Model       Library
  ------------------------------------------------
  DLX                5K_hvratio_1_4        NangateOpenCellLibrary

  Point                                                   Incr       Path
  --------------------------------------------------------------------------
  clock CLK (rise edge)                                 0.0000     0.0000
  clock network delay (ideal)                           0.0500     0.0500
  DP_i/mem_access_i_rd_out_reg_i_Y_reg_0_/CK (DFF_X1)   0.0000     0.0500 r
  DP_i/mem_access_i_rd_out_reg_i_Y_reg_0_/Q (DFF_X1)    0.1427     0.1927 r
  DP_i/rd_mem_w[0] (DataPath)                           0.0000     0.1927 r
  U1089/ZN (INV_X1)                                     0.0591     0.2518 f
  U1091/ZN (AOI22_X1)                                   0.0548     0.3066 r
  U1092/ZN (OAI221_X1)                                  0.0564     0.3630 f
  U1093/ZN (NOR3_X2)                                    0.1853     0.5483 r
  DP_i/fw_mem_mem (DataPath)                            0.0000     0.5483 r
  DP_i/U478/ZN (INV_X1)                                 0.0554     0.6038 f
  DP_i/U247/ZN (NOR2_X2)                                0.1547     0.7585 r
  DP_i/U539/ZN (AOI22_X1)                               0.0686     0.8271 f
  DP_i/U540/ZN (INV_X1)                                 0.0348     0.8619 r
  DP_i/D_RAM_write_data[25] (DataPath)                  0.0000     0.8619 r
  U850/ZN (AND2_X1)                                     0.0432     0.9051 r
  DRAM_DATA_tri_25_/Z (TBUF_X1)                         0.0597     0.9649 r
  DRAM_DATA[25] (inout)                                 0.0048     0.9697 r
  data arrival time                                                0.9697

  clock CLK (rise edge)                                 3.5000     3.5000
  clock network delay (ideal)                           0.0500     3.5500
  clock uncertainty                                    -0.0500     3.5000
  output external delay                                -0.3500     3.1500
  data required time                                               3.1500
  --------------------------------------------------------------------------
  data required time                                               3.1500
  data arrival time                                               -0.9697
  --------------------------------------------------------------------------
  slack (MET)                                                      2.1803


  Startpoint: DP_i/mem_access_i_rd_out_reg_i_Y_reg_0_
              (rising edge-triggered flip-flop clocked by CLK)
  Endpoint: DRAM_DATA[24]
            (output port clocked by CLK)
  Path Group: OUTPUTS
  Path Type: max

  Des/Clust/Port     Wire Load Model       Library
  ------------------------------------------------
  DLX                5K_hvratio_1_4        NangateOpenCellLibrary

  Point                                                   Incr       Path
  --------------------------------------------------------------------------
  clock CLK (rise edge)                                 0.0000     0.0000
  clock network delay (ideal)                           0.0500     0.0500
  DP_i/mem_access_i_rd_out_reg_i_Y_reg_0_/CK (DFF_X1)   0.0000     0.0500 r
  DP_i/mem_access_i_rd_out_reg_i_Y_reg_0_/Q (DFF_X1)    0.1427     0.1927 r
  DP_i/rd_mem_w[0] (DataPath)                           0.0000     0.1927 r
  U1089/ZN (INV_X1)                                     0.0591     0.2518 f
  U1091/ZN (AOI22_X1)                                   0.0548     0.3066 r
  U1092/ZN (OAI221_X1)                                  0.0564     0.3630 f
  U1093/ZN (NOR3_X2)                                    0.1853     0.5483 r
  DP_i/fw_mem_mem (DataPath)                            0.0000     0.5483 r
  DP_i/U478/ZN (INV_X1)                                 0.0554     0.6038 f
  DP_i/U247/ZN (NOR2_X2)                                0.1547     0.7585 r
  DP_i/U533/ZN (AOI22_X1)                               0.0686     0.8271 f
  DP_i/U534/ZN (INV_X1)                                 0.0348     0.8619 r
  DP_i/D_RAM_write_data[24] (DataPath)                  0.0000     0.8619 r
  U848/ZN (AND2_X1)                                     0.0432     0.9051 r
  DRAM_DATA_tri_24_/Z (TBUF_X1)                         0.0597     0.9649 r
  DRAM_DATA[24] (inout)                                 0.0048     0.9697 r
  data arrival time                                                0.9697

  clock CLK (rise edge)                                 3.5000     3.5000
  clock network delay (ideal)                           0.0500     3.5500
  clock uncertainty                                    -0.0500     3.5000
  output external delay                                -0.3500     3.1500
  data required time                                               3.1500
  --------------------------------------------------------------------------
  data required time                                               3.1500
  data arrival time                                               -0.9697
  --------------------------------------------------------------------------
  slack (MET)                                                      2.1803


  Startpoint: DP_i/mem_access_i_rd_out_reg_i_Y_reg_0_
              (rising edge-triggered flip-flop clocked by CLK)
  Endpoint: DRAM_DATA[29]
            (output port clocked by CLK)
  Path Group: OUTPUTS
  Path Type: max

  Des/Clust/Port     Wire Load Model       Library
  ------------------------------------------------
  DLX                5K_hvratio_1_4        NangateOpenCellLibrary

  Point                                                   Incr       Path
  --------------------------------------------------------------------------
  clock CLK (rise edge)                                 0.0000     0.0000
  clock network delay (ideal)                           0.0500     0.0500
  DP_i/mem_access_i_rd_out_reg_i_Y_reg_0_/CK (DFF_X1)   0.0000     0.0500 r
  DP_i/mem_access_i_rd_out_reg_i_Y_reg_0_/Q (DFF_X1)    0.1427     0.1927 r
  DP_i/rd_mem_w[0] (DataPath)                           0.0000     0.1927 r
  U1089/ZN (INV_X1)                                     0.0591     0.2518 f
  U1091/ZN (AOI22_X1)                                   0.0548     0.3066 r
  U1092/ZN (OAI221_X1)                                  0.0564     0.3630 f
  U1093/ZN (NOR3_X2)                                    0.1853     0.5483 r
  DP_i/fw_mem_mem (DataPath)                            0.0000     0.5483 r
  DP_i/U478/ZN (INV_X1)                                 0.0554     0.6038 f
  DP_i/U247/ZN (NOR2_X2)                                0.1547     0.7585 r
  DP_i/U524/ZN (AOI22_X1)                               0.0683     0.8268 f
  DP_i/U525/ZN (INV_X1)                                 0.0348     0.8616 r
  DP_i/D_RAM_write_data[29] (DataPath)                  0.0000     0.8616 r
  U845/ZN (AND2_X1)                                     0.0432     0.9048 r
  DRAM_DATA_tri_29_/Z (TBUF_X1)                         0.0597     0.9646 r
  DRAM_DATA[29] (inout)                                 0.0048     0.9694 r
  data arrival time                                                0.9694

  clock CLK (rise edge)                                 3.5000     3.5000
  clock network delay (ideal)                           0.0500     3.5500
  clock uncertainty                                    -0.0500     3.5000
  output external delay                                -0.3500     3.1500
  data required time                                               3.1500
  --------------------------------------------------------------------------
  data required time                                               3.1500
  data arrival time                                               -0.9694
  --------------------------------------------------------------------------
  slack (MET)                                                      2.1806


1
