 
****************************************
Report : timing
        -path full
        -delay max
        -nworst 2
        -max_paths 10
Design : DLX
Version: W-2024.09-SP2
Date   : Sun Sep 27 03:00:03 2026
****************************************

Operating Conditions: typical   Library: NangateOpenCellLibrary
Wire Load Model Mode: top

  Startpoint: DP_i_fetch_i_IR_out_reg_29_
              (rising edge-triggered flip-flop clocked by CLK)
  Endpoint: DP_i_fetch_i_pc_i_Y_reg_15_
            (rising edge-triggered flip-flop clocked by CLK)
  Path Group: REG2REG
  Path Type: max

  Des/Clust/Port     Wire Load Model       Library
  ------------------------------------------------
  DLX                5K_hvratio_1_4        NangateOpenCellLibrary

  Point                                                   Incr       Path
  --------------------------------------------------------------------------
  clock CLK (rise edge)                                 0.0000     0.0000
  clock network delay (ideal)                           0.0500     0.0500
  DP_i_fetch_i_IR_out_reg_29_/CK (DFF_X1)               0.0000     0.0500 r
  DP_i_fetch_i_IR_out_reg_29_/Q (DFF_X1)                0.0977     0.1477 f
  U2516/ZN (OR2_X2)                                     0.0630     0.2107 f
  U1860/ZN (OR3_X2)                                     0.0895     0.3002 f
  U1921/ZN (AND2_X1)                                    0.0484     0.3487 f
  U2117/ZN (OR2_X1)                                     0.0557     0.4043 f
  U2245/ZN (NAND3_X1)                                   0.0339     0.4383 r
  U2246/ZN (NAND3_X1)                                   0.0376     0.4759 f
  U1041/ZN (AND3_X1)                                    0.0429     0.5187 f
  U2286/ZN (OAI21_X1)                                   0.0408     0.5595 r
  U5544/ZN (OAI21_X1)                                   0.0349     0.5945 f
  U5547/ZN (NAND2_X1)                                   0.0344     0.6289 r
  U2319/ZN (NAND2_X1)                                   0.0323     0.6612 f
  U2316/ZN (NOR2_X1)                                    0.0388     0.7000 r
  U5566/ZN (OAI21_X1)                                   0.0356     0.7356 f
  U5572/ZN (OAI21_X1)                                   0.0471     0.7826 r
  U1969/ZN (AND2_X1)                                    0.0500     0.8327 r
  U952/ZN (OR2_X1)                                      0.0433     0.8760 r
  U5605/ZN (NAND4_X1)                                   0.0497     0.9257 f
  U5606/ZN (OAI21_X1)                                   0.0518     0.9774 r
  U5608/ZN (AND2_X1)                                    0.0506     1.0280 r
  U5985/ZN (NOR2_X1)                                    0.0281     1.0561 f
  U1764/ZN (OR3_X1)                                     0.0875     1.1437 f
  U2434/ZN (XNOR2_X1)                                   0.0448     1.1884 r
  U1999/ZN (AND4_X1)                                    0.0621     1.2505 r
  U2038/ZN (NAND4_X1)                                   0.0389     1.2894 f
  U2215/ZN (NAND2_X1)                                   0.0384     1.3278 r
  U2214/ZN (NAND2_X1)                                   0.0340     1.3617 f
  U2423/ZN (AND3_X4)                                    0.0774     1.4391 f
  U12850/ZN (NAND2_X1)                                  0.0595     1.4986 r
  U12851/ZN (NAND4_X1)                                  0.0446     1.5433 f
  U11809/ZN (OR2_X1)                                    0.0601     1.6034 f
  DP_i_fetch_i_pc_i_Y_reg_15_/D (DFF_X1)                0.0104     1.6138 f
  data arrival time                                                1.6138

  clock CLK (rise edge)                                 1.3000     1.3000
  clock network delay (ideal)                           0.0500     1.3500
  clock uncertainty                                    -0.0500     1.3000
  DP_i_fetch_i_pc_i_Y_reg_15_/CK (DFF_X1)               0.0000     1.3000 r
  library setup time                                   -0.0251     1.2749
  data required time                                               1.2749
  --------------------------------------------------------------------------
  data required time                                               1.2749
  data arrival time                                               -1.6138
  --------------------------------------------------------------------------
  slack (VIOLATED)                                                -0.3389


  Startpoint: DP_i_fetch_i_IR_out_reg_29_
              (rising edge-triggered flip-flop clocked by CLK)
  Endpoint: DP_i_fetch_i_pc_i_Y_reg_29_
            (rising edge-triggered flip-flop clocked by CLK)
  Path Group: REG2REG
  Path Type: max

  Des/Clust/Port     Wire Load Model       Library
  ------------------------------------------------
  DLX                5K_hvratio_1_4        NangateOpenCellLibrary

  Point                                                   Incr       Path
  --------------------------------------------------------------------------
  clock CLK (rise edge)                                 0.0000     0.0000
  clock network delay (ideal)                           0.0500     0.0500
  DP_i_fetch_i_IR_out_reg_29_/CK (DFF_X1)               0.0000     0.0500 r
  DP_i_fetch_i_IR_out_reg_29_/Q (DFF_X1)                0.0977     0.1477 f
  U2516/ZN (OR2_X2)                                     0.0630     0.2107 f
  U1860/ZN (OR3_X2)                                     0.0895     0.3002 f
  U1921/ZN (AND2_X1)                                    0.0484     0.3487 f
  U2117/ZN (OR2_X1)                                     0.0557     0.4043 f
  U2245/ZN (NAND3_X1)                                   0.0339     0.4383 r
  U2246/ZN (NAND3_X1)                                   0.0376     0.4759 f
  U1041/ZN (AND3_X1)                                    0.0429     0.5187 f
  U2286/ZN (OAI21_X1)                                   0.0408     0.5595 r
  U5544/ZN (OAI21_X1)                                   0.0349     0.5945 f
  U5547/ZN (NAND2_X1)                                   0.0344     0.6289 r
  U2319/ZN (NAND2_X1)                                   0.0323     0.6612 f
  U2316/ZN (NOR2_X1)                                    0.0388     0.7000 r
  U5566/ZN (OAI21_X1)                                   0.0356     0.7356 f
  U5572/ZN (OAI21_X1)                                   0.0471     0.7826 r
  U1969/ZN (AND2_X1)                                    0.0500     0.8327 r
  U952/ZN (OR2_X1)                                      0.0433     0.8760 r
  U5605/ZN (NAND4_X1)                                   0.0497     0.9257 f
  U5606/ZN (OAI21_X1)                                   0.0518     0.9774 r
  U5608/ZN (AND2_X1)                                    0.0506     1.0280 r
  U5985/ZN (NOR2_X1)                                    0.0281     1.0561 f
  U1764/ZN (OR3_X1)                                     0.0875     1.1437 f
  U2434/ZN (XNOR2_X1)                                   0.0448     1.1884 r
  U1999/ZN (AND4_X1)                                    0.0621     1.2505 r
  U2038/ZN (NAND4_X1)                                   0.0389     1.2894 f
  U2215/ZN (NAND2_X1)                                   0.0384     1.3278 r
  U2214/ZN (NAND2_X1)                                   0.0340     1.3617 f
  U2423/ZN (AND3_X4)                                    0.0774     1.4391 f
  U12950/ZN (NAND2_X1)                                  0.0595     1.4986 r
  U12951/ZN (NAND4_X1)                                  0.0439     1.5425 f
  U11760/ZN (OR2_X1)                                    0.0608     1.6033 f
  DP_i_fetch_i_pc_i_Y_reg_29_/D (DFF_X1)                0.0104     1.6137 f
  data arrival time                                                1.6137

  clock CLK (rise edge)                                 1.3000     1.3000
  clock network delay (ideal)                           0.0500     1.3500
  clock uncertainty                                    -0.0500     1.3000
  DP_i_fetch_i_pc_i_Y_reg_29_/CK (DFF_X1)               0.0000     1.3000 r
  library setup time                                   -0.0251     1.2749
  data required time                                               1.2749
  --------------------------------------------------------------------------
  data required time                                               1.2749
  data arrival time                                               -1.6137
  --------------------------------------------------------------------------
  slack (VIOLATED)                                                -0.3388


  Startpoint: DP_i_fetch_i_IR_out_reg_29_
              (rising edge-triggered flip-flop clocked by CLK)
  Endpoint: DP_i_fetch_i_pc_i_Y_reg_15_
            (rising edge-triggered flip-flop clocked by CLK)
  Path Group: REG2REG
  Path Type: max

  Des/Clust/Port     Wire Load Model       Library
  ------------------------------------------------
  DLX                5K_hvratio_1_4        NangateOpenCellLibrary

  Point                                                   Incr       Path
  --------------------------------------------------------------------------
  clock CLK (rise edge)                                 0.0000     0.0000
  clock network delay (ideal)                           0.0500     0.0500
  DP_i_fetch_i_IR_out_reg_29_/CK (DFF_X1)               0.0000     0.0500 r
  DP_i_fetch_i_IR_out_reg_29_/Q (DFF_X1)                0.0977     0.1477 f
  U2516/ZN (OR2_X2)                                     0.0630     0.2107 f
  U1860/ZN (OR3_X2)                                     0.0895     0.3002 f
  U5516/ZN (AND3_X1)                                    0.0499     0.3501 f
  U5528/ZN (NAND2_X1)                                   0.0388     0.3889 r
  U2245/ZN (NAND3_X1)                                   0.0448     0.4336 f
  U2246/ZN (NAND3_X1)                                   0.0361     0.4697 r
  U1041/ZN (AND3_X1)                                    0.0528     0.5224 r
  U2286/ZN (OAI21_X1)                                   0.0292     0.5516 f
  U5544/ZN (OAI21_X1)                                   0.0502     0.6018 r
  U5547/ZN (NAND2_X1)                                   0.0357     0.6375 f
  U2319/ZN (NAND2_X1)                                   0.0350     0.6725 r
  U2316/ZN (NOR2_X1)                                    0.0262     0.6987 f
  U5566/ZN (OAI21_X1)                                   0.0528     0.7516 r
  U5572/ZN (OAI21_X1)                                   0.0361     0.7877 f
  U1969/ZN (AND2_X1)                                    0.0427     0.8304 f
  U5601/ZN (NAND3_X1)                                   0.0393     0.8697 r
  U5605/ZN (NAND4_X1)                                   0.0558     0.9255 f
  U5606/ZN (OAI21_X1)                                   0.0518     0.9773 r
  U5608/ZN (AND2_X1)                                    0.0506     1.0279 r
  U5985/ZN (NOR2_X1)                                    0.0281     1.0560 f
  U1764/ZN (OR3_X1)                                     0.0875     1.1435 f
  U2434/ZN (XNOR2_X1)                                   0.0448     1.1883 r
  U1999/ZN (AND4_X1)                                    0.0621     1.2504 r
  U2038/ZN (NAND4_X1)                                   0.0389     1.2893 f
  U2215/ZN (NAND2_X1)                                   0.0384     1.3277 r
  U2214/ZN (NAND2_X1)                                   0.0340     1.3616 f
  U2423/ZN (AND3_X4)                                    0.0774     1.4390 f
  U12850/ZN (NAND2_X1)                                  0.0595     1.4985 r
  U12851/ZN (NAND4_X1)                                  0.0446     1.5431 f
  U11809/ZN (OR2_X1)                                    0.0601     1.6033 f
  DP_i_fetch_i_pc_i_Y_reg_15_/D (DFF_X1)                0.0104     1.6137 f
  data arrival time                                                1.6137

  clock CLK (rise edge)                                 1.3000     1.3000
  clock network delay (ideal)                           0.0500     1.3500
  clock uncertainty                                    -0.0500     1.3000
  DP_i_fetch_i_pc_i_Y_reg_15_/CK (DFF_X1)               0.0000     1.3000 r
  library setup time                                   -0.0251     1.2749
  data required time                                               1.2749
  --------------------------------------------------------------------------
  data required time                                               1.2749
  data arrival time                                               -1.6137
  --------------------------------------------------------------------------
  slack (VIOLATED)                                                -0.3388


  Startpoint: DP_i_fetch_i_IR_out_reg_29_
              (rising edge-triggered flip-flop clocked by CLK)
  Endpoint: DP_i_fetch_i_pc_i_Y_reg_29_
            (rising edge-triggered flip-flop clocked by CLK)
  Path Group: REG2REG
  Path Type: max

  Des/Clust/Port     Wire Load Model       Library
  ------------------------------------------------
  DLX                5K_hvratio_1_4        NangateOpenCellLibrary

  Point                                                   Incr       Path
  --------------------------------------------------------------------------
  clock CLK (rise edge)                                 0.0000     0.0000
  clock network delay (ideal)                           0.0500     0.0500
  DP_i_fetch_i_IR_out_reg_29_/CK (DFF_X1)               0.0000     0.0500 r
  DP_i_fetch_i_IR_out_reg_29_/Q (DFF_X1)                0.0977     0.1477 f
  U2516/ZN (OR2_X2)                                     0.0630     0.2107 f
  U1860/ZN (OR3_X2)                                     0.0895     0.3002 f
  U5516/ZN (AND3_X1)                                    0.0499     0.3501 f
  U5528/ZN (NAND2_X1)                                   0.0388     0.3889 r
  U2245/ZN (NAND3_X1)                                   0.0448     0.4336 f
  U2246/ZN (NAND3_X1)                                   0.0361     0.4697 r
  U1041/ZN (AND3_X1)                                    0.0528     0.5224 r
  U2286/ZN (OAI21_X1)                                   0.0292     0.5516 f
  U5544/ZN (OAI21_X1)                                   0.0502     0.6018 r
  U5547/ZN (NAND2_X1)                                   0.0357     0.6375 f
  U2319/ZN (NAND2_X1)                                   0.0350     0.6725 r
  U2316/ZN (NOR2_X1)                                    0.0262     0.6987 f
  U5566/ZN (OAI21_X1)                                   0.0528     0.7516 r
  U5572/ZN (OAI21_X1)                                   0.0361     0.7877 f
  U1969/ZN (AND2_X1)                                    0.0427     0.8304 f
  U5601/ZN (NAND3_X1)                                   0.0393     0.8697 r
  U5605/ZN (NAND4_X1)                                   0.0558     0.9255 f
  U5606/ZN (OAI21_X1)                                   0.0518     0.9773 r
  U5608/ZN (AND2_X1)                                    0.0506     1.0279 r
  U5985/ZN (NOR2_X1)                                    0.0281     1.0560 f
  U1764/ZN (OR3_X1)                                     0.0875     1.1435 f
  U2434/ZN (XNOR2_X1)                                   0.0448     1.1883 r
  U1999/ZN (AND4_X1)                                    0.0621     1.2504 r
  U2038/ZN (NAND4_X1)                                   0.0389     1.2893 f
  U2215/ZN (NAND2_X1)                                   0.0384     1.3277 r
  U2214/ZN (NAND2_X1)                                   0.0340     1.3616 f
  U2423/ZN (AND3_X4)                                    0.0774     1.4390 f
  U12950/ZN (NAND2_X1)                                  0.0595     1.4985 r
  U12951/ZN (NAND4_X1)                                  0.0439     1.5424 f
  U11760/ZN (OR2_X1)                                    0.0608     1.6032 f
  DP_i_fetch_i_pc_i_Y_reg_29_/D (DFF_X1)                0.0104     1.6136 f
  data arrival time                                                1.6136

  clock CLK (rise edge)                                 1.3000     1.3000
  clock network delay (ideal)                           0.0500     1.3500
  clock uncertainty                                    -0.0500     1.3000
  DP_i_fetch_i_pc_i_Y_reg_29_/CK (DFF_X1)               0.0000     1.3000 r
  library setup time                                   -0.0251     1.2749
  data required time                                               1.2749
  --------------------------------------------------------------------------
  data required time                                               1.2749
  data arrival time                                               -1.6136
  --------------------------------------------------------------------------
  slack (VIOLATED)                                                -0.3387


  Startpoint: DP_i_fetch_i_IR_out_reg_29_
              (rising edge-triggered flip-flop clocked by CLK)
  Endpoint: DP_i_fetch_i_pc_i_Y_reg_8_
            (rising edge-triggered flip-flop clocked by CLK)
  Path Group: REG2REG
  Path Type: max

  Des/Clust/Port     Wire Load Model       Library
  ------------------------------------------------
  DLX                5K_hvratio_1_4        NangateOpenCellLibrary

  Point                                                   Incr       Path
  --------------------------------------------------------------------------
  clock CLK (rise edge)                                 0.0000     0.0000
  clock network delay (ideal)                           0.0500     0.0500
  DP_i_fetch_i_IR_out_reg_29_/CK (DFF_X1)               0.0000     0.0500 r
  DP_i_fetch_i_IR_out_reg_29_/Q (DFF_X1)                0.0977     0.1477 f
  U2516/ZN (OR2_X2)                                     0.0630     0.2107 f
  U1860/ZN (OR3_X2)                                     0.0895     0.3002 f
  U1921/ZN (AND2_X1)                                    0.0484     0.3487 f
  U2117/ZN (OR2_X1)                                     0.0557     0.4043 f
  U2245/ZN (NAND3_X1)                                   0.0339     0.4383 r
  U2246/ZN (NAND3_X1)                                   0.0376     0.4759 f
  U1041/ZN (AND3_X1)                                    0.0429     0.5187 f
  U2286/ZN (OAI21_X1)                                   0.0408     0.5595 r
  U5544/ZN (OAI21_X1)                                   0.0349     0.5945 f
  U5547/ZN (NAND2_X1)                                   0.0344     0.6289 r
  U2319/ZN (NAND2_X1)                                   0.0323     0.6612 f
  U2316/ZN (NOR2_X1)                                    0.0388     0.7000 r
  U5566/ZN (OAI21_X1)                                   0.0356     0.7356 f
  U5572/ZN (OAI21_X1)                                   0.0471     0.7826 r
  U1969/ZN (AND2_X1)                                    0.0500     0.8327 r
  U952/ZN (OR2_X1)                                      0.0433     0.8760 r
  U5605/ZN (NAND4_X1)                                   0.0497     0.9257 f
  U5606/ZN (OAI21_X1)                                   0.0518     0.9774 r
  U5608/ZN (AND2_X1)                                    0.0506     1.0280 r
  U5985/ZN (NOR2_X1)                                    0.0281     1.0561 f
  U1764/ZN (OR3_X1)                                     0.0875     1.1437 f
  U2434/ZN (XNOR2_X1)                                   0.0448     1.1884 r
  U1999/ZN (AND4_X1)                                    0.0621     1.2505 r
  U2038/ZN (NAND4_X1)                                   0.0389     1.2894 f
  U2215/ZN (NAND2_X1)                                   0.0384     1.3278 r
  U2214/ZN (NAND2_X1)                                   0.0340     1.3617 f
  U2423/ZN (AND3_X4)                                    0.0774     1.4391 f
  U12898/ZN (NAND2_X1)                                  0.0595     1.4986 r
  U12899/ZN (NAND4_X1)                                  0.0440     1.5426 f
  U11812/ZN (OR2_X1)                                    0.0601     1.6028 f
  DP_i_fetch_i_pc_i_Y_reg_8_/D (DFF_X1)                 0.0104     1.6132 f
  data arrival time                                                1.6132

  clock CLK (rise edge)                                 1.3000     1.3000
  clock network delay (ideal)                           0.0500     1.3500
  clock uncertainty                                    -0.0500     1.3000
  DP_i_fetch_i_pc_i_Y_reg_8_/CK (DFF_X1)                0.0000     1.3000 r
  library setup time                                   -0.0251     1.2749
  data required time                                               1.2749
  --------------------------------------------------------------------------
  data required time                                               1.2749
  data arrival time                                               -1.6132
  --------------------------------------------------------------------------
  slack (VIOLATED)                                                -0.3383


  Startpoint: DP_i_fetch_i_IR_out_reg_29_
              (rising edge-triggered flip-flop clocked by CLK)
  Endpoint: DP_i_fetch_i_pc_i_Y_reg_24_
            (rising edge-triggered flip-flop clocked by CLK)
  Path Group: REG2REG
  Path Type: max

  Des/Clust/Port     Wire Load Model       Library
  ------------------------------------------------
  DLX                5K_hvratio_1_4        NangateOpenCellLibrary

  Point                                                   Incr       Path
  --------------------------------------------------------------------------
  clock CLK (rise edge)                                 0.0000     0.0000
  clock network delay (ideal)                           0.0500     0.0500
  DP_i_fetch_i_IR_out_reg_29_/CK (DFF_X1)               0.0000     0.0500 r
  DP_i_fetch_i_IR_out_reg_29_/Q (DFF_X1)                0.0977     0.1477 f
  U2516/ZN (OR2_X2)                                     0.0630     0.2107 f
  U1860/ZN (OR3_X2)                                     0.0895     0.3002 f
  U1921/ZN (AND2_X1)                                    0.0484     0.3487 f
  U2117/ZN (OR2_X1)                                     0.0557     0.4043 f
  U2245/ZN (NAND3_X1)                                   0.0339     0.4383 r
  U2246/ZN (NAND3_X1)                                   0.0376     0.4759 f
  U1041/ZN (AND3_X1)                                    0.0429     0.5187 f
  U2286/ZN (OAI21_X1)                                   0.0408     0.5595 r
  U5544/ZN (OAI21_X1)                                   0.0349     0.5945 f
  U5547/ZN (NAND2_X1)                                   0.0344     0.6289 r
  U2319/ZN (NAND2_X1)                                   0.0323     0.6612 f
  U2316/ZN (NOR2_X1)                                    0.0388     0.7000 r
  U5566/ZN (OAI21_X1)                                   0.0356     0.7356 f
  U5572/ZN (OAI21_X1)                                   0.0471     0.7826 r
  U1969/ZN (AND2_X1)                                    0.0500     0.8327 r
  U952/ZN (OR2_X1)                                      0.0433     0.8760 r
  U5605/ZN (NAND4_X1)                                   0.0497     0.9257 f
  U5606/ZN (OAI21_X1)                                   0.0518     0.9774 r
  U5608/ZN (AND2_X1)                                    0.0506     1.0280 r
  U5985/ZN (NOR2_X1)                                    0.0281     1.0561 f
  U1764/ZN (OR3_X1)                                     0.0875     1.1437 f
  U2434/ZN (XNOR2_X1)                                   0.0448     1.1884 r
  U1999/ZN (AND4_X1)                                    0.0621     1.2505 r
  U2038/ZN (NAND4_X1)                                   0.0389     1.2894 f
  U2215/ZN (NAND2_X1)                                   0.0384     1.3278 r
  U2214/ZN (NAND2_X1)                                   0.0340     1.3617 f
  U2423/ZN (AND3_X4)                                    0.0774     1.4391 f
  U12787/ZN (NAND2_X1)                                  0.0595     1.4986 r
  U12788/ZN (NAND4_X1)                                  0.0440     1.5426 f
  U11824/ZN (OR2_X1)                                    0.0601     1.6027 f
  DP_i_fetch_i_pc_i_Y_reg_24_/D (DFF_X1)                0.0104     1.6131 f
  data arrival time                                                1.6131

  clock CLK (rise edge)                                 1.3000     1.3000
  clock network delay (ideal)                           0.0500     1.3500
  clock uncertainty                                    -0.0500     1.3000
  DP_i_fetch_i_pc_i_Y_reg_24_/CK (DFF_X1)               0.0000     1.3000 r
  library setup time                                   -0.0251     1.2749
  data required time                                               1.2749
  --------------------------------------------------------------------------
  data required time                                               1.2749
  data arrival time                                               -1.6131
  --------------------------------------------------------------------------
  slack (VIOLATED)                                                -0.3382


  Startpoint: DP_i_fetch_i_IR_out_reg_29_
              (rising edge-triggered flip-flop clocked by CLK)
  Endpoint: DP_i_fetch_i_pc_i_Y_reg_25_
            (rising edge-triggered flip-flop clocked by CLK)
  Path Group: REG2REG
  Path Type: max

  Des/Clust/Port     Wire Load Model       Library
  ------------------------------------------------
  DLX                5K_hvratio_1_4        NangateOpenCellLibrary

  Point                                                   Incr       Path
  --------------------------------------------------------------------------
  clock CLK (rise edge)                                 0.0000     0.0000
  clock network delay (ideal)                           0.0500     0.0500
  DP_i_fetch_i_IR_out_reg_29_/CK (DFF_X1)               0.0000     0.0500 r
  DP_i_fetch_i_IR_out_reg_29_/Q (DFF_X1)                0.0977     0.1477 f
  U2516/ZN (OR2_X2)                                     0.0630     0.2107 f
  U1860/ZN (OR3_X2)                                     0.0895     0.3002 f
  U1921/ZN (AND2_X1)                                    0.0484     0.3487 f
  U2117/ZN (OR2_X1)                                     0.0557     0.4043 f
  U2245/ZN (NAND3_X1)                                   0.0339     0.4383 r
  U2246/ZN (NAND3_X1)                                   0.0376     0.4759 f
  U1041/ZN (AND3_X1)                                    0.0429     0.5187 f
  U2286/ZN (OAI21_X1)                                   0.0408     0.5595 r
  U5544/ZN (OAI21_X1)                                   0.0349     0.5945 f
  U5547/ZN (NAND2_X1)                                   0.0344     0.6289 r
  U2319/ZN (NAND2_X1)                                   0.0323     0.6612 f
  U2316/ZN (NOR2_X1)                                    0.0388     0.7000 r
  U5566/ZN (OAI21_X1)                                   0.0356     0.7356 f
  U5572/ZN (OAI21_X1)                                   0.0471     0.7826 r
  U1969/ZN (AND2_X1)                                    0.0500     0.8327 r
  U952/ZN (OR2_X1)                                      0.0433     0.8760 r
  U5605/ZN (NAND4_X1)                                   0.0497     0.9257 f
  U5606/ZN (OAI21_X1)                                   0.0518     0.9774 r
  U5608/ZN (AND2_X1)                                    0.0506     1.0280 r
  U5985/ZN (NOR2_X1)                                    0.0281     1.0561 f
  U1764/ZN (OR3_X1)                                     0.0875     1.1437 f
  U2434/ZN (XNOR2_X1)                                   0.0448     1.1884 r
  U1999/ZN (AND4_X1)                                    0.0621     1.2505 r
  U2038/ZN (NAND4_X1)                                   0.0389     1.2894 f
  U2215/ZN (NAND2_X1)                                   0.0384     1.3278 r
  U2214/ZN (NAND2_X1)                                   0.0340     1.3617 f
  U2423/ZN (AND3_X4)                                    0.0774     1.4391 f
  U12780/ZN (NAND2_X1)                                  0.0595     1.4986 r
  U12781/ZN (NAND4_X1)                                  0.0439     1.5426 f
  U11798/ZN (OR2_X1)                                    0.0601     1.6027 f
  DP_i_fetch_i_pc_i_Y_reg_25_/D (DFF_X1)                0.0104     1.6131 f
  data arrival time                                                1.6131

  clock CLK (rise edge)                                 1.3000     1.3000
  clock network delay (ideal)                           0.0500     1.3500
  clock uncertainty                                    -0.0500     1.3000
  DP_i_fetch_i_pc_i_Y_reg_25_/CK (DFF_X1)               0.0000     1.3000 r
  library setup time                                   -0.0251     1.2749
  data required time                                               1.2749
  --------------------------------------------------------------------------
  data required time                                               1.2749
  data arrival time                                               -1.6131
  --------------------------------------------------------------------------
  slack (VIOLATED)                                                -0.3382


  Startpoint: DP_i_fetch_i_IR_out_reg_29_
              (rising edge-triggered flip-flop clocked by CLK)
  Endpoint: DP_i_fetch_i_pc_i_Y_reg_22_
            (rising edge-triggered flip-flop clocked by CLK)
  Path Group: REG2REG
  Path Type: max

  Des/Clust/Port     Wire Load Model       Library
  ------------------------------------------------
  DLX                5K_hvratio_1_4        NangateOpenCellLibrary

  Point                                                   Incr       Path
  --------------------------------------------------------------------------
  clock CLK (rise edge)                                 0.0000     0.0000
  clock network delay (ideal)                           0.0500     0.0500
  DP_i_fetch_i_IR_out_reg_29_/CK (DFF_X1)               0.0000     0.0500 r
  DP_i_fetch_i_IR_out_reg_29_/Q (DFF_X1)                0.0977     0.1477 f
  U2516/ZN (OR2_X2)                                     0.0630     0.2107 f
  U1860/ZN (OR3_X2)                                     0.0895     0.3002 f
  U1921/ZN (AND2_X1)                                    0.0484     0.3487 f
  U2117/ZN (OR2_X1)                                     0.0557     0.4043 f
  U2245/ZN (NAND3_X1)                                   0.0339     0.4383 r
  U2246/ZN (NAND3_X1)                                   0.0376     0.4759 f
  U1041/ZN (AND3_X1)                                    0.0429     0.5187 f
  U2286/ZN (OAI21_X1)                                   0.0408     0.5595 r
  U5544/ZN (OAI21_X1)                                   0.0349     0.5945 f
  U5547/ZN (NAND2_X1)                                   0.0344     0.6289 r
  U2319/ZN (NAND2_X1)                                   0.0323     0.6612 f
  U2316/ZN (NOR2_X1)                                    0.0388     0.7000 r
  U5566/ZN (OAI21_X1)                                   0.0356     0.7356 f
  U5572/ZN (OAI21_X1)                                   0.0471     0.7826 r
  U1969/ZN (AND2_X1)                                    0.0500     0.8327 r
  U952/ZN (OR2_X1)                                      0.0433     0.8760 r
  U5605/ZN (NAND4_X1)                                   0.0497     0.9257 f
  U5606/ZN (OAI21_X1)                                   0.0518     0.9774 r
  U5608/ZN (AND2_X1)                                    0.0506     1.0280 r
  U5985/ZN (NOR2_X1)                                    0.0281     1.0561 f
  U1764/ZN (OR3_X1)                                     0.0875     1.1437 f
  U2434/ZN (XNOR2_X1)                                   0.0448     1.1884 r
  U1999/ZN (AND4_X1)                                    0.0621     1.2505 r
  U2038/ZN (NAND4_X1)                                   0.0389     1.2894 f
  U2215/ZN (NAND2_X1)                                   0.0384     1.3278 r
  U2214/ZN (NAND2_X1)                                   0.0340     1.3617 f
  U2423/ZN (AND3_X4)                                    0.0774     1.4391 f
  U12801/ZN (NAND2_X1)                                  0.0595     1.4986 r
  U12802/ZN (NAND4_X1)                                  0.0439     1.5426 f
  U11801/ZN (OR2_X1)                                    0.0601     1.6027 f
  DP_i_fetch_i_pc_i_Y_reg_22_/D (DFF_X1)                0.0104     1.6131 f
  data arrival time                                                1.6131

  clock CLK (rise edge)                                 1.3000     1.3000
  clock network delay (ideal)                           0.0500     1.3500
  clock uncertainty                                    -0.0500     1.3000
  DP_i_fetch_i_pc_i_Y_reg_22_/CK (DFF_X1)               0.0000     1.3000 r
  library setup time                                   -0.0251     1.2749
  data required time                                               1.2749
  --------------------------------------------------------------------------
  data required time                                               1.2749
  data arrival time                                               -1.6131
  --------------------------------------------------------------------------
  slack (VIOLATED)                                                -0.3382


  Startpoint: DP_i_fetch_i_IR_out_reg_29_
              (rising edge-triggered flip-flop clocked by CLK)
  Endpoint: DP_i_fetch_i_pc_i_Y_reg_23_
            (rising edge-triggered flip-flop clocked by CLK)
  Path Group: REG2REG
  Path Type: max

  Des/Clust/Port     Wire Load Model       Library
  ------------------------------------------------
  DLX                5K_hvratio_1_4        NangateOpenCellLibrary

  Point                                                   Incr       Path
  --------------------------------------------------------------------------
  clock CLK (rise edge)                                 0.0000     0.0000
  clock network delay (ideal)                           0.0500     0.0500
  DP_i_fetch_i_IR_out_reg_29_/CK (DFF_X1)               0.0000     0.0500 r
  DP_i_fetch_i_IR_out_reg_29_/Q (DFF_X1)                0.0977     0.1477 f
  U2516/ZN (OR2_X2)                                     0.0630     0.2107 f
  U1860/ZN (OR3_X2)                                     0.0895     0.3002 f
  U1921/ZN (AND2_X1)                                    0.0484     0.3487 f
  U2117/ZN (OR2_X1)                                     0.0557     0.4043 f
  U2245/ZN (NAND3_X1)                                   0.0339     0.4383 r
  U2246/ZN (NAND3_X1)                                   0.0376     0.4759 f
  U1041/ZN (AND3_X1)                                    0.0429     0.5187 f
  U2286/ZN (OAI21_X1)                                   0.0408     0.5595 r
  U5544/ZN (OAI21_X1)                                   0.0349     0.5945 f
  U5547/ZN (NAND2_X1)                                   0.0344     0.6289 r
  U2319/ZN (NAND2_X1)                                   0.0323     0.6612 f
  U2316/ZN (NOR2_X1)                                    0.0388     0.7000 r
  U5566/ZN (OAI21_X1)                                   0.0356     0.7356 f
  U5572/ZN (OAI21_X1)                                   0.0471     0.7826 r
  U1969/ZN (AND2_X1)                                    0.0500     0.8327 r
  U952/ZN (OR2_X1)                                      0.0433     0.8760 r
  U5605/ZN (NAND4_X1)                                   0.0497     0.9257 f
  U5606/ZN (OAI21_X1)                                   0.0518     0.9774 r
  U5608/ZN (AND2_X1)                                    0.0506     1.0280 r
  U5985/ZN (NOR2_X1)                                    0.0281     1.0561 f
  U1764/ZN (OR3_X1)                                     0.0875     1.1437 f
  U2434/ZN (XNOR2_X1)                                   0.0448     1.1884 r
  U1999/ZN (AND4_X1)                                    0.0621     1.2505 r
  U2038/ZN (NAND4_X1)                                   0.0389     1.2894 f
  U2215/ZN (NAND2_X1)                                   0.0384     1.3278 r
  U2214/ZN (NAND2_X1)                                   0.0340     1.3617 f
  U2423/ZN (AND3_X4)                                    0.0774     1.4391 f
  U12794/ZN (NAND2_X1)                                  0.0595     1.4986 r
  U12795/ZN (NAND4_X1)                                  0.0439     1.5426 f
  U11764/ZN (OR2_X1)                                    0.0601     1.6027 f
  DP_i_fetch_i_pc_i_Y_reg_23_/D (DFF_X1)                0.0104     1.6131 f
  data arrival time                                                1.6131

  clock CLK (rise edge)                                 1.3000     1.3000
  clock network delay (ideal)                           0.0500     1.3500
  clock uncertainty                                    -0.0500     1.3000
  DP_i_fetch_i_pc_i_Y_reg_23_/CK (DFF_X1)               0.0000     1.3000 r
  library setup time                                   -0.0251     1.2749
  data required time                                               1.2749
  --------------------------------------------------------------------------
  data required time                                               1.2749
  data arrival time                                               -1.6131
  --------------------------------------------------------------------------
  slack (VIOLATED)                                                -0.3382


  Startpoint: DP_i_fetch_i_IR_out_reg_29_
              (rising edge-triggered flip-flop clocked by CLK)
  Endpoint: DP_i_fetch_i_pc_i_Y_reg_5_
            (rising edge-triggered flip-flop clocked by CLK)
  Path Group: REG2REG
  Path Type: max

  Des/Clust/Port     Wire Load Model       Library
  ------------------------------------------------
  DLX                5K_hvratio_1_4        NangateOpenCellLibrary

  Point                                                   Incr       Path
  --------------------------------------------------------------------------
  clock CLK (rise edge)                                 0.0000     0.0000
  clock network delay (ideal)                           0.0500     0.0500
  DP_i_fetch_i_IR_out_reg_29_/CK (DFF_X1)               0.0000     0.0500 r
  DP_i_fetch_i_IR_out_reg_29_/Q (DFF_X1)                0.0977     0.1477 f
  U2516/ZN (OR2_X2)                                     0.0630     0.2107 f
  U1860/ZN (OR3_X2)                                     0.0895     0.3002 f
  U1921/ZN (AND2_X1)                                    0.0484     0.3487 f
  U2117/ZN (OR2_X1)                                     0.0557     0.4043 f
  U2245/ZN (NAND3_X1)                                   0.0339     0.4383 r
  U2246/ZN (NAND3_X1)                                   0.0376     0.4759 f
  U1041/ZN (AND3_X1)                                    0.0429     0.5187 f
  U2286/ZN (OAI21_X1)                                   0.0408     0.5595 r
  U5544/ZN (OAI21_X1)                                   0.0349     0.5945 f
  U5547/ZN (NAND2_X1)                                   0.0344     0.6289 r
  U2319/ZN (NAND2_X1)                                   0.0323     0.6612 f
  U2316/ZN (NOR2_X1)                                    0.0388     0.7000 r
  U5566/ZN (OAI21_X1)                                   0.0356     0.7356 f
  U5572/ZN (OAI21_X1)                                   0.0471     0.7826 r
  U1969/ZN (AND2_X1)                                    0.0500     0.8327 r
  U952/ZN (OR2_X1)                                      0.0433     0.8760 r
  U5605/ZN (NAND4_X1)                                   0.0497     0.9257 f
  U5606/ZN (OAI21_X1)                                   0.0518     0.9774 r
  U5608/ZN (AND2_X1)                                    0.0506     1.0280 r
  U5985/ZN (NOR2_X1)                                    0.0281     1.0561 f
  U1764/ZN (OR3_X1)                                     0.0875     1.1437 f
  U2434/ZN (XNOR2_X1)                                   0.0448     1.1884 r
  U1999/ZN (AND4_X1)                                    0.0621     1.2505 r
  U2038/ZN (NAND4_X1)                                   0.0389     1.2894 f
  U2215/ZN (NAND2_X1)                                   0.0384     1.3278 r
  U2214/ZN (NAND2_X1)                                   0.0340     1.3617 f
  U2423/ZN (AND3_X4)                                    0.0774     1.4391 f
  U12917/ZN (NAND2_X1)                                  0.0595     1.4986 r
  U12918/ZN (NAND4_X1)                                  0.0439     1.5426 f
  U11786/ZN (OR2_X1)                                    0.0601     1.6027 f
  DP_i_fetch_i_pc_i_Y_reg_5_/D (DFF_X1)                 0.0104     1.6131 f
  data arrival time                                                1.6131

  clock CLK (rise edge)                                 1.3000     1.3000
  clock network delay (ideal)                           0.0500     1.3500
  clock uncertainty                                    -0.0500     1.3000
  DP_i_fetch_i_pc_i_Y_reg_5_/CK (DFF_X1)                0.0000     1.3000 r
  library setup time                                   -0.0251     1.2749
  data required time                                               1.2749
  --------------------------------------------------------------------------
  data required time                                               1.2749
  data arrival time                                               -1.6131
  --------------------------------------------------------------------------
  slack (VIOLATED)                                                -0.3382


  Startpoint: DP_i_mem_access_i_rd_out_reg_i_Y_reg_1_
              (rising edge-triggered flip-flop clocked by CLK)
  Endpoint: DP_i_fetch_i_btb_i_clk_gate_btb_table_reg_5__TARGET_/latch
            (gating element for clock CLK)
  Path Group: CLK
  Path Type: max

  Des/Clust/Port     Wire Load Model       Library
  ------------------------------------------------
  DLX                5K_hvratio_1_4        NangateOpenCellLibrary

  Point                                                   Incr       Path
  --------------------------------------------------------------------------
  clock CLK (rise edge)                                 0.0000     0.0000
  clock network delay (ideal)                           0.0500     0.0500
  DP_i_mem_access_i_rd_out_reg_i_Y_reg_1_/CK (DFF_X1)   0.0000     0.0500 r
  DP_i_mem_access_i_rd_out_reg_i_Y_reg_1_/QN (DFF_X1)   0.0870     0.1370 r
  U2555/ZN (XNOR2_X1)                                   0.0634     0.2004 r
  U1007/ZN (AND2_X1)                                    0.0461     0.2465 r
  U1397/ZN (NAND4_X1)                                   0.0456     0.2922 f
  U8590/ZN (AND2_X2)                                    0.0590     0.3511 f
  U2584/ZN (AND2_X1)                                    0.0586     0.4097 f
  U2637/ZN (NAND2_X1)                                   0.0341     0.4438 r
  U2638/ZN (AND4_X1)                                    0.0632     0.5070 r
  U1913/ZN (AND4_X1)                                    0.0669     0.5739 r
  U1009/ZN (AND4_X2)                                    0.0658     0.6397 r
  U2343/ZN (NAND2_X1)                                   0.0320     0.6717 f
  U8396/ZN (NAND3_X1)                                   0.0364     0.7081 r
  U1272/ZN (AND4_X1)                                    0.0769     0.7850 r
  U8451/ZN (OR2_X1)                                     0.0495     0.8345 r
  U2315/ZN (OAI22_X1)                                   0.0372     0.8717 f
  U2274/ZN (INV_X1)                                     0.0281     0.8998 r
  U2295/ZN (NAND4_X1)                                   0.0375     0.9372 f
  U2330/ZN (NAND3_X1)                                   0.0377     0.9750 r
  U8748/ZN (NAND2_X1)                                   0.0307     1.0056 f
  U8740/ZN (NAND2_X1)                                   0.0290     1.0346 r
  U10566/ZN (NAND3_X1)                                  0.0353     1.0699 f
  U2339/ZN (NAND2_X1)                                   0.0333     1.1032 r
  U2338/ZN (NAND2_X1)                                   0.0391     1.1422 f
  U2296/ZN (OR3_X2)                                     0.1125     1.2548 f
  U13253/ZN (NAND2_X1)                                  0.0617     1.3164 r
  U13280/ZN (AND2_X1)                                   0.0549     1.3713 r
  U13287/ZN (AND2_X1)                                   0.0448     1.4161 r
  DP_i_fetch_i_btb_i_clk_gate_btb_table_reg_5__TARGET_/EN (SNPS_CLOCK_GATE_HIGH_BTB_NBIT32_BTB_DEPTH16_BTB_INDEX_MSB5_22)
                                                        0.0000     1.4161 r
  DP_i_fetch_i_btb_i_clk_gate_btb_table_reg_5__TARGET_/latch/E (CLKGATETST_X1)
                                                        0.0091     1.4252 r
  data arrival time                                                1.4252

  clock CLK (rise edge)                                 1.3000     1.3000
  clock network delay (ideal)                           0.0500     1.3500
  clock uncertainty                                    -0.0500     1.3000
  DP_i_fetch_i_btb_i_clk_gate_btb_table_reg_5__TARGET_/latch/CK (CLKGATETST_X1)
                                                        0.0000     1.3000 r
  clock gating setup time                              -0.0720     1.2280
  data required time                                               1.2280
  --------------------------------------------------------------------------
  data required time                                               1.2280
  data arrival time                                               -1.4252
  --------------------------------------------------------------------------
  slack (VIOLATED)                                                -0.1972


  Startpoint: DP_i_mem_access_i_rd_out_reg_i_Y_reg_1_
              (rising edge-triggered flip-flop clocked by CLK)
  Endpoint: DP_i_fetch_i_btb_i_clk_gate_btb_table_reg_6__TARGET_/latch
            (gating element for clock CLK)
  Path Group: CLK
  Path Type: max

  Des/Clust/Port     Wire Load Model       Library
  ------------------------------------------------
  DLX                5K_hvratio_1_4        NangateOpenCellLibrary

  Point                                                   Incr       Path
  --------------------------------------------------------------------------
  clock CLK (rise edge)                                 0.0000     0.0000
  clock network delay (ideal)                           0.0500     0.0500
  DP_i_mem_access_i_rd_out_reg_i_Y_reg_1_/CK (DFF_X1)   0.0000     0.0500 r
  DP_i_mem_access_i_rd_out_reg_i_Y_reg_1_/QN (DFF_X1)   0.0870     0.1370 r
  U2555/ZN (XNOR2_X1)                                   0.0634     0.2004 r
  U1007/ZN (AND2_X1)                                    0.0461     0.2465 r
  U1397/ZN (NAND4_X1)                                   0.0456     0.2922 f
  U8590/ZN (AND2_X2)                                    0.0590     0.3511 f
  U2584/ZN (AND2_X1)                                    0.0586     0.4097 f
  U2637/ZN (NAND2_X1)                                   0.0341     0.4438 r
  U2638/ZN (AND4_X1)                                    0.0632     0.5070 r
  U1913/ZN (AND4_X1)                                    0.0669     0.5739 r
  U1009/ZN (AND4_X2)                                    0.0658     0.6397 r
  U2343/ZN (NAND2_X1)                                   0.0320     0.6717 f
  U8396/ZN (NAND3_X1)                                   0.0364     0.7081 r
  U1272/ZN (AND4_X1)                                    0.0769     0.7850 r
  U8451/ZN (OR2_X1)                                     0.0495     0.8345 r
  U2315/ZN (OAI22_X1)                                   0.0372     0.8717 f
  U2274/ZN (INV_X1)                                     0.0281     0.8998 r
  U2295/ZN (NAND4_X1)                                   0.0375     0.9372 f
  U2330/ZN (NAND3_X1)                                   0.0377     0.9750 r
  U8748/ZN (NAND2_X1)                                   0.0307     1.0056 f
  U8740/ZN (NAND2_X1)                                   0.0290     1.0346 r
  U10566/ZN (NAND3_X1)                                  0.0353     1.0699 f
  U2339/ZN (NAND2_X1)                                   0.0333     1.1032 r
  U2338/ZN (NAND2_X1)                                   0.0391     1.1422 f
  U2296/ZN (OR3_X2)                                     0.1125     1.2548 f
  U13253/ZN (NAND2_X1)                                  0.0617     1.3164 r
  U13280/ZN (AND2_X1)                                   0.0549     1.3713 r
  U13284/ZN (AND2_X1)                                   0.0448     1.4161 r
  DP_i_fetch_i_btb_i_clk_gate_btb_table_reg_6__TARGET_/EN (SNPS_CLOCK_GATE_HIGH_BTB_NBIT32_BTB_DEPTH16_BTB_INDEX_MSB5_20)
                                                        0.0000     1.4161 r
  DP_i_fetch_i_btb_i_clk_gate_btb_table_reg_6__TARGET_/latch/E (CLKGATETST_X1)
                                                        0.0091     1.4252 r
  data arrival time                                                1.4252

  clock CLK (rise edge)                                 1.3000     1.3000
  clock network delay (ideal)                           0.0500     1.3500
  clock uncertainty                                    -0.0500     1.3000
  DP_i_fetch_i_btb_i_clk_gate_btb_table_reg_6__TARGET_/latch/CK (CLKGATETST_X1)
                                                        0.0000     1.3000 r
  clock gating setup time                              -0.0720     1.2280
  data required time                                               1.2280
  --------------------------------------------------------------------------
  data required time                                               1.2280
  data arrival time                                               -1.4252
  --------------------------------------------------------------------------
  slack (VIOLATED)                                                -0.1972


  Startpoint: DP_i_mem_access_i_rd_out_reg_i_Y_reg_1_
              (rising edge-triggered flip-flop clocked by CLK)
  Endpoint: DP_i_fetch_i_btb_i_clk_gate_btb_table_reg_9__TARGET_/latch
            (gating element for clock CLK)
  Path Group: CLK
  Path Type: max

  Des/Clust/Port     Wire Load Model       Library
  ------------------------------------------------
  DLX                5K_hvratio_1_4        NangateOpenCellLibrary

  Point                                                   Incr       Path
  --------------------------------------------------------------------------
  clock CLK (rise edge)                                 0.0000     0.0000
  clock network delay (ideal)                           0.0500     0.0500
  DP_i_mem_access_i_rd_out_reg_i_Y_reg_1_/CK (DFF_X1)   0.0000     0.0500 r
  DP_i_mem_access_i_rd_out_reg_i_Y_reg_1_/QN (DFF_X1)   0.0870     0.1370 r
  U2555/ZN (XNOR2_X1)                                   0.0634     0.2004 r
  U1007/ZN (AND2_X1)                                    0.0461     0.2465 r
  U1397/ZN (NAND4_X1)                                   0.0456     0.2922 f
  U8590/ZN (AND2_X2)                                    0.0590     0.3511 f
  U2584/ZN (AND2_X1)                                    0.0586     0.4097 f
  U2637/ZN (NAND2_X1)                                   0.0341     0.4438 r
  U2638/ZN (AND4_X1)                                    0.0632     0.5070 r
  U1913/ZN (AND4_X1)                                    0.0669     0.5739 r
  U1009/ZN (AND4_X2)                                    0.0658     0.6397 r
  U2343/ZN (NAND2_X1)                                   0.0320     0.6717 f
  U8396/ZN (NAND3_X1)                                   0.0364     0.7081 r
  U1272/ZN (AND4_X1)                                    0.0769     0.7850 r
  U8451/ZN (OR2_X1)                                     0.0495     0.8345 r
  U2315/ZN (OAI22_X1)                                   0.0372     0.8717 f
  U2274/ZN (INV_X1)                                     0.0281     0.8998 r
  U2295/ZN (NAND4_X1)                                   0.0375     0.9372 f
  U2330/ZN (NAND3_X1)                                   0.0377     0.9750 r
  U8748/ZN (NAND2_X1)                                   0.0307     1.0056 f
  U8740/ZN (NAND2_X1)                                   0.0290     1.0346 r
  U10566/ZN (NAND3_X1)                                  0.0353     1.0699 f
  U2339/ZN (NAND2_X1)                                   0.0333     1.1032 r
  U2338/ZN (NAND2_X1)                                   0.0391     1.1422 f
  U2296/ZN (OR3_X2)                                     0.1125     1.2548 f
  U13253/ZN (NAND2_X1)                                  0.0617     1.3164 r
  U13267/ZN (AND2_X1)                                   0.0549     1.3713 r
  U13274/ZN (AND2_X1)                                   0.0448     1.4161 r
  DP_i_fetch_i_btb_i_clk_gate_btb_table_reg_9__TARGET_/EN (SNPS_CLOCK_GATE_HIGH_BTB_NBIT32_BTB_DEPTH16_BTB_INDEX_MSB5_14)
                                                        0.0000     1.4161 r
  DP_i_fetch_i_btb_i_clk_gate_btb_table_reg_9__TARGET_/latch/E (CLKGATETST_X1)
                                                        0.0091     1.4252 r
  data arrival time                                                1.4252

  clock CLK (rise edge)                                 1.3000     1.3000
  clock network delay (ideal)                           0.0500     1.3500
  clock uncertainty                                    -0.0500     1.3000
  DP_i_fetch_i_btb_i_clk_gate_btb_table_reg_9__TARGET_/latch/CK (CLKGATETST_X1)
                                                        0.0000     1.3000 r
  clock gating setup time                              -0.0720     1.2280
  data required time                                               1.2280
  --------------------------------------------------------------------------
  data required time                                               1.2280
  data arrival time                                               -1.4252
  --------------------------------------------------------------------------
  slack (VIOLATED)                                                -0.1972


  Startpoint: DP_i_mem_access_i_rd_out_reg_i_Y_reg_1_
              (rising edge-triggered flip-flop clocked by CLK)
  Endpoint: DP_i_fetch_i_btb_i_clk_gate_btb_table_reg_10__TARGET_/latch
            (gating element for clock CLK)
  Path Group: CLK
  Path Type: max

  Des/Clust/Port     Wire Load Model       Library
  ------------------------------------------------
  DLX                5K_hvratio_1_4        NangateOpenCellLibrary

  Point                                                   Incr       Path
  --------------------------------------------------------------------------
  clock CLK (rise edge)                                 0.0000     0.0000
  clock network delay (ideal)                           0.0500     0.0500
  DP_i_mem_access_i_rd_out_reg_i_Y_reg_1_/CK (DFF_X1)   0.0000     0.0500 r
  DP_i_mem_access_i_rd_out_reg_i_Y_reg_1_/QN (DFF_X1)   0.0870     0.1370 r
  U2555/ZN (XNOR2_X1)                                   0.0634     0.2004 r
  U1007/ZN (AND2_X1)                                    0.0461     0.2465 r
  U1397/ZN (NAND4_X1)                                   0.0456     0.2922 f
  U8590/ZN (AND2_X2)                                    0.0590     0.3511 f
  U2584/ZN (AND2_X1)                                    0.0586     0.4097 f
  U2637/ZN (NAND2_X1)                                   0.0341     0.4438 r
  U2638/ZN (AND4_X1)                                    0.0632     0.5070 r
  U1913/ZN (AND4_X1)                                    0.0669     0.5739 r
  U1009/ZN (AND4_X2)                                    0.0658     0.6397 r
  U2343/ZN (NAND2_X1)                                   0.0320     0.6717 f
  U8396/ZN (NAND3_X1)                                   0.0364     0.7081 r
  U1272/ZN (AND4_X1)                                    0.0769     0.7850 r
  U8451/ZN (OR2_X1)                                     0.0495     0.8345 r
  U2315/ZN (OAI22_X1)                                   0.0372     0.8717 f
  U2274/ZN (INV_X1)                                     0.0281     0.8998 r
  U2295/ZN (NAND4_X1)                                   0.0375     0.9372 f
  U2330/ZN (NAND3_X1)                                   0.0377     0.9750 r
  U8748/ZN (NAND2_X1)                                   0.0307     1.0056 f
  U8740/ZN (NAND2_X1)                                   0.0290     1.0346 r
  U10566/ZN (NAND3_X1)                                  0.0353     1.0699 f
  U2339/ZN (NAND2_X1)                                   0.0333     1.1032 r
  U2338/ZN (NAND2_X1)                                   0.0391     1.1422 f
  U2296/ZN (OR3_X2)                                     0.1125     1.2548 f
  U13253/ZN (NAND2_X1)                                  0.0617     1.3164 r
  U13267/ZN (AND2_X1)                                   0.0549     1.3713 r
  U13271/ZN (AND2_X1)                                   0.0448     1.4161 r
  DP_i_fetch_i_btb_i_clk_gate_btb_table_reg_10__TARGET_/EN (SNPS_CLOCK_GATE_HIGH_BTB_NBIT32_BTB_DEPTH16_BTB_INDEX_MSB5_12)
                                                        0.0000     1.4161 r
  DP_i_fetch_i_btb_i_clk_gate_btb_table_reg_10__TARGET_/latch/E (CLKGATETST_X1)
                                                        0.0091     1.4252 r
  data arrival time                                                1.4252

  clock CLK (rise edge)                                 1.3000     1.3000
  clock network delay (ideal)                           0.0500     1.3500
  clock uncertainty                                    -0.0500     1.3000
  DP_i_fetch_i_btb_i_clk_gate_btb_table_reg_10__TARGET_/latch/CK (CLKGATETST_X1)
                                                        0.0000     1.3000 r
  clock gating setup time                              -0.0720     1.2280
  data required time                                               1.2280
  --------------------------------------------------------------------------
  data required time                                               1.2280
  data arrival time                                               -1.4252
  --------------------------------------------------------------------------
  slack (VIOLATED)                                                -0.1972


  Startpoint: DP_i_mem_access_i_rd_out_reg_i_Y_reg_1_
              (rising edge-triggered flip-flop clocked by CLK)
  Endpoint: DP_i_fetch_i_btb_i_clk_gate_btb_table_reg_7__TARGET_/latch
            (gating element for clock CLK)
  Path Group: CLK
  Path Type: max

  Des/Clust/Port     Wire Load Model       Library
  ------------------------------------------------
  DLX                5K_hvratio_1_4        NangateOpenCellLibrary

  Point                                                   Incr       Path
  --------------------------------------------------------------------------
  clock CLK (rise edge)                                 0.0000     0.0000
  clock network delay (ideal)                           0.0500     0.0500
  DP_i_mem_access_i_rd_out_reg_i_Y_reg_1_/CK (DFF_X1)   0.0000     0.0500 r
  DP_i_mem_access_i_rd_out_reg_i_Y_reg_1_/QN (DFF_X1)   0.0870     0.1370 r
  U2555/ZN (XNOR2_X1)                                   0.0634     0.2004 r
  U1007/ZN (AND2_X1)                                    0.0461     0.2465 r
  U1397/ZN (NAND4_X1)                                   0.0456     0.2922 f
  U8590/ZN (AND2_X2)                                    0.0590     0.3511 f
  U2584/ZN (AND2_X1)                                    0.0586     0.4097 f
  U2637/ZN (NAND2_X1)                                   0.0341     0.4438 r
  U2638/ZN (AND4_X1)                                    0.0632     0.5070 r
  U1913/ZN (AND4_X1)                                    0.0669     0.5739 r
  U1009/ZN (AND4_X2)                                    0.0658     0.6397 r
  U2343/ZN (NAND2_X1)                                   0.0320     0.6717 f
  U8396/ZN (NAND3_X1)                                   0.0364     0.7081 r
  U1272/ZN (AND4_X1)                                    0.0769     0.7850 r
  U8451/ZN (OR2_X1)                                     0.0495     0.8345 r
  U2315/ZN (OAI22_X1)                                   0.0372     0.8717 f
  U2274/ZN (INV_X1)                                     0.0281     0.8998 r
  U2295/ZN (NAND4_X1)                                   0.0375     0.9372 f
  U2330/ZN (NAND3_X1)                                   0.0377     0.9750 r
  U8748/ZN (NAND2_X1)                                   0.0307     1.0056 f
  U8740/ZN (NAND2_X1)                                   0.0290     1.0346 r
  U10566/ZN (NAND3_X1)                                  0.0353     1.0699 f
  U2339/ZN (NAND2_X1)                                   0.0333     1.1032 r
  U2338/ZN (NAND2_X1)                                   0.0391     1.1422 f
  U2296/ZN (OR3_X2)                                     0.1125     1.2548 f
  U13253/ZN (NAND2_X1)                                  0.0617     1.3164 r
  U13280/ZN (AND2_X1)                                   0.0549     1.3713 r
  U13281/ZN (AND2_X1)                                   0.0448     1.4161 r
  DP_i_fetch_i_btb_i_clk_gate_btb_table_reg_7__TARGET_/EN (SNPS_CLOCK_GATE_HIGH_BTB_NBIT32_BTB_DEPTH16_BTB_INDEX_MSB5_18)
                                                        0.0000     1.4161 r
  DP_i_fetch_i_btb_i_clk_gate_btb_table_reg_7__TARGET_/latch/E (CLKGATETST_X1)
                                                        0.0091     1.4252 r
  data arrival time                                                1.4252

  clock CLK (rise edge)                                 1.3000     1.3000
  clock network delay (ideal)                           0.0500     1.3500
  clock uncertainty                                    -0.0500     1.3000
  DP_i_fetch_i_btb_i_clk_gate_btb_table_reg_7__TARGET_/latch/CK (CLKGATETST_X1)
                                                        0.0000     1.3000 r
  clock gating setup time                              -0.0720     1.2280
  data required time                                               1.2280
  --------------------------------------------------------------------------
  data required time                                               1.2280
  data arrival time                                               -1.4252
  --------------------------------------------------------------------------
  slack (VIOLATED)                                                -0.1972


  Startpoint: DP_i_mem_access_i_rd_out_reg_i_Y_reg_1_
              (rising edge-triggered flip-flop clocked by CLK)
  Endpoint: DP_i_fetch_i_btb_i_clk_gate_btb_table_reg_11__TARGET_/latch
            (gating element for clock CLK)
  Path Group: CLK
  Path Type: max

  Des/Clust/Port     Wire Load Model       Library
  ------------------------------------------------
  DLX                5K_hvratio_1_4        NangateOpenCellLibrary

  Point                                                   Incr       Path
  --------------------------------------------------------------------------
  clock CLK (rise edge)                                 0.0000     0.0000
  clock network delay (ideal)                           0.0500     0.0500
  DP_i_mem_access_i_rd_out_reg_i_Y_reg_1_/CK (DFF_X1)   0.0000     0.0500 r
  DP_i_mem_access_i_rd_out_reg_i_Y_reg_1_/QN (DFF_X1)   0.0870     0.1370 r
  U2555/ZN (XNOR2_X1)                                   0.0634     0.2004 r
  U1007/ZN (AND2_X1)                                    0.0461     0.2465 r
  U1397/ZN (NAND4_X1)                                   0.0456     0.2922 f
  U8590/ZN (AND2_X2)                                    0.0590     0.3511 f
  U2584/ZN (AND2_X1)                                    0.0586     0.4097 f
  U2637/ZN (NAND2_X1)                                   0.0341     0.4438 r
  U2638/ZN (AND4_X1)                                    0.0632     0.5070 r
  U1913/ZN (AND4_X1)                                    0.0669     0.5739 r
  U1009/ZN (AND4_X2)                                    0.0658     0.6397 r
  U2343/ZN (NAND2_X1)                                   0.0320     0.6717 f
  U8396/ZN (NAND3_X1)                                   0.0364     0.7081 r
  U1272/ZN (AND4_X1)                                    0.0769     0.7850 r
  U8451/ZN (OR2_X1)                                     0.0495     0.8345 r
  U2315/ZN (OAI22_X1)                                   0.0372     0.8717 f
  U2274/ZN (INV_X1)                                     0.0281     0.8998 r
  U2295/ZN (NAND4_X1)                                   0.0375     0.9372 f
  U2330/ZN (NAND3_X1)                                   0.0377     0.9750 r
  U8748/ZN (NAND2_X1)                                   0.0307     1.0056 f
  U8740/ZN (NAND2_X1)                                   0.0290     1.0346 r
  U10566/ZN (NAND3_X1)                                  0.0353     1.0699 f
  U2339/ZN (NAND2_X1)                                   0.0333     1.1032 r
  U2338/ZN (NAND2_X1)                                   0.0391     1.1422 f
  U2296/ZN (OR3_X2)                                     0.1125     1.2548 f
  U13253/ZN (NAND2_X1)                                  0.0617     1.3164 r
  U13267/ZN (AND2_X1)                                   0.0549     1.3713 r
  U13268/ZN (AND2_X1)                                   0.0448     1.4161 r
  DP_i_fetch_i_btb_i_clk_gate_btb_table_reg_11__TARGET_/EN (SNPS_CLOCK_GATE_HIGH_BTB_NBIT32_BTB_DEPTH16_BTB_INDEX_MSB5_10)
                                                        0.0000     1.4161 r
  DP_i_fetch_i_btb_i_clk_gate_btb_table_reg_11__TARGET_/latch/E (CLKGATETST_X1)
                                                        0.0091     1.4252 r
  data arrival time                                                1.4252

  clock CLK (rise edge)                                 1.3000     1.3000
  clock network delay (ideal)                           0.0500     1.3500
  clock uncertainty                                    -0.0500     1.3000
  DP_i_fetch_i_btb_i_clk_gate_btb_table_reg_11__TARGET_/latch/CK (CLKGATETST_X1)
                                                        0.0000     1.3000 r
  clock gating setup time                              -0.0720     1.2280
  data required time                                               1.2280
  --------------------------------------------------------------------------
  data required time                                               1.2280
  data arrival time                                               -1.4252
  --------------------------------------------------------------------------
  slack (VIOLATED)                                                -0.1972


  Startpoint: DP_i_mem_access_i_rd_out_reg_i_Y_reg_1_
              (rising edge-triggered flip-flop clocked by CLK)
  Endpoint: DP_i_fetch_i_btb_i_clk_gate_btb_table_reg_13__TARGET_/latch
            (gating element for clock CLK)
  Path Group: CLK
  Path Type: max

  Des/Clust/Port     Wire Load Model       Library
  ------------------------------------------------
  DLX                5K_hvratio_1_4        NangateOpenCellLibrary

  Point                                                   Incr       Path
  --------------------------------------------------------------------------
  clock CLK (rise edge)                                 0.0000     0.0000
  clock network delay (ideal)                           0.0500     0.0500
  DP_i_mem_access_i_rd_out_reg_i_Y_reg_1_/CK (DFF_X1)   0.0000     0.0500 r
  DP_i_mem_access_i_rd_out_reg_i_Y_reg_1_/QN (DFF_X1)   0.0870     0.1370 r
  U2555/ZN (XNOR2_X1)                                   0.0634     0.2004 r
  U1007/ZN (AND2_X1)                                    0.0461     0.2465 r
  U1397/ZN (NAND4_X1)                                   0.0456     0.2922 f
  U8590/ZN (AND2_X2)                                    0.0590     0.3511 f
  U2584/ZN (AND2_X1)                                    0.0586     0.4097 f
  U2637/ZN (NAND2_X1)                                   0.0341     0.4438 r
  U2638/ZN (AND4_X1)                                    0.0632     0.5070 r
  U1913/ZN (AND4_X1)                                    0.0669     0.5739 r
  U1009/ZN (AND4_X2)                                    0.0658     0.6397 r
  U2343/ZN (NAND2_X1)                                   0.0320     0.6717 f
  U8396/ZN (NAND3_X1)                                   0.0364     0.7081 r
  U1272/ZN (AND4_X1)                                    0.0769     0.7850 r
  U8451/ZN (OR2_X1)                                     0.0495     0.8345 r
  U2315/ZN (OAI22_X1)                                   0.0372     0.8717 f
  U2274/ZN (INV_X1)                                     0.0281     0.8998 r
  U2295/ZN (NAND4_X1)                                   0.0375     0.9372 f
  U2330/ZN (NAND3_X1)                                   0.0377     0.9750 r
  U8748/ZN (NAND2_X1)                                   0.0307     1.0056 f
  U8740/ZN (NAND2_X1)                                   0.0290     1.0346 r
  U10566/ZN (NAND3_X1)                                  0.0353     1.0699 f
  U2339/ZN (NAND2_X1)                                   0.0333     1.1032 r
  U2338/ZN (NAND2_X1)                                   0.0391     1.1422 f
  U2296/ZN (OR3_X2)                                     0.1125     1.2548 f
  U13253/ZN (NAND2_X1)                                  0.0617     1.3164 r
  U13254/ZN (AND2_X1)                                   0.0549     1.3713 r
  U13261/ZN (AND2_X1)                                   0.0448     1.4161 r
  DP_i_fetch_i_btb_i_clk_gate_btb_table_reg_13__TARGET_/EN (SNPS_CLOCK_GATE_HIGH_BTB_NBIT32_BTB_DEPTH16_BTB_INDEX_MSB5_6)
                                                        0.0000     1.4161 r
  DP_i_fetch_i_btb_i_clk_gate_btb_table_reg_13__TARGET_/latch/E (CLKGATETST_X1)
                                                        0.0091     1.4252 r
  data arrival time                                                1.4252

  clock CLK (rise edge)                                 1.3000     1.3000
  clock network delay (ideal)                           0.0500     1.3500
  clock uncertainty                                    -0.0500     1.3000
  DP_i_fetch_i_btb_i_clk_gate_btb_table_reg_13__TARGET_/latch/CK (CLKGATETST_X1)
                                                        0.0000     1.3000 r
  clock gating setup time                              -0.0720     1.2280
  data required time                                               1.2280
  --------------------------------------------------------------------------
  data required time                                               1.2280
  data arrival time                                               -1.4252
  --------------------------------------------------------------------------
  slack (VIOLATED)                                                -0.1972


  Startpoint: DP_i_mem_access_i_rd_out_reg_i_Y_reg_1_
              (rising edge-triggered flip-flop clocked by CLK)
  Endpoint: DP_i_fetch_i_btb_i_clk_gate_btb_table_reg_14__TARGET_/latch
            (gating element for clock CLK)
  Path Group: CLK
  Path Type: max

  Des/Clust/Port     Wire Load Model       Library
  ------------------------------------------------
  DLX                5K_hvratio_1_4        NangateOpenCellLibrary

  Point                                                   Incr       Path
  --------------------------------------------------------------------------
  clock CLK (rise edge)                                 0.0000     0.0000
  clock network delay (ideal)                           0.0500     0.0500
  DP_i_mem_access_i_rd_out_reg_i_Y_reg_1_/CK (DFF_X1)   0.0000     0.0500 r
  DP_i_mem_access_i_rd_out_reg_i_Y_reg_1_/QN (DFF_X1)   0.0870     0.1370 r
  U2555/ZN (XNOR2_X1)                                   0.0634     0.2004 r
  U1007/ZN (AND2_X1)                                    0.0461     0.2465 r
  U1397/ZN (NAND4_X1)                                   0.0456     0.2922 f
  U8590/ZN (AND2_X2)                                    0.0590     0.3511 f
  U2584/ZN (AND2_X1)                                    0.0586     0.4097 f
  U2637/ZN (NAND2_X1)                                   0.0341     0.4438 r
  U2638/ZN (AND4_X1)                                    0.0632     0.5070 r
  U1913/ZN (AND4_X1)                                    0.0669     0.5739 r
  U1009/ZN (AND4_X2)                                    0.0658     0.6397 r
  U2343/ZN (NAND2_X1)                                   0.0320     0.6717 f
  U8396/ZN (NAND3_X1)                                   0.0364     0.7081 r
  U1272/ZN (AND4_X1)                                    0.0769     0.7850 r
  U8451/ZN (OR2_X1)                                     0.0495     0.8345 r
  U2315/ZN (OAI22_X1)                                   0.0372     0.8717 f
  U2274/ZN (INV_X1)                                     0.0281     0.8998 r
  U2295/ZN (NAND4_X1)                                   0.0375     0.9372 f
  U2330/ZN (NAND3_X1)                                   0.0377     0.9750 r
  U8748/ZN (NAND2_X1)                                   0.0307     1.0056 f
  U8740/ZN (NAND2_X1)                                   0.0290     1.0346 r
  U10566/ZN (NAND3_X1)                                  0.0353     1.0699 f
  U2339/ZN (NAND2_X1)                                   0.0333     1.1032 r
  U2338/ZN (NAND2_X1)                                   0.0391     1.1422 f
  U2296/ZN (OR3_X2)                                     0.1125     1.2548 f
  U13253/ZN (NAND2_X1)                                  0.0617     1.3164 r
  U13254/ZN (AND2_X1)                                   0.0549     1.3713 r
  U13258/ZN (AND2_X1)                                   0.0448     1.4161 r
  DP_i_fetch_i_btb_i_clk_gate_btb_table_reg_14__TARGET_/EN (SNPS_CLOCK_GATE_HIGH_BTB_NBIT32_BTB_DEPTH16_BTB_INDEX_MSB5_4)
                                                        0.0000     1.4161 r
  DP_i_fetch_i_btb_i_clk_gate_btb_table_reg_14__TARGET_/latch/E (CLKGATETST_X1)
                                                        0.0091     1.4252 r
  data arrival time                                                1.4252

  clock CLK (rise edge)                                 1.3000     1.3000
  clock network delay (ideal)                           0.0500     1.3500
  clock uncertainty                                    -0.0500     1.3000
  DP_i_fetch_i_btb_i_clk_gate_btb_table_reg_14__TARGET_/latch/CK (CLKGATETST_X1)
                                                        0.0000     1.3000 r
  clock gating setup time                              -0.0720     1.2280
  data required time                                               1.2280
  --------------------------------------------------------------------------
  data required time                                               1.2280
  data arrival time                                               -1.4252
  --------------------------------------------------------------------------
  slack (VIOLATED)                                                -0.1972


  Startpoint: DP_i_mem_access_i_rd_out_reg_i_Y_reg_1_
              (rising edge-triggered flip-flop clocked by CLK)
  Endpoint: DP_i_fetch_i_btb_i_clk_gate_btb_table_reg_15__TARGET_/latch
            (gating element for clock CLK)
  Path Group: CLK
  Path Type: max

  Des/Clust/Port     Wire Load Model       Library
  ------------------------------------------------
  DLX                5K_hvratio_1_4        NangateOpenCellLibrary

  Point                                                   Incr       Path
  --------------------------------------------------------------------------
  clock CLK (rise edge)                                 0.0000     0.0000
  clock network delay (ideal)                           0.0500     0.0500
  DP_i_mem_access_i_rd_out_reg_i_Y_reg_1_/CK (DFF_X1)   0.0000     0.0500 r
  DP_i_mem_access_i_rd_out_reg_i_Y_reg_1_/QN (DFF_X1)   0.0870     0.1370 r
  U2555/ZN (XNOR2_X1)                                   0.0634     0.2004 r
  U1007/ZN (AND2_X1)                                    0.0461     0.2465 r
  U1397/ZN (NAND4_X1)                                   0.0456     0.2922 f
  U8590/ZN (AND2_X2)                                    0.0590     0.3511 f
  U2584/ZN (AND2_X1)                                    0.0586     0.4097 f
  U2637/ZN (NAND2_X1)                                   0.0341     0.4438 r
  U2638/ZN (AND4_X1)                                    0.0632     0.5070 r
  U1913/ZN (AND4_X1)                                    0.0669     0.5739 r
  U1009/ZN (AND4_X2)                                    0.0658     0.6397 r
  U2343/ZN (NAND2_X1)                                   0.0320     0.6717 f
  U8396/ZN (NAND3_X1)                                   0.0364     0.7081 r
  U1272/ZN (AND4_X1)                                    0.0769     0.7850 r
  U8451/ZN (OR2_X1)                                     0.0495     0.8345 r
  U2315/ZN (OAI22_X1)                                   0.0372     0.8717 f
  U2274/ZN (INV_X1)                                     0.0281     0.8998 r
  U2295/ZN (NAND4_X1)                                   0.0375     0.9372 f
  U2330/ZN (NAND3_X1)                                   0.0377     0.9750 r
  U8748/ZN (NAND2_X1)                                   0.0307     1.0056 f
  U8740/ZN (NAND2_X1)                                   0.0290     1.0346 r
  U10566/ZN (NAND3_X1)                                  0.0353     1.0699 f
  U2339/ZN (NAND2_X1)                                   0.0333     1.1032 r
  U2338/ZN (NAND2_X1)                                   0.0391     1.1422 f
  U2296/ZN (OR3_X2)                                     0.1125     1.2548 f
  U13253/ZN (NAND2_X1)                                  0.0617     1.3164 r
  U13254/ZN (AND2_X1)                                   0.0549     1.3713 r
  U13255/ZN (AND2_X1)                                   0.0448     1.4161 r
  DP_i_fetch_i_btb_i_clk_gate_btb_table_reg_15__TARGET_/EN (SNPS_CLOCK_GATE_HIGH_BTB_NBIT32_BTB_DEPTH16_BTB_INDEX_MSB5_2)
                                                        0.0000     1.4161 r
  DP_i_fetch_i_btb_i_clk_gate_btb_table_reg_15__TARGET_/latch/E (CLKGATETST_X1)
                                                        0.0091     1.4252 r
  data arrival time                                                1.4252

  clock CLK (rise edge)                                 1.3000     1.3000
  clock network delay (ideal)                           0.0500     1.3500
  clock uncertainty                                    -0.0500     1.3000
  DP_i_fetch_i_btb_i_clk_gate_btb_table_reg_15__TARGET_/latch/CK (CLKGATETST_X1)
                                                        0.0000     1.3000 r
  clock gating setup time                              -0.0720     1.2280
  data required time                                               1.2280
  --------------------------------------------------------------------------
  data required time                                               1.2280
  data arrival time                                               -1.4252
  --------------------------------------------------------------------------
  slack (VIOLATED)                                                -0.1972


  Startpoint: DP_i_mem_access_i_rd_out_reg_i_Y_reg_1_
              (rising edge-triggered flip-flop clocked by CLK)
  Endpoint: DP_i_fetch_i_btb_i_clk_gate_btb_table_reg_4__TARGET_/latch
            (gating element for clock CLK)
  Path Group: CLK
  Path Type: max

  Des/Clust/Port     Wire Load Model       Library
  ------------------------------------------------
  DLX                5K_hvratio_1_4        NangateOpenCellLibrary

  Point                                                   Incr       Path
  --------------------------------------------------------------------------
  clock CLK (rise edge)                                 0.0000     0.0000
  clock network delay (ideal)                           0.0500     0.0500
  DP_i_mem_access_i_rd_out_reg_i_Y_reg_1_/CK (DFF_X1)   0.0000     0.0500 r
  DP_i_mem_access_i_rd_out_reg_i_Y_reg_1_/QN (DFF_X1)   0.0870     0.1370 r
  U2555/ZN (XNOR2_X1)                                   0.0634     0.2004 r
  U1007/ZN (AND2_X1)                                    0.0461     0.2465 r
  U1397/ZN (NAND4_X1)                                   0.0456     0.2922 f
  U8590/ZN (AND2_X2)                                    0.0590     0.3511 f
  U2584/ZN (AND2_X1)                                    0.0586     0.4097 f
  U2637/ZN (NAND2_X1)                                   0.0341     0.4438 r
  U2638/ZN (AND4_X1)                                    0.0632     0.5070 r
  U1913/ZN (AND4_X1)                                    0.0669     0.5739 r
  U1009/ZN (AND4_X2)                                    0.0658     0.6397 r
  U2343/ZN (NAND2_X1)                                   0.0320     0.6717 f
  U8396/ZN (NAND3_X1)                                   0.0364     0.7081 r
  U1272/ZN (AND4_X1)                                    0.0769     0.7850 r
  U8451/ZN (OR2_X1)                                     0.0495     0.8345 r
  U2315/ZN (OAI22_X1)                                   0.0372     0.8717 f
  U2274/ZN (INV_X1)                                     0.0281     0.8998 r
  U2295/ZN (NAND4_X1)                                   0.0375     0.9372 f
  U2330/ZN (NAND3_X1)                                   0.0377     0.9750 r
  U8748/ZN (NAND2_X1)                                   0.0307     1.0056 f
  U8740/ZN (NAND2_X1)                                   0.0290     1.0346 r
  U10566/ZN (NAND3_X1)                                  0.0353     1.0699 f
  U2339/ZN (NAND2_X1)                                   0.0333     1.1032 r
  U2338/ZN (NAND2_X1)                                   0.0391     1.1422 f
  U2296/ZN (OR3_X2)                                     0.1125     1.2548 f
  U13253/ZN (NAND2_X1)                                  0.0617     1.3164 r
  U13280/ZN (AND2_X1)                                   0.0549     1.3713 r
  U13290/ZN (AND2_X1)                                   0.0448     1.4161 r
  DP_i_fetch_i_btb_i_clk_gate_btb_table_reg_4__TARGET_/EN (SNPS_CLOCK_GATE_HIGH_BTB_NBIT32_BTB_DEPTH16_BTB_INDEX_MSB5_24)
                                                        0.0000     1.4161 r
  DP_i_fetch_i_btb_i_clk_gate_btb_table_reg_4__TARGET_/latch/E (CLKGATETST_X1)
                                                        0.0091     1.4252 r
  data arrival time                                                1.4252

  clock CLK (rise edge)                                 1.3000     1.3000
  clock network delay (ideal)                           0.0500     1.3500
  clock uncertainty                                    -0.0500     1.3000
  DP_i_fetch_i_btb_i_clk_gate_btb_table_reg_4__TARGET_/latch/CK (CLKGATETST_X1)
                                                        0.0000     1.3000 r
  clock gating setup time                              -0.0719     1.2281
  data required time                                               1.2281
  --------------------------------------------------------------------------
  data required time                                               1.2281
  data arrival time                                               -1.4252
  --------------------------------------------------------------------------
  slack (VIOLATED)                                                -0.1971


  Startpoint: DRAM_READY (input port clocked by CLK)
  Endpoint: DP_i_decode_i_B_reg_i_Y_reg_2_
            (rising edge-triggered flip-flop clocked by CLK)
  Path Group: INPUTS
  Path Type: max

  Des/Clust/Port     Wire Load Model       Library
  ------------------------------------------------
  DLX                5K_hvratio_1_4        NangateOpenCellLibrary

  Point                                                   Incr       Path
  --------------------------------------------------------------------------
  clock CLK (rise edge)                                 0.0000     0.0000
  clock network delay (ideal)                           0.0500     0.0500
  input external delay                                  0.1300     0.1800 r
  DRAM_READY (in)                                       0.0009     0.1809 r
  U1341/ZN (OR2_X1)                                     0.0785     0.2595 r
  U832/ZN (NAND2_X2)                                    0.1353     0.3948 f
  DP_i_U2644/ZN (NOR3_X2)                               0.2918     0.6866 r
  U11590/ZN (INV_X1)                                    0.1144     0.8010 f
  U11940/ZN (OR2_X1)                                    0.0934     0.8944 f
  U12967/ZN (NAND2_X1)                                  0.0296     0.9239 r
  U12968/ZN (NOR4_X1)                                   0.0267     0.9506 f
  U12970/ZN (OAI211_X1)                                 0.0349     0.9855 r
  DP_i_decode_i_B_reg_i_Y_reg_2_/D (DFF_X1)             0.0110     0.9965 r
  data arrival time                                                0.9965

  clock CLK (rise edge)                                 1.3000     1.3000
  clock network delay (ideal)                           0.0500     1.3500
  clock uncertainty                                    -0.0500     1.3000
  DP_i_decode_i_B_reg_i_Y_reg_2_/CK (DFF_X1)            0.0000     1.3000 r
  library setup time                                   -0.0300     1.2700
  data required time                                               1.2700
  --------------------------------------------------------------------------
  data required time                                               1.2700
  data arrival time                                               -0.9965
  --------------------------------------------------------------------------
  slack (MET)                                                      0.2735


  Startpoint: DRAM_READY (input port clocked by CLK)
  Endpoint: DP_i_decode_i_B_reg_i_Y_reg_2_
            (rising edge-triggered flip-flop clocked by CLK)
  Path Group: INPUTS
  Path Type: max

  Des/Clust/Port     Wire Load Model       Library
  ------------------------------------------------
  DLX                5K_hvratio_1_4        NangateOpenCellLibrary

  Point                                                   Incr       Path
  --------------------------------------------------------------------------
  clock CLK (rise edge)                                 0.0000     0.0000
  clock network delay (ideal)                           0.0500     0.0500
  input external delay                                  0.1300     0.1800 r
  DRAM_READY (in)                                       0.0009     0.1809 r
  U1341/ZN (OR2_X1)                                     0.0785     0.2595 r
  U832/ZN (NAND2_X2)                                    0.1353     0.3948 f
  DP_i_U2644/ZN (NOR3_X2)                               0.2918     0.6866 r
  U11590/ZN (INV_X1)                                    0.1144     0.8010 f
  U11940/ZN (OR2_X1)                                    0.0934     0.8944 f
  U12967/ZN (NAND2_X1)                                  0.0296     0.9239 r
  U12968/ZN (NOR4_X1)                                   0.0267     0.9506 f
  U12970/ZN (OAI211_X1)                                 0.0342     0.9848 r
  DP_i_decode_i_B_reg_i_Y_reg_2_/D (DFF_X1)             0.0110     0.9958 r
  data arrival time                                                0.9958

  clock CLK (rise edge)                                 1.3000     1.3000
  clock network delay (ideal)                           0.0500     1.3500
  clock uncertainty                                    -0.0500     1.3000
  DP_i_decode_i_B_reg_i_Y_reg_2_/CK (DFF_X1)            0.0000     1.3000 r
  library setup time                                   -0.0300     1.2700
  data required time                                               1.2700
  --------------------------------------------------------------------------
  data required time                                               1.2700
  data arrival time                                               -0.9958
  --------------------------------------------------------------------------
  slack (MET)                                                      0.2742


  Startpoint: DRAM_READY (input port clocked by CLK)
  Endpoint: DP_i_decode_i_B_reg_i_Y_reg_1_
            (rising edge-triggered flip-flop clocked by CLK)
  Path Group: INPUTS
  Path Type: max

  Des/Clust/Port     Wire Load Model       Library
  ------------------------------------------------
  DLX                5K_hvratio_1_4        NangateOpenCellLibrary

  Point                                                   Incr       Path
  --------------------------------------------------------------------------
  clock CLK (rise edge)                                 0.0000     0.0000
  clock network delay (ideal)                           0.0500     0.0500
  input external delay                                  0.1300     0.1800 r
  DRAM_READY (in)                                       0.0009     0.1809 r
  U1341/ZN (OR2_X1)                                     0.0785     0.2595 r
  U832/ZN (NAND2_X2)                                    0.1353     0.3948 f
  DP_i_U2644/ZN (NOR3_X2)                               0.2918     0.6866 r
  U11590/ZN (INV_X1)                                    0.1144     0.8010 f
  U11879/ZN (OR2_X1)                                    0.0915     0.8924 f
  U11506/ZN (AND2_X1)                                   0.0382     0.9307 f
  U12363/ZN (NAND4_X1)                                  0.0337     0.9644 r
  DP_i_decode_i_B_reg_i_Y_reg_1_/D (DFF_X1)             0.0110     0.9753 r
  data arrival time                                                0.9753

  clock CLK (rise edge)                                 1.3000     1.3000
  clock network delay (ideal)                           0.0500     1.3500
  clock uncertainty                                    -0.0500     1.3000
  DP_i_decode_i_B_reg_i_Y_reg_1_/CK (DFF_X1)            0.0000     1.3000 r
  library setup time                                   -0.0278     1.2722
  data required time                                               1.2722
  --------------------------------------------------------------------------
  data required time                                               1.2722
  data arrival time                                               -0.9753
  --------------------------------------------------------------------------
  slack (MET)                                                      0.2968


  Startpoint: DRAM_READY (input port clocked by CLK)
  Endpoint: DP_i_decode_i_B_reg_i_Y_reg_12_
            (rising edge-triggered flip-flop clocked by CLK)
  Path Group: INPUTS
  Path Type: max

  Des/Clust/Port     Wire Load Model       Library
  ------------------------------------------------
  DLX                5K_hvratio_1_4        NangateOpenCellLibrary

  Point                                                   Incr       Path
  --------------------------------------------------------------------------
  clock CLK (rise edge)                                 0.0000     0.0000
  clock network delay (ideal)                           0.0500     0.0500
  input external delay                                  0.1300     0.1800 r
  DRAM_READY (in)                                       0.0009     0.1809 r
  U1341/ZN (OR2_X1)                                     0.0785     0.2595 r
  U832/ZN (NAND2_X2)                                    0.1353     0.3948 f
  DP_i_U2644/ZN (NOR3_X2)                               0.2918     0.6866 r
  U11590/ZN (INV_X1)                                    0.1144     0.8010 f
  U12002/ZN (OR2_X1)                                    0.0933     0.8943 f
  U12473/ZN (NAND4_X1)                                  0.0360     0.9303 r
  U11585/ZN (OR2_X1)                                    0.0336     0.9639 r
  DP_i_decode_i_B_reg_i_Y_reg_12_/D (DFF_X1)            0.0110     0.9749 r
  data arrival time                                                0.9749

  clock CLK (rise edge)                                 1.3000     1.3000
  clock network delay (ideal)                           0.0500     1.3500
  clock uncertainty                                    -0.0500     1.3000
  DP_i_decode_i_B_reg_i_Y_reg_12_/CK (DFF_X1)           0.0000     1.3000 r
  library setup time                                   -0.0263     1.2737
  data required time                                               1.2737
  --------------------------------------------------------------------------
  data required time                                               1.2737
  data arrival time                                               -0.9749
  --------------------------------------------------------------------------
  slack (MET)                                                      0.2988


  Startpoint: DRAM_READY (input port clocked by CLK)
  Endpoint: DP_i_decode_i_B_reg_i_Y_reg_14_
            (rising edge-triggered flip-flop clocked by CLK)
  Path Group: INPUTS
  Path Type: max

  Des/Clust/Port     Wire Load Model       Library
  ------------------------------------------------
  DLX                5K_hvratio_1_4        NangateOpenCellLibrary

  Point                                                   Incr       Path
  --------------------------------------------------------------------------
  clock CLK (rise edge)                                 0.0000     0.0000
  clock network delay (ideal)                           0.0500     0.0500
  input external delay                                  0.1300     0.1800 r
  DRAM_READY (in)                                       0.0009     0.1809 r
  U1341/ZN (OR2_X1)                                     0.0785     0.2595 r
  U832/ZN (NAND2_X2)                                    0.1353     0.3948 f
  DP_i_U2644/ZN (NOR3_X2)                               0.2918     0.6866 r
  U11590/ZN (INV_X1)                                    0.1144     0.8010 f
  U12001/ZN (OR2_X1)                                    0.0933     0.8943 f
  U12490/ZN (NAND4_X1)                                  0.0360     0.9303 r
  U11573/ZN (OR2_X1)                                    0.0336     0.9639 r
  DP_i_decode_i_B_reg_i_Y_reg_14_/D (DFF_X1)            0.0110     0.9749 r
  data arrival time                                                0.9749

  clock CLK (rise edge)                                 1.3000     1.3000
  clock network delay (ideal)                           0.0500     1.3500
  clock uncertainty                                    -0.0500     1.3000
  DP_i_decode_i_B_reg_i_Y_reg_14_/CK (DFF_X1)           0.0000     1.3000 r
  library setup time                                   -0.0263     1.2737
  data required time                                               1.2737
  --------------------------------------------------------------------------
  data required time                                               1.2737
  data arrival time                                               -0.9749
  --------------------------------------------------------------------------
  slack (MET)                                                      0.2988


  Startpoint: DRAM_READY (input port clocked by CLK)
  Endpoint: DP_i_decode_i_B_reg_i_Y_reg_6_
            (rising edge-triggered flip-flop clocked by CLK)
  Path Group: INPUTS
  Path Type: max

  Des/Clust/Port     Wire Load Model       Library
  ------------------------------------------------
  DLX                5K_hvratio_1_4        NangateOpenCellLibrary

  Point                                                   Incr       Path
  --------------------------------------------------------------------------
  clock CLK (rise edge)                                 0.0000     0.0000
  clock network delay (ideal)                           0.0500     0.0500
  input external delay                                  0.1300     0.1800 r
  DRAM_READY (in)                                       0.0009     0.1809 r
  U1341/ZN (OR2_X1)                                     0.0785     0.2595 r
  U832/ZN (NAND2_X2)                                    0.1353     0.3948 f
  DP_i_U2644/ZN (NOR3_X2)                               0.2918     0.6866 r
  U11590/ZN (INV_X1)                                    0.1144     0.8010 f
  U12000/ZN (OR2_X1)                                    0.0933     0.8943 f
  U12480/ZN (NAND4_X1)                                  0.0360     0.9303 r
  U11569/ZN (OR2_X1)                                    0.0336     0.9639 r
  DP_i_decode_i_B_reg_i_Y_reg_6_/D (DFF_X1)             0.0110     0.9749 r
  data arrival time                                                0.9749

  clock CLK (rise edge)                                 1.3000     1.3000
  clock network delay (ideal)                           0.0500     1.3500
  clock uncertainty                                    -0.0500     1.3000
  DP_i_decode_i_B_reg_i_Y_reg_6_/CK (DFF_X1)            0.0000     1.3000 r
  library setup time                                   -0.0263     1.2737
  data required time                                               1.2737
  --------------------------------------------------------------------------
  data required time                                               1.2737
  data arrival time                                               -0.9749
  --------------------------------------------------------------------------
  slack (MET)                                                      0.2988


  Startpoint: DRAM_READY (input port clocked by CLK)
  Endpoint: DP_i_decode_i_B_reg_i_Y_reg_13_
            (rising edge-triggered flip-flop clocked by CLK)
  Path Group: INPUTS
  Path Type: max

  Des/Clust/Port     Wire Load Model       Library
  ------------------------------------------------
  DLX                5K_hvratio_1_4        NangateOpenCellLibrary

  Point                                                   Incr       Path
  --------------------------------------------------------------------------
  clock CLK (rise edge)                                 0.0000     0.0000
  clock network delay (ideal)                           0.0500     0.0500
  input external delay                                  0.1300     0.1800 r
  DRAM_READY (in)                                       0.0009     0.1809 r
  U1341/ZN (OR2_X1)                                     0.0785     0.2595 r
  U832/ZN (NAND2_X2)                                    0.1353     0.3948 f
  DP_i_U2644/ZN (NOR3_X2)                               0.2918     0.6866 r
  U11590/ZN (INV_X1)                                    0.1144     0.8010 f
  U11999/ZN (OR2_X1)                                    0.0933     0.8943 f
  U12465/ZN (NAND4_X1)                                  0.0360     0.9303 r
  U11561/ZN (OR2_X1)                                    0.0336     0.9639 r
  DP_i_decode_i_B_reg_i_Y_reg_13_/D (DFF_X1)            0.0110     0.9749 r
  data arrival time                                                0.9749

  clock CLK (rise edge)                                 1.3000     1.3000
  clock network delay (ideal)                           0.0500     1.3500
  clock uncertainty                                    -0.0500     1.3000
  DP_i_decode_i_B_reg_i_Y_reg_13_/CK (DFF_X1)           0.0000     1.3000 r
  library setup time                                   -0.0262     1.2738
  data required time                                               1.2738
  --------------------------------------------------------------------------
  data required time                                               1.2738
  data arrival time                                               -0.9749
  --------------------------------------------------------------------------
  slack (MET)                                                      0.2989


  Startpoint: DRAM_READY (input port clocked by CLK)
  Endpoint: DP_i_decode_i_B_reg_i_Y_reg_8_
            (rising edge-triggered flip-flop clocked by CLK)
  Path Group: INPUTS
  Path Type: max

  Des/Clust/Port     Wire Load Model       Library
  ------------------------------------------------
  DLX                5K_hvratio_1_4        NangateOpenCellLibrary

  Point                                                   Incr       Path
  --------------------------------------------------------------------------
  clock CLK (rise edge)                                 0.0000     0.0000
  clock network delay (ideal)                           0.0500     0.0500
  input external delay                                  0.1300     0.1800 r
  DRAM_READY (in)                                       0.0009     0.1809 r
  U1341/ZN (OR2_X1)                                     0.0785     0.2595 r
  U832/ZN (NAND2_X2)                                    0.1353     0.3948 f
  DP_i_U2644/ZN (NOR3_X2)                               0.2918     0.6866 r
  U11590/ZN (INV_X1)                                    0.1144     0.8010 f
  U11997/ZN (OR2_X1)                                    0.0933     0.8943 f
  U12449/ZN (NAND4_X1)                                  0.0360     0.9303 r
  U11554/ZN (OR2_X1)                                    0.0336     0.9639 r
  DP_i_decode_i_B_reg_i_Y_reg_8_/D (DFF_X1)             0.0110     0.9749 r
  data arrival time                                                0.9749

  clock CLK (rise edge)                                 1.3000     1.3000
  clock network delay (ideal)                           0.0500     1.3500
  clock uncertainty                                    -0.0500     1.3000
  DP_i_decode_i_B_reg_i_Y_reg_8_/CK (DFF_X1)            0.0000     1.3000 r
  library setup time                                   -0.0262     1.2738
  data required time                                               1.2738
  --------------------------------------------------------------------------
  data required time                                               1.2738
  data arrival time                                               -0.9749
  --------------------------------------------------------------------------
  slack (MET)                                                      0.2989


  Startpoint: DRAM_READY (input port clocked by CLK)
  Endpoint: DP_i_decode_i_B_reg_i_Y_reg_10_
            (rising edge-triggered flip-flop clocked by CLK)
  Path Group: INPUTS
  Path Type: max

  Des/Clust/Port     Wire Load Model       Library
  ------------------------------------------------
  DLX                5K_hvratio_1_4        NangateOpenCellLibrary

  Point                                                   Incr       Path
  --------------------------------------------------------------------------
  clock CLK (rise edge)                                 0.0000     0.0000
  clock network delay (ideal)                           0.0500     0.0500
  input external delay                                  0.1300     0.1800 r
  DRAM_READY (in)                                       0.0009     0.1809 r
  U1341/ZN (OR2_X1)                                     0.0785     0.2595 r
  U832/ZN (NAND2_X2)                                    0.1353     0.3948 f
  DP_i_U2644/ZN (NOR3_X2)                               0.2918     0.6866 r
  U11590/ZN (INV_X1)                                    0.1144     0.8010 f
  U11998/ZN (OR2_X1)                                    0.0933     0.8943 f
  U12457/ZN (NAND4_X1)                                  0.0360     0.9303 r
  U11556/ZN (OR2_X1)                                    0.0336     0.9639 r
  DP_i_decode_i_B_reg_i_Y_reg_10_/D (DFF_X1)            0.0110     0.9749 r
  data arrival time                                                0.9749

  clock CLK (rise edge)                                 1.3000     1.3000
  clock network delay (ideal)                           0.0500     1.3500
  clock uncertainty                                    -0.0500     1.3000
  DP_i_decode_i_B_reg_i_Y_reg_10_/CK (DFF_X1)           0.0000     1.3000 r
  library setup time                                   -0.0262     1.2738
  data required time                                               1.2738
  --------------------------------------------------------------------------
  data required time                                               1.2738
  data arrival time                                               -0.9749
  --------------------------------------------------------------------------
  slack (MET)                                                      0.2989


  Startpoint: DRAM_READY (input port clocked by CLK)
  Endpoint: DP_i_decode_i_B_reg_i_Y_reg_5_
            (rising edge-triggered flip-flop clocked by CLK)
  Path Group: INPUTS
  Path Type: max

  Des/Clust/Port     Wire Load Model       Library
  ------------------------------------------------
  DLX                5K_hvratio_1_4        NangateOpenCellLibrary

  Point                                                   Incr       Path
  --------------------------------------------------------------------------
  clock CLK (rise edge)                                 0.0000     0.0000
  clock network delay (ideal)                           0.0500     0.0500
  input external delay                                  0.1300     0.1800 r
  DRAM_READY (in)                                       0.0009     0.1809 r
  U1341/ZN (OR2_X1)                                     0.0785     0.2595 r
  U832/ZN (NAND2_X2)                                    0.1353     0.3948 f
  DP_i_U2644/ZN (NOR3_X2)                               0.2918     0.6866 r
  U11590/ZN (INV_X1)                                    0.1144     0.8010 f
  U11941/ZN (OR2_X1)                                    0.0933     0.8943 f
  U12435/ZN (NAND4_X1)                                  0.0360     0.9303 r
  U11558/ZN (OR2_X1)                                    0.0336     0.9639 r
  DP_i_decode_i_B_reg_i_Y_reg_5_/D (DFF_X1)             0.0110     0.9749 r
  data arrival time                                                0.9749

  clock CLK (rise edge)                                 1.3000     1.3000
  clock network delay (ideal)                           0.0500     1.3500
  clock uncertainty                                    -0.0500     1.3000
  DP_i_decode_i_B_reg_i_Y_reg_5_/CK (DFF_X1)            0.0000     1.3000 r
  library setup time                                   -0.0262     1.2738
  data required time                                               1.2738
  --------------------------------------------------------------------------
  data required time                                               1.2738
  data arrival time                                               -0.9749
  --------------------------------------------------------------------------
  slack (MET)                                                      0.2989


  Startpoint: DP_i_mem_access_i_rd_out_reg_i_Y_reg_1_
              (rising edge-triggered flip-flop clocked by CLK)
  Endpoint: IRAM_ISSUE (output port clocked by CLK)
  Path Group: OUTPUTS
  Path Type: max

  Des/Clust/Port     Wire Load Model       Library
  ------------------------------------------------
  DLX                5K_hvratio_1_4        NangateOpenCellLibrary

  Point                                                   Incr       Path
  --------------------------------------------------------------------------
  clock CLK (rise edge)                                 0.0000     0.0000
  clock network delay (ideal)                           0.0500     0.0500
  DP_i_mem_access_i_rd_out_reg_i_Y_reg_1_/CK (DFF_X1)   0.0000     0.0500 r
  DP_i_mem_access_i_rd_out_reg_i_Y_reg_1_/QN (DFF_X1)   0.0870     0.1370 r
  U2555/ZN (XNOR2_X1)                                   0.0634     0.2004 r
  U2557/ZN (AND2_X1)                                    0.0516     0.2520 r
  U9328/ZN (NAND4_X1)                                   0.0456     0.2975 f
  U1449/ZN (AND2_X2)                                    0.0603     0.3578 f
  U1446/ZN (AND2_X1)                                    0.0625     0.4203 f
  U2602/ZN (NAND2_X1)                                   0.0333     0.4535 r
  U1331/ZN (AND4_X1)                                    0.0595     0.5130 r
  U9202/ZN (AND4_X2)                                    0.0637     0.5767 r
  U9253/ZN (AND3_X1)                                    0.0571     0.6338 r
  U1904/ZN (NAND2_X1)                                   0.0346     0.6684 f
  U10572/ZN (NAND2_X1)                                  0.0376     0.7060 r
  U1275/ZN (AND4_X1)                                    0.0695     0.7755 r
  U2163/ZN (INV_X1)                                     0.0392     0.8147 f
  U1262/ZN (INV_X1)                                     0.0378     0.8525 r
  U2048/ZN (NAND2_X1)                                   0.0270     0.8795 f
  U2263/ZN (NAND4_X1)                                   0.0336     0.9130 r
  U2262/ZN (OAI21_X1)                                   0.0368     0.9499 f
  U2050/Z (MUX2_X1)                                     0.0687     1.0185 f
  U10546/ZN (OR2_X1)                                    0.0539     1.0724 f
  U10566/ZN (NAND3_X1)                                  0.0307     1.1031 r
  U2339/ZN (NAND2_X1)                                   0.0313     1.1345 f
  U2337/ZN (AND2_X1)                                    0.0385     1.1730 f
  IRAM_ISSUE (out)                                      0.0035     1.1765 f
  data arrival time                                                1.1765

  clock CLK (rise edge)                                 1.3000     1.3000
  clock network delay (ideal)                           0.0500     1.3500
  clock uncertainty                                    -0.0500     1.3000
  output external delay                                -0.1300     1.1700
  data required time                                               1.1700
  --------------------------------------------------------------------------
  data required time                                               1.1700
  data arrival time                                               -1.1765
  --------------------------------------------------------------------------
  slack (VIOLATED)                                                -0.0065


  Startpoint: DP_i_mem_access_i_rd_out_reg_i_Y_reg_1_
              (rising edge-triggered flip-flop clocked by CLK)
  Endpoint: IRAM_ISSUE (output port clocked by CLK)
  Path Group: OUTPUTS
  Path Type: max

  Des/Clust/Port     Wire Load Model       Library
  ------------------------------------------------
  DLX                5K_hvratio_1_4        NangateOpenCellLibrary

  Point                                                   Incr       Path
  --------------------------------------------------------------------------
  clock CLK (rise edge)                                 0.0000     0.0000
  clock network delay (ideal)                           0.0500     0.0500
  DP_i_mem_access_i_rd_out_reg_i_Y_reg_1_/CK (DFF_X1)   0.0000     0.0500 r
  DP_i_mem_access_i_rd_out_reg_i_Y_reg_1_/QN (DFF_X1)   0.0870     0.1370 r
  U2555/ZN (XNOR2_X1)                                   0.0634     0.2004 r
  U2557/ZN (AND2_X1)                                    0.0516     0.2520 r
  U9328/ZN (NAND4_X1)                                   0.0456     0.2975 f
  U1449/ZN (AND2_X2)                                    0.0603     0.3578 f
  U1446/ZN (AND2_X1)                                    0.0625     0.4203 f
  U2602/ZN (NAND2_X1)                                   0.0333     0.4535 r
  U1331/ZN (AND4_X1)                                    0.0595     0.5130 r
  U9202/ZN (AND4_X2)                                    0.0637     0.5767 r
  U9253/ZN (AND3_X1)                                    0.0571     0.6338 r
  U1904/ZN (NAND2_X1)                                   0.0346     0.6684 f
  U10572/ZN (NAND2_X1)                                  0.0376     0.7060 r
  U1275/ZN (AND4_X1)                                    0.0695     0.7755 r
  U2163/ZN (INV_X1)                                     0.0392     0.8147 f
  U1262/ZN (INV_X1)                                     0.0378     0.8525 r
  U2048/ZN (NAND2_X1)                                   0.0270     0.8795 f
  U2263/ZN (NAND4_X1)                                   0.0336     0.9130 r
  U2262/ZN (OAI21_X1)                                   0.0368     0.9499 f
  U2050/Z (MUX2_X1)                                     0.0687     1.0185 f
  U10546/ZN (OR2_X1)                                    0.0539     1.0724 f
  U10566/ZN (NAND3_X1)                                  0.0307     1.1031 r
  U2339/ZN (NAND2_X1)                                   0.0313     1.1345 f
  U2337/ZN (AND2_X1)                                    0.0385     1.1730 f
  IRAM_ISSUE (out)                                      0.0035     1.1765 f
  data arrival time                                                1.1765

  clock CLK (rise edge)                                 1.3000     1.3000
  clock network delay (ideal)                           0.0500     1.3500
  clock uncertainty                                    -0.0500     1.3000
  output external delay                                -0.1300     1.1700
  data required time                                               1.1700
  --------------------------------------------------------------------------
  data required time                                               1.1700
  data arrival time                                               -1.1765
  --------------------------------------------------------------------------
  slack (VIOLATED)                                                -0.0065


  Startpoint: DP_i_mem_access_i_rd_out_reg_i_Y_reg_2_
              (rising edge-triggered flip-flop clocked by CLK)
  Endpoint: DRAM_DATA[25]
            (output port clocked by CLK)
  Path Group: OUTPUTS
  Path Type: max

  Des/Clust/Port     Wire Load Model       Library
  ------------------------------------------------
  DLX                5K_hvratio_1_4        NangateOpenCellLibrary

  Point                                                   Incr       Path
  --------------------------------------------------------------------------
  clock CLK (rise edge)                                 0.0000     0.0000
  clock network delay (ideal)                           0.0500     0.0500
  DP_i_mem_access_i_rd_out_reg_i_Y_reg_2_/CK (DFF_X1)   0.0000     0.0500 r
  DP_i_mem_access_i_rd_out_reg_i_Y_reg_2_/Q (DFF_X1)    0.1112     0.1612 r
  U1089/Z (CLKBUF_X1)                                   0.0629     0.2242 r
  U7537/ZN (XNOR2_X1)                                   0.0683     0.2924 r
  U7540/ZN (AND4_X1)                                    0.0641     0.3565 r
  U7543/ZN (AND3_X1)                                    0.0678     0.4243 r
  U7546/ZN (INV_X1)                                     0.0627     0.4870 f
  U2230/ZN (NOR2_X2)                                    0.1772     0.6642 r
  U7608/ZN (NAND2_X1)                                   0.0569     0.7211 f
  U7609/ZN (NAND2_X1)                                   0.0430     0.7641 r
  U10099/ZN (INV_X1)                                    0.0259     0.7900 f
  U10100/ZN (NOR2_X1)                                   0.0436     0.8336 r
  DRAM_DATA_tri_25_/Z (TBUF_X1)                         0.0620     0.8956 r
  DRAM_DATA[25] (inout)                                 0.0048     0.9004 r
  data arrival time                                                0.9004

  clock CLK (rise edge)                                 1.3000     1.3000
  clock network delay (ideal)                           0.0500     1.3500
  clock uncertainty                                    -0.0500     1.3000
  output external delay                                -0.1300     1.1700
  data required time                                               1.1700
  --------------------------------------------------------------------------
  data required time                                               1.1700
  data arrival time                                               -0.9004
  --------------------------------------------------------------------------
  slack (MET)                                                      0.2696


  Startpoint: DP_i_mem_access_i_rd_out_reg_i_Y_reg_2_
              (rising edge-triggered flip-flop clocked by CLK)
  Endpoint: DRAM_DATA[30]
            (output port clocked by CLK)
  Path Group: OUTPUTS
  Path Type: max

  Des/Clust/Port     Wire Load Model       Library
  ------------------------------------------------
  DLX                5K_hvratio_1_4        NangateOpenCellLibrary

  Point                                                   Incr       Path
  --------------------------------------------------------------------------
  clock CLK (rise edge)                                 0.0000     0.0000
  clock network delay (ideal)                           0.0500     0.0500
  DP_i_mem_access_i_rd_out_reg_i_Y_reg_2_/CK (DFF_X1)   0.0000     0.0500 r
  DP_i_mem_access_i_rd_out_reg_i_Y_reg_2_/Q (DFF_X1)    0.1112     0.1612 r
  U1089/Z (CLKBUF_X1)                                   0.0629     0.2242 r
  U7537/ZN (XNOR2_X1)                                   0.0683     0.2924 r
  U7540/ZN (AND4_X1)                                    0.0641     0.3565 r
  U7543/ZN (AND3_X1)                                    0.0678     0.4243 r
  U7546/ZN (INV_X1)                                     0.0627     0.4870 f
  U2230/ZN (NOR2_X2)                                    0.1772     0.6642 r
  U7593/ZN (NAND2_X1)                                   0.0569     0.7211 f
  U7594/ZN (NAND2_X1)                                   0.0430     0.7641 r
  U10089/ZN (INV_X1)                                    0.0259     0.7900 f
  U10090/ZN (NOR2_X1)                                   0.0436     0.8336 r
  DRAM_DATA_tri_30_/Z (TBUF_X1)                         0.0618     0.8954 r
  DRAM_DATA[30] (inout)                                 0.0048     0.9002 r
  data arrival time                                                0.9002

  clock CLK (rise edge)                                 1.3000     1.3000
  clock network delay (ideal)                           0.0500     1.3500
  clock uncertainty                                    -0.0500     1.3000
  output external delay                                -0.1300     1.1700
  data required time                                               1.1700
  --------------------------------------------------------------------------
  data required time                                               1.1700
  data arrival time                                               -0.9002
  --------------------------------------------------------------------------
  slack (MET)                                                      0.2698


  Startpoint: DP_i_mem_access_i_rd_out_reg_i_Y_reg_2_
              (rising edge-triggered flip-flop clocked by CLK)
  Endpoint: DRAM_DATA[29]
            (output port clocked by CLK)
  Path Group: OUTPUTS
  Path Type: max

  Des/Clust/Port     Wire Load Model       Library
  ------------------------------------------------
  DLX                5K_hvratio_1_4        NangateOpenCellLibrary

  Point                                                   Incr       Path
  --------------------------------------------------------------------------
  clock CLK (rise edge)                                 0.0000     0.0000
  clock network delay (ideal)                           0.0500     0.0500
  DP_i_mem_access_i_rd_out_reg_i_Y_reg_2_/CK (DFF_X1)   0.0000     0.0500 r
  DP_i_mem_access_i_rd_out_reg_i_Y_reg_2_/Q (DFF_X1)    0.1112     0.1612 r
  U1089/Z (CLKBUF_X1)                                   0.0629     0.2242 r
  U7537/ZN (XNOR2_X1)                                   0.0683     0.2924 r
  U7540/ZN (AND4_X1)                                    0.0641     0.3565 r
  U7543/ZN (AND3_X1)                                    0.0678     0.4243 r
  U7546/ZN (INV_X1)                                     0.0627     0.4870 f
  U2230/ZN (NOR2_X2)                                    0.1772     0.6642 r
  U7599/ZN (NAND2_X1)                                   0.0569     0.7211 f
  U7600/ZN (NAND2_X1)                                   0.0430     0.7641 r
  U10093/ZN (INV_X1)                                    0.0259     0.7900 f
  U10094/ZN (NOR2_X1)                                   0.0436     0.8336 r
  DRAM_DATA_tri_29_/Z (TBUF_X1)                         0.0618     0.8954 r
  DRAM_DATA[29] (inout)                                 0.0048     0.9002 r
  data arrival time                                                0.9002

  clock CLK (rise edge)                                 1.3000     1.3000
  clock network delay (ideal)                           0.0500     1.3500
  clock uncertainty                                    -0.0500     1.3000
  output external delay                                -0.1300     1.1700
  data required time                                               1.1700
  --------------------------------------------------------------------------
  data required time                                               1.1700
  data arrival time                                               -0.9002
  --------------------------------------------------------------------------
  slack (MET)                                                      0.2698


  Startpoint: DP_i_mem_access_i_rd_out_reg_i_Y_reg_2_
              (rising edge-triggered flip-flop clocked by CLK)
  Endpoint: DRAM_DATA[28]
            (output port clocked by CLK)
  Path Group: OUTPUTS
  Path Type: max

  Des/Clust/Port     Wire Load Model       Library
  ------------------------------------------------
  DLX                5K_hvratio_1_4        NangateOpenCellLibrary

  Point                                                   Incr       Path
  --------------------------------------------------------------------------
  clock CLK (rise edge)                                 0.0000     0.0000
  clock network delay (ideal)                           0.0500     0.0500
  DP_i_mem_access_i_rd_out_reg_i_Y_reg_2_/CK (DFF_X1)   0.0000     0.0500 r
  DP_i_mem_access_i_rd_out_reg_i_Y_reg_2_/Q (DFF_X1)    0.1112     0.1612 r
  U1089/Z (CLKBUF_X1)                                   0.0629     0.2242 r
  U7537/ZN (XNOR2_X1)                                   0.0683     0.2924 r
  U7540/ZN (AND4_X1)                                    0.0641     0.3565 r
  U7543/ZN (AND3_X1)                                    0.0678     0.4243 r
  U7546/ZN (INV_X1)                                     0.0627     0.4870 f
  U2230/ZN (NOR2_X2)                                    0.1772     0.6642 r
  U7605/ZN (NAND2_X1)                                   0.0569     0.7211 f
  U7606/ZN (NAND2_X1)                                   0.0430     0.7641 r
  U10097/ZN (INV_X1)                                    0.0259     0.7900 f
  U10098/ZN (NOR2_X1)                                   0.0436     0.8336 r
  DRAM_DATA_tri_28_/Z (TBUF_X1)                         0.0618     0.8954 r
  DRAM_DATA[28] (inout)                                 0.0048     0.9002 r
  data arrival time                                                0.9002

  clock CLK (rise edge)                                 1.3000     1.3000
  clock network delay (ideal)                           0.0500     1.3500
  clock uncertainty                                    -0.0500     1.3000
  output external delay                                -0.1300     1.1700
  data required time                                               1.1700
  --------------------------------------------------------------------------
  data required time                                               1.1700
  data arrival time                                               -0.9002
  --------------------------------------------------------------------------
  slack (MET)                                                      0.2698


  Startpoint: DP_i_mem_access_i_rd_out_reg_i_Y_reg_2_
              (rising edge-triggered flip-flop clocked by CLK)
  Endpoint: DRAM_DATA[27]
            (output port clocked by CLK)
  Path Group: OUTPUTS
  Path Type: max

  Des/Clust/Port     Wire Load Model       Library
  ------------------------------------------------
  DLX                5K_hvratio_1_4        NangateOpenCellLibrary

  Point                                                   Incr       Path
  --------------------------------------------------------------------------
  clock CLK (rise edge)                                 0.0000     0.0000
  clock network delay (ideal)                           0.0500     0.0500
  DP_i_mem_access_i_rd_out_reg_i_Y_reg_2_/CK (DFF_X1)   0.0000     0.0500 r
  DP_i_mem_access_i_rd_out_reg_i_Y_reg_2_/Q (DFF_X1)    0.1112     0.1612 r
  U1089/Z (CLKBUF_X1)                                   0.0629     0.2242 r
  U7537/ZN (XNOR2_X1)                                   0.0683     0.2924 r
  U7540/ZN (AND4_X1)                                    0.0641     0.3565 r
  U7543/ZN (AND3_X1)                                    0.0678     0.4243 r
  U7546/ZN (INV_X1)                                     0.0627     0.4870 f
  U2230/ZN (NOR2_X2)                                    0.1772     0.6642 r
  U7596/ZN (NAND2_X1)                                   0.0569     0.7211 f
  U7597/ZN (NAND2_X1)                                   0.0430     0.7641 r
  U10091/ZN (INV_X1)                                    0.0259     0.7900 f
  U10092/ZN (NOR2_X1)                                   0.0436     0.8336 r
  DRAM_DATA_tri_27_/Z (TBUF_X1)                         0.0618     0.8954 r
  DRAM_DATA[27] (inout)                                 0.0048     0.9002 r
  data arrival time                                                0.9002

  clock CLK (rise edge)                                 1.3000     1.3000
  clock network delay (ideal)                           0.0500     1.3500
  clock uncertainty                                    -0.0500     1.3000
  output external delay                                -0.1300     1.1700
  data required time                                               1.1700
  --------------------------------------------------------------------------
  data required time                                               1.1700
  data arrival time                                               -0.9002
  --------------------------------------------------------------------------
  slack (MET)                                                      0.2698


  Startpoint: DP_i_mem_access_i_rd_out_reg_i_Y_reg_2_
              (rising edge-triggered flip-flop clocked by CLK)
  Endpoint: DRAM_DATA[26]
            (output port clocked by CLK)
  Path Group: OUTPUTS
  Path Type: max

  Des/Clust/Port     Wire Load Model       Library
  ------------------------------------------------
  DLX                5K_hvratio_1_4        NangateOpenCellLibrary

  Point                                                   Incr       Path
  --------------------------------------------------------------------------
  clock CLK (rise edge)                                 0.0000     0.0000
  clock network delay (ideal)                           0.0500     0.0500
  DP_i_mem_access_i_rd_out_reg_i_Y_reg_2_/CK (DFF_X1)   0.0000     0.0500 r
  DP_i_mem_access_i_rd_out_reg_i_Y_reg_2_/Q (DFF_X1)    0.1112     0.1612 r
  U1089/Z (CLKBUF_X1)                                   0.0629     0.2242 r
  U7537/ZN (XNOR2_X1)                                   0.0683     0.2924 r
  U7540/ZN (AND4_X1)                                    0.0641     0.3565 r
  U7543/ZN (AND3_X1)                                    0.0678     0.4243 r
  U7546/ZN (INV_X1)                                     0.0627     0.4870 f
  U2230/ZN (NOR2_X2)                                    0.1772     0.6642 r
  U7602/ZN (NAND2_X1)                                   0.0569     0.7211 f
  U7603/ZN (NAND2_X1)                                   0.0430     0.7641 r
  U10095/ZN (INV_X1)                                    0.0259     0.7900 f
  U10096/ZN (NOR2_X1)                                   0.0436     0.8336 r
  DRAM_DATA_tri_26_/Z (TBUF_X1)                         0.0618     0.8954 r
  DRAM_DATA[26] (inout)                                 0.0048     0.9002 r
  data arrival time                                                0.9002

  clock CLK (rise edge)                                 1.3000     1.3000
  clock network delay (ideal)                           0.0500     1.3500
  clock uncertainty                                    -0.0500     1.3000
  output external delay                                -0.1300     1.1700
  data required time                                               1.1700
  --------------------------------------------------------------------------
  data required time                                               1.1700
  data arrival time                                               -0.9002
  --------------------------------------------------------------------------
  slack (MET)                                                      0.2698


  Startpoint: DP_i_mem_access_i_rd_out_reg_i_Y_reg_2_
              (rising edge-triggered flip-flop clocked by CLK)
  Endpoint: DRAM_DATA[24]
            (output port clocked by CLK)
  Path Group: OUTPUTS
  Path Type: max

  Des/Clust/Port     Wire Load Model       Library
  ------------------------------------------------
  DLX                5K_hvratio_1_4        NangateOpenCellLibrary

  Point                                                   Incr       Path
  --------------------------------------------------------------------------
  clock CLK (rise edge)                                 0.0000     0.0000
  clock network delay (ideal)                           0.0500     0.0500
  DP_i_mem_access_i_rd_out_reg_i_Y_reg_2_/CK (DFF_X1)   0.0000     0.0500 r
  DP_i_mem_access_i_rd_out_reg_i_Y_reg_2_/Q (DFF_X1)    0.1112     0.1612 r
  U1089/Z (CLKBUF_X1)                                   0.0629     0.2242 r
  U7537/ZN (XNOR2_X1)                                   0.0683     0.2924 r
  U7540/ZN (AND4_X1)                                    0.0641     0.3565 r
  U7543/ZN (AND3_X1)                                    0.0678     0.4243 r
  U7546/ZN (INV_X1)                                     0.0627     0.4870 f
  U2230/ZN (NOR2_X2)                                    0.1772     0.6642 r
  U7590/ZN (NAND2_X1)                                   0.0569     0.7211 f
  U7591/ZN (NAND2_X1)                                   0.0430     0.7641 r
  U10087/ZN (INV_X1)                                    0.0259     0.7900 f
  U10088/ZN (NOR2_X1)                                   0.0436     0.8336 r
  DRAM_DATA_tri_24_/Z (TBUF_X1)                         0.0617     0.8953 r
  DRAM_DATA[24] (inout)                                 0.0048     0.9001 r
  data arrival time                                                0.9001

  clock CLK (rise edge)                                 1.3000     1.3000
  clock network delay (ideal)                           0.0500     1.3500
  clock uncertainty                                    -0.0500     1.3000
  output external delay                                -0.1300     1.1700
  data required time                                               1.1700
  --------------------------------------------------------------------------
  data required time                                               1.1700
  data arrival time                                               -0.9001
  --------------------------------------------------------------------------
  slack (MET)                                                      0.2699


  Startpoint: DP_i_mem_access_i_rd_out_reg_i_Y_reg_2_
              (rising edge-triggered flip-flop clocked by CLK)
  Endpoint: DRAM_DATA[23]
            (output port clocked by CLK)
  Path Group: OUTPUTS
  Path Type: max

  Des/Clust/Port     Wire Load Model       Library
  ------------------------------------------------
  DLX                5K_hvratio_1_4        NangateOpenCellLibrary

  Point                                                   Incr       Path
  --------------------------------------------------------------------------
  clock CLK (rise edge)                                 0.0000     0.0000
  clock network delay (ideal)                           0.0500     0.0500
  DP_i_mem_access_i_rd_out_reg_i_Y_reg_2_/CK (DFF_X1)   0.0000     0.0500 r
  DP_i_mem_access_i_rd_out_reg_i_Y_reg_2_/Q (DFF_X1)    0.1112     0.1612 r
  U1089/Z (CLKBUF_X1)                                   0.0629     0.2242 r
  U7537/ZN (XNOR2_X1)                                   0.0683     0.2924 r
  U7540/ZN (AND4_X1)                                    0.0641     0.3565 r
  U7543/ZN (AND3_X1)                                    0.0678     0.4243 r
  U7546/ZN (INV_X1)                                     0.0627     0.4870 f
  U2230/ZN (NOR2_X2)                                    0.1772     0.6642 r
  U7584/ZN (NAND2_X1)                                   0.0569     0.7211 f
  U7585/ZN (NAND2_X1)                                   0.0430     0.7641 r
  U10083/ZN (INV_X1)                                    0.0259     0.7900 f
  U10084/ZN (NOR2_X1)                                   0.0436     0.8336 r
  DRAM_DATA_tri_23_/Z (TBUF_X1)                         0.0600     0.8936 r
  DRAM_DATA[23] (inout)                                 0.0048     0.8984 r
  data arrival time                                                0.8984

  clock CLK (rise edge)                                 1.3000     1.3000
  clock network delay (ideal)                           0.0500     1.3500
  clock uncertainty                                    -0.0500     1.3000
  output external delay                                -0.1300     1.1700
  data required time                                               1.1700
  --------------------------------------------------------------------------
  data required time                                               1.1700
  data arrival time                                               -0.8984
  --------------------------------------------------------------------------
  slack (MET)                                                      0.2716


1
