 
****************************************
Report : timing
        -path full
        -delay max
        -nworst 2
        -max_paths 10
Design : DLX
Version: W-2024.09-SP2
Date   : Sun Sep 27 03:28:39 2026
****************************************

Operating Conditions: typical   Library: NangateOpenCellLibrary
Wire Load Model Mode: top

  Startpoint: DP_i_fetch_i_IR_out_reg_28_
              (rising edge-triggered flip-flop clocked by CLK)
  Endpoint: DP_i_fetch_i_pc_i_Y_reg_9_
            (rising edge-triggered flip-flop clocked by CLK)
  Path Group: REG2REG
  Path Type: max

  Des/Clust/Port     Wire Load Model       Library
  ------------------------------------------------
  DLX                5K_hvratio_1_4        NangateOpenCellLibrary

  Point                                                   Incr       Path
  --------------------------------------------------------------------------
  clock CLK (rise edge)                                 0.0000     0.0000
  clock network delay (ideal)                           0.0500     0.0500
  DP_i_fetch_i_IR_out_reg_28_/CK (DFF_X1)               0.0000     0.0500 r
  DP_i_fetch_i_IR_out_reg_28_/QN (DFF_X1)               0.0813     0.1313 r
  U3920/ZN (NAND3_X1)                                   0.0556     0.1870 f
  U2226/ZN (NOR2_X1)                                    0.0774     0.2644 r
  U3921/ZN (INV_X1)                                     0.0472     0.3116 f
  U3934/ZN (AOI21_X1)                                   0.0673     0.3789 r
  U3935/ZN (AOI21_X1)                                   0.0391     0.4180 f
  U3937/ZN (AOI21_X1)                                   0.0507     0.4687 r
  U5007/CO (FA_X1)                                      0.0808     0.5496 r
  U2670/ZN (NAND2_X1)                                   0.0313     0.5809 f
  U2689/ZN (NAND3_X1)                                   0.0356     0.6165 r
  U3941/ZN (INV_X1)                                     0.0300     0.6465 f
  U3951/ZN (OAI21_X1)                                   0.0483     0.6947 r
  U5031/CO (FA_X1)                                      0.0894     0.7841 r
  U2407/ZN (NAND2_X1)                                   0.0362     0.8203 f
  U2406/ZN (NAND2_X1)                                   0.0308     0.8511 r
  U2622/ZN (AND3_X1)                                    0.0598     0.9109 r
  U2623/ZN (XNOR2_X1)                                   0.0666     0.9775 r
  U2591/ZN (NAND2_X1)                                   0.0331     1.0106 f
  U2590/ZN (NAND2_X1)                                   0.0350     1.0457 r
  U2592/ZN (NAND3_X1)                                   0.0412     1.0869 f
  U1008/ZN (NAND2_X1)                                   0.0528     1.1398 r
  U2583/ZN (NAND2_X1)                                   0.0382     1.1780 f
  U2585/ZN (NAND3_X1)                                   0.0385     1.2165 r
  U2477/ZN (OR2_X1)                                     0.0420     1.2585 r
  U2478/ZN (OAI211_X1)                                  0.0422     1.3007 f
  U5061/ZN (INV_X1)                                     0.0520     1.3527 r
  U2411/Z (XOR2_X1)                                     0.0735     1.4263 r
  U1018/ZN (AND4_X1)                                    0.0645     1.4908 r
  U1169/ZN (AND4_X1)                                    0.0579     1.5487 r
  U1168/ZN (AND2_X1)                                    0.0462     1.5948 r
  U2456/ZN (NAND4_X2)                                   0.0646     1.6594 f
  U2492/ZN (NAND2_X2)                                   0.0668     1.7262 r
  U2460/ZN (AND3_X4)                                    0.1206     1.8468 r
  DP_i_U3047/ZN (AOI22_X1)                              0.0696     1.9164 f
  DP_i_U3048/ZN (OAI211_X1)                             0.0417     1.9581 r
  DP_i_fetch_i_pc_i_Y_reg_9_/D (DFF_X1)                 0.0110     1.9691 r
  data arrival time                                                1.9691

  clock CLK (rise edge)                                 2.0000     2.0000
  clock network delay (ideal)                           0.0500     2.0500
  clock uncertainty                                    -0.0500     2.0000
  DP_i_fetch_i_pc_i_Y_reg_9_/CK (DFF_X1)                0.0000     2.0000 r
  library setup time                                   -0.0303     1.9697
  data required time                                               1.9697
  --------------------------------------------------------------------------
  data required time                                               1.9697
  data arrival time                                               -1.9691
  --------------------------------------------------------------------------
  slack (MET)                                                      0.0006


  Startpoint: DP_i_fetch_i_IR_out_reg_28_
              (rising edge-triggered flip-flop clocked by CLK)
  Endpoint: DP_i_fetch_i_pc_i_Y_reg_29_
            (rising edge-triggered flip-flop clocked by CLK)
  Path Group: REG2REG
  Path Type: max

  Des/Clust/Port     Wire Load Model       Library
  ------------------------------------------------
  DLX                5K_hvratio_1_4        NangateOpenCellLibrary

  Point                                                   Incr       Path
  --------------------------------------------------------------------------
  clock CLK (rise edge)                                 0.0000     0.0000
  clock network delay (ideal)                           0.0500     0.0500
  DP_i_fetch_i_IR_out_reg_28_/CK (DFF_X1)               0.0000     0.0500 r
  DP_i_fetch_i_IR_out_reg_28_/QN (DFF_X1)               0.0813     0.1313 r
  U3920/ZN (NAND3_X1)                                   0.0556     0.1870 f
  U2226/ZN (NOR2_X1)                                    0.0774     0.2644 r
  U3921/ZN (INV_X1)                                     0.0472     0.3116 f
  U3934/ZN (AOI21_X1)                                   0.0673     0.3789 r
  U3935/ZN (AOI21_X1)                                   0.0391     0.4180 f
  U3937/ZN (AOI21_X1)                                   0.0507     0.4687 r
  U5007/CO (FA_X1)                                      0.0808     0.5496 r
  U2670/ZN (NAND2_X1)                                   0.0313     0.5809 f
  U2689/ZN (NAND3_X1)                                   0.0356     0.6165 r
  U3941/ZN (INV_X1)                                     0.0300     0.6465 f
  U3951/ZN (OAI21_X1)                                   0.0483     0.6947 r
  U5031/CO (FA_X1)                                      0.0894     0.7841 r
  U2407/ZN (NAND2_X1)                                   0.0362     0.8203 f
  U2406/ZN (NAND2_X1)                                   0.0308     0.8511 r
  U2622/ZN (AND3_X1)                                    0.0598     0.9109 r
  U2623/ZN (XNOR2_X1)                                   0.0666     0.9775 r
  U2591/ZN (NAND2_X1)                                   0.0331     1.0106 f
  U2590/ZN (NAND2_X1)                                   0.0350     1.0457 r
  U2592/ZN (NAND3_X1)                                   0.0412     1.0869 f
  U1008/ZN (NAND2_X1)                                   0.0528     1.1398 r
  U2583/ZN (NAND2_X1)                                   0.0382     1.1780 f
  U2585/ZN (NAND3_X1)                                   0.0385     1.2165 r
  U2477/ZN (OR2_X1)                                     0.0420     1.2585 r
  U2478/ZN (OAI211_X1)                                  0.0422     1.3007 f
  U5061/ZN (INV_X1)                                     0.0520     1.3527 r
  U2411/Z (XOR2_X1)                                     0.0735     1.4263 r
  U1018/ZN (AND4_X1)                                    0.0645     1.4908 r
  U1169/ZN (AND4_X1)                                    0.0579     1.5487 r
  U1168/ZN (AND2_X1)                                    0.0462     1.5948 r
  U2456/ZN (NAND4_X2)                                   0.0646     1.6594 f
  U2492/ZN (NAND2_X2)                                   0.0668     1.7262 r
  U2460/ZN (AND3_X4)                                    0.1206     1.8468 r
  DP_i_U2947/ZN (AOI22_X1)                              0.0696     1.9164 f
  DP_i_U2948/ZN (OAI211_X1)                             0.0417     1.9581 r
  DP_i_fetch_i_pc_i_Y_reg_29_/D (DFF_X1)                0.0110     1.9691 r
  data arrival time                                                1.9691

  clock CLK (rise edge)                                 2.0000     2.0000
  clock network delay (ideal)                           0.0500     2.0500
  clock uncertainty                                    -0.0500     2.0000
  DP_i_fetch_i_pc_i_Y_reg_29_/CK (DFF_X1)               0.0000     2.0000 r
  library setup time                                   -0.0303     1.9697
  data required time                                               1.9697
  --------------------------------------------------------------------------
  data required time                                               1.9697
  data arrival time                                               -1.9691
  --------------------------------------------------------------------------
  slack (MET)                                                      0.0007


  Startpoint: DP_i_fetch_i_IR_out_reg_28_
              (rising edge-triggered flip-flop clocked by CLK)
  Endpoint: DP_i_fetch_i_pc_i_Y_reg_11_
            (rising edge-triggered flip-flop clocked by CLK)
  Path Group: REG2REG
  Path Type: max

  Des/Clust/Port     Wire Load Model       Library
  ------------------------------------------------
  DLX                5K_hvratio_1_4        NangateOpenCellLibrary

  Point                                                   Incr       Path
  --------------------------------------------------------------------------
  clock CLK (rise edge)                                 0.0000     0.0000
  clock network delay (ideal)                           0.0500     0.0500
  DP_i_fetch_i_IR_out_reg_28_/CK (DFF_X1)               0.0000     0.0500 r
  DP_i_fetch_i_IR_out_reg_28_/QN (DFF_X1)               0.0813     0.1313 r
  U3920/ZN (NAND3_X1)                                   0.0556     0.1870 f
  U2226/ZN (NOR2_X1)                                    0.0774     0.2644 r
  U3921/ZN (INV_X1)                                     0.0472     0.3116 f
  U3934/ZN (AOI21_X1)                                   0.0673     0.3789 r
  U3935/ZN (AOI21_X1)                                   0.0391     0.4180 f
  U3937/ZN (AOI21_X1)                                   0.0507     0.4687 r
  U5007/CO (FA_X1)                                      0.0808     0.5496 r
  U2670/ZN (NAND2_X1)                                   0.0313     0.5809 f
  U2689/ZN (NAND3_X1)                                   0.0356     0.6165 r
  U3941/ZN (INV_X1)                                     0.0300     0.6465 f
  U3951/ZN (OAI21_X1)                                   0.0483     0.6947 r
  U5031/CO (FA_X1)                                      0.0894     0.7841 r
  U2407/ZN (NAND2_X1)                                   0.0362     0.8203 f
  U2406/ZN (NAND2_X1)                                   0.0308     0.8511 r
  U2622/ZN (AND3_X1)                                    0.0598     0.9109 r
  U2623/ZN (XNOR2_X1)                                   0.0666     0.9775 r
  U2591/ZN (NAND2_X1)                                   0.0331     1.0106 f
  U2590/ZN (NAND2_X1)                                   0.0350     1.0457 r
  U2592/ZN (NAND3_X1)                                   0.0412     1.0869 f
  U1008/ZN (NAND2_X1)                                   0.0528     1.1398 r
  U2583/ZN (NAND2_X1)                                   0.0382     1.1780 f
  U2585/ZN (NAND3_X1)                                   0.0385     1.2165 r
  U2477/ZN (OR2_X1)                                     0.0420     1.2585 r
  U2478/ZN (OAI211_X1)                                  0.0422     1.3007 f
  U5061/ZN (INV_X1)                                     0.0520     1.3527 r
  U2411/Z (XOR2_X1)                                     0.0735     1.4263 r
  U1018/ZN (AND4_X1)                                    0.0645     1.4908 r
  U1169/ZN (AND4_X1)                                    0.0579     1.5487 r
  U1168/ZN (AND2_X1)                                    0.0462     1.5948 r
  U2456/ZN (NAND4_X2)                                   0.0646     1.6594 f
  U2492/ZN (NAND2_X2)                                   0.0668     1.7262 r
  U2460/ZN (AND3_X4)                                    0.1206     1.8468 r
  DP_i_U3037/ZN (AOI22_X1)                              0.0696     1.9164 f
  DP_i_U3038/ZN (OAI211_X1)                             0.0417     1.9581 r
  DP_i_fetch_i_pc_i_Y_reg_11_/D (DFF_X1)                0.0110     1.9691 r
  data arrival time                                                1.9691

  clock CLK (rise edge)                                 2.0000     2.0000
  clock network delay (ideal)                           0.0500     2.0500
  clock uncertainty                                    -0.0500     2.0000
  DP_i_fetch_i_pc_i_Y_reg_11_/CK (DFF_X1)               0.0000     2.0000 r
  library setup time                                   -0.0301     1.9699
  data required time                                               1.9699
  --------------------------------------------------------------------------
  data required time                                               1.9699
  data arrival time                                               -1.9691
  --------------------------------------------------------------------------
  slack (MET)                                                      0.0009


  Startpoint: DP_i_fetch_i_IR_out_reg_28_
              (rising edge-triggered flip-flop clocked by CLK)
  Endpoint: DP_i_fetch_i_pc_i_Y_reg_26_
            (rising edge-triggered flip-flop clocked by CLK)
  Path Group: REG2REG
  Path Type: max

  Des/Clust/Port     Wire Load Model       Library
  ------------------------------------------------
  DLX                5K_hvratio_1_4        NangateOpenCellLibrary

  Point                                                   Incr       Path
  --------------------------------------------------------------------------
  clock CLK (rise edge)                                 0.0000     0.0000
  clock network delay (ideal)                           0.0500     0.0500
  DP_i_fetch_i_IR_out_reg_28_/CK (DFF_X1)               0.0000     0.0500 r
  DP_i_fetch_i_IR_out_reg_28_/QN (DFF_X1)               0.0813     0.1313 r
  U3920/ZN (NAND3_X1)                                   0.0556     0.1870 f
  U2226/ZN (NOR2_X1)                                    0.0774     0.2644 r
  U3921/ZN (INV_X1)                                     0.0472     0.3116 f
  U3934/ZN (AOI21_X1)                                   0.0673     0.3789 r
  U3935/ZN (AOI21_X1)                                   0.0391     0.4180 f
  U3937/ZN (AOI21_X1)                                   0.0507     0.4687 r
  U5007/CO (FA_X1)                                      0.0808     0.5496 r
  U2670/ZN (NAND2_X1)                                   0.0313     0.5809 f
  U2689/ZN (NAND3_X1)                                   0.0356     0.6165 r
  U3941/ZN (INV_X1)                                     0.0300     0.6465 f
  U3951/ZN (OAI21_X1)                                   0.0483     0.6947 r
  U5031/CO (FA_X1)                                      0.0894     0.7841 r
  U2407/ZN (NAND2_X1)                                   0.0362     0.8203 f
  U2406/ZN (NAND2_X1)                                   0.0308     0.8511 r
  U2622/ZN (AND3_X1)                                    0.0598     0.9109 r
  U2623/ZN (XNOR2_X1)                                   0.0666     0.9775 r
  U2591/ZN (NAND2_X1)                                   0.0331     1.0106 f
  U2590/ZN (NAND2_X1)                                   0.0350     1.0457 r
  U2592/ZN (NAND3_X1)                                   0.0412     1.0869 f
  U1008/ZN (NAND2_X1)                                   0.0528     1.1398 r
  U2583/ZN (NAND2_X1)                                   0.0382     1.1780 f
  U2585/ZN (NAND3_X1)                                   0.0385     1.2165 r
  U2477/ZN (OR2_X1)                                     0.0420     1.2585 r
  U2478/ZN (OAI211_X1)                                  0.0422     1.3007 f
  U5061/ZN (INV_X1)                                     0.0520     1.3527 r
  U2411/Z (XOR2_X1)                                     0.0735     1.4263 r
  U1018/ZN (AND4_X1)                                    0.0645     1.4908 r
  U1169/ZN (AND4_X1)                                    0.0579     1.5487 r
  U1168/ZN (AND2_X1)                                    0.0462     1.5948 r
  U2456/ZN (NAND4_X2)                                   0.0646     1.6594 f
  U2492/ZN (NAND2_X2)                                   0.0668     1.7262 r
  U2460/ZN (AND3_X4)                                    0.1206     1.8468 r
  DP_i_U2962/ZN (AOI22_X1)                              0.0696     1.9164 f
  DP_i_U2963/ZN (OAI211_X1)                             0.0417     1.9581 r
  DP_i_fetch_i_pc_i_Y_reg_26_/D (DFF_X1)                0.0110     1.9691 r
  data arrival time                                                1.9691

  clock CLK (rise edge)                                 2.0000     2.0000
  clock network delay (ideal)                           0.0500     2.0500
  clock uncertainty                                    -0.0500     2.0000
  DP_i_fetch_i_pc_i_Y_reg_26_/CK (DFF_X1)               0.0000     2.0000 r
  library setup time                                   -0.0299     1.9701
  data required time                                               1.9701
  --------------------------------------------------------------------------
  data required time                                               1.9701
  data arrival time                                               -1.9691
  --------------------------------------------------------------------------
  slack (MET)                                                      0.0010


  Startpoint: DP_i_fetch_i_IR_out_reg_28_
              (rising edge-triggered flip-flop clocked by CLK)
  Endpoint: DP_i_fetch_i_pc_i_Y_reg_15_
            (rising edge-triggered flip-flop clocked by CLK)
  Path Group: REG2REG
  Path Type: max

  Des/Clust/Port     Wire Load Model       Library
  ------------------------------------------------
  DLX                5K_hvratio_1_4        NangateOpenCellLibrary

  Point                                                   Incr       Path
  --------------------------------------------------------------------------
  clock CLK (rise edge)                                 0.0000     0.0000
  clock network delay (ideal)                           0.0500     0.0500
  DP_i_fetch_i_IR_out_reg_28_/CK (DFF_X1)               0.0000     0.0500 r
  DP_i_fetch_i_IR_out_reg_28_/QN (DFF_X1)               0.0813     0.1313 r
  U3920/ZN (NAND3_X1)                                   0.0556     0.1870 f
  U2226/ZN (NOR2_X1)                                    0.0774     0.2644 r
  U3921/ZN (INV_X1)                                     0.0472     0.3116 f
  U3934/ZN (AOI21_X1)                                   0.0673     0.3789 r
  U3935/ZN (AOI21_X1)                                   0.0391     0.4180 f
  U3937/ZN (AOI21_X1)                                   0.0507     0.4687 r
  U5007/CO (FA_X1)                                      0.0808     0.5496 r
  U2670/ZN (NAND2_X1)                                   0.0313     0.5809 f
  U2689/ZN (NAND3_X1)                                   0.0356     0.6165 r
  U3941/ZN (INV_X1)                                     0.0300     0.6465 f
  U3951/ZN (OAI21_X1)                                   0.0483     0.6947 r
  U5031/CO (FA_X1)                                      0.0894     0.7841 r
  U2407/ZN (NAND2_X1)                                   0.0362     0.8203 f
  U2406/ZN (NAND2_X1)                                   0.0308     0.8511 r
  U2622/ZN (AND3_X1)                                    0.0598     0.9109 r
  U2623/ZN (XNOR2_X1)                                   0.0666     0.9775 r
  U2591/ZN (NAND2_X1)                                   0.0331     1.0106 f
  U2590/ZN (NAND2_X1)                                   0.0350     1.0457 r
  U2592/ZN (NAND3_X1)                                   0.0412     1.0869 f
  U1008/ZN (NAND2_X1)                                   0.0528     1.1398 r
  U2583/ZN (NAND2_X1)                                   0.0382     1.1780 f
  U2585/ZN (NAND3_X1)                                   0.0385     1.2165 r
  U2477/ZN (OR2_X1)                                     0.0420     1.2585 r
  U2478/ZN (OAI211_X1)                                  0.0422     1.3007 f
  U5061/ZN (INV_X1)                                     0.0520     1.3527 r
  U2411/Z (XOR2_X1)                                     0.0735     1.4263 r
  U1018/ZN (AND4_X1)                                    0.0645     1.4908 r
  U1169/ZN (AND4_X1)                                    0.0579     1.5487 r
  U1168/ZN (AND2_X1)                                    0.0462     1.5948 r
  U2456/ZN (NAND4_X2)                                   0.0646     1.6594 f
  U2492/ZN (NAND2_X2)                                   0.0668     1.7262 r
  U2460/ZN (AND3_X4)                                    0.1206     1.8468 r
  DP_i_U3017/ZN (AOI22_X1)                              0.0696     1.9164 f
  DP_i_U3018/ZN (OAI211_X1)                             0.0417     1.9581 r
  DP_i_fetch_i_pc_i_Y_reg_15_/D (DFF_X1)                0.0110     1.9691 r
  data arrival time                                                1.9691

  clock CLK (rise edge)                                 2.0000     2.0000
  clock network delay (ideal)                           0.0500     2.0500
  clock uncertainty                                    -0.0500     2.0000
  DP_i_fetch_i_pc_i_Y_reg_15_/CK (DFF_X1)               0.0000     2.0000 r
  library setup time                                   -0.0299     1.9701
  data required time                                               1.9701
  --------------------------------------------------------------------------
  data required time                                               1.9701
  data arrival time                                               -1.9691
  --------------------------------------------------------------------------
  slack (MET)                                                      0.0010


  Startpoint: DP_i_fetch_i_IR_out_reg_28_
              (rising edge-triggered flip-flop clocked by CLK)
  Endpoint: DP_i_fetch_i_pc_i_Y_reg_1_
            (rising edge-triggered flip-flop clocked by CLK)
  Path Group: REG2REG
  Path Type: max

  Des/Clust/Port     Wire Load Model       Library
  ------------------------------------------------
  DLX                5K_hvratio_1_4        NangateOpenCellLibrary

  Point                                                   Incr       Path
  --------------------------------------------------------------------------
  clock CLK (rise edge)                                 0.0000     0.0000
  clock network delay (ideal)                           0.0500     0.0500
  DP_i_fetch_i_IR_out_reg_28_/CK (DFF_X1)               0.0000     0.0500 r
  DP_i_fetch_i_IR_out_reg_28_/QN (DFF_X1)               0.0813     0.1313 r
  U3920/ZN (NAND3_X1)                                   0.0556     0.1870 f
  U2226/ZN (NOR2_X1)                                    0.0774     0.2644 r
  U3921/ZN (INV_X1)                                     0.0472     0.3116 f
  U3934/ZN (AOI21_X1)                                   0.0673     0.3789 r
  U3935/ZN (AOI21_X1)                                   0.0391     0.4180 f
  U3937/ZN (AOI21_X1)                                   0.0507     0.4687 r
  U5007/CO (FA_X1)                                      0.0808     0.5496 r
  U2670/ZN (NAND2_X1)                                   0.0313     0.5809 f
  U2689/ZN (NAND3_X1)                                   0.0356     0.6165 r
  U3941/ZN (INV_X1)                                     0.0300     0.6465 f
  U3951/ZN (OAI21_X1)                                   0.0483     0.6947 r
  U5031/CO (FA_X1)                                      0.0894     0.7841 r
  U2407/ZN (NAND2_X1)                                   0.0362     0.8203 f
  U2406/ZN (NAND2_X1)                                   0.0308     0.8511 r
  U2622/ZN (AND3_X1)                                    0.0598     0.9109 r
  U2623/ZN (XNOR2_X1)                                   0.0666     0.9775 r
  U2591/ZN (NAND2_X1)                                   0.0331     1.0106 f
  U2590/ZN (NAND2_X1)                                   0.0350     1.0457 r
  U2592/ZN (NAND3_X1)                                   0.0412     1.0869 f
  U1008/ZN (NAND2_X1)                                   0.0528     1.1398 r
  U2583/ZN (NAND2_X1)                                   0.0382     1.1780 f
  U2585/ZN (NAND3_X1)                                   0.0385     1.2165 r
  U2477/ZN (OR2_X1)                                     0.0420     1.2585 r
  U2478/ZN (OAI211_X1)                                  0.0422     1.3007 f
  U5061/ZN (INV_X1)                                     0.0520     1.3527 r
  U2411/Z (XOR2_X1)                                     0.0735     1.4263 r
  U1018/ZN (AND4_X1)                                    0.0645     1.4908 r
  U1169/ZN (AND4_X1)                                    0.0579     1.5487 r
  U1168/ZN (AND2_X1)                                    0.0462     1.5948 r
  U2456/ZN (NAND4_X2)                                   0.0646     1.6594 f
  U2492/ZN (NAND2_X2)                                   0.0668     1.7262 r
  U2460/ZN (AND3_X4)                                    0.1206     1.8468 r
  DP_i_U3089/ZN (AOI22_X1)                              0.0696     1.9164 f
  DP_i_U3090/ZN (OAI211_X1)                             0.0417     1.9581 r
  DP_i_fetch_i_pc_i_Y_reg_1_/D (DFF_X1)                 0.0110     1.9691 r
  data arrival time                                                1.9691

  clock CLK (rise edge)                                 2.0000     2.0000
  clock network delay (ideal)                           0.0500     2.0500
  clock uncertainty                                    -0.0500     2.0000
  DP_i_fetch_i_pc_i_Y_reg_1_/CK (DFF_X1)                0.0000     2.0000 r
  library setup time                                   -0.0298     1.9702
  data required time                                               1.9702
  --------------------------------------------------------------------------
  data required time                                               1.9702
  data arrival time                                               -1.9691
  --------------------------------------------------------------------------
  slack (MET)                                                      0.0011


  Startpoint: DP_i_fetch_i_IR_out_reg_28_
              (rising edge-triggered flip-flop clocked by CLK)
  Endpoint: DP_i_fetch_i_pc_i_Y_reg_0_
            (rising edge-triggered flip-flop clocked by CLK)
  Path Group: REG2REG
  Path Type: max

  Des/Clust/Port     Wire Load Model       Library
  ------------------------------------------------
  DLX                5K_hvratio_1_4        NangateOpenCellLibrary

  Point                                                   Incr       Path
  --------------------------------------------------------------------------
  clock CLK (rise edge)                                 0.0000     0.0000
  clock network delay (ideal)                           0.0500     0.0500
  DP_i_fetch_i_IR_out_reg_28_/CK (DFF_X1)               0.0000     0.0500 r
  DP_i_fetch_i_IR_out_reg_28_/QN (DFF_X1)               0.0813     0.1313 r
  U3920/ZN (NAND3_X1)                                   0.0556     0.1870 f
  U2226/ZN (NOR2_X1)                                    0.0774     0.2644 r
  U3921/ZN (INV_X1)                                     0.0472     0.3116 f
  U3934/ZN (AOI21_X1)                                   0.0673     0.3789 r
  U3935/ZN (AOI21_X1)                                   0.0391     0.4180 f
  U3937/ZN (AOI21_X1)                                   0.0507     0.4687 r
  U5007/CO (FA_X1)                                      0.0808     0.5496 r
  U2670/ZN (NAND2_X1)                                   0.0313     0.5809 f
  U2689/ZN (NAND3_X1)                                   0.0356     0.6165 r
  U3941/ZN (INV_X1)                                     0.0300     0.6465 f
  U3951/ZN (OAI21_X1)                                   0.0483     0.6947 r
  U5031/CO (FA_X1)                                      0.0894     0.7841 r
  U2407/ZN (NAND2_X1)                                   0.0362     0.8203 f
  U2406/ZN (NAND2_X1)                                   0.0308     0.8511 r
  U2622/ZN (AND3_X1)                                    0.0598     0.9109 r
  U2623/ZN (XNOR2_X1)                                   0.0666     0.9775 r
  U2591/ZN (NAND2_X1)                                   0.0331     1.0106 f
  U2590/ZN (NAND2_X1)                                   0.0350     1.0457 r
  U2592/ZN (NAND3_X1)                                   0.0412     1.0869 f
  U1008/ZN (NAND2_X1)                                   0.0528     1.1398 r
  U2583/ZN (NAND2_X1)                                   0.0382     1.1780 f
  U2585/ZN (NAND3_X1)                                   0.0385     1.2165 r
  U2477/ZN (OR2_X1)                                     0.0420     1.2585 r
  U2478/ZN (OAI211_X1)                                  0.0422     1.3007 f
  U5061/ZN (INV_X1)                                     0.0520     1.3527 r
  U2411/Z (XOR2_X1)                                     0.0735     1.4263 r
  U1018/ZN (AND4_X1)                                    0.0645     1.4908 r
  U1169/ZN (AND4_X1)                                    0.0579     1.5487 r
  U1168/ZN (AND2_X1)                                    0.0462     1.5948 r
  U2456/ZN (NAND4_X2)                                   0.0646     1.6594 f
  U2492/ZN (NAND2_X2)                                   0.0668     1.7262 r
  U2460/ZN (AND3_X4)                                    0.1206     1.8468 r
  DP_i_U3096/ZN (AOI22_X1)                              0.0696     1.9164 f
  DP_i_U3097/ZN (OAI211_X1)                             0.0417     1.9581 r
  DP_i_fetch_i_pc_i_Y_reg_0_/D (DFF_X1)                 0.0110     1.9691 r
  data arrival time                                                1.9691

  clock CLK (rise edge)                                 2.0000     2.0000
  clock network delay (ideal)                           0.0500     2.0500
  clock uncertainty                                    -0.0500     2.0000
  DP_i_fetch_i_pc_i_Y_reg_0_/CK (DFF_X1)                0.0000     2.0000 r
  library setup time                                   -0.0298     1.9702
  data required time                                               1.9702
  --------------------------------------------------------------------------
  data required time                                               1.9702
  data arrival time                                               -1.9691
  --------------------------------------------------------------------------
  slack (MET)                                                      0.0011


  Startpoint: DP_i_fetch_i_IR_out_reg_28_
              (rising edge-triggered flip-flop clocked by CLK)
  Endpoint: DP_i_fetch_i_pc_i_Y_reg_2_
            (rising edge-triggered flip-flop clocked by CLK)
  Path Group: REG2REG
  Path Type: max

  Des/Clust/Port     Wire Load Model       Library
  ------------------------------------------------
  DLX                5K_hvratio_1_4        NangateOpenCellLibrary

  Point                                                   Incr       Path
  --------------------------------------------------------------------------
  clock CLK (rise edge)                                 0.0000     0.0000
  clock network delay (ideal)                           0.0500     0.0500
  DP_i_fetch_i_IR_out_reg_28_/CK (DFF_X1)               0.0000     0.0500 r
  DP_i_fetch_i_IR_out_reg_28_/QN (DFF_X1)               0.0813     0.1313 r
  U3920/ZN (NAND3_X1)                                   0.0556     0.1870 f
  U2226/ZN (NOR2_X1)                                    0.0774     0.2644 r
  U3921/ZN (INV_X1)                                     0.0472     0.3116 f
  U3934/ZN (AOI21_X1)                                   0.0673     0.3789 r
  U3935/ZN (AOI21_X1)                                   0.0391     0.4180 f
  U3937/ZN (AOI21_X1)                                   0.0507     0.4687 r
  U5007/CO (FA_X1)                                      0.0808     0.5496 r
  U2670/ZN (NAND2_X1)                                   0.0313     0.5809 f
  U2689/ZN (NAND3_X1)                                   0.0356     0.6165 r
  U3941/ZN (INV_X1)                                     0.0300     0.6465 f
  U3951/ZN (OAI21_X1)                                   0.0483     0.6947 r
  U5031/CO (FA_X1)                                      0.0894     0.7841 r
  U2407/ZN (NAND2_X1)                                   0.0362     0.8203 f
  U2406/ZN (NAND2_X1)                                   0.0308     0.8511 r
  U2622/ZN (AND3_X1)                                    0.0598     0.9109 r
  U2623/ZN (XNOR2_X1)                                   0.0666     0.9775 r
  U2591/ZN (NAND2_X1)                                   0.0331     1.0106 f
  U2590/ZN (NAND2_X1)                                   0.0350     1.0457 r
  U2592/ZN (NAND3_X1)                                   0.0412     1.0869 f
  U1008/ZN (NAND2_X1)                                   0.0528     1.1398 r
  U2583/ZN (NAND2_X1)                                   0.0382     1.1780 f
  U2585/ZN (NAND3_X1)                                   0.0385     1.2165 r
  U2477/ZN (OR2_X1)                                     0.0420     1.2585 r
  U2478/ZN (OAI211_X1)                                  0.0422     1.3007 f
  U5061/ZN (INV_X1)                                     0.0520     1.3527 r
  U2411/Z (XOR2_X1)                                     0.0735     1.4263 r
  U1018/ZN (AND4_X1)                                    0.0645     1.4908 r
  U1169/ZN (AND4_X1)                                    0.0579     1.5487 r
  U1168/ZN (AND2_X1)                                    0.0462     1.5948 r
  U2456/ZN (NAND4_X2)                                   0.0646     1.6594 f
  U2492/ZN (NAND2_X2)                                   0.0668     1.7262 r
  U2460/ZN (AND3_X4)                                    0.1206     1.8468 r
  DP_i_U3082/ZN (AOI22_X1)                              0.0696     1.9164 f
  DP_i_U3083/ZN (OAI211_X1)                             0.0417     1.9581 r
  DP_i_fetch_i_pc_i_Y_reg_2_/D (DFF_X1)                 0.0110     1.9691 r
  data arrival time                                                1.9691

  clock CLK (rise edge)                                 2.0000     2.0000
  clock network delay (ideal)                           0.0500     2.0500
  clock uncertainty                                    -0.0500     2.0000
  DP_i_fetch_i_pc_i_Y_reg_2_/CK (DFF_X1)                0.0000     2.0000 r
  library setup time                                   -0.0298     1.9702
  data required time                                               1.9702
  --------------------------------------------------------------------------
  data required time                                               1.9702
  data arrival time                                               -1.9691
  --------------------------------------------------------------------------
  slack (MET)                                                      0.0011


  Startpoint: DP_i_fetch_i_IR_out_reg_28_
              (rising edge-triggered flip-flop clocked by CLK)
  Endpoint: DP_i_fetch_i_pc_i_Y_reg_3_
            (rising edge-triggered flip-flop clocked by CLK)
  Path Group: REG2REG
  Path Type: max

  Des/Clust/Port     Wire Load Model       Library
  ------------------------------------------------
  DLX                5K_hvratio_1_4        NangateOpenCellLibrary

  Point                                                   Incr       Path
  --------------------------------------------------------------------------
  clock CLK (rise edge)                                 0.0000     0.0000
  clock network delay (ideal)                           0.0500     0.0500
  DP_i_fetch_i_IR_out_reg_28_/CK (DFF_X1)               0.0000     0.0500 r
  DP_i_fetch_i_IR_out_reg_28_/QN (DFF_X1)               0.0813     0.1313 r
  U3920/ZN (NAND3_X1)                                   0.0556     0.1870 f
  U2226/ZN (NOR2_X1)                                    0.0774     0.2644 r
  U3921/ZN (INV_X1)                                     0.0472     0.3116 f
  U3934/ZN (AOI21_X1)                                   0.0673     0.3789 r
  U3935/ZN (AOI21_X1)                                   0.0391     0.4180 f
  U3937/ZN (AOI21_X1)                                   0.0507     0.4687 r
  U5007/CO (FA_X1)                                      0.0808     0.5496 r
  U2670/ZN (NAND2_X1)                                   0.0313     0.5809 f
  U2689/ZN (NAND3_X1)                                   0.0356     0.6165 r
  U3941/ZN (INV_X1)                                     0.0300     0.6465 f
  U3951/ZN (OAI21_X1)                                   0.0483     0.6947 r
  U5031/CO (FA_X1)                                      0.0894     0.7841 r
  U2407/ZN (NAND2_X1)                                   0.0362     0.8203 f
  U2406/ZN (NAND2_X1)                                   0.0308     0.8511 r
  U2622/ZN (AND3_X1)                                    0.0598     0.9109 r
  U2623/ZN (XNOR2_X1)                                   0.0666     0.9775 r
  U2591/ZN (NAND2_X1)                                   0.0331     1.0106 f
  U2590/ZN (NAND2_X1)                                   0.0350     1.0457 r
  U2592/ZN (NAND3_X1)                                   0.0412     1.0869 f
  U1008/ZN (NAND2_X1)                                   0.0528     1.1398 r
  U2583/ZN (NAND2_X1)                                   0.0382     1.1780 f
  U2585/ZN (NAND3_X1)                                   0.0385     1.2165 r
  U2477/ZN (OR2_X1)                                     0.0420     1.2585 r
  U2478/ZN (OAI211_X1)                                  0.0422     1.3007 f
  U5061/ZN (INV_X1)                                     0.0520     1.3527 r
  U2411/Z (XOR2_X1)                                     0.0735     1.4263 r
  U1018/ZN (AND4_X1)                                    0.0645     1.4908 r
  U1169/ZN (AND4_X1)                                    0.0579     1.5487 r
  U1168/ZN (AND2_X1)                                    0.0462     1.5948 r
  U2456/ZN (NAND4_X2)                                   0.0646     1.6594 f
  U2492/ZN (NAND2_X2)                                   0.0668     1.7262 r
  U2460/ZN (AND3_X4)                                    0.1206     1.8468 r
  DP_i_U3077/ZN (AOI22_X1)                              0.0696     1.9164 f
  DP_i_U3078/ZN (OAI211_X1)                             0.0417     1.9581 r
  DP_i_fetch_i_pc_i_Y_reg_3_/D (DFF_X1)                 0.0110     1.9691 r
  data arrival time                                                1.9691

  clock CLK (rise edge)                                 2.0000     2.0000
  clock network delay (ideal)                           0.0500     2.0500
  clock uncertainty                                    -0.0500     2.0000
  DP_i_fetch_i_pc_i_Y_reg_3_/CK (DFF_X1)                0.0000     2.0000 r
  library setup time                                   -0.0298     1.9702
  data required time                                               1.9702
  --------------------------------------------------------------------------
  data required time                                               1.9702
  data arrival time                                               -1.9691
  --------------------------------------------------------------------------
  slack (MET)                                                      0.0011


  Startpoint: DP_i_fetch_i_IR_out_reg_28_
              (rising edge-triggered flip-flop clocked by CLK)
  Endpoint: DP_i_fetch_i_pc_i_Y_reg_4_
            (rising edge-triggered flip-flop clocked by CLK)
  Path Group: REG2REG
  Path Type: max

  Des/Clust/Port     Wire Load Model       Library
  ------------------------------------------------
  DLX                5K_hvratio_1_4        NangateOpenCellLibrary

  Point                                                   Incr       Path
  --------------------------------------------------------------------------
  clock CLK (rise edge)                                 0.0000     0.0000
  clock network delay (ideal)                           0.0500     0.0500
  DP_i_fetch_i_IR_out_reg_28_/CK (DFF_X1)               0.0000     0.0500 r
  DP_i_fetch_i_IR_out_reg_28_/QN (DFF_X1)               0.0813     0.1313 r
  U3920/ZN (NAND3_X1)                                   0.0556     0.1870 f
  U2226/ZN (NOR2_X1)                                    0.0774     0.2644 r
  U3921/ZN (INV_X1)                                     0.0472     0.3116 f
  U3934/ZN (AOI21_X1)                                   0.0673     0.3789 r
  U3935/ZN (AOI21_X1)                                   0.0391     0.4180 f
  U3937/ZN (AOI21_X1)                                   0.0507     0.4687 r
  U5007/CO (FA_X1)                                      0.0808     0.5496 r
  U2670/ZN (NAND2_X1)                                   0.0313     0.5809 f
  U2689/ZN (NAND3_X1)                                   0.0356     0.6165 r
  U3941/ZN (INV_X1)                                     0.0300     0.6465 f
  U3951/ZN (OAI21_X1)                                   0.0483     0.6947 r
  U5031/CO (FA_X1)                                      0.0894     0.7841 r
  U2407/ZN (NAND2_X1)                                   0.0362     0.8203 f
  U2406/ZN (NAND2_X1)                                   0.0308     0.8511 r
  U2622/ZN (AND3_X1)                                    0.0598     0.9109 r
  U2623/ZN (XNOR2_X1)                                   0.0666     0.9775 r
  U2591/ZN (NAND2_X1)                                   0.0331     1.0106 f
  U2590/ZN (NAND2_X1)                                   0.0350     1.0457 r
  U2592/ZN (NAND3_X1)                                   0.0412     1.0869 f
  U1008/ZN (NAND2_X1)                                   0.0528     1.1398 r
  U2583/ZN (NAND2_X1)                                   0.0382     1.1780 f
  U2585/ZN (NAND3_X1)                                   0.0385     1.2165 r
  U2477/ZN (OR2_X1)                                     0.0420     1.2585 r
  U2478/ZN (OAI211_X1)                                  0.0422     1.3007 f
  U5061/ZN (INV_X1)                                     0.0520     1.3527 r
  U2411/Z (XOR2_X1)                                     0.0735     1.4263 r
  U1018/ZN (AND4_X1)                                    0.0645     1.4908 r
  U1169/ZN (AND4_X1)                                    0.0579     1.5487 r
  U1168/ZN (AND2_X1)                                    0.0462     1.5948 r
  U2456/ZN (NAND4_X2)                                   0.0646     1.6594 f
  U2492/ZN (NAND2_X2)                                   0.0668     1.7262 r
  U2460/ZN (AND3_X4)                                    0.1206     1.8468 r
  DP_i_U3072/ZN (AOI22_X1)                              0.0696     1.9164 f
  DP_i_U3073/ZN (OAI211_X1)                             0.0417     1.9581 r
  DP_i_fetch_i_pc_i_Y_reg_4_/D (DFF_X1)                 0.0110     1.9691 r
  data arrival time                                                1.9691

  clock CLK (rise edge)                                 2.0000     2.0000
  clock network delay (ideal)                           0.0500     2.0500
  clock uncertainty                                    -0.0500     2.0000
  DP_i_fetch_i_pc_i_Y_reg_4_/CK (DFF_X1)                0.0000     2.0000 r
  library setup time                                   -0.0298     1.9702
  data required time                                               1.9702
  --------------------------------------------------------------------------
  data required time                                               1.9702
  data arrival time                                               -1.9691
  --------------------------------------------------------------------------
  slack (MET)                                                      0.0011


  Startpoint: DP_i_fetch_i_IR_out_reg_28_
              (rising edge-triggered flip-flop clocked by CLK)
  Endpoint: DP_i_fetch_i_pc_i_clk_gate_Y_reg/latch
            (gating element for clock CLK)
  Path Group: CLK
  Path Type: max

  Des/Clust/Port     Wire Load Model       Library
  ------------------------------------------------
  DLX                5K_hvratio_1_4        NangateOpenCellLibrary

  Point                                                   Incr       Path
  --------------------------------------------------------------------------
  clock CLK (rise edge)                                 0.0000     0.0000
  clock network delay (ideal)                           0.0500     0.0500
  DP_i_fetch_i_IR_out_reg_28_/CK (DFF_X1)               0.0000     0.0500 r
  DP_i_fetch_i_IR_out_reg_28_/QN (DFF_X1)               0.0813     0.1313 r
  U3920/ZN (NAND3_X1)                                   0.0556     0.1870 f
  U2226/ZN (NOR2_X1)                                    0.0774     0.2644 r
  U3921/ZN (INV_X1)                                     0.0472     0.3116 f
  U3934/ZN (AOI21_X1)                                   0.0673     0.3789 r
  U3935/ZN (AOI21_X1)                                   0.0391     0.4180 f
  U3937/ZN (AOI21_X1)                                   0.0507     0.4687 r
  U5007/CO (FA_X1)                                      0.0808     0.5496 r
  U2670/ZN (NAND2_X1)                                   0.0313     0.5809 f
  U2689/ZN (NAND3_X1)                                   0.0356     0.6165 r
  U3941/ZN (INV_X1)                                     0.0300     0.6465 f
  U3951/ZN (OAI21_X1)                                   0.0483     0.6947 r
  U5031/CO (FA_X1)                                      0.0894     0.7841 r
  U2407/ZN (NAND2_X1)                                   0.0362     0.8203 f
  U2406/ZN (NAND2_X1)                                   0.0308     0.8511 r
  U2622/ZN (AND3_X1)                                    0.0598     0.9109 r
  U2623/ZN (XNOR2_X1)                                   0.0666     0.9775 r
  U2591/ZN (NAND2_X1)                                   0.0331     1.0106 f
  U2590/ZN (NAND2_X1)                                   0.0350     1.0457 r
  U2592/ZN (NAND3_X1)                                   0.0412     1.0869 f
  U1008/ZN (NAND2_X1)                                   0.0528     1.1398 r
  U2583/ZN (NAND2_X1)                                   0.0382     1.1780 f
  U2585/ZN (NAND3_X1)                                   0.0385     1.2165 r
  U2477/ZN (OR2_X1)                                     0.0420     1.2585 r
  U2478/ZN (OAI211_X1)                                  0.0422     1.3007 f
  U5061/ZN (INV_X1)                                     0.0520     1.3527 r
  U2411/Z (XOR2_X1)                                     0.0735     1.4263 r
  U1018/ZN (AND4_X1)                                    0.0645     1.4908 r
  U1169/ZN (AND4_X1)                                    0.0579     1.5487 r
  U1168/ZN (AND2_X1)                                    0.0462     1.5948 r
  U2456/ZN (NAND4_X2)                                   0.0646     1.6594 f
  U2492/ZN (NAND2_X2)                                   0.0668     1.7262 r
  U2029/ZN (INV_X1)                                     0.0298     1.7560 f
  U2028/ZN (OR4_X1)                                     0.1177     1.8737 f
  DP_i_fetch_i_pc_i_clk_gate_Y_reg/EN (SNPS_CLOCK_GATE_HIGH_data_reg_NBIT30_2_2)
                                                        0.0000     1.8737 f
  DP_i_fetch_i_pc_i_clk_gate_Y_reg/latch/E (CLKGATETST_X1)
                                                        0.0088     1.8825 f
  data arrival time                                                1.8825

  clock CLK (rise edge)                                 2.0000     2.0000
  clock network delay (ideal)                           0.0500     2.0500
  clock uncertainty                                    -0.0500     2.0000
  DP_i_fetch_i_pc_i_clk_gate_Y_reg/latch/CK (CLKGATETST_X1)
                                                        0.0000     2.0000 r
  clock gating setup time                              -0.0663     1.9337
  data required time                                               1.9337
  --------------------------------------------------------------------------
  data required time                                               1.9337
  data arrival time                                               -1.8825
  --------------------------------------------------------------------------
  slack (MET)                                                      0.0512


  Startpoint: DP_i_fetch_i_IR_out_reg_28_
              (rising edge-triggered flip-flop clocked by CLK)
  Endpoint: DP_i_fetch_i_pc_i_clk_gate_Y_reg/latch
            (gating element for clock CLK)
  Path Group: CLK
  Path Type: max

  Des/Clust/Port     Wire Load Model       Library
  ------------------------------------------------
  DLX                5K_hvratio_1_4        NangateOpenCellLibrary

  Point                                                   Incr       Path
  --------------------------------------------------------------------------
  clock CLK (rise edge)                                 0.0000     0.0000
  clock network delay (ideal)                           0.0500     0.0500
  DP_i_fetch_i_IR_out_reg_28_/CK (DFF_X1)               0.0000     0.0500 r
  DP_i_fetch_i_IR_out_reg_28_/QN (DFF_X1)               0.0813     0.1313 r
  U3920/ZN (NAND3_X1)                                   0.0556     0.1870 f
  U2226/ZN (NOR2_X1)                                    0.0774     0.2644 r
  U3921/ZN (INV_X1)                                     0.0472     0.3116 f
  U3934/ZN (AOI21_X1)                                   0.0673     0.3789 r
  U3935/ZN (AOI21_X1)                                   0.0379     0.4167 f
  U3937/ZN (AOI21_X1)                                   0.0507     0.4675 r
  U5007/CO (FA_X1)                                      0.0808     0.5483 r
  U2670/ZN (NAND2_X1)                                   0.0313     0.5796 f
  U2689/ZN (NAND3_X1)                                   0.0356     0.6152 r
  U3941/ZN (INV_X1)                                     0.0300     0.6452 f
  U3951/ZN (OAI21_X1)                                   0.0483     0.6935 r
  U5031/CO (FA_X1)                                      0.0894     0.7829 r
  U2407/ZN (NAND2_X1)                                   0.0362     0.8190 f
  U2406/ZN (NAND2_X1)                                   0.0308     0.8498 r
  U2622/ZN (AND3_X1)                                    0.0598     0.9097 r
  U2623/ZN (XNOR2_X1)                                   0.0666     0.9762 r
  U2591/ZN (NAND2_X1)                                   0.0331     1.0094 f
  U2590/ZN (NAND2_X1)                                   0.0350     1.0444 r
  U2592/ZN (NAND3_X1)                                   0.0412     1.0857 f
  U1008/ZN (NAND2_X1)                                   0.0528     1.1385 r
  U2583/ZN (NAND2_X1)                                   0.0382     1.1767 f
  U2585/ZN (NAND3_X1)                                   0.0385     1.2152 r
  U2477/ZN (OR2_X1)                                     0.0420     1.2573 r
  U2478/ZN (OAI211_X1)                                  0.0422     1.2995 f
  U5061/ZN (INV_X1)                                     0.0520     1.3515 r
  U2411/Z (XOR2_X1)                                     0.0735     1.4250 r
  U1018/ZN (AND4_X1)                                    0.0645     1.4895 r
  U1169/ZN (AND4_X1)                                    0.0579     1.5474 r
  U1168/ZN (AND2_X1)                                    0.0462     1.5936 r
  U2456/ZN (NAND4_X2)                                   0.0646     1.6582 f
  U2492/ZN (NAND2_X2)                                   0.0668     1.7249 r
  U2029/ZN (INV_X1)                                     0.0298     1.7547 f
  U2028/ZN (OR4_X1)                                     0.1177     1.8725 f
  DP_i_fetch_i_pc_i_clk_gate_Y_reg/EN (SNPS_CLOCK_GATE_HIGH_data_reg_NBIT30_2_2)
                                                        0.0000     1.8725 f
  DP_i_fetch_i_pc_i_clk_gate_Y_reg/latch/E (CLKGATETST_X1)
                                                        0.0088     1.8813 f
  data arrival time                                                1.8813

  clock CLK (rise edge)                                 2.0000     2.0000
  clock network delay (ideal)                           0.0500     2.0500
  clock uncertainty                                    -0.0500     2.0000
  DP_i_fetch_i_pc_i_clk_gate_Y_reg/latch/CK (CLKGATETST_X1)
                                                        0.0000     2.0000 r
  clock gating setup time                              -0.0663     1.9337
  data required time                                               1.9337
  --------------------------------------------------------------------------
  data required time                                               1.9337
  data arrival time                                               -1.8813
  --------------------------------------------------------------------------
  slack (MET)                                                      0.0524


  Startpoint: DP_i_mem_access_i_rd_out_reg_i_Y_reg_4_
              (rising edge-triggered flip-flop clocked by CLK)
  Endpoint: DP_i_fetch_i_btb_i_clk_gate_btb_table_reg_9__PC_/latch
            (gating element for clock CLK)
  Path Group: CLK
  Path Type: max

  Des/Clust/Port     Wire Load Model       Library
  ------------------------------------------------
  DLX                5K_hvratio_1_4        NangateOpenCellLibrary

  Point                                                   Incr       Path
  --------------------------------------------------------------------------
  clock CLK (rise edge)                                 0.0000     0.0000
  clock network delay (ideal)                           0.0500     0.0500
  DP_i_mem_access_i_rd_out_reg_i_Y_reg_4_/CK (DFF_X1)   0.0000     0.0500 r
  DP_i_mem_access_i_rd_out_reg_i_Y_reg_4_/Q (DFF_X1)    0.1176     0.1676 r
  U3984/ZN (XNOR2_X1)                                   0.0670     0.2347 r
  U1491/ZN (AND2_X1)                                    0.0421     0.2768 r
  U1489/ZN (AND4_X1)                                    0.0859     0.3626 r
  U3993/ZN (NOR2_X1)                                    0.0373     0.3999 f
  U949/ZN (NAND2_X1)                                    0.0705     0.4705 r
  U4008/ZN (NOR2_X1)                                    0.0615     0.5320 f
  U932/Z (BUF_X1)                                       0.0912     0.6232 f
  U4894/ZN (AOI22_X1)                                   0.0950     0.7182 r
  U4896/ZN (NAND4_X1)                                   0.0457     0.7639 f
  U794/ZN (OR4_X1)                                      0.1231     0.8870 f
  U5071/ZN (NAND2_X1)                                   0.0380     0.9250 r
  U2729/ZN (AND2_X1)                                    0.0487     0.9738 r
  U2728/ZN (AOI21_X1)                                   0.0412     1.0149 f
  U2418/Z (BUF_X2)                                      0.0597     1.0746 f
  U2667/ZN (NOR2_X2)                                    0.1429     1.2175 r
  U6224/ZN (NOR3_X1)                                    0.0486     1.2661 f
  U6225/ZN (AOI21_X1)                                   0.0579     1.3240 r
  U6227/ZN (OAI22_X1)                                   0.0379     1.3619 f
  U6230/ZN (OAI211_X1)                                  0.0523     1.4142 r
  U2643/ZN (NAND2_X1)                                   0.0361     1.4503 f
  U2641/ZN (NAND4_X1)                                   0.0422     1.4925 r
  U1238/ZN (AND3_X1)                                    0.0697     1.5621 r
  U1845/ZN (INV_X1)                                     0.0300     1.5922 f
  U1844/ZN (NAND2_X1)                                   0.0454     1.6375 r
  U2579/ZN (AND4_X1)                                    0.1025     1.7400 r
  DP_i_fetch_i_btb_i_U1224/ZN (NAND2_X1)                0.0587     1.7987 f
  DP_i_fetch_i_btb_i_U1228/ZN (NOR2_X1)                 0.0529     1.8515 r
  DP_i_fetch_i_btb_i_clk_gate_btb_table_reg_9__PC_/EN (SNPS_CLOCK_GATE_HIGH_BTB_NBIT32_BTB_DEPTH16_BTB_INDEX_MSB5_15)
                                                        0.0000     1.8515 r
  DP_i_fetch_i_btb_i_clk_gate_btb_table_reg_9__PC_/latch/E (CLKGATETST_X1)
                                                        0.0091     1.8606 r
  data arrival time                                                1.8606

  clock CLK (rise edge)                                 2.0000     2.0000
  clock network delay (ideal)                           0.0500     2.0500
  clock uncertainty                                    -0.0500     2.0000
  DP_i_fetch_i_btb_i_clk_gate_btb_table_reg_9__PC_/latch/CK (CLKGATETST_X1)
                                                        0.0000     2.0000 r
  clock gating setup time                              -0.0753     1.9247
  data required time                                               1.9247
  --------------------------------------------------------------------------
  data required time                                               1.9247
  data arrival time                                               -1.8606
  --------------------------------------------------------------------------
  slack (MET)                                                      0.0641


  Startpoint: DP_i_mem_access_i_rd_out_reg_i_Y_reg_4_
              (rising edge-triggered flip-flop clocked by CLK)
  Endpoint: DP_i_fetch_i_btb_i_clk_gate_btb_table_reg_11__PC_/latch
            (gating element for clock CLK)
  Path Group: CLK
  Path Type: max

  Des/Clust/Port     Wire Load Model       Library
  ------------------------------------------------
  DLX                5K_hvratio_1_4        NangateOpenCellLibrary

  Point                                                   Incr       Path
  --------------------------------------------------------------------------
  clock CLK (rise edge)                                 0.0000     0.0000
  clock network delay (ideal)                           0.0500     0.0500
  DP_i_mem_access_i_rd_out_reg_i_Y_reg_4_/CK (DFF_X1)   0.0000     0.0500 r
  DP_i_mem_access_i_rd_out_reg_i_Y_reg_4_/Q (DFF_X1)    0.1176     0.1676 r
  U3984/ZN (XNOR2_X1)                                   0.0670     0.2347 r
  U1491/ZN (AND2_X1)                                    0.0421     0.2768 r
  U1489/ZN (AND4_X1)                                    0.0859     0.3626 r
  U3993/ZN (NOR2_X1)                                    0.0373     0.3999 f
  U949/ZN (NAND2_X1)                                    0.0705     0.4705 r
  U4008/ZN (NOR2_X1)                                    0.0615     0.5320 f
  U932/Z (BUF_X1)                                       0.0912     0.6232 f
  U4894/ZN (AOI22_X1)                                   0.0950     0.7182 r
  U4896/ZN (NAND4_X1)                                   0.0457     0.7639 f
  U794/ZN (OR4_X1)                                      0.1231     0.8870 f
  U5071/ZN (NAND2_X1)                                   0.0380     0.9250 r
  U2729/ZN (AND2_X1)                                    0.0487     0.9738 r
  U2728/ZN (AOI21_X1)                                   0.0412     1.0149 f
  U2418/Z (BUF_X2)                                      0.0597     1.0746 f
  U2667/ZN (NOR2_X2)                                    0.1429     1.2175 r
  U6224/ZN (NOR3_X1)                                    0.0486     1.2661 f
  U6225/ZN (AOI21_X1)                                   0.0579     1.3240 r
  U6227/ZN (OAI22_X1)                                   0.0379     1.3619 f
  U6230/ZN (OAI211_X1)                                  0.0523     1.4142 r
  U2643/ZN (NAND2_X1)                                   0.0361     1.4503 f
  U2641/ZN (NAND4_X1)                                   0.0422     1.4925 r
  U1238/ZN (AND3_X1)                                    0.0697     1.5621 r
  U1845/ZN (INV_X1)                                     0.0300     1.5922 f
  U1844/ZN (NAND2_X1)                                   0.0454     1.6375 r
  U2579/ZN (AND4_X1)                                    0.1025     1.7400 r
  DP_i_fetch_i_btb_i_U1224/ZN (NAND2_X1)                0.0587     1.7987 f
  DP_i_fetch_i_btb_i_U1232/ZN (NOR2_X1)                 0.0529     1.8515 r
  DP_i_fetch_i_btb_i_clk_gate_btb_table_reg_11__PC_/EN (SNPS_CLOCK_GATE_HIGH_BTB_NBIT32_BTB_DEPTH16_BTB_INDEX_MSB5_11)
                                                        0.0000     1.8515 r
  DP_i_fetch_i_btb_i_clk_gate_btb_table_reg_11__PC_/latch/E (CLKGATETST_X1)
                                                        0.0091     1.8606 r
  data arrival time                                                1.8606

  clock CLK (rise edge)                                 2.0000     2.0000
  clock network delay (ideal)                           0.0500     2.0500
  clock uncertainty                                    -0.0500     2.0000
  DP_i_fetch_i_btb_i_clk_gate_btb_table_reg_11__PC_/latch/CK (CLKGATETST_X1)
                                                        0.0000     2.0000 r
  clock gating setup time                              -0.0753     1.9247
  data required time                                               1.9247
  --------------------------------------------------------------------------
  data required time                                               1.9247
  data arrival time                                               -1.8606
  --------------------------------------------------------------------------
  slack (MET)                                                      0.0641


  Startpoint: DP_i_mem_access_i_rd_out_reg_i_Y_reg_4_
              (rising edge-triggered flip-flop clocked by CLK)
  Endpoint: DP_i_fetch_i_btb_i_clk_gate_btb_table_reg_5__PC_/latch
            (gating element for clock CLK)
  Path Group: CLK
  Path Type: max

  Des/Clust/Port     Wire Load Model       Library
  ------------------------------------------------
  DLX                5K_hvratio_1_4        NangateOpenCellLibrary

  Point                                                   Incr       Path
  --------------------------------------------------------------------------
  clock CLK (rise edge)                                 0.0000     0.0000
  clock network delay (ideal)                           0.0500     0.0500
  DP_i_mem_access_i_rd_out_reg_i_Y_reg_4_/CK (DFF_X1)   0.0000     0.0500 r
  DP_i_mem_access_i_rd_out_reg_i_Y_reg_4_/Q (DFF_X1)    0.1176     0.1676 r
  U3984/ZN (XNOR2_X1)                                   0.0670     0.2347 r
  U1491/ZN (AND2_X1)                                    0.0421     0.2768 r
  U1489/ZN (AND4_X1)                                    0.0859     0.3626 r
  U3993/ZN (NOR2_X1)                                    0.0373     0.3999 f
  U949/ZN (NAND2_X1)                                    0.0705     0.4705 r
  U4008/ZN (NOR2_X1)                                    0.0615     0.5320 f
  U932/Z (BUF_X1)                                       0.0912     0.6232 f
  U4894/ZN (AOI22_X1)                                   0.0950     0.7182 r
  U4896/ZN (NAND4_X1)                                   0.0457     0.7639 f
  U794/ZN (OR4_X1)                                      0.1231     0.8870 f
  U5071/ZN (NAND2_X1)                                   0.0380     0.9250 r
  U2729/ZN (AND2_X1)                                    0.0487     0.9738 r
  U2728/ZN (AOI21_X1)                                   0.0412     1.0149 f
  U2418/Z (BUF_X2)                                      0.0597     1.0746 f
  U2667/ZN (NOR2_X2)                                    0.1429     1.2175 r
  U6224/ZN (NOR3_X1)                                    0.0486     1.2661 f
  U6225/ZN (AOI21_X1)                                   0.0579     1.3240 r
  U6227/ZN (OAI22_X1)                                   0.0379     1.3619 f
  U6230/ZN (OAI211_X1)                                  0.0523     1.4142 r
  U2643/ZN (NAND2_X1)                                   0.0361     1.4503 f
  U2641/ZN (NAND4_X1)                                   0.0422     1.4925 r
  U1238/ZN (AND3_X1)                                    0.0697     1.5621 r
  U1845/ZN (INV_X1)                                     0.0300     1.5922 f
  U1844/ZN (NAND2_X1)                                   0.0454     1.6375 r
  U2579/ZN (AND4_X1)                                    0.1025     1.7400 r
  DP_i_fetch_i_btb_i_U1214/ZN (NAND2_X1)                0.0587     1.7987 f
  DP_i_fetch_i_btb_i_U1218/ZN (NOR2_X1)                 0.0528     1.8515 r
  DP_i_fetch_i_btb_i_clk_gate_btb_table_reg_5__PC_/EN (SNPS_CLOCK_GATE_HIGH_BTB_NBIT32_BTB_DEPTH16_BTB_INDEX_MSB5_23)
                                                        0.0000     1.8515 r
  DP_i_fetch_i_btb_i_clk_gate_btb_table_reg_5__PC_/latch/E (CLKGATETST_X1)
                                                        0.0091     1.8606 r
  data arrival time                                                1.8606

  clock CLK (rise edge)                                 2.0000     2.0000
  clock network delay (ideal)                           0.0500     2.0500
  clock uncertainty                                    -0.0500     2.0000
  DP_i_fetch_i_btb_i_clk_gate_btb_table_reg_5__PC_/latch/CK (CLKGATETST_X1)
                                                        0.0000     2.0000 r
  clock gating setup time                              -0.0753     1.9247
  data required time                                               1.9247
  --------------------------------------------------------------------------
  data required time                                               1.9247
  data arrival time                                               -1.8606
  --------------------------------------------------------------------------
  slack (MET)                                                      0.0641


  Startpoint: DP_i_mem_access_i_rd_out_reg_i_Y_reg_4_
              (rising edge-triggered flip-flop clocked by CLK)
  Endpoint: DP_i_fetch_i_btb_i_clk_gate_btb_table_reg_7__PC_/latch
            (gating element for clock CLK)
  Path Group: CLK
  Path Type: max

  Des/Clust/Port     Wire Load Model       Library
  ------------------------------------------------
  DLX                5K_hvratio_1_4        NangateOpenCellLibrary

  Point                                                   Incr       Path
  --------------------------------------------------------------------------
  clock CLK (rise edge)                                 0.0000     0.0000
  clock network delay (ideal)                           0.0500     0.0500
  DP_i_mem_access_i_rd_out_reg_i_Y_reg_4_/CK (DFF_X1)   0.0000     0.0500 r
  DP_i_mem_access_i_rd_out_reg_i_Y_reg_4_/Q (DFF_X1)    0.1176     0.1676 r
  U3984/ZN (XNOR2_X1)                                   0.0670     0.2347 r
  U1491/ZN (AND2_X1)                                    0.0421     0.2768 r
  U1489/ZN (AND4_X1)                                    0.0859     0.3626 r
  U3993/ZN (NOR2_X1)                                    0.0373     0.3999 f
  U949/ZN (NAND2_X1)                                    0.0705     0.4705 r
  U4008/ZN (NOR2_X1)                                    0.0615     0.5320 f
  U932/Z (BUF_X1)                                       0.0912     0.6232 f
  U4894/ZN (AOI22_X1)                                   0.0950     0.7182 r
  U4896/ZN (NAND4_X1)                                   0.0457     0.7639 f
  U794/ZN (OR4_X1)                                      0.1231     0.8870 f
  U5071/ZN (NAND2_X1)                                   0.0380     0.9250 r
  U2729/ZN (AND2_X1)                                    0.0487     0.9738 r
  U2728/ZN (AOI21_X1)                                   0.0412     1.0149 f
  U2418/Z (BUF_X2)                                      0.0597     1.0746 f
  U2667/ZN (NOR2_X2)                                    0.1429     1.2175 r
  U6224/ZN (NOR3_X1)                                    0.0486     1.2661 f
  U6225/ZN (AOI21_X1)                                   0.0579     1.3240 r
  U6227/ZN (OAI22_X1)                                   0.0379     1.3619 f
  U6230/ZN (OAI211_X1)                                  0.0523     1.4142 r
  U2643/ZN (NAND2_X1)                                   0.0361     1.4503 f
  U2641/ZN (NAND4_X1)                                   0.0422     1.4925 r
  U1238/ZN (AND3_X1)                                    0.0697     1.5621 r
  U1845/ZN (INV_X1)                                     0.0300     1.5922 f
  U1844/ZN (NAND2_X1)                                   0.0454     1.6375 r
  U2579/ZN (AND4_X1)                                    0.1025     1.7400 r
  DP_i_fetch_i_btb_i_U1214/ZN (NAND2_X1)                0.0587     1.7987 f
  DP_i_fetch_i_btb_i_U1222/ZN (NOR2_X1)                 0.0528     1.8515 r
  DP_i_fetch_i_btb_i_clk_gate_btb_table_reg_7__PC_/EN (SNPS_CLOCK_GATE_HIGH_BTB_NBIT32_BTB_DEPTH16_BTB_INDEX_MSB5_19)
                                                        0.0000     1.8515 r
  DP_i_fetch_i_btb_i_clk_gate_btb_table_reg_7__PC_/latch/E (CLKGATETST_X1)
                                                        0.0091     1.8606 r
  data arrival time                                                1.8606

  clock CLK (rise edge)                                 2.0000     2.0000
  clock network delay (ideal)                           0.0500     2.0500
  clock uncertainty                                    -0.0500     2.0000
  DP_i_fetch_i_btb_i_clk_gate_btb_table_reg_7__PC_/latch/CK (CLKGATETST_X1)
                                                        0.0000     2.0000 r
  clock gating setup time                              -0.0753     1.9247
  data required time                                               1.9247
  --------------------------------------------------------------------------
  data required time                                               1.9247
  data arrival time                                               -1.8606
  --------------------------------------------------------------------------
  slack (MET)                                                      0.0641


  Startpoint: DP_i_mem_access_i_rd_out_reg_i_Y_reg_4_
              (rising edge-triggered flip-flop clocked by CLK)
  Endpoint: DP_i_fetch_i_btb_i_clk_gate_btb_table_reg_13__PC_/latch
            (gating element for clock CLK)
  Path Group: CLK
  Path Type: max

  Des/Clust/Port     Wire Load Model       Library
  ------------------------------------------------
  DLX                5K_hvratio_1_4        NangateOpenCellLibrary

  Point                                                   Incr       Path
  --------------------------------------------------------------------------
  clock CLK (rise edge)                                 0.0000     0.0000
  clock network delay (ideal)                           0.0500     0.0500
  DP_i_mem_access_i_rd_out_reg_i_Y_reg_4_/CK (DFF_X1)   0.0000     0.0500 r
  DP_i_mem_access_i_rd_out_reg_i_Y_reg_4_/Q (DFF_X1)    0.1176     0.1676 r
  U3984/ZN (XNOR2_X1)                                   0.0670     0.2347 r
  U1491/ZN (AND2_X1)                                    0.0421     0.2768 r
  U1489/ZN (AND4_X1)                                    0.0859     0.3626 r
  U3993/ZN (NOR2_X1)                                    0.0373     0.3999 f
  U949/ZN (NAND2_X1)                                    0.0705     0.4705 r
  U4008/ZN (NOR2_X1)                                    0.0615     0.5320 f
  U932/Z (BUF_X1)                                       0.0912     0.6232 f
  U4894/ZN (AOI22_X1)                                   0.0950     0.7182 r
  U4896/ZN (NAND4_X1)                                   0.0457     0.7639 f
  U794/ZN (OR4_X1)                                      0.1231     0.8870 f
  U5071/ZN (NAND2_X1)                                   0.0380     0.9250 r
  U2729/ZN (AND2_X1)                                    0.0487     0.9738 r
  U2728/ZN (AOI21_X1)                                   0.0412     1.0149 f
  U2418/Z (BUF_X2)                                      0.0597     1.0746 f
  U2667/ZN (NOR2_X2)                                    0.1429     1.2175 r
  U6224/ZN (NOR3_X1)                                    0.0486     1.2661 f
  U6225/ZN (AOI21_X1)                                   0.0579     1.3240 r
  U6227/ZN (OAI22_X1)                                   0.0379     1.3619 f
  U6230/ZN (OAI211_X1)                                  0.0523     1.4142 r
  U2643/ZN (NAND2_X1)                                   0.0361     1.4503 f
  U2641/ZN (NAND4_X1)                                   0.0422     1.4925 r
  U1238/ZN (AND3_X1)                                    0.0697     1.5621 r
  U1845/ZN (INV_X1)                                     0.0300     1.5922 f
  U1844/ZN (NAND2_X1)                                   0.0454     1.6375 r
  U2579/ZN (AND4_X1)                                    0.1025     1.7400 r
  DP_i_fetch_i_btb_i_U1234/ZN (NAND2_X1)                0.0587     1.7987 f
  DP_i_fetch_i_btb_i_U1238/ZN (NOR2_X1)                 0.0528     1.8515 r
  DP_i_fetch_i_btb_i_clk_gate_btb_table_reg_13__PC_/EN (SNPS_CLOCK_GATE_HIGH_BTB_NBIT32_BTB_DEPTH16_BTB_INDEX_MSB5_7)
                                                        0.0000     1.8515 r
  DP_i_fetch_i_btb_i_clk_gate_btb_table_reg_13__PC_/latch/E (CLKGATETST_X1)
                                                        0.0091     1.8606 r
  data arrival time                                                1.8606

  clock CLK (rise edge)                                 2.0000     2.0000
  clock network delay (ideal)                           0.0500     2.0500
  clock uncertainty                                    -0.0500     2.0000
  DP_i_fetch_i_btb_i_clk_gate_btb_table_reg_13__PC_/latch/CK (CLKGATETST_X1)
                                                        0.0000     2.0000 r
  clock gating setup time                              -0.0753     1.9247
  data required time                                               1.9247
  --------------------------------------------------------------------------
  data required time                                               1.9247
  data arrival time                                               -1.8606
  --------------------------------------------------------------------------
  slack (MET)                                                      0.0641


  Startpoint: DP_i_mem_access_i_rd_out_reg_i_Y_reg_4_
              (rising edge-triggered flip-flop clocked by CLK)
  Endpoint: DP_i_fetch_i_btb_i_clk_gate_btb_table_reg_15__PC_/latch
            (gating element for clock CLK)
  Path Group: CLK
  Path Type: max

  Des/Clust/Port     Wire Load Model       Library
  ------------------------------------------------
  DLX                5K_hvratio_1_4        NangateOpenCellLibrary

  Point                                                   Incr       Path
  --------------------------------------------------------------------------
  clock CLK (rise edge)                                 0.0000     0.0000
  clock network delay (ideal)                           0.0500     0.0500
  DP_i_mem_access_i_rd_out_reg_i_Y_reg_4_/CK (DFF_X1)   0.0000     0.0500 r
  DP_i_mem_access_i_rd_out_reg_i_Y_reg_4_/Q (DFF_X1)    0.1176     0.1676 r
  U3984/ZN (XNOR2_X1)                                   0.0670     0.2347 r
  U1491/ZN (AND2_X1)                                    0.0421     0.2768 r
  U1489/ZN (AND4_X1)                                    0.0859     0.3626 r
  U3993/ZN (NOR2_X1)                                    0.0373     0.3999 f
  U949/ZN (NAND2_X1)                                    0.0705     0.4705 r
  U4008/ZN (NOR2_X1)                                    0.0615     0.5320 f
  U932/Z (BUF_X1)                                       0.0912     0.6232 f
  U4894/ZN (AOI22_X1)                                   0.0950     0.7182 r
  U4896/ZN (NAND4_X1)                                   0.0457     0.7639 f
  U794/ZN (OR4_X1)                                      0.1231     0.8870 f
  U5071/ZN (NAND2_X1)                                   0.0380     0.9250 r
  U2729/ZN (AND2_X1)                                    0.0487     0.9738 r
  U2728/ZN (AOI21_X1)                                   0.0412     1.0149 f
  U2418/Z (BUF_X2)                                      0.0597     1.0746 f
  U2667/ZN (NOR2_X2)                                    0.1429     1.2175 r
  U6224/ZN (NOR3_X1)                                    0.0486     1.2661 f
  U6225/ZN (AOI21_X1)                                   0.0579     1.3240 r
  U6227/ZN (OAI22_X1)                                   0.0379     1.3619 f
  U6230/ZN (OAI211_X1)                                  0.0523     1.4142 r
  U2643/ZN (NAND2_X1)                                   0.0361     1.4503 f
  U2641/ZN (NAND4_X1)                                   0.0422     1.4925 r
  U1238/ZN (AND3_X1)                                    0.0697     1.5621 r
  U1845/ZN (INV_X1)                                     0.0300     1.5922 f
  U1844/ZN (NAND2_X1)                                   0.0454     1.6375 r
  U2579/ZN (AND4_X1)                                    0.1025     1.7400 r
  DP_i_fetch_i_btb_i_U1234/ZN (NAND2_X1)                0.0587     1.7987 f
  DP_i_fetch_i_btb_i_U1242/ZN (NOR2_X1)                 0.0528     1.8515 r
  DP_i_fetch_i_btb_i_clk_gate_btb_table_reg_15__PC_/EN (SNPS_CLOCK_GATE_HIGH_BTB_NBIT32_BTB_DEPTH16_BTB_INDEX_MSB5_3)
                                                        0.0000     1.8515 r
  DP_i_fetch_i_btb_i_clk_gate_btb_table_reg_15__PC_/latch/E (CLKGATETST_X1)
                                                        0.0091     1.8606 r
  data arrival time                                                1.8606

  clock CLK (rise edge)                                 2.0000     2.0000
  clock network delay (ideal)                           0.0500     2.0500
  clock uncertainty                                    -0.0500     2.0000
  DP_i_fetch_i_btb_i_clk_gate_btb_table_reg_15__PC_/latch/CK (CLKGATETST_X1)
                                                        0.0000     2.0000 r
  clock gating setup time                              -0.0753     1.9247
  data required time                                               1.9247
  --------------------------------------------------------------------------
  data required time                                               1.9247
  data arrival time                                               -1.8606
  --------------------------------------------------------------------------
  slack (MET)                                                      0.0641


  Startpoint: DP_i_mem_access_i_rd_out_reg_i_Y_reg_4_
              (rising edge-triggered flip-flop clocked by CLK)
  Endpoint: DP_i_fetch_i_btb_i_clk_gate_btb_table_reg_9__PC_/latch
            (gating element for clock CLK)
  Path Group: CLK
  Path Type: max

  Des/Clust/Port     Wire Load Model       Library
  ------------------------------------------------
  DLX                5K_hvratio_1_4        NangateOpenCellLibrary

  Point                                                   Incr       Path
  --------------------------------------------------------------------------
  clock CLK (rise edge)                                 0.0000     0.0000
  clock network delay (ideal)                           0.0500     0.0500
  DP_i_mem_access_i_rd_out_reg_i_Y_reg_4_/CK (DFF_X1)   0.0000     0.0500 r
  DP_i_mem_access_i_rd_out_reg_i_Y_reg_4_/Q (DFF_X1)    0.1176     0.1676 r
  U3984/ZN (XNOR2_X1)                                   0.0670     0.2347 r
  U1491/ZN (AND2_X1)                                    0.0421     0.2768 r
  U1489/ZN (AND4_X1)                                    0.0859     0.3626 r
  U3993/ZN (NOR2_X1)                                    0.0373     0.3999 f
  U949/ZN (NAND2_X1)                                    0.0705     0.4705 r
  U4028/ZN (NOR2_X1)                                    0.0489     0.5194 f
  U926/Z (BUF_X1)                                       0.0690     0.5884 f
  U4904/ZN (AOI22_X1)                                   0.0718     0.6601 r
  U4906/ZN (AND2_X1)                                    0.0457     0.7058 r
  U4907/ZN (NAND4_X1)                                   0.0433     0.7491 f
  U794/ZN (OR4_X1)                                      0.1379     0.8869 f
  U5071/ZN (NAND2_X1)                                   0.0380     0.9249 r
  U2729/ZN (AND2_X1)                                    0.0487     0.9737 r
  U2728/ZN (AOI21_X1)                                   0.0412     1.0148 f
  U2418/Z (BUF_X2)                                      0.0597     1.0745 f
  U2667/ZN (NOR2_X2)                                    0.1429     1.2174 r
  U6224/ZN (NOR3_X1)                                    0.0486     1.2660 f
  U6225/ZN (AOI21_X1)                                   0.0579     1.3239 r
  U6227/ZN (OAI22_X1)                                   0.0379     1.3618 f
  U6230/ZN (OAI211_X1)                                  0.0523     1.4141 r
  U2643/ZN (NAND2_X1)                                   0.0361     1.4502 f
  U2641/ZN (NAND4_X1)                                   0.0422     1.4924 r
  U1238/ZN (AND3_X1)                                    0.0697     1.5621 r
  U1845/ZN (INV_X1)                                     0.0300     1.5921 f
  U1844/ZN (NAND2_X1)                                   0.0454     1.6374 r
  U2579/ZN (AND4_X1)                                    0.1025     1.7399 r
  DP_i_fetch_i_btb_i_U1224/ZN (NAND2_X1)                0.0587     1.7986 f
  DP_i_fetch_i_btb_i_U1228/ZN (NOR2_X1)                 0.0529     1.8515 r
  DP_i_fetch_i_btb_i_clk_gate_btb_table_reg_9__PC_/EN (SNPS_CLOCK_GATE_HIGH_BTB_NBIT32_BTB_DEPTH16_BTB_INDEX_MSB5_15)
                                                        0.0000     1.8515 r
  DP_i_fetch_i_btb_i_clk_gate_btb_table_reg_9__PC_/latch/E (CLKGATETST_X1)
                                                        0.0091     1.8605 r
  data arrival time                                                1.8605

  clock CLK (rise edge)                                 2.0000     2.0000
  clock network delay (ideal)                           0.0500     2.0500
  clock uncertainty                                    -0.0500     2.0000
  DP_i_fetch_i_btb_i_clk_gate_btb_table_reg_9__PC_/latch/CK (CLKGATETST_X1)
                                                        0.0000     2.0000 r
  clock gating setup time                              -0.0753     1.9247
  data required time                                               1.9247
  --------------------------------------------------------------------------
  data required time                                               1.9247
  data arrival time                                               -1.8605
  --------------------------------------------------------------------------
  slack (MET)                                                      0.0642


  Startpoint: DP_i_mem_access_i_rd_out_reg_i_Y_reg_4_
              (rising edge-triggered flip-flop clocked by CLK)
  Endpoint: DP_i_fetch_i_btb_i_clk_gate_btb_table_reg_11__PC_/latch
            (gating element for clock CLK)
  Path Group: CLK
  Path Type: max

  Des/Clust/Port     Wire Load Model       Library
  ------------------------------------------------
  DLX                5K_hvratio_1_4        NangateOpenCellLibrary

  Point                                                   Incr       Path
  --------------------------------------------------------------------------
  clock CLK (rise edge)                                 0.0000     0.0000
  clock network delay (ideal)                           0.0500     0.0500
  DP_i_mem_access_i_rd_out_reg_i_Y_reg_4_/CK (DFF_X1)   0.0000     0.0500 r
  DP_i_mem_access_i_rd_out_reg_i_Y_reg_4_/Q (DFF_X1)    0.1176     0.1676 r
  U3984/ZN (XNOR2_X1)                                   0.0670     0.2347 r
  U1491/ZN (AND2_X1)                                    0.0421     0.2768 r
  U1489/ZN (AND4_X1)                                    0.0859     0.3626 r
  U3993/ZN (NOR2_X1)                                    0.0373     0.3999 f
  U949/ZN (NAND2_X1)                                    0.0705     0.4705 r
  U4028/ZN (NOR2_X1)                                    0.0489     0.5194 f
  U926/Z (BUF_X1)                                       0.0690     0.5884 f
  U4904/ZN (AOI22_X1)                                   0.0718     0.6601 r
  U4906/ZN (AND2_X1)                                    0.0457     0.7058 r
  U4907/ZN (NAND4_X1)                                   0.0433     0.7491 f
  U794/ZN (OR4_X1)                                      0.1379     0.8869 f
  U5071/ZN (NAND2_X1)                                   0.0380     0.9249 r
  U2729/ZN (AND2_X1)                                    0.0487     0.9737 r
  U2728/ZN (AOI21_X1)                                   0.0412     1.0148 f
  U2418/Z (BUF_X2)                                      0.0597     1.0745 f
  U2667/ZN (NOR2_X2)                                    0.1429     1.2174 r
  U6224/ZN (NOR3_X1)                                    0.0486     1.2660 f
  U6225/ZN (AOI21_X1)                                   0.0579     1.3239 r
  U6227/ZN (OAI22_X1)                                   0.0379     1.3618 f
  U6230/ZN (OAI211_X1)                                  0.0523     1.4141 r
  U2643/ZN (NAND2_X1)                                   0.0361     1.4502 f
  U2641/ZN (NAND4_X1)                                   0.0422     1.4924 r
  U1238/ZN (AND3_X1)                                    0.0697     1.5621 r
  U1845/ZN (INV_X1)                                     0.0300     1.5921 f
  U1844/ZN (NAND2_X1)                                   0.0454     1.6374 r
  U2579/ZN (AND4_X1)                                    0.1025     1.7399 r
  DP_i_fetch_i_btb_i_U1224/ZN (NAND2_X1)                0.0587     1.7986 f
  DP_i_fetch_i_btb_i_U1232/ZN (NOR2_X1)                 0.0529     1.8515 r
  DP_i_fetch_i_btb_i_clk_gate_btb_table_reg_11__PC_/EN (SNPS_CLOCK_GATE_HIGH_BTB_NBIT32_BTB_DEPTH16_BTB_INDEX_MSB5_11)
                                                        0.0000     1.8515 r
  DP_i_fetch_i_btb_i_clk_gate_btb_table_reg_11__PC_/latch/E (CLKGATETST_X1)
                                                        0.0091     1.8605 r
  data arrival time                                                1.8605

  clock CLK (rise edge)                                 2.0000     2.0000
  clock network delay (ideal)                           0.0500     2.0500
  clock uncertainty                                    -0.0500     2.0000
  DP_i_fetch_i_btb_i_clk_gate_btb_table_reg_11__PC_/latch/CK (CLKGATETST_X1)
                                                        0.0000     2.0000 r
  clock gating setup time                              -0.0753     1.9247
  data required time                                               1.9247
  --------------------------------------------------------------------------
  data required time                                               1.9247
  data arrival time                                               -1.8605
  --------------------------------------------------------------------------
  slack (MET)                                                      0.0642


  Startpoint: DRAM_READY (input port clocked by CLK)
  Endpoint: DP_i_decode_i_B_reg_i_Y_reg_2_
            (rising edge-triggered flip-flop clocked by CLK)
  Path Group: INPUTS
  Path Type: max

  Des/Clust/Port     Wire Load Model       Library
  ------------------------------------------------
  DLX                5K_hvratio_1_4        NangateOpenCellLibrary

  Point                                                   Incr       Path
  --------------------------------------------------------------------------
  clock CLK (rise edge)                                 0.0000     0.0000
  clock network delay (ideal)                           0.0500     0.0500
  input external delay                                  0.2000     0.2500 r
  DRAM_READY (in)                                       0.0014     0.2514 r
  U1421/ZN (INV_X1)                                     0.0209     0.2723 f
  U2378/ZN (AND2_X1)                                    0.0563     0.3286 f
  U2379/ZN (INV_X1)                                     0.0768     0.4054 r
  DP_i_U4062/ZN (NAND2_X2)                              0.1263     0.5317 f
  U1793/ZN (NOR2_X1)                                    0.1300     0.6618 r
  DP_i_U2649/ZN (INV_X1)                                0.0421     0.7038 f
  U2726/ZN (NOR4_X2)                                    0.4969     1.2008 r
  DP_i_U2833/ZN (AOI22_X1)                              0.0785     1.2792 f
  U1892/ZN (INV_X1)                                     0.0468     1.3260 r
  U9732/ZN (AOI21_X1)                                   0.0305     1.3566 f
  U9764/ZN (NAND4_X1)                                   0.0371     1.3937 r
  DP_i_decode_i_B_reg_i_Y_reg_2_/D (DFF_X1)             0.0110     1.4047 r
  data arrival time                                                1.4047

  clock CLK (rise edge)                                 2.0000     2.0000
  clock network delay (ideal)                           0.0500     2.0500
  clock uncertainty                                    -0.0500     2.0000
  DP_i_decode_i_B_reg_i_Y_reg_2_/CK (DFF_X1)            0.0000     2.0000 r
  library setup time                                   -0.0286     1.9714
  data required time                                               1.9714
  --------------------------------------------------------------------------
  data required time                                               1.9714
  data arrival time                                               -1.4047
  --------------------------------------------------------------------------
  slack (MET)                                                      0.5667


  Startpoint: DRAM_READY (input port clocked by CLK)
  Endpoint: DP_i_decode_i_B_reg_i_Y_reg_2_
            (rising edge-triggered flip-flop clocked by CLK)
  Path Group: INPUTS
  Path Type: max

  Des/Clust/Port     Wire Load Model       Library
  ------------------------------------------------
  DLX                5K_hvratio_1_4        NangateOpenCellLibrary

  Point                                                   Incr       Path
  --------------------------------------------------------------------------
  clock CLK (rise edge)                                 0.0000     0.0000
  clock network delay (ideal)                           0.0500     0.0500
  input external delay                                  0.2000     0.2500 r
  DRAM_READY (in)                                       0.0014     0.2514 r
  U1421/ZN (INV_X1)                                     0.0209     0.2723 f
  U2378/ZN (AND2_X1)                                    0.0563     0.3286 f
  U2379/ZN (INV_X1)                                     0.0768     0.4054 r
  DP_i_U4062/ZN (NAND2_X2)                              0.1263     0.5317 f
  U1793/ZN (NOR2_X1)                                    0.1300     0.6618 r
  DP_i_U2649/ZN (INV_X1)                                0.0421     0.7038 f
  U2726/ZN (NOR4_X2)                                    0.4969     1.2008 r
  DP_i_U2833/ZN (AOI22_X1)                              0.0785     1.2792 f
  U1892/ZN (INV_X1)                                     0.0468     1.3260 r
  U9732/ZN (AOI21_X1)                                   0.0293     1.3554 f
  U9764/ZN (NAND4_X1)                                   0.0371     1.3925 r
  DP_i_decode_i_B_reg_i_Y_reg_2_/D (DFF_X1)             0.0110     1.4035 r
  data arrival time                                                1.4035

  clock CLK (rise edge)                                 2.0000     2.0000
  clock network delay (ideal)                           0.0500     2.0500
  clock uncertainty                                    -0.0500     2.0000
  DP_i_decode_i_B_reg_i_Y_reg_2_/CK (DFF_X1)            0.0000     2.0000 r
  library setup time                                   -0.0286     1.9714
  data required time                                               1.9714
  --------------------------------------------------------------------------
  data required time                                               1.9714
  data arrival time                                               -1.4035
  --------------------------------------------------------------------------
  slack (MET)                                                      0.5679


  Startpoint: DRAM_READY (input port clocked by CLK)
  Endpoint: DP_i_decode_i_B_reg_i_Y_reg_4_
            (rising edge-triggered flip-flop clocked by CLK)
  Path Group: INPUTS
  Path Type: max

  Des/Clust/Port     Wire Load Model       Library
  ------------------------------------------------
  DLX                5K_hvratio_1_4        NangateOpenCellLibrary

  Point                                                   Incr       Path
  --------------------------------------------------------------------------
  clock CLK (rise edge)                                 0.0000     0.0000
  clock network delay (ideal)                           0.0500     0.0500
  input external delay                                  0.2000     0.2500 r
  DRAM_READY (in)                                       0.0014     0.2514 r
  U1421/ZN (INV_X1)                                     0.0209     0.2723 f
  U2378/ZN (AND2_X1)                                    0.0563     0.3286 f
  U2379/ZN (INV_X1)                                     0.0768     0.4054 r
  DP_i_U4062/ZN (NAND2_X2)                              0.1263     0.5317 f
  U1793/ZN (NOR2_X1)                                    0.1300     0.6618 r
  DP_i_U2649/ZN (INV_X1)                                0.0421     0.7038 f
  U2726/ZN (NOR4_X2)                                    0.4969     1.2008 r
  DP_i_U2820/ZN (AOI22_X1)                              0.0481     1.2489 f
  U2090/ZN (AND4_X1)                                    0.0712     1.3201 f
  U9785/ZN (NAND2_X1)                                   0.0296     1.3497 r
  DP_i_decode_i_B_reg_i_Y_reg_4_/D (DFF_X1)             0.0110     1.3606 r
  data arrival time                                                1.3606

  clock CLK (rise edge)                                 2.0000     2.0000
  clock network delay (ideal)                           0.0500     2.0500
  clock uncertainty                                    -0.0500     2.0000
  DP_i_decode_i_B_reg_i_Y_reg_4_/CK (DFF_X1)            0.0000     2.0000 r
  library setup time                                   -0.0267     1.9733
  data required time                                               1.9733
  --------------------------------------------------------------------------
  data required time                                               1.9733
  data arrival time                                               -1.3606
  --------------------------------------------------------------------------
  slack (MET)                                                      0.6127


  Startpoint: DRAM_READY (input port clocked by CLK)
  Endpoint: DP_i_decode_i_B_reg_i_Y_reg_4_
            (rising edge-triggered flip-flop clocked by CLK)
  Path Group: INPUTS
  Path Type: max

  Des/Clust/Port     Wire Load Model       Library
  ------------------------------------------------
  DLX                5K_hvratio_1_4        NangateOpenCellLibrary

  Point                                                   Incr       Path
  --------------------------------------------------------------------------
  clock CLK (rise edge)                                 0.0000     0.0000
  clock network delay (ideal)                           0.0500     0.0500
  input external delay                                  0.2000     0.2500 r
  DRAM_READY (in)                                       0.0014     0.2514 r
  U1421/ZN (INV_X1)                                     0.0209     0.2723 f
  U2378/ZN (AND2_X1)                                    0.0563     0.3286 f
  U2379/ZN (INV_X1)                                     0.0768     0.4054 r
  DP_i_U4062/ZN (NAND2_X2)                              0.1263     0.5317 f
  U1793/ZN (NOR2_X1)                                    0.1300     0.6618 r
  DP_i_U2649/ZN (INV_X1)                                0.0421     0.7038 f
  U2726/ZN (NOR4_X2)                                    0.4969     1.2008 r
  DP_i_U2820/ZN (AOI22_X1)                              0.0455     1.2463 f
  U2090/ZN (AND4_X1)                                    0.0712     1.3175 f
  U9785/ZN (NAND2_X1)                                   0.0296     1.3471 r
  DP_i_decode_i_B_reg_i_Y_reg_4_/D (DFF_X1)             0.0110     1.3580 r
  data arrival time                                                1.3580

  clock CLK (rise edge)                                 2.0000     2.0000
  clock network delay (ideal)                           0.0500     2.0500
  clock uncertainty                                    -0.0500     2.0000
  DP_i_decode_i_B_reg_i_Y_reg_4_/CK (DFF_X1)            0.0000     2.0000 r
  library setup time                                   -0.0267     1.9733
  data required time                                               1.9733
  --------------------------------------------------------------------------
  data required time                                               1.9733
  data arrival time                                               -1.3580
  --------------------------------------------------------------------------
  slack (MET)                                                      0.6153


  Startpoint: DRAM_READY (input port clocked by CLK)
  Endpoint: DP_i_decode_i_B_reg_i_Y_reg_3_
            (rising edge-triggered flip-flop clocked by CLK)
  Path Group: INPUTS
  Path Type: max

  Des/Clust/Port     Wire Load Model       Library
  ------------------------------------------------
  DLX                5K_hvratio_1_4        NangateOpenCellLibrary

  Point                                                   Incr       Path
  --------------------------------------------------------------------------
  clock CLK (rise edge)                                 0.0000     0.0000
  clock network delay (ideal)                           0.0500     0.0500
  input external delay                                  0.2000     0.2500 r
  DRAM_READY (in)                                       0.0014     0.2514 r
  U1421/ZN (INV_X1)                                     0.0209     0.2723 f
  U2378/ZN (AND2_X1)                                    0.0563     0.3286 f
  U2379/ZN (INV_X1)                                     0.0768     0.4054 r
  DP_i_U4062/ZN (NAND2_X2)                              0.1263     0.5317 f
  U1793/ZN (NOR2_X1)                                    0.1300     0.6618 r
  DP_i_U2649/ZN (INV_X1)                                0.0421     0.7038 f
  U2726/ZN (NOR4_X2)                                    0.4969     1.2008 r
  DP_i_U2826/ZN (AOI22_X1)                              0.0783     1.2791 f
  U9858/ZN (NAND4_X1)                                   0.0559     1.3350 r
  DP_i_decode_i_B_reg_i_Y_reg_3_/D (DFF_X1)             0.0110     1.3460 r
  data arrival time                                                1.3460

  clock CLK (rise edge)                                 2.0000     2.0000
  clock network delay (ideal)                           0.0500     2.0500
  clock uncertainty                                    -0.0500     2.0000
  DP_i_decode_i_B_reg_i_Y_reg_3_/CK (DFF_X1)            0.0000     2.0000 r
  library setup time                                   -0.0304     1.9696
  data required time                                               1.9696
  --------------------------------------------------------------------------
  data required time                                               1.9696
  data arrival time                                               -1.3460
  --------------------------------------------------------------------------
  slack (MET)                                                      0.6236


  Startpoint: DRAM_READY (input port clocked by CLK)
  Endpoint: DP_i_decode_i_B_reg_i_Y_reg_3_
            (rising edge-triggered flip-flop clocked by CLK)
  Path Group: INPUTS
  Path Type: max

  Des/Clust/Port     Wire Load Model       Library
  ------------------------------------------------
  DLX                5K_hvratio_1_4        NangateOpenCellLibrary

  Point                                                   Incr       Path
  --------------------------------------------------------------------------
  clock CLK (rise edge)                                 0.0000     0.0000
  clock network delay (ideal)                           0.0500     0.0500
  input external delay                                  0.2000     0.2500 r
  DRAM_READY (in)                                       0.0014     0.2514 r
  U1421/ZN (INV_X1)                                     0.0209     0.2723 f
  U2378/ZN (AND2_X1)                                    0.0563     0.3286 f
  U2379/ZN (INV_X1)                                     0.0768     0.4054 r
  DP_i_U4062/ZN (NAND2_X2)                              0.1263     0.5317 f
  U1793/ZN (NOR2_X1)                                    0.1300     0.6618 r
  DP_i_U2649/ZN (INV_X1)                                0.0421     0.7038 f
  U2726/ZN (NOR4_X2)                                    0.4969     1.2008 r
  DP_i_U2826/ZN (AOI22_X1)                              0.0713     1.2721 f
  U9858/ZN (NAND4_X1)                                   0.0559     1.3280 r
  DP_i_decode_i_B_reg_i_Y_reg_3_/D (DFF_X1)             0.0110     1.3390 r
  data arrival time                                                1.3390

  clock CLK (rise edge)                                 2.0000     2.0000
  clock network delay (ideal)                           0.0500     2.0500
  clock uncertainty                                    -0.0500     2.0000
  DP_i_decode_i_B_reg_i_Y_reg_3_/CK (DFF_X1)            0.0000     2.0000 r
  library setup time                                   -0.0304     1.9696
  data required time                                               1.9696
  --------------------------------------------------------------------------
  data required time                                               1.9696
  data arrival time                                               -1.3390
  --------------------------------------------------------------------------
  slack (MET)                                                      0.6307


  Startpoint: DRAM_READY (input port clocked by CLK)
  Endpoint: DP_i_decode_i_B_reg_i_Y_reg_13_
            (rising edge-triggered flip-flop clocked by CLK)
  Path Group: INPUTS
  Path Type: max

  Des/Clust/Port     Wire Load Model       Library
  ------------------------------------------------
  DLX                5K_hvratio_1_4        NangateOpenCellLibrary

  Point                                                   Incr       Path
  --------------------------------------------------------------------------
  clock CLK (rise edge)                                 0.0000     0.0000
  clock network delay (ideal)                           0.0500     0.0500
  input external delay                                  0.2000     0.2500 r
  DRAM_READY (in)                                       0.0014     0.2514 r
  U1421/ZN (INV_X1)                                     0.0209     0.2723 f
  U2378/ZN (AND2_X1)                                    0.0563     0.3286 f
  U2379/ZN (INV_X1)                                     0.0768     0.4054 r
  DP_i_U4062/ZN (NAND2_X2)                              0.1263     0.5317 f
  U1793/ZN (NOR2_X1)                                    0.1300     0.6618 r
  DP_i_U2649/ZN (INV_X1)                                0.0421     0.7038 f
  U2726/ZN (NOR4_X2)                                    0.4969     1.2008 r
  DP_i_U2763/ZN (AOI22_X1)                              0.0547     1.2554 f
  DP_i_U2764/ZN (OAI211_X1)                             0.0576     1.3130 r
  DP_i_decode_i_B_reg_i_Y_reg_13_/D (DFF_X1)            0.0110     1.3240 r
  data arrival time                                                1.3240

  clock CLK (rise edge)                                 2.0000     2.0000
  clock network delay (ideal)                           0.0500     2.0500
  clock uncertainty                                    -0.0500     2.0000
  DP_i_decode_i_B_reg_i_Y_reg_13_/CK (DFF_X1)           0.0000     2.0000 r
  library setup time                                   -0.0311     1.9689
  data required time                                               1.9689
  --------------------------------------------------------------------------
  data required time                                               1.9689
  data arrival time                                               -1.3240
  --------------------------------------------------------------------------
  slack (MET)                                                      0.6449


  Startpoint: DRAM_READY (input port clocked by CLK)
  Endpoint: DP_i_decode_i_B_reg_i_Y_reg_11_
            (rising edge-triggered flip-flop clocked by CLK)
  Path Group: INPUTS
  Path Type: max

  Des/Clust/Port     Wire Load Model       Library
  ------------------------------------------------
  DLX                5K_hvratio_1_4        NangateOpenCellLibrary

  Point                                                   Incr       Path
  --------------------------------------------------------------------------
  clock CLK (rise edge)                                 0.0000     0.0000
  clock network delay (ideal)                           0.0500     0.0500
  input external delay                                  0.2000     0.2500 r
  DRAM_READY (in)                                       0.0014     0.2514 r
  U1421/ZN (INV_X1)                                     0.0209     0.2723 f
  U2378/ZN (AND2_X1)                                    0.0563     0.3286 f
  U2379/ZN (INV_X1)                                     0.0768     0.4054 r
  DP_i_U4062/ZN (NAND2_X2)                              0.1263     0.5317 f
  U1793/ZN (NOR2_X1)                                    0.1300     0.6618 r
  DP_i_U2649/ZN (INV_X1)                                0.0421     0.7038 f
  U2726/ZN (NOR4_X2)                                    0.4969     1.2008 r
  DP_i_U2775/ZN (AOI22_X1)                              0.0547     1.2554 f
  DP_i_U2776/ZN (OAI211_X1)                             0.0576     1.3130 r
  DP_i_decode_i_B_reg_i_Y_reg_11_/D (DFF_X1)            0.0110     1.3240 r
  data arrival time                                                1.3240

  clock CLK (rise edge)                                 2.0000     2.0000
  clock network delay (ideal)                           0.0500     2.0500
  clock uncertainty                                    -0.0500     2.0000
  DP_i_decode_i_B_reg_i_Y_reg_11_/CK (DFF_X1)           0.0000     2.0000 r
  library setup time                                   -0.0311     1.9689
  data required time                                               1.9689
  --------------------------------------------------------------------------
  data required time                                               1.9689
  data arrival time                                               -1.3240
  --------------------------------------------------------------------------
  slack (MET)                                                      0.6449


  Startpoint: DRAM_READY (input port clocked by CLK)
  Endpoint: DP_i_decode_i_B_reg_i_Y_reg_12_
            (rising edge-triggered flip-flop clocked by CLK)
  Path Group: INPUTS
  Path Type: max

  Des/Clust/Port     Wire Load Model       Library
  ------------------------------------------------
  DLX                5K_hvratio_1_4        NangateOpenCellLibrary

  Point                                                   Incr       Path
  --------------------------------------------------------------------------
  clock CLK (rise edge)                                 0.0000     0.0000
  clock network delay (ideal)                           0.0500     0.0500
  input external delay                                  0.2000     0.2500 r
  DRAM_READY (in)                                       0.0014     0.2514 r
  U1421/ZN (INV_X1)                                     0.0209     0.2723 f
  U2378/ZN (AND2_X1)                                    0.0563     0.3286 f
  U2379/ZN (INV_X1)                                     0.0768     0.4054 r
  DP_i_U4062/ZN (NAND2_X2)                              0.1263     0.5317 f
  U1793/ZN (NOR2_X1)                                    0.1300     0.6618 r
  DP_i_U2649/ZN (INV_X1)                                0.0421     0.7038 f
  U2726/ZN (NOR4_X2)                                    0.4969     1.2008 r
  DP_i_U2769/ZN (AOI22_X1)                              0.0547     1.2554 f
  DP_i_U2770/ZN (OAI211_X1)                             0.0576     1.3130 r
  DP_i_decode_i_B_reg_i_Y_reg_12_/D (DFF_X1)            0.0110     1.3240 r
  data arrival time                                                1.3240

  clock CLK (rise edge)                                 2.0000     2.0000
  clock network delay (ideal)                           0.0500     2.0500
  clock uncertainty                                    -0.0500     2.0000
  DP_i_decode_i_B_reg_i_Y_reg_12_/CK (DFF_X1)           0.0000     2.0000 r
  library setup time                                   -0.0311     1.9689
  data required time                                               1.9689
  --------------------------------------------------------------------------
  data required time                                               1.9689
  data arrival time                                               -1.3240
  --------------------------------------------------------------------------
  slack (MET)                                                      0.6449


  Startpoint: DRAM_READY (input port clocked by CLK)
  Endpoint: DP_i_decode_i_B_reg_i_Y_reg_10_
            (rising edge-triggered flip-flop clocked by CLK)
  Path Group: INPUTS
  Path Type: max

  Des/Clust/Port     Wire Load Model       Library
  ------------------------------------------------
  DLX                5K_hvratio_1_4        NangateOpenCellLibrary

  Point                                                   Incr       Path
  --------------------------------------------------------------------------
  clock CLK (rise edge)                                 0.0000     0.0000
  clock network delay (ideal)                           0.0500     0.0500
  input external delay                                  0.2000     0.2500 r
  DRAM_READY (in)                                       0.0014     0.2514 r
  U1421/ZN (INV_X1)                                     0.0209     0.2723 f
  U2378/ZN (AND2_X1)                                    0.0563     0.3286 f
  U2379/ZN (INV_X1)                                     0.0768     0.4054 r
  DP_i_U4062/ZN (NAND2_X2)                              0.1263     0.5317 f
  U1793/ZN (NOR2_X1)                                    0.1300     0.6618 r
  DP_i_U2649/ZN (INV_X1)                                0.0421     0.7038 f
  U2726/ZN (NOR4_X2)                                    0.4969     1.2008 r
  DP_i_U2781/ZN (AOI22_X1)                              0.0547     1.2554 f
  DP_i_U2782/ZN (OAI211_X1)                             0.0576     1.3130 r
  DP_i_decode_i_B_reg_i_Y_reg_10_/D (DFF_X1)            0.0110     1.3240 r
  data arrival time                                                1.3240

  clock CLK (rise edge)                                 2.0000     2.0000
  clock network delay (ideal)                           0.0500     2.0500
  clock uncertainty                                    -0.0500     2.0000
  DP_i_decode_i_B_reg_i_Y_reg_10_/CK (DFF_X1)           0.0000     2.0000 r
  library setup time                                   -0.0311     1.9689
  data required time                                               1.9689
  --------------------------------------------------------------------------
  data required time                                               1.9689
  data arrival time                                               -1.3240
  --------------------------------------------------------------------------
  slack (MET)                                                      0.6449


  Startpoint: DP_i_mem_access_i_rd_out_reg_i_Y_reg_4_
              (rising edge-triggered flip-flop clocked by CLK)
  Endpoint: IRAM_ISSUE (output port clocked by CLK)
  Path Group: OUTPUTS
  Path Type: max

  Des/Clust/Port     Wire Load Model       Library
  ------------------------------------------------
  DLX                5K_hvratio_1_4        NangateOpenCellLibrary

  Point                                                   Incr       Path
  --------------------------------------------------------------------------
  clock CLK (rise edge)                                 0.0000     0.0000
  clock network delay (ideal)                           0.0500     0.0500
  DP_i_mem_access_i_rd_out_reg_i_Y_reg_4_/CK (DFF_X1)   0.0000     0.0500 r
  DP_i_mem_access_i_rd_out_reg_i_Y_reg_4_/Q (DFF_X1)    0.1176     0.1676 r
  U3984/ZN (XNOR2_X1)                                   0.0670     0.2347 r
  U1491/ZN (AND2_X1)                                    0.0421     0.2768 r
  U1489/ZN (AND4_X1)                                    0.0859     0.3626 r
  U3993/ZN (NOR2_X1)                                    0.0373     0.3999 f
  U949/ZN (NAND2_X1)                                    0.0705     0.4705 r
  U4008/ZN (NOR2_X1)                                    0.0615     0.5320 f
  U932/Z (BUF_X1)                                       0.0912     0.6232 f
  U4894/ZN (AOI22_X1)                                   0.0950     0.7182 r
  U4896/ZN (NAND4_X1)                                   0.0457     0.7639 f
  U794/ZN (OR4_X1)                                      0.1231     0.8870 f
  U5071/ZN (NAND2_X1)                                   0.0380     0.9250 r
  U2729/ZN (AND2_X1)                                    0.0487     0.9738 r
  U2728/ZN (AOI21_X1)                                   0.0412     1.0149 f
  U2418/Z (BUF_X2)                                      0.0597     1.0746 f
  U2667/ZN (NOR2_X2)                                    0.1429     1.2175 r
  U6224/ZN (NOR3_X1)                                    0.0486     1.2661 f
  U6225/ZN (AOI21_X1)                                   0.0579     1.3240 r
  U6227/ZN (OAI22_X1)                                   0.0379     1.3619 f
  U6230/ZN (OAI211_X1)                                  0.0523     1.4142 r
  U2643/ZN (NAND2_X1)                                   0.0361     1.4503 f
  U2641/ZN (NAND4_X1)                                   0.0422     1.4925 r
  U1238/ZN (AND3_X1)                                    0.0697     1.5621 r
  U1845/ZN (INV_X1)                                     0.0300     1.5922 f
  U1844/ZN (NAND2_X1)                                   0.0454     1.6375 r
  U2578/ZN (AND2_X1)                                    0.0500     1.6875 r
  IRAM_ISSUE (out)                                      0.0035     1.6910 r
  data arrival time                                                1.6910

  clock CLK (rise edge)                                 2.0000     2.0000
  clock network delay (ideal)                           0.0500     2.0500
  clock uncertainty                                    -0.0500     2.0000
  output external delay                                -0.2000     1.8000
  data required time                                               1.8000
  --------------------------------------------------------------------------
  data required time                                               1.8000
  data arrival time                                               -1.6910
  --------------------------------------------------------------------------
  slack (MET)                                                      0.1090


  Startpoint: DP_i_mem_access_i_rd_out_reg_i_Y_reg_4_
              (rising edge-triggered flip-flop clocked by CLK)
  Endpoint: IRAM_ISSUE (output port clocked by CLK)
  Path Group: OUTPUTS
  Path Type: max

  Des/Clust/Port     Wire Load Model       Library
  ------------------------------------------------
  DLX                5K_hvratio_1_4        NangateOpenCellLibrary

  Point                                                   Incr       Path
  --------------------------------------------------------------------------
  clock CLK (rise edge)                                 0.0000     0.0000
  clock network delay (ideal)                           0.0500     0.0500
  DP_i_mem_access_i_rd_out_reg_i_Y_reg_4_/CK (DFF_X1)   0.0000     0.0500 r
  DP_i_mem_access_i_rd_out_reg_i_Y_reg_4_/Q (DFF_X1)    0.1176     0.1676 r
  U3984/ZN (XNOR2_X1)                                   0.0670     0.2347 r
  U1491/ZN (AND2_X1)                                    0.0421     0.2768 r
  U1489/ZN (AND4_X1)                                    0.0859     0.3626 r
  U3993/ZN (NOR2_X1)                                    0.0373     0.3999 f
  U949/ZN (NAND2_X1)                                    0.0705     0.4705 r
  U4028/ZN (NOR2_X1)                                    0.0489     0.5194 f
  U926/Z (BUF_X1)                                       0.0690     0.5884 f
  U4904/ZN (AOI22_X1)                                   0.0718     0.6601 r
  U4906/ZN (AND2_X1)                                    0.0457     0.7058 r
  U4907/ZN (NAND4_X1)                                   0.0433     0.7491 f
  U794/ZN (OR4_X1)                                      0.1379     0.8869 f
  U5071/ZN (NAND2_X1)                                   0.0380     0.9249 r
  U2729/ZN (AND2_X1)                                    0.0487     0.9737 r
  U2728/ZN (AOI21_X1)                                   0.0412     1.0148 f
  U2418/Z (BUF_X2)                                      0.0597     1.0745 f
  U2667/ZN (NOR2_X2)                                    0.1429     1.2174 r
  U6224/ZN (NOR3_X1)                                    0.0486     1.2660 f
  U6225/ZN (AOI21_X1)                                   0.0579     1.3239 r
  U6227/ZN (OAI22_X1)                                   0.0379     1.3618 f
  U6230/ZN (OAI211_X1)                                  0.0523     1.4141 r
  U2643/ZN (NAND2_X1)                                   0.0361     1.4502 f
  U2641/ZN (NAND4_X1)                                   0.0422     1.4924 r
  U1238/ZN (AND3_X1)                                    0.0697     1.5621 r
  U1845/ZN (INV_X1)                                     0.0300     1.5921 f
  U1844/ZN (NAND2_X1)                                   0.0454     1.6374 r
  U2578/ZN (AND2_X1)                                    0.0500     1.6874 r
  IRAM_ISSUE (out)                                      0.0035     1.6909 r
  data arrival time                                                1.6909

  clock CLK (rise edge)                                 2.0000     2.0000
  clock network delay (ideal)                           0.0500     2.0500
  clock uncertainty                                    -0.0500     2.0000
  output external delay                                -0.2000     1.8000
  data required time                                               1.8000
  --------------------------------------------------------------------------
  data required time                                               1.8000
  data arrival time                                               -1.6909
  --------------------------------------------------------------------------
  slack (MET)                                                      0.1091


  Startpoint: DP_i_mem_access_i_rd_out_reg_i_Y_reg_2_
              (rising edge-triggered flip-flop clocked by CLK)
  Endpoint: DRAM_DATA[31]
            (output port clocked by CLK)
  Path Group: OUTPUTS
  Path Type: max

  Des/Clust/Port     Wire Load Model       Library
  ------------------------------------------------
  DLX                5K_hvratio_1_4        NangateOpenCellLibrary

  Point                                                   Incr       Path
  --------------------------------------------------------------------------
  clock CLK (rise edge)                                 0.0000     0.0000
  clock network delay (ideal)                           0.0500     0.0500
  DP_i_mem_access_i_rd_out_reg_i_Y_reg_2_/CK (DFF_X1)   0.0000     0.0500 r
  DP_i_mem_access_i_rd_out_reg_i_Y_reg_2_/Q (DFF_X1)    0.1176     0.1676 r
  U1237/Z (CLKBUF_X1)                                   0.0833     0.2509 r
  U5768/ZN (XNOR2_X1)                                   0.0834     0.3343 r
  U2993/ZN (AND2_X1)                                    0.0419     0.3762 r
  U3050/ZN (AND4_X1)                                    0.1685     0.5447 r
  U1661/ZN (INV_X1)                                     0.0607     0.6054 f
  U6590/ZN (NOR2_X2)                                    0.1531     0.7585 r
  U6608/ZN (NAND2_X1)                                   0.0532     0.8117 f
  U1903/ZN (AND2_X1)                                    0.0467     0.8584 f
  U8233/ZN (NOR2_X1)                                    0.0457     0.9042 r
  DRAM_DATA_tri_31_/Z (TBUF_X1)                         0.0646     0.9688 r
  DRAM_DATA[31] (inout)                                 0.0054     0.9742 r
  data arrival time                                                0.9742

  clock CLK (rise edge)                                 2.0000     2.0000
  clock network delay (ideal)                           0.0500     2.0500
  clock uncertainty                                    -0.0500     2.0000
  output external delay                                -0.2000     1.8000
  data required time                                               1.8000
  --------------------------------------------------------------------------
  data required time                                               1.8000
  data arrival time                                               -0.9742
  --------------------------------------------------------------------------
  slack (MET)                                                      0.8258


  Startpoint: DP_i_mem_access_i_rd_out_reg_i_Y_reg_2_
              (rising edge-triggered flip-flop clocked by CLK)
  Endpoint: DRAM_DATA[23]
            (output port clocked by CLK)
  Path Group: OUTPUTS
  Path Type: max

  Des/Clust/Port     Wire Load Model       Library
  ------------------------------------------------
  DLX                5K_hvratio_1_4        NangateOpenCellLibrary

  Point                                                   Incr       Path
  --------------------------------------------------------------------------
  clock CLK (rise edge)                                 0.0000     0.0000
  clock network delay (ideal)                           0.0500     0.0500
  DP_i_mem_access_i_rd_out_reg_i_Y_reg_2_/CK (DFF_X1)   0.0000     0.0500 r
  DP_i_mem_access_i_rd_out_reg_i_Y_reg_2_/Q (DFF_X1)    0.1176     0.1676 r
  U1237/Z (CLKBUF_X1)                                   0.0833     0.2509 r
  U5768/ZN (XNOR2_X1)                                   0.0834     0.3343 r
  U2993/ZN (AND2_X1)                                    0.0419     0.3762 r
  U3050/ZN (AND4_X1)                                    0.1685     0.5447 r
  U1661/ZN (INV_X1)                                     0.0607     0.6054 f
  U6590/ZN (NOR2_X2)                                    0.1531     0.7585 r
  U6606/ZN (NAND2_X1)                                   0.0532     0.8117 f
  U1980/ZN (AND2_X1)                                    0.0467     0.8584 f
  U8218/ZN (NOR2_X1)                                    0.0457     0.9042 r
  DRAM_DATA_tri_23_/Z (TBUF_X1)                         0.0599     0.9641 r
  DRAM_DATA[23] (inout)                                 0.0048     0.9689 r
  data arrival time                                                0.9689

  clock CLK (rise edge)                                 2.0000     2.0000
  clock network delay (ideal)                           0.0500     2.0500
  clock uncertainty                                    -0.0500     2.0000
  output external delay                                -0.2000     1.8000
  data required time                                               1.8000
  --------------------------------------------------------------------------
  data required time                                               1.8000
  data arrival time                                               -0.9689
  --------------------------------------------------------------------------
  slack (MET)                                                      0.8311


  Startpoint: DP_i_mem_access_i_rd_out_reg_i_Y_reg_2_
              (rising edge-triggered flip-flop clocked by CLK)
  Endpoint: DRAM_DATA[18]
            (output port clocked by CLK)
  Path Group: OUTPUTS
  Path Type: max

  Des/Clust/Port     Wire Load Model       Library
  ------------------------------------------------
  DLX                5K_hvratio_1_4        NangateOpenCellLibrary

  Point                                                   Incr       Path
  --------------------------------------------------------------------------
  clock CLK (rise edge)                                 0.0000     0.0000
  clock network delay (ideal)                           0.0500     0.0500
  DP_i_mem_access_i_rd_out_reg_i_Y_reg_2_/CK (DFF_X1)   0.0000     0.0500 r
  DP_i_mem_access_i_rd_out_reg_i_Y_reg_2_/Q (DFF_X1)    0.1176     0.1676 r
  U1237/Z (CLKBUF_X1)                                   0.0833     0.2509 r
  U5768/ZN (XNOR2_X1)                                   0.0834     0.3343 r
  U2993/ZN (AND2_X1)                                    0.0419     0.3762 r
  U3050/ZN (AND4_X1)                                    0.1685     0.5447 r
  U1661/ZN (INV_X1)                                     0.0607     0.6054 f
  U6590/ZN (NOR2_X2)                                    0.1531     0.7585 r
  U6591/ZN (NAND2_X1)                                   0.0532     0.8117 f
  U3102/ZN (AND2_X1)                                    0.0467     0.8584 f
  U8202/ZN (NOR2_X1)                                    0.0457     0.9042 r
  DRAM_DATA_tri_18_/Z (TBUF_X1)                         0.0556     0.9598 r
  DRAM_DATA[18] (inout)                                 0.0041     0.9639 r
  data arrival time                                                0.9639

  clock CLK (rise edge)                                 2.0000     2.0000
  clock network delay (ideal)                           0.0500     2.0500
  clock uncertainty                                    -0.0500     2.0000
  output external delay                                -0.2000     1.8000
  data required time                                               1.8000
  --------------------------------------------------------------------------
  data required time                                               1.8000
  data arrival time                                               -0.9639
  --------------------------------------------------------------------------
  slack (MET)                                                      0.8361


  Startpoint: DP_i_mem_access_i_rd_out_reg_i_Y_reg_1_
              (rising edge-triggered flip-flop clocked by CLK)
  Endpoint: DRAM_DATA[31]
            (output port clocked by CLK)
  Path Group: OUTPUTS
  Path Type: max

  Des/Clust/Port     Wire Load Model       Library
  ------------------------------------------------
  DLX                5K_hvratio_1_4        NangateOpenCellLibrary

  Point                                                   Incr       Path
  --------------------------------------------------------------------------
  clock CLK (rise edge)                                 0.0000     0.0000
  clock network delay (ideal)                           0.0500     0.0500
  DP_i_mem_access_i_rd_out_reg_i_Y_reg_1_/CK (DFF_X1)   0.0000     0.0500 r
  DP_i_mem_access_i_rd_out_reg_i_Y_reg_1_/Q (DFF_X1)    0.1099     0.1599 r
  U973/Z (CLKBUF_X1)                                    0.0786     0.2384 r
  U1590/ZN (XNOR2_X1)                                   0.0778     0.3163 r
  U2993/ZN (AND2_X1)                                    0.0424     0.3587 r
  U3050/ZN (AND4_X1)                                    0.1685     0.5272 r
  U1661/ZN (INV_X1)                                     0.0607     0.5879 f
  U6590/ZN (NOR2_X2)                                    0.1531     0.7410 r
  U6608/ZN (NAND2_X1)                                   0.0532     0.7942 f
  U1903/ZN (AND2_X1)                                    0.0467     0.8409 f
  U8233/ZN (NOR2_X1)                                    0.0457     0.8867 r
  DRAM_DATA_tri_31_/Z (TBUF_X1)                         0.0646     0.9512 r
  DRAM_DATA[31] (inout)                                 0.0054     0.9567 r
  data arrival time                                                0.9567

  clock CLK (rise edge)                                 2.0000     2.0000
  clock network delay (ideal)                           0.0500     2.0500
  clock uncertainty                                    -0.0500     2.0000
  output external delay                                -0.2000     1.8000
  data required time                                               1.8000
  --------------------------------------------------------------------------
  data required time                                               1.8000
  data arrival time                                               -0.9567
  --------------------------------------------------------------------------
  slack (MET)                                                      0.8433


  Startpoint: DP_i_mem_access_i_rd_out_reg_i_Y_reg_1_
              (rising edge-triggered flip-flop clocked by CLK)
  Endpoint: DRAM_DATA[23]
            (output port clocked by CLK)
  Path Group: OUTPUTS
  Path Type: max

  Des/Clust/Port     Wire Load Model       Library
  ------------------------------------------------
  DLX                5K_hvratio_1_4        NangateOpenCellLibrary

  Point                                                   Incr       Path
  --------------------------------------------------------------------------
  clock CLK (rise edge)                                 0.0000     0.0000
  clock network delay (ideal)                           0.0500     0.0500
  DP_i_mem_access_i_rd_out_reg_i_Y_reg_1_/CK (DFF_X1)   0.0000     0.0500 r
  DP_i_mem_access_i_rd_out_reg_i_Y_reg_1_/Q (DFF_X1)    0.1099     0.1599 r
  U973/Z (CLKBUF_X1)                                    0.0786     0.2384 r
  U1590/ZN (XNOR2_X1)                                   0.0778     0.3163 r
  U2993/ZN (AND2_X1)                                    0.0424     0.3587 r
  U3050/ZN (AND4_X1)                                    0.1685     0.5272 r
  U1661/ZN (INV_X1)                                     0.0607     0.5879 f
  U6590/ZN (NOR2_X2)                                    0.1531     0.7410 r
  U6606/ZN (NAND2_X1)                                   0.0532     0.7942 f
  U1980/ZN (AND2_X1)                                    0.0467     0.8409 f
  U8218/ZN (NOR2_X1)                                    0.0457     0.8867 r
  DRAM_DATA_tri_23_/Z (TBUF_X1)                         0.0599     0.9466 r
  DRAM_DATA[23] (inout)                                 0.0048     0.9514 r
  data arrival time                                                0.9514

  clock CLK (rise edge)                                 2.0000     2.0000
  clock network delay (ideal)                           0.0500     2.0500
  clock uncertainty                                    -0.0500     2.0000
  output external delay                                -0.2000     1.8000
  data required time                                               1.8000
  --------------------------------------------------------------------------
  data required time                                               1.8000
  data arrival time                                               -0.9514
  --------------------------------------------------------------------------
  slack (MET)                                                      0.8486


  Startpoint: DP_i_mem_access_i_rd_out_reg_i_Y_reg_2_
              (rising edge-triggered flip-flop clocked by CLK)
  Endpoint: DRAM_DATA[25]
            (output port clocked by CLK)
  Path Group: OUTPUTS
  Path Type: max

  Des/Clust/Port     Wire Load Model       Library
  ------------------------------------------------
  DLX                5K_hvratio_1_4        NangateOpenCellLibrary

  Point                                                   Incr       Path
  --------------------------------------------------------------------------
  clock CLK (rise edge)                                 0.0000     0.0000
  clock network delay (ideal)                           0.0500     0.0500
  DP_i_mem_access_i_rd_out_reg_i_Y_reg_2_/CK (DFF_X1)   0.0000     0.0500 r
  DP_i_mem_access_i_rd_out_reg_i_Y_reg_2_/Q (DFF_X1)    0.1176     0.1676 r
  U1237/Z (CLKBUF_X1)                                   0.0833     0.2509 r
  U5768/ZN (XNOR2_X1)                                   0.0834     0.3343 r
  U2993/ZN (AND2_X1)                                    0.0419     0.3762 r
  U3050/ZN (AND4_X1)                                    0.1685     0.5447 r
  U1661/ZN (INV_X1)                                     0.0607     0.6054 f
  U6590/ZN (NOR2_X2)                                    0.1531     0.7585 r
  U8219/ZN (AOI22_X1)                                   0.0663     0.8249 f
  U8220/ZN (NOR2_X1)                                    0.0550     0.8798 r
  DRAM_DATA_tri_25_/Z (TBUF_X1)                         0.0622     0.9420 r
  DRAM_DATA[25] (inout)                                 0.0048     0.9468 r
  data arrival time                                                0.9468

  clock CLK (rise edge)                                 2.0000     2.0000
  clock network delay (ideal)                           0.0500     2.0500
  clock uncertainty                                    -0.0500     2.0000
  output external delay                                -0.2000     1.8000
  data required time                                               1.8000
  --------------------------------------------------------------------------
  data required time                                               1.8000
  data arrival time                                               -0.9468
  --------------------------------------------------------------------------
  slack (MET)                                                      0.8532


  Startpoint: DP_i_mem_access_i_rd_out_reg_i_Y_reg_2_
              (rising edge-triggered flip-flop clocked by CLK)
  Endpoint: DRAM_DATA[26]
            (output port clocked by CLK)
  Path Group: OUTPUTS
  Path Type: max

  Des/Clust/Port     Wire Load Model       Library
  ------------------------------------------------
  DLX                5K_hvratio_1_4        NangateOpenCellLibrary

  Point                                                   Incr       Path
  --------------------------------------------------------------------------
  clock CLK (rise edge)                                 0.0000     0.0000
  clock network delay (ideal)                           0.0500     0.0500
  DP_i_mem_access_i_rd_out_reg_i_Y_reg_2_/CK (DFF_X1)   0.0000     0.0500 r
  DP_i_mem_access_i_rd_out_reg_i_Y_reg_2_/Q (DFF_X1)    0.1176     0.1676 r
  U1237/Z (CLKBUF_X1)                                   0.0833     0.2509 r
  U5768/ZN (XNOR2_X1)                                   0.0834     0.3343 r
  U2993/ZN (AND2_X1)                                    0.0419     0.3762 r
  U3050/ZN (AND4_X1)                                    0.1685     0.5447 r
  U1661/ZN (INV_X1)                                     0.0607     0.6054 f
  U6590/ZN (NOR2_X2)                                    0.1531     0.7585 r
  U8227/ZN (AOI22_X1)                                   0.0663     0.8249 f
  U8228/ZN (NOR2_X1)                                    0.0550     0.8798 r
  DRAM_DATA_tri_26_/Z (TBUF_X1)                         0.0621     0.9419 r
  DRAM_DATA[26] (inout)                                 0.0048     0.9468 r
  data arrival time                                                0.9468

  clock CLK (rise edge)                                 2.0000     2.0000
  clock network delay (ideal)                           0.0500     2.0500
  clock uncertainty                                    -0.0500     2.0000
  output external delay                                -0.2000     1.8000
  data required time                                               1.8000
  --------------------------------------------------------------------------
  data required time                                               1.8000
  data arrival time                                               -0.9468
  --------------------------------------------------------------------------
  slack (MET)                                                      0.8532


  Startpoint: DP_i_mem_access_i_rd_out_reg_i_Y_reg_2_
              (rising edge-triggered flip-flop clocked by CLK)
  Endpoint: DRAM_DATA[24]
            (output port clocked by CLK)
  Path Group: OUTPUTS
  Path Type: max

  Des/Clust/Port     Wire Load Model       Library
  ------------------------------------------------
  DLX                5K_hvratio_1_4        NangateOpenCellLibrary

  Point                                                   Incr       Path
  --------------------------------------------------------------------------
  clock CLK (rise edge)                                 0.0000     0.0000
  clock network delay (ideal)                           0.0500     0.0500
  DP_i_mem_access_i_rd_out_reg_i_Y_reg_2_/CK (DFF_X1)   0.0000     0.0500 r
  DP_i_mem_access_i_rd_out_reg_i_Y_reg_2_/Q (DFF_X1)    0.1176     0.1676 r
  U1237/Z (CLKBUF_X1)                                   0.0833     0.2509 r
  U5768/ZN (XNOR2_X1)                                   0.0834     0.3343 r
  U2993/ZN (AND2_X1)                                    0.0419     0.3762 r
  U3050/ZN (AND4_X1)                                    0.1685     0.5447 r
  U1661/ZN (INV_X1)                                     0.0607     0.6054 f
  U6590/ZN (NOR2_X2)                                    0.1531     0.7585 r
  U8223/ZN (AOI22_X1)                                   0.0663     0.8249 f
  U8224/ZN (NOR2_X1)                                    0.0550     0.8798 r
  DRAM_DATA_tri_24_/Z (TBUF_X1)                         0.0621     0.9419 r
  DRAM_DATA[24] (inout)                                 0.0048     0.9468 r
  data arrival time                                                0.9468

  clock CLK (rise edge)                                 2.0000     2.0000
  clock network delay (ideal)                           0.0500     2.0500
  clock uncertainty                                    -0.0500     2.0000
  output external delay                                -0.2000     1.8000
  data required time                                               1.8000
  --------------------------------------------------------------------------
  data required time                                               1.8000
  data arrival time                                               -0.9468
  --------------------------------------------------------------------------
  slack (MET)                                                      0.8532


1
