 
****************************************
Report : timing
        -path full
        -delay max
        -nworst 2
        -max_paths 10
Design : DLX
Version: W-2024.09-SP2
Date   : Tue Sep 29 11:58:14 2026
****************************************

Operating Conditions: typical   Library: NangateOpenCellLibrary
Wire Load Model Mode: top

  Startpoint: DP_i_decode_i_rs2_addr_i_Y_reg_0_
              (rising edge-triggered flip-flop clocked by CLK)
  Endpoint: DP_i_execute_i_boothmul_i_tree_i_register_i_3_Y_temp_reg_31_
            (rising edge-triggered flip-flop clocked by CLK)
  Path Group: REG2REG
  Path Type: max

  Des/Clust/Port     Wire Load Model       Library
  ------------------------------------------------
  DLX                5K_hvratio_1_4        NangateOpenCellLibrary

  Point                                                   Incr       Path
  --------------------------------------------------------------------------
  clock CLK (rise edge)                                 0.0000     0.0000
  clock network delay (ideal)                           0.0500     0.0500
  DP_i_decode_i_rs2_addr_i_Y_reg_0_/CK (DFF_X1)         0.0000     0.0500 r
  DP_i_decode_i_rs2_addr_i_Y_reg_0_/QN (DFF_X1)         0.0870     0.1370 r
  U3033/ZN (XNOR2_X1)                                   0.0634     0.2004 r
  U1341/ZN (AND2_X1)                                    0.0499     0.2503 r
  U2819/ZN (NAND4_X1)                                   0.0446     0.2949 f
  U4305/ZN (AND2_X2)                                    0.0548     0.3497 f
  U4316/ZN (INV_X1)                                     0.0448     0.3945 r
  U1069/ZN (INV_X1)                                     0.0368     0.4312 f
  U4317/ZN (NAND2_X1)                                   0.0372     0.4684 r
  U926/ZN (OAI211_X1)                                   0.0467     0.5151 f
  U925/Z (MUX2_X1)                                      0.0718     0.5869 f
  U4465/ZN (NAND2_X1)                                   0.0332     0.6201 r
  U3647/ZN (AND2_X1)                                    0.0538     0.6740 r
  U3704/ZN (INV_X1)                                     0.0299     0.7039 f
  U3162/ZN (AND2_X2)                                    0.0506     0.7545 f
  U4469/ZN (AOI22_X1)                                   0.0882     0.8427 r
  U4478/ZN (XNOR2_X1)                                   0.0719     0.9146 r
  U4490/ZN (XNOR2_X1)                                   0.0668     0.9813 r
  U7606/ZN (XNOR2_X1)                                   0.0503     1.0316 f
  U1318/ZN (NAND2_X1)                                   0.0382     1.0698 r
  U1320/ZN (NAND3_X1)                                   0.0420     1.1118 f
  U7638/S (FA_X1)                                       0.1458     1.2576 r
  U7647/ZN (XNOR2_X1)                                   0.0600     1.3176 r
  U7648/ZN (XNOR2_X1)                                   0.0598     1.3774 r
  U10736/ZN (AND2_X1)                                   0.0420     1.4194 r
  DP_i_execute_i_boothmul_i_tree_i_register_i_3_Y_temp_reg_31_/D (DFF_X2)
                                                        0.0109     1.4303 r
  data arrival time                                                1.4303

  clock CLK (rise edge)                                 1.0500     1.0500
  clock network delay (ideal)                           0.0500     1.1000
  clock uncertainty                                    -0.0500     1.0500
  DP_i_execute_i_boothmul_i_tree_i_register_i_3_Y_temp_reg_31_/CK (DFF_X2)
                                                        0.0000     1.0500 r
  library setup time                                   -0.0262     1.0238
  data required time                                               1.0238
  --------------------------------------------------------------------------
  data required time                                               1.0238
  data arrival time                                               -1.4303
  --------------------------------------------------------------------------
  slack (VIOLATED)                                                -0.4065


  Startpoint: DP_i_decode_i_rs2_addr_i_Y_reg_0_
              (rising edge-triggered flip-flop clocked by CLK)
  Endpoint: DP_i_execute_i_boothmul_i_tree_i_register_i_3_Y_temp_reg_31_
            (rising edge-triggered flip-flop clocked by CLK)
  Path Group: REG2REG
  Path Type: max

  Des/Clust/Port     Wire Load Model       Library
  ------------------------------------------------
  DLX                5K_hvratio_1_4        NangateOpenCellLibrary

  Point                                                   Incr       Path
  --------------------------------------------------------------------------
  clock CLK (rise edge)                                 0.0000     0.0000
  clock network delay (ideal)                           0.0500     0.0500
  DP_i_decode_i_rs2_addr_i_Y_reg_0_/CK (DFF_X1)         0.0000     0.0500 r
  DP_i_decode_i_rs2_addr_i_Y_reg_0_/QN (DFF_X1)         0.0870     0.1370 r
  U3033/ZN (XNOR2_X1)                                   0.0634     0.2004 r
  U1341/ZN (AND2_X1)                                    0.0499     0.2503 r
  U2819/ZN (NAND4_X1)                                   0.0446     0.2949 f
  U4305/ZN (AND2_X2)                                    0.0548     0.3497 f
  U4316/ZN (INV_X1)                                     0.0448     0.3945 r
  U1069/ZN (INV_X1)                                     0.0368     0.4312 f
  U4317/ZN (NAND2_X1)                                   0.0372     0.4684 r
  U926/ZN (OAI211_X1)                                   0.0467     0.5151 f
  U925/Z (MUX2_X1)                                      0.0718     0.5869 f
  U4465/ZN (NAND2_X1)                                   0.0332     0.6201 r
  U3647/ZN (AND2_X1)                                    0.0538     0.6740 r
  U3704/ZN (INV_X1)                                     0.0299     0.7039 f
  U3162/ZN (AND2_X2)                                    0.0506     0.7545 f
  U4469/ZN (AOI22_X1)                                   0.0882     0.8427 r
  U4478/ZN (XNOR2_X1)                                   0.0719     0.9146 r
  U4490/ZN (XNOR2_X1)                                   0.0668     0.9813 r
  U7606/ZN (XNOR2_X1)                                   0.0503     1.0316 f
  U1318/ZN (NAND2_X1)                                   0.0382     1.0698 r
  U1320/ZN (NAND3_X1)                                   0.0420     1.1118 f
  U7638/S (FA_X1)                                       0.1458     1.2576 r
  U7647/ZN (XNOR2_X1)                                   0.0600     1.3176 r
  U7648/ZN (XNOR2_X1)                                   0.0598     1.3774 r
  U10736/ZN (AND2_X1)                                   0.0420     1.4194 r
  DP_i_execute_i_boothmul_i_tree_i_register_i_3_Y_temp_reg_31_/D (DFF_X2)
                                                        0.0109     1.4303 r
  data arrival time                                                1.4303

  clock CLK (rise edge)                                 1.0500     1.0500
  clock network delay (ideal)                           0.0500     1.1000
  clock uncertainty                                    -0.0500     1.0500
  DP_i_execute_i_boothmul_i_tree_i_register_i_3_Y_temp_reg_31_/CK (DFF_X2)
                                                        0.0000     1.0500 r
  library setup time                                   -0.0262     1.0238
  data required time                                               1.0238
  --------------------------------------------------------------------------
  data required time                                               1.0238
  data arrival time                                               -1.4303
  --------------------------------------------------------------------------
  slack (VIOLATED)                                                -0.4065


  Startpoint: DP_i_mem_access_i_rd_out_reg_i_Y_reg_1_
              (rising edge-triggered flip-flop clocked by CLK)
  Endpoint: DP_i_execute_i_boothmul_i_tree_i_register_i_2_Y_temp_reg_31_
            (rising edge-triggered flip-flop clocked by CLK)
  Path Group: REG2REG
  Path Type: max

  Des/Clust/Port     Wire Load Model       Library
  ------------------------------------------------
  DLX                5K_hvratio_1_4        NangateOpenCellLibrary

  Point                                                   Incr       Path
  --------------------------------------------------------------------------
  clock CLK (rise edge)                                 0.0000     0.0000
  clock network delay (ideal)                           0.0500     0.0500
  DP_i_mem_access_i_rd_out_reg_i_Y_reg_1_/CK (DFF_X1)   0.0000     0.0500 r
  DP_i_mem_access_i_rd_out_reg_i_Y_reg_1_/QN (DFF_X1)   0.0870     0.1370 r
  U2780/ZN (XNOR2_X1)                                   0.0599     0.1969 r
  U2734/ZN (AND3_X1)                                    0.0564     0.2533 r
  U1388/ZN (AND4_X1)                                    0.0739     0.3272 r
  U1333/ZN (NOR2_X1)                                    0.0365     0.3637 f
  U836/Z (BUF_X1)                                       0.0489     0.4126 f
  U4553/ZN (AOI222_X1)                                  0.1222     0.5348 r
  U2716/Z (MUX2_X1)                                     0.0729     0.6077 r
  U4560/ZN (NOR2_X1)                                    0.0340     0.6416 f
  U3224/ZN (XNOR2_X1)                                   0.0683     0.7100 f
  U1224/Z (CLKBUF_X1)                                   0.0545     0.7645 f
  U1245/ZN (AND2_X1)                                    0.0433     0.8078 f
  U1246/ZN (NOR2_X1)                                    0.0670     0.8748 r
  U4657/S (FA_X1)                                       0.1390     1.0138 f
  U4669/S (FA_X1)                                       0.1686     1.1824 r
  U4671/ZN (XNOR2_X1)                                   0.0726     1.2550 r
  U8669/ZN (NAND2_X1)                                   0.0336     1.2886 f
  U3078/ZN (NAND2_X1)                                   0.0320     1.3206 r
  U3077/ZN (XNOR2_X1)                                   0.0561     1.3767 r
  U9562/ZN (AND2_X1)                                    0.0420     1.4188 r
  DP_i_execute_i_boothmul_i_tree_i_register_i_2_Y_temp_reg_31_/D (DFF_X2)
                                                        0.0109     1.4296 r
  data arrival time                                                1.4296

  clock CLK (rise edge)                                 1.0500     1.0500
  clock network delay (ideal)                           0.0500     1.1000
  clock uncertainty                                    -0.0500     1.0500
  DP_i_execute_i_boothmul_i_tree_i_register_i_2_Y_temp_reg_31_/CK (DFF_X2)
                                                        0.0000     1.0500 r
  library setup time                                   -0.0262     1.0238
  data required time                                               1.0238
  --------------------------------------------------------------------------
  data required time                                               1.0238
  data arrival time                                               -1.4296
  --------------------------------------------------------------------------
  slack (VIOLATED)                                                -0.4058


  Startpoint: DP_i_mem_access_i_rd_out_reg_i_Y_reg_1_
              (rising edge-triggered flip-flop clocked by CLK)
  Endpoint: DP_i_execute_i_boothmul_i_tree_i_register_i_2_Y_temp_reg_31_
            (rising edge-triggered flip-flop clocked by CLK)
  Path Group: REG2REG
  Path Type: max

  Des/Clust/Port     Wire Load Model       Library
  ------------------------------------------------
  DLX                5K_hvratio_1_4        NangateOpenCellLibrary

  Point                                                   Incr       Path
  --------------------------------------------------------------------------
  clock CLK (rise edge)                                 0.0000     0.0000
  clock network delay (ideal)                           0.0500     0.0500
  DP_i_mem_access_i_rd_out_reg_i_Y_reg_1_/CK (DFF_X1)   0.0000     0.0500 r
  DP_i_mem_access_i_rd_out_reg_i_Y_reg_1_/QN (DFF_X1)   0.0870     0.1370 r
  U2780/ZN (XNOR2_X1)                                   0.0599     0.1969 r
  U2734/ZN (AND3_X1)                                    0.0564     0.2533 r
  U1388/ZN (AND4_X1)                                    0.0739     0.3272 r
  U1333/ZN (NOR2_X1)                                    0.0365     0.3637 f
  U836/Z (BUF_X1)                                       0.0489     0.4126 f
  U4553/ZN (AOI222_X1)                                  0.1222     0.5348 r
  U2716/Z (MUX2_X1)                                     0.0729     0.6077 r
  U4560/ZN (NOR2_X1)                                    0.0340     0.6416 f
  U3224/ZN (XNOR2_X1)                                   0.0683     0.7100 f
  U1224/Z (CLKBUF_X1)                                   0.0545     0.7645 f
  U1245/ZN (AND2_X1)                                    0.0433     0.8078 f
  U1246/ZN (NOR2_X1)                                    0.0670     0.8748 r
  U4657/S (FA_X1)                                       0.1390     1.0138 f
  U4669/S (FA_X1)                                       0.1686     1.1824 r
  U4671/ZN (XNOR2_X1)                                   0.0726     1.2550 r
  U8669/ZN (NAND2_X1)                                   0.0336     1.2886 f
  U3078/ZN (NAND2_X1)                                   0.0320     1.3206 r
  U3077/ZN (XNOR2_X1)                                   0.0561     1.3767 r
  U9562/ZN (AND2_X1)                                    0.0420     1.4188 r
  DP_i_execute_i_boothmul_i_tree_i_register_i_2_Y_temp_reg_31_/D (DFF_X2)
                                                        0.0109     1.4296 r
  data arrival time                                                1.4296

  clock CLK (rise edge)                                 1.0500     1.0500
  clock network delay (ideal)                           0.0500     1.1000
  clock uncertainty                                    -0.0500     1.0500
  DP_i_execute_i_boothmul_i_tree_i_register_i_2_Y_temp_reg_31_/CK (DFF_X2)
                                                        0.0000     1.0500 r
  library setup time                                   -0.0262     1.0238
  data required time                                               1.0238
  --------------------------------------------------------------------------
  data required time                                               1.0238
  data arrival time                                               -1.4296
  --------------------------------------------------------------------------
  slack (VIOLATED)                                                -0.4058


  Startpoint: DP_i_mem_access_i_rd_out_reg_i_Y_reg_1_
              (rising edge-triggered flip-flop clocked by CLK)
  Endpoint: DP_i_execute_i_zero_alu_bit_Y_reg
            (rising edge-triggered flip-flop clocked by CLK)
  Path Group: REG2REG
  Path Type: max

  Des/Clust/Port     Wire Load Model       Library
  ------------------------------------------------
  DLX                5K_hvratio_1_4        NangateOpenCellLibrary

  Point                                                   Incr       Path
  --------------------------------------------------------------------------
  clock CLK (rise edge)                                 0.0000     0.0000
  clock network delay (ideal)                           0.0500     0.0500
  DP_i_mem_access_i_rd_out_reg_i_Y_reg_1_/CK (DFF_X1)   0.0000     0.0500 r
  DP_i_mem_access_i_rd_out_reg_i_Y_reg_1_/QN (DFF_X1)   0.0870     0.1370 r
  U2780/ZN (XNOR2_X1)                                   0.0599     0.1969 r
  U2734/ZN (AND3_X1)                                    0.0564     0.2533 r
  U1387/ZN (AND4_X2)                                    0.0686     0.3219 r
  U4305/ZN (AND2_X2)                                    0.0593     0.3812 r
  U4342/ZN (INV_X1)                                     0.0382     0.4194 f
  U3383/ZN (INV_X1)                                     0.0388     0.4582 r
  U4361/ZN (NAND2_X1)                                   0.0397     0.4979 f
  U3942/ZN (AND2_X1)                                    0.0454     0.5434 f
  U5657/ZN (NAND2_X1)                                   0.0310     0.5744 r
  U1351/ZN (AND3_X1)                                    0.0535     0.6279 r
  U5659/ZN (XNOR2_X1)                                   0.0366     0.6645 f
  U1412/ZN (OR4_X2)                                     0.1206     0.7851 f
  U5674/ZN (NAND4_X1)                                   0.0397     0.8247 r
  U2861/ZN (AND3_X1)                                    0.0603     0.8850 r
  U3035/ZN (OR3_X1)                                     0.0425     0.9276 r
  U3209/ZN (NAND2_X1)                                   0.0293     0.9569 f
  U6080/ZN (NOR2_X1)                                    0.0651     1.0220 r
  U3130/ZN (OR2_X1)                                     0.0542     1.0761 r
  U6467/ZN (OAI211_X1)                                  0.0410     1.1171 f
  U6468/ZN (XNOR2_X1)                                   0.0671     1.1842 r
  U2733/ZN (NOR2_X1)                                    0.0351     1.2193 f
  U3272/ZN (NOR4_X1)                                    0.0983     1.3176 r
  U9566/ZN (NAND4_X1)                                   0.0503     1.3679 f
  U10738/ZN (OAI21_X1)                                  0.0481     1.4160 r
  DP_i_execute_i_zero_alu_bit_Y_reg/D (DFF_X1)          0.0110     1.4270 r
  data arrival time                                                1.4270

  clock CLK (rise edge)                                 1.0500     1.0500
  clock network delay (ideal)                           0.0500     1.1000
  clock uncertainty                                    -0.0500     1.0500
  DP_i_execute_i_zero_alu_bit_Y_reg/CK (DFF_X1)         0.0000     1.0500 r
  library setup time                                   -0.0288     1.0212
  data required time                                               1.0212
  --------------------------------------------------------------------------
  data required time                                               1.0212
  data arrival time                                               -1.4270
  --------------------------------------------------------------------------
  slack (VIOLATED)                                                -0.4058


  Startpoint: DP_i_execute_i_rd_out_reg_i_Y_reg_1_
              (rising edge-triggered flip-flop clocked by CLK)
  Endpoint: DP_i_execute_i_zero_alu_bit_Y_reg
            (rising edge-triggered flip-flop clocked by CLK)
  Path Group: REG2REG
  Path Type: max

  Des/Clust/Port     Wire Load Model       Library
  ------------------------------------------------
  DLX                5K_hvratio_1_4        NangateOpenCellLibrary

  Point                                                   Incr       Path
  --------------------------------------------------------------------------
  clock CLK (rise edge)                                 0.0000     0.0000
  clock network delay (ideal)                           0.0500     0.0500
  DP_i_execute_i_rd_out_reg_i_Y_reg_1_/CK (DFF_X1)      0.0000     0.0500 r
  DP_i_execute_i_rd_out_reg_i_Y_reg_1_/Q (DFF_X1)       0.1071     0.1571 r
  U4290/ZN (XNOR2_X1)                                   0.0593     0.2164 r
  U4291/ZN (AND2_X1)                                    0.0470     0.2634 r
  U4292/ZN (NAND4_X1)                                   0.0524     0.3158 f
  U1150/ZN (AND2_X2)                                    0.0568     0.3725 f
  U4310/Z (BUF_X2)                                      0.0594     0.4319 f
  U4340/ZN (NAND2_X1)                                   0.0522     0.4841 r
  U1152/ZN (OAI211_X2)                                  0.0713     0.5554 f
  U5620/ZN (XNOR2_X1)                                   0.0898     0.6451 f
  U976/ZN (OAI21_X1)                                    0.0594     0.7045 r
  U3088/ZN (AND2_X1)                                    0.0489     0.7534 r
  U1160/ZN (NOR2_X1)                                    0.0289     0.7823 f
  U1167/ZN (OR2_X1)                                     0.0629     0.8452 f
  U3131/ZN (OR3_X1)                                     0.0925     0.9378 f
  U3753/ZN (NAND4_X1)                                   0.0367     0.9745 r
  U6407/ZN (NAND2_X1)                                   0.0368     1.0113 f
  U7152/ZN (NAND2_X1)                                   0.0320     1.0433 r
  U3798/ZN (AND2_X1)                                    0.0404     1.0837 r
  U3486/ZN (NOR3_X1)                                    0.0240     1.1077 f
  U7178/ZN (OR2_X1)                                     0.0658     1.1735 f
  U7568/ZN (OR2_X1)                                     0.0531     1.2266 f
  U3504/ZN (OR2_X1)                                     0.0588     1.2854 f
  U9523/ZN (NOR2_X1)                                    0.0377     1.3230 r
  U9566/ZN (NAND4_X1)                                   0.0448     1.3678 f
  U10738/ZN (OAI21_X1)                                  0.0481     1.4159 r
  DP_i_execute_i_zero_alu_bit_Y_reg/D (DFF_X1)          0.0110     1.4269 r
  data arrival time                                                1.4269

  clock CLK (rise edge)                                 1.0500     1.0500
  clock network delay (ideal)                           0.0500     1.1000
  clock uncertainty                                    -0.0500     1.0500
  DP_i_execute_i_zero_alu_bit_Y_reg/CK (DFF_X1)         0.0000     1.0500 r
  library setup time                                   -0.0288     1.0212
  data required time                                               1.0212
  --------------------------------------------------------------------------
  data required time                                               1.0212
  data arrival time                                               -1.4269
  --------------------------------------------------------------------------
  slack (VIOLATED)                                                -0.4057


  Startpoint: DP_i_mem_access_i_rd_out_reg_i_Y_reg_1_
              (rising edge-triggered flip-flop clocked by CLK)
  Endpoint: DP_i_execute_i_boothmul_i_tree_i_register_i_3_Y_temp_reg_26_
            (rising edge-triggered flip-flop clocked by CLK)
  Path Group: REG2REG
  Path Type: max

  Des/Clust/Port     Wire Load Model       Library
  ------------------------------------------------
  DLX                5K_hvratio_1_4        NangateOpenCellLibrary

  Point                                                   Incr       Path
  --------------------------------------------------------------------------
  clock CLK (rise edge)                                 0.0000     0.0000
  clock network delay (ideal)                           0.0500     0.0500
  DP_i_mem_access_i_rd_out_reg_i_Y_reg_1_/CK (DFF_X1)   0.0000     0.0500 r
  DP_i_mem_access_i_rd_out_reg_i_Y_reg_1_/QN (DFF_X1)   0.0870     0.1370 r
  U2780/ZN (XNOR2_X1)                                   0.0599     0.1969 r
  U2734/ZN (AND3_X1)                                    0.0564     0.2533 r
  U1388/ZN (AND4_X1)                                    0.0739     0.3272 r
  U4307/ZN (NOR2_X1)                                    0.0377     0.3649 f
  U4313/ZN (INV_X1)                                     0.0351     0.4000 r
  U4314/ZN (INV_X1)                                     0.0306     0.4306 f
  U4468/ZN (AOI222_X1)                                  0.1073     0.5379 r
  U3024/Z (MUX2_X1)                                     0.0643     0.6021 r
  U2979/Z (BUF_X1)                                      0.0561     0.6582 r
  U2877/Z (MUX2_X1)                                     0.1068     0.7650 f
  U8603/ZN (AOI22_X1)                                   0.0869     0.8519 r
  U932/S (FA_X1)                                        0.1358     0.9878 f
  U8604/ZN (XNOR2_X1)                                   0.0665     1.0543 f
  U8617/CO (FA_X1)                                      0.1087     1.1630 f
  U8620/ZN (XNOR2_X1)                                   0.0714     1.2344 r
  U1139/Z (XOR2_X1)                                     0.0787     1.3131 r
  U1137/ZN (XNOR2_X1)                                   0.0634     1.3764 r
  U10599/ZN (AND2_X1)                                   0.0420     1.4185 r
  DP_i_execute_i_boothmul_i_tree_i_register_i_3_Y_temp_reg_26_/D (DFF_X2)
                                                        0.0109     1.4293 r
  data arrival time                                                1.4293

  clock CLK (rise edge)                                 1.0500     1.0500
  clock network delay (ideal)                           0.0500     1.1000
  clock uncertainty                                    -0.0500     1.0500
  DP_i_execute_i_boothmul_i_tree_i_register_i_3_Y_temp_reg_26_/CK (DFF_X2)
                                                        0.0000     1.0500 r
  library setup time                                   -0.0262     1.0238
  data required time                                               1.0238
  --------------------------------------------------------------------------
  data required time                                               1.0238
  data arrival time                                               -1.4293
  --------------------------------------------------------------------------
  slack (VIOLATED)                                                -0.4055


  Startpoint: DP_i_mem_access_i_rd_out_reg_i_Y_reg_1_
              (rising edge-triggered flip-flop clocked by CLK)
  Endpoint: DP_i_execute_i_boothmul_i_tree_i_register_i_3_Y_temp_reg_26_
            (rising edge-triggered flip-flop clocked by CLK)
  Path Group: REG2REG
  Path Type: max

  Des/Clust/Port     Wire Load Model       Library
  ------------------------------------------------
  DLX                5K_hvratio_1_4        NangateOpenCellLibrary

  Point                                                   Incr       Path
  --------------------------------------------------------------------------
  clock CLK (rise edge)                                 0.0000     0.0000
  clock network delay (ideal)                           0.0500     0.0500
  DP_i_mem_access_i_rd_out_reg_i_Y_reg_1_/CK (DFF_X1)   0.0000     0.0500 r
  DP_i_mem_access_i_rd_out_reg_i_Y_reg_1_/QN (DFF_X1)   0.0870     0.1370 r
  U2780/ZN (XNOR2_X1)                                   0.0599     0.1969 r
  U2734/ZN (AND3_X1)                                    0.0564     0.2533 r
  U1388/ZN (AND4_X1)                                    0.0739     0.3272 r
  U4307/ZN (NOR2_X1)                                    0.0377     0.3649 f
  U4313/ZN (INV_X1)                                     0.0351     0.4000 r
  U4314/ZN (INV_X1)                                     0.0306     0.4306 f
  U4468/ZN (AOI222_X1)                                  0.1073     0.5379 r
  U3024/Z (MUX2_X1)                                     0.0643     0.6021 r
  U2979/Z (BUF_X1)                                      0.0561     0.6582 r
  U2877/Z (MUX2_X1)                                     0.1068     0.7650 f
  U8603/ZN (AOI22_X1)                                   0.0869     0.8519 r
  U932/S (FA_X1)                                        0.1358     0.9878 f
  U8604/ZN (XNOR2_X1)                                   0.0665     1.0543 f
  U8617/CO (FA_X1)                                      0.1087     1.1630 f
  U8620/ZN (XNOR2_X1)                                   0.0714     1.2344 r
  U1139/Z (XOR2_X1)                                     0.0787     1.3131 r
  U1137/ZN (XNOR2_X1)                                   0.0634     1.3764 r
  U10599/ZN (AND2_X1)                                   0.0420     1.4185 r
  DP_i_execute_i_boothmul_i_tree_i_register_i_3_Y_temp_reg_26_/D (DFF_X2)
                                                        0.0109     1.4293 r
  data arrival time                                                1.4293

  clock CLK (rise edge)                                 1.0500     1.0500
  clock network delay (ideal)                           0.0500     1.1000
  clock uncertainty                                    -0.0500     1.0500
  DP_i_execute_i_boothmul_i_tree_i_register_i_3_Y_temp_reg_26_/CK (DFF_X2)
                                                        0.0000     1.0500 r
  library setup time                                   -0.0262     1.0238
  data required time                                               1.0238
  --------------------------------------------------------------------------
  data required time                                               1.0238
  data arrival time                                               -1.4293
  --------------------------------------------------------------------------
  slack (VIOLATED)                                                -0.4055


  Startpoint: DP_i_mem_access_i_rd_out_reg_i_Y_reg_1_
              (rising edge-triggered flip-flop clocked by CLK)
  Endpoint: DP_i_execute_i_boothmul_i_tree_i_register_i_3_Y_temp_reg_30_
            (rising edge-triggered flip-flop clocked by CLK)
  Path Group: REG2REG
  Path Type: max

  Des/Clust/Port     Wire Load Model       Library
  ------------------------------------------------
  DLX                5K_hvratio_1_4        NangateOpenCellLibrary

  Point                                                   Incr       Path
  --------------------------------------------------------------------------
  clock CLK (rise edge)                                 0.0000     0.0000
  clock network delay (ideal)                           0.0500     0.0500
  DP_i_mem_access_i_rd_out_reg_i_Y_reg_1_/CK (DFF_X1)   0.0000     0.0500 r
  DP_i_mem_access_i_rd_out_reg_i_Y_reg_1_/QN (DFF_X1)   0.0870     0.1370 r
  U2780/ZN (XNOR2_X1)                                   0.0599     0.1969 r
  U2734/ZN (AND3_X1)                                    0.0564     0.2533 r
  U1388/ZN (AND4_X1)                                    0.0739     0.3272 r
  U1333/ZN (NOR2_X1)                                    0.0365     0.3637 f
  U836/Z (BUF_X1)                                       0.0489     0.4126 f
  U4553/ZN (AOI222_X1)                                  0.1222     0.5348 r
  U2716/Z (MUX2_X1)                                     0.0729     0.6077 r
  U4560/ZN (NOR2_X1)                                    0.0340     0.6416 f
  U3224/ZN (XNOR2_X1)                                   0.0683     0.7100 f
  U1224/Z (CLKBUF_X1)                                   0.0545     0.7645 f
  U1245/ZN (AND2_X1)                                    0.0433     0.8078 f
  U1246/ZN (NOR2_X1)                                    0.0670     0.8748 r
  U4657/S (FA_X1)                                       0.1390     1.0138 f
  U4669/S (FA_X1)                                       0.1686     1.1824 r
  U9304/ZN (XNOR2_X1)                                   0.0705     1.2529 r
  U9305/ZN (XNOR2_X1)                                   0.0632     1.3161 r
  U9306/ZN (XNOR2_X1)                                   0.0598     1.3759 r
  U10601/ZN (AND2_X1)                                   0.0423     1.4182 r
  DP_i_execute_i_boothmul_i_tree_i_register_i_3_Y_temp_reg_30_/D (DFF_X2)
                                                        0.0109     1.4291 r
  data arrival time                                                1.4291

  clock CLK (rise edge)                                 1.0500     1.0500
  clock network delay (ideal)                           0.0500     1.1000
  clock uncertainty                                    -0.0500     1.0500
  DP_i_execute_i_boothmul_i_tree_i_register_i_3_Y_temp_reg_30_/CK (DFF_X2)
                                                        0.0000     1.0500 r
  library setup time                                   -0.0262     1.0238
  data required time                                               1.0238
  --------------------------------------------------------------------------
  data required time                                               1.0238
  data arrival time                                               -1.4291
  --------------------------------------------------------------------------
  slack (VIOLATED)                                                -0.4052


  Startpoint: DP_i_mem_access_i_rd_out_reg_i_Y_reg_1_
              (rising edge-triggered flip-flop clocked by CLK)
  Endpoint: DP_i_execute_i_boothmul_i_tree_i_register_i_3_Y_temp_reg_30_
            (rising edge-triggered flip-flop clocked by CLK)
  Path Group: REG2REG
  Path Type: max

  Des/Clust/Port     Wire Load Model       Library
  ------------------------------------------------
  DLX                5K_hvratio_1_4        NangateOpenCellLibrary

  Point                                                   Incr       Path
  --------------------------------------------------------------------------
  clock CLK (rise edge)                                 0.0000     0.0000
  clock network delay (ideal)                           0.0500     0.0500
  DP_i_mem_access_i_rd_out_reg_i_Y_reg_1_/CK (DFF_X1)   0.0000     0.0500 r
  DP_i_mem_access_i_rd_out_reg_i_Y_reg_1_/QN (DFF_X1)   0.0870     0.1370 r
  U2780/ZN (XNOR2_X1)                                   0.0599     0.1969 r
  U2734/ZN (AND3_X1)                                    0.0564     0.2533 r
  U1388/ZN (AND4_X1)                                    0.0739     0.3272 r
  U1333/ZN (NOR2_X1)                                    0.0365     0.3637 f
  U836/Z (BUF_X1)                                       0.0489     0.4126 f
  U4553/ZN (AOI222_X1)                                  0.1222     0.5348 r
  U2716/Z (MUX2_X1)                                     0.0729     0.6077 r
  U4560/ZN (NOR2_X1)                                    0.0340     0.6416 f
  U3224/ZN (XNOR2_X1)                                   0.0683     0.7100 f
  U1224/Z (CLKBUF_X1)                                   0.0545     0.7645 f
  U1245/ZN (AND2_X1)                                    0.0433     0.8078 f
  U1246/ZN (NOR2_X1)                                    0.0670     0.8748 r
  U4657/S (FA_X1)                                       0.1390     1.0138 f
  U4669/S (FA_X1)                                       0.1686     1.1824 r
  U9304/ZN (XNOR2_X1)                                   0.0705     1.2529 r
  U9305/ZN (XNOR2_X1)                                   0.0632     1.3161 r
  U9306/ZN (XNOR2_X1)                                   0.0598     1.3759 r
  U10601/ZN (AND2_X1)                                   0.0423     1.4182 r
  DP_i_execute_i_boothmul_i_tree_i_register_i_3_Y_temp_reg_30_/D (DFF_X2)
                                                        0.0109     1.4291 r
  data arrival time                                                1.4291

  clock CLK (rise edge)                                 1.0500     1.0500
  clock network delay (ideal)                           0.0500     1.1000
  clock uncertainty                                    -0.0500     1.0500
  DP_i_execute_i_boothmul_i_tree_i_register_i_3_Y_temp_reg_30_/CK (DFF_X2)
                                                        0.0000     1.0500 r
  library setup time                                   -0.0262     1.0238
  data required time                                               1.0238
  --------------------------------------------------------------------------
  data required time                                               1.0238
  data arrival time                                               -1.4291
  --------------------------------------------------------------------------
  slack (VIOLATED)                                                -0.4052


  Startpoint: DP_i_mem_access_i_rd_out_reg_i_Y_reg_1_
              (rising edge-triggered flip-flop clocked by CLK)
  Endpoint: DP_i_fetch_i_pc_i_clk_gate_Y_reg/latch
            (gating element for clock CLK)
  Path Group: CLK
  Path Type: max

  Des/Clust/Port     Wire Load Model       Library
  ------------------------------------------------
  DLX                5K_hvratio_1_4        NangateOpenCellLibrary

  Point                                                   Incr       Path
  --------------------------------------------------------------------------
  clock CLK (rise edge)                                 0.0000     0.0000
  clock network delay (ideal)                           0.0500     0.0500
  DP_i_mem_access_i_rd_out_reg_i_Y_reg_1_/CK (DFF_X1)   0.0000     0.0500 r
  DP_i_mem_access_i_rd_out_reg_i_Y_reg_1_/Q (DFF_X1)    0.1067     0.1567 r
  DP_i_decode_i_reg_file_i/addr_w[1] (register_file)    0.0000     0.1567 r
  DP_i_decode_i_reg_file_i/U654/ZN (XNOR2_X1)           0.0613     0.2180 r
  DP_i_decode_i_reg_file_i/U656/ZN (AND2_X1)            0.0491     0.2671 r
  DP_i_decode_i_reg_file_i/U395/ZN (AND4_X2)            0.0721     0.3392 r
  DP_i_decode_i_reg_file_i/U474/ZN (NOR2_X1)            0.0411     0.3803 f
  DP_i_decode_i_reg_file_i/U363/ZN (AND2_X1)            0.0563     0.4366 f
  DP_i_decode_i_reg_file_i/U287/ZN (INV_X1)             0.0472     0.4838 r
  DP_i_decode_i_reg_file_i/U575/ZN (INV_X1)             0.0471     0.5309 f
  DP_i_decode_i_reg_file_i/U1137/ZN (NAND2_X1)          0.0386     0.5695 r
  DP_i_decode_i_reg_file_i/U515/ZN (AND2_X1)            0.0405     0.6100 r
  DP_i_decode_i_reg_file_i/U1142/ZN (NAND3_X1)          0.0357     0.6457 f
  DP_i_decode_i_reg_file_i/U133/ZN (OR4_X2)             0.1191     0.7648 f
  DP_i_decode_i_reg_file_i/output1[29] (register_file)
                                                        0.0000     0.7648 f
  U5440/ZN (NAND2_X1)                                   0.0356     0.8004 r
  U1198/ZN (AND2_X1)                                    0.0450     0.8454 r
  U3431/ZN (XNOR2_X1)                                   0.0557     0.9011 r
  U3970/ZN (AND3_X1)                                    0.0528     0.9539 r
  U3619/ZN (AND4_X1)                                    0.0669     1.0208 r
  U5468/ZN (AOI21_X1)                                   0.0353     1.0560 f
  U3148/ZN (OAI211_X1)                                  0.0383     1.0943 r
  U10066/ZN (NAND2_X1)                                  0.0285     1.1228 f
  DP_i_fetch_i_pc_i_clk_gate_Y_reg/EN (SNPS_CLOCK_GATE_HIGH_data_reg_NBIT30_2_2)
                                                        0.0000     1.1228 f
  DP_i_fetch_i_pc_i_clk_gate_Y_reg/latch/E (CLKGATETST_X1)
                                                        0.0088     1.1316 f
  data arrival time                                                1.1316

  clock CLK (rise edge)                                 1.0500     1.0500
  clock network delay (ideal)                           0.0500     1.1000
  clock uncertainty                                    -0.0500     1.0500
  DP_i_fetch_i_pc_i_clk_gate_Y_reg/latch/CK (CLKGATETST_X1)
                                                        0.0000     1.0500 r
  clock gating setup time                              -0.0632     0.9868
  data required time                                               0.9868
  --------------------------------------------------------------------------
  data required time                                               0.9868
  data arrival time                                               -1.1316
  --------------------------------------------------------------------------
  slack (VIOLATED)                                                -0.1448


  Startpoint: DP_i_mem_access_i_rd_out_reg_i_Y_reg_4_
              (rising edge-triggered flip-flop clocked by CLK)
  Endpoint: DP_i_fetch_i_pc_i_clk_gate_Y_reg/latch
            (gating element for clock CLK)
  Path Group: CLK
  Path Type: max

  Des/Clust/Port     Wire Load Model       Library
  ------------------------------------------------
  DLX                5K_hvratio_1_4        NangateOpenCellLibrary

  Point                                                   Incr       Path
  --------------------------------------------------------------------------
  clock CLK (rise edge)                                 0.0000     0.0000
  clock network delay (ideal)                           0.0500     0.0500
  DP_i_mem_access_i_rd_out_reg_i_Y_reg_4_/CK (DFF_X1)   0.0000     0.0500 r
  DP_i_mem_access_i_rd_out_reg_i_Y_reg_4_/Q (DFF_X1)    0.1102     0.1602 r
  DP_i_decode_i_reg_file_i/addr_w[4] (register_file)    0.0000     0.1602 r
  DP_i_decode_i_reg_file_i/U652/ZN (XNOR2_X1)           0.0625     0.2227 r
  DP_i_decode_i_reg_file_i/U653/ZN (AND2_X1)            0.0488     0.2715 r
  DP_i_decode_i_reg_file_i/U395/ZN (AND4_X2)            0.0677     0.3392 r
  DP_i_decode_i_reg_file_i/U474/ZN (NOR2_X1)            0.0411     0.3802 f
  DP_i_decode_i_reg_file_i/U363/ZN (AND2_X1)            0.0563     0.4365 f
  DP_i_decode_i_reg_file_i/U287/ZN (INV_X1)             0.0472     0.4838 r
  DP_i_decode_i_reg_file_i/U575/ZN (INV_X1)             0.0471     0.5308 f
  DP_i_decode_i_reg_file_i/U1137/ZN (NAND2_X1)          0.0386     0.5694 r
  DP_i_decode_i_reg_file_i/U515/ZN (AND2_X1)            0.0405     0.6099 r
  DP_i_decode_i_reg_file_i/U1142/ZN (NAND3_X1)          0.0357     0.6457 f
  DP_i_decode_i_reg_file_i/U133/ZN (OR4_X2)             0.1191     0.7647 f
  DP_i_decode_i_reg_file_i/output1[29] (register_file)
                                                        0.0000     0.7647 f
  U5440/ZN (NAND2_X1)                                   0.0356     0.8003 r
  U1198/ZN (AND2_X1)                                    0.0450     0.8453 r
  U3431/ZN (XNOR2_X1)                                   0.0557     0.9011 r
  U3970/ZN (AND3_X1)                                    0.0528     0.9538 r
  U3619/ZN (AND4_X1)                                    0.0669     1.0207 r
  U5468/ZN (AOI21_X1)                                   0.0353     1.0560 f
  U3148/ZN (OAI211_X1)                                  0.0383     1.0942 r
  U10066/ZN (NAND2_X1)                                  0.0285     1.1227 f
  DP_i_fetch_i_pc_i_clk_gate_Y_reg/EN (SNPS_CLOCK_GATE_HIGH_data_reg_NBIT30_2_2)
                                                        0.0000     1.1227 f
  DP_i_fetch_i_pc_i_clk_gate_Y_reg/latch/E (CLKGATETST_X1)
                                                        0.0088     1.1315 f
  data arrival time                                                1.1315

  clock CLK (rise edge)                                 1.0500     1.0500
  clock network delay (ideal)                           0.0500     1.1000
  clock uncertainty                                    -0.0500     1.0500
  DP_i_fetch_i_pc_i_clk_gate_Y_reg/latch/CK (CLKGATETST_X1)
                                                        0.0000     1.0500 r
  clock gating setup time                              -0.0632     0.9868
  data required time                                               0.9868
  --------------------------------------------------------------------------
  data required time                                               0.9868
  data arrival time                                               -1.1315
  --------------------------------------------------------------------------
  slack (VIOLATED)                                                -0.1447


  Startpoint: DP_i_fetch_i_btb_update_latch_i_pc_branch_out_reg_5_
              (rising edge-triggered flip-flop clocked by CLK)
  Endpoint: DP_i_fetch_i_btb_i_clk_gate_btb_table_reg_0__TARGET_/latch
            (gating element for clock CLK)
  Path Group: CLK
  Path Type: max

  Des/Clust/Port     Wire Load Model       Library
  ------------------------------------------------
  DLX                5K_hvratio_1_4        NangateOpenCellLibrary

  Point                                                   Incr       Path
  --------------------------------------------------------------------------
  clock CLK (rise edge)                                 0.0000     0.0000
  clock network delay (ideal)                           0.0500     0.0500
  DP_i_fetch_i_btb_update_latch_i_pc_branch_out_reg_5_/CK (DFF_X1)
                                                        0.0000     0.0500 r
  DP_i_fetch_i_btb_update_latch_i_pc_branch_out_reg_5_/Q (DFF_X1)
                                                        0.1048     0.1548 r
  U1179/ZN (AND2_X1)                                    0.0772     0.2320 r
  U8054/ZN (NAND2_X1)                                   0.0575     0.2895 f
  U938/ZN (INV_X1)                                      0.1578     0.4473 r
  U8189/ZN (AOI22_X1)                                   0.0747     0.5220 f
  U8193/ZN (NAND4_X1)                                   0.0427     0.5647 r
  U8194/ZN (NOR2_X1)                                    0.0283     0.5930 f
  U8195/ZN (XNOR2_X1)                                   0.0536     0.6466 f
  U2264/ZN (OR2_X1)                                     0.0591     0.7058 f
  U8354/ZN (NOR4_X1)                                    0.0945     0.8003 r
  U852/ZN (NAND4_X1)                                    0.0549     0.8552 f
  U9908/ZN (AND3_X2)                                    0.0623     0.9175 f
  DP_i_fetch_i_btb_i_U492/ZN (NAND2_X1)                 0.0696     0.9871 r
  U1011/ZN (OAI21_X2)                                   0.0584     1.0455 f
  U1008/ZN (INV_X1)                                     0.0442     1.0897 r
  DP_i_fetch_i_btb_i_U497/ZN (NOR2_X1)                  0.0297     1.1194 f
  DP_i_fetch_i_btb_i_clk_gate_btb_table_reg_0__TARGET_/EN (SNPS_CLOCK_GATE_HIGH_BTB_NBIT32_BTB_DEPTH16_BTB_INDEX_MSB5_32)
                                                        0.0000     1.1194 f
  DP_i_fetch_i_btb_i_clk_gate_btb_table_reg_0__TARGET_/latch/E (CLKGATETST_X1)
                                                        0.0088     1.1282 f
  data arrival time                                                1.1282

  clock CLK (rise edge)                                 1.0500     1.0500
  clock network delay (ideal)                           0.0500     1.1000
  clock uncertainty                                    -0.0500     1.0500
  DP_i_fetch_i_btb_i_clk_gate_btb_table_reg_0__TARGET_/latch/CK (CLKGATETST_X1)
                                                        0.0000     1.0500 r
  clock gating setup time                              -0.0644     0.9856
  data required time                                               0.9856
  --------------------------------------------------------------------------
  data required time                                               0.9856
  data arrival time                                               -1.1282
  --------------------------------------------------------------------------
  slack (VIOLATED)                                                -0.1427


  Startpoint: DP_i_fetch_i_btb_update_latch_i_pc_branch_out_reg_5_
              (rising edge-triggered flip-flop clocked by CLK)
  Endpoint: DP_i_fetch_i_btb_i_clk_gate_btb_table_reg_1__TARGET_/latch
            (gating element for clock CLK)
  Path Group: CLK
  Path Type: max

  Des/Clust/Port     Wire Load Model       Library
  ------------------------------------------------
  DLX                5K_hvratio_1_4        NangateOpenCellLibrary

  Point                                                   Incr       Path
  --------------------------------------------------------------------------
  clock CLK (rise edge)                                 0.0000     0.0000
  clock network delay (ideal)                           0.0500     0.0500
  DP_i_fetch_i_btb_update_latch_i_pc_branch_out_reg_5_/CK (DFF_X1)
                                                        0.0000     0.0500 r
  DP_i_fetch_i_btb_update_latch_i_pc_branch_out_reg_5_/Q (DFF_X1)
                                                        0.1048     0.1548 r
  U1179/ZN (AND2_X1)                                    0.0772     0.2320 r
  U8054/ZN (NAND2_X1)                                   0.0575     0.2895 f
  U938/ZN (INV_X1)                                      0.1578     0.4473 r
  U8189/ZN (AOI22_X1)                                   0.0747     0.5220 f
  U8193/ZN (NAND4_X1)                                   0.0427     0.5647 r
  U8194/ZN (NOR2_X1)                                    0.0283     0.5930 f
  U8195/ZN (XNOR2_X1)                                   0.0536     0.6466 f
  U2264/ZN (OR2_X1)                                     0.0591     0.7058 f
  U8354/ZN (NOR4_X1)                                    0.0945     0.8003 r
  U852/ZN (NAND4_X1)                                    0.0549     0.8552 f
  U9908/ZN (AND3_X2)                                    0.0623     0.9175 f
  DP_i_fetch_i_btb_i_U492/ZN (NAND2_X1)                 0.0696     0.9871 r
  U1011/ZN (OAI21_X2)                                   0.0584     1.0455 f
  U1008/ZN (INV_X1)                                     0.0442     1.0897 r
  DP_i_fetch_i_btb_i_U499/ZN (NOR2_X1)                  0.0297     1.1194 f
  DP_i_fetch_i_btb_i_clk_gate_btb_table_reg_1__TARGET_/EN (SNPS_CLOCK_GATE_HIGH_BTB_NBIT32_BTB_DEPTH16_BTB_INDEX_MSB5_30)
                                                        0.0000     1.1194 f
  DP_i_fetch_i_btb_i_clk_gate_btb_table_reg_1__TARGET_/latch/E (CLKGATETST_X1)
                                                        0.0088     1.1282 f
  data arrival time                                                1.1282

  clock CLK (rise edge)                                 1.0500     1.0500
  clock network delay (ideal)                           0.0500     1.1000
  clock uncertainty                                    -0.0500     1.0500
  DP_i_fetch_i_btb_i_clk_gate_btb_table_reg_1__TARGET_/latch/CK (CLKGATETST_X1)
                                                        0.0000     1.0500 r
  clock gating setup time                              -0.0644     0.9856
  data required time                                               0.9856
  --------------------------------------------------------------------------
  data required time                                               0.9856
  data arrival time                                               -1.1282
  --------------------------------------------------------------------------
  slack (VIOLATED)                                                -0.1427


  Startpoint: DP_i_fetch_i_btb_update_latch_i_pc_branch_out_reg_5_
              (rising edge-triggered flip-flop clocked by CLK)
  Endpoint: DP_i_fetch_i_btb_i_clk_gate_btb_table_reg_3__TARGET_/latch
            (gating element for clock CLK)
  Path Group: CLK
  Path Type: max

  Des/Clust/Port     Wire Load Model       Library
  ------------------------------------------------
  DLX                5K_hvratio_1_4        NangateOpenCellLibrary

  Point                                                   Incr       Path
  --------------------------------------------------------------------------
  clock CLK (rise edge)                                 0.0000     0.0000
  clock network delay (ideal)                           0.0500     0.0500
  DP_i_fetch_i_btb_update_latch_i_pc_branch_out_reg_5_/CK (DFF_X1)
                                                        0.0000     0.0500 r
  DP_i_fetch_i_btb_update_latch_i_pc_branch_out_reg_5_/Q (DFF_X1)
                                                        0.1048     0.1548 r
  U1179/ZN (AND2_X1)                                    0.0772     0.2320 r
  U8054/ZN (NAND2_X1)                                   0.0575     0.2895 f
  U938/ZN (INV_X1)                                      0.1578     0.4473 r
  U8189/ZN (AOI22_X1)                                   0.0747     0.5220 f
  U8193/ZN (NAND4_X1)                                   0.0427     0.5647 r
  U8194/ZN (NOR2_X1)                                    0.0283     0.5930 f
  U8195/ZN (XNOR2_X1)                                   0.0536     0.6466 f
  U2264/ZN (OR2_X1)                                     0.0591     0.7058 f
  U8354/ZN (NOR4_X1)                                    0.0945     0.8003 r
  U852/ZN (NAND4_X1)                                    0.0549     0.8552 f
  U9908/ZN (AND3_X2)                                    0.0623     0.9175 f
  DP_i_fetch_i_btb_i_U492/ZN (NAND2_X1)                 0.0696     0.9871 r
  U1011/ZN (OAI21_X2)                                   0.0584     1.0455 f
  U1008/ZN (INV_X1)                                     0.0442     1.0897 r
  DP_i_fetch_i_btb_i_U504/ZN (NOR2_X1)                  0.0297     1.1194 f
  DP_i_fetch_i_btb_i_clk_gate_btb_table_reg_3__TARGET_/EN (SNPS_CLOCK_GATE_HIGH_BTB_NBIT32_BTB_DEPTH16_BTB_INDEX_MSB5_26)
                                                        0.0000     1.1194 f
  DP_i_fetch_i_btb_i_clk_gate_btb_table_reg_3__TARGET_/latch/E (CLKGATETST_X1)
                                                        0.0088     1.1282 f
  data arrival time                                                1.1282

  clock CLK (rise edge)                                 1.0500     1.0500
  clock network delay (ideal)                           0.0500     1.1000
  clock uncertainty                                    -0.0500     1.0500
  DP_i_fetch_i_btb_i_clk_gate_btb_table_reg_3__TARGET_/latch/CK (CLKGATETST_X1)
                                                        0.0000     1.0500 r
  clock gating setup time                              -0.0644     0.9856
  data required time                                               0.9856
  --------------------------------------------------------------------------
  data required time                                               0.9856
  data arrival time                                               -1.1282
  --------------------------------------------------------------------------
  slack (VIOLATED)                                                -0.1427


  Startpoint: DP_i_fetch_i_btb_update_latch_i_pc_branch_out_reg_5_
              (rising edge-triggered flip-flop clocked by CLK)
  Endpoint: DP_i_fetch_i_btb_i_clk_gate_btb_table_reg_2__TARGET_/latch
            (gating element for clock CLK)
  Path Group: CLK
  Path Type: max

  Des/Clust/Port     Wire Load Model       Library
  ------------------------------------------------
  DLX                5K_hvratio_1_4        NangateOpenCellLibrary

  Point                                                   Incr       Path
  --------------------------------------------------------------------------
  clock CLK (rise edge)                                 0.0000     0.0000
  clock network delay (ideal)                           0.0500     0.0500
  DP_i_fetch_i_btb_update_latch_i_pc_branch_out_reg_5_/CK (DFF_X1)
                                                        0.0000     0.0500 r
  DP_i_fetch_i_btb_update_latch_i_pc_branch_out_reg_5_/Q (DFF_X1)
                                                        0.1048     0.1548 r
  U1179/ZN (AND2_X1)                                    0.0772     0.2320 r
  U8054/ZN (NAND2_X1)                                   0.0575     0.2895 f
  U938/ZN (INV_X1)                                      0.1578     0.4473 r
  U8189/ZN (AOI22_X1)                                   0.0747     0.5220 f
  U8193/ZN (NAND4_X1)                                   0.0427     0.5647 r
  U8194/ZN (NOR2_X1)                                    0.0283     0.5930 f
  U8195/ZN (XNOR2_X1)                                   0.0536     0.6466 f
  U2264/ZN (OR2_X1)                                     0.0591     0.7058 f
  U8354/ZN (NOR4_X1)                                    0.0945     0.8003 r
  U852/ZN (NAND4_X1)                                    0.0549     0.8552 f
  U9908/ZN (AND3_X2)                                    0.0623     0.9175 f
  DP_i_fetch_i_btb_i_U492/ZN (NAND2_X1)                 0.0696     0.9871 r
  U1011/ZN (OAI21_X2)                                   0.0584     1.0455 f
  U1008/ZN (INV_X1)                                     0.0442     1.0897 r
  DP_i_fetch_i_btb_i_U502/ZN (NOR2_X1)                  0.0297     1.1194 f
  DP_i_fetch_i_btb_i_clk_gate_btb_table_reg_2__TARGET_/EN (SNPS_CLOCK_GATE_HIGH_BTB_NBIT32_BTB_DEPTH16_BTB_INDEX_MSB5_28)
                                                        0.0000     1.1194 f
  DP_i_fetch_i_btb_i_clk_gate_btb_table_reg_2__TARGET_/latch/E (CLKGATETST_X1)
                                                        0.0088     1.1282 f
  data arrival time                                                1.1282

  clock CLK (rise edge)                                 1.0500     1.0500
  clock network delay (ideal)                           0.0500     1.1000
  clock uncertainty                                    -0.0500     1.0500
  DP_i_fetch_i_btb_i_clk_gate_btb_table_reg_2__TARGET_/latch/CK (CLKGATETST_X1)
                                                        0.0000     1.0500 r
  clock gating setup time                              -0.0644     0.9856
  data required time                                               0.9856
  --------------------------------------------------------------------------
  data required time                                               0.9856
  data arrival time                                               -1.1282
  --------------------------------------------------------------------------
  slack (VIOLATED)                                                -0.1427


  Startpoint: DP_i_fetch_i_btb_update_latch_i_pc_branch_out_reg_3_
              (rising edge-triggered flip-flop clocked by CLK)
  Endpoint: DP_i_fetch_i_btb_i_clk_gate_btb_table_reg_0__TARGET_/latch
            (gating element for clock CLK)
  Path Group: CLK
  Path Type: max

  Des/Clust/Port     Wire Load Model       Library
  ------------------------------------------------
  DLX                5K_hvratio_1_4        NangateOpenCellLibrary

  Point                                                   Incr       Path
  --------------------------------------------------------------------------
  clock CLK (rise edge)                                 0.0000     0.0000
  clock network delay (ideal)                           0.0500     0.0500
  DP_i_fetch_i_btb_update_latch_i_pc_branch_out_reg_3_/CK (DFF_X1)
                                                        0.0000     0.0500 r
  DP_i_fetch_i_btb_update_latch_i_pc_branch_out_reg_3_/QN (DFF_X1)
                                                        0.0822     0.1322 r
  U8035/ZN (AND2_X1)                                    0.0918     0.2240 r
  U8054/ZN (NAND2_X1)                                   0.0650     0.2890 f
  U938/ZN (INV_X1)                                      0.1578     0.4468 r
  U8189/ZN (AOI22_X1)                                   0.0747     0.5215 f
  U8193/ZN (NAND4_X1)                                   0.0427     0.5643 r
  U8194/ZN (NOR2_X1)                                    0.0283     0.5925 f
  U8195/ZN (XNOR2_X1)                                   0.0536     0.6462 f
  U2264/ZN (OR2_X1)                                     0.0591     0.7053 f
  U8354/ZN (NOR4_X1)                                    0.0945     0.7999 r
  U852/ZN (NAND4_X1)                                    0.0549     0.8548 f
  U9908/ZN (AND3_X2)                                    0.0623     0.9170 f
  DP_i_fetch_i_btb_i_U492/ZN (NAND2_X1)                 0.0696     0.9867 r
  U1011/ZN (OAI21_X2)                                   0.0584     1.0451 f
  U1008/ZN (INV_X1)                                     0.0442     1.0893 r
  DP_i_fetch_i_btb_i_U497/ZN (NOR2_X1)                  0.0297     1.1190 f
  DP_i_fetch_i_btb_i_clk_gate_btb_table_reg_0__TARGET_/EN (SNPS_CLOCK_GATE_HIGH_BTB_NBIT32_BTB_DEPTH16_BTB_INDEX_MSB5_32)
                                                        0.0000     1.1190 f
  DP_i_fetch_i_btb_i_clk_gate_btb_table_reg_0__TARGET_/latch/E (CLKGATETST_X1)
                                                        0.0088     1.1278 f
  data arrival time                                                1.1278

  clock CLK (rise edge)                                 1.0500     1.0500
  clock network delay (ideal)                           0.0500     1.1000
  clock uncertainty                                    -0.0500     1.0500
  DP_i_fetch_i_btb_i_clk_gate_btb_table_reg_0__TARGET_/latch/CK (CLKGATETST_X1)
                                                        0.0000     1.0500 r
  clock gating setup time                              -0.0644     0.9856
  data required time                                               0.9856
  --------------------------------------------------------------------------
  data required time                                               0.9856
  data arrival time                                               -1.1278
  --------------------------------------------------------------------------
  slack (VIOLATED)                                                -0.1422


  Startpoint: DP_i_fetch_i_btb_update_latch_i_pc_branch_out_reg_3_
              (rising edge-triggered flip-flop clocked by CLK)
  Endpoint: DP_i_fetch_i_btb_i_clk_gate_btb_table_reg_1__TARGET_/latch
            (gating element for clock CLK)
  Path Group: CLK
  Path Type: max

  Des/Clust/Port     Wire Load Model       Library
  ------------------------------------------------
  DLX                5K_hvratio_1_4        NangateOpenCellLibrary

  Point                                                   Incr       Path
  --------------------------------------------------------------------------
  clock CLK (rise edge)                                 0.0000     0.0000
  clock network delay (ideal)                           0.0500     0.0500
  DP_i_fetch_i_btb_update_latch_i_pc_branch_out_reg_3_/CK (DFF_X1)
                                                        0.0000     0.0500 r
  DP_i_fetch_i_btb_update_latch_i_pc_branch_out_reg_3_/QN (DFF_X1)
                                                        0.0822     0.1322 r
  U8035/ZN (AND2_X1)                                    0.0918     0.2240 r
  U8054/ZN (NAND2_X1)                                   0.0650     0.2890 f
  U938/ZN (INV_X1)                                      0.1578     0.4468 r
  U8189/ZN (AOI22_X1)                                   0.0747     0.5215 f
  U8193/ZN (NAND4_X1)                                   0.0427     0.5643 r
  U8194/ZN (NOR2_X1)                                    0.0283     0.5925 f
  U8195/ZN (XNOR2_X1)                                   0.0536     0.6462 f
  U2264/ZN (OR2_X1)                                     0.0591     0.7053 f
  U8354/ZN (NOR4_X1)                                    0.0945     0.7999 r
  U852/ZN (NAND4_X1)                                    0.0549     0.8548 f
  U9908/ZN (AND3_X2)                                    0.0623     0.9170 f
  DP_i_fetch_i_btb_i_U492/ZN (NAND2_X1)                 0.0696     0.9867 r
  U1011/ZN (OAI21_X2)                                   0.0584     1.0451 f
  U1008/ZN (INV_X1)                                     0.0442     1.0893 r
  DP_i_fetch_i_btb_i_U499/ZN (NOR2_X1)                  0.0297     1.1190 f
  DP_i_fetch_i_btb_i_clk_gate_btb_table_reg_1__TARGET_/EN (SNPS_CLOCK_GATE_HIGH_BTB_NBIT32_BTB_DEPTH16_BTB_INDEX_MSB5_30)
                                                        0.0000     1.1190 f
  DP_i_fetch_i_btb_i_clk_gate_btb_table_reg_1__TARGET_/latch/E (CLKGATETST_X1)
                                                        0.0088     1.1278 f
  data arrival time                                                1.1278

  clock CLK (rise edge)                                 1.0500     1.0500
  clock network delay (ideal)                           0.0500     1.1000
  clock uncertainty                                    -0.0500     1.0500
  DP_i_fetch_i_btb_i_clk_gate_btb_table_reg_1__TARGET_/latch/CK (CLKGATETST_X1)
                                                        0.0000     1.0500 r
  clock gating setup time                              -0.0644     0.9856
  data required time                                               0.9856
  --------------------------------------------------------------------------
  data required time                                               0.9856
  data arrival time                                               -1.1278
  --------------------------------------------------------------------------
  slack (VIOLATED)                                                -0.1422


  Startpoint: DP_i_fetch_i_btb_update_latch_i_pc_branch_out_reg_3_
              (rising edge-triggered flip-flop clocked by CLK)
  Endpoint: DP_i_fetch_i_btb_i_clk_gate_btb_table_reg_3__TARGET_/latch
            (gating element for clock CLK)
  Path Group: CLK
  Path Type: max

  Des/Clust/Port     Wire Load Model       Library
  ------------------------------------------------
  DLX                5K_hvratio_1_4        NangateOpenCellLibrary

  Point                                                   Incr       Path
  --------------------------------------------------------------------------
  clock CLK (rise edge)                                 0.0000     0.0000
  clock network delay (ideal)                           0.0500     0.0500
  DP_i_fetch_i_btb_update_latch_i_pc_branch_out_reg_3_/CK (DFF_X1)
                                                        0.0000     0.0500 r
  DP_i_fetch_i_btb_update_latch_i_pc_branch_out_reg_3_/QN (DFF_X1)
                                                        0.0822     0.1322 r
  U8035/ZN (AND2_X1)                                    0.0918     0.2240 r
  U8054/ZN (NAND2_X1)                                   0.0650     0.2890 f
  U938/ZN (INV_X1)                                      0.1578     0.4468 r
  U8189/ZN (AOI22_X1)                                   0.0747     0.5215 f
  U8193/ZN (NAND4_X1)                                   0.0427     0.5643 r
  U8194/ZN (NOR2_X1)                                    0.0283     0.5925 f
  U8195/ZN (XNOR2_X1)                                   0.0536     0.6462 f
  U2264/ZN (OR2_X1)                                     0.0591     0.7053 f
  U8354/ZN (NOR4_X1)                                    0.0945     0.7999 r
  U852/ZN (NAND4_X1)                                    0.0549     0.8548 f
  U9908/ZN (AND3_X2)                                    0.0623     0.9170 f
  DP_i_fetch_i_btb_i_U492/ZN (NAND2_X1)                 0.0696     0.9867 r
  U1011/ZN (OAI21_X2)                                   0.0584     1.0451 f
  U1008/ZN (INV_X1)                                     0.0442     1.0893 r
  DP_i_fetch_i_btb_i_U504/ZN (NOR2_X1)                  0.0297     1.1190 f
  DP_i_fetch_i_btb_i_clk_gate_btb_table_reg_3__TARGET_/EN (SNPS_CLOCK_GATE_HIGH_BTB_NBIT32_BTB_DEPTH16_BTB_INDEX_MSB5_26)
                                                        0.0000     1.1190 f
  DP_i_fetch_i_btb_i_clk_gate_btb_table_reg_3__TARGET_/latch/E (CLKGATETST_X1)
                                                        0.0088     1.1278 f
  data arrival time                                                1.1278

  clock CLK (rise edge)                                 1.0500     1.0500
  clock network delay (ideal)                           0.0500     1.1000
  clock uncertainty                                    -0.0500     1.0500
  DP_i_fetch_i_btb_i_clk_gate_btb_table_reg_3__TARGET_/latch/CK (CLKGATETST_X1)
                                                        0.0000     1.0500 r
  clock gating setup time                              -0.0644     0.9856
  data required time                                               0.9856
  --------------------------------------------------------------------------
  data required time                                               0.9856
  data arrival time                                               -1.1278
  --------------------------------------------------------------------------
  slack (VIOLATED)                                                -0.1422


  Startpoint: DP_i_fetch_i_btb_update_latch_i_pc_branch_out_reg_3_
              (rising edge-triggered flip-flop clocked by CLK)
  Endpoint: DP_i_fetch_i_btb_i_clk_gate_btb_table_reg_2__TARGET_/latch
            (gating element for clock CLK)
  Path Group: CLK
  Path Type: max

  Des/Clust/Port     Wire Load Model       Library
  ------------------------------------------------
  DLX                5K_hvratio_1_4        NangateOpenCellLibrary

  Point                                                   Incr       Path
  --------------------------------------------------------------------------
  clock CLK (rise edge)                                 0.0000     0.0000
  clock network delay (ideal)                           0.0500     0.0500
  DP_i_fetch_i_btb_update_latch_i_pc_branch_out_reg_3_/CK (DFF_X1)
                                                        0.0000     0.0500 r
  DP_i_fetch_i_btb_update_latch_i_pc_branch_out_reg_3_/QN (DFF_X1)
                                                        0.0822     0.1322 r
  U8035/ZN (AND2_X1)                                    0.0918     0.2240 r
  U8054/ZN (NAND2_X1)                                   0.0650     0.2890 f
  U938/ZN (INV_X1)                                      0.1578     0.4468 r
  U8189/ZN (AOI22_X1)                                   0.0747     0.5215 f
  U8193/ZN (NAND4_X1)                                   0.0427     0.5643 r
  U8194/ZN (NOR2_X1)                                    0.0283     0.5925 f
  U8195/ZN (XNOR2_X1)                                   0.0536     0.6462 f
  U2264/ZN (OR2_X1)                                     0.0591     0.7053 f
  U8354/ZN (NOR4_X1)                                    0.0945     0.7999 r
  U852/ZN (NAND4_X1)                                    0.0549     0.8548 f
  U9908/ZN (AND3_X2)                                    0.0623     0.9170 f
  DP_i_fetch_i_btb_i_U492/ZN (NAND2_X1)                 0.0696     0.9867 r
  U1011/ZN (OAI21_X2)                                   0.0584     1.0451 f
  U1008/ZN (INV_X1)                                     0.0442     1.0893 r
  DP_i_fetch_i_btb_i_U502/ZN (NOR2_X1)                  0.0297     1.1190 f
  DP_i_fetch_i_btb_i_clk_gate_btb_table_reg_2__TARGET_/EN (SNPS_CLOCK_GATE_HIGH_BTB_NBIT32_BTB_DEPTH16_BTB_INDEX_MSB5_28)
                                                        0.0000     1.1190 f
  DP_i_fetch_i_btb_i_clk_gate_btb_table_reg_2__TARGET_/latch/E (CLKGATETST_X1)
                                                        0.0088     1.1278 f
  data arrival time                                                1.1278

  clock CLK (rise edge)                                 1.0500     1.0500
  clock network delay (ideal)                           0.0500     1.1000
  clock uncertainty                                    -0.0500     1.0500
  DP_i_fetch_i_btb_i_clk_gate_btb_table_reg_2__TARGET_/latch/CK (CLKGATETST_X1)
                                                        0.0000     1.0500 r
  clock gating setup time                              -0.0644     0.9856
  data required time                                               0.9856
  --------------------------------------------------------------------------
  data required time                                               0.9856
  data arrival time                                               -1.1278
  --------------------------------------------------------------------------
  slack (VIOLATED)                                                -0.1422


  Startpoint: DRAM_READY (input port clocked by CLK)
  Endpoint: CP_i_hazard_unit_i_G_scoreboard_reg_24__1_
            (rising edge-triggered flip-flop clocked by CLK)
  Path Group: INPUTS
  Path Type: max

  Des/Clust/Port     Wire Load Model       Library
  ------------------------------------------------
  DLX                5K_hvratio_1_4        NangateOpenCellLibrary

  Point                                                   Incr       Path
  --------------------------------------------------------------------------
  clock CLK (rise edge)                                 0.0000     0.0000
  clock network delay (ideal)                           0.0500     0.0500
  input external delay                                  0.1050     0.1550 f
  DRAM_READY (in)                                       0.0017     0.1567 f
  U1531/ZN (NOR2_X1)                                    0.0760     0.2327 r
  U1526/ZN (INV_X1)                                     0.0554     0.2881 f
  U1513/ZN (INV_X1)                                     0.0731     0.3612 r
  U8500/ZN (OR2_X1)                                     0.0435     0.4047 r
  U967/ZN (AND2_X2)                                     0.0442     0.4489 r
  U966/ZN (OAI211_X2)                                   0.0587     0.5076 f
  U9707/ZN (OR2_X1)                                     0.0707     0.5784 f
  U972/ZN (INV_X2)                                      0.0644     0.6428 r
  U1726/ZN (AND2_X1)                                    0.0895     0.7323 r
  U10111/ZN (NAND2_X1)                                  0.0380     0.7703 f
  U1624/ZN (OR2_X1)                                     0.0584     0.8287 f
  U10112/ZN (NAND2_X1)                                  0.0279     0.8566 r
  CP_i_hazard_unit_i_G_scoreboard_reg_24__1_/D (DFF_X1)
                                                        0.0110     0.8676 r
  data arrival time                                                0.8676

  clock CLK (rise edge)                                 1.0500     1.0500
  clock network delay (ideal)                           0.0500     1.1000
  clock uncertainty                                    -0.0500     1.0500
  CP_i_hazard_unit_i_G_scoreboard_reg_24__1_/CK (DFF_X1)
                                                        0.0000     1.0500 r
  library setup time                                   -0.0268     1.0232
  data required time                                               1.0232
  --------------------------------------------------------------------------
  data required time                                               1.0232
  data arrival time                                               -0.8676
  --------------------------------------------------------------------------
  slack (MET)                                                      0.1556


  Startpoint: DRAM_READY (input port clocked by CLK)
  Endpoint: CP_i_hazard_unit_i_G_scoreboard_reg_16__1_
            (rising edge-triggered flip-flop clocked by CLK)
  Path Group: INPUTS
  Path Type: max

  Des/Clust/Port     Wire Load Model       Library
  ------------------------------------------------
  DLX                5K_hvratio_1_4        NangateOpenCellLibrary

  Point                                                   Incr       Path
  --------------------------------------------------------------------------
  clock CLK (rise edge)                                 0.0000     0.0000
  clock network delay (ideal)                           0.0500     0.0500
  input external delay                                  0.1050     0.1550 f
  DRAM_READY (in)                                       0.0017     0.1567 f
  U1531/ZN (NOR2_X1)                                    0.0760     0.2327 r
  U1526/ZN (INV_X1)                                     0.0554     0.2881 f
  U1513/ZN (INV_X1)                                     0.0731     0.3612 r
  U8500/ZN (OR2_X1)                                     0.0435     0.4047 r
  U967/ZN (AND2_X2)                                     0.0442     0.4489 r
  U966/ZN (OAI211_X2)                                   0.0587     0.5076 f
  U9707/ZN (OR2_X1)                                     0.0707     0.5784 f
  U972/ZN (INV_X2)                                      0.0644     0.6428 r
  U1667/ZN (AND2_X1)                                    0.0895     0.7323 r
  U10101/ZN (NAND2_X1)                                  0.0380     0.7703 f
  U1633/ZN (OR2_X1)                                     0.0584     0.8287 f
  U10102/ZN (NAND2_X1)                                  0.0279     0.8566 r
  CP_i_hazard_unit_i_G_scoreboard_reg_16__1_/D (DFF_X1)
                                                        0.0110     0.8676 r
  data arrival time                                                0.8676

  clock CLK (rise edge)                                 1.0500     1.0500
  clock network delay (ideal)                           0.0500     1.1000
  clock uncertainty                                    -0.0500     1.0500
  CP_i_hazard_unit_i_G_scoreboard_reg_16__1_/CK (DFF_X1)
                                                        0.0000     1.0500 r
  library setup time                                   -0.0268     1.0232
  data required time                                               1.0232
  --------------------------------------------------------------------------
  data required time                                               1.0232
  data arrival time                                               -0.8676
  --------------------------------------------------------------------------
  slack (MET)                                                      0.1556


  Startpoint: DRAM_READY (input port clocked by CLK)
  Endpoint: CP_i_hazard_unit_i_G_scoreboard_reg_8__1_
            (rising edge-triggered flip-flop clocked by CLK)
  Path Group: INPUTS
  Path Type: max

  Des/Clust/Port     Wire Load Model       Library
  ------------------------------------------------
  DLX                5K_hvratio_1_4        NangateOpenCellLibrary

  Point                                                   Incr       Path
  --------------------------------------------------------------------------
  clock CLK (rise edge)                                 0.0000     0.0000
  clock network delay (ideal)                           0.0500     0.0500
  input external delay                                  0.1050     0.1550 f
  DRAM_READY (in)                                       0.0017     0.1567 f
  U1531/ZN (NOR2_X1)                                    0.0760     0.2327 r
  U1526/ZN (INV_X1)                                     0.0554     0.2881 f
  U1513/ZN (INV_X1)                                     0.0731     0.3612 r
  U8500/ZN (OR2_X1)                                     0.0435     0.4047 r
  U967/ZN (AND2_X2)                                     0.0442     0.4489 r
  U966/ZN (OAI211_X2)                                   0.0587     0.5076 f
  U9707/ZN (OR2_X1)                                     0.0707     0.5784 f
  U972/ZN (INV_X2)                                      0.0644     0.6428 r
  U1691/ZN (AND2_X1)                                    0.0895     0.7323 r
  U10106/ZN (NAND2_X1)                                  0.0380     0.7703 f
  U1627/ZN (OR2_X1)                                     0.0584     0.8287 f
  U10107/ZN (NAND2_X1)                                  0.0279     0.8566 r
  CP_i_hazard_unit_i_G_scoreboard_reg_8__1_/D (DFF_X1)
                                                        0.0110     0.8676 r
  data arrival time                                                0.8676

  clock CLK (rise edge)                                 1.0500     1.0500
  clock network delay (ideal)                           0.0500     1.1000
  clock uncertainty                                    -0.0500     1.0500
  CP_i_hazard_unit_i_G_scoreboard_reg_8__1_/CK (DFF_X1)
                                                        0.0000     1.0500 r
  library setup time                                   -0.0268     1.0232
  data required time                                               1.0232
  --------------------------------------------------------------------------
  data required time                                               1.0232
  data arrival time                                               -0.8676
  --------------------------------------------------------------------------
  slack (MET)                                                      0.1556


  Startpoint: DRAM_READY (input port clocked by CLK)
  Endpoint: CP_i_hazard_unit_i_G_scoreboard_reg_27__1_
            (rising edge-triggered flip-flop clocked by CLK)
  Path Group: INPUTS
  Path Type: max

  Des/Clust/Port     Wire Load Model       Library
  ------------------------------------------------
  DLX                5K_hvratio_1_4        NangateOpenCellLibrary

  Point                                                   Incr       Path
  --------------------------------------------------------------------------
  clock CLK (rise edge)                                 0.0000     0.0000
  clock network delay (ideal)                           0.0500     0.0500
  input external delay                                  0.1050     0.1550 f
  DRAM_READY (in)                                       0.0017     0.1567 f
  U1531/ZN (NOR2_X1)                                    0.0760     0.2327 r
  U1526/ZN (INV_X1)                                     0.0554     0.2881 f
  U1513/ZN (INV_X1)                                     0.0731     0.3612 r
  U8500/ZN (OR2_X1)                                     0.0435     0.4047 r
  U967/ZN (AND2_X2)                                     0.0442     0.4489 r
  U966/ZN (OAI211_X2)                                   0.0587     0.5076 f
  U9707/ZN (OR2_X1)                                     0.0707     0.5784 f
  U972/ZN (INV_X2)                                      0.0644     0.6428 r
  U1726/ZN (AND2_X1)                                    0.0895     0.7323 r
  U10208/ZN (NAND2_X1)                                  0.0380     0.7703 f
  U1631/ZN (OR2_X1)                                     0.0555     0.8258 f
  U10209/ZN (NAND2_X1)                                  0.0300     0.8558 r
  CP_i_hazard_unit_i_G_scoreboard_reg_27__1_/D (DFF_X1)
                                                        0.0110     0.8668 r
  data arrival time                                                0.8668

  clock CLK (rise edge)                                 1.0500     1.0500
  clock network delay (ideal)                           0.0500     1.1000
  clock uncertainty                                    -0.0500     1.0500
  CP_i_hazard_unit_i_G_scoreboard_reg_27__1_/CK (DFF_X1)
                                                        0.0000     1.0500 r
  library setup time                                   -0.0267     1.0233
  data required time                                               1.0233
  --------------------------------------------------------------------------
  data required time                                               1.0233
  data arrival time                                               -0.8668
  --------------------------------------------------------------------------
  slack (MET)                                                      0.1565


  Startpoint: DRAM_READY (input port clocked by CLK)
  Endpoint: CP_i_hazard_unit_i_G_scoreboard_reg_19__1_
            (rising edge-triggered flip-flop clocked by CLK)
  Path Group: INPUTS
  Path Type: max

  Des/Clust/Port     Wire Load Model       Library
  ------------------------------------------------
  DLX                5K_hvratio_1_4        NangateOpenCellLibrary

  Point                                                   Incr       Path
  --------------------------------------------------------------------------
  clock CLK (rise edge)                                 0.0000     0.0000
  clock network delay (ideal)                           0.0500     0.0500
  input external delay                                  0.1050     0.1550 f
  DRAM_READY (in)                                       0.0017     0.1567 f
  U1531/ZN (NOR2_X1)                                    0.0760     0.2327 r
  U1526/ZN (INV_X1)                                     0.0554     0.2881 f
  U1513/ZN (INV_X1)                                     0.0731     0.3612 r
  U8500/ZN (OR2_X1)                                     0.0435     0.4047 r
  U967/ZN (AND2_X2)                                     0.0442     0.4489 r
  U966/ZN (OAI211_X2)                                   0.0587     0.5076 f
  U9707/ZN (OR2_X1)                                     0.0707     0.5784 f
  U972/ZN (INV_X2)                                      0.0644     0.6428 r
  U1667/ZN (AND2_X1)                                    0.0895     0.7323 r
  U10198/ZN (NAND2_X1)                                  0.0380     0.7703 f
  U1630/ZN (OR2_X1)                                     0.0555     0.8258 f
  U10199/ZN (NAND2_X1)                                  0.0300     0.8558 r
  CP_i_hazard_unit_i_G_scoreboard_reg_19__1_/D (DFF_X1)
                                                        0.0110     0.8668 r
  data arrival time                                                0.8668

  clock CLK (rise edge)                                 1.0500     1.0500
  clock network delay (ideal)                           0.0500     1.1000
  clock uncertainty                                    -0.0500     1.0500
  CP_i_hazard_unit_i_G_scoreboard_reg_19__1_/CK (DFF_X1)
                                                        0.0000     1.0500 r
  library setup time                                   -0.0267     1.0233
  data required time                                               1.0233
  --------------------------------------------------------------------------
  data required time                                               1.0233
  data arrival time                                               -0.8668
  --------------------------------------------------------------------------
  slack (MET)                                                      0.1565


  Startpoint: DRAM_READY (input port clocked by CLK)
  Endpoint: CP_i_hazard_unit_i_G_scoreboard_reg_11__1_
            (rising edge-triggered flip-flop clocked by CLK)
  Path Group: INPUTS
  Path Type: max

  Des/Clust/Port     Wire Load Model       Library
  ------------------------------------------------
  DLX                5K_hvratio_1_4        NangateOpenCellLibrary

  Point                                                   Incr       Path
  --------------------------------------------------------------------------
  clock CLK (rise edge)                                 0.0000     0.0000
  clock network delay (ideal)                           0.0500     0.0500
  input external delay                                  0.1050     0.1550 f
  DRAM_READY (in)                                       0.0017     0.1567 f
  U1531/ZN (NOR2_X1)                                    0.0760     0.2327 r
  U1526/ZN (INV_X1)                                     0.0554     0.2881 f
  U1513/ZN (INV_X1)                                     0.0731     0.3612 r
  U8500/ZN (OR2_X1)                                     0.0435     0.4047 r
  U967/ZN (AND2_X2)                                     0.0442     0.4489 r
  U966/ZN (OAI211_X2)                                   0.0587     0.5076 f
  U9707/ZN (OR2_X1)                                     0.0707     0.5784 f
  U972/ZN (INV_X2)                                      0.0644     0.6428 r
  U1691/ZN (AND2_X1)                                    0.0895     0.7323 r
  U10203/ZN (NAND2_X1)                                  0.0380     0.7703 f
  U1628/ZN (OR2_X1)                                     0.0555     0.8258 f
  U10204/ZN (NAND2_X1)                                  0.0300     0.8558 r
  CP_i_hazard_unit_i_G_scoreboard_reg_11__1_/D (DFF_X1)
                                                        0.0110     0.8668 r
  data arrival time                                                0.8668

  clock CLK (rise edge)                                 1.0500     1.0500
  clock network delay (ideal)                           0.0500     1.1000
  clock uncertainty                                    -0.0500     1.0500
  CP_i_hazard_unit_i_G_scoreboard_reg_11__1_/CK (DFF_X1)
                                                        0.0000     1.0500 r
  library setup time                                   -0.0267     1.0233
  data required time                                               1.0233
  --------------------------------------------------------------------------
  data required time                                               1.0233
  data arrival time                                               -0.8668
  --------------------------------------------------------------------------
  slack (MET)                                                      0.1565


  Startpoint: DRAM_READY (input port clocked by CLK)
  Endpoint: CP_i_hazard_unit_i_G_scoreboard_reg_25__1_
            (rising edge-triggered flip-flop clocked by CLK)
  Path Group: INPUTS
  Path Type: max

  Des/Clust/Port     Wire Load Model       Library
  ------------------------------------------------
  DLX                5K_hvratio_1_4        NangateOpenCellLibrary

  Point                                                   Incr       Path
  --------------------------------------------------------------------------
  clock CLK (rise edge)                                 0.0000     0.0000
  clock network delay (ideal)                           0.0500     0.0500
  input external delay                                  0.1050     0.1550 f
  DRAM_READY (in)                                       0.0017     0.1567 f
  U1531/ZN (NOR2_X1)                                    0.0760     0.2327 r
  U1526/ZN (INV_X1)                                     0.0554     0.2881 f
  U1513/ZN (INV_X1)                                     0.0731     0.3612 r
  U8500/ZN (OR2_X1)                                     0.0435     0.4047 r
  U967/ZN (AND2_X2)                                     0.0442     0.4489 r
  U966/ZN (OAI211_X2)                                   0.0587     0.5076 f
  U9707/ZN (OR2_X1)                                     0.0707     0.5784 f
  U972/ZN (INV_X2)                                      0.0644     0.6428 r
  U1726/ZN (AND2_X1)                                    0.0895     0.7323 r
  U10188/ZN (NAND2_X1)                                  0.0380     0.7703 f
  U1626/ZN (OR2_X1)                                     0.0555     0.8258 f
  U10189/ZN (NAND2_X1)                                  0.0300     0.8558 r
  CP_i_hazard_unit_i_G_scoreboard_reg_25__1_/D (DFF_X1)
                                                        0.0110     0.8668 r
  data arrival time                                                0.8668

  clock CLK (rise edge)                                 1.0500     1.0500
  clock network delay (ideal)                           0.0500     1.1000
  clock uncertainty                                    -0.0500     1.0500
  CP_i_hazard_unit_i_G_scoreboard_reg_25__1_/CK (DFF_X1)
                                                        0.0000     1.0500 r
  library setup time                                   -0.0267     1.0233
  data required time                                               1.0233
  --------------------------------------------------------------------------
  data required time                                               1.0233
  data arrival time                                               -0.8668
  --------------------------------------------------------------------------
  slack (MET)                                                      0.1565


  Startpoint: DRAM_READY (input port clocked by CLK)
  Endpoint: CP_i_hazard_unit_i_G_scoreboard_reg_17__1_
            (rising edge-triggered flip-flop clocked by CLK)
  Path Group: INPUTS
  Path Type: max

  Des/Clust/Port     Wire Load Model       Library
  ------------------------------------------------
  DLX                5K_hvratio_1_4        NangateOpenCellLibrary

  Point                                                   Incr       Path
  --------------------------------------------------------------------------
  clock CLK (rise edge)                                 0.0000     0.0000
  clock network delay (ideal)                           0.0500     0.0500
  input external delay                                  0.1050     0.1550 f
  DRAM_READY (in)                                       0.0017     0.1567 f
  U1531/ZN (NOR2_X1)                                    0.0760     0.2327 r
  U1526/ZN (INV_X1)                                     0.0554     0.2881 f
  U1513/ZN (INV_X1)                                     0.0731     0.3612 r
  U8500/ZN (OR2_X1)                                     0.0435     0.4047 r
  U967/ZN (AND2_X2)                                     0.0442     0.4489 r
  U966/ZN (OAI211_X2)                                   0.0587     0.5076 f
  U9707/ZN (OR2_X1)                                     0.0707     0.5784 f
  U972/ZN (INV_X2)                                      0.0644     0.6428 r
  U1667/ZN (AND2_X1)                                    0.0895     0.7323 r
  U10178/ZN (NAND2_X1)                                  0.0380     0.7703 f
  U1636/ZN (OR2_X1)                                     0.0555     0.8258 f
  U10179/ZN (NAND2_X1)                                  0.0300     0.8558 r
  CP_i_hazard_unit_i_G_scoreboard_reg_17__1_/D (DFF_X1)
                                                        0.0110     0.8668 r
  data arrival time                                                0.8668

  clock CLK (rise edge)                                 1.0500     1.0500
  clock network delay (ideal)                           0.0500     1.1000
  clock uncertainty                                    -0.0500     1.0500
  CP_i_hazard_unit_i_G_scoreboard_reg_17__1_/CK (DFF_X1)
                                                        0.0000     1.0500 r
  library setup time                                   -0.0267     1.0233
  data required time                                               1.0233
  --------------------------------------------------------------------------
  data required time                                               1.0233
  data arrival time                                               -0.8668
  --------------------------------------------------------------------------
  slack (MET)                                                      0.1565


  Startpoint: DRAM_READY (input port clocked by CLK)
  Endpoint: CP_i_hazard_unit_i_G_scoreboard_reg_9__1_
            (rising edge-triggered flip-flop clocked by CLK)
  Path Group: INPUTS
  Path Type: max

  Des/Clust/Port     Wire Load Model       Library
  ------------------------------------------------
  DLX                5K_hvratio_1_4        NangateOpenCellLibrary

  Point                                                   Incr       Path
  --------------------------------------------------------------------------
  clock CLK (rise edge)                                 0.0000     0.0000
  clock network delay (ideal)                           0.0500     0.0500
  input external delay                                  0.1050     0.1550 f
  DRAM_READY (in)                                       0.0017     0.1567 f
  U1531/ZN (NOR2_X1)                                    0.0760     0.2327 r
  U1526/ZN (INV_X1)                                     0.0554     0.2881 f
  U1513/ZN (INV_X1)                                     0.0731     0.3612 r
  U8500/ZN (OR2_X1)                                     0.0435     0.4047 r
  U967/ZN (AND2_X2)                                     0.0442     0.4489 r
  U966/ZN (OAI211_X2)                                   0.0587     0.5076 f
  U9707/ZN (OR2_X1)                                     0.0707     0.5784 f
  U972/ZN (INV_X2)                                      0.0644     0.6428 r
  U1691/ZN (AND2_X1)                                    0.0895     0.7323 r
  U10183/ZN (NAND2_X1)                                  0.0380     0.7703 f
  U1634/ZN (OR2_X1)                                     0.0555     0.8258 f
  U10184/ZN (NAND2_X1)                                  0.0300     0.8558 r
  CP_i_hazard_unit_i_G_scoreboard_reg_9__1_/D (DFF_X1)
                                                        0.0110     0.8668 r
  data arrival time                                                0.8668

  clock CLK (rise edge)                                 1.0500     1.0500
  clock network delay (ideal)                           0.0500     1.1000
  clock uncertainty                                    -0.0500     1.0500
  CP_i_hazard_unit_i_G_scoreboard_reg_9__1_/CK (DFF_X1)
                                                        0.0000     1.0500 r
  library setup time                                   -0.0267     1.0233
  data required time                                               1.0233
  --------------------------------------------------------------------------
  data required time                                               1.0233
  data arrival time                                               -0.8668
  --------------------------------------------------------------------------
  slack (MET)                                                      0.1565


  Startpoint: DRAM_READY (input port clocked by CLK)
  Endpoint: CP_i_hazard_unit_i_G_scoreboard_reg_12__1_
            (rising edge-triggered flip-flop clocked by CLK)
  Path Group: INPUTS
  Path Type: max

  Des/Clust/Port     Wire Load Model       Library
  ------------------------------------------------
  DLX                5K_hvratio_1_4        NangateOpenCellLibrary

  Point                                                   Incr       Path
  --------------------------------------------------------------------------
  clock CLK (rise edge)                                 0.0000     0.0000
  clock network delay (ideal)                           0.0500     0.0500
  input external delay                                  0.1050     0.1550 f
  DRAM_READY (in)                                       0.0017     0.1567 f
  U1531/ZN (NOR2_X1)                                    0.0760     0.2327 r
  U1526/ZN (INV_X1)                                     0.0554     0.2881 f
  U1513/ZN (INV_X1)                                     0.0731     0.3612 r
  U8500/ZN (OR2_X1)                                     0.0435     0.4047 r
  U967/ZN (AND2_X2)                                     0.0442     0.4489 r
  U966/ZN (OAI211_X2)                                   0.0587     0.5076 f
  U9707/ZN (OR2_X1)                                     0.0707     0.5784 f
  U972/ZN (INV_X2)                                      0.0644     0.6428 r
  U1691/ZN (AND2_X1)                                    0.0895     0.7323 r
  U10139/ZN (NAND2_X1)                                  0.0380     0.7703 f
  U1623/ZN (OR2_X1)                                     0.0555     0.8258 f
  U10140/ZN (NAND2_X1)                                  0.0300     0.8558 r
  CP_i_hazard_unit_i_G_scoreboard_reg_12__1_/D (DFF_X1)
                                                        0.0110     0.8668 r
  data arrival time                                                0.8668

  clock CLK (rise edge)                                 1.0500     1.0500
  clock network delay (ideal)                           0.0500     1.1000
  clock uncertainty                                    -0.0500     1.0500
  CP_i_hazard_unit_i_G_scoreboard_reg_12__1_/CK (DFF_X1)
                                                        0.0000     1.0500 r
  library setup time                                   -0.0267     1.0233
  data required time                                               1.0233
  --------------------------------------------------------------------------
  data required time                                               1.0233
  data arrival time                                               -0.8668
  --------------------------------------------------------------------------
  slack (MET)                                                      0.1565


  Startpoint: DP_i_fetch_i_IR_out_reg_28_
              (rising edge-triggered flip-flop clocked by CLK)
  Endpoint: IRAM_ISSUE (output port clocked by CLK)
  Path Group: OUTPUTS
  Path Type: max

  Des/Clust/Port     Wire Load Model       Library
  ------------------------------------------------
  DLX                5K_hvratio_1_4        NangateOpenCellLibrary

  Point                                                   Incr       Path
  --------------------------------------------------------------------------
  clock CLK (rise edge)                                 0.0000     0.0000
  clock network delay (ideal)                           0.0500     0.0500
  DP_i_fetch_i_IR_out_reg_28_/CK (DFF_X1)               0.0000     0.0500 r
  DP_i_fetch_i_IR_out_reg_28_/QN (DFF_X1)               0.0916     0.1416 f
  U2946/ZN (NAND2_X1)                                   0.0460     0.1876 r
  U2925/ZN (NOR2_X1)                                    0.0268     0.2144 f
  U3620/ZN (NAND2_X1)                                   0.0405     0.2549 r
  U3141/Z (BUF_X2)                                      0.0591     0.3140 r
  U4283/ZN (INV_X1)                                     0.0418     0.3559 f
  U1328/ZN (OAI21_X1)                                   0.0353     0.3912 r
  U839/ZN (AND3_X2)                                     0.0611     0.4523 r
  U2357/ZN (AND2_X1)                                    0.0573     0.5097 r
  U853/ZN (NOR2_X1)                                     0.0468     0.5565 f
  U7294/ZN (NAND2_X1)                                   0.0408     0.5973 r
  U851/ZN (NAND4_X1)                                    0.0402     0.6374 f
  U844/Z (MUX2_X1)                                      0.0681     0.7055 f
  U1247/Z (MUX2_X1)                                     0.0713     0.7768 f
  U2781/ZN (NAND2_X1)                                   0.0331     0.8099 r
  U1342/ZN (AND3_X1)                                    0.0530     0.8629 r
  U2711/ZN (OAI21_X1)                                   0.0335     0.8964 f
  U8394/ZN (AOI21_X1)                                   0.0415     0.9380 r
  IRAM_ISSUE (out)                                      0.0035     0.9414 r
  data arrival time                                                0.9414

  clock CLK (rise edge)                                 1.0500     1.0500
  clock network delay (ideal)                           0.0500     1.1000
  clock uncertainty                                    -0.0500     1.0500
  output external delay                                -0.1050     0.9450
  data required time                                               0.9450
  --------------------------------------------------------------------------
  data required time                                               0.9450
  data arrival time                                               -0.9414
  --------------------------------------------------------------------------
  slack (MET)                                                      0.0036


  Startpoint: DP_i_fetch_i_IR_out_reg_28_
              (rising edge-triggered flip-flop clocked by CLK)
  Endpoint: IRAM_ISSUE (output port clocked by CLK)
  Path Group: OUTPUTS
  Path Type: max

  Des/Clust/Port     Wire Load Model       Library
  ------------------------------------------------
  DLX                5K_hvratio_1_4        NangateOpenCellLibrary

  Point                                                   Incr       Path
  --------------------------------------------------------------------------
  clock CLK (rise edge)                                 0.0000     0.0000
  clock network delay (ideal)                           0.0500     0.0500
  DP_i_fetch_i_IR_out_reg_28_/CK (DFF_X1)               0.0000     0.0500 r
  DP_i_fetch_i_IR_out_reg_28_/QN (DFF_X1)               0.0916     0.1416 f
  U2946/ZN (NAND2_X1)                                   0.0460     0.1876 r
  U2925/ZN (NOR2_X1)                                    0.0268     0.2144 f
  U3620/ZN (NAND2_X1)                                   0.0405     0.2549 r
  U3141/Z (BUF_X2)                                      0.0591     0.3140 r
  U4283/ZN (INV_X1)                                     0.0418     0.3559 f
  U1328/ZN (OAI21_X1)                                   0.0353     0.3912 r
  U839/ZN (AND3_X2)                                     0.0611     0.4523 r
  U2357/ZN (AND2_X1)                                    0.0573     0.5097 r
  U853/ZN (NOR2_X1)                                     0.0468     0.5565 f
  U7294/ZN (NAND2_X1)                                   0.0408     0.5973 r
  U851/ZN (NAND4_X1)                                    0.0402     0.6374 f
  U844/Z (MUX2_X1)                                      0.0681     0.7055 f
  U1247/Z (MUX2_X1)                                     0.0713     0.7768 f
  U2781/ZN (NAND2_X1)                                   0.0331     0.8099 r
  U1342/ZN (AND3_X1)                                    0.0530     0.8629 r
  U2711/ZN (OAI21_X1)                                   0.0335     0.8964 f
  U8394/ZN (AOI21_X1)                                   0.0415     0.9380 r
  IRAM_ISSUE (out)                                      0.0035     0.9414 r
  data arrival time                                                0.9414

  clock CLK (rise edge)                                 1.0500     1.0500
  clock network delay (ideal)                           0.0500     1.1000
  clock uncertainty                                    -0.0500     1.0500
  output external delay                                -0.1050     0.9450
  data required time                                               0.9450
  --------------------------------------------------------------------------
  data required time                                               0.9450
  data arrival time                                               -0.9414
  --------------------------------------------------------------------------
  slack (MET)                                                      0.0036


  Startpoint: CP_i_ex_mem_reg_i_RM_out_reg
              (rising edge-triggered flip-flop clocked by CLK)
  Endpoint: DRAM_DATA[30]
            (output port clocked by CLK)
  Path Group: OUTPUTS
  Path Type: max

  Des/Clust/Port     Wire Load Model       Library
  ------------------------------------------------
  DLX                5K_hvratio_1_4        NangateOpenCellLibrary

  Point                                                   Incr       Path
  --------------------------------------------------------------------------
  clock CLK (rise edge)                                 0.0000     0.0000
  clock network delay (ideal)                           0.0500     0.0500
  CP_i_ex_mem_reg_i_RM_out_reg/CK (DFF_X1)              0.0000     0.0500 r
  CP_i_ex_mem_reg_i_RM_out_reg/Q (DFF_X1)               0.1192     0.1692 r
  U2635/ZN (NOR2_X1)                                    0.0420     0.2112 f
  U2579/ZN (OR2_X1)                                     0.0567     0.2679 f
  U2535/ZN (AOI21_X1)                                   0.0511     0.3190 r
  U1545/ZN (OR2_X1)                                     0.0625     0.3815 r
  U4252/ZN (NOR2_X1)                                    0.0383     0.4198 f
  U2886/ZN (INV_X1)                                     0.0383     0.4581 r
  U3766/ZN (NOR2_X1)                                    0.0445     0.5027 f
  U1396/ZN (INV_X4)                                     0.1391     0.6418 r
  DRAM_DATA_tri_30_/Z (TBUF_X1)                         0.2168     0.8586 f
  DRAM_DATA[30] (inout)                                 0.0048     0.8634 f
  data arrival time                                                0.8634

  clock CLK (rise edge)                                 1.0500     1.0500
  clock network delay (ideal)                           0.0500     1.1000
  clock uncertainty                                    -0.0500     1.0500
  output external delay                                -0.1050     0.9450
  data required time                                               0.9450
  --------------------------------------------------------------------------
  data required time                                               0.9450
  data arrival time                                               -0.8634
  --------------------------------------------------------------------------
  slack (MET)                                                      0.0816


  Startpoint: CP_i_ex_mem_reg_i_RM_out_reg
              (rising edge-triggered flip-flop clocked by CLK)
  Endpoint: DRAM_DATA[29]
            (output port clocked by CLK)
  Path Group: OUTPUTS
  Path Type: max

  Des/Clust/Port     Wire Load Model       Library
  ------------------------------------------------
  DLX                5K_hvratio_1_4        NangateOpenCellLibrary

  Point                                                   Incr       Path
  --------------------------------------------------------------------------
  clock CLK (rise edge)                                 0.0000     0.0000
  clock network delay (ideal)                           0.0500     0.0500
  CP_i_ex_mem_reg_i_RM_out_reg/CK (DFF_X1)              0.0000     0.0500 r
  CP_i_ex_mem_reg_i_RM_out_reg/Q (DFF_X1)               0.1192     0.1692 r
  U2635/ZN (NOR2_X1)                                    0.0420     0.2112 f
  U2579/ZN (OR2_X1)                                     0.0567     0.2679 f
  U2535/ZN (AOI21_X1)                                   0.0511     0.3190 r
  U1545/ZN (OR2_X1)                                     0.0625     0.3815 r
  U4252/ZN (NOR2_X1)                                    0.0383     0.4198 f
  U2886/ZN (INV_X1)                                     0.0383     0.4581 r
  U3766/ZN (NOR2_X1)                                    0.0445     0.5027 f
  U1396/ZN (INV_X4)                                     0.1391     0.6418 r
  DRAM_DATA_tri_29_/Z (TBUF_X1)                         0.2168     0.8586 f
  DRAM_DATA[29] (inout)                                 0.0048     0.8634 f
  data arrival time                                                0.8634

  clock CLK (rise edge)                                 1.0500     1.0500
  clock network delay (ideal)                           0.0500     1.1000
  clock uncertainty                                    -0.0500     1.0500
  output external delay                                -0.1050     0.9450
  data required time                                               0.9450
  --------------------------------------------------------------------------
  data required time                                               0.9450
  data arrival time                                               -0.8634
  --------------------------------------------------------------------------
  slack (MET)                                                      0.0816


  Startpoint: CP_i_ex_mem_reg_i_RM_out_reg
              (rising edge-triggered flip-flop clocked by CLK)
  Endpoint: DRAM_DATA[28]
            (output port clocked by CLK)
  Path Group: OUTPUTS
  Path Type: max

  Des/Clust/Port     Wire Load Model       Library
  ------------------------------------------------
  DLX                5K_hvratio_1_4        NangateOpenCellLibrary

  Point                                                   Incr       Path
  --------------------------------------------------------------------------
  clock CLK (rise edge)                                 0.0000     0.0000
  clock network delay (ideal)                           0.0500     0.0500
  CP_i_ex_mem_reg_i_RM_out_reg/CK (DFF_X1)              0.0000     0.0500 r
  CP_i_ex_mem_reg_i_RM_out_reg/Q (DFF_X1)               0.1192     0.1692 r
  U2635/ZN (NOR2_X1)                                    0.0420     0.2112 f
  U2579/ZN (OR2_X1)                                     0.0567     0.2679 f
  U2535/ZN (AOI21_X1)                                   0.0511     0.3190 r
  U1545/ZN (OR2_X1)                                     0.0625     0.3815 r
  U4252/ZN (NOR2_X1)                                    0.0383     0.4198 f
  U2886/ZN (INV_X1)                                     0.0383     0.4581 r
  U3766/ZN (NOR2_X1)                                    0.0445     0.5027 f
  U1396/ZN (INV_X4)                                     0.1391     0.6418 r
  DRAM_DATA_tri_28_/Z (TBUF_X1)                         0.2168     0.8586 f
  DRAM_DATA[28] (inout)                                 0.0048     0.8634 f
  data arrival time                                                0.8634

  clock CLK (rise edge)                                 1.0500     1.0500
  clock network delay (ideal)                           0.0500     1.1000
  clock uncertainty                                    -0.0500     1.0500
  output external delay                                -0.1050     0.9450
  data required time                                               0.9450
  --------------------------------------------------------------------------
  data required time                                               0.9450
  data arrival time                                               -0.8634
  --------------------------------------------------------------------------
  slack (MET)                                                      0.0816


  Startpoint: CP_i_ex_mem_reg_i_RM_out_reg
              (rising edge-triggered flip-flop clocked by CLK)
  Endpoint: DRAM_DATA[27]
            (output port clocked by CLK)
  Path Group: OUTPUTS
  Path Type: max

  Des/Clust/Port     Wire Load Model       Library
  ------------------------------------------------
  DLX                5K_hvratio_1_4        NangateOpenCellLibrary

  Point                                                   Incr       Path
  --------------------------------------------------------------------------
  clock CLK (rise edge)                                 0.0000     0.0000
  clock network delay (ideal)                           0.0500     0.0500
  CP_i_ex_mem_reg_i_RM_out_reg/CK (DFF_X1)              0.0000     0.0500 r
  CP_i_ex_mem_reg_i_RM_out_reg/Q (DFF_X1)               0.1192     0.1692 r
  U2635/ZN (NOR2_X1)                                    0.0420     0.2112 f
  U2579/ZN (OR2_X1)                                     0.0567     0.2679 f
  U2535/ZN (AOI21_X1)                                   0.0511     0.3190 r
  U1545/ZN (OR2_X1)                                     0.0625     0.3815 r
  U4252/ZN (NOR2_X1)                                    0.0383     0.4198 f
  U2886/ZN (INV_X1)                                     0.0383     0.4581 r
  U3766/ZN (NOR2_X1)                                    0.0445     0.5027 f
  U1396/ZN (INV_X4)                                     0.1391     0.6418 r
  DRAM_DATA_tri_27_/Z (TBUF_X1)                         0.2168     0.8586 f
  DRAM_DATA[27] (inout)                                 0.0048     0.8634 f
  data arrival time                                                0.8634

  clock CLK (rise edge)                                 1.0500     1.0500
  clock network delay (ideal)                           0.0500     1.1000
  clock uncertainty                                    -0.0500     1.0500
  output external delay                                -0.1050     0.9450
  data required time                                               0.9450
  --------------------------------------------------------------------------
  data required time                                               0.9450
  data arrival time                                               -0.8634
  --------------------------------------------------------------------------
  slack (MET)                                                      0.0816


  Startpoint: CP_i_ex_mem_reg_i_RM_out_reg
              (rising edge-triggered flip-flop clocked by CLK)
  Endpoint: DRAM_DATA[26]
            (output port clocked by CLK)
  Path Group: OUTPUTS
  Path Type: max

  Des/Clust/Port     Wire Load Model       Library
  ------------------------------------------------
  DLX                5K_hvratio_1_4        NangateOpenCellLibrary

  Point                                                   Incr       Path
  --------------------------------------------------------------------------
  clock CLK (rise edge)                                 0.0000     0.0000
  clock network delay (ideal)                           0.0500     0.0500
  CP_i_ex_mem_reg_i_RM_out_reg/CK (DFF_X1)              0.0000     0.0500 r
  CP_i_ex_mem_reg_i_RM_out_reg/Q (DFF_X1)               0.1192     0.1692 r
  U2635/ZN (NOR2_X1)                                    0.0420     0.2112 f
  U2579/ZN (OR2_X1)                                     0.0567     0.2679 f
  U2535/ZN (AOI21_X1)                                   0.0511     0.3190 r
  U1545/ZN (OR2_X1)                                     0.0625     0.3815 r
  U4252/ZN (NOR2_X1)                                    0.0383     0.4198 f
  U2886/ZN (INV_X1)                                     0.0383     0.4581 r
  U3766/ZN (NOR2_X1)                                    0.0445     0.5027 f
  U1396/ZN (INV_X4)                                     0.1391     0.6418 r
  DRAM_DATA_tri_26_/Z (TBUF_X1)                         0.2168     0.8586 f
  DRAM_DATA[26] (inout)                                 0.0048     0.8634 f
  data arrival time                                                0.8634

  clock CLK (rise edge)                                 1.0500     1.0500
  clock network delay (ideal)                           0.0500     1.1000
  clock uncertainty                                    -0.0500     1.0500
  output external delay                                -0.1050     0.9450
  data required time                                               0.9450
  --------------------------------------------------------------------------
  data required time                                               0.9450
  data arrival time                                               -0.8634
  --------------------------------------------------------------------------
  slack (MET)                                                      0.0816


  Startpoint: CP_i_ex_mem_reg_i_RM_out_reg
              (rising edge-triggered flip-flop clocked by CLK)
  Endpoint: DRAM_DATA[25]
            (output port clocked by CLK)
  Path Group: OUTPUTS
  Path Type: max

  Des/Clust/Port     Wire Load Model       Library
  ------------------------------------------------
  DLX                5K_hvratio_1_4        NangateOpenCellLibrary

  Point                                                   Incr       Path
  --------------------------------------------------------------------------
  clock CLK (rise edge)                                 0.0000     0.0000
  clock network delay (ideal)                           0.0500     0.0500
  CP_i_ex_mem_reg_i_RM_out_reg/CK (DFF_X1)              0.0000     0.0500 r
  CP_i_ex_mem_reg_i_RM_out_reg/Q (DFF_X1)               0.1192     0.1692 r
  U2635/ZN (NOR2_X1)                                    0.0420     0.2112 f
  U2579/ZN (OR2_X1)                                     0.0567     0.2679 f
  U2535/ZN (AOI21_X1)                                   0.0511     0.3190 r
  U1545/ZN (OR2_X1)                                     0.0625     0.3815 r
  U4252/ZN (NOR2_X1)                                    0.0383     0.4198 f
  U2886/ZN (INV_X1)                                     0.0383     0.4581 r
  U3766/ZN (NOR2_X1)                                    0.0445     0.5027 f
  U1396/ZN (INV_X4)                                     0.1391     0.6418 r
  DRAM_DATA_tri_25_/Z (TBUF_X1)                         0.2168     0.8586 f
  DRAM_DATA[25] (inout)                                 0.0048     0.8634 f
  data arrival time                                                0.8634

  clock CLK (rise edge)                                 1.0500     1.0500
  clock network delay (ideal)                           0.0500     1.1000
  clock uncertainty                                    -0.0500     1.0500
  output external delay                                -0.1050     0.9450
  data required time                                               0.9450
  --------------------------------------------------------------------------
  data required time                                               0.9450
  data arrival time                                               -0.8634
  --------------------------------------------------------------------------
  slack (MET)                                                      0.0816


  Startpoint: CP_i_ex_mem_reg_i_RM_out_reg
              (rising edge-triggered flip-flop clocked by CLK)
  Endpoint: DRAM_DATA[24]
            (output port clocked by CLK)
  Path Group: OUTPUTS
  Path Type: max

  Des/Clust/Port     Wire Load Model       Library
  ------------------------------------------------
  DLX                5K_hvratio_1_4        NangateOpenCellLibrary

  Point                                                   Incr       Path
  --------------------------------------------------------------------------
  clock CLK (rise edge)                                 0.0000     0.0000
  clock network delay (ideal)                           0.0500     0.0500
  CP_i_ex_mem_reg_i_RM_out_reg/CK (DFF_X1)              0.0000     0.0500 r
  CP_i_ex_mem_reg_i_RM_out_reg/Q (DFF_X1)               0.1192     0.1692 r
  U2635/ZN (NOR2_X1)                                    0.0420     0.2112 f
  U2579/ZN (OR2_X1)                                     0.0567     0.2679 f
  U2535/ZN (AOI21_X1)                                   0.0511     0.3190 r
  U1545/ZN (OR2_X1)                                     0.0625     0.3815 r
  U4252/ZN (NOR2_X1)                                    0.0383     0.4198 f
  U2886/ZN (INV_X1)                                     0.0383     0.4581 r
  U3766/ZN (NOR2_X1)                                    0.0445     0.5027 f
  U1396/ZN (INV_X4)                                     0.1391     0.6418 r
  DRAM_DATA_tri_24_/Z (TBUF_X1)                         0.2168     0.8586 f
  DRAM_DATA[24] (inout)                                 0.0048     0.8634 f
  data arrival time                                                0.8634

  clock CLK (rise edge)                                 1.0500     1.0500
  clock network delay (ideal)                           0.0500     1.1000
  clock uncertainty                                    -0.0500     1.0500
  output external delay                                -0.1050     0.9450
  data required time                                               0.9450
  --------------------------------------------------------------------------
  data required time                                               0.9450
  data arrival time                                               -0.8634
  --------------------------------------------------------------------------
  slack (MET)                                                      0.0816


  Startpoint: CP_i_ex_mem_reg_i_RM_out_reg
              (rising edge-triggered flip-flop clocked by CLK)
  Endpoint: DRAM_DATA[23]
            (output port clocked by CLK)
  Path Group: OUTPUTS
  Path Type: max

  Des/Clust/Port     Wire Load Model       Library
  ------------------------------------------------
  DLX                5K_hvratio_1_4        NangateOpenCellLibrary

  Point                                                   Incr       Path
  --------------------------------------------------------------------------
  clock CLK (rise edge)                                 0.0000     0.0000
  clock network delay (ideal)                           0.0500     0.0500
  CP_i_ex_mem_reg_i_RM_out_reg/CK (DFF_X1)              0.0000     0.0500 r
  CP_i_ex_mem_reg_i_RM_out_reg/Q (DFF_X1)               0.1192     0.1692 r
  U2635/ZN (NOR2_X1)                                    0.0420     0.2112 f
  U2579/ZN (OR2_X1)                                     0.0567     0.2679 f
  U2535/ZN (AOI21_X1)                                   0.0511     0.3190 r
  U1545/ZN (OR2_X1)                                     0.0625     0.3815 r
  U4252/ZN (NOR2_X1)                                    0.0383     0.4198 f
  U2886/ZN (INV_X1)                                     0.0383     0.4581 r
  U3766/ZN (NOR2_X1)                                    0.0445     0.5027 f
  U1396/ZN (INV_X4)                                     0.1391     0.6418 r
  DRAM_DATA_tri_23_/Z (TBUF_X1)                         0.2168     0.8586 f
  DRAM_DATA[23] (inout)                                 0.0048     0.8634 f
  data arrival time                                                0.8634

  clock CLK (rise edge)                                 1.0500     1.0500
  clock network delay (ideal)                           0.0500     1.1000
  clock uncertainty                                    -0.0500     1.0500
  output external delay                                -0.1050     0.9450
  data required time                                               0.9450
  --------------------------------------------------------------------------
  data required time                                               0.9450
  data arrival time                                               -0.8634
  --------------------------------------------------------------------------
  slack (MET)                                                      0.0816


1
