 
****************************************
Report : timing
        -path full
        -delay max
        -nworst 2
        -max_paths 10
Design : DLX
Version: W-2024.09-SP2
Date   : Sun Sep 27 03:46:18 2026
****************************************

Operating Conditions: typical   Library: NangateOpenCellLibrary
Wire Load Model Mode: top

  Startpoint: DP_i/fetch_i_IR_out_reg_30_
              (rising edge-triggered flip-flop clocked by CLK)
  Endpoint: DP_i/fetch_i_pc_i_Y_reg_8_
            (rising edge-triggered flip-flop clocked by CLK)
  Path Group: REG2REG
  Path Type: max

  Des/Clust/Port     Wire Load Model       Library
  ------------------------------------------------
  DLX                5K_hvratio_1_4        NangateOpenCellLibrary

  Point                                                   Incr       Path
  --------------------------------------------------------------------------
  clock CLK (rise edge)                                 0.0000     0.0000
  clock network delay (ideal)                           0.0500     0.0500
  DP_i/fetch_i_IR_out_reg_30_/CK (DFF_X2)               0.0000     0.0500 r
  DP_i/fetch_i_IR_out_reg_30_/Q (DFF_X2)                0.1177     0.1677 f
  DP_i/opcode[4] (DataPath)                             0.0000     0.1677 f
  U785/ZN (INV_X1)                                      0.0742     0.2420 r
  U842/ZN (NAND3_X1)                                    0.0612     0.3031 f
  U778/ZN (NOR2_X1)                                     0.0776     0.3807 r
  DP_i/RF2 (DataPath)                                   0.0000     0.3807 r
  DP_i/U66/Z (BUF_X1)                                   0.0935     0.4742 r
  DP_i/U83/ZN (OR2_X1)                                  0.0588     0.5330 r
  DP_i/U84/ZN (NAND2_X1)                                0.0330     0.5660 f
  DP_i/U909/ZN (OAI21_X1)                               0.0546     0.6206 r
  DP_i/U910/ZN (NOR2_X1)                                0.0380     0.6586 f
  DP_i/U911/ZN (NOR2_X1)                                0.0696     0.7282 r
  DP_i/U912/ZN (NAND2_X1)                               0.0426     0.7708 f
  DP_i/U913/ZN (NAND2_X1)                               0.0357     0.8065 r
  DP_i/U991/CO (FA_X1)                                  0.0806     0.8871 r
  DP_i/U337/ZN (AND3_X1)                                0.0646     0.9517 r
  DP_i/U916/ZN (INV_X1)                                 0.0294     0.9811 f
  DP_i/U920/ZN (NAND2_X1)                               0.0347     1.0158 r
  DP_i/U921/ZN (INV_X1)                                 0.0277     1.0435 f
  DP_i/U91/ZN (OAI21_X2)                                0.0573     1.1008 r
  DP_i/U151/ZN (INV_X1)                                 0.0314     1.1322 f
  DP_i/U216/ZN (OAI21_X1)                               0.0543     1.1866 r
  DP_i/U988/CO (FA_X1)                                  0.0931     1.2797 r
  DP_i/U90/ZN (AND3_X1)                                 0.0696     1.3492 r
  DP_i/U939/ZN (XNOR2_X1)                               0.0809     1.4302 r
  DP_i/U331/ZN (NAND2_X1)                               0.0409     1.4711 f
  DP_i/U332/ZN (NAND2_X1)                               0.0327     1.5038 r
  DP_i/U947/ZN (NAND2_X1)                               0.0392     1.5430 f
  DP_i/U949/ZN (OAI21_X1)                               0.0567     1.5997 r
  DP_i/U85/Z (BUF_X1)                                   0.0410     1.6407 r
  DP_i/U950/ZN (NAND4_X1)                               0.0469     1.6876 f
  DP_i/U954/ZN (AOI21_X1)                               0.0945     1.7822 r
  DP_i/U956/ZN (NOR2_X1)                                0.0453     1.8274 f
  DP_i/U1022/ZN (INV_X1)                                0.0351     1.8625 r
  DP_i/U1024/ZN (AOI22_X1)                              0.0352     1.8977 f
  DP_i/U1025/ZN (XNOR2_X1)                              0.0693     1.9670 r
  DP_i/U1029/ZN (OAI21_X1)                              0.0415     2.0085 f
  DP_i/U1030/ZN (INV_X1)                                0.0281     2.0366 r
  DP_i/U140/ZN (AND4_X1)                                0.0661     2.1027 r
  DP_i/U193/ZN (AOI22_X1)                               0.0335     2.1362 f
  DP_i/U21/ZN (AND2_X1)                                 0.0536     2.1899 f
  DP_i/U1111/ZN (NOR3_X1)                               0.0601     2.2499 r
  DP_i/U109/Z (BUF_X1)                                  0.0460     2.2959 r
  DP_i/U107/Z (BUF_X2)                                  0.0637     2.3596 r
  DP_i/U3114/ZN (AOI22_X1)                              0.0577     2.4174 f
  DP_i/U3115/ZN (OAI211_X1)                             0.0409     2.4583 r
  DP_i/fetch_i_pc_i_Y_reg_8_/D (DFF_X1)                 0.0110     2.4693 r
  data arrival time                                                2.4693

  clock CLK (rise edge)                                 2.5000     2.5000
  clock network delay (ideal)                           0.0500     2.5500
  clock uncertainty                                    -0.0500     2.5000
  DP_i/fetch_i_pc_i_Y_reg_8_/CK (DFF_X1)                0.0000     2.5000 r
  library setup time                                   -0.0297     2.4703
  data required time                                               2.4703
  --------------------------------------------------------------------------
  data required time                                               2.4703
  data arrival time                                               -2.4693
  --------------------------------------------------------------------------
  slack (MET)                                                      0.0010


  Startpoint: DP_i/fetch_i_IR_out_reg_30_
              (rising edge-triggered flip-flop clocked by CLK)
  Endpoint: DP_i/fetch_i_pc_i_Y_reg_11_
            (rising edge-triggered flip-flop clocked by CLK)
  Path Group: REG2REG
  Path Type: max

  Des/Clust/Port     Wire Load Model       Library
  ------------------------------------------------
  DLX                5K_hvratio_1_4        NangateOpenCellLibrary

  Point                                                   Incr       Path
  --------------------------------------------------------------------------
  clock CLK (rise edge)                                 0.0000     0.0000
  clock network delay (ideal)                           0.0500     0.0500
  DP_i/fetch_i_IR_out_reg_30_/CK (DFF_X2)               0.0000     0.0500 r
  DP_i/fetch_i_IR_out_reg_30_/Q (DFF_X2)                0.1177     0.1677 f
  DP_i/opcode[4] (DataPath)                             0.0000     0.1677 f
  U785/ZN (INV_X1)                                      0.0742     0.2420 r
  U842/ZN (NAND3_X1)                                    0.0612     0.3031 f
  U778/ZN (NOR2_X1)                                     0.0776     0.3807 r
  DP_i/RF2 (DataPath)                                   0.0000     0.3807 r
  DP_i/U66/Z (BUF_X1)                                   0.0935     0.4742 r
  DP_i/U83/ZN (OR2_X1)                                  0.0588     0.5330 r
  DP_i/U84/ZN (NAND2_X1)                                0.0330     0.5660 f
  DP_i/U909/ZN (OAI21_X1)                               0.0546     0.6206 r
  DP_i/U910/ZN (NOR2_X1)                                0.0380     0.6586 f
  DP_i/U911/ZN (NOR2_X1)                                0.0696     0.7282 r
  DP_i/U912/ZN (NAND2_X1)                               0.0426     0.7708 f
  DP_i/U913/ZN (NAND2_X1)                               0.0357     0.8065 r
  DP_i/U991/CO (FA_X1)                                  0.0806     0.8871 r
  DP_i/U337/ZN (AND3_X1)                                0.0646     0.9517 r
  DP_i/U916/ZN (INV_X1)                                 0.0294     0.9811 f
  DP_i/U920/ZN (NAND2_X1)                               0.0347     1.0158 r
  DP_i/U921/ZN (INV_X1)                                 0.0277     1.0435 f
  DP_i/U91/ZN (OAI21_X2)                                0.0573     1.1008 r
  DP_i/U151/ZN (INV_X1)                                 0.0314     1.1322 f
  DP_i/U216/ZN (OAI21_X1)                               0.0543     1.1866 r
  DP_i/U988/CO (FA_X1)                                  0.0931     1.2797 r
  DP_i/U90/ZN (AND3_X1)                                 0.0696     1.3492 r
  DP_i/U939/ZN (XNOR2_X1)                               0.0809     1.4302 r
  DP_i/U331/ZN (NAND2_X1)                               0.0409     1.4711 f
  DP_i/U332/ZN (NAND2_X1)                               0.0327     1.5038 r
  DP_i/U947/ZN (NAND2_X1)                               0.0392     1.5430 f
  DP_i/U949/ZN (OAI21_X1)                               0.0567     1.5997 r
  DP_i/U85/Z (BUF_X1)                                   0.0410     1.6407 r
  DP_i/U950/ZN (NAND4_X1)                               0.0469     1.6876 f
  DP_i/U954/ZN (AOI21_X1)                               0.0945     1.7822 r
  DP_i/U956/ZN (NOR2_X1)                                0.0453     1.8274 f
  DP_i/U1022/ZN (INV_X1)                                0.0351     1.8625 r
  DP_i/U1024/ZN (AOI22_X1)                              0.0352     1.8977 f
  DP_i/U1025/ZN (XNOR2_X1)                              0.0693     1.9670 r
  DP_i/U1029/ZN (OAI21_X1)                              0.0415     2.0085 f
  DP_i/U1030/ZN (INV_X1)                                0.0281     2.0366 r
  DP_i/U140/ZN (AND4_X1)                                0.0661     2.1027 r
  DP_i/U193/ZN (AOI22_X1)                               0.0335     2.1362 f
  DP_i/U21/ZN (AND2_X1)                                 0.0536     2.1899 f
  DP_i/U1111/ZN (NOR3_X1)                               0.0601     2.2499 r
  DP_i/U109/Z (BUF_X1)                                  0.0460     2.2959 r
  DP_i/U107/Z (BUF_X2)                                  0.0637     2.3596 r
  DP_i/U3099/ZN (AOI22_X1)                              0.0577     2.4174 f
  DP_i/U3100/ZN (OAI211_X1)                             0.0409     2.4583 r
  DP_i/fetch_i_pc_i_Y_reg_11_/D (DFF_X1)                0.0110     2.4693 r
  data arrival time                                                2.4693

  clock CLK (rise edge)                                 2.5000     2.5000
  clock network delay (ideal)                           0.0500     2.5500
  clock uncertainty                                    -0.0500     2.5000
  DP_i/fetch_i_pc_i_Y_reg_11_/CK (DFF_X1)               0.0000     2.5000 r
  library setup time                                   -0.0297     2.4703
  data required time                                               2.4703
  --------------------------------------------------------------------------
  data required time                                               2.4703
  data arrival time                                               -2.4693
  --------------------------------------------------------------------------
  slack (MET)                                                      0.0010


  Startpoint: DP_i/fetch_i_IR_out_reg_30_
              (rising edge-triggered flip-flop clocked by CLK)
  Endpoint: DP_i/fetch_i_pc_i_Y_reg_13_
            (rising edge-triggered flip-flop clocked by CLK)
  Path Group: REG2REG
  Path Type: max

  Des/Clust/Port     Wire Load Model       Library
  ------------------------------------------------
  DLX                5K_hvratio_1_4        NangateOpenCellLibrary

  Point                                                   Incr       Path
  --------------------------------------------------------------------------
  clock CLK (rise edge)                                 0.0000     0.0000
  clock network delay (ideal)                           0.0500     0.0500
  DP_i/fetch_i_IR_out_reg_30_/CK (DFF_X2)               0.0000     0.0500 r
  DP_i/fetch_i_IR_out_reg_30_/Q (DFF_X2)                0.1177     0.1677 f
  DP_i/opcode[4] (DataPath)                             0.0000     0.1677 f
  U785/ZN (INV_X1)                                      0.0742     0.2420 r
  U842/ZN (NAND3_X1)                                    0.0612     0.3031 f
  U778/ZN (NOR2_X1)                                     0.0776     0.3807 r
  DP_i/RF2 (DataPath)                                   0.0000     0.3807 r
  DP_i/U66/Z (BUF_X1)                                   0.0935     0.4742 r
  DP_i/U83/ZN (OR2_X1)                                  0.0588     0.5330 r
  DP_i/U84/ZN (NAND2_X1)                                0.0330     0.5660 f
  DP_i/U909/ZN (OAI21_X1)                               0.0546     0.6206 r
  DP_i/U910/ZN (NOR2_X1)                                0.0380     0.6586 f
  DP_i/U911/ZN (NOR2_X1)                                0.0696     0.7282 r
  DP_i/U912/ZN (NAND2_X1)                               0.0426     0.7708 f
  DP_i/U913/ZN (NAND2_X1)                               0.0357     0.8065 r
  DP_i/U991/CO (FA_X1)                                  0.0806     0.8871 r
  DP_i/U337/ZN (AND3_X1)                                0.0646     0.9517 r
  DP_i/U916/ZN (INV_X1)                                 0.0294     0.9811 f
  DP_i/U920/ZN (NAND2_X1)                               0.0347     1.0158 r
  DP_i/U921/ZN (INV_X1)                                 0.0277     1.0435 f
  DP_i/U91/ZN (OAI21_X2)                                0.0573     1.1008 r
  DP_i/U151/ZN (INV_X1)                                 0.0314     1.1322 f
  DP_i/U216/ZN (OAI21_X1)                               0.0543     1.1866 r
  DP_i/U988/CO (FA_X1)                                  0.0931     1.2797 r
  DP_i/U90/ZN (AND3_X1)                                 0.0696     1.3492 r
  DP_i/U939/ZN (XNOR2_X1)                               0.0809     1.4302 r
  DP_i/U331/ZN (NAND2_X1)                               0.0409     1.4711 f
  DP_i/U332/ZN (NAND2_X1)                               0.0327     1.5038 r
  DP_i/U947/ZN (NAND2_X1)                               0.0392     1.5430 f
  DP_i/U949/ZN (OAI21_X1)                               0.0567     1.5997 r
  DP_i/U85/Z (BUF_X1)                                   0.0410     1.6407 r
  DP_i/U950/ZN (NAND4_X1)                               0.0469     1.6876 f
  DP_i/U954/ZN (AOI21_X1)                               0.0945     1.7822 r
  DP_i/U956/ZN (NOR2_X1)                                0.0453     1.8274 f
  DP_i/U1022/ZN (INV_X1)                                0.0351     1.8625 r
  DP_i/U1024/ZN (AOI22_X1)                              0.0352     1.8977 f
  DP_i/U1025/ZN (XNOR2_X1)                              0.0693     1.9670 r
  DP_i/U1029/ZN (OAI21_X1)                              0.0415     2.0085 f
  DP_i/U1030/ZN (INV_X1)                                0.0281     2.0366 r
  DP_i/U140/ZN (AND4_X1)                                0.0661     2.1027 r
  DP_i/U193/ZN (AOI22_X1)                               0.0335     2.1362 f
  DP_i/U21/ZN (AND2_X1)                                 0.0536     2.1899 f
  DP_i/U1111/ZN (NOR3_X1)                               0.0601     2.2499 r
  DP_i/U109/Z (BUF_X1)                                  0.0460     2.2959 r
  DP_i/U107/Z (BUF_X2)                                  0.0637     2.3596 r
  DP_i/U3089/ZN (AOI22_X1)                              0.0577     2.4174 f
  DP_i/U3090/ZN (OAI211_X1)                             0.0409     2.4583 r
  DP_i/fetch_i_pc_i_Y_reg_13_/D (DFF_X1)                0.0110     2.4693 r
  data arrival time                                                2.4693

  clock CLK (rise edge)                                 2.5000     2.5000
  clock network delay (ideal)                           0.0500     2.5500
  clock uncertainty                                    -0.0500     2.5000
  DP_i/fetch_i_pc_i_Y_reg_13_/CK (DFF_X1)               0.0000     2.5000 r
  library setup time                                   -0.0297     2.4703
  data required time                                               2.4703
  --------------------------------------------------------------------------
  data required time                                               2.4703
  data arrival time                                               -2.4693
  --------------------------------------------------------------------------
  slack (MET)                                                      0.0010


  Startpoint: DP_i/fetch_i_IR_out_reg_30_
              (rising edge-triggered flip-flop clocked by CLK)
  Endpoint: DP_i/fetch_i_pc_i_Y_reg_12_
            (rising edge-triggered flip-flop clocked by CLK)
  Path Group: REG2REG
  Path Type: max

  Des/Clust/Port     Wire Load Model       Library
  ------------------------------------------------
  DLX                5K_hvratio_1_4        NangateOpenCellLibrary

  Point                                                   Incr       Path
  --------------------------------------------------------------------------
  clock CLK (rise edge)                                 0.0000     0.0000
  clock network delay (ideal)                           0.0500     0.0500
  DP_i/fetch_i_IR_out_reg_30_/CK (DFF_X2)               0.0000     0.0500 r
  DP_i/fetch_i_IR_out_reg_30_/Q (DFF_X2)                0.1177     0.1677 f
  DP_i/opcode[4] (DataPath)                             0.0000     0.1677 f
  U785/ZN (INV_X1)                                      0.0742     0.2420 r
  U842/ZN (NAND3_X1)                                    0.0612     0.3031 f
  U778/ZN (NOR2_X1)                                     0.0776     0.3807 r
  DP_i/RF2 (DataPath)                                   0.0000     0.3807 r
  DP_i/U66/Z (BUF_X1)                                   0.0935     0.4742 r
  DP_i/U83/ZN (OR2_X1)                                  0.0588     0.5330 r
  DP_i/U84/ZN (NAND2_X1)                                0.0330     0.5660 f
  DP_i/U909/ZN (OAI21_X1)                               0.0546     0.6206 r
  DP_i/U910/ZN (NOR2_X1)                                0.0380     0.6586 f
  DP_i/U911/ZN (NOR2_X1)                                0.0696     0.7282 r
  DP_i/U912/ZN (NAND2_X1)                               0.0426     0.7708 f
  DP_i/U913/ZN (NAND2_X1)                               0.0357     0.8065 r
  DP_i/U991/CO (FA_X1)                                  0.0806     0.8871 r
  DP_i/U337/ZN (AND3_X1)                                0.0646     0.9517 r
  DP_i/U916/ZN (INV_X1)                                 0.0294     0.9811 f
  DP_i/U920/ZN (NAND2_X1)                               0.0347     1.0158 r
  DP_i/U921/ZN (INV_X1)                                 0.0277     1.0435 f
  DP_i/U91/ZN (OAI21_X2)                                0.0573     1.1008 r
  DP_i/U151/ZN (INV_X1)                                 0.0314     1.1322 f
  DP_i/U216/ZN (OAI21_X1)                               0.0543     1.1866 r
  DP_i/U988/CO (FA_X1)                                  0.0931     1.2797 r
  DP_i/U90/ZN (AND3_X1)                                 0.0696     1.3492 r
  DP_i/U939/ZN (XNOR2_X1)                               0.0809     1.4302 r
  DP_i/U331/ZN (NAND2_X1)                               0.0409     1.4711 f
  DP_i/U332/ZN (NAND2_X1)                               0.0327     1.5038 r
  DP_i/U947/ZN (NAND2_X1)                               0.0392     1.5430 f
  DP_i/U949/ZN (OAI21_X1)                               0.0567     1.5997 r
  DP_i/U85/Z (BUF_X1)                                   0.0410     1.6407 r
  DP_i/U950/ZN (NAND4_X1)                               0.0469     1.6876 f
  DP_i/U954/ZN (AOI21_X1)                               0.0945     1.7822 r
  DP_i/U956/ZN (NOR2_X1)                                0.0453     1.8274 f
  DP_i/U1022/ZN (INV_X1)                                0.0351     1.8625 r
  DP_i/U1024/ZN (AOI22_X1)                              0.0352     1.8977 f
  DP_i/U1025/ZN (XNOR2_X1)                              0.0693     1.9670 r
  DP_i/U1029/ZN (OAI21_X1)                              0.0415     2.0085 f
  DP_i/U1030/ZN (INV_X1)                                0.0281     2.0366 r
  DP_i/U140/ZN (AND4_X1)                                0.0661     2.1027 r
  DP_i/U193/ZN (AOI22_X1)                               0.0335     2.1362 f
  DP_i/U21/ZN (AND2_X1)                                 0.0536     2.1899 f
  DP_i/U1111/ZN (NOR3_X1)                               0.0601     2.2499 r
  DP_i/U109/Z (BUF_X1)                                  0.0460     2.2959 r
  DP_i/U107/Z (BUF_X2)                                  0.0637     2.3596 r
  DP_i/U3094/ZN (AOI22_X1)                              0.0577     2.4174 f
  DP_i/U3095/ZN (OAI211_X1)                             0.0409     2.4583 r
  DP_i/fetch_i_pc_i_Y_reg_12_/D (DFF_X1)                0.0110     2.4693 r
  data arrival time                                                2.4693

  clock CLK (rise edge)                                 2.5000     2.5000
  clock network delay (ideal)                           0.0500     2.5500
  clock uncertainty                                    -0.0500     2.5000
  DP_i/fetch_i_pc_i_Y_reg_12_/CK (DFF_X1)               0.0000     2.5000 r
  library setup time                                   -0.0297     2.4703
  data required time                                               2.4703
  --------------------------------------------------------------------------
  data required time                                               2.4703
  data arrival time                                               -2.4693
  --------------------------------------------------------------------------
  slack (MET)                                                      0.0010


  Startpoint: DP_i/fetch_i_IR_out_reg_30_
              (rising edge-triggered flip-flop clocked by CLK)
  Endpoint: DP_i/fetch_i_pc_i_Y_reg_10_
            (rising edge-triggered flip-flop clocked by CLK)
  Path Group: REG2REG
  Path Type: max

  Des/Clust/Port     Wire Load Model       Library
  ------------------------------------------------
  DLX                5K_hvratio_1_4        NangateOpenCellLibrary

  Point                                                   Incr       Path
  --------------------------------------------------------------------------
  clock CLK (rise edge)                                 0.0000     0.0000
  clock network delay (ideal)                           0.0500     0.0500
  DP_i/fetch_i_IR_out_reg_30_/CK (DFF_X2)               0.0000     0.0500 r
  DP_i/fetch_i_IR_out_reg_30_/Q (DFF_X2)                0.1177     0.1677 f
  DP_i/opcode[4] (DataPath)                             0.0000     0.1677 f
  U785/ZN (INV_X1)                                      0.0742     0.2420 r
  U842/ZN (NAND3_X1)                                    0.0612     0.3031 f
  U778/ZN (NOR2_X1)                                     0.0776     0.3807 r
  DP_i/RF2 (DataPath)                                   0.0000     0.3807 r
  DP_i/U66/Z (BUF_X1)                                   0.0935     0.4742 r
  DP_i/U83/ZN (OR2_X1)                                  0.0588     0.5330 r
  DP_i/U84/ZN (NAND2_X1)                                0.0330     0.5660 f
  DP_i/U909/ZN (OAI21_X1)                               0.0546     0.6206 r
  DP_i/U910/ZN (NOR2_X1)                                0.0380     0.6586 f
  DP_i/U911/ZN (NOR2_X1)                                0.0696     0.7282 r
  DP_i/U912/ZN (NAND2_X1)                               0.0426     0.7708 f
  DP_i/U913/ZN (NAND2_X1)                               0.0357     0.8065 r
  DP_i/U991/CO (FA_X1)                                  0.0806     0.8871 r
  DP_i/U337/ZN (AND3_X1)                                0.0646     0.9517 r
  DP_i/U916/ZN (INV_X1)                                 0.0294     0.9811 f
  DP_i/U920/ZN (NAND2_X1)                               0.0347     1.0158 r
  DP_i/U921/ZN (INV_X1)                                 0.0277     1.0435 f
  DP_i/U91/ZN (OAI21_X2)                                0.0573     1.1008 r
  DP_i/U151/ZN (INV_X1)                                 0.0314     1.1322 f
  DP_i/U216/ZN (OAI21_X1)                               0.0543     1.1866 r
  DP_i/U988/CO (FA_X1)                                  0.0931     1.2797 r
  DP_i/U90/ZN (AND3_X1)                                 0.0696     1.3492 r
  DP_i/U939/ZN (XNOR2_X1)                               0.0809     1.4302 r
  DP_i/U331/ZN (NAND2_X1)                               0.0409     1.4711 f
  DP_i/U332/ZN (NAND2_X1)                               0.0327     1.5038 r
  DP_i/U947/ZN (NAND2_X1)                               0.0392     1.5430 f
  DP_i/U949/ZN (OAI21_X1)                               0.0567     1.5997 r
  DP_i/U85/Z (BUF_X1)                                   0.0410     1.6407 r
  DP_i/U950/ZN (NAND4_X1)                               0.0469     1.6876 f
  DP_i/U954/ZN (AOI21_X1)                               0.0945     1.7822 r
  DP_i/U956/ZN (NOR2_X1)                                0.0453     1.8274 f
  DP_i/U1022/ZN (INV_X1)                                0.0351     1.8625 r
  DP_i/U1024/ZN (AOI22_X1)                              0.0352     1.8977 f
  DP_i/U1025/ZN (XNOR2_X1)                              0.0693     1.9670 r
  DP_i/U1029/ZN (OAI21_X1)                              0.0415     2.0085 f
  DP_i/U1030/ZN (INV_X1)                                0.0281     2.0366 r
  DP_i/U140/ZN (AND4_X1)                                0.0661     2.1027 r
  DP_i/U193/ZN (AOI22_X1)                               0.0335     2.1362 f
  DP_i/U21/ZN (AND2_X1)                                 0.0536     2.1899 f
  DP_i/U1111/ZN (NOR3_X1)                               0.0601     2.2499 r
  DP_i/U109/Z (BUF_X1)                                  0.0460     2.2959 r
  DP_i/U107/Z (BUF_X2)                                  0.0637     2.3596 r
  DP_i/U3104/ZN (AOI22_X1)                              0.0577     2.4174 f
  DP_i/U3105/ZN (OAI211_X1)                             0.0409     2.4583 r
  DP_i/fetch_i_pc_i_Y_reg_10_/D (DFF_X1)                0.0110     2.4693 r
  data arrival time                                                2.4693

  clock CLK (rise edge)                                 2.5000     2.5000
  clock network delay (ideal)                           0.0500     2.5500
  clock uncertainty                                    -0.0500     2.5000
  DP_i/fetch_i_pc_i_Y_reg_10_/CK (DFF_X1)               0.0000     2.5000 r
  library setup time                                   -0.0297     2.4703
  data required time                                               2.4703
  --------------------------------------------------------------------------
  data required time                                               2.4703
  data arrival time                                               -2.4693
  --------------------------------------------------------------------------
  slack (MET)                                                      0.0010


  Startpoint: DP_i/fetch_i_IR_out_reg_30_
              (rising edge-triggered flip-flop clocked by CLK)
  Endpoint: DP_i/fetch_i_pc_i_Y_reg_9_
            (rising edge-triggered flip-flop clocked by CLK)
  Path Group: REG2REG
  Path Type: max

  Des/Clust/Port     Wire Load Model       Library
  ------------------------------------------------
  DLX                5K_hvratio_1_4        NangateOpenCellLibrary

  Point                                                   Incr       Path
  --------------------------------------------------------------------------
  clock CLK (rise edge)                                 0.0000     0.0000
  clock network delay (ideal)                           0.0500     0.0500
  DP_i/fetch_i_IR_out_reg_30_/CK (DFF_X2)               0.0000     0.0500 r
  DP_i/fetch_i_IR_out_reg_30_/Q (DFF_X2)                0.1177     0.1677 f
  DP_i/opcode[4] (DataPath)                             0.0000     0.1677 f
  U785/ZN (INV_X1)                                      0.0742     0.2420 r
  U842/ZN (NAND3_X1)                                    0.0612     0.3031 f
  U778/ZN (NOR2_X1)                                     0.0776     0.3807 r
  DP_i/RF2 (DataPath)                                   0.0000     0.3807 r
  DP_i/U66/Z (BUF_X1)                                   0.0935     0.4742 r
  DP_i/U83/ZN (OR2_X1)                                  0.0588     0.5330 r
  DP_i/U84/ZN (NAND2_X1)                                0.0330     0.5660 f
  DP_i/U909/ZN (OAI21_X1)                               0.0546     0.6206 r
  DP_i/U910/ZN (NOR2_X1)                                0.0380     0.6586 f
  DP_i/U911/ZN (NOR2_X1)                                0.0696     0.7282 r
  DP_i/U912/ZN (NAND2_X1)                               0.0426     0.7708 f
  DP_i/U913/ZN (NAND2_X1)                               0.0357     0.8065 r
  DP_i/U991/CO (FA_X1)                                  0.0806     0.8871 r
  DP_i/U337/ZN (AND3_X1)                                0.0646     0.9517 r
  DP_i/U916/ZN (INV_X1)                                 0.0294     0.9811 f
  DP_i/U920/ZN (NAND2_X1)                               0.0347     1.0158 r
  DP_i/U921/ZN (INV_X1)                                 0.0277     1.0435 f
  DP_i/U91/ZN (OAI21_X2)                                0.0573     1.1008 r
  DP_i/U151/ZN (INV_X1)                                 0.0314     1.1322 f
  DP_i/U216/ZN (OAI21_X1)                               0.0543     1.1866 r
  DP_i/U988/CO (FA_X1)                                  0.0931     1.2797 r
  DP_i/U90/ZN (AND3_X1)                                 0.0696     1.3492 r
  DP_i/U939/ZN (XNOR2_X1)                               0.0809     1.4302 r
  DP_i/U331/ZN (NAND2_X1)                               0.0409     1.4711 f
  DP_i/U332/ZN (NAND2_X1)                               0.0327     1.5038 r
  DP_i/U947/ZN (NAND2_X1)                               0.0392     1.5430 f
  DP_i/U949/ZN (OAI21_X1)                               0.0567     1.5997 r
  DP_i/U85/Z (BUF_X1)                                   0.0410     1.6407 r
  DP_i/U950/ZN (NAND4_X1)                               0.0469     1.6876 f
  DP_i/U954/ZN (AOI21_X1)                               0.0945     1.7822 r
  DP_i/U956/ZN (NOR2_X1)                                0.0453     1.8274 f
  DP_i/U1022/ZN (INV_X1)                                0.0351     1.8625 r
  DP_i/U1024/ZN (AOI22_X1)                              0.0352     1.8977 f
  DP_i/U1025/ZN (XNOR2_X1)                              0.0693     1.9670 r
  DP_i/U1029/ZN (OAI21_X1)                              0.0415     2.0085 f
  DP_i/U1030/ZN (INV_X1)                                0.0281     2.0366 r
  DP_i/U140/ZN (AND4_X1)                                0.0661     2.1027 r
  DP_i/U193/ZN (AOI22_X1)                               0.0335     2.1362 f
  DP_i/U21/ZN (AND2_X1)                                 0.0536     2.1899 f
  DP_i/U1111/ZN (NOR3_X1)                               0.0601     2.2499 r
  DP_i/U109/Z (BUF_X1)                                  0.0460     2.2959 r
  DP_i/U107/Z (BUF_X2)                                  0.0637     2.3596 r
  DP_i/U3109/ZN (AOI22_X1)                              0.0577     2.4174 f
  DP_i/U3110/ZN (OAI211_X1)                             0.0409     2.4583 r
  DP_i/fetch_i_pc_i_Y_reg_9_/D (DFF_X1)                 0.0110     2.4693 r
  data arrival time                                                2.4693

  clock CLK (rise edge)                                 2.5000     2.5000
  clock network delay (ideal)                           0.0500     2.5500
  clock uncertainty                                    -0.0500     2.5000
  DP_i/fetch_i_pc_i_Y_reg_9_/CK (DFF_X1)                0.0000     2.5000 r
  library setup time                                   -0.0297     2.4703
  data required time                                               2.4703
  --------------------------------------------------------------------------
  data required time                                               2.4703
  data arrival time                                               -2.4693
  --------------------------------------------------------------------------
  slack (MET)                                                      0.0010


  Startpoint: DP_i/fetch_i_IR_out_reg_30_
              (rising edge-triggered flip-flop clocked by CLK)
  Endpoint: DP_i/fetch_i_pc_i_Y_reg_14_
            (rising edge-triggered flip-flop clocked by CLK)
  Path Group: REG2REG
  Path Type: max

  Des/Clust/Port     Wire Load Model       Library
  ------------------------------------------------
  DLX                5K_hvratio_1_4        NangateOpenCellLibrary

  Point                                                   Incr       Path
  --------------------------------------------------------------------------
  clock CLK (rise edge)                                 0.0000     0.0000
  clock network delay (ideal)                           0.0500     0.0500
  DP_i/fetch_i_IR_out_reg_30_/CK (DFF_X2)               0.0000     0.0500 r
  DP_i/fetch_i_IR_out_reg_30_/Q (DFF_X2)                0.1177     0.1677 f
  DP_i/opcode[4] (DataPath)                             0.0000     0.1677 f
  U785/ZN (INV_X1)                                      0.0742     0.2420 r
  U842/ZN (NAND3_X1)                                    0.0612     0.3031 f
  U778/ZN (NOR2_X1)                                     0.0776     0.3807 r
  DP_i/RF2 (DataPath)                                   0.0000     0.3807 r
  DP_i/U66/Z (BUF_X1)                                   0.0935     0.4742 r
  DP_i/U83/ZN (OR2_X1)                                  0.0588     0.5330 r
  DP_i/U84/ZN (NAND2_X1)                                0.0330     0.5660 f
  DP_i/U909/ZN (OAI21_X1)                               0.0546     0.6206 r
  DP_i/U910/ZN (NOR2_X1)                                0.0380     0.6586 f
  DP_i/U911/ZN (NOR2_X1)                                0.0696     0.7282 r
  DP_i/U912/ZN (NAND2_X1)                               0.0426     0.7708 f
  DP_i/U913/ZN (NAND2_X1)                               0.0357     0.8065 r
  DP_i/U991/CO (FA_X1)                                  0.0806     0.8871 r
  DP_i/U337/ZN (AND3_X1)                                0.0646     0.9517 r
  DP_i/U916/ZN (INV_X1)                                 0.0294     0.9811 f
  DP_i/U920/ZN (NAND2_X1)                               0.0347     1.0158 r
  DP_i/U921/ZN (INV_X1)                                 0.0277     1.0435 f
  DP_i/U91/ZN (OAI21_X2)                                0.0573     1.1008 r
  DP_i/U151/ZN (INV_X1)                                 0.0314     1.1322 f
  DP_i/U216/ZN (OAI21_X1)                               0.0543     1.1866 r
  DP_i/U988/CO (FA_X1)                                  0.0931     1.2797 r
  DP_i/U90/ZN (AND3_X1)                                 0.0696     1.3492 r
  DP_i/U939/ZN (XNOR2_X1)                               0.0809     1.4302 r
  DP_i/U331/ZN (NAND2_X1)                               0.0409     1.4711 f
  DP_i/U332/ZN (NAND2_X1)                               0.0327     1.5038 r
  DP_i/U947/ZN (NAND2_X1)                               0.0392     1.5430 f
  DP_i/U949/ZN (OAI21_X1)                               0.0567     1.5997 r
  DP_i/U85/Z (BUF_X1)                                   0.0410     1.6407 r
  DP_i/U950/ZN (NAND4_X1)                               0.0469     1.6876 f
  DP_i/U954/ZN (AOI21_X1)                               0.0945     1.7822 r
  DP_i/U956/ZN (NOR2_X1)                                0.0453     1.8274 f
  DP_i/U1022/ZN (INV_X1)                                0.0351     1.8625 r
  DP_i/U1024/ZN (AOI22_X1)                              0.0352     1.8977 f
  DP_i/U1025/ZN (XNOR2_X1)                              0.0693     1.9670 r
  DP_i/U1029/ZN (OAI21_X1)                              0.0415     2.0085 f
  DP_i/U1030/ZN (INV_X1)                                0.0281     2.0366 r
  DP_i/U140/ZN (AND4_X1)                                0.0661     2.1027 r
  DP_i/U193/ZN (AOI22_X1)                               0.0335     2.1362 f
  DP_i/U21/ZN (AND2_X1)                                 0.0536     2.1899 f
  DP_i/U1111/ZN (NOR3_X1)                               0.0601     2.2499 r
  DP_i/U109/Z (BUF_X1)                                  0.0460     2.2959 r
  DP_i/U107/Z (BUF_X2)                                  0.0637     2.3596 r
  DP_i/U3084/ZN (AOI22_X1)                              0.0577     2.4174 f
  DP_i/U3085/ZN (OAI211_X1)                             0.0409     2.4583 r
  DP_i/fetch_i_pc_i_Y_reg_14_/D (DFF_X1)                0.0110     2.4693 r
  data arrival time                                                2.4693

  clock CLK (rise edge)                                 2.5000     2.5000
  clock network delay (ideal)                           0.0500     2.5500
  clock uncertainty                                    -0.0500     2.5000
  DP_i/fetch_i_pc_i_Y_reg_14_/CK (DFF_X1)               0.0000     2.5000 r
  library setup time                                   -0.0297     2.4703
  data required time                                               2.4703
  --------------------------------------------------------------------------
  data required time                                               2.4703
  data arrival time                                               -2.4693
  --------------------------------------------------------------------------
  slack (MET)                                                      0.0010


  Startpoint: DP_i/fetch_i_IR_out_reg_30_
              (rising edge-triggered flip-flop clocked by CLK)
  Endpoint: DP_i/fetch_i_pc_i_Y_reg_16_
            (rising edge-triggered flip-flop clocked by CLK)
  Path Group: REG2REG
  Path Type: max

  Des/Clust/Port     Wire Load Model       Library
  ------------------------------------------------
  DLX                5K_hvratio_1_4        NangateOpenCellLibrary

  Point                                                   Incr       Path
  --------------------------------------------------------------------------
  clock CLK (rise edge)                                 0.0000     0.0000
  clock network delay (ideal)                           0.0500     0.0500
  DP_i/fetch_i_IR_out_reg_30_/CK (DFF_X2)               0.0000     0.0500 r
  DP_i/fetch_i_IR_out_reg_30_/Q (DFF_X2)                0.1177     0.1677 f
  DP_i/opcode[4] (DataPath)                             0.0000     0.1677 f
  U785/ZN (INV_X1)                                      0.0742     0.2420 r
  U842/ZN (NAND3_X1)                                    0.0612     0.3031 f
  U778/ZN (NOR2_X1)                                     0.0776     0.3807 r
  DP_i/RF2 (DataPath)                                   0.0000     0.3807 r
  DP_i/U66/Z (BUF_X1)                                   0.0935     0.4742 r
  DP_i/U83/ZN (OR2_X1)                                  0.0588     0.5330 r
  DP_i/U84/ZN (NAND2_X1)                                0.0330     0.5660 f
  DP_i/U909/ZN (OAI21_X1)                               0.0546     0.6206 r
  DP_i/U910/ZN (NOR2_X1)                                0.0380     0.6586 f
  DP_i/U911/ZN (NOR2_X1)                                0.0696     0.7282 r
  DP_i/U912/ZN (NAND2_X1)                               0.0426     0.7708 f
  DP_i/U913/ZN (NAND2_X1)                               0.0357     0.8065 r
  DP_i/U991/CO (FA_X1)                                  0.0806     0.8871 r
  DP_i/U337/ZN (AND3_X1)                                0.0646     0.9517 r
  DP_i/U916/ZN (INV_X1)                                 0.0294     0.9811 f
  DP_i/U920/ZN (NAND2_X1)                               0.0347     1.0158 r
  DP_i/U921/ZN (INV_X1)                                 0.0277     1.0435 f
  DP_i/U91/ZN (OAI21_X2)                                0.0573     1.1008 r
  DP_i/U151/ZN (INV_X1)                                 0.0314     1.1322 f
  DP_i/U216/ZN (OAI21_X1)                               0.0543     1.1866 r
  DP_i/U988/CO (FA_X1)                                  0.0931     1.2797 r
  DP_i/U90/ZN (AND3_X1)                                 0.0696     1.3492 r
  DP_i/U939/ZN (XNOR2_X1)                               0.0809     1.4302 r
  DP_i/U331/ZN (NAND2_X1)                               0.0409     1.4711 f
  DP_i/U332/ZN (NAND2_X1)                               0.0327     1.5038 r
  DP_i/U947/ZN (NAND2_X1)                               0.0392     1.5430 f
  DP_i/U949/ZN (OAI21_X1)                               0.0567     1.5997 r
  DP_i/U85/Z (BUF_X1)                                   0.0410     1.6407 r
  DP_i/U950/ZN (NAND4_X1)                               0.0469     1.6876 f
  DP_i/U954/ZN (AOI21_X1)                               0.0945     1.7822 r
  DP_i/U956/ZN (NOR2_X1)                                0.0453     1.8274 f
  DP_i/U1022/ZN (INV_X1)                                0.0351     1.8625 r
  DP_i/U1024/ZN (AOI22_X1)                              0.0352     1.8977 f
  DP_i/U1025/ZN (XNOR2_X1)                              0.0693     1.9670 r
  DP_i/U1029/ZN (OAI21_X1)                              0.0415     2.0085 f
  DP_i/U1030/ZN (INV_X1)                                0.0281     2.0366 r
  DP_i/U140/ZN (AND4_X1)                                0.0661     2.1027 r
  DP_i/U193/ZN (AOI22_X1)                               0.0335     2.1362 f
  DP_i/U21/ZN (AND2_X1)                                 0.0536     2.1899 f
  DP_i/U1111/ZN (NOR3_X1)                               0.0601     2.2499 r
  DP_i/U109/Z (BUF_X1)                                  0.0460     2.2959 r
  DP_i/U107/Z (BUF_X2)                                  0.0637     2.3596 r
  DP_i/U3074/ZN (AOI22_X1)                              0.0577     2.4174 f
  DP_i/U3075/ZN (OAI211_X1)                             0.0409     2.4583 r
  DP_i/fetch_i_pc_i_Y_reg_16_/D (DFF_X1)                0.0110     2.4693 r
  data arrival time                                                2.4693

  clock CLK (rise edge)                                 2.5000     2.5000
  clock network delay (ideal)                           0.0500     2.5500
  clock uncertainty                                    -0.0500     2.5000
  DP_i/fetch_i_pc_i_Y_reg_16_/CK (DFF_X1)               0.0000     2.5000 r
  library setup time                                   -0.0297     2.4703
  data required time                                               2.4703
  --------------------------------------------------------------------------
  data required time                                               2.4703
  data arrival time                                               -2.4693
  --------------------------------------------------------------------------
  slack (MET)                                                      0.0010


  Startpoint: DP_i/fetch_i_IR_out_reg_30_
              (rising edge-triggered flip-flop clocked by CLK)
  Endpoint: DP_i/fetch_i_pc_i_Y_reg_15_
            (rising edge-triggered flip-flop clocked by CLK)
  Path Group: REG2REG
  Path Type: max

  Des/Clust/Port     Wire Load Model       Library
  ------------------------------------------------
  DLX                5K_hvratio_1_4        NangateOpenCellLibrary

  Point                                                   Incr       Path
  --------------------------------------------------------------------------
  clock CLK (rise edge)                                 0.0000     0.0000
  clock network delay (ideal)                           0.0500     0.0500
  DP_i/fetch_i_IR_out_reg_30_/CK (DFF_X2)               0.0000     0.0500 r
  DP_i/fetch_i_IR_out_reg_30_/Q (DFF_X2)                0.1177     0.1677 f
  DP_i/opcode[4] (DataPath)                             0.0000     0.1677 f
  U785/ZN (INV_X1)                                      0.0742     0.2420 r
  U842/ZN (NAND3_X1)                                    0.0612     0.3031 f
  U778/ZN (NOR2_X1)                                     0.0776     0.3807 r
  DP_i/RF2 (DataPath)                                   0.0000     0.3807 r
  DP_i/U66/Z (BUF_X1)                                   0.0935     0.4742 r
  DP_i/U83/ZN (OR2_X1)                                  0.0588     0.5330 r
  DP_i/U84/ZN (NAND2_X1)                                0.0330     0.5660 f
  DP_i/U909/ZN (OAI21_X1)                               0.0546     0.6206 r
  DP_i/U910/ZN (NOR2_X1)                                0.0380     0.6586 f
  DP_i/U911/ZN (NOR2_X1)                                0.0696     0.7282 r
  DP_i/U912/ZN (NAND2_X1)                               0.0426     0.7708 f
  DP_i/U913/ZN (NAND2_X1)                               0.0357     0.8065 r
  DP_i/U991/CO (FA_X1)                                  0.0806     0.8871 r
  DP_i/U337/ZN (AND3_X1)                                0.0646     0.9517 r
  DP_i/U916/ZN (INV_X1)                                 0.0294     0.9811 f
  DP_i/U920/ZN (NAND2_X1)                               0.0347     1.0158 r
  DP_i/U921/ZN (INV_X1)                                 0.0277     1.0435 f
  DP_i/U91/ZN (OAI21_X2)                                0.0573     1.1008 r
  DP_i/U151/ZN (INV_X1)                                 0.0314     1.1322 f
  DP_i/U216/ZN (OAI21_X1)                               0.0543     1.1866 r
  DP_i/U988/CO (FA_X1)                                  0.0931     1.2797 r
  DP_i/U90/ZN (AND3_X1)                                 0.0696     1.3492 r
  DP_i/U939/ZN (XNOR2_X1)                               0.0809     1.4302 r
  DP_i/U331/ZN (NAND2_X1)                               0.0409     1.4711 f
  DP_i/U332/ZN (NAND2_X1)                               0.0327     1.5038 r
  DP_i/U947/ZN (NAND2_X1)                               0.0392     1.5430 f
  DP_i/U949/ZN (OAI21_X1)                               0.0567     1.5997 r
  DP_i/U85/Z (BUF_X1)                                   0.0410     1.6407 r
  DP_i/U950/ZN (NAND4_X1)                               0.0469     1.6876 f
  DP_i/U954/ZN (AOI21_X1)                               0.0945     1.7822 r
  DP_i/U956/ZN (NOR2_X1)                                0.0453     1.8274 f
  DP_i/U1022/ZN (INV_X1)                                0.0351     1.8625 r
  DP_i/U1024/ZN (AOI22_X1)                              0.0352     1.8977 f
  DP_i/U1025/ZN (XNOR2_X1)                              0.0693     1.9670 r
  DP_i/U1029/ZN (OAI21_X1)                              0.0415     2.0085 f
  DP_i/U1030/ZN (INV_X1)                                0.0281     2.0366 r
  DP_i/U140/ZN (AND4_X1)                                0.0661     2.1027 r
  DP_i/U193/ZN (AOI22_X1)                               0.0335     2.1362 f
  DP_i/U21/ZN (AND2_X1)                                 0.0536     2.1899 f
  DP_i/U1111/ZN (NOR3_X1)                               0.0601     2.2499 r
  DP_i/U109/Z (BUF_X1)                                  0.0460     2.2959 r
  DP_i/U107/Z (BUF_X2)                                  0.0637     2.3596 r
  DP_i/U3079/ZN (AOI22_X1)                              0.0577     2.4174 f
  DP_i/U3080/ZN (OAI211_X1)                             0.0409     2.4583 r
  DP_i/fetch_i_pc_i_Y_reg_15_/D (DFF_X1)                0.0110     2.4693 r
  data arrival time                                                2.4693

  clock CLK (rise edge)                                 2.5000     2.5000
  clock network delay (ideal)                           0.0500     2.5500
  clock uncertainty                                    -0.0500     2.5000
  DP_i/fetch_i_pc_i_Y_reg_15_/CK (DFF_X1)               0.0000     2.5000 r
  library setup time                                   -0.0297     2.4703
  data required time                                               2.4703
  --------------------------------------------------------------------------
  data required time                                               2.4703
  data arrival time                                               -2.4693
  --------------------------------------------------------------------------
  slack (MET)                                                      0.0010


  Startpoint: DP_i/fetch_i_IR_out_reg_30_
              (rising edge-triggered flip-flop clocked by CLK)
  Endpoint: DP_i/fetch_i_pc_i_Y_reg_18_
            (rising edge-triggered flip-flop clocked by CLK)
  Path Group: REG2REG
  Path Type: max

  Des/Clust/Port     Wire Load Model       Library
  ------------------------------------------------
  DLX                5K_hvratio_1_4        NangateOpenCellLibrary

  Point                                                   Incr       Path
  --------------------------------------------------------------------------
  clock CLK (rise edge)                                 0.0000     0.0000
  clock network delay (ideal)                           0.0500     0.0500
  DP_i/fetch_i_IR_out_reg_30_/CK (DFF_X2)               0.0000     0.0500 r
  DP_i/fetch_i_IR_out_reg_30_/Q (DFF_X2)                0.1177     0.1677 f
  DP_i/opcode[4] (DataPath)                             0.0000     0.1677 f
  U785/ZN (INV_X1)                                      0.0742     0.2420 r
  U842/ZN (NAND3_X1)                                    0.0612     0.3031 f
  U778/ZN (NOR2_X1)                                     0.0776     0.3807 r
  DP_i/RF2 (DataPath)                                   0.0000     0.3807 r
  DP_i/U66/Z (BUF_X1)                                   0.0935     0.4742 r
  DP_i/U83/ZN (OR2_X1)                                  0.0588     0.5330 r
  DP_i/U84/ZN (NAND2_X1)                                0.0330     0.5660 f
  DP_i/U909/ZN (OAI21_X1)                               0.0546     0.6206 r
  DP_i/U910/ZN (NOR2_X1)                                0.0380     0.6586 f
  DP_i/U911/ZN (NOR2_X1)                                0.0696     0.7282 r
  DP_i/U912/ZN (NAND2_X1)                               0.0426     0.7708 f
  DP_i/U913/ZN (NAND2_X1)                               0.0357     0.8065 r
  DP_i/U991/CO (FA_X1)                                  0.0806     0.8871 r
  DP_i/U337/ZN (AND3_X1)                                0.0646     0.9517 r
  DP_i/U916/ZN (INV_X1)                                 0.0294     0.9811 f
  DP_i/U920/ZN (NAND2_X1)                               0.0347     1.0158 r
  DP_i/U921/ZN (INV_X1)                                 0.0277     1.0435 f
  DP_i/U91/ZN (OAI21_X2)                                0.0573     1.1008 r
  DP_i/U151/ZN (INV_X1)                                 0.0314     1.1322 f
  DP_i/U216/ZN (OAI21_X1)                               0.0543     1.1866 r
  DP_i/U988/CO (FA_X1)                                  0.0931     1.2797 r
  DP_i/U90/ZN (AND3_X1)                                 0.0696     1.3492 r
  DP_i/U939/ZN (XNOR2_X1)                               0.0809     1.4302 r
  DP_i/U331/ZN (NAND2_X1)                               0.0409     1.4711 f
  DP_i/U332/ZN (NAND2_X1)                               0.0327     1.5038 r
  DP_i/U947/ZN (NAND2_X1)                               0.0392     1.5430 f
  DP_i/U949/ZN (OAI21_X1)                               0.0567     1.5997 r
  DP_i/U85/Z (BUF_X1)                                   0.0410     1.6407 r
  DP_i/U950/ZN (NAND4_X1)                               0.0469     1.6876 f
  DP_i/U954/ZN (AOI21_X1)                               0.0945     1.7822 r
  DP_i/U956/ZN (NOR2_X1)                                0.0453     1.8274 f
  DP_i/U1022/ZN (INV_X1)                                0.0351     1.8625 r
  DP_i/U1024/ZN (AOI22_X1)                              0.0352     1.8977 f
  DP_i/U1025/ZN (XNOR2_X1)                              0.0693     1.9670 r
  DP_i/U1029/ZN (OAI21_X1)                              0.0415     2.0085 f
  DP_i/U1030/ZN (INV_X1)                                0.0281     2.0366 r
  DP_i/U140/ZN (AND4_X1)                                0.0661     2.1027 r
  DP_i/U193/ZN (AOI22_X1)                               0.0335     2.1362 f
  DP_i/U21/ZN (AND2_X1)                                 0.0536     2.1899 f
  DP_i/U1111/ZN (NOR3_X1)                               0.0601     2.2499 r
  DP_i/U109/Z (BUF_X1)                                  0.0460     2.2959 r
  DP_i/U107/Z (BUF_X2)                                  0.0637     2.3596 r
  DP_i/U3064/ZN (AOI22_X1)                              0.0577     2.4174 f
  DP_i/U3065/ZN (OAI211_X1)                             0.0409     2.4583 r
  DP_i/fetch_i_pc_i_Y_reg_18_/D (DFF_X1)                0.0110     2.4693 r
  data arrival time                                                2.4693

  clock CLK (rise edge)                                 2.5000     2.5000
  clock network delay (ideal)                           0.0500     2.5500
  clock uncertainty                                    -0.0500     2.5000
  DP_i/fetch_i_pc_i_Y_reg_18_/CK (DFF_X1)               0.0000     2.5000 r
  library setup time                                   -0.0294     2.4706
  data required time                                               2.4706
  --------------------------------------------------------------------------
  data required time                                               2.4706
  data arrival time                                               -2.4693
  --------------------------------------------------------------------------
  slack (MET)                                                      0.0013


  Startpoint: DP_i/fetch_i_IR_out_reg_30_
              (rising edge-triggered flip-flop clocked by CLK)
  Endpoint: DP_i/fetch_i_pc_i_clk_gate_Y_reg/latch
            (gating element for clock CLK)
  Path Group: CLK
  Path Type: max

  Des/Clust/Port     Wire Load Model       Library
  ------------------------------------------------
  DLX                5K_hvratio_1_4        NangateOpenCellLibrary

  Point                                                   Incr       Path
  --------------------------------------------------------------------------
  clock CLK (rise edge)                                 0.0000     0.0000
  clock network delay (ideal)                           0.0500     0.0500
  DP_i/fetch_i_IR_out_reg_30_/CK (DFF_X2)               0.0000     0.0500 r
  DP_i/fetch_i_IR_out_reg_30_/Q (DFF_X2)                0.1177     0.1677 f
  DP_i/opcode[4] (DataPath)                             0.0000     0.1677 f
  U785/ZN (INV_X1)                                      0.0742     0.2420 r
  U842/ZN (NAND3_X1)                                    0.0612     0.3031 f
  U778/ZN (NOR2_X1)                                     0.0776     0.3807 r
  DP_i/RF2 (DataPath)                                   0.0000     0.3807 r
  DP_i/U66/Z (BUF_X1)                                   0.0935     0.4742 r
  DP_i/U83/ZN (OR2_X1)                                  0.0588     0.5330 r
  DP_i/U84/ZN (NAND2_X1)                                0.0330     0.5660 f
  DP_i/U909/ZN (OAI21_X1)                               0.0546     0.6206 r
  DP_i/U910/ZN (NOR2_X1)                                0.0380     0.6586 f
  DP_i/U911/ZN (NOR2_X1)                                0.0696     0.7282 r
  DP_i/U912/ZN (NAND2_X1)                               0.0426     0.7708 f
  DP_i/U913/ZN (NAND2_X1)                               0.0357     0.8065 r
  DP_i/U991/CO (FA_X1)                                  0.0806     0.8871 r
  DP_i/U337/ZN (AND3_X1)                                0.0646     0.9517 r
  DP_i/U916/ZN (INV_X1)                                 0.0294     0.9811 f
  DP_i/U920/ZN (NAND2_X1)                               0.0347     1.0158 r
  DP_i/U921/ZN (INV_X1)                                 0.0277     1.0435 f
  DP_i/U91/ZN (OAI21_X2)                                0.0573     1.1008 r
  DP_i/U151/ZN (INV_X1)                                 0.0314     1.1322 f
  DP_i/U216/ZN (OAI21_X1)                               0.0543     1.1866 r
  DP_i/U988/CO (FA_X1)                                  0.0931     1.2797 r
  DP_i/U90/ZN (AND3_X1)                                 0.0696     1.3492 r
  DP_i/U939/ZN (XNOR2_X1)                               0.0809     1.4302 r
  DP_i/U331/ZN (NAND2_X1)                               0.0409     1.4711 f
  DP_i/U332/ZN (NAND2_X1)                               0.0327     1.5038 r
  DP_i/U947/ZN (NAND2_X1)                               0.0392     1.5430 f
  DP_i/U949/ZN (OAI21_X1)                               0.0567     1.5997 r
  DP_i/U85/Z (BUF_X1)                                   0.0410     1.6407 r
  DP_i/U950/ZN (NAND4_X1)                               0.0469     1.6876 f
  DP_i/U954/ZN (AOI21_X1)                               0.0945     1.7822 r
  DP_i/U956/ZN (NOR2_X1)                                0.0453     1.8274 f
  DP_i/U1022/ZN (INV_X1)                                0.0351     1.8625 r
  DP_i/U1024/ZN (AOI22_X1)                              0.0352     1.8977 f
  DP_i/U1025/ZN (XNOR2_X1)                              0.0693     1.9670 r
  DP_i/U1029/ZN (OAI21_X1)                              0.0415     2.0085 f
  DP_i/U1030/ZN (INV_X1)                                0.0281     2.0366 r
  DP_i/U140/ZN (AND4_X1)                                0.0661     2.1027 r
  DP_i/U193/ZN (AOI22_X1)                               0.0335     2.1362 f
  DP_i/U21/ZN (AND2_X1)                                 0.0536     2.1899 f
  DP_i/flush (DataPath)                                 0.0000     2.1899 f
  U1139/ZN (OR3_X1)                                     0.0754     2.2653 f
  DP_i/pc_enable (DataPath)                             0.0000     2.2653 f
  DP_i/U2987/ZN (OR2_X1)                                0.0531     2.3184 f
  DP_i/fetch_i_pc_i_clk_gate_Y_reg/EN (SNPS_CLOCK_GATE_HIGH_data_reg_NBIT30_2_2)
                                                        0.0000     2.3184 f
  DP_i/fetch_i_pc_i_clk_gate_Y_reg/latch/E (CLKGATETST_X1)
                                                        0.0088     2.3272 f
  data arrival time                                                2.3272

  clock CLK (rise edge)                                 2.5000     2.5000
  clock network delay (ideal)                           0.0500     2.5500
  clock uncertainty                                    -0.0500     2.5000
  DP_i/fetch_i_pc_i_clk_gate_Y_reg/latch/CK (CLKGATETST_X1)
                                                        0.0000     2.5000 r
  clock gating setup time                              -0.0632     2.4368
  data required time                                               2.4368
  --------------------------------------------------------------------------
  data required time                                               2.4368
  data arrival time                                               -2.3272
  --------------------------------------------------------------------------
  slack (MET)                                                      0.1096


  Startpoint: DP_i/fetch_i_IR_out_reg_30_
              (rising edge-triggered flip-flop clocked by CLK)
  Endpoint: DP_i/fetch_i_pc_i_clk_gate_Y_reg/latch
            (gating element for clock CLK)
  Path Group: CLK
  Path Type: max

  Des/Clust/Port     Wire Load Model       Library
  ------------------------------------------------
  DLX                5K_hvratio_1_4        NangateOpenCellLibrary

  Point                                                   Incr       Path
  --------------------------------------------------------------------------
  clock CLK (rise edge)                                 0.0000     0.0000
  clock network delay (ideal)                           0.0500     0.0500
  DP_i/fetch_i_IR_out_reg_30_/CK (DFF_X2)               0.0000     0.0500 r
  DP_i/fetch_i_IR_out_reg_30_/Q (DFF_X2)                0.1177     0.1677 f
  DP_i/opcode[4] (DataPath)                             0.0000     0.1677 f
  U785/ZN (INV_X1)                                      0.0742     0.2420 r
  U842/ZN (NAND3_X1)                                    0.0612     0.3031 f
  U778/ZN (NOR2_X1)                                     0.0776     0.3807 r
  DP_i/RF2 (DataPath)                                   0.0000     0.3807 r
  DP_i/U66/Z (BUF_X1)                                   0.0935     0.4742 r
  DP_i/U83/ZN (OR2_X1)                                  0.0588     0.5330 r
  DP_i/U84/ZN (NAND2_X1)                                0.0330     0.5660 f
  DP_i/U909/ZN (OAI21_X1)                               0.0539     0.6199 r
  DP_i/U910/ZN (NOR2_X1)                                0.0380     0.6579 f
  DP_i/U911/ZN (NOR2_X1)                                0.0696     0.7275 r
  DP_i/U912/ZN (NAND2_X1)                               0.0426     0.7702 f
  DP_i/U913/ZN (NAND2_X1)                               0.0357     0.8058 r
  DP_i/U991/CO (FA_X1)                                  0.0806     0.8864 r
  DP_i/U337/ZN (AND3_X1)                                0.0646     0.9510 r
  DP_i/U916/ZN (INV_X1)                                 0.0294     0.9804 f
  DP_i/U920/ZN (NAND2_X1)                               0.0347     1.0152 r
  DP_i/U921/ZN (INV_X1)                                 0.0277     1.0429 f
  DP_i/U91/ZN (OAI21_X2)                                0.0573     1.1001 r
  DP_i/U151/ZN (INV_X1)                                 0.0314     1.1315 f
  DP_i/U216/ZN (OAI21_X1)                               0.0543     1.1859 r
  DP_i/U988/CO (FA_X1)                                  0.0931     1.2790 r
  DP_i/U90/ZN (AND3_X1)                                 0.0696     1.3486 r
  DP_i/U939/ZN (XNOR2_X1)                               0.0809     1.4295 r
  DP_i/U331/ZN (NAND2_X1)                               0.0409     1.4704 f
  DP_i/U332/ZN (NAND2_X1)                               0.0327     1.5031 r
  DP_i/U947/ZN (NAND2_X1)                               0.0392     1.5423 f
  DP_i/U949/ZN (OAI21_X1)                               0.0567     1.5990 r
  DP_i/U85/Z (BUF_X1)                                   0.0410     1.6400 r
  DP_i/U950/ZN (NAND4_X1)                               0.0469     1.6869 f
  DP_i/U954/ZN (AOI21_X1)                               0.0945     1.7815 r
  DP_i/U956/ZN (NOR2_X1)                                0.0453     1.8268 f
  DP_i/U1022/ZN (INV_X1)                                0.0351     1.8619 r
  DP_i/U1024/ZN (AOI22_X1)                              0.0352     1.8970 f
  DP_i/U1025/ZN (XNOR2_X1)                              0.0693     1.9663 r
  DP_i/U1029/ZN (OAI21_X1)                              0.0415     2.0078 f
  DP_i/U1030/ZN (INV_X1)                                0.0281     2.0359 r
  DP_i/U140/ZN (AND4_X1)                                0.0661     2.1020 r
  DP_i/U193/ZN (AOI22_X1)                               0.0335     2.1355 f
  DP_i/U21/ZN (AND2_X1)                                 0.0536     2.1892 f
  DP_i/flush (DataPath)                                 0.0000     2.1892 f
  U1139/ZN (OR3_X1)                                     0.0754     2.2646 f
  DP_i/pc_enable (DataPath)                             0.0000     2.2646 f
  DP_i/U2987/ZN (OR2_X1)                                0.0531     2.3177 f
  DP_i/fetch_i_pc_i_clk_gate_Y_reg/EN (SNPS_CLOCK_GATE_HIGH_data_reg_NBIT30_2_2)
                                                        0.0000     2.3177 f
  DP_i/fetch_i_pc_i_clk_gate_Y_reg/latch/E (CLKGATETST_X1)
                                                        0.0088     2.3265 f
  data arrival time                                                2.3265

  clock CLK (rise edge)                                 2.5000     2.5000
  clock network delay (ideal)                           0.0500     2.5500
  clock uncertainty                                    -0.0500     2.5000
  DP_i/fetch_i_pc_i_clk_gate_Y_reg/latch/CK (CLKGATETST_X1)
                                                        0.0000     2.5000 r
  clock gating setup time                              -0.0632     2.4368
  data required time                                               2.4368
  --------------------------------------------------------------------------
  data required time                                               2.4368
  data arrival time                                               -2.3265
  --------------------------------------------------------------------------
  slack (MET)                                                      0.1103


  Startpoint: DP_i/fetch_i_IR_out_reg_30_
              (rising edge-triggered flip-flop clocked by CLK)
  Endpoint: DP_i/fetch_i_btb_update_latch_i_clk_gate_target_out_reg/latch
            (gating element for clock CLK)
  Path Group: CLK
  Path Type: max

  Des/Clust/Port     Wire Load Model       Library
  ------------------------------------------------
  DLX                5K_hvratio_1_4        NangateOpenCellLibrary

  Point                                                   Incr       Path
  --------------------------------------------------------------------------
  clock CLK (rise edge)                                 0.0000     0.0000
  clock network delay (ideal)                           0.0500     0.0500
  DP_i/fetch_i_IR_out_reg_30_/CK (DFF_X2)               0.0000     0.0500 r
  DP_i/fetch_i_IR_out_reg_30_/Q (DFF_X2)                0.1177     0.1677 f
  DP_i/opcode[4] (DataPath)                             0.0000     0.1677 f
  U785/ZN (INV_X1)                                      0.0742     0.2420 r
  U842/ZN (NAND3_X1)                                    0.0612     0.3031 f
  U778/ZN (NOR2_X1)                                     0.0776     0.3807 r
  U887/Z (CLKBUF_X1)                                    0.0702     0.4509 r
  U888/ZN (INV_X1)                                      0.0440     0.4949 f
  U892/ZN (NOR2_X1)                                     0.0635     0.5584 r
  U893/ZN (NAND2_X1)                                    0.0520     0.6104 f
  U809/ZN (NOR4_X1)                                     0.1220     0.7324 r
  U917/ZN (NAND2_X1)                                    0.0497     0.7821 f
  U918/ZN (INV_X1)                                      0.0664     0.8485 r
  DP_i/SP_read (DataPath)                               0.0000     0.8485 r
  DP_i/U2314/ZN (INV_X1)                                0.0344     0.8829 f
  DP_i/U2315/ZN (AOI21_X1)                              0.0550     0.9379 r
  DP_i/U2316/ZN (AOI211_X1)                             0.0345     0.9724 f
  DP_i/U2319/ZN (INV_X1)                                0.0401     1.0125 r
  DP_i/U2320/ZN (NOR2_X2)                               0.0590     1.0715 f
  DP_i/U2324/ZN (AND2_X1)                               0.0702     1.1417 f
  DP_i/rs2_live[4] (DataPath)                           0.0000     1.1417 f
  U1005/ZN (NAND2_X1)                                   0.0611     1.2029 r
  U1017/ZN (INV_X1)                                     0.0436     1.2464 f
  U1018/ZN (AOI22_X1)                                   0.0659     1.3124 r
  U1019/ZN (OAI211_X1)                                  0.0512     1.3635 f
  U1022/ZN (OAI221_X1)                                  0.0713     1.4348 r
  U1023/ZN (INV_X1)                                     0.0234     1.4582 f
  U1024/Z (MUX2_X1)                                     0.0681     1.5263 f
  U1038/ZN (OAI21_X1)                                   0.0587     1.5850 r
  U1039/ZN (AOI221_X1)                                  0.0374     1.6225 f
  U1067/ZN (AOI211_X1)                                  0.1266     1.7491 r
  U1068/ZN (INV_X1)                                     0.0349     1.7840 f
  U1140/ZN (AOI21_X1)                                   0.0486     1.8326 r
  DP_i/F_ID_enable (DataPath)                           0.0000     1.8326 r
  DP_i/U3905/ZN (INV_X1)                                0.0346     1.8673 f
  DP_i/U4539/ZN (NOR2_X1)                               0.0509     1.9182 r
  DP_i/fetch_i_btb_update_latch_i_clk_gate_target_out_reg/EN (SNPS_CLOCK_GATE_HIGH_latching_for_btb_update_0)
                                                        0.0000     1.9182 r
  DP_i/fetch_i_btb_update_latch_i_clk_gate_target_out_reg/latch/E (CLKGATETST_X1)
                                                        0.0100     1.9282 r
  data arrival time                                                1.9282

  clock CLK (rise edge)                                 2.5000     2.5000
  clock network delay (ideal)                           0.0500     2.5500
  clock uncertainty                                    -0.0500     2.5000
  DP_i/fetch_i_btb_update_latch_i_clk_gate_target_out_reg/latch/CK (CLKGATETST_X1)
                                                        0.0000     2.5000 r
  clock gating setup time                              -0.0753     2.4247
  data required time                                               2.4247
  --------------------------------------------------------------------------
  data required time                                               2.4247
  data arrival time                                               -1.9282
  --------------------------------------------------------------------------
  slack (MET)                                                      0.4965


  Startpoint: DP_i/fetch_i_IR_out_reg_30_
              (rising edge-triggered flip-flop clocked by CLK)
  Endpoint: DP_i/fetch_i_btb_update_latch_i_clk_gate_target_out_reg/latch
            (gating element for clock CLK)
  Path Group: CLK
  Path Type: max

  Des/Clust/Port     Wire Load Model       Library
  ------------------------------------------------
  DLX                5K_hvratio_1_4        NangateOpenCellLibrary

  Point                                                   Incr       Path
  --------------------------------------------------------------------------
  clock CLK (rise edge)                                 0.0000     0.0000
  clock network delay (ideal)                           0.0500     0.0500
  DP_i/fetch_i_IR_out_reg_30_/CK (DFF_X2)               0.0000     0.0500 r
  DP_i/fetch_i_IR_out_reg_30_/Q (DFF_X2)                0.1177     0.1677 f
  DP_i/opcode[4] (DataPath)                             0.0000     0.1677 f
  U785/ZN (INV_X1)                                      0.0742     0.2420 r
  U842/ZN (NAND3_X1)                                    0.0612     0.3031 f
  U778/ZN (NOR2_X1)                                     0.0776     0.3807 r
  U887/Z (CLKBUF_X1)                                    0.0702     0.4509 r
  U888/ZN (INV_X1)                                      0.0440     0.4949 f
  U892/ZN (NOR2_X1)                                     0.0635     0.5584 r
  U893/ZN (NAND2_X1)                                    0.0520     0.6104 f
  U809/ZN (NOR4_X1)                                     0.1220     0.7324 r
  U917/ZN (NAND2_X1)                                    0.0497     0.7821 f
  U918/ZN (INV_X1)                                      0.0664     0.8485 r
  DP_i/SP_read (DataPath)                               0.0000     0.8485 r
  DP_i/U2314/ZN (INV_X1)                                0.0344     0.8829 f
  DP_i/U2315/ZN (AOI21_X1)                              0.0550     0.9379 r
  DP_i/U2316/ZN (AOI211_X1)                             0.0345     0.9724 f
  DP_i/U2319/ZN (INV_X1)                                0.0401     1.0125 r
  DP_i/U2320/ZN (NOR2_X2)                               0.0590     1.0715 f
  DP_i/U2324/ZN (AND2_X1)                               0.0702     1.1417 f
  DP_i/rs2_live[4] (DataPath)                           0.0000     1.1417 f
  U1005/ZN (NAND2_X1)                                   0.0611     1.2029 r
  U1017/ZN (INV_X1)                                     0.0436     1.2464 f
  U1018/ZN (AOI22_X1)                                   0.0659     1.3124 r
  U1019/ZN (OAI211_X1)                                  0.0512     1.3635 f
  U1022/ZN (OAI221_X1)                                  0.0713     1.4348 r
  U1023/ZN (INV_X1)                                     0.0234     1.4582 f
  U1024/Z (MUX2_X1)                                     0.0681     1.5263 f
  U1038/ZN (OAI21_X1)                                   0.0587     1.5850 r
  U1039/ZN (AOI221_X1)                                  0.0374     1.6225 f
  U1067/ZN (AOI211_X1)                                  0.1266     1.7491 r
  U1068/ZN (INV_X1)                                     0.0349     1.7840 f
  U1140/ZN (AOI21_X1)                                   0.0486     1.8326 r
  DP_i/F_ID_enable (DataPath)                           0.0000     1.8326 r
  DP_i/U3905/ZN (INV_X1)                                0.0346     1.8673 f
  DP_i/U4539/ZN (NOR2_X1)                               0.0509     1.9182 r
  DP_i/fetch_i_btb_update_latch_i_clk_gate_target_out_reg/EN (SNPS_CLOCK_GATE_HIGH_latching_for_btb_update_0)
                                                        0.0000     1.9182 r
  DP_i/fetch_i_btb_update_latch_i_clk_gate_target_out_reg/latch/E (CLKGATETST_X1)
                                                        0.0100     1.9282 r
  data arrival time                                                1.9282

  clock CLK (rise edge)                                 2.5000     2.5000
  clock network delay (ideal)                           0.0500     2.5500
  clock uncertainty                                    -0.0500     2.5000
  DP_i/fetch_i_btb_update_latch_i_clk_gate_target_out_reg/latch/CK (CLKGATETST_X1)
                                                        0.0000     2.5000 r
  clock gating setup time                              -0.0753     2.4247
  data required time                                               2.4247
  --------------------------------------------------------------------------
  data required time                                               2.4247
  data arrival time                                               -1.9282
  --------------------------------------------------------------------------
  slack (MET)                                                      0.4965


  Startpoint: DP_i/fetch_i_IR_out_reg_30_
              (rising edge-triggered flip-flop clocked by CLK)
  Endpoint: DP_i/fetch_i_btb_update_latch_i_clk_gate_taken_out_reg/latch
            (gating element for clock CLK)
  Path Group: CLK
  Path Type: max

  Des/Clust/Port     Wire Load Model       Library
  ------------------------------------------------
  DLX                5K_hvratio_1_4        NangateOpenCellLibrary

  Point                                                   Incr       Path
  --------------------------------------------------------------------------
  clock CLK (rise edge)                                 0.0000     0.0000
  clock network delay (ideal)                           0.0500     0.0500
  DP_i/fetch_i_IR_out_reg_30_/CK (DFF_X2)               0.0000     0.0500 r
  DP_i/fetch_i_IR_out_reg_30_/Q (DFF_X2)                0.1177     0.1677 f
  DP_i/opcode[4] (DataPath)                             0.0000     0.1677 f
  U785/ZN (INV_X1)                                      0.0742     0.2420 r
  U842/ZN (NAND3_X1)                                    0.0612     0.3031 f
  U778/ZN (NOR2_X1)                                     0.0776     0.3807 r
  U887/Z (CLKBUF_X1)                                    0.0702     0.4509 r
  U888/ZN (INV_X1)                                      0.0440     0.4949 f
  U892/ZN (NOR2_X1)                                     0.0635     0.5584 r
  U893/ZN (NAND2_X1)                                    0.0520     0.6104 f
  U809/ZN (NOR4_X1)                                     0.1220     0.7324 r
  U917/ZN (NAND2_X1)                                    0.0497     0.7821 f
  U918/ZN (INV_X1)                                      0.0664     0.8485 r
  DP_i/SP_read (DataPath)                               0.0000     0.8485 r
  DP_i/U2314/ZN (INV_X1)                                0.0344     0.8829 f
  DP_i/U2315/ZN (AOI21_X1)                              0.0550     0.9379 r
  DP_i/U2316/ZN (AOI211_X1)                             0.0345     0.9724 f
  DP_i/U2319/ZN (INV_X1)                                0.0401     1.0125 r
  DP_i/U2320/ZN (NOR2_X2)                               0.0590     1.0715 f
  DP_i/U2324/ZN (AND2_X1)                               0.0702     1.1417 f
  DP_i/rs2_live[4] (DataPath)                           0.0000     1.1417 f
  U1005/ZN (NAND2_X1)                                   0.0611     1.2029 r
  U1017/ZN (INV_X1)                                     0.0436     1.2464 f
  U1018/ZN (AOI22_X1)                                   0.0659     1.3124 r
  U1019/ZN (OAI211_X1)                                  0.0512     1.3635 f
  U1022/ZN (OAI221_X1)                                  0.0713     1.4348 r
  U1023/ZN (INV_X1)                                     0.0234     1.4582 f
  U1024/Z (MUX2_X1)                                     0.0681     1.5263 f
  U1038/ZN (OAI21_X1)                                   0.0587     1.5850 r
  U1039/ZN (AOI221_X1)                                  0.0374     1.6225 f
  U1067/ZN (AOI211_X1)                                  0.1266     1.7491 r
  U1068/ZN (INV_X1)                                     0.0349     1.7840 f
  U1140/ZN (AOI21_X1)                                   0.0486     1.8326 r
  DP_i/F_ID_enable (DataPath)                           0.0000     1.8326 r
  DP_i/U3905/ZN (INV_X1)                                0.0346     1.8673 f
  DP_i/U4541/ZN (OAI21_X1)                              0.0470     1.9143 r
  DP_i/fetch_i_btb_update_latch_i_clk_gate_taken_out_reg/EN (SNPS_CLOCK_GATE_HIGH_latching_for_btb_update_1)
                                                        0.0000     1.9143 r
  DP_i/fetch_i_btb_update_latch_i_clk_gate_taken_out_reg/latch/E (CLKGATETST_X1)
                                                        0.0091     1.9234 r
  data arrival time                                                1.9234

  clock CLK (rise edge)                                 2.5000     2.5000
  clock network delay (ideal)                           0.0500     2.5500
  clock uncertainty                                    -0.0500     2.5000
  DP_i/fetch_i_btb_update_latch_i_clk_gate_taken_out_reg/latch/CK (CLKGATETST_X1)
                                                        0.0000     2.5000 r
  clock gating setup time                              -0.0744     2.4256
  data required time                                               2.4256
  --------------------------------------------------------------------------
  data required time                                               2.4256
  data arrival time                                               -1.9234
  --------------------------------------------------------------------------
  slack (MET)                                                      0.5022


  Startpoint: DP_i/fetch_i_IR_out_reg_30_
              (rising edge-triggered flip-flop clocked by CLK)
  Endpoint: DP_i/fetch_i_btb_update_latch_i_clk_gate_taken_out_reg/latch
            (gating element for clock CLK)
  Path Group: CLK
  Path Type: max

  Des/Clust/Port     Wire Load Model       Library
  ------------------------------------------------
  DLX                5K_hvratio_1_4        NangateOpenCellLibrary

  Point                                                   Incr       Path
  --------------------------------------------------------------------------
  clock CLK (rise edge)                                 0.0000     0.0000
  clock network delay (ideal)                           0.0500     0.0500
  DP_i/fetch_i_IR_out_reg_30_/CK (DFF_X2)               0.0000     0.0500 r
  DP_i/fetch_i_IR_out_reg_30_/Q (DFF_X2)                0.1177     0.1677 f
  DP_i/opcode[4] (DataPath)                             0.0000     0.1677 f
  U785/ZN (INV_X1)                                      0.0742     0.2420 r
  U842/ZN (NAND3_X1)                                    0.0612     0.3031 f
  U778/ZN (NOR2_X1)                                     0.0776     0.3807 r
  U887/Z (CLKBUF_X1)                                    0.0702     0.4509 r
  U888/ZN (INV_X1)                                      0.0440     0.4949 f
  U892/ZN (NOR2_X1)                                     0.0635     0.5584 r
  U893/ZN (NAND2_X1)                                    0.0520     0.6104 f
  U809/ZN (NOR4_X1)                                     0.1220     0.7324 r
  U917/ZN (NAND2_X1)                                    0.0497     0.7821 f
  U918/ZN (INV_X1)                                      0.0664     0.8485 r
  DP_i/SP_read (DataPath)                               0.0000     0.8485 r
  DP_i/U2314/ZN (INV_X1)                                0.0344     0.8829 f
  DP_i/U2315/ZN (AOI21_X1)                              0.0550     0.9379 r
  DP_i/U2316/ZN (AOI211_X1)                             0.0345     0.9724 f
  DP_i/U2319/ZN (INV_X1)                                0.0401     1.0125 r
  DP_i/U2320/ZN (NOR2_X2)                               0.0590     1.0715 f
  DP_i/U2324/ZN (AND2_X1)                               0.0702     1.1417 f
  DP_i/rs2_live[4] (DataPath)                           0.0000     1.1417 f
  U1005/ZN (NAND2_X1)                                   0.0611     1.2029 r
  U1017/ZN (INV_X1)                                     0.0436     1.2464 f
  U1018/ZN (AOI22_X1)                                   0.0659     1.3124 r
  U1019/ZN (OAI211_X1)                                  0.0512     1.3635 f
  U1022/ZN (OAI221_X1)                                  0.0713     1.4348 r
  U1023/ZN (INV_X1)                                     0.0234     1.4582 f
  U1024/Z (MUX2_X1)                                     0.0681     1.5263 f
  U1038/ZN (OAI21_X1)                                   0.0587     1.5850 r
  U1039/ZN (AOI221_X1)                                  0.0374     1.6225 f
  U1067/ZN (AOI211_X1)                                  0.1266     1.7491 r
  U1068/ZN (INV_X1)                                     0.0349     1.7840 f
  U1140/ZN (AOI21_X1)                                   0.0486     1.8326 r
  DP_i/F_ID_enable (DataPath)                           0.0000     1.8326 r
  DP_i/U3905/ZN (INV_X1)                                0.0346     1.8673 f
  DP_i/U4541/ZN (OAI21_X1)                              0.0470     1.9143 r
  DP_i/fetch_i_btb_update_latch_i_clk_gate_taken_out_reg/EN (SNPS_CLOCK_GATE_HIGH_latching_for_btb_update_1)
                                                        0.0000     1.9143 r
  DP_i/fetch_i_btb_update_latch_i_clk_gate_taken_out_reg/latch/E (CLKGATETST_X1)
                                                        0.0091     1.9234 r
  data arrival time                                                1.9234

  clock CLK (rise edge)                                 2.5000     2.5000
  clock network delay (ideal)                           0.0500     2.5500
  clock uncertainty                                    -0.0500     2.5000
  DP_i/fetch_i_btb_update_latch_i_clk_gate_taken_out_reg/latch/CK (CLKGATETST_X1)
                                                        0.0000     2.5000 r
  clock gating setup time                              -0.0744     2.4256
  data required time                                               2.4256
  --------------------------------------------------------------------------
  data required time                                               2.4256
  data arrival time                                               -1.9234
  --------------------------------------------------------------------------
  slack (MET)                                                      0.5022


  Startpoint: DP_i/fetch_i_IR_out_reg_30_
              (rising edge-triggered flip-flop clocked by CLK)
  Endpoint: DP_i/fetch_i_clk_gate_IR_out_reg/latch
            (gating element for clock CLK)
  Path Group: CLK
  Path Type: max

  Des/Clust/Port     Wire Load Model       Library
  ------------------------------------------------
  DLX                5K_hvratio_1_4        NangateOpenCellLibrary

  Point                                                   Incr       Path
  --------------------------------------------------------------------------
  clock CLK (rise edge)                                 0.0000     0.0000
  clock network delay (ideal)                           0.0500     0.0500
  DP_i/fetch_i_IR_out_reg_30_/CK (DFF_X2)               0.0000     0.0500 r
  DP_i/fetch_i_IR_out_reg_30_/Q (DFF_X2)                0.1177     0.1677 f
  DP_i/opcode[4] (DataPath)                             0.0000     0.1677 f
  U785/ZN (INV_X1)                                      0.0742     0.2420 r
  U842/ZN (NAND3_X1)                                    0.0612     0.3031 f
  U778/ZN (NOR2_X1)                                     0.0776     0.3807 r
  U887/Z (CLKBUF_X1)                                    0.0702     0.4509 r
  U888/ZN (INV_X1)                                      0.0440     0.4949 f
  U892/ZN (NOR2_X1)                                     0.0635     0.5584 r
  U893/ZN (NAND2_X1)                                    0.0520     0.6104 f
  U809/ZN (NOR4_X1)                                     0.1220     0.7324 r
  U917/ZN (NAND2_X1)                                    0.0497     0.7821 f
  U918/ZN (INV_X1)                                      0.0664     0.8485 r
  DP_i/SP_read (DataPath)                               0.0000     0.8485 r
  DP_i/U2314/ZN (INV_X1)                                0.0344     0.8829 f
  DP_i/U2315/ZN (AOI21_X1)                              0.0550     0.9379 r
  DP_i/U2316/ZN (AOI211_X1)                             0.0345     0.9724 f
  DP_i/U2319/ZN (INV_X1)                                0.0401     1.0125 r
  DP_i/U2320/ZN (NOR2_X2)                               0.0590     1.0715 f
  DP_i/U2324/ZN (AND2_X1)                               0.0702     1.1417 f
  DP_i/rs2_live[4] (DataPath)                           0.0000     1.1417 f
  U1005/ZN (NAND2_X1)                                   0.0611     1.2029 r
  U1017/ZN (INV_X1)                                     0.0436     1.2464 f
  U1018/ZN (AOI22_X1)                                   0.0659     1.3124 r
  U1019/ZN (OAI211_X1)                                  0.0512     1.3635 f
  U1022/ZN (OAI221_X1)                                  0.0713     1.4348 r
  U1023/ZN (INV_X1)                                     0.0234     1.4582 f
  U1024/Z (MUX2_X1)                                     0.0681     1.5263 f
  U1038/ZN (OAI21_X1)                                   0.0587     1.5850 r
  U1039/ZN (AOI221_X1)                                  0.0374     1.6225 f
  U1067/ZN (AOI211_X1)                                  0.1266     1.7491 r
  U1068/ZN (INV_X1)                                     0.0349     1.7840 f
  U1140/ZN (AOI21_X1)                                   0.0486     1.8326 r
  DP_i/F_ID_enable (DataPath)                           0.0000     1.8326 r
  DP_i/U3905/ZN (INV_X1)                                0.0346     1.8673 f
  DP_i/U2956/ZN (NAND2_X1)                              0.0332     1.9005 r
  DP_i/fetch_i_clk_gate_IR_out_reg/EN (SNPS_CLOCK_GATE_HIGH_fetch)
                                                        0.0000     1.9005 r
  DP_i/fetch_i_clk_gate_IR_out_reg/latch/E (CLKGATETST_X1)
                                                        0.0091     1.9095 r
  data arrival time                                                1.9095

  clock CLK (rise edge)                                 2.5000     2.5000
  clock network delay (ideal)                           0.0500     2.5500
  clock uncertainty                                    -0.0500     2.5000
  DP_i/fetch_i_clk_gate_IR_out_reg/latch/CK (CLKGATETST_X1)
                                                        0.0000     2.5000 r
  clock gating setup time                              -0.0720     2.4280
  data required time                                               2.4280
  --------------------------------------------------------------------------
  data required time                                               2.4280
  data arrival time                                               -1.9095
  --------------------------------------------------------------------------
  slack (MET)                                                      0.5184


  Startpoint: DP_i/fetch_i_IR_out_reg_30_
              (rising edge-triggered flip-flop clocked by CLK)
  Endpoint: DP_i/fetch_i_clk_gate_IR_out_reg/latch
            (gating element for clock CLK)
  Path Group: CLK
  Path Type: max

  Des/Clust/Port     Wire Load Model       Library
  ------------------------------------------------
  DLX                5K_hvratio_1_4        NangateOpenCellLibrary

  Point                                                   Incr       Path
  --------------------------------------------------------------------------
  clock CLK (rise edge)                                 0.0000     0.0000
  clock network delay (ideal)                           0.0500     0.0500
  DP_i/fetch_i_IR_out_reg_30_/CK (DFF_X2)               0.0000     0.0500 r
  DP_i/fetch_i_IR_out_reg_30_/Q (DFF_X2)                0.1177     0.1677 f
  DP_i/opcode[4] (DataPath)                             0.0000     0.1677 f
  U785/ZN (INV_X1)                                      0.0742     0.2420 r
  U842/ZN (NAND3_X1)                                    0.0612     0.3031 f
  U778/ZN (NOR2_X1)                                     0.0776     0.3807 r
  U887/Z (CLKBUF_X1)                                    0.0702     0.4509 r
  U888/ZN (INV_X1)                                      0.0440     0.4949 f
  U892/ZN (NOR2_X1)                                     0.0635     0.5584 r
  U893/ZN (NAND2_X1)                                    0.0520     0.6104 f
  U809/ZN (NOR4_X1)                                     0.1220     0.7324 r
  U917/ZN (NAND2_X1)                                    0.0497     0.7821 f
  U918/ZN (INV_X1)                                      0.0664     0.8485 r
  DP_i/SP_read (DataPath)                               0.0000     0.8485 r
  DP_i/U2314/ZN (INV_X1)                                0.0344     0.8829 f
  DP_i/U2315/ZN (AOI21_X1)                              0.0550     0.9379 r
  DP_i/U2316/ZN (AOI211_X1)                             0.0345     0.9724 f
  DP_i/U2319/ZN (INV_X1)                                0.0401     1.0125 r
  DP_i/U2320/ZN (NOR2_X2)                               0.0590     1.0715 f
  DP_i/U2324/ZN (AND2_X1)                               0.0702     1.1417 f
  DP_i/rs2_live[4] (DataPath)                           0.0000     1.1417 f
  U1005/ZN (NAND2_X1)                                   0.0611     1.2029 r
  U1017/ZN (INV_X1)                                     0.0436     1.2464 f
  U1018/ZN (AOI22_X1)                                   0.0659     1.3124 r
  U1019/ZN (OAI211_X1)                                  0.0512     1.3635 f
  U1022/ZN (OAI221_X1)                                  0.0713     1.4348 r
  U1023/ZN (INV_X1)                                     0.0234     1.4582 f
  U1024/Z (MUX2_X1)                                     0.0681     1.5263 f
  U1038/ZN (OAI21_X1)                                   0.0587     1.5850 r
  U1039/ZN (AOI221_X1)                                  0.0374     1.6225 f
  U1067/ZN (AOI211_X1)                                  0.1266     1.7491 r
  U1068/ZN (INV_X1)                                     0.0349     1.7840 f
  U1140/ZN (AOI21_X1)                                   0.0486     1.8326 r
  DP_i/F_ID_enable (DataPath)                           0.0000     1.8326 r
  DP_i/U3905/ZN (INV_X1)                                0.0346     1.8673 f
  DP_i/U2956/ZN (NAND2_X1)                              0.0332     1.9005 r
  DP_i/fetch_i_clk_gate_IR_out_reg/EN (SNPS_CLOCK_GATE_HIGH_fetch)
                                                        0.0000     1.9005 r
  DP_i/fetch_i_clk_gate_IR_out_reg/latch/E (CLKGATETST_X1)
                                                        0.0091     1.9095 r
  data arrival time                                                1.9095

  clock CLK (rise edge)                                 2.5000     2.5000
  clock network delay (ideal)                           0.0500     2.5500
  clock uncertainty                                    -0.0500     2.5000
  DP_i/fetch_i_clk_gate_IR_out_reg/latch/CK (CLKGATETST_X1)
                                                        0.0000     2.5000 r
  clock gating setup time                              -0.0720     2.4280
  data required time                                               2.4280
  --------------------------------------------------------------------------
  data required time                                               2.4280
  data arrival time                                               -1.9095
  --------------------------------------------------------------------------
  slack (MET)                                                      0.5184


  Startpoint: DP_i/fetch_i_btb_update_latch_i_pc_branch_out_reg_3_
              (rising edge-triggered flip-flop clocked by CLK)
  Endpoint: DP_i/fetch_i_btb_i/clk_gate_btb_table_reg_0__TARGET_/latch
            (gating element for clock CLK)
  Path Group: CLK
  Path Type: max

  Des/Clust/Port     Wire Load Model       Library
  ------------------------------------------------
  DLX                5K_hvratio_1_4        NangateOpenCellLibrary

  Point                                                   Incr       Path
  --------------------------------------------------------------------------
  clock CLK (rise edge)                                 0.0000     0.0000
  clock network delay (ideal)                           0.0500     0.0500
  DP_i/fetch_i_btb_update_latch_i_pc_branch_out_reg_3_/CK (DFF_X1)
                                                        0.0000     0.0500 r
  DP_i/fetch_i_btb_update_latch_i_pc_branch_out_reg_3_/Q (DFF_X1)
                                                        0.1552     0.2052 r
  DP_i/fetch_i_btb_i/pc_branch[3] (BTB_NBIT32_BTB_DEPTH16_BTB_INDEX_MSB5)
                                                        0.0000     0.2052 r
  DP_i/fetch_i_btb_i/U170/ZN (INV_X1)                   0.0857     0.2908 f
  DP_i/fetch_i_btb_i/U164/ZN (NOR2_X1)                  0.1094     0.4002 r
  DP_i/fetch_i_btb_i/U184/ZN (NAND2_X1)                 0.0527     0.4529 f
  DP_i/fetch_i_btb_i/U159/ZN (INV_X2)                   0.1291     0.5820 r
  DP_i/fetch_i_btb_i/U412/ZN (AOI22_X1)                 0.0742     0.6561 f
  DP_i/fetch_i_btb_i/U415/ZN (NAND4_X1)                 0.0431     0.6993 r
  DP_i/fetch_i_btb_i/U421/ZN (NOR2_X1)                  0.0296     0.7288 f
  DP_i/fetch_i_btb_i/U422/ZN (AOI22_X1)                 0.0620     0.7908 r
  DP_i/fetch_i_btb_i/U423/ZN (OAI221_X1)                0.0507     0.8415 f
  DP_i/fetch_i_btb_i/U424/ZN (AOI21_X1)                 0.0624     0.9039 r
  DP_i/fetch_i_btb_i/U425/ZN (OAI21_X1)                 0.0372     0.9411 f
  DP_i/fetch_i_btb_i/U566/ZN (NOR4_X1)                  0.0958     1.0369 r
  DP_i/fetch_i_btb_i/U567/ZN (NAND4_X1)                 0.0956     1.1324 f
  DP_i/fetch_i_btb_i/U491/ZN (AND4_X1)                  0.0953     1.2277 f
  DP_i/fetch_i_btb_i/U492/ZN (NAND2_X1)                 0.0702     1.2979 r
  DP_i/fetch_i_btb_i/U495/ZN (INV_X1)                   0.0321     1.3300 f
  DP_i/fetch_i_btb_i/U496/ZN (AOI21_X1)                 0.0889     1.4189 r
  DP_i/fetch_i_btb_i/U497/ZN (NOR2_X1)                  0.0292     1.4481 f
  DP_i/fetch_i_btb_i/clk_gate_btb_table_reg_0__TARGET_/EN (SNPS_CLOCK_GATE_HIGH_BTB_NBIT32_BTB_DEPTH16_BTB_INDEX_MSB5_32)
                                                        0.0000     1.4481 f
  DP_i/fetch_i_btb_i/clk_gate_btb_table_reg_0__TARGET_/latch/E (CLKGATETST_X1)
                                                        0.0088     1.4569 f
  data arrival time                                                1.4569

  clock CLK (rise edge)                                 2.5000     2.5000
  clock network delay (ideal)                           0.0500     2.5500
  clock uncertainty                                    -0.0500     2.5000
  DP_i/fetch_i_btb_i/clk_gate_btb_table_reg_0__TARGET_/latch/CK (CLKGATETST_X1)
                                                        0.0000     2.5000 r
  clock gating setup time                              -0.0646     2.4354
  data required time                                               2.4354
  --------------------------------------------------------------------------
  data required time                                               2.4354
  data arrival time                                               -1.4569
  --------------------------------------------------------------------------
  slack (MET)                                                      0.9785


  Startpoint: DP_i/fetch_i_btb_update_latch_i_pc_branch_out_reg_3_
              (rising edge-triggered flip-flop clocked by CLK)
  Endpoint: DP_i/fetch_i_btb_i/clk_gate_btb_table_reg_1__TARGET_/latch
            (gating element for clock CLK)
  Path Group: CLK
  Path Type: max

  Des/Clust/Port     Wire Load Model       Library
  ------------------------------------------------
  DLX                5K_hvratio_1_4        NangateOpenCellLibrary

  Point                                                   Incr       Path
  --------------------------------------------------------------------------
  clock CLK (rise edge)                                 0.0000     0.0000
  clock network delay (ideal)                           0.0500     0.0500
  DP_i/fetch_i_btb_update_latch_i_pc_branch_out_reg_3_/CK (DFF_X1)
                                                        0.0000     0.0500 r
  DP_i/fetch_i_btb_update_latch_i_pc_branch_out_reg_3_/Q (DFF_X1)
                                                        0.1552     0.2052 r
  DP_i/fetch_i_btb_i/pc_branch[3] (BTB_NBIT32_BTB_DEPTH16_BTB_INDEX_MSB5)
                                                        0.0000     0.2052 r
  DP_i/fetch_i_btb_i/U170/ZN (INV_X1)                   0.0857     0.2908 f
  DP_i/fetch_i_btb_i/U164/ZN (NOR2_X1)                  0.1094     0.4002 r
  DP_i/fetch_i_btb_i/U184/ZN (NAND2_X1)                 0.0527     0.4529 f
  DP_i/fetch_i_btb_i/U159/ZN (INV_X2)                   0.1291     0.5820 r
  DP_i/fetch_i_btb_i/U412/ZN (AOI22_X1)                 0.0742     0.6561 f
  DP_i/fetch_i_btb_i/U415/ZN (NAND4_X1)                 0.0431     0.6993 r
  DP_i/fetch_i_btb_i/U421/ZN (NOR2_X1)                  0.0296     0.7288 f
  DP_i/fetch_i_btb_i/U422/ZN (AOI22_X1)                 0.0620     0.7908 r
  DP_i/fetch_i_btb_i/U423/ZN (OAI221_X1)                0.0507     0.8415 f
  DP_i/fetch_i_btb_i/U424/ZN (AOI21_X1)                 0.0624     0.9039 r
  DP_i/fetch_i_btb_i/U425/ZN (OAI21_X1)                 0.0372     0.9411 f
  DP_i/fetch_i_btb_i/U566/ZN (NOR4_X1)                  0.0958     1.0369 r
  DP_i/fetch_i_btb_i/U567/ZN (NAND4_X1)                 0.0956     1.1324 f
  DP_i/fetch_i_btb_i/U491/ZN (AND4_X1)                  0.0953     1.2277 f
  DP_i/fetch_i_btb_i/U492/ZN (NAND2_X1)                 0.0702     1.2979 r
  DP_i/fetch_i_btb_i/U495/ZN (INV_X1)                   0.0321     1.3300 f
  DP_i/fetch_i_btb_i/U496/ZN (AOI21_X1)                 0.0889     1.4189 r
  DP_i/fetch_i_btb_i/U499/ZN (NOR2_X1)                  0.0292     1.4481 f
  DP_i/fetch_i_btb_i/clk_gate_btb_table_reg_1__TARGET_/EN (SNPS_CLOCK_GATE_HIGH_BTB_NBIT32_BTB_DEPTH16_BTB_INDEX_MSB5_30)
                                                        0.0000     1.4481 f
  DP_i/fetch_i_btb_i/clk_gate_btb_table_reg_1__TARGET_/latch/E (CLKGATETST_X1)
                                                        0.0088     1.4569 f
  data arrival time                                                1.4569

  clock CLK (rise edge)                                 2.5000     2.5000
  clock network delay (ideal)                           0.0500     2.5500
  clock uncertainty                                    -0.0500     2.5000
  DP_i/fetch_i_btb_i/clk_gate_btb_table_reg_1__TARGET_/latch/CK (CLKGATETST_X1)
                                                        0.0000     2.5000 r
  clock gating setup time                              -0.0646     2.4354
  data required time                                               2.4354
  --------------------------------------------------------------------------
  data required time                                               2.4354
  data arrival time                                               -1.4569
  --------------------------------------------------------------------------
  slack (MET)                                                      0.9785


  Startpoint: DRAM_READY (input port clocked by CLK)
  Endpoint: DP_i/decode_i_B_reg_i_Y_reg_30_
            (rising edge-triggered flip-flop clocked by CLK)
  Path Group: INPUTS
  Path Type: max

  Des/Clust/Port     Wire Load Model       Library
  ------------------------------------------------
  DLX                5K_hvratio_1_4        NangateOpenCellLibrary

  Point                                                   Incr       Path
  --------------------------------------------------------------------------
  clock CLK (rise edge)                                 0.0000     0.0000
  clock network delay (ideal)                           0.0500     0.0500
  input external delay                                  0.2500     0.3000 r
  DRAM_READY (in)                                       0.0014     0.3014 r
  U796/ZN (NOR2_X1)                                     0.0299     0.3313 f
  U898/ZN (INV_X1)                                      0.0777     0.4090 r
  DP_i/EX_MEM_enable (DataPath)                         0.0000     0.4090 r
  DP_i/U4129/ZN (NAND2_X2)                              0.1662     0.5752 f
  DP_i/U2705/ZN (NOR3_X2)                               0.4369     1.0121 r
  DP_i/U2711/ZN (NAND2_X1)                              0.0567     1.0688 f
  DP_i/U2712/ZN (NAND4_X1)                              0.0550     1.1238 r
  DP_i/decode_i_B_reg_i_Y_reg_30_/D (DFF_X1)            0.0110     1.1347 r
  data arrival time                                                1.1347

  clock CLK (rise edge)                                 2.5000     2.5000
  clock network delay (ideal)                           0.0500     2.5500
  clock uncertainty                                    -0.0500     2.5000
  DP_i/decode_i_B_reg_i_Y_reg_30_/CK (DFF_X1)           0.0000     2.5000 r
  library setup time                                   -0.0302     2.4698
  data required time                                               2.4698
  --------------------------------------------------------------------------
  data required time                                               2.4698
  data arrival time                                               -1.1347
  --------------------------------------------------------------------------
  slack (MET)                                                      1.3350


  Startpoint: DRAM_READY (input port clocked by CLK)
  Endpoint: DP_i/decode_i_B_reg_i_Y_reg_29_
            (rising edge-triggered flip-flop clocked by CLK)
  Path Group: INPUTS
  Path Type: max

  Des/Clust/Port     Wire Load Model       Library
  ------------------------------------------------
  DLX                5K_hvratio_1_4        NangateOpenCellLibrary

  Point                                                   Incr       Path
  --------------------------------------------------------------------------
  clock CLK (rise edge)                                 0.0000     0.0000
  clock network delay (ideal)                           0.0500     0.0500
  input external delay                                  0.2500     0.3000 r
  DRAM_READY (in)                                       0.0014     0.3014 r
  U796/ZN (NOR2_X1)                                     0.0299     0.3313 f
  U898/ZN (INV_X1)                                      0.0777     0.4090 r
  DP_i/EX_MEM_enable (DataPath)                         0.0000     0.4090 r
  DP_i/U4129/ZN (NAND2_X2)                              0.1662     0.5752 f
  DP_i/U2705/ZN (NOR3_X2)                               0.4369     1.0121 r
  DP_i/U2716/ZN (NAND2_X1)                              0.0567     1.0688 f
  DP_i/U2717/ZN (NAND4_X1)                              0.0550     1.1238 r
  DP_i/decode_i_B_reg_i_Y_reg_29_/D (DFF_X1)            0.0110     1.1347 r
  data arrival time                                                1.1347

  clock CLK (rise edge)                                 2.5000     2.5000
  clock network delay (ideal)                           0.0500     2.5500
  clock uncertainty                                    -0.0500     2.5000
  DP_i/decode_i_B_reg_i_Y_reg_29_/CK (DFF_X1)           0.0000     2.5000 r
  library setup time                                   -0.0302     2.4698
  data required time                                               2.4698
  --------------------------------------------------------------------------
  data required time                                               2.4698
  data arrival time                                               -1.1347
  --------------------------------------------------------------------------
  slack (MET)                                                      1.3350


  Startpoint: DRAM_READY (input port clocked by CLK)
  Endpoint: DP_i/decode_i_B_reg_i_Y_reg_28_
            (rising edge-triggered flip-flop clocked by CLK)
  Path Group: INPUTS
  Path Type: max

  Des/Clust/Port     Wire Load Model       Library
  ------------------------------------------------
  DLX                5K_hvratio_1_4        NangateOpenCellLibrary

  Point                                                   Incr       Path
  --------------------------------------------------------------------------
  clock CLK (rise edge)                                 0.0000     0.0000
  clock network delay (ideal)                           0.0500     0.0500
  input external delay                                  0.2500     0.3000 r
  DRAM_READY (in)                                       0.0014     0.3014 r
  U796/ZN (NOR2_X1)                                     0.0299     0.3313 f
  U898/ZN (INV_X1)                                      0.0777     0.4090 r
  DP_i/EX_MEM_enable (DataPath)                         0.0000     0.4090 r
  DP_i/U4129/ZN (NAND2_X2)                              0.1662     0.5752 f
  DP_i/U2705/ZN (NOR3_X2)                               0.4369     1.0121 r
  DP_i/U2721/ZN (NAND2_X1)                              0.0567     1.0688 f
  DP_i/U2722/ZN (NAND4_X1)                              0.0550     1.1238 r
  DP_i/decode_i_B_reg_i_Y_reg_28_/D (DFF_X1)            0.0110     1.1347 r
  data arrival time                                                1.1347

  clock CLK (rise edge)                                 2.5000     2.5000
  clock network delay (ideal)                           0.0500     2.5500
  clock uncertainty                                    -0.0500     2.5000
  DP_i/decode_i_B_reg_i_Y_reg_28_/CK (DFF_X1)           0.0000     2.5000 r
  library setup time                                   -0.0302     2.4698
  data required time                                               2.4698
  --------------------------------------------------------------------------
  data required time                                               2.4698
  data arrival time                                               -1.1347
  --------------------------------------------------------------------------
  slack (MET)                                                      1.3350


  Startpoint: DRAM_READY (input port clocked by CLK)
  Endpoint: DP_i/decode_i_B_reg_i_Y_reg_31_
            (rising edge-triggered flip-flop clocked by CLK)
  Path Group: INPUTS
  Path Type: max

  Des/Clust/Port     Wire Load Model       Library
  ------------------------------------------------
  DLX                5K_hvratio_1_4        NangateOpenCellLibrary

  Point                                                   Incr       Path
  --------------------------------------------------------------------------
  clock CLK (rise edge)                                 0.0000     0.0000
  clock network delay (ideal)                           0.0500     0.0500
  input external delay                                  0.2500     0.3000 r
  DRAM_READY (in)                                       0.0014     0.3014 r
  U796/ZN (NOR2_X1)                                     0.0299     0.3313 f
  U898/ZN (INV_X1)                                      0.0777     0.4090 r
  DP_i/EX_MEM_enable (DataPath)                         0.0000     0.4090 r
  DP_i/U4129/ZN (NAND2_X2)                              0.1662     0.5752 f
  DP_i/U2705/ZN (NOR3_X2)                               0.4369     1.0121 r
  DP_i/U2706/ZN (NAND2_X1)                              0.0567     1.0688 f
  DP_i/U2707/ZN (NAND4_X1)                              0.0550     1.1238 r
  DP_i/decode_i_B_reg_i_Y_reg_31_/D (DFF_X1)            0.0110     1.1347 r
  data arrival time                                                1.1347

  clock CLK (rise edge)                                 2.5000     2.5000
  clock network delay (ideal)                           0.0500     2.5500
  clock uncertainty                                    -0.0500     2.5000
  DP_i/decode_i_B_reg_i_Y_reg_31_/CK (DFF_X1)           0.0000     2.5000 r
  library setup time                                   -0.0302     2.4698
  data required time                                               2.4698
  --------------------------------------------------------------------------
  data required time                                               2.4698
  data arrival time                                               -1.1347
  --------------------------------------------------------------------------
  slack (MET)                                                      1.3350


  Startpoint: DRAM_READY (input port clocked by CLK)
  Endpoint: DP_i/decode_i_B_reg_i_Y_reg_0_
            (rising edge-triggered flip-flop clocked by CLK)
  Path Group: INPUTS
  Path Type: max

  Des/Clust/Port     Wire Load Model       Library
  ------------------------------------------------
  DLX                5K_hvratio_1_4        NangateOpenCellLibrary

  Point                                                   Incr       Path
  --------------------------------------------------------------------------
  clock CLK (rise edge)                                 0.0000     0.0000
  clock network delay (ideal)                           0.0500     0.0500
  input external delay                                  0.2500     0.3000 r
  DRAM_READY (in)                                       0.0014     0.3014 r
  U796/ZN (NOR2_X1)                                     0.0299     0.3313 f
  U898/ZN (INV_X1)                                      0.0777     0.4090 r
  DP_i/EX_MEM_enable (DataPath)                         0.0000     0.4090 r
  DP_i/U4129/ZN (NAND2_X2)                              0.1662     0.5752 f
  DP_i/U2705/ZN (NOR3_X2)                               0.4369     1.0121 r
  DP_i/U2890/ZN (AOI22_X1)                              0.0586     1.0707 f
  DP_i/U2892/ZN (OAI211_X1)                             0.0512     1.1219 r
  DP_i/decode_i_B_reg_i_Y_reg_0_/D (DFF_X1)             0.0110     1.1329 r
  data arrival time                                                1.1329

  clock CLK (rise edge)                                 2.5000     2.5000
  clock network delay (ideal)                           0.0500     2.5500
  clock uncertainty                                    -0.0500     2.5000
  DP_i/decode_i_B_reg_i_Y_reg_0_/CK (DFF_X1)            0.0000     2.5000 r
  library setup time                                   -0.0311     2.4689
  data required time                                               2.4689
  --------------------------------------------------------------------------
  data required time                                               2.4689
  data arrival time                                               -1.1329
  --------------------------------------------------------------------------
  slack (MET)                                                      1.3360


  Startpoint: DRAM_READY (input port clocked by CLK)
  Endpoint: DP_i/decode_i_B_reg_i_Y_reg_0_
            (rising edge-triggered flip-flop clocked by CLK)
  Path Group: INPUTS
  Path Type: max

  Des/Clust/Port     Wire Load Model       Library
  ------------------------------------------------
  DLX                5K_hvratio_1_4        NangateOpenCellLibrary

  Point                                                   Incr       Path
  --------------------------------------------------------------------------
  clock CLK (rise edge)                                 0.0000     0.0000
  clock network delay (ideal)                           0.0500     0.0500
  input external delay                                  0.2500     0.3000 r
  DRAM_READY (in)                                       0.0014     0.3014 r
  U796/ZN (NOR2_X1)                                     0.0299     0.3313 f
  U898/ZN (INV_X1)                                      0.0777     0.4090 r
  DP_i/EX_MEM_enable (DataPath)                         0.0000     0.4090 r
  DP_i/U4129/ZN (NAND2_X2)                              0.1662     0.5752 f
  DP_i/U2705/ZN (NOR3_X2)                               0.4369     1.0121 r
  DP_i/U2890/ZN (AOI22_X1)                              0.0586     1.0707 f
  DP_i/U2892/ZN (OAI211_X1)                             0.0502     1.1209 r
  DP_i/decode_i_B_reg_i_Y_reg_0_/D (DFF_X1)             0.0110     1.1318 r
  data arrival time                                                1.1318

  clock CLK (rise edge)                                 2.5000     2.5000
  clock network delay (ideal)                           0.0500     2.5500
  clock uncertainty                                    -0.0500     2.5000
  DP_i/decode_i_B_reg_i_Y_reg_0_/CK (DFF_X1)            0.0000     2.5000 r
  library setup time                                   -0.0311     2.4689
  data required time                                               2.4689
  --------------------------------------------------------------------------
  data required time                                               2.4689
  data arrival time                                               -1.1318
  --------------------------------------------------------------------------
  slack (MET)                                                      1.3370


  Startpoint: DRAM_READY (input port clocked by CLK)
  Endpoint: DP_i/decode_i_B_reg_i_Y_reg_2_
            (rising edge-triggered flip-flop clocked by CLK)
  Path Group: INPUTS
  Path Type: max

  Des/Clust/Port     Wire Load Model       Library
  ------------------------------------------------
  DLX                5K_hvratio_1_4        NangateOpenCellLibrary

  Point                                                   Incr       Path
  --------------------------------------------------------------------------
  clock CLK (rise edge)                                 0.0000     0.0000
  clock network delay (ideal)                           0.0500     0.0500
  input external delay                                  0.2500     0.3000 r
  DRAM_READY (in)                                       0.0014     0.3014 r
  U796/ZN (NOR2_X1)                                     0.0299     0.3313 f
  U898/ZN (INV_X1)                                      0.0777     0.4090 r
  DP_i/EX_MEM_enable (DataPath)                         0.0000     0.4090 r
  DP_i/U4129/ZN (NAND2_X2)                              0.1662     0.5752 f
  DP_i/U2705/ZN (NOR3_X2)                               0.4369     1.0121 r
  DP_i/U2880/ZN (AOI22_X1)                              0.0562     1.0683 f
  DP_i/U2883/ZN (NAND4_X1)                              0.0526     1.1209 r
  DP_i/decode_i_B_reg_i_Y_reg_2_/D (DFF_X1)             0.0110     1.1319 r
  data arrival time                                                1.1319

  clock CLK (rise edge)                                 2.5000     2.5000
  clock network delay (ideal)                           0.0500     2.5500
  clock uncertainty                                    -0.0500     2.5000
  DP_i/decode_i_B_reg_i_Y_reg_2_/CK (DFF_X1)            0.0000     2.5000 r
  library setup time                                   -0.0303     2.4697
  data required time                                               2.4697
  --------------------------------------------------------------------------
  data required time                                               2.4697
  data arrival time                                               -1.1319
  --------------------------------------------------------------------------
  slack (MET)                                                      1.3377


  Startpoint: DRAM_READY (input port clocked by CLK)
  Endpoint: DP_i/decode_i_B_reg_i_Y_reg_2_
            (rising edge-triggered flip-flop clocked by CLK)
  Path Group: INPUTS
  Path Type: max

  Des/Clust/Port     Wire Load Model       Library
  ------------------------------------------------
  DLX                5K_hvratio_1_4        NangateOpenCellLibrary

  Point                                                   Incr       Path
  --------------------------------------------------------------------------
  clock CLK (rise edge)                                 0.0000     0.0000
  clock network delay (ideal)                           0.0500     0.0500
  input external delay                                  0.2500     0.3000 r
  DRAM_READY (in)                                       0.0014     0.3014 r
  U796/ZN (NOR2_X1)                                     0.0299     0.3313 f
  U898/ZN (INV_X1)                                      0.0777     0.4090 r
  DP_i/EX_MEM_enable (DataPath)                         0.0000     0.4090 r
  DP_i/U4129/ZN (NAND2_X2)                              0.1662     0.5752 f
  DP_i/U2705/ZN (NOR3_X2)                               0.4369     1.0121 r
  DP_i/U2880/ZN (AOI22_X1)                              0.0536     1.0657 f
  DP_i/U2883/ZN (NAND4_X1)                              0.0526     1.1183 r
  DP_i/decode_i_B_reg_i_Y_reg_2_/D (DFF_X1)             0.0110     1.1293 r
  data arrival time                                                1.1293

  clock CLK (rise edge)                                 2.5000     2.5000
  clock network delay (ideal)                           0.0500     2.5500
  clock uncertainty                                    -0.0500     2.5000
  DP_i/decode_i_B_reg_i_Y_reg_2_/CK (DFF_X1)            0.0000     2.5000 r
  library setup time                                   -0.0303     2.4697
  data required time                                               2.4697
  --------------------------------------------------------------------------
  data required time                                               2.4697
  data arrival time                                               -1.1293
  --------------------------------------------------------------------------
  slack (MET)                                                      1.3404


  Startpoint: DRAM_READY (input port clocked by CLK)
  Endpoint: DP_i/decode_i_B_reg_i_Y_reg_4_
            (rising edge-triggered flip-flop clocked by CLK)
  Path Group: INPUTS
  Path Type: max

  Des/Clust/Port     Wire Load Model       Library
  ------------------------------------------------
  DLX                5K_hvratio_1_4        NangateOpenCellLibrary

  Point                                                   Incr       Path
  --------------------------------------------------------------------------
  clock CLK (rise edge)                                 0.0000     0.0000
  clock network delay (ideal)                           0.0500     0.0500
  input external delay                                  0.2500     0.3000 r
  DRAM_READY (in)                                       0.0014     0.3014 r
  U796/ZN (NOR2_X1)                                     0.0299     0.3313 f
  U898/ZN (INV_X1)                                      0.0777     0.4090 r
  DP_i/EX_MEM_enable (DataPath)                         0.0000     0.4090 r
  DP_i/U4129/ZN (NAND2_X2)                              0.1662     0.5752 f
  DP_i/U2705/ZN (NOR3_X2)                               0.4369     1.0121 r
  DP_i/U2866/ZN (AOI21_X1)                              0.0514     1.0635 f
  DP_i/U2868/ZN (OAI211_X1)                             0.0535     1.1169 r
  DP_i/decode_i_B_reg_i_Y_reg_4_/D (DFF_X1)             0.0110     1.1279 r
  data arrival time                                                1.1279

  clock CLK (rise edge)                                 2.5000     2.5000
  clock network delay (ideal)                           0.0500     2.5500
  clock uncertainty                                    -0.0500     2.5000
  DP_i/decode_i_B_reg_i_Y_reg_4_/CK (DFF_X1)            0.0000     2.5000 r
  library setup time                                   -0.0310     2.4690
  data required time                                               2.4690
  --------------------------------------------------------------------------
  data required time                                               2.4690
  data arrival time                                               -1.1279
  --------------------------------------------------------------------------
  slack (MET)                                                      1.3411


  Startpoint: DRAM_READY (input port clocked by CLK)
  Endpoint: DP_i/decode_i_B_reg_i_Y_reg_3_
            (rising edge-triggered flip-flop clocked by CLK)
  Path Group: INPUTS
  Path Type: max

  Des/Clust/Port     Wire Load Model       Library
  ------------------------------------------------
  DLX                5K_hvratio_1_4        NangateOpenCellLibrary

  Point                                                   Incr       Path
  --------------------------------------------------------------------------
  clock CLK (rise edge)                                 0.0000     0.0000
  clock network delay (ideal)                           0.0500     0.0500
  input external delay                                  0.2500     0.3000 r
  DRAM_READY (in)                                       0.0014     0.3014 r
  U796/ZN (NOR2_X1)                                     0.0299     0.3313 f
  U898/ZN (INV_X1)                                      0.0777     0.4090 r
  DP_i/EX_MEM_enable (DataPath)                         0.0000     0.4090 r
  DP_i/U4129/ZN (NAND2_X2)                              0.1662     0.5752 f
  DP_i/U2705/ZN (NOR3_X2)                               0.4369     1.0121 r
  DP_i/U2873/ZN (AOI21_X1)                              0.0514     1.0635 f
  DP_i/U2875/ZN (OAI211_X1)                             0.0535     1.1169 r
  DP_i/decode_i_B_reg_i_Y_reg_3_/D (DFF_X1)             0.0110     1.1279 r
  data arrival time                                                1.1279

  clock CLK (rise edge)                                 2.5000     2.5000
  clock network delay (ideal)                           0.0500     2.5500
  clock uncertainty                                    -0.0500     2.5000
  DP_i/decode_i_B_reg_i_Y_reg_3_/CK (DFF_X1)            0.0000     2.5000 r
  library setup time                                   -0.0310     2.4690
  data required time                                               2.4690
  --------------------------------------------------------------------------
  data required time                                               2.4690
  data arrival time                                               -1.1279
  --------------------------------------------------------------------------
  slack (MET)                                                      1.3411


  Startpoint: DP_i/fetch_i_IR_out_reg_30_
              (rising edge-triggered flip-flop clocked by CLK)
  Endpoint: IRAM_ISSUE (output port clocked by CLK)
  Path Group: OUTPUTS
  Path Type: max

  Des/Clust/Port     Wire Load Model       Library
  ------------------------------------------------
  DLX                5K_hvratio_1_4        NangateOpenCellLibrary

  Point                                                   Incr       Path
  --------------------------------------------------------------------------
  clock CLK (rise edge)                                 0.0000     0.0000
  clock network delay (ideal)                           0.0500     0.0500
  DP_i/fetch_i_IR_out_reg_30_/CK (DFF_X2)               0.0000     0.0500 r
  DP_i/fetch_i_IR_out_reg_30_/Q (DFF_X2)                0.1177     0.1677 f
  DP_i/opcode[4] (DataPath)                             0.0000     0.1677 f
  U785/ZN (INV_X1)                                      0.0742     0.2420 r
  U842/ZN (NAND3_X1)                                    0.0612     0.3031 f
  U778/ZN (NOR2_X1)                                     0.0776     0.3807 r
  U887/Z (CLKBUF_X1)                                    0.0702     0.4509 r
  U888/ZN (INV_X1)                                      0.0440     0.4949 f
  U892/ZN (NOR2_X1)                                     0.0635     0.5584 r
  U893/ZN (NAND2_X1)                                    0.0520     0.6104 f
  U809/ZN (NOR4_X1)                                     0.1220     0.7324 r
  U917/ZN (NAND2_X1)                                    0.0497     0.7821 f
  U918/ZN (INV_X1)                                      0.0664     0.8485 r
  DP_i/SP_read (DataPath)                               0.0000     0.8485 r
  DP_i/U2314/ZN (INV_X1)                                0.0344     0.8829 f
  DP_i/U2315/ZN (AOI21_X1)                              0.0550     0.9379 r
  DP_i/U2316/ZN (AOI211_X1)                             0.0345     0.9724 f
  DP_i/U2319/ZN (INV_X1)                                0.0401     1.0125 r
  DP_i/U2320/ZN (NOR2_X2)                               0.0590     1.0715 f
  DP_i/U2324/ZN (AND2_X1)                               0.0702     1.1417 f
  DP_i/rs2_live[4] (DataPath)                           0.0000     1.1417 f
  U1005/ZN (NAND2_X1)                                   0.0611     1.2029 r
  U1017/ZN (INV_X1)                                     0.0436     1.2464 f
  U1018/ZN (AOI22_X1)                                   0.0659     1.3124 r
  U1019/ZN (OAI211_X1)                                  0.0512     1.3635 f
  U1022/ZN (OAI221_X1)                                  0.0713     1.4348 r
  U1023/ZN (INV_X1)                                     0.0234     1.4582 f
  U1024/Z (MUX2_X1)                                     0.0681     1.5263 f
  U1038/ZN (OAI21_X1)                                   0.0587     1.5850 r
  U1039/ZN (AOI221_X1)                                  0.0374     1.6225 f
  U1067/ZN (AOI211_X1)                                  0.1266     1.7491 r
  U1068/ZN (INV_X1)                                     0.0349     1.7840 f
  U1140/ZN (AOI21_X1)                                   0.0486     1.8326 r
  IRAM_ISSUE (out)                                      0.0035     1.8361 r
  data arrival time                                                1.8361

  clock CLK (rise edge)                                 2.5000     2.5000
  clock network delay (ideal)                           0.0500     2.5500
  clock uncertainty                                    -0.0500     2.5000
  output external delay                                -0.2500     2.2500
  data required time                                               2.2500
  --------------------------------------------------------------------------
  data required time                                               2.2500
  data arrival time                                               -1.8361
  --------------------------------------------------------------------------
  slack (MET)                                                      0.4139


  Startpoint: DP_i/fetch_i_IR_out_reg_30_
              (rising edge-triggered flip-flop clocked by CLK)
  Endpoint: IRAM_ISSUE (output port clocked by CLK)
  Path Group: OUTPUTS
  Path Type: max

  Des/Clust/Port     Wire Load Model       Library
  ------------------------------------------------
  DLX                5K_hvratio_1_4        NangateOpenCellLibrary

  Point                                                   Incr       Path
  --------------------------------------------------------------------------
  clock CLK (rise edge)                                 0.0000     0.0000
  clock network delay (ideal)                           0.0500     0.0500
  DP_i/fetch_i_IR_out_reg_30_/CK (DFF_X2)               0.0000     0.0500 r
  DP_i/fetch_i_IR_out_reg_30_/Q (DFF_X2)                0.1177     0.1677 f
  DP_i/opcode[4] (DataPath)                             0.0000     0.1677 f
  U785/ZN (INV_X1)                                      0.0742     0.2420 r
  U842/ZN (NAND3_X1)                                    0.0612     0.3031 f
  U778/ZN (NOR2_X1)                                     0.0776     0.3807 r
  U887/Z (CLKBUF_X1)                                    0.0702     0.4509 r
  U888/ZN (INV_X1)                                      0.0440     0.4949 f
  U892/ZN (NOR2_X1)                                     0.0635     0.5584 r
  U893/ZN (NAND2_X1)                                    0.0520     0.6104 f
  U809/ZN (NOR4_X1)                                     0.1220     0.7324 r
  U917/ZN (NAND2_X1)                                    0.0497     0.7821 f
  U918/ZN (INV_X1)                                      0.0664     0.8485 r
  DP_i/SP_read (DataPath)                               0.0000     0.8485 r
  DP_i/U2314/ZN (INV_X1)                                0.0344     0.8829 f
  DP_i/U2315/ZN (AOI21_X1)                              0.0550     0.9379 r
  DP_i/U2316/ZN (AOI211_X1)                             0.0345     0.9724 f
  DP_i/U2319/ZN (INV_X1)                                0.0401     1.0125 r
  DP_i/U2320/ZN (NOR2_X2)                               0.0590     1.0715 f
  DP_i/U2324/ZN (AND2_X1)                               0.0702     1.1417 f
  DP_i/rs2_live[4] (DataPath)                           0.0000     1.1417 f
  U1005/ZN (NAND2_X1)                                   0.0611     1.2029 r
  U1017/ZN (INV_X1)                                     0.0436     1.2464 f
  U1018/ZN (AOI22_X1)                                   0.0659     1.3124 r
  U1019/ZN (OAI211_X1)                                  0.0512     1.3635 f
  U1022/ZN (OAI221_X1)                                  0.0713     1.4348 r
  U1023/ZN (INV_X1)                                     0.0234     1.4582 f
  U1024/Z (MUX2_X1)                                     0.0681     1.5263 f
  U1038/ZN (OAI21_X1)                                   0.0587     1.5850 r
  U1039/ZN (AOI221_X1)                                  0.0374     1.6225 f
  U1067/ZN (AOI211_X1)                                  0.1266     1.7491 r
  U1068/ZN (INV_X1)                                     0.0349     1.7840 f
  U1140/ZN (AOI21_X1)                                   0.0486     1.8326 r
  IRAM_ISSUE (out)                                      0.0035     1.8361 r
  data arrival time                                                1.8361

  clock CLK (rise edge)                                 2.5000     2.5000
  clock network delay (ideal)                           0.0500     2.5500
  clock uncertainty                                    -0.0500     2.5000
  output external delay                                -0.2500     2.2500
  data required time                                               2.2500
  --------------------------------------------------------------------------
  data required time                                               2.2500
  data arrival time                                               -1.8361
  --------------------------------------------------------------------------
  slack (MET)                                                      0.4139


  Startpoint: CP_i_ex_mem_reg_i_RM_out_reg
              (rising edge-triggered flip-flop clocked by CLK)
  Endpoint: DRAM_DATA[29]
            (output port clocked by CLK)
  Path Group: OUTPUTS
  Path Type: max

  Des/Clust/Port     Wire Load Model       Library
  ------------------------------------------------
  DLX                5K_hvratio_1_4        NangateOpenCellLibrary

  Point                                                   Incr       Path
  --------------------------------------------------------------------------
  clock CLK (rise edge)                                 0.0000     0.0000
  clock network delay (ideal)                           0.0500     0.0500
  CP_i_ex_mem_reg_i_RM_out_reg/CK (DFF_X1)              0.0000     0.0500 r
  CP_i_ex_mem_reg_i_RM_out_reg/Q (DFF_X1)               0.1212     0.1712 r
  DP_i/RM (DataPath)                                    0.0000     0.1712 r
  DP_i/U399/ZN (NOR2_X1)                                0.0402     0.2114 f
  DP_i/U220/ZN (AOI221_X1)                              0.0908     0.3022 r
  DP_i/U219/ZN (AOI21_X1)                               0.0716     0.3737 f
  DP_i/U1109/ZN (INV_X1)                                0.0589     0.4326 r
  DP_i/U227/ZN (NOR2_X1)                                0.0317     0.4643 f
  DP_i/D_RAM_EN (DataPath)                              0.0000     0.4643 f
  U843/ZN (INV_X1)                                      0.0347     0.4990 r
  U801/ZN (NOR2_X1)                                     0.0300     0.5290 f
  U774/ZN (INV_X2)                                      0.1348     0.6637 r
  DRAM_DATA_tri_29_/Z (TBUF_X1)                         0.2552     0.9190 f
  DRAM_DATA[29] (inout)                                 0.0048     0.9238 f
  data arrival time                                                0.9238

  clock CLK (rise edge)                                 2.5000     2.5000
  clock network delay (ideal)                           0.0500     2.5500
  clock uncertainty                                    -0.0500     2.5000
  output external delay                                -0.2500     2.2500
  data required time                                               2.2500
  --------------------------------------------------------------------------
  data required time                                               2.2500
  data arrival time                                               -0.9238
  --------------------------------------------------------------------------
  slack (MET)                                                      1.3262


  Startpoint: CP_i_ex_mem_reg_i_RM_out_reg
              (rising edge-triggered flip-flop clocked by CLK)
  Endpoint: DRAM_DATA[28]
            (output port clocked by CLK)
  Path Group: OUTPUTS
  Path Type: max

  Des/Clust/Port     Wire Load Model       Library
  ------------------------------------------------
  DLX                5K_hvratio_1_4        NangateOpenCellLibrary

  Point                                                   Incr       Path
  --------------------------------------------------------------------------
  clock CLK (rise edge)                                 0.0000     0.0000
  clock network delay (ideal)                           0.0500     0.0500
  CP_i_ex_mem_reg_i_RM_out_reg/CK (DFF_X1)              0.0000     0.0500 r
  CP_i_ex_mem_reg_i_RM_out_reg/Q (DFF_X1)               0.1212     0.1712 r
  DP_i/RM (DataPath)                                    0.0000     0.1712 r
  DP_i/U399/ZN (NOR2_X1)                                0.0402     0.2114 f
  DP_i/U220/ZN (AOI221_X1)                              0.0908     0.3022 r
  DP_i/U219/ZN (AOI21_X1)                               0.0716     0.3737 f
  DP_i/U1109/ZN (INV_X1)                                0.0589     0.4326 r
  DP_i/U227/ZN (NOR2_X1)                                0.0317     0.4643 f
  DP_i/D_RAM_EN (DataPath)                              0.0000     0.4643 f
  U843/ZN (INV_X1)                                      0.0347     0.4990 r
  U801/ZN (NOR2_X1)                                     0.0300     0.5290 f
  U774/ZN (INV_X2)                                      0.1348     0.6637 r
  DRAM_DATA_tri_28_/Z (TBUF_X1)                         0.2552     0.9190 f
  DRAM_DATA[28] (inout)                                 0.0048     0.9238 f
  data arrival time                                                0.9238

  clock CLK (rise edge)                                 2.5000     2.5000
  clock network delay (ideal)                           0.0500     2.5500
  clock uncertainty                                    -0.0500     2.5000
  output external delay                                -0.2500     2.2500
  data required time                                               2.2500
  --------------------------------------------------------------------------
  data required time                                               2.2500
  data arrival time                                               -0.9238
  --------------------------------------------------------------------------
  slack (MET)                                                      1.3262


  Startpoint: CP_i_ex_mem_reg_i_RM_out_reg
              (rising edge-triggered flip-flop clocked by CLK)
  Endpoint: DRAM_DATA[27]
            (output port clocked by CLK)
  Path Group: OUTPUTS
  Path Type: max

  Des/Clust/Port     Wire Load Model       Library
  ------------------------------------------------
  DLX                5K_hvratio_1_4        NangateOpenCellLibrary

  Point                                                   Incr       Path
  --------------------------------------------------------------------------
  clock CLK (rise edge)                                 0.0000     0.0000
  clock network delay (ideal)                           0.0500     0.0500
  CP_i_ex_mem_reg_i_RM_out_reg/CK (DFF_X1)              0.0000     0.0500 r
  CP_i_ex_mem_reg_i_RM_out_reg/Q (DFF_X1)               0.1212     0.1712 r
  DP_i/RM (DataPath)                                    0.0000     0.1712 r
  DP_i/U399/ZN (NOR2_X1)                                0.0402     0.2114 f
  DP_i/U220/ZN (AOI221_X1)                              0.0908     0.3022 r
  DP_i/U219/ZN (AOI21_X1)                               0.0716     0.3737 f
  DP_i/U1109/ZN (INV_X1)                                0.0589     0.4326 r
  DP_i/U227/ZN (NOR2_X1)                                0.0317     0.4643 f
  DP_i/D_RAM_EN (DataPath)                              0.0000     0.4643 f
  U843/ZN (INV_X1)                                      0.0347     0.4990 r
  U801/ZN (NOR2_X1)                                     0.0300     0.5290 f
  U774/ZN (INV_X2)                                      0.1348     0.6637 r
  DRAM_DATA_tri_27_/Z (TBUF_X1)                         0.2552     0.9190 f
  DRAM_DATA[27] (inout)                                 0.0048     0.9238 f
  data arrival time                                                0.9238

  clock CLK (rise edge)                                 2.5000     2.5000
  clock network delay (ideal)                           0.0500     2.5500
  clock uncertainty                                    -0.0500     2.5000
  output external delay                                -0.2500     2.2500
  data required time                                               2.2500
  --------------------------------------------------------------------------
  data required time                                               2.2500
  data arrival time                                               -0.9238
  --------------------------------------------------------------------------
  slack (MET)                                                      1.3262


  Startpoint: CP_i_ex_mem_reg_i_RM_out_reg
              (rising edge-triggered flip-flop clocked by CLK)
  Endpoint: DRAM_DATA[26]
            (output port clocked by CLK)
  Path Group: OUTPUTS
  Path Type: max

  Des/Clust/Port     Wire Load Model       Library
  ------------------------------------------------
  DLX                5K_hvratio_1_4        NangateOpenCellLibrary

  Point                                                   Incr       Path
  --------------------------------------------------------------------------
  clock CLK (rise edge)                                 0.0000     0.0000
  clock network delay (ideal)                           0.0500     0.0500
  CP_i_ex_mem_reg_i_RM_out_reg/CK (DFF_X1)              0.0000     0.0500 r
  CP_i_ex_mem_reg_i_RM_out_reg/Q (DFF_X1)               0.1212     0.1712 r
  DP_i/RM (DataPath)                                    0.0000     0.1712 r
  DP_i/U399/ZN (NOR2_X1)                                0.0402     0.2114 f
  DP_i/U220/ZN (AOI221_X1)                              0.0908     0.3022 r
  DP_i/U219/ZN (AOI21_X1)                               0.0716     0.3737 f
  DP_i/U1109/ZN (INV_X1)                                0.0589     0.4326 r
  DP_i/U227/ZN (NOR2_X1)                                0.0317     0.4643 f
  DP_i/D_RAM_EN (DataPath)                              0.0000     0.4643 f
  U843/ZN (INV_X1)                                      0.0347     0.4990 r
  U801/ZN (NOR2_X1)                                     0.0300     0.5290 f
  U774/ZN (INV_X2)                                      0.1348     0.6637 r
  DRAM_DATA_tri_26_/Z (TBUF_X1)                         0.2552     0.9190 f
  DRAM_DATA[26] (inout)                                 0.0048     0.9238 f
  data arrival time                                                0.9238

  clock CLK (rise edge)                                 2.5000     2.5000
  clock network delay (ideal)                           0.0500     2.5500
  clock uncertainty                                    -0.0500     2.5000
  output external delay                                -0.2500     2.2500
  data required time                                               2.2500
  --------------------------------------------------------------------------
  data required time                                               2.2500
  data arrival time                                               -0.9238
  --------------------------------------------------------------------------
  slack (MET)                                                      1.3262


  Startpoint: CP_i_ex_mem_reg_i_RM_out_reg
              (rising edge-triggered flip-flop clocked by CLK)
  Endpoint: DRAM_DATA[25]
            (output port clocked by CLK)
  Path Group: OUTPUTS
  Path Type: max

  Des/Clust/Port     Wire Load Model       Library
  ------------------------------------------------
  DLX                5K_hvratio_1_4        NangateOpenCellLibrary

  Point                                                   Incr       Path
  --------------------------------------------------------------------------
  clock CLK (rise edge)                                 0.0000     0.0000
  clock network delay (ideal)                           0.0500     0.0500
  CP_i_ex_mem_reg_i_RM_out_reg/CK (DFF_X1)              0.0000     0.0500 r
  CP_i_ex_mem_reg_i_RM_out_reg/Q (DFF_X1)               0.1212     0.1712 r
  DP_i/RM (DataPath)                                    0.0000     0.1712 r
  DP_i/U399/ZN (NOR2_X1)                                0.0402     0.2114 f
  DP_i/U220/ZN (AOI221_X1)                              0.0908     0.3022 r
  DP_i/U219/ZN (AOI21_X1)                               0.0716     0.3737 f
  DP_i/U1109/ZN (INV_X1)                                0.0589     0.4326 r
  DP_i/U227/ZN (NOR2_X1)                                0.0317     0.4643 f
  DP_i/D_RAM_EN (DataPath)                              0.0000     0.4643 f
  U843/ZN (INV_X1)                                      0.0347     0.4990 r
  U801/ZN (NOR2_X1)                                     0.0300     0.5290 f
  U774/ZN (INV_X2)                                      0.1348     0.6637 r
  DRAM_DATA_tri_25_/Z (TBUF_X1)                         0.2552     0.9190 f
  DRAM_DATA[25] (inout)                                 0.0048     0.9238 f
  data arrival time                                                0.9238

  clock CLK (rise edge)                                 2.5000     2.5000
  clock network delay (ideal)                           0.0500     2.5500
  clock uncertainty                                    -0.0500     2.5000
  output external delay                                -0.2500     2.2500
  data required time                                               2.2500
  --------------------------------------------------------------------------
  data required time                                               2.2500
  data arrival time                                               -0.9238
  --------------------------------------------------------------------------
  slack (MET)                                                      1.3262


  Startpoint: CP_i_ex_mem_reg_i_RM_out_reg
              (rising edge-triggered flip-flop clocked by CLK)
  Endpoint: DRAM_DATA[24]
            (output port clocked by CLK)
  Path Group: OUTPUTS
  Path Type: max

  Des/Clust/Port     Wire Load Model       Library
  ------------------------------------------------
  DLX                5K_hvratio_1_4        NangateOpenCellLibrary

  Point                                                   Incr       Path
  --------------------------------------------------------------------------
  clock CLK (rise edge)                                 0.0000     0.0000
  clock network delay (ideal)                           0.0500     0.0500
  CP_i_ex_mem_reg_i_RM_out_reg/CK (DFF_X1)              0.0000     0.0500 r
  CP_i_ex_mem_reg_i_RM_out_reg/Q (DFF_X1)               0.1212     0.1712 r
  DP_i/RM (DataPath)                                    0.0000     0.1712 r
  DP_i/U399/ZN (NOR2_X1)                                0.0402     0.2114 f
  DP_i/U220/ZN (AOI221_X1)                              0.0908     0.3022 r
  DP_i/U219/ZN (AOI21_X1)                               0.0716     0.3737 f
  DP_i/U1109/ZN (INV_X1)                                0.0589     0.4326 r
  DP_i/U227/ZN (NOR2_X1)                                0.0317     0.4643 f
  DP_i/D_RAM_EN (DataPath)                              0.0000     0.4643 f
  U843/ZN (INV_X1)                                      0.0347     0.4990 r
  U801/ZN (NOR2_X1)                                     0.0300     0.5290 f
  U774/ZN (INV_X2)                                      0.1348     0.6637 r
  DRAM_DATA_tri_24_/Z (TBUF_X1)                         0.2552     0.9190 f
  DRAM_DATA[24] (inout)                                 0.0048     0.9238 f
  data arrival time                                                0.9238

  clock CLK (rise edge)                                 2.5000     2.5000
  clock network delay (ideal)                           0.0500     2.5500
  clock uncertainty                                    -0.0500     2.5000
  output external delay                                -0.2500     2.2500
  data required time                                               2.2500
  --------------------------------------------------------------------------
  data required time                                               2.2500
  data arrival time                                               -0.9238
  --------------------------------------------------------------------------
  slack (MET)                                                      1.3262


  Startpoint: CP_i_ex_mem_reg_i_RM_out_reg
              (rising edge-triggered flip-flop clocked by CLK)
  Endpoint: DRAM_DATA[23]
            (output port clocked by CLK)
  Path Group: OUTPUTS
  Path Type: max

  Des/Clust/Port     Wire Load Model       Library
  ------------------------------------------------
  DLX                5K_hvratio_1_4        NangateOpenCellLibrary

  Point                                                   Incr       Path
  --------------------------------------------------------------------------
  clock CLK (rise edge)                                 0.0000     0.0000
  clock network delay (ideal)                           0.0500     0.0500
  CP_i_ex_mem_reg_i_RM_out_reg/CK (DFF_X1)              0.0000     0.0500 r
  CP_i_ex_mem_reg_i_RM_out_reg/Q (DFF_X1)               0.1212     0.1712 r
  DP_i/RM (DataPath)                                    0.0000     0.1712 r
  DP_i/U399/ZN (NOR2_X1)                                0.0402     0.2114 f
  DP_i/U220/ZN (AOI221_X1)                              0.0908     0.3022 r
  DP_i/U219/ZN (AOI21_X1)                               0.0716     0.3737 f
  DP_i/U1109/ZN (INV_X1)                                0.0589     0.4326 r
  DP_i/U227/ZN (NOR2_X1)                                0.0317     0.4643 f
  DP_i/D_RAM_EN (DataPath)                              0.0000     0.4643 f
  U843/ZN (INV_X1)                                      0.0347     0.4990 r
  U801/ZN (NOR2_X1)                                     0.0300     0.5290 f
  U774/ZN (INV_X2)                                      0.1348     0.6637 r
  DRAM_DATA_tri_23_/Z (TBUF_X1)                         0.2552     0.9190 f
  DRAM_DATA[23] (inout)                                 0.0048     0.9238 f
  data arrival time                                                0.9238

  clock CLK (rise edge)                                 2.5000     2.5000
  clock network delay (ideal)                           0.0500     2.5500
  clock uncertainty                                    -0.0500     2.5000
  output external delay                                -0.2500     2.2500
  data required time                                               2.2500
  --------------------------------------------------------------------------
  data required time                                               2.2500
  data arrival time                                               -0.9238
  --------------------------------------------------------------------------
  slack (MET)                                                      1.3262


  Startpoint: CP_i_ex_mem_reg_i_RM_out_reg
              (rising edge-triggered flip-flop clocked by CLK)
  Endpoint: DRAM_DATA[15]
            (output port clocked by CLK)
  Path Group: OUTPUTS
  Path Type: max

  Des/Clust/Port     Wire Load Model       Library
  ------------------------------------------------
  DLX                5K_hvratio_1_4        NangateOpenCellLibrary

  Point                                                   Incr       Path
  --------------------------------------------------------------------------
  clock CLK (rise edge)                                 0.0000     0.0000
  clock network delay (ideal)                           0.0500     0.0500
  CP_i_ex_mem_reg_i_RM_out_reg/CK (DFF_X1)              0.0000     0.0500 r
  CP_i_ex_mem_reg_i_RM_out_reg/Q (DFF_X1)               0.1212     0.1712 r
  DP_i/RM (DataPath)                                    0.0000     0.1712 r
  DP_i/U399/ZN (NOR2_X1)                                0.0402     0.2114 f
  DP_i/U220/ZN (AOI221_X1)                              0.0908     0.3022 r
  DP_i/U219/ZN (AOI21_X1)                               0.0716     0.3737 f
  DP_i/U1109/ZN (INV_X1)                                0.0589     0.4326 r
  DP_i/U227/ZN (NOR2_X1)                                0.0317     0.4643 f
  DP_i/D_RAM_EN (DataPath)                              0.0000     0.4643 f
  U843/ZN (INV_X1)                                      0.0347     0.4990 r
  U801/ZN (NOR2_X1)                                     0.0300     0.5290 f
  U774/ZN (INV_X2)                                      0.1348     0.6637 r
  DRAM_DATA_tri_15_/Z (TBUF_X1)                         0.2552     0.9190 f
  DRAM_DATA[15] (inout)                                 0.0048     0.9238 f
  data arrival time                                                0.9238

  clock CLK (rise edge)                                 2.5000     2.5000
  clock network delay (ideal)                           0.0500     2.5500
  clock uncertainty                                    -0.0500     2.5000
  output external delay                                -0.2500     2.2500
  data required time                                               2.2500
  --------------------------------------------------------------------------
  data required time                                               2.2500
  data arrival time                                               -0.9238
  --------------------------------------------------------------------------
  slack (MET)                                                      1.3262


1
