 
****************************************
Report : timing
        -path full
        -delay max
        -nworst 2
        -max_paths 10
Design : DLX
Version: W-2024.09-SP2
Date   : Tue Sep 29 13:36:53 2026
****************************************

Operating Conditions: typical   Library: NangateOpenCellLibrary
Wire Load Model Mode: top

  Startpoint: DP_i/fetch_i_IR_out_reg_26_
              (rising edge-triggered flip-flop clocked by CLK)
  Endpoint: DP_i/fetch_i_pc_i_clk_gate_Y_reg/latch
            (gating element for clock CLK)
  Path Group: CLK
  Path Type: max

  Des/Clust/Port     Wire Load Model       Library
  ------------------------------------------------
  DLX                5K_hvratio_1_4        NangateOpenCellLibrary

  Point                                                   Incr       Path
  --------------------------------------------------------------------------
  clock CLK (rise edge)                                 0.0000     0.0000
  clock network delay (ideal)                           0.0500     0.0500
  DP_i/fetch_i_IR_out_reg_26_/CK (DFF_X1)               0.0000     0.0500 r
  DP_i/fetch_i_IR_out_reg_26_/Q (DFF_X1)                0.1972     0.2472 r
  DP_i/opcode[0] (DataPath)                             0.0000     0.2472 r
  U864/ZN (INV_X1)                                      0.0466     0.2938 f
  U865/ZN (NAND3_X1)                                    0.0521     0.3459 r
  U866/ZN (NOR2_X1)                                     0.0441     0.3900 f
  U773/ZN (INV_X1)                                      0.1269     0.5169 r
  DP_i/RF2_BAR (DataPath)                               0.0000     0.5169 r
  DP_i/U403/ZN (INV_X1)                                 0.0579     0.5748 f
  DP_i/U411/ZN (NOR2_X1)                                0.0710     0.6458 r
  DP_i/U412/ZN (NAND2_X1)                               0.0482     0.6940 f
  DP_i/U417/ZN (OAI21_X1)                               0.0675     0.7615 r
  DP_i/U421/ZN (NOR2_X1)                                0.0300     0.7915 f
  DP_i/U423/ZN (NOR2_X1)                                0.0582     0.8498 r
  DP_i/U426/S (FA_X1)                                   0.1232     0.9730 f
  DP_i/U424/ZN (INV_X1)                                 0.0372     1.0102 r
  DP_i/U425/ZN (NOR2_X1)                                0.0261     1.0363 f
  DP_i/U427/ZN (OR2_X1)                                 0.0554     1.0917 f
  DP_i/U729/CO (FA_X1)                                  0.0980     1.1897 f
  DP_i/U220/ZN (AND2_X1)                                0.0574     1.2471 f
  DP_i/U429/ZN (NAND2_X1)                               0.0451     1.2923 r
  DP_i/U430/ZN (NAND3_X1)                               0.0523     1.3446 f
  DP_i/U432/ZN (NOR2_X1)                                0.0571     1.4017 r
  DP_i/U433/ZN (NOR2_X1)                                0.0367     1.4385 f
  DP_i/U725/CO (FA_X1)                                  0.1021     1.5405 f
  DP_i/U444/ZN (NAND2_X1)                               0.0471     1.5877 r
  DP_i/U740/Z (XOR2_X1)                                 0.1064     1.6941 r
  DP_i/U741/ZN (NOR2_X1)                                0.0404     1.7344 f
  DP_i/U817/ZN (NOR2_X1)                                0.0710     1.8054 r
  DP_i/U833/CO (FA_X1)                                  0.0980     1.9034 r
  DP_i/U836/ZN (NAND2_X1)                               0.0401     1.9435 f
  DP_i/U218/ZN (OR2_X1)                                 0.0674     2.0109 f
  DP_i/U1003/ZN (OAI21_X1)                              0.0584     2.0693 r
  DP_i/U1018/CO (FA_X1)                                 0.0799     2.1491 r
  DP_i/U1223/ZN (NOR2_X1)                               0.0274     2.1765 f
  DP_i/U217/ZN (AOI21_X1)                               0.0829     2.2593 r
  DP_i/U1357/ZN (NAND3_X1)                              0.0636     2.3229 f
  DP_i/U1358/ZN (NOR2_X1)                               0.0602     2.3831 r
  DP_i/U216/ZN (OR2_X1)                                 0.0436     2.4268 r
  DP_i/U2094/CO (FA_X1)                                 0.0814     2.5081 r
  DP_i/U2210/ZN (OAI21_X1)                              0.0448     2.5529 f
  DP_i/U2211/ZN (INV_X1)                                0.0399     2.5928 r
  DP_i/U2213/ZN (NAND2_X1)                              0.0347     2.6275 f
  DP_i/U3143/ZN (NOR2_X1)                               0.0601     2.6876 r
  DP_i/U3189/ZN (NAND2_X1)                              0.0447     2.7322 f
  DP_i/U3194/ZN (NAND2_X1)                              0.0385     2.7707 r
  DP_i/U3195/ZN (AOI21_X1)                              0.0355     2.8062 f
  DP_i/U215/ZN (AOI21_X1)                               0.0970     2.9032 r
  DP_i/U3199/ZN (NAND2_X1)                              0.0647     2.9679 f
  DP_i/U3222/ZN (NOR2_X1)                               0.0842     3.0520 r
  DP_i/U3232/ZN (XNOR2_X1)                              0.0740     3.1261 r
  DP_i/U3233/ZN (XNOR2_X1)                              0.0704     3.1965 r
  DP_i/U3240/ZN (OAI22_X1)                              0.0465     3.2429 f
  DP_i/U3241/ZN (AOI221_X1)                             0.0831     3.3261 r
  DP_i/U221/ZN (AND3_X1)                                0.0622     3.3883 r
  DP_i/U3390/ZN (AOI211_X1)                             0.0472     3.4355 f
  DP_i/flush (DataPath)                                 0.0000     3.4355 f
  U1098/ZN (OR3_X1)                                     0.1009     3.5364 f
  DP_i/pc_enable (DataPath)                             0.0000     3.5364 f
  DP_i/U2962/ZN (OR2_X1)                                0.0588     3.5952 f
  DP_i/fetch_i_pc_i_clk_gate_Y_reg/EN (SNPS_CLOCK_GATE_HIGH_data_reg_NBIT30_2_2)
                                                        0.0000     3.5952 f
  DP_i/fetch_i_pc_i_clk_gate_Y_reg/latch/E (CLKGATETST_X1)
                                                        0.0088     3.6040 f
  data arrival time                                                3.6040

  clock CLK (rise edge)                                 4.0000     4.0000
  clock network delay (ideal)                           0.0500     4.0500
  clock uncertainty                                    -0.0500     4.0000
  DP_i/fetch_i_pc_i_clk_gate_Y_reg/latch/CK (CLKGATETST_X1)
                                                        0.0000     4.0000 r
  clock gating setup time                              -0.0632     3.9368
  data required time                                               3.9368
  --------------------------------------------------------------------------
  data required time                                               3.9368
  data arrival time                                               -3.6040
  --------------------------------------------------------------------------
  slack (MET)                                                      0.3328


  Startpoint: DP_i/fetch_i_IR_out_reg_29_
              (rising edge-triggered flip-flop clocked by CLK)
  Endpoint: DP_i/fetch_i_pc_i_clk_gate_Y_reg/latch
            (gating element for clock CLK)
  Path Group: CLK
  Path Type: max

  Des/Clust/Port     Wire Load Model       Library
  ------------------------------------------------
  DLX                5K_hvratio_1_4        NangateOpenCellLibrary

  Point                                                   Incr       Path
  --------------------------------------------------------------------------
  clock CLK (rise edge)                                 0.0000     0.0000
  clock network delay (ideal)                           0.0500     0.0500
  DP_i/fetch_i_IR_out_reg_29_/CK (DFF_X1)               0.0000     0.0500 r
  DP_i/fetch_i_IR_out_reg_29_/Q (DFF_X1)                0.1666     0.2166 r
  DP_i/opcode[3] (DataPath)                             0.0000     0.2166 r
  U847/ZN (INV_X1)                                      0.0732     0.2898 f
  U853/ZN (NAND3_X1)                                    0.0601     0.3499 r
  U866/ZN (NOR2_X1)                                     0.0397     0.3895 f
  U773/ZN (INV_X1)                                      0.1269     0.5164 r
  DP_i/RF2_BAR (DataPath)                               0.0000     0.5164 r
  DP_i/U403/ZN (INV_X1)                                 0.0579     0.5743 f
  DP_i/U411/ZN (NOR2_X1)                                0.0710     0.6453 r
  DP_i/U412/ZN (NAND2_X1)                               0.0482     0.6936 f
  DP_i/U417/ZN (OAI21_X1)                               0.0675     0.7611 r
  DP_i/U421/ZN (NOR2_X1)                                0.0300     0.7911 f
  DP_i/U423/ZN (NOR2_X1)                                0.0582     0.8493 r
  DP_i/U426/S (FA_X1)                                   0.1232     0.9725 f
  DP_i/U424/ZN (INV_X1)                                 0.0372     1.0097 r
  DP_i/U425/ZN (NOR2_X1)                                0.0261     1.0358 f
  DP_i/U427/ZN (OR2_X1)                                 0.0554     1.0912 f
  DP_i/U729/CO (FA_X1)                                  0.0980     1.1893 f
  DP_i/U220/ZN (AND2_X1)                                0.0574     1.2467 f
  DP_i/U429/ZN (NAND2_X1)                               0.0451     1.2918 r
  DP_i/U430/ZN (NAND3_X1)                               0.0523     1.3441 f
  DP_i/U432/ZN (NOR2_X1)                                0.0571     1.4013 r
  DP_i/U433/ZN (NOR2_X1)                                0.0367     1.4380 f
  DP_i/U725/CO (FA_X1)                                  0.1021     1.5401 f
  DP_i/U444/ZN (NAND2_X1)                               0.0471     1.5872 r
  DP_i/U740/Z (XOR2_X1)                                 0.1064     1.6936 r
  DP_i/U741/ZN (NOR2_X1)                                0.0404     1.7339 f
  DP_i/U817/ZN (NOR2_X1)                                0.0710     1.8049 r
  DP_i/U833/CO (FA_X1)                                  0.0980     1.9029 r
  DP_i/U836/ZN (NAND2_X1)                               0.0401     1.9430 f
  DP_i/U218/ZN (OR2_X1)                                 0.0674     2.0104 f
  DP_i/U1003/ZN (OAI21_X1)                              0.0584     2.0688 r
  DP_i/U1018/CO (FA_X1)                                 0.0799     2.1486 r
  DP_i/U1223/ZN (NOR2_X1)                               0.0274     2.1760 f
  DP_i/U217/ZN (AOI21_X1)                               0.0829     2.2589 r
  DP_i/U1357/ZN (NAND3_X1)                              0.0636     2.3225 f
  DP_i/U1358/ZN (NOR2_X1)                               0.0602     2.3826 r
  DP_i/U216/ZN (OR2_X1)                                 0.0436     2.4263 r
  DP_i/U2094/CO (FA_X1)                                 0.0814     2.5076 r
  DP_i/U2210/ZN (OAI21_X1)                              0.0448     2.5524 f
  DP_i/U2211/ZN (INV_X1)                                0.0399     2.5923 r
  DP_i/U2213/ZN (NAND2_X1)                              0.0347     2.6270 f
  DP_i/U3143/ZN (NOR2_X1)                               0.0601     2.6871 r
  DP_i/U3189/ZN (NAND2_X1)                              0.0447     2.7318 f
  DP_i/U3194/ZN (NAND2_X1)                              0.0385     2.7702 r
  DP_i/U3195/ZN (AOI21_X1)                              0.0355     2.8057 f
  DP_i/U215/ZN (AOI21_X1)                               0.0970     2.9027 r
  DP_i/U3199/ZN (NAND2_X1)                              0.0647     2.9674 f
  DP_i/U3222/ZN (NOR2_X1)                               0.0842     3.0516 r
  DP_i/U3232/ZN (XNOR2_X1)                              0.0740     3.1256 r
  DP_i/U3233/ZN (XNOR2_X1)                              0.0704     3.1960 r
  DP_i/U3240/ZN (OAI22_X1)                              0.0465     3.2425 f
  DP_i/U3241/ZN (AOI221_X1)                             0.0831     3.3256 r
  DP_i/U221/ZN (AND3_X1)                                0.0622     3.3878 r
  DP_i/U3390/ZN (AOI211_X1)                             0.0472     3.4350 f
  DP_i/flush (DataPath)                                 0.0000     3.4350 f
  U1098/ZN (OR3_X1)                                     0.1009     3.5359 f
  DP_i/pc_enable (DataPath)                             0.0000     3.5359 f
  DP_i/U2962/ZN (OR2_X1)                                0.0588     3.5947 f
  DP_i/fetch_i_pc_i_clk_gate_Y_reg/EN (SNPS_CLOCK_GATE_HIGH_data_reg_NBIT30_2_2)
                                                        0.0000     3.5947 f
  DP_i/fetch_i_pc_i_clk_gate_Y_reg/latch/E (CLKGATETST_X1)
                                                        0.0088     3.6035 f
  data arrival time                                                3.6035

  clock CLK (rise edge)                                 4.0000     4.0000
  clock network delay (ideal)                           0.0500     4.0500
  clock uncertainty                                    -0.0500     4.0000
  DP_i/fetch_i_pc_i_clk_gate_Y_reg/latch/CK (CLKGATETST_X1)
                                                        0.0000     4.0000 r
  clock gating setup time                              -0.0632     3.9368
  data required time                                               3.9368
  --------------------------------------------------------------------------
  data required time                                               3.9368
  data arrival time                                               -3.6035
  --------------------------------------------------------------------------
  slack (MET)                                                      0.3333


  Startpoint: DP_i/mem_access_i_rd_out_reg_i_Y_reg_0_
              (rising edge-triggered flip-flop clocked by CLK)
  Endpoint: DP_i/fetch_i_btb_i_clk_gate_btb_table_reg_3__TARGET_/latch
            (gating element for clock CLK)
  Path Group: CLK
  Path Type: max

  Des/Clust/Port     Wire Load Model       Library
  ------------------------------------------------
  DLX                5K_hvratio_1_4        NangateOpenCellLibrary

  Point                                                   Incr       Path
  --------------------------------------------------------------------------
  clock CLK (rise edge)                                 0.0000     0.0000
  clock network delay (ideal)                           0.0500     0.0500
  DP_i/mem_access_i_rd_out_reg_i_Y_reg_0_/CK (DFF_X1)   0.0000     0.0500 r
  DP_i/mem_access_i_rd_out_reg_i_Y_reg_0_/Q (DFF_X1)    0.1163     0.1663 f
  DP_i/decode_i_reg_file_i/addr_w[0] (register_file)    0.0000     0.1663 f
  DP_i/decode_i_reg_file_i/U41/ZN (INV_X1)              0.0907     0.2570 r
  DP_i/decode_i_reg_file_i/U43/ZN (OAI22_X1)            0.0606     0.3176 f
  DP_i/decode_i_reg_file_i/U44/ZN (AOI221_X1)           0.0898     0.4074 r
  DP_i/decode_i_reg_file_i/U45/ZN (OAI21_X1)            0.0411     0.4485 f
  DP_i/decode_i_reg_file_i/U46/ZN (AOI211_X1)           0.0838     0.5323 r
  DP_i/decode_i_reg_file_i/U47/ZN (OAI221_X1)           0.0546     0.5869 f
  DP_i/decode_i_reg_file_i/U35/ZN (AOI221_X4)           0.1871     0.7740 r
  DP_i/decode_i_reg_file_i/U61/ZN (NOR2_X1)             0.0618     0.8358 f
  DP_i/decode_i_reg_file_i/U65/ZN (NAND2_X1)            0.0750     0.9109 r
  DP_i/decode_i_reg_file_i/U110/ZN (NOR2_X1)            0.0864     0.9973 f
  DP_i/decode_i_reg_file_i/U5/Z (CLKBUF_X1)             0.1976     1.1948 f
  DP_i/decode_i_reg_file_i/U1559/ZN (AOI22_X1)          0.1160     1.3109 r
  DP_i/decode_i_reg_file_i/U1561/ZN (NAND4_X1)          0.0482     1.3590 f
  DP_i/decode_i_reg_file_i/U1562/ZN (OR4_X1)            0.1292     1.4882 f
  DP_i/decode_i_reg_file_i/output1[1] (register_file)   0.0000     1.4882 f
  DP_i/U454/ZN (INV_X1)                                 0.0369     1.5251 r
  DP_i/U456/ZN (OAI221_X1)                              0.0488     1.5739 f
  DP_i/U457/ZN (OAI221_X1)                              0.0553     1.6292 r
  DP_i/U468/ZN (AOI21_X1)                               0.0530     1.6822 f
  DP_i/U469/ZN (OR2_X4)                                 0.1291     1.8113 f
  DP_i/U4709/ZN (NOR2_X1)                               0.1034     1.9148 r
  DP_i/rs2_live_3_ (DataPath)                           0.0000     1.9148 r
  U962/ZN (INV_X1)                                      0.0325     1.9472 f
  U964/ZN (AND2_X1)                                     0.0625     2.0098 f
  U968/ZN (AOI22_X1)                                    0.0832     2.0930 r
  U969/ZN (OAI21_X1)                                    0.0377     2.1307 f
  U970/ZN (AOI211_X1)                                   0.0810     2.2117 r
  U971/ZN (NOR2_X1)                                     0.0278     2.2394 f
  U980/Z (MUX2_X1)                                      0.0686     2.3080 f
  U994/ZN (OAI21_X1)                                    0.0587     2.3668 r
  U995/ZN (AOI221_X1)                                   0.0377     2.4044 f
  U1023/ZN (AOI211_X1)                                  0.1294     2.5338 r
  U1024/ZN (INV_X1)                                     0.0349     2.5688 f
  U1099/ZN (AOI21_X1)                                   0.0558     2.6246 r
  DP_i/F_ID_enable (DataPath)                           0.0000     2.6246 r
  DP_i/U3876/ZN (NAND2_X1)                              0.0415     2.6661 f
  DP_i/U3877/ZN (INV_X1)                                0.0310     2.6971 r
  DP_i/fetch_i_btb_i_U835/ZN (NAND3_X1)                 0.0418     2.7388 f
  DP_i/fetch_i_btb_i_U1199/ZN (AOI211_X1)               0.2017     2.9405 r
  DP_i/fetch_i_btb_i_U1200/ZN (NAND2_X1)                0.0835     3.0241 f
  DP_i/fetch_i_btb_i_U1204/ZN (INV_X1)                  0.0438     3.0678 r
  DP_i/fetch_i_btb_i_U1205/ZN (AOI21_X1)                0.0362     3.1040 f
  DP_i/fetch_i_btb_i_U1213/ZN (NOR2_X1)                 0.0480     3.1520 r
  DP_i/fetch_i_btb_i_clk_gate_btb_table_reg_3__TARGET_/EN (SNPS_CLOCK_GATE_HIGH_BTB_NBIT32_BTB_DEPTH16_BTB_INDEX_MSB5_26)
                                                        0.0000     3.1520 r
  DP_i/fetch_i_btb_i_clk_gate_btb_table_reg_3__TARGET_/latch/E (CLKGATETST_X1)
                                                        0.0091     3.1611 r
  data arrival time                                                3.1611

  clock CLK (rise edge)                                 4.0000     4.0000
  clock network delay (ideal)                           0.0500     4.0500
  clock uncertainty                                    -0.0500     4.0000
  DP_i/fetch_i_btb_i_clk_gate_btb_table_reg_3__TARGET_/latch/CK (CLKGATETST_X1)
                                                        0.0000     4.0000 r
  clock gating setup time                              -0.0747     3.9253
  data required time                                               3.9253
  --------------------------------------------------------------------------
  data required time                                               3.9253
  data arrival time                                               -3.1611
  --------------------------------------------------------------------------
  slack (MET)                                                      0.7643


  Startpoint: DP_i/mem_access_i_rd_out_reg_i_Y_reg_0_
              (rising edge-triggered flip-flop clocked by CLK)
  Endpoint: DP_i/fetch_i_btb_i_clk_gate_btb_table_reg_1__TARGET_/latch
            (gating element for clock CLK)
  Path Group: CLK
  Path Type: max

  Des/Clust/Port     Wire Load Model       Library
  ------------------------------------------------
  DLX                5K_hvratio_1_4        NangateOpenCellLibrary

  Point                                                   Incr       Path
  --------------------------------------------------------------------------
  clock CLK (rise edge)                                 0.0000     0.0000
  clock network delay (ideal)                           0.0500     0.0500
  DP_i/mem_access_i_rd_out_reg_i_Y_reg_0_/CK (DFF_X1)   0.0000     0.0500 r
  DP_i/mem_access_i_rd_out_reg_i_Y_reg_0_/Q (DFF_X1)    0.1163     0.1663 f
  DP_i/decode_i_reg_file_i/addr_w[0] (register_file)    0.0000     0.1663 f
  DP_i/decode_i_reg_file_i/U41/ZN (INV_X1)              0.0907     0.2570 r
  DP_i/decode_i_reg_file_i/U43/ZN (OAI22_X1)            0.0606     0.3176 f
  DP_i/decode_i_reg_file_i/U44/ZN (AOI221_X1)           0.0898     0.4074 r
  DP_i/decode_i_reg_file_i/U45/ZN (OAI21_X1)            0.0411     0.4485 f
  DP_i/decode_i_reg_file_i/U46/ZN (AOI211_X1)           0.0838     0.5323 r
  DP_i/decode_i_reg_file_i/U47/ZN (OAI221_X1)           0.0546     0.5869 f
  DP_i/decode_i_reg_file_i/U35/ZN (AOI221_X4)           0.1871     0.7740 r
  DP_i/decode_i_reg_file_i/U61/ZN (NOR2_X1)             0.0618     0.8358 f
  DP_i/decode_i_reg_file_i/U65/ZN (NAND2_X1)            0.0750     0.9109 r
  DP_i/decode_i_reg_file_i/U110/ZN (NOR2_X1)            0.0864     0.9973 f
  DP_i/decode_i_reg_file_i/U5/Z (CLKBUF_X1)             0.1976     1.1948 f
  DP_i/decode_i_reg_file_i/U1559/ZN (AOI22_X1)          0.1160     1.3109 r
  DP_i/decode_i_reg_file_i/U1561/ZN (NAND4_X1)          0.0482     1.3590 f
  DP_i/decode_i_reg_file_i/U1562/ZN (OR4_X1)            0.1292     1.4882 f
  DP_i/decode_i_reg_file_i/output1[1] (register_file)   0.0000     1.4882 f
  DP_i/U454/ZN (INV_X1)                                 0.0369     1.5251 r
  DP_i/U456/ZN (OAI221_X1)                              0.0488     1.5739 f
  DP_i/U457/ZN (OAI221_X1)                              0.0553     1.6292 r
  DP_i/U468/ZN (AOI21_X1)                               0.0530     1.6822 f
  DP_i/U469/ZN (OR2_X4)                                 0.1291     1.8113 f
  DP_i/U4709/ZN (NOR2_X1)                               0.1034     1.9148 r
  DP_i/rs2_live_3_ (DataPath)                           0.0000     1.9148 r
  U962/ZN (INV_X1)                                      0.0325     1.9472 f
  U964/ZN (AND2_X1)                                     0.0625     2.0098 f
  U968/ZN (AOI22_X1)                                    0.0832     2.0930 r
  U969/ZN (OAI21_X1)                                    0.0377     2.1307 f
  U970/ZN (AOI211_X1)                                   0.0810     2.2117 r
  U971/ZN (NOR2_X1)                                     0.0278     2.2394 f
  U980/Z (MUX2_X1)                                      0.0686     2.3080 f
  U994/ZN (OAI21_X1)                                    0.0587     2.3668 r
  U995/ZN (AOI221_X1)                                   0.0377     2.4044 f
  U1023/ZN (AOI211_X1)                                  0.1294     2.5338 r
  U1024/ZN (INV_X1)                                     0.0349     2.5688 f
  U1099/ZN (AOI21_X1)                                   0.0558     2.6246 r
  DP_i/F_ID_enable (DataPath)                           0.0000     2.6246 r
  DP_i/U3876/ZN (NAND2_X1)                              0.0415     2.6661 f
  DP_i/U3877/ZN (INV_X1)                                0.0310     2.6971 r
  DP_i/fetch_i_btb_i_U835/ZN (NAND3_X1)                 0.0418     2.7388 f
  DP_i/fetch_i_btb_i_U1199/ZN (AOI211_X1)               0.2017     2.9405 r
  DP_i/fetch_i_btb_i_U1200/ZN (NAND2_X1)                0.0835     3.0241 f
  DP_i/fetch_i_btb_i_U1204/ZN (INV_X1)                  0.0438     3.0678 r
  DP_i/fetch_i_btb_i_U1205/ZN (AOI21_X1)                0.0362     3.1040 f
  DP_i/fetch_i_btb_i_U1208/ZN (NOR2_X1)                 0.0480     3.1520 r
  DP_i/fetch_i_btb_i_clk_gate_btb_table_reg_1__TARGET_/EN (SNPS_CLOCK_GATE_HIGH_BTB_NBIT32_BTB_DEPTH16_BTB_INDEX_MSB5_30)
                                                        0.0000     3.1520 r
  DP_i/fetch_i_btb_i_clk_gate_btb_table_reg_1__TARGET_/latch/E (CLKGATETST_X1)
                                                        0.0091     3.1611 r
  data arrival time                                                3.1611

  clock CLK (rise edge)                                 4.0000     4.0000
  clock network delay (ideal)                           0.0500     4.0500
  clock uncertainty                                    -0.0500     4.0000
  DP_i/fetch_i_btb_i_clk_gate_btb_table_reg_1__TARGET_/latch/CK (CLKGATETST_X1)
                                                        0.0000     4.0000 r
  clock gating setup time                              -0.0747     3.9253
  data required time                                               3.9253
  --------------------------------------------------------------------------
  data required time                                               3.9253
  data arrival time                                               -3.1611
  --------------------------------------------------------------------------
  slack (MET)                                                      0.7643


  Startpoint: DP_i/mem_access_i_rd_out_reg_i_Y_reg_0_
              (rising edge-triggered flip-flop clocked by CLK)
  Endpoint: DP_i/fetch_i_btb_i_clk_gate_btb_table_reg_3__TARGET_/latch
            (gating element for clock CLK)
  Path Group: CLK
  Path Type: max

  Des/Clust/Port     Wire Load Model       Library
  ------------------------------------------------
  DLX                5K_hvratio_1_4        NangateOpenCellLibrary

  Point                                                   Incr       Path
  --------------------------------------------------------------------------
  clock CLK (rise edge)                                 0.0000     0.0000
  clock network delay (ideal)                           0.0500     0.0500
  DP_i/mem_access_i_rd_out_reg_i_Y_reg_0_/CK (DFF_X1)   0.0000     0.0500 r
  DP_i/mem_access_i_rd_out_reg_i_Y_reg_0_/Q (DFF_X1)    0.1163     0.1663 f
  DP_i/decode_i_reg_file_i/addr_w[0] (register_file)    0.0000     0.1663 f
  DP_i/decode_i_reg_file_i/U41/ZN (INV_X1)              0.0907     0.2570 r
  DP_i/decode_i_reg_file_i/U43/ZN (OAI22_X1)            0.0606     0.3176 f
  DP_i/decode_i_reg_file_i/U44/ZN (AOI221_X1)           0.0898     0.4074 r
  DP_i/decode_i_reg_file_i/U45/ZN (OAI21_X1)            0.0411     0.4485 f
  DP_i/decode_i_reg_file_i/U46/ZN (AOI211_X1)           0.0838     0.5323 r
  DP_i/decode_i_reg_file_i/U47/ZN (OAI221_X1)           0.0546     0.5869 f
  DP_i/decode_i_reg_file_i/U35/ZN (AOI221_X4)           0.1871     0.7740 r
  DP_i/decode_i_reg_file_i/U61/ZN (NOR2_X1)             0.0618     0.8358 f
  DP_i/decode_i_reg_file_i/U65/ZN (NAND2_X1)            0.0750     0.9109 r
  DP_i/decode_i_reg_file_i/U110/ZN (NOR2_X1)            0.0864     0.9973 f
  DP_i/decode_i_reg_file_i/U5/Z (CLKBUF_X1)             0.1976     1.1948 f
  DP_i/decode_i_reg_file_i/U1559/ZN (AOI22_X1)          0.1160     1.3109 r
  DP_i/decode_i_reg_file_i/U1561/ZN (NAND4_X1)          0.0482     1.3590 f
  DP_i/decode_i_reg_file_i/U1562/ZN (OR4_X1)            0.1292     1.4882 f
  DP_i/decode_i_reg_file_i/output1[1] (register_file)   0.0000     1.4882 f
  DP_i/U454/ZN (INV_X1)                                 0.0369     1.5251 r
  DP_i/U456/ZN (OAI221_X1)                              0.0488     1.5739 f
  DP_i/U457/ZN (OAI221_X1)                              0.0553     1.6292 r
  DP_i/U468/ZN (AOI21_X1)                               0.0530     1.6822 f
  DP_i/U469/ZN (OR2_X4)                                 0.1291     1.8113 f
  DP_i/U4709/ZN (NOR2_X1)                               0.1034     1.9148 r
  DP_i/rs2_live_3_ (DataPath)                           0.0000     1.9148 r
  U962/ZN (INV_X1)                                      0.0325     1.9472 f
  U964/ZN (AND2_X1)                                     0.0625     2.0098 f
  U968/ZN (AOI22_X1)                                    0.0832     2.0930 r
  U969/ZN (OAI21_X1)                                    0.0377     2.1307 f
  U970/ZN (AOI211_X1)                                   0.0810     2.2117 r
  U971/ZN (NOR2_X1)                                     0.0278     2.2394 f
  U980/Z (MUX2_X1)                                      0.0686     2.3080 f
  U994/ZN (OAI21_X1)                                    0.0587     2.3668 r
  U995/ZN (AOI221_X1)                                   0.0377     2.4044 f
  U1023/ZN (AOI211_X1)                                  0.1294     2.5338 r
  U1024/ZN (INV_X1)                                     0.0349     2.5688 f
  U1099/ZN (AOI21_X1)                                   0.0558     2.6246 r
  DP_i/F_ID_enable (DataPath)                           0.0000     2.6246 r
  DP_i/U3876/ZN (NAND2_X1)                              0.0415     2.6661 f
  DP_i/U3877/ZN (INV_X1)                                0.0310     2.6971 r
  DP_i/fetch_i_btb_i_U835/ZN (NAND3_X1)                 0.0418     2.7388 f
  DP_i/fetch_i_btb_i_U1199/ZN (AOI211_X1)               0.2017     2.9405 r
  DP_i/fetch_i_btb_i_U1200/ZN (NAND2_X1)                0.0835     3.0241 f
  DP_i/fetch_i_btb_i_U1204/ZN (INV_X1)                  0.0438     3.0678 r
  DP_i/fetch_i_btb_i_U1205/ZN (AOI21_X1)                0.0362     3.1040 f
  DP_i/fetch_i_btb_i_U1213/ZN (NOR2_X1)                 0.0480     3.1520 r
  DP_i/fetch_i_btb_i_clk_gate_btb_table_reg_3__TARGET_/EN (SNPS_CLOCK_GATE_HIGH_BTB_NBIT32_BTB_DEPTH16_BTB_INDEX_MSB5_26)
                                                        0.0000     3.1520 r
  DP_i/fetch_i_btb_i_clk_gate_btb_table_reg_3__TARGET_/latch/E (CLKGATETST_X1)
                                                        0.0091     3.1611 r
  data arrival time                                                3.1611

  clock CLK (rise edge)                                 4.0000     4.0000
  clock network delay (ideal)                           0.0500     4.0500
  clock uncertainty                                    -0.0500     4.0000
  DP_i/fetch_i_btb_i_clk_gate_btb_table_reg_3__TARGET_/latch/CK (CLKGATETST_X1)
                                                        0.0000     4.0000 r
  clock gating setup time                              -0.0747     3.9253
  data required time                                               3.9253
  --------------------------------------------------------------------------
  data required time                                               3.9253
  data arrival time                                               -3.1611
  --------------------------------------------------------------------------
  slack (MET)                                                      0.7643


  Startpoint: DP_i/mem_access_i_rd_out_reg_i_Y_reg_0_
              (rising edge-triggered flip-flop clocked by CLK)
  Endpoint: DP_i/fetch_i_btb_i_clk_gate_btb_table_reg_1__TARGET_/latch
            (gating element for clock CLK)
  Path Group: CLK
  Path Type: max

  Des/Clust/Port     Wire Load Model       Library
  ------------------------------------------------
  DLX                5K_hvratio_1_4        NangateOpenCellLibrary

  Point                                                   Incr       Path
  --------------------------------------------------------------------------
  clock CLK (rise edge)                                 0.0000     0.0000
  clock network delay (ideal)                           0.0500     0.0500
  DP_i/mem_access_i_rd_out_reg_i_Y_reg_0_/CK (DFF_X1)   0.0000     0.0500 r
  DP_i/mem_access_i_rd_out_reg_i_Y_reg_0_/Q (DFF_X1)    0.1163     0.1663 f
  DP_i/decode_i_reg_file_i/addr_w[0] (register_file)    0.0000     0.1663 f
  DP_i/decode_i_reg_file_i/U41/ZN (INV_X1)              0.0907     0.2570 r
  DP_i/decode_i_reg_file_i/U43/ZN (OAI22_X1)            0.0606     0.3176 f
  DP_i/decode_i_reg_file_i/U44/ZN (AOI221_X1)           0.0898     0.4074 r
  DP_i/decode_i_reg_file_i/U45/ZN (OAI21_X1)            0.0411     0.4485 f
  DP_i/decode_i_reg_file_i/U46/ZN (AOI211_X1)           0.0838     0.5323 r
  DP_i/decode_i_reg_file_i/U47/ZN (OAI221_X1)           0.0546     0.5869 f
  DP_i/decode_i_reg_file_i/U35/ZN (AOI221_X4)           0.1871     0.7740 r
  DP_i/decode_i_reg_file_i/U61/ZN (NOR2_X1)             0.0618     0.8358 f
  DP_i/decode_i_reg_file_i/U65/ZN (NAND2_X1)            0.0750     0.9109 r
  DP_i/decode_i_reg_file_i/U110/ZN (NOR2_X1)            0.0864     0.9973 f
  DP_i/decode_i_reg_file_i/U5/Z (CLKBUF_X1)             0.1976     1.1948 f
  DP_i/decode_i_reg_file_i/U1559/ZN (AOI22_X1)          0.1160     1.3109 r
  DP_i/decode_i_reg_file_i/U1561/ZN (NAND4_X1)          0.0482     1.3590 f
  DP_i/decode_i_reg_file_i/U1562/ZN (OR4_X1)            0.1292     1.4882 f
  DP_i/decode_i_reg_file_i/output1[1] (register_file)   0.0000     1.4882 f
  DP_i/U454/ZN (INV_X1)                                 0.0369     1.5251 r
  DP_i/U456/ZN (OAI221_X1)                              0.0488     1.5739 f
  DP_i/U457/ZN (OAI221_X1)                              0.0553     1.6292 r
  DP_i/U468/ZN (AOI21_X1)                               0.0530     1.6822 f
  DP_i/U469/ZN (OR2_X4)                                 0.1291     1.8113 f
  DP_i/U4709/ZN (NOR2_X1)                               0.1034     1.9148 r
  DP_i/rs2_live_3_ (DataPath)                           0.0000     1.9148 r
  U962/ZN (INV_X1)                                      0.0325     1.9472 f
  U964/ZN (AND2_X1)                                     0.0625     2.0098 f
  U968/ZN (AOI22_X1)                                    0.0832     2.0930 r
  U969/ZN (OAI21_X1)                                    0.0377     2.1307 f
  U970/ZN (AOI211_X1)                                   0.0810     2.2117 r
  U971/ZN (NOR2_X1)                                     0.0278     2.2394 f
  U980/Z (MUX2_X1)                                      0.0686     2.3080 f
  U994/ZN (OAI21_X1)                                    0.0587     2.3668 r
  U995/ZN (AOI221_X1)                                   0.0377     2.4044 f
  U1023/ZN (AOI211_X1)                                  0.1294     2.5338 r
  U1024/ZN (INV_X1)                                     0.0349     2.5688 f
  U1099/ZN (AOI21_X1)                                   0.0558     2.6246 r
  DP_i/F_ID_enable (DataPath)                           0.0000     2.6246 r
  DP_i/U3876/ZN (NAND2_X1)                              0.0415     2.6661 f
  DP_i/U3877/ZN (INV_X1)                                0.0310     2.6971 r
  DP_i/fetch_i_btb_i_U835/ZN (NAND3_X1)                 0.0418     2.7388 f
  DP_i/fetch_i_btb_i_U1199/ZN (AOI211_X1)               0.2017     2.9405 r
  DP_i/fetch_i_btb_i_U1200/ZN (NAND2_X1)                0.0835     3.0241 f
  DP_i/fetch_i_btb_i_U1204/ZN (INV_X1)                  0.0438     3.0678 r
  DP_i/fetch_i_btb_i_U1205/ZN (AOI21_X1)                0.0362     3.1040 f
  DP_i/fetch_i_btb_i_U1208/ZN (NOR2_X1)                 0.0480     3.1520 r
  DP_i/fetch_i_btb_i_clk_gate_btb_table_reg_1__TARGET_/EN (SNPS_CLOCK_GATE_HIGH_BTB_NBIT32_BTB_DEPTH16_BTB_INDEX_MSB5_30)
                                                        0.0000     3.1520 r
  DP_i/fetch_i_btb_i_clk_gate_btb_table_reg_1__TARGET_/latch/E (CLKGATETST_X1)
                                                        0.0091     3.1611 r
  data arrival time                                                3.1611

  clock CLK (rise edge)                                 4.0000     4.0000
  clock network delay (ideal)                           0.0500     4.0500
  clock uncertainty                                    -0.0500     4.0000
  DP_i/fetch_i_btb_i_clk_gate_btb_table_reg_1__TARGET_/latch/CK (CLKGATETST_X1)
                                                        0.0000     4.0000 r
  clock gating setup time                              -0.0747     3.9253
  data required time                                               3.9253
  --------------------------------------------------------------------------
  data required time                                               3.9253
  data arrival time                                               -3.1611
  --------------------------------------------------------------------------
  slack (MET)                                                      0.7643


  Startpoint: DP_i/mem_access_i_rd_out_reg_i_Y_reg_0_
              (rising edge-triggered flip-flop clocked by CLK)
  Endpoint: DP_i/fetch_i_btb_i_clk_gate_btb_table_reg_2__TARGET_/latch
            (gating element for clock CLK)
  Path Group: CLK
  Path Type: max

  Des/Clust/Port     Wire Load Model       Library
  ------------------------------------------------
  DLX                5K_hvratio_1_4        NangateOpenCellLibrary

  Point                                                   Incr       Path
  --------------------------------------------------------------------------
  clock CLK (rise edge)                                 0.0000     0.0000
  clock network delay (ideal)                           0.0500     0.0500
  DP_i/mem_access_i_rd_out_reg_i_Y_reg_0_/CK (DFF_X1)   0.0000     0.0500 r
  DP_i/mem_access_i_rd_out_reg_i_Y_reg_0_/Q (DFF_X1)    0.1163     0.1663 f
  DP_i/decode_i_reg_file_i/addr_w[0] (register_file)    0.0000     0.1663 f
  DP_i/decode_i_reg_file_i/U41/ZN (INV_X1)              0.0907     0.2570 r
  DP_i/decode_i_reg_file_i/U43/ZN (OAI22_X1)            0.0606     0.3176 f
  DP_i/decode_i_reg_file_i/U44/ZN (AOI221_X1)           0.0898     0.4074 r
  DP_i/decode_i_reg_file_i/U45/ZN (OAI21_X1)            0.0411     0.4485 f
  DP_i/decode_i_reg_file_i/U46/ZN (AOI211_X1)           0.0838     0.5323 r
  DP_i/decode_i_reg_file_i/U47/ZN (OAI221_X1)           0.0546     0.5869 f
  DP_i/decode_i_reg_file_i/U35/ZN (AOI221_X4)           0.1871     0.7740 r
  DP_i/decode_i_reg_file_i/U61/ZN (NOR2_X1)             0.0618     0.8358 f
  DP_i/decode_i_reg_file_i/U65/ZN (NAND2_X1)            0.0750     0.9109 r
  DP_i/decode_i_reg_file_i/U110/ZN (NOR2_X1)            0.0864     0.9973 f
  DP_i/decode_i_reg_file_i/U5/Z (CLKBUF_X1)             0.1976     1.1948 f
  DP_i/decode_i_reg_file_i/U1559/ZN (AOI22_X1)          0.1160     1.3109 r
  DP_i/decode_i_reg_file_i/U1561/ZN (NAND4_X1)          0.0482     1.3590 f
  DP_i/decode_i_reg_file_i/U1562/ZN (OR4_X1)            0.1292     1.4882 f
  DP_i/decode_i_reg_file_i/output1[1] (register_file)   0.0000     1.4882 f
  DP_i/U454/ZN (INV_X1)                                 0.0369     1.5251 r
  DP_i/U456/ZN (OAI221_X1)                              0.0488     1.5739 f
  DP_i/U457/ZN (OAI221_X1)                              0.0553     1.6292 r
  DP_i/U468/ZN (AOI21_X1)                               0.0530     1.6822 f
  DP_i/U469/ZN (OR2_X4)                                 0.1291     1.8113 f
  DP_i/U4709/ZN (NOR2_X1)                               0.1034     1.9148 r
  DP_i/rs2_live_3_ (DataPath)                           0.0000     1.9148 r
  U962/ZN (INV_X1)                                      0.0325     1.9472 f
  U964/ZN (AND2_X1)                                     0.0625     2.0098 f
  U968/ZN (AOI22_X1)                                    0.0832     2.0930 r
  U969/ZN (OAI21_X1)                                    0.0377     2.1307 f
  U970/ZN (AOI211_X1)                                   0.0810     2.2117 r
  U971/ZN (NOR2_X1)                                     0.0278     2.2394 f
  U980/Z (MUX2_X1)                                      0.0686     2.3080 f
  U994/ZN (OAI21_X1)                                    0.0587     2.3668 r
  U995/ZN (AOI221_X1)                                   0.0377     2.4044 f
  U1023/ZN (AOI211_X1)                                  0.1294     2.5338 r
  U1024/ZN (INV_X1)                                     0.0349     2.5688 f
  U1099/ZN (AOI21_X1)                                   0.0558     2.6246 r
  DP_i/F_ID_enable (DataPath)                           0.0000     2.6246 r
  DP_i/U3876/ZN (NAND2_X1)                              0.0415     2.6661 f
  DP_i/U3877/ZN (INV_X1)                                0.0310     2.6971 r
  DP_i/fetch_i_btb_i_U835/ZN (NAND3_X1)                 0.0418     2.7388 f
  DP_i/fetch_i_btb_i_U1199/ZN (AOI211_X1)               0.2017     2.9405 r
  DP_i/fetch_i_btb_i_U1200/ZN (NAND2_X1)                0.0835     3.0241 f
  DP_i/fetch_i_btb_i_U1204/ZN (INV_X1)                  0.0438     3.0678 r
  DP_i/fetch_i_btb_i_U1205/ZN (AOI21_X1)                0.0362     3.1040 f
  DP_i/fetch_i_btb_i_U1211/ZN (NOR2_X1)                 0.0480     3.1520 r
  DP_i/fetch_i_btb_i_clk_gate_btb_table_reg_2__TARGET_/EN (SNPS_CLOCK_GATE_HIGH_BTB_NBIT32_BTB_DEPTH16_BTB_INDEX_MSB5_28)
                                                        0.0000     3.1520 r
  DP_i/fetch_i_btb_i_clk_gate_btb_table_reg_2__TARGET_/latch/E (CLKGATETST_X1)
                                                        0.0091     3.1611 r
  data arrival time                                                3.1611

  clock CLK (rise edge)                                 4.0000     4.0000
  clock network delay (ideal)                           0.0500     4.0500
  clock uncertainty                                    -0.0500     4.0000
  DP_i/fetch_i_btb_i_clk_gate_btb_table_reg_2__TARGET_/latch/CK (CLKGATETST_X1)
                                                        0.0000     4.0000 r
  clock gating setup time                              -0.0742     3.9258
  data required time                                               3.9258
  --------------------------------------------------------------------------
  data required time                                               3.9258
  data arrival time                                               -3.1611
  --------------------------------------------------------------------------
  slack (MET)                                                      0.7648


  Startpoint: DP_i/mem_access_i_rd_out_reg_i_Y_reg_0_
              (rising edge-triggered flip-flop clocked by CLK)
  Endpoint: DP_i/fetch_i_btb_i_clk_gate_btb_table_reg_0__TARGET_/latch
            (gating element for clock CLK)
  Path Group: CLK
  Path Type: max

  Des/Clust/Port     Wire Load Model       Library
  ------------------------------------------------
  DLX                5K_hvratio_1_4        NangateOpenCellLibrary

  Point                                                   Incr       Path
  --------------------------------------------------------------------------
  clock CLK (rise edge)                                 0.0000     0.0000
  clock network delay (ideal)                           0.0500     0.0500
  DP_i/mem_access_i_rd_out_reg_i_Y_reg_0_/CK (DFF_X1)   0.0000     0.0500 r
  DP_i/mem_access_i_rd_out_reg_i_Y_reg_0_/Q (DFF_X1)    0.1163     0.1663 f
  DP_i/decode_i_reg_file_i/addr_w[0] (register_file)    0.0000     0.1663 f
  DP_i/decode_i_reg_file_i/U41/ZN (INV_X1)              0.0907     0.2570 r
  DP_i/decode_i_reg_file_i/U43/ZN (OAI22_X1)            0.0606     0.3176 f
  DP_i/decode_i_reg_file_i/U44/ZN (AOI221_X1)           0.0898     0.4074 r
  DP_i/decode_i_reg_file_i/U45/ZN (OAI21_X1)            0.0411     0.4485 f
  DP_i/decode_i_reg_file_i/U46/ZN (AOI211_X1)           0.0838     0.5323 r
  DP_i/decode_i_reg_file_i/U47/ZN (OAI221_X1)           0.0546     0.5869 f
  DP_i/decode_i_reg_file_i/U35/ZN (AOI221_X4)           0.1871     0.7740 r
  DP_i/decode_i_reg_file_i/U61/ZN (NOR2_X1)             0.0618     0.8358 f
  DP_i/decode_i_reg_file_i/U65/ZN (NAND2_X1)            0.0750     0.9109 r
  DP_i/decode_i_reg_file_i/U110/ZN (NOR2_X1)            0.0864     0.9973 f
  DP_i/decode_i_reg_file_i/U5/Z (CLKBUF_X1)             0.1976     1.1948 f
  DP_i/decode_i_reg_file_i/U1559/ZN (AOI22_X1)          0.1160     1.3109 r
  DP_i/decode_i_reg_file_i/U1561/ZN (NAND4_X1)          0.0482     1.3590 f
  DP_i/decode_i_reg_file_i/U1562/ZN (OR4_X1)            0.1292     1.4882 f
  DP_i/decode_i_reg_file_i/output1[1] (register_file)   0.0000     1.4882 f
  DP_i/U454/ZN (INV_X1)                                 0.0369     1.5251 r
  DP_i/U456/ZN (OAI221_X1)                              0.0488     1.5739 f
  DP_i/U457/ZN (OAI221_X1)                              0.0553     1.6292 r
  DP_i/U468/ZN (AOI21_X1)                               0.0530     1.6822 f
  DP_i/U469/ZN (OR2_X4)                                 0.1291     1.8113 f
  DP_i/U4709/ZN (NOR2_X1)                               0.1034     1.9148 r
  DP_i/rs2_live_3_ (DataPath)                           0.0000     1.9148 r
  U962/ZN (INV_X1)                                      0.0325     1.9472 f
  U964/ZN (AND2_X1)                                     0.0625     2.0098 f
  U968/ZN (AOI22_X1)                                    0.0832     2.0930 r
  U969/ZN (OAI21_X1)                                    0.0377     2.1307 f
  U970/ZN (AOI211_X1)                                   0.0810     2.2117 r
  U971/ZN (NOR2_X1)                                     0.0278     2.2394 f
  U980/Z (MUX2_X1)                                      0.0686     2.3080 f
  U994/ZN (OAI21_X1)                                    0.0587     2.3668 r
  U995/ZN (AOI221_X1)                                   0.0377     2.4044 f
  U1023/ZN (AOI211_X1)                                  0.1294     2.5338 r
  U1024/ZN (INV_X1)                                     0.0349     2.5688 f
  U1099/ZN (AOI21_X1)                                   0.0558     2.6246 r
  DP_i/F_ID_enable (DataPath)                           0.0000     2.6246 r
  DP_i/U3876/ZN (NAND2_X1)                              0.0415     2.6661 f
  DP_i/U3877/ZN (INV_X1)                                0.0310     2.6971 r
  DP_i/fetch_i_btb_i_U835/ZN (NAND3_X1)                 0.0418     2.7388 f
  DP_i/fetch_i_btb_i_U1199/ZN (AOI211_X1)               0.2017     2.9405 r
  DP_i/fetch_i_btb_i_U1200/ZN (NAND2_X1)                0.0835     3.0241 f
  DP_i/fetch_i_btb_i_U1204/ZN (INV_X1)                  0.0438     3.0678 r
  DP_i/fetch_i_btb_i_U1205/ZN (AOI21_X1)                0.0362     3.1040 f
  DP_i/fetch_i_btb_i_U1206/ZN (NOR2_X1)                 0.0480     3.1520 r
  DP_i/fetch_i_btb_i_clk_gate_btb_table_reg_0__TARGET_/EN (SNPS_CLOCK_GATE_HIGH_BTB_NBIT32_BTB_DEPTH16_BTB_INDEX_MSB5_32)
                                                        0.0000     3.1520 r
  DP_i/fetch_i_btb_i_clk_gate_btb_table_reg_0__TARGET_/latch/E (CLKGATETST_X1)
                                                        0.0091     3.1611 r
  data arrival time                                                3.1611

  clock CLK (rise edge)                                 4.0000     4.0000
  clock network delay (ideal)                           0.0500     4.0500
  clock uncertainty                                    -0.0500     4.0000
  DP_i/fetch_i_btb_i_clk_gate_btb_table_reg_0__TARGET_/latch/CK (CLKGATETST_X1)
                                                        0.0000     4.0000 r
  clock gating setup time                              -0.0742     3.9258
  data required time                                               3.9258
  --------------------------------------------------------------------------
  data required time                                               3.9258
  data arrival time                                               -3.1611
  --------------------------------------------------------------------------
  slack (MET)                                                      0.7648


  Startpoint: DP_i/mem_access_i_rd_out_reg_i_Y_reg_0_
              (rising edge-triggered flip-flop clocked by CLK)
  Endpoint: DP_i/fetch_i_btb_i_clk_gate_btb_table_reg_2__TARGET_/latch
            (gating element for clock CLK)
  Path Group: CLK
  Path Type: max

  Des/Clust/Port     Wire Load Model       Library
  ------------------------------------------------
  DLX                5K_hvratio_1_4        NangateOpenCellLibrary

  Point                                                   Incr       Path
  --------------------------------------------------------------------------
  clock CLK (rise edge)                                 0.0000     0.0000
  clock network delay (ideal)                           0.0500     0.0500
  DP_i/mem_access_i_rd_out_reg_i_Y_reg_0_/CK (DFF_X1)   0.0000     0.0500 r
  DP_i/mem_access_i_rd_out_reg_i_Y_reg_0_/Q (DFF_X1)    0.1163     0.1663 f
  DP_i/decode_i_reg_file_i/addr_w[0] (register_file)    0.0000     0.1663 f
  DP_i/decode_i_reg_file_i/U41/ZN (INV_X1)              0.0907     0.2570 r
  DP_i/decode_i_reg_file_i/U43/ZN (OAI22_X1)            0.0606     0.3176 f
  DP_i/decode_i_reg_file_i/U44/ZN (AOI221_X1)           0.0898     0.4074 r
  DP_i/decode_i_reg_file_i/U45/ZN (OAI21_X1)            0.0411     0.4485 f
  DP_i/decode_i_reg_file_i/U46/ZN (AOI211_X1)           0.0838     0.5323 r
  DP_i/decode_i_reg_file_i/U47/ZN (OAI221_X1)           0.0546     0.5869 f
  DP_i/decode_i_reg_file_i/U35/ZN (AOI221_X4)           0.1871     0.7740 r
  DP_i/decode_i_reg_file_i/U61/ZN (NOR2_X1)             0.0618     0.8358 f
  DP_i/decode_i_reg_file_i/U65/ZN (NAND2_X1)            0.0750     0.9109 r
  DP_i/decode_i_reg_file_i/U110/ZN (NOR2_X1)            0.0864     0.9973 f
  DP_i/decode_i_reg_file_i/U5/Z (CLKBUF_X1)             0.1976     1.1948 f
  DP_i/decode_i_reg_file_i/U1559/ZN (AOI22_X1)          0.1160     1.3109 r
  DP_i/decode_i_reg_file_i/U1561/ZN (NAND4_X1)          0.0482     1.3590 f
  DP_i/decode_i_reg_file_i/U1562/ZN (OR4_X1)            0.1292     1.4882 f
  DP_i/decode_i_reg_file_i/output1[1] (register_file)   0.0000     1.4882 f
  DP_i/U454/ZN (INV_X1)                                 0.0369     1.5251 r
  DP_i/U456/ZN (OAI221_X1)                              0.0488     1.5739 f
  DP_i/U457/ZN (OAI221_X1)                              0.0553     1.6292 r
  DP_i/U468/ZN (AOI21_X1)                               0.0530     1.6822 f
  DP_i/U469/ZN (OR2_X4)                                 0.1291     1.8113 f
  DP_i/U4709/ZN (NOR2_X1)                               0.1034     1.9148 r
  DP_i/rs2_live_3_ (DataPath)                           0.0000     1.9148 r
  U962/ZN (INV_X1)                                      0.0325     1.9472 f
  U964/ZN (AND2_X1)                                     0.0625     2.0098 f
  U968/ZN (AOI22_X1)                                    0.0832     2.0930 r
  U969/ZN (OAI21_X1)                                    0.0377     2.1307 f
  U970/ZN (AOI211_X1)                                   0.0810     2.2117 r
  U971/ZN (NOR2_X1)                                     0.0278     2.2394 f
  U980/Z (MUX2_X1)                                      0.0686     2.3080 f
  U994/ZN (OAI21_X1)                                    0.0587     2.3668 r
  U995/ZN (AOI221_X1)                                   0.0377     2.4044 f
  U1023/ZN (AOI211_X1)                                  0.1294     2.5338 r
  U1024/ZN (INV_X1)                                     0.0349     2.5688 f
  U1099/ZN (AOI21_X1)                                   0.0558     2.6246 r
  DP_i/F_ID_enable (DataPath)                           0.0000     2.6246 r
  DP_i/U3876/ZN (NAND2_X1)                              0.0415     2.6661 f
  DP_i/U3877/ZN (INV_X1)                                0.0310     2.6971 r
  DP_i/fetch_i_btb_i_U835/ZN (NAND3_X1)                 0.0418     2.7388 f
  DP_i/fetch_i_btb_i_U1199/ZN (AOI211_X1)               0.2017     2.9405 r
  DP_i/fetch_i_btb_i_U1200/ZN (NAND2_X1)                0.0835     3.0241 f
  DP_i/fetch_i_btb_i_U1204/ZN (INV_X1)                  0.0438     3.0678 r
  DP_i/fetch_i_btb_i_U1205/ZN (AOI21_X1)                0.0362     3.1040 f
  DP_i/fetch_i_btb_i_U1211/ZN (NOR2_X1)                 0.0480     3.1520 r
  DP_i/fetch_i_btb_i_clk_gate_btb_table_reg_2__TARGET_/EN (SNPS_CLOCK_GATE_HIGH_BTB_NBIT32_BTB_DEPTH16_BTB_INDEX_MSB5_28)
                                                        0.0000     3.1520 r
  DP_i/fetch_i_btb_i_clk_gate_btb_table_reg_2__TARGET_/latch/E (CLKGATETST_X1)
                                                        0.0091     3.1611 r
  data arrival time                                                3.1611

  clock CLK (rise edge)                                 4.0000     4.0000
  clock network delay (ideal)                           0.0500     4.0500
  clock uncertainty                                    -0.0500     4.0000
  DP_i/fetch_i_btb_i_clk_gate_btb_table_reg_2__TARGET_/latch/CK (CLKGATETST_X1)
                                                        0.0000     4.0000 r
  clock gating setup time                              -0.0742     3.9258
  data required time                                               3.9258
  --------------------------------------------------------------------------
  data required time                                               3.9258
  data arrival time                                               -3.1611
  --------------------------------------------------------------------------
  slack (MET)                                                      0.7648


  Startpoint: DP_i/mem_access_i_rd_out_reg_i_Y_reg_0_
              (rising edge-triggered flip-flop clocked by CLK)
  Endpoint: DP_i/fetch_i_btb_i_clk_gate_btb_table_reg_0__TARGET_/latch
            (gating element for clock CLK)
  Path Group: CLK
  Path Type: max

  Des/Clust/Port     Wire Load Model       Library
  ------------------------------------------------
  DLX                5K_hvratio_1_4        NangateOpenCellLibrary

  Point                                                   Incr       Path
  --------------------------------------------------------------------------
  clock CLK (rise edge)                                 0.0000     0.0000
  clock network delay (ideal)                           0.0500     0.0500
  DP_i/mem_access_i_rd_out_reg_i_Y_reg_0_/CK (DFF_X1)   0.0000     0.0500 r
  DP_i/mem_access_i_rd_out_reg_i_Y_reg_0_/Q (DFF_X1)    0.1163     0.1663 f
  DP_i/decode_i_reg_file_i/addr_w[0] (register_file)    0.0000     0.1663 f
  DP_i/decode_i_reg_file_i/U41/ZN (INV_X1)              0.0907     0.2570 r
  DP_i/decode_i_reg_file_i/U43/ZN (OAI22_X1)            0.0606     0.3176 f
  DP_i/decode_i_reg_file_i/U44/ZN (AOI221_X1)           0.0898     0.4074 r
  DP_i/decode_i_reg_file_i/U45/ZN (OAI21_X1)            0.0411     0.4485 f
  DP_i/decode_i_reg_file_i/U46/ZN (AOI211_X1)           0.0838     0.5323 r
  DP_i/decode_i_reg_file_i/U47/ZN (OAI221_X1)           0.0546     0.5869 f
  DP_i/decode_i_reg_file_i/U35/ZN (AOI221_X4)           0.1871     0.7740 r
  DP_i/decode_i_reg_file_i/U61/ZN (NOR2_X1)             0.0618     0.8358 f
  DP_i/decode_i_reg_file_i/U65/ZN (NAND2_X1)            0.0750     0.9109 r
  DP_i/decode_i_reg_file_i/U110/ZN (NOR2_X1)            0.0864     0.9973 f
  DP_i/decode_i_reg_file_i/U5/Z (CLKBUF_X1)             0.1976     1.1948 f
  DP_i/decode_i_reg_file_i/U1559/ZN (AOI22_X1)          0.1160     1.3109 r
  DP_i/decode_i_reg_file_i/U1561/ZN (NAND4_X1)          0.0482     1.3590 f
  DP_i/decode_i_reg_file_i/U1562/ZN (OR4_X1)            0.1292     1.4882 f
  DP_i/decode_i_reg_file_i/output1[1] (register_file)   0.0000     1.4882 f
  DP_i/U454/ZN (INV_X1)                                 0.0369     1.5251 r
  DP_i/U456/ZN (OAI221_X1)                              0.0488     1.5739 f
  DP_i/U457/ZN (OAI221_X1)                              0.0553     1.6292 r
  DP_i/U468/ZN (AOI21_X1)                               0.0530     1.6822 f
  DP_i/U469/ZN (OR2_X4)                                 0.1291     1.8113 f
  DP_i/U4709/ZN (NOR2_X1)                               0.1034     1.9148 r
  DP_i/rs2_live_3_ (DataPath)                           0.0000     1.9148 r
  U962/ZN (INV_X1)                                      0.0325     1.9472 f
  U964/ZN (AND2_X1)                                     0.0625     2.0098 f
  U968/ZN (AOI22_X1)                                    0.0832     2.0930 r
  U969/ZN (OAI21_X1)                                    0.0377     2.1307 f
  U970/ZN (AOI211_X1)                                   0.0810     2.2117 r
  U971/ZN (NOR2_X1)                                     0.0278     2.2394 f
  U980/Z (MUX2_X1)                                      0.0686     2.3080 f
  U994/ZN (OAI21_X1)                                    0.0587     2.3668 r
  U995/ZN (AOI221_X1)                                   0.0377     2.4044 f
  U1023/ZN (AOI211_X1)                                  0.1294     2.5338 r
  U1024/ZN (INV_X1)                                     0.0349     2.5688 f
  U1099/ZN (AOI21_X1)                                   0.0558     2.6246 r
  DP_i/F_ID_enable (DataPath)                           0.0000     2.6246 r
  DP_i/U3876/ZN (NAND2_X1)                              0.0415     2.6661 f
  DP_i/U3877/ZN (INV_X1)                                0.0310     2.6971 r
  DP_i/fetch_i_btb_i_U835/ZN (NAND3_X1)                 0.0418     2.7388 f
  DP_i/fetch_i_btb_i_U1199/ZN (AOI211_X1)               0.2017     2.9405 r
  DP_i/fetch_i_btb_i_U1200/ZN (NAND2_X1)                0.0835     3.0241 f
  DP_i/fetch_i_btb_i_U1204/ZN (INV_X1)                  0.0438     3.0678 r
  DP_i/fetch_i_btb_i_U1205/ZN (AOI21_X1)                0.0362     3.1040 f
  DP_i/fetch_i_btb_i_U1206/ZN (NOR2_X1)                 0.0480     3.1520 r
  DP_i/fetch_i_btb_i_clk_gate_btb_table_reg_0__TARGET_/EN (SNPS_CLOCK_GATE_HIGH_BTB_NBIT32_BTB_DEPTH16_BTB_INDEX_MSB5_32)
                                                        0.0000     3.1520 r
  DP_i/fetch_i_btb_i_clk_gate_btb_table_reg_0__TARGET_/latch/E (CLKGATETST_X1)
                                                        0.0091     3.1611 r
  data arrival time                                                3.1611

  clock CLK (rise edge)                                 4.0000     4.0000
  clock network delay (ideal)                           0.0500     4.0500
  clock uncertainty                                    -0.0500     4.0000
  DP_i/fetch_i_btb_i_clk_gate_btb_table_reg_0__TARGET_/latch/CK (CLKGATETST_X1)
                                                        0.0000     4.0000 r
  clock gating setup time                              -0.0742     3.9258
  data required time                                               3.9258
  --------------------------------------------------------------------------
  data required time                                               3.9258
  data arrival time                                               -3.1611
  --------------------------------------------------------------------------
  slack (MET)                                                      0.7648


  Startpoint: DRAM_READY (input port clocked by CLK)
  Endpoint: DP_i/decode_i_B_reg_i_Y_reg_3_
            (rising edge-triggered flip-flop clocked by CLK)
  Path Group: INPUTS
  Path Type: max

  Des/Clust/Port     Wire Load Model       Library
  ------------------------------------------------
  DLX                5K_hvratio_1_4        NangateOpenCellLibrary

  Point                                                   Incr       Path
  --------------------------------------------------------------------------
  clock CLK (rise edge)                                 0.0000     0.0000
  clock network delay (ideal)                           0.0500     0.0500
  input external delay                                  0.4000     0.4500 r
  DRAM_READY (in)                                       0.0014     0.4514 r
  U784/ZN (NOR2_X1)                                     0.0299     0.4813 f
  U844/ZN (INV_X1)                                      0.0722     0.5535 r
  DP_i/ID_EX_enable (DataPath)                          0.0000     0.5535 r
  DP_i/U2667/ZN (NAND3_X1)                              0.0748     0.6283 f
  DP_i/U2678/ZN (NOR4_X1)                               0.8872     1.5155 r
  DP_i/U2850/ZN (AOI22_X1)                              0.0800     1.5955 f
  DP_i/U2851/ZN (OAI211_X1)                             0.0772     1.6727 r
  DP_i/decode_i_B_reg_i_Y_reg_3_/D (DFF_X1)             0.0110     1.6837 r
  data arrival time                                                1.6837

  clock CLK (rise edge)                                 4.0000     4.0000
  clock network delay (ideal)                           0.0500     4.0500
  clock uncertainty                                    -0.0500     4.0000
  DP_i/decode_i_B_reg_i_Y_reg_3_/CK (DFF_X1)            0.0000     4.0000 r
  library setup time                                   -0.0335     3.9665
  data required time                                               3.9665
  --------------------------------------------------------------------------
  data required time                                               3.9665
  data arrival time                                               -1.6837
  --------------------------------------------------------------------------
  slack (MET)                                                      2.2828


  Startpoint: DRAM_READY (input port clocked by CLK)
  Endpoint: DP_i/decode_i_B_reg_i_Y_reg_3_
            (rising edge-triggered flip-flop clocked by CLK)
  Path Group: INPUTS
  Path Type: max

  Des/Clust/Port     Wire Load Model       Library
  ------------------------------------------------
  DLX                5K_hvratio_1_4        NangateOpenCellLibrary

  Point                                                   Incr       Path
  --------------------------------------------------------------------------
  clock CLK (rise edge)                                 0.0000     0.0000
  clock network delay (ideal)                           0.0500     0.0500
  input external delay                                  0.4000     0.4500 r
  DRAM_READY (in)                                       0.0014     0.4514 r
  U784/ZN (NOR2_X1)                                     0.0299     0.4813 f
  U844/ZN (INV_X1)                                      0.0722     0.5535 r
  DP_i/ID_EX_enable (DataPath)                          0.0000     0.5535 r
  DP_i/U2667/ZN (NAND3_X1)                              0.0748     0.6283 f
  DP_i/U2678/ZN (NOR4_X1)                               0.8872     1.5155 r
  DP_i/U2850/ZN (AOI22_X1)                              0.0800     1.5955 f
  DP_i/U2851/ZN (OAI211_X1)                             0.0754     1.6709 r
  DP_i/decode_i_B_reg_i_Y_reg_3_/D (DFF_X1)             0.0110     1.6819 r
  data arrival time                                                1.6819

  clock CLK (rise edge)                                 4.0000     4.0000
  clock network delay (ideal)                           0.0500     4.0500
  clock uncertainty                                    -0.0500     4.0000
  DP_i/decode_i_B_reg_i_Y_reg_3_/CK (DFF_X1)            0.0000     4.0000 r
  library setup time                                   -0.0335     3.9665
  data required time                                               3.9665
  --------------------------------------------------------------------------
  data required time                                               3.9665
  data arrival time                                               -1.6819
  --------------------------------------------------------------------------
  slack (MET)                                                      2.2846


  Startpoint: DRAM_READY (input port clocked by CLK)
  Endpoint: DP_i/decode_i_B_reg_i_Y_reg_2_
            (rising edge-triggered flip-flop clocked by CLK)
  Path Group: INPUTS
  Path Type: max

  Des/Clust/Port     Wire Load Model       Library
  ------------------------------------------------
  DLX                5K_hvratio_1_4        NangateOpenCellLibrary

  Point                                                   Incr       Path
  --------------------------------------------------------------------------
  clock CLK (rise edge)                                 0.0000     0.0000
  clock network delay (ideal)                           0.0500     0.0500
  input external delay                                  0.4000     0.4500 r
  DRAM_READY (in)                                       0.0014     0.4514 r
  U784/ZN (NOR2_X1)                                     0.0299     0.4813 f
  U844/ZN (INV_X1)                                      0.0722     0.5535 r
  DP_i/ID_EX_enable (DataPath)                          0.0000     0.5535 r
  DP_i/U2667/ZN (NAND3_X1)                              0.0748     0.6283 f
  DP_i/U2678/ZN (NOR4_X1)                               0.8872     1.5155 r
  DP_i/U2857/ZN (AOI22_X1)                              0.0805     1.5960 f
  DP_i/U2859/ZN (NAND4_X1)                              0.0720     1.6680 r
  DP_i/decode_i_B_reg_i_Y_reg_2_/D (DFF_X1)             0.0110     1.6790 r
  data arrival time                                                1.6790

  clock CLK (rise edge)                                 4.0000     4.0000
  clock network delay (ideal)                           0.0500     4.0500
  clock uncertainty                                    -0.0500     4.0000
  DP_i/decode_i_B_reg_i_Y_reg_2_/CK (DFF_X1)            0.0000     4.0000 r
  library setup time                                   -0.0325     3.9675
  data required time                                               3.9675
  --------------------------------------------------------------------------
  data required time                                               3.9675
  data arrival time                                               -1.6790
  --------------------------------------------------------------------------
  slack (MET)                                                      2.2885


  Startpoint: DRAM_READY (input port clocked by CLK)
  Endpoint: DP_i/decode_i_B_reg_i_Y_reg_2_
            (rising edge-triggered flip-flop clocked by CLK)
  Path Group: INPUTS
  Path Type: max

  Des/Clust/Port     Wire Load Model       Library
  ------------------------------------------------
  DLX                5K_hvratio_1_4        NangateOpenCellLibrary

  Point                                                   Incr       Path
  --------------------------------------------------------------------------
  clock CLK (rise edge)                                 0.0000     0.0000
  clock network delay (ideal)                           0.0500     0.0500
  input external delay                                  0.4000     0.4500 r
  DRAM_READY (in)                                       0.0014     0.4514 r
  U784/ZN (NOR2_X1)                                     0.0299     0.4813 f
  U844/ZN (INV_X1)                                      0.0722     0.5535 r
  DP_i/ID_EX_enable (DataPath)                          0.0000     0.5535 r
  DP_i/U2667/ZN (NAND3_X1)                              0.0748     0.6283 f
  DP_i/U2678/ZN (NOR4_X1)                               0.8872     1.5155 r
  DP_i/U2857/ZN (AOI22_X1)                              0.0688     1.5843 f
  DP_i/U2859/ZN (NAND4_X1)                              0.0720     1.6563 r
  DP_i/decode_i_B_reg_i_Y_reg_2_/D (DFF_X1)             0.0110     1.6673 r
  data arrival time                                                1.6673

  clock CLK (rise edge)                                 4.0000     4.0000
  clock network delay (ideal)                           0.0500     4.0500
  clock uncertainty                                    -0.0500     4.0000
  DP_i/decode_i_B_reg_i_Y_reg_2_/CK (DFF_X1)            0.0000     4.0000 r
  library setup time                                   -0.0325     3.9675
  data required time                                               3.9675
  --------------------------------------------------------------------------
  data required time                                               3.9675
  data arrival time                                               -1.6673
  --------------------------------------------------------------------------
  slack (MET)                                                      2.3002


  Startpoint: DRAM_READY (input port clocked by CLK)
  Endpoint: DP_i/decode_i_B_reg_i_Y_reg_4_
            (rising edge-triggered flip-flop clocked by CLK)
  Path Group: INPUTS
  Path Type: max

  Des/Clust/Port     Wire Load Model       Library
  ------------------------------------------------
  DLX                5K_hvratio_1_4        NangateOpenCellLibrary

  Point                                                   Incr       Path
  --------------------------------------------------------------------------
  clock CLK (rise edge)                                 0.0000     0.0000
  clock network delay (ideal)                           0.0500     0.0500
  input external delay                                  0.4000     0.4500 r
  DRAM_READY (in)                                       0.0014     0.4514 r
  U784/ZN (NOR2_X1)                                     0.0299     0.4813 f
  U844/ZN (INV_X1)                                      0.0722     0.5535 r
  DP_i/ID_EX_enable (DataPath)                          0.0000     0.5535 r
  DP_i/U2667/ZN (NAND3_X1)                              0.0748     0.6283 f
  DP_i/U2678/ZN (NOR4_X1)                               0.8872     1.5155 r
  DP_i/U2844/ZN (AOI22_X1)                              0.0412     1.5567 f
  DP_i/U2845/ZN (OAI211_X1)                             0.0702     1.6270 r
  DP_i/decode_i_B_reg_i_Y_reg_4_/D (DFF_X1)             0.0110     1.6379 r
  data arrival time                                                1.6379

  clock CLK (rise edge)                                 4.0000     4.0000
  clock network delay (ideal)                           0.0500     4.0500
  clock uncertainty                                    -0.0500     4.0000
  DP_i/decode_i_B_reg_i_Y_reg_4_/CK (DFF_X1)            0.0000     4.0000 r
  library setup time                                   -0.0323     3.9677
  data required time                                               3.9677
  --------------------------------------------------------------------------
  data required time                                               3.9677
  data arrival time                                               -1.6379
  --------------------------------------------------------------------------
  slack (MET)                                                      2.3297


  Startpoint: DRAM_READY (input port clocked by CLK)
  Endpoint: DP_i/decode_i_B_reg_i_Y_reg_6_
            (rising edge-triggered flip-flop clocked by CLK)
  Path Group: INPUTS
  Path Type: max

  Des/Clust/Port     Wire Load Model       Library
  ------------------------------------------------
  DLX                5K_hvratio_1_4        NangateOpenCellLibrary

  Point                                                   Incr       Path
  --------------------------------------------------------------------------
  clock CLK (rise edge)                                 0.0000     0.0000
  clock network delay (ideal)                           0.0500     0.0500
  input external delay                                  0.4000     0.4500 r
  DRAM_READY (in)                                       0.0014     0.4514 r
  U784/ZN (NOR2_X1)                                     0.0299     0.4813 f
  U844/ZN (INV_X1)                                      0.0722     0.5535 r
  DP_i/ID_EX_enable (DataPath)                          0.0000     0.5535 r
  DP_i/U2667/ZN (NAND3_X1)                              0.0748     0.6283 f
  DP_i/U2678/ZN (NOR4_X1)                               0.8872     1.5155 r
  DP_i/U2832/ZN (AOI22_X1)                              0.0412     1.5567 f
  DP_i/U2833/ZN (OAI211_X1)                             0.0702     1.6270 r
  DP_i/decode_i_B_reg_i_Y_reg_6_/D (DFF_X1)             0.0110     1.6379 r
  data arrival time                                                1.6379

  clock CLK (rise edge)                                 4.0000     4.0000
  clock network delay (ideal)                           0.0500     4.0500
  clock uncertainty                                    -0.0500     4.0000
  DP_i/decode_i_B_reg_i_Y_reg_6_/CK (DFF_X1)            0.0000     4.0000 r
  library setup time                                   -0.0323     3.9677
  data required time                                               3.9677
  --------------------------------------------------------------------------
  data required time                                               3.9677
  data arrival time                                               -1.6379
  --------------------------------------------------------------------------
  slack (MET)                                                      2.3297


  Startpoint: DRAM_READY (input port clocked by CLK)
  Endpoint: DP_i/decode_i_B_reg_i_Y_reg_5_
            (rising edge-triggered flip-flop clocked by CLK)
  Path Group: INPUTS
  Path Type: max

  Des/Clust/Port     Wire Load Model       Library
  ------------------------------------------------
  DLX                5K_hvratio_1_4        NangateOpenCellLibrary

  Point                                                   Incr       Path
  --------------------------------------------------------------------------
  clock CLK (rise edge)                                 0.0000     0.0000
  clock network delay (ideal)                           0.0500     0.0500
  input external delay                                  0.4000     0.4500 r
  DRAM_READY (in)                                       0.0014     0.4514 r
  U784/ZN (NOR2_X1)                                     0.0299     0.4813 f
  U844/ZN (INV_X1)                                      0.0722     0.5535 r
  DP_i/ID_EX_enable (DataPath)                          0.0000     0.5535 r
  DP_i/U2667/ZN (NAND3_X1)                              0.0748     0.6283 f
  DP_i/U2678/ZN (NOR4_X1)                               0.8872     1.5155 r
  DP_i/U2838/ZN (AOI22_X1)                              0.0412     1.5567 f
  DP_i/U2839/ZN (OAI211_X1)                             0.0702     1.6270 r
  DP_i/decode_i_B_reg_i_Y_reg_5_/D (DFF_X1)             0.0110     1.6379 r
  data arrival time                                                1.6379

  clock CLK (rise edge)                                 4.0000     4.0000
  clock network delay (ideal)                           0.0500     4.0500
  clock uncertainty                                    -0.0500     4.0000
  DP_i/decode_i_B_reg_i_Y_reg_5_/CK (DFF_X1)            0.0000     4.0000 r
  library setup time                                   -0.0323     3.9677
  data required time                                               3.9677
  --------------------------------------------------------------------------
  data required time                                               3.9677
  data arrival time                                               -1.6379
  --------------------------------------------------------------------------
  slack (MET)                                                      2.3297


  Startpoint: DRAM_READY (input port clocked by CLK)
  Endpoint: DP_i/decode_i_B_reg_i_Y_reg_10_
            (rising edge-triggered flip-flop clocked by CLK)
  Path Group: INPUTS
  Path Type: max

  Des/Clust/Port     Wire Load Model       Library
  ------------------------------------------------
  DLX                5K_hvratio_1_4        NangateOpenCellLibrary

  Point                                                   Incr       Path
  --------------------------------------------------------------------------
  clock CLK (rise edge)                                 0.0000     0.0000
  clock network delay (ideal)                           0.0500     0.0500
  input external delay                                  0.4000     0.4500 r
  DRAM_READY (in)                                       0.0014     0.4514 r
  U784/ZN (NOR2_X1)                                     0.0299     0.4813 f
  U844/ZN (INV_X1)                                      0.0722     0.5535 r
  DP_i/ID_EX_enable (DataPath)                          0.0000     0.5535 r
  DP_i/U2667/ZN (NAND3_X1)                              0.0748     0.6283 f
  DP_i/U2678/ZN (NOR4_X1)                               0.8872     1.5155 r
  DP_i/U2808/ZN (AOI22_X1)                              0.0412     1.5567 f
  DP_i/U2809/ZN (OAI211_X1)                             0.0702     1.6270 r
  DP_i/decode_i_B_reg_i_Y_reg_10_/D (DFF_X1)            0.0110     1.6379 r
  data arrival time                                                1.6379

  clock CLK (rise edge)                                 4.0000     4.0000
  clock network delay (ideal)                           0.0500     4.0500
  clock uncertainty                                    -0.0500     4.0000
  DP_i/decode_i_B_reg_i_Y_reg_10_/CK (DFF_X1)           0.0000     4.0000 r
  library setup time                                   -0.0323     3.9677
  data required time                                               3.9677
  --------------------------------------------------------------------------
  data required time                                               3.9677
  data arrival time                                               -1.6379
  --------------------------------------------------------------------------
  slack (MET)                                                      2.3297


  Startpoint: DRAM_READY (input port clocked by CLK)
  Endpoint: DP_i/decode_i_B_reg_i_Y_reg_7_
            (rising edge-triggered flip-flop clocked by CLK)
  Path Group: INPUTS
  Path Type: max

  Des/Clust/Port     Wire Load Model       Library
  ------------------------------------------------
  DLX                5K_hvratio_1_4        NangateOpenCellLibrary

  Point                                                   Incr       Path
  --------------------------------------------------------------------------
  clock CLK (rise edge)                                 0.0000     0.0000
  clock network delay (ideal)                           0.0500     0.0500
  input external delay                                  0.4000     0.4500 r
  DRAM_READY (in)                                       0.0014     0.4514 r
  U784/ZN (NOR2_X1)                                     0.0299     0.4813 f
  U844/ZN (INV_X1)                                      0.0722     0.5535 r
  DP_i/ID_EX_enable (DataPath)                          0.0000     0.5535 r
  DP_i/U2667/ZN (NAND3_X1)                              0.0748     0.6283 f
  DP_i/U2678/ZN (NOR4_X1)                               0.8872     1.5155 r
  DP_i/U2826/ZN (AOI22_X1)                              0.0412     1.5567 f
  DP_i/U2827/ZN (OAI211_X1)                             0.0702     1.6270 r
  DP_i/decode_i_B_reg_i_Y_reg_7_/D (DFF_X1)             0.0110     1.6379 r
  data arrival time                                                1.6379

  clock CLK (rise edge)                                 4.0000     4.0000
  clock network delay (ideal)                           0.0500     4.0500
  clock uncertainty                                    -0.0500     4.0000
  DP_i/decode_i_B_reg_i_Y_reg_7_/CK (DFF_X1)            0.0000     4.0000 r
  library setup time                                   -0.0323     3.9677
  data required time                                               3.9677
  --------------------------------------------------------------------------
  data required time                                               3.9677
  data arrival time                                               -1.6379
  --------------------------------------------------------------------------
  slack (MET)                                                      2.3297


  Startpoint: DRAM_READY (input port clocked by CLK)
  Endpoint: DP_i/decode_i_B_reg_i_Y_reg_11_
            (rising edge-triggered flip-flop clocked by CLK)
  Path Group: INPUTS
  Path Type: max

  Des/Clust/Port     Wire Load Model       Library
  ------------------------------------------------
  DLX                5K_hvratio_1_4        NangateOpenCellLibrary

  Point                                                   Incr       Path
  --------------------------------------------------------------------------
  clock CLK (rise edge)                                 0.0000     0.0000
  clock network delay (ideal)                           0.0500     0.0500
  input external delay                                  0.4000     0.4500 r
  DRAM_READY (in)                                       0.0014     0.4514 r
  U784/ZN (NOR2_X1)                                     0.0299     0.4813 f
  U844/ZN (INV_X1)                                      0.0722     0.5535 r
  DP_i/ID_EX_enable (DataPath)                          0.0000     0.5535 r
  DP_i/U2667/ZN (NAND3_X1)                              0.0748     0.6283 f
  DP_i/U2678/ZN (NOR4_X1)                               0.8872     1.5155 r
  DP_i/U2802/ZN (AOI22_X1)                              0.0412     1.5567 f
  DP_i/U2803/ZN (OAI211_X1)                             0.0702     1.6270 r
  DP_i/decode_i_B_reg_i_Y_reg_11_/D (DFF_X1)            0.0110     1.6379 r
  data arrival time                                                1.6379

  clock CLK (rise edge)                                 4.0000     4.0000
  clock network delay (ideal)                           0.0500     4.0500
  clock uncertainty                                    -0.0500     4.0000
  DP_i/decode_i_B_reg_i_Y_reg_11_/CK (DFF_X1)           0.0000     4.0000 r
  library setup time                                   -0.0323     3.9677
  data required time                                               3.9677
  --------------------------------------------------------------------------
  data required time                                               3.9677
  data arrival time                                               -1.6379
  --------------------------------------------------------------------------
  slack (MET)                                                      2.3297


  Startpoint: DP_i/mem_access_i_rd_out_reg_i_Y_reg_0_
              (rising edge-triggered flip-flop clocked by CLK)
  Endpoint: IRAM_ISSUE (output port clocked by CLK)
  Path Group: OUTPUTS
  Path Type: max

  Des/Clust/Port     Wire Load Model       Library
  ------------------------------------------------
  DLX                5K_hvratio_1_4        NangateOpenCellLibrary

  Point                                                   Incr       Path
  --------------------------------------------------------------------------
  clock CLK (rise edge)                                 0.0000     0.0000
  clock network delay (ideal)                           0.0500     0.0500
  DP_i/mem_access_i_rd_out_reg_i_Y_reg_0_/CK (DFF_X1)   0.0000     0.0500 r
  DP_i/mem_access_i_rd_out_reg_i_Y_reg_0_/Q (DFF_X1)    0.1163     0.1663 f
  DP_i/decode_i_reg_file_i/addr_w[0] (register_file)    0.0000     0.1663 f
  DP_i/decode_i_reg_file_i/U41/ZN (INV_X1)              0.0907     0.2570 r
  DP_i/decode_i_reg_file_i/U43/ZN (OAI22_X1)            0.0606     0.3176 f
  DP_i/decode_i_reg_file_i/U44/ZN (AOI221_X1)           0.0898     0.4074 r
  DP_i/decode_i_reg_file_i/U45/ZN (OAI21_X1)            0.0411     0.4485 f
  DP_i/decode_i_reg_file_i/U46/ZN (AOI211_X1)           0.0838     0.5323 r
  DP_i/decode_i_reg_file_i/U47/ZN (OAI221_X1)           0.0546     0.5869 f
  DP_i/decode_i_reg_file_i/U35/ZN (AOI221_X4)           0.1871     0.7740 r
  DP_i/decode_i_reg_file_i/U61/ZN (NOR2_X1)             0.0618     0.8358 f
  DP_i/decode_i_reg_file_i/U65/ZN (NAND2_X1)            0.0750     0.9109 r
  DP_i/decode_i_reg_file_i/U110/ZN (NOR2_X1)            0.0864     0.9973 f
  DP_i/decode_i_reg_file_i/U5/Z (CLKBUF_X1)             0.1976     1.1948 f
  DP_i/decode_i_reg_file_i/U1559/ZN (AOI22_X1)          0.1160     1.3109 r
  DP_i/decode_i_reg_file_i/U1561/ZN (NAND4_X1)          0.0482     1.3590 f
  DP_i/decode_i_reg_file_i/U1562/ZN (OR4_X1)            0.1292     1.4882 f
  DP_i/decode_i_reg_file_i/output1[1] (register_file)   0.0000     1.4882 f
  DP_i/U454/ZN (INV_X1)                                 0.0369     1.5251 r
  DP_i/U456/ZN (OAI221_X1)                              0.0488     1.5739 f
  DP_i/U457/ZN (OAI221_X1)                              0.0553     1.6292 r
  DP_i/U468/ZN (AOI21_X1)                               0.0530     1.6822 f
  DP_i/U469/ZN (OR2_X4)                                 0.1291     1.8113 f
  DP_i/U4709/ZN (NOR2_X1)                               0.1034     1.9148 r
  DP_i/rs2_live_3_ (DataPath)                           0.0000     1.9148 r
  U962/ZN (INV_X1)                                      0.0325     1.9472 f
  U964/ZN (AND2_X1)                                     0.0625     2.0098 f
  U968/ZN (AOI22_X1)                                    0.0832     2.0930 r
  U969/ZN (OAI21_X1)                                    0.0377     2.1307 f
  U970/ZN (AOI211_X1)                                   0.0810     2.2117 r
  U971/ZN (NOR2_X1)                                     0.0278     2.2394 f
  U980/Z (MUX2_X1)                                      0.0686     2.3080 f
  U994/ZN (OAI21_X1)                                    0.0587     2.3668 r
  U995/ZN (AOI221_X1)                                   0.0377     2.4044 f
  U1023/ZN (AOI211_X1)                                  0.1294     2.5338 r
  U1024/ZN (INV_X1)                                     0.0349     2.5688 f
  U1099/ZN (AOI21_X1)                                   0.0558     2.6246 r
  IRAM_ISSUE (out)                                      0.0041     2.6287 r
  data arrival time                                                2.6287

  clock CLK (rise edge)                                 4.0000     4.0000
  clock network delay (ideal)                           0.0500     4.0500
  clock uncertainty                                    -0.0500     4.0000
  output external delay                                -0.4000     3.6000
  data required time                                               3.6000
  --------------------------------------------------------------------------
  data required time                                               3.6000
  data arrival time                                               -2.6287
  --------------------------------------------------------------------------
  slack (MET)                                                      0.9713


  Startpoint: DP_i/mem_access_i_rd_out_reg_i_Y_reg_0_
              (rising edge-triggered flip-flop clocked by CLK)
  Endpoint: IRAM_ISSUE (output port clocked by CLK)
  Path Group: OUTPUTS
  Path Type: max

  Des/Clust/Port     Wire Load Model       Library
  ------------------------------------------------
  DLX                5K_hvratio_1_4        NangateOpenCellLibrary

  Point                                                   Incr       Path
  --------------------------------------------------------------------------
  clock CLK (rise edge)                                 0.0000     0.0000
  clock network delay (ideal)                           0.0500     0.0500
  DP_i/mem_access_i_rd_out_reg_i_Y_reg_0_/CK (DFF_X1)   0.0000     0.0500 r
  DP_i/mem_access_i_rd_out_reg_i_Y_reg_0_/Q (DFF_X1)    0.1163     0.1663 f
  DP_i/decode_i_reg_file_i/addr_w[0] (register_file)    0.0000     0.1663 f
  DP_i/decode_i_reg_file_i/U41/ZN (INV_X1)              0.0907     0.2570 r
  DP_i/decode_i_reg_file_i/U43/ZN (OAI22_X1)            0.0606     0.3176 f
  DP_i/decode_i_reg_file_i/U44/ZN (AOI221_X1)           0.0898     0.4074 r
  DP_i/decode_i_reg_file_i/U45/ZN (OAI21_X1)            0.0411     0.4485 f
  DP_i/decode_i_reg_file_i/U46/ZN (AOI211_X1)           0.0838     0.5323 r
  DP_i/decode_i_reg_file_i/U47/ZN (OAI221_X1)           0.0546     0.5869 f
  DP_i/decode_i_reg_file_i/U35/ZN (AOI221_X4)           0.1871     0.7740 r
  DP_i/decode_i_reg_file_i/U61/ZN (NOR2_X1)             0.0618     0.8358 f
  DP_i/decode_i_reg_file_i/U65/ZN (NAND2_X1)            0.0750     0.9109 r
  DP_i/decode_i_reg_file_i/U110/ZN (NOR2_X1)            0.0864     0.9973 f
  DP_i/decode_i_reg_file_i/U5/Z (CLKBUF_X1)             0.1976     1.1948 f
  DP_i/decode_i_reg_file_i/U1559/ZN (AOI22_X1)          0.1160     1.3109 r
  DP_i/decode_i_reg_file_i/U1561/ZN (NAND4_X1)          0.0482     1.3590 f
  DP_i/decode_i_reg_file_i/U1562/ZN (OR4_X1)            0.1292     1.4882 f
  DP_i/decode_i_reg_file_i/output1[1] (register_file)   0.0000     1.4882 f
  DP_i/U454/ZN (INV_X1)                                 0.0369     1.5251 r
  DP_i/U456/ZN (OAI221_X1)                              0.0488     1.5739 f
  DP_i/U457/ZN (OAI221_X1)                              0.0553     1.6292 r
  DP_i/U468/ZN (AOI21_X1)                               0.0530     1.6822 f
  DP_i/U469/ZN (OR2_X4)                                 0.1291     1.8113 f
  DP_i/U4709/ZN (NOR2_X1)                               0.1034     1.9148 r
  DP_i/rs2_live_3_ (DataPath)                           0.0000     1.9148 r
  U962/ZN (INV_X1)                                      0.0325     1.9472 f
  U964/ZN (AND2_X1)                                     0.0625     2.0098 f
  U968/ZN (AOI22_X1)                                    0.0832     2.0930 r
  U969/ZN (OAI21_X1)                                    0.0377     2.1307 f
  U970/ZN (AOI211_X1)                                   0.0810     2.2117 r
  U971/ZN (NOR2_X1)                                     0.0278     2.2394 f
  U980/Z (MUX2_X1)                                      0.0686     2.3080 f
  U994/ZN (OAI21_X1)                                    0.0587     2.3668 r
  U995/ZN (AOI221_X1)                                   0.0377     2.4044 f
  U1023/ZN (AOI211_X1)                                  0.1294     2.5338 r
  U1024/ZN (INV_X1)                                     0.0349     2.5688 f
  U1099/ZN (AOI21_X1)                                   0.0558     2.6246 r
  IRAM_ISSUE (out)                                      0.0041     2.6287 r
  data arrival time                                                2.6287

  clock CLK (rise edge)                                 4.0000     4.0000
  clock network delay (ideal)                           0.0500     4.0500
  clock uncertainty                                    -0.0500     4.0000
  output external delay                                -0.4000     3.6000
  data required time                                               3.6000
  --------------------------------------------------------------------------
  data required time                                               3.6000
  data arrival time                                               -2.6287
  --------------------------------------------------------------------------
  slack (MET)                                                      0.9713


  Startpoint: DP_i/mem_access_i_rd_out_reg_i_Y_reg_2_
              (rising edge-triggered flip-flop clocked by CLK)
  Endpoint: DRAM_DATA[31]
            (output port clocked by CLK)
  Path Group: OUTPUTS
  Path Type: max

  Des/Clust/Port     Wire Load Model       Library
  ------------------------------------------------
  DLX                5K_hvratio_1_4        NangateOpenCellLibrary

  Point                                                   Incr       Path
  --------------------------------------------------------------------------
  clock CLK (rise edge)                                 0.0000     0.0000
  clock network delay (ideal)                           0.0500     0.0500
  DP_i/mem_access_i_rd_out_reg_i_Y_reg_2_/CK (DFF_X1)   0.0000     0.0500 r
  DP_i/mem_access_i_rd_out_reg_i_Y_reg_2_/Q (DFF_X1)    0.1662     0.2162 r
  DP_i/rd_mem_w[2] (DataPath)                           0.0000     0.2162 r
  U1082/ZN (INV_X1)                                     0.0521     0.2683 f
  U1083/ZN (AOI22_X1)                                   0.0615     0.3299 r
  U1084/ZN (OAI221_X1)                                  0.0507     0.3806 f
  U1085/ZN (NOR3_X1)                                    0.1159     0.4966 r
  DP_i/fw_mem_mem (DataPath)                            0.0000     0.4966 r
  DP_i/U246/ZN (INV_X1)                                 0.0807     0.5772 f
  DP_i/U202/ZN (NOR2_X2)                                0.1843     0.7615 r
  DP_i/U314/ZN (AOI22_X1)                               0.0686     0.8302 f
  DP_i/U315/ZN (INV_X1)                                 0.0365     0.8667 r
  DP_i/D_RAM_write_data[31] (DataPath)                  0.0000     0.8667 r
  U834/ZN (AND2_X1)                                     0.0436     0.9102 r
  DRAM_DATA_tri_31_/Z (TBUF_X1)                         0.0591     0.9693 r
  DRAM_DATA[31] (inout)                                 0.0048     0.9741 r
  data arrival time                                                0.9741

  clock CLK (rise edge)                                 4.0000     4.0000
  clock network delay (ideal)                           0.0500     4.0500
  clock uncertainty                                    -0.0500     4.0000
  output external delay                                -0.4000     3.6000
  data required time                                               3.6000
  --------------------------------------------------------------------------
  data required time                                               3.6000
  data arrival time                                               -0.9741
  --------------------------------------------------------------------------
  slack (MET)                                                      2.6259


  Startpoint: DP_i/mem_access_i_rd_out_reg_i_Y_reg_2_
              (rising edge-triggered flip-flop clocked by CLK)
  Endpoint: DRAM_DATA[31]
            (output port clocked by CLK)
  Path Group: OUTPUTS
  Path Type: max

  Des/Clust/Port     Wire Load Model       Library
  ------------------------------------------------
  DLX                5K_hvratio_1_4        NangateOpenCellLibrary

  Point                                                   Incr       Path
  --------------------------------------------------------------------------
  clock CLK (rise edge)                                 0.0000     0.0000
  clock network delay (ideal)                           0.0500     0.0500
  DP_i/mem_access_i_rd_out_reg_i_Y_reg_2_/CK (DFF_X1)   0.0000     0.0500 r
  DP_i/mem_access_i_rd_out_reg_i_Y_reg_2_/Q (DFF_X1)    0.1662     0.2162 r
  DP_i/rd_mem_w[2] (DataPath)                           0.0000     0.2162 r
  U1082/ZN (INV_X1)                                     0.0521     0.2683 f
  U1083/ZN (AOI22_X1)                                   0.0615     0.3299 r
  U1084/ZN (OAI221_X1)                                  0.0507     0.3806 f
  U1085/ZN (NOR3_X1)                                    0.1159     0.4966 r
  DP_i/fw_mem_mem (DataPath)                            0.0000     0.4966 r
  DP_i/U246/ZN (INV_X1)                                 0.0807     0.5772 f
  DP_i/U202/ZN (NOR2_X2)                                0.1843     0.7615 r
  DP_i/U314/ZN (AOI22_X1)                               0.0683     0.8298 f
  DP_i/U315/ZN (INV_X1)                                 0.0365     0.8663 r
  DP_i/D_RAM_write_data[31] (DataPath)                  0.0000     0.8663 r
  U834/ZN (AND2_X1)                                     0.0436     0.9099 r
  DRAM_DATA_tri_31_/Z (TBUF_X1)                         0.0591     0.9690 r
  DRAM_DATA[31] (inout)                                 0.0048     0.9738 r
  data arrival time                                                0.9738

  clock CLK (rise edge)                                 4.0000     4.0000
  clock network delay (ideal)                           0.0500     4.0500
  clock uncertainty                                    -0.0500     4.0000
  output external delay                                -0.4000     3.6000
  data required time                                               3.6000
  --------------------------------------------------------------------------
  data required time                                               3.6000
  data arrival time                                               -0.9738
  --------------------------------------------------------------------------
  slack (MET)                                                      2.6262


  Startpoint: DP_i/mem_access_i_rd_out_reg_i_Y_reg_2_
              (rising edge-triggered flip-flop clocked by CLK)
  Endpoint: DRAM_DATA[30]
            (output port clocked by CLK)
  Path Group: OUTPUTS
  Path Type: max

  Des/Clust/Port     Wire Load Model       Library
  ------------------------------------------------
  DLX                5K_hvratio_1_4        NangateOpenCellLibrary

  Point                                                   Incr       Path
  --------------------------------------------------------------------------
  clock CLK (rise edge)                                 0.0000     0.0000
  clock network delay (ideal)                           0.0500     0.0500
  DP_i/mem_access_i_rd_out_reg_i_Y_reg_2_/CK (DFF_X1)   0.0000     0.0500 r
  DP_i/mem_access_i_rd_out_reg_i_Y_reg_2_/Q (DFF_X1)    0.1662     0.2162 r
  DP_i/rd_mem_w[2] (DataPath)                           0.0000     0.2162 r
  U1082/ZN (INV_X1)                                     0.0521     0.2683 f
  U1083/ZN (AOI22_X1)                                   0.0615     0.3299 r
  U1084/ZN (OAI221_X1)                                  0.0507     0.3806 f
  U1085/ZN (NOR3_X1)                                    0.1159     0.4966 r
  DP_i/fw_mem_mem (DataPath)                            0.0000     0.4966 r
  DP_i/U246/ZN (INV_X1)                                 0.0807     0.5772 f
  DP_i/U202/ZN (NOR2_X2)                                0.1843     0.7615 r
  DP_i/U302/ZN (AOI22_X1)                               0.0686     0.8302 f
  DP_i/U303/ZN (INV_X1)                                 0.0354     0.8656 r
  DP_i/D_RAM_write_data[30] (DataPath)                  0.0000     0.8656 r
  U828/ZN (AND2_X1)                                     0.0434     0.9090 r
  DRAM_DATA_tri_30_/Z (TBUF_X1)                         0.0597     0.9687 r
  DRAM_DATA[30] (inout)                                 0.0048     0.9735 r
  data arrival time                                                0.9735

  clock CLK (rise edge)                                 4.0000     4.0000
  clock network delay (ideal)                           0.0500     4.0500
  clock uncertainty                                    -0.0500     4.0000
  output external delay                                -0.4000     3.6000
  data required time                                               3.6000
  --------------------------------------------------------------------------
  data required time                                               3.6000
  data arrival time                                               -0.9735
  --------------------------------------------------------------------------
  slack (MET)                                                      2.6265


  Startpoint: DP_i/mem_access_i_rd_out_reg_i_Y_reg_2_
              (rising edge-triggered flip-flop clocked by CLK)
  Endpoint: DRAM_DATA[24]
            (output port clocked by CLK)
  Path Group: OUTPUTS
  Path Type: max

  Des/Clust/Port     Wire Load Model       Library
  ------------------------------------------------
  DLX                5K_hvratio_1_4        NangateOpenCellLibrary

  Point                                                   Incr       Path
  --------------------------------------------------------------------------
  clock CLK (rise edge)                                 0.0000     0.0000
  clock network delay (ideal)                           0.0500     0.0500
  DP_i/mem_access_i_rd_out_reg_i_Y_reg_2_/CK (DFF_X1)   0.0000     0.0500 r
  DP_i/mem_access_i_rd_out_reg_i_Y_reg_2_/Q (DFF_X1)    0.1662     0.2162 r
  DP_i/rd_mem_w[2] (DataPath)                           0.0000     0.2162 r
  U1082/ZN (INV_X1)                                     0.0521     0.2683 f
  U1083/ZN (AOI22_X1)                                   0.0615     0.3299 r
  U1084/ZN (OAI221_X1)                                  0.0507     0.3806 f
  U1085/ZN (NOR3_X1)                                    0.1159     0.4966 r
  DP_i/fw_mem_mem (DataPath)                            0.0000     0.4966 r
  DP_i/U246/ZN (INV_X1)                                 0.0807     0.5772 f
  DP_i/U202/ZN (NOR2_X2)                                0.1843     0.7615 r
  DP_i/U310/ZN (AOI22_X1)                               0.0686     0.8302 f
  DP_i/U311/ZN (INV_X1)                                 0.0354     0.8656 r
  DP_i/D_RAM_write_data[24] (DataPath)                  0.0000     0.8656 r
  U832/ZN (AND2_X1)                                     0.0434     0.9090 r
  DRAM_DATA_tri_24_/Z (TBUF_X1)                         0.0597     0.9687 r
  DRAM_DATA[24] (inout)                                 0.0048     0.9735 r
  data arrival time                                                0.9735

  clock CLK (rise edge)                                 4.0000     4.0000
  clock network delay (ideal)                           0.0500     4.0500
  clock uncertainty                                    -0.0500     4.0000
  output external delay                                -0.4000     3.6000
  data required time                                               3.6000
  --------------------------------------------------------------------------
  data required time                                               3.6000
  data arrival time                                               -0.9735
  --------------------------------------------------------------------------
  slack (MET)                                                      2.6265


  Startpoint: DP_i/mem_access_i_rd_out_reg_i_Y_reg_2_
              (rising edge-triggered flip-flop clocked by CLK)
  Endpoint: DRAM_DATA[27]
            (output port clocked by CLK)
  Path Group: OUTPUTS
  Path Type: max

  Des/Clust/Port     Wire Load Model       Library
  ------------------------------------------------
  DLX                5K_hvratio_1_4        NangateOpenCellLibrary

  Point                                                   Incr       Path
  --------------------------------------------------------------------------
  clock CLK (rise edge)                                 0.0000     0.0000
  clock network delay (ideal)                           0.0500     0.0500
  DP_i/mem_access_i_rd_out_reg_i_Y_reg_2_/CK (DFF_X1)   0.0000     0.0500 r
  DP_i/mem_access_i_rd_out_reg_i_Y_reg_2_/Q (DFF_X1)    0.1662     0.2162 r
  DP_i/rd_mem_w[2] (DataPath)                           0.0000     0.2162 r
  U1082/ZN (INV_X1)                                     0.0521     0.2683 f
  U1083/ZN (AOI22_X1)                                   0.0615     0.3299 r
  U1084/ZN (OAI221_X1)                                  0.0507     0.3806 f
  U1085/ZN (NOR3_X1)                                    0.1159     0.4966 r
  DP_i/fw_mem_mem (DataPath)                            0.0000     0.4966 r
  DP_i/U246/ZN (INV_X1)                                 0.0807     0.5772 f
  DP_i/U202/ZN (NOR2_X2)                                0.1843     0.7615 r
  DP_i/U304/ZN (AOI22_X1)                               0.0686     0.8302 f
  DP_i/U305/ZN (INV_X1)                                 0.0354     0.8656 r
  DP_i/D_RAM_write_data[27] (DataPath)                  0.0000     0.8656 r
  U829/ZN (AND2_X1)                                     0.0434     0.9090 r
  DRAM_DATA_tri_27_/Z (TBUF_X1)                         0.0597     0.9687 r
  DRAM_DATA[27] (inout)                                 0.0048     0.9735 r
  data arrival time                                                0.9735

  clock CLK (rise edge)                                 4.0000     4.0000
  clock network delay (ideal)                           0.0500     4.0500
  clock uncertainty                                    -0.0500     4.0000
  output external delay                                -0.4000     3.6000
  data required time                                               3.6000
  --------------------------------------------------------------------------
  data required time                                               3.6000
  data arrival time                                               -0.9735
  --------------------------------------------------------------------------
  slack (MET)                                                      2.6265


  Startpoint: DP_i/mem_access_i_rd_out_reg_i_Y_reg_2_
              (rising edge-triggered flip-flop clocked by CLK)
  Endpoint: DRAM_DATA[26]
            (output port clocked by CLK)
  Path Group: OUTPUTS
  Path Type: max

  Des/Clust/Port     Wire Load Model       Library
  ------------------------------------------------
  DLX                5K_hvratio_1_4        NangateOpenCellLibrary

  Point                                                   Incr       Path
  --------------------------------------------------------------------------
  clock CLK (rise edge)                                 0.0000     0.0000
  clock network delay (ideal)                           0.0500     0.0500
  DP_i/mem_access_i_rd_out_reg_i_Y_reg_2_/CK (DFF_X1)   0.0000     0.0500 r
  DP_i/mem_access_i_rd_out_reg_i_Y_reg_2_/Q (DFF_X1)    0.1662     0.2162 r
  DP_i/rd_mem_w[2] (DataPath)                           0.0000     0.2162 r
  U1082/ZN (INV_X1)                                     0.0521     0.2683 f
  U1083/ZN (AOI22_X1)                                   0.0615     0.3299 r
  U1084/ZN (OAI221_X1)                                  0.0507     0.3806 f
  U1085/ZN (NOR3_X1)                                    0.1159     0.4966 r
  DP_i/fw_mem_mem (DataPath)                            0.0000     0.4966 r
  DP_i/U246/ZN (INV_X1)                                 0.0807     0.5772 f
  DP_i/U202/ZN (NOR2_X2)                                0.1843     0.7615 r
  DP_i/U306/ZN (AOI22_X1)                               0.0686     0.8302 f
  DP_i/U307/ZN (INV_X1)                                 0.0354     0.8656 r
  DP_i/D_RAM_write_data[26] (DataPath)                  0.0000     0.8656 r
  U830/ZN (AND2_X1)                                     0.0434     0.9090 r
  DRAM_DATA_tri_26_/Z (TBUF_X1)                         0.0597     0.9687 r
  DRAM_DATA[26] (inout)                                 0.0048     0.9735 r
  data arrival time                                                0.9735

  clock CLK (rise edge)                                 4.0000     4.0000
  clock network delay (ideal)                           0.0500     4.0500
  clock uncertainty                                    -0.0500     4.0000
  output external delay                                -0.4000     3.6000
  data required time                                               3.6000
  --------------------------------------------------------------------------
  data required time                                               3.6000
  data arrival time                                               -0.9735
  --------------------------------------------------------------------------
  slack (MET)                                                      2.6265


  Startpoint: DP_i/mem_access_i_rd_out_reg_i_Y_reg_2_
              (rising edge-triggered flip-flop clocked by CLK)
  Endpoint: DRAM_DATA[29]
            (output port clocked by CLK)
  Path Group: OUTPUTS
  Path Type: max

  Des/Clust/Port     Wire Load Model       Library
  ------------------------------------------------
  DLX                5K_hvratio_1_4        NangateOpenCellLibrary

  Point                                                   Incr       Path
  --------------------------------------------------------------------------
  clock CLK (rise edge)                                 0.0000     0.0000
  clock network delay (ideal)                           0.0500     0.0500
  DP_i/mem_access_i_rd_out_reg_i_Y_reg_2_/CK (DFF_X1)   0.0000     0.0500 r
  DP_i/mem_access_i_rd_out_reg_i_Y_reg_2_/Q (DFF_X1)    0.1662     0.2162 r
  DP_i/rd_mem_w[2] (DataPath)                           0.0000     0.2162 r
  U1082/ZN (INV_X1)                                     0.0521     0.2683 f
  U1083/ZN (AOI22_X1)                                   0.0615     0.3299 r
  U1084/ZN (OAI221_X1)                                  0.0507     0.3806 f
  U1085/ZN (NOR3_X1)                                    0.1159     0.4966 r
  DP_i/fw_mem_mem (DataPath)                            0.0000     0.4966 r
  DP_i/U246/ZN (INV_X1)                                 0.0807     0.5772 f
  DP_i/U202/ZN (NOR2_X2)                                0.1843     0.7615 r
  DP_i/U300/ZN (AOI22_X1)                               0.0686     0.8302 f
  DP_i/U301/ZN (INV_X1)                                 0.0354     0.8656 r
  DP_i/D_RAM_write_data[29] (DataPath)                  0.0000     0.8656 r
  U827/ZN (AND2_X1)                                     0.0434     0.9089 r
  DRAM_DATA_tri_29_/Z (TBUF_X1)                         0.0597     0.9687 r
  DRAM_DATA[29] (inout)                                 0.0048     0.9735 r
  data arrival time                                                0.9735

  clock CLK (rise edge)                                 4.0000     4.0000
  clock network delay (ideal)                           0.0500     4.0500
  clock uncertainty                                    -0.0500     4.0000
  output external delay                                -0.4000     3.6000
  data required time                                               3.6000
  --------------------------------------------------------------------------
  data required time                                               3.6000
  data arrival time                                               -0.9735
  --------------------------------------------------------------------------
  slack (MET)                                                      2.6265


  Startpoint: DP_i/mem_access_i_rd_out_reg_i_Y_reg_2_
              (rising edge-triggered flip-flop clocked by CLK)
  Endpoint: DRAM_DATA[25]
            (output port clocked by CLK)
  Path Group: OUTPUTS
  Path Type: max

  Des/Clust/Port     Wire Load Model       Library
  ------------------------------------------------
  DLX                5K_hvratio_1_4        NangateOpenCellLibrary

  Point                                                   Incr       Path
  --------------------------------------------------------------------------
  clock CLK (rise edge)                                 0.0000     0.0000
  clock network delay (ideal)                           0.0500     0.0500
  DP_i/mem_access_i_rd_out_reg_i_Y_reg_2_/CK (DFF_X1)   0.0000     0.0500 r
  DP_i/mem_access_i_rd_out_reg_i_Y_reg_2_/Q (DFF_X1)    0.1662     0.2162 r
  DP_i/rd_mem_w[2] (DataPath)                           0.0000     0.2162 r
  U1082/ZN (INV_X1)                                     0.0521     0.2683 f
  U1083/ZN (AOI22_X1)                                   0.0615     0.3299 r
  U1084/ZN (OAI221_X1)                                  0.0507     0.3806 f
  U1085/ZN (NOR3_X1)                                    0.1159     0.4966 r
  DP_i/fw_mem_mem (DataPath)                            0.0000     0.4966 r
  DP_i/U246/ZN (INV_X1)                                 0.0807     0.5772 f
  DP_i/U202/ZN (NOR2_X2)                                0.1843     0.7615 r
  DP_i/U312/ZN (AOI22_X1)                               0.0686     0.8302 f
  DP_i/U313/ZN (INV_X1)                                 0.0354     0.8656 r
  DP_i/D_RAM_write_data[25] (DataPath)                  0.0000     0.8656 r
  U833/ZN (AND2_X1)                                     0.0434     0.9089 r
  DRAM_DATA_tri_25_/Z (TBUF_X1)                         0.0597     0.9687 r
  DRAM_DATA[25] (inout)                                 0.0048     0.9735 r
  data arrival time                                                0.9735

  clock CLK (rise edge)                                 4.0000     4.0000
  clock network delay (ideal)                           0.0500     4.0500
  clock uncertainty                                    -0.0500     4.0000
  output external delay                                -0.4000     3.6000
  data required time                                               3.6000
  --------------------------------------------------------------------------
  data required time                                               3.6000
  data arrival time                                               -0.9735
  --------------------------------------------------------------------------
  slack (MET)                                                      2.6265


  Startpoint: DP_i/execute_i_rd_out_reg_i_Y_reg_0_
              (rising edge-triggered flip-flop clocked by CLK)
  Endpoint: DP_i/execute_i_zero_alu_bit_Y_reg
            (rising edge-triggered flip-flop clocked by CLK)
  Path Group: REG2REG
  Path Type: max

  Des/Clust/Port     Wire Load Model       Library
  ------------------------------------------------
  DLX                5K_hvratio_1_4        NangateOpenCellLibrary

  Point                                                   Incr       Path
  --------------------------------------------------------------------------
  clock CLK (rise edge)                                 0.0000     0.0000
  clock network delay (ideal)                           0.0500     0.0500
  DP_i/execute_i_rd_out_reg_i_Y_reg_0_/CK (DFF_X1)      0.0000     0.0500 r
  DP_i/execute_i_rd_out_reg_i_Y_reg_0_/Q (DFF_X1)       0.1197     0.1697 r
  DP_i/rd_ex_mem_0_ (DataPath)                          0.0000     0.1697 r
  U791/ZN (INV_X1)                                      0.0470     0.2167 f
  U1055/ZN (AOI22_X1)                                   0.0653     0.2820 r
  U1056/ZN (OAI221_X1)                                  0.0502     0.3322 f
  U1061/ZN (NOR3_X1)                                    0.1613     0.4935 r
  U1253/ZN (NOR4_X1)                                    0.0460     0.5395 f
  DP_i/fw_mem_ex_rs2 (DataPath)                         0.0000     0.5395 f
  DP_i/U331/ZN (NOR2_X1)                                0.1778     0.7172 r
  DP_i/U332/Z (BUF_X1)                                  0.1737     0.8910 r
  DP_i/U470/ZN (AOI22_X1)                               0.0740     0.9650 f
  DP_i/U471/ZN (OAI21_X1)                               0.0578     1.0228 r
  DP_i/U494/ZN (AOI22_X1)                               0.0451     1.0679 f
  DP_i/U495/ZN (INV_X1)                                 0.1484     1.2163 r
  DP_i/U562/ZN (AOI22_X1)                               0.0842     1.3005 f
  DP_i/U566/Z (XOR2_X1)                                 0.0957     1.3961 f
  DP_i/U567/ZN (NOR2_X1)                                0.0609     1.4570 r
  DP_i/U568/ZN (NOR2_X1)                                0.0350     1.4920 f
  DP_i/U569/ZN (NOR2_X1)                                0.0531     1.5452 r
  DP_i/U570/ZN (OR2_X1)                                 0.0407     1.5859 r
  DP_i/U574/ZN (OAI21_X1)                               0.0322     1.6181 f
  DP_i/U577/ZN (NOR2_X1)                                0.0842     1.7022 r
  DP_i/U579/ZN (NAND2_X1)                               0.0515     1.7537 f
  DP_i/U580/ZN (OAI22_X1)                               0.0541     1.8079 r
  DP_i/U582/ZN (NOR2_X1)                                0.0296     1.8374 f
  DP_i/U4799/CO (FA_X1)                                 0.0943     1.9318 f
  DP_i/U585/ZN (NOR2_X1)                                0.0633     1.9951 r
  DP_i/U943/ZN (NAND2_X1)                               0.0449     2.0399 f
  DP_i/U944/ZN (OAI22_X1)                               0.0515     2.0914 r
  DP_i/U946/ZN (NOR2_X1)                                0.0296     2.1210 f
  DP_i/U4915/CO (FA_X1)                                 0.0992     2.2203 f
  DP_i/U1266/ZN (NOR2_X1)                               0.0583     2.2786 r
  DP_i/U1275/ZN (AOI21_X1)                              0.0384     2.3170 f
  DP_i/U4968/CO (FA_X1)                                 0.1022     2.4192 f
  DP_i/U1442/ZN (NOR2_X1)                               0.0586     2.4778 r
  DP_i/U1446/ZN (AOI22_X1)                              0.0356     2.5134 f
  DP_i/U1447/ZN (OAI221_X1)                             0.0437     2.5571 r
  DP_i/U5029/CO (FA_X1)                                 0.0903     2.6474 r
  DP_i/U2536/ZN (NAND2_X1)                              0.0384     2.6858 f
  DP_i/U2541/ZN (NOR2_X1)                               0.0545     2.7404 r
  DP_i/U2542/ZN (NAND2_X1)                              0.0417     2.7820 f
  DP_i/U2545/ZN (NOR2_X1)                               0.0434     2.8254 r
  DP_i/U2550/ZN (OR2_X1)                                0.0400     2.8654 r
  DP_i/U2554/ZN (NAND2_X1)                              0.0393     2.9047 f
  DP_i/U5107/ZN (NOR2_X1)                               0.0595     2.9642 r
  DP_i/U5199/ZN (NAND2_X1)                              0.0411     3.0053 f
  DP_i/U5200/ZN (NAND2_X1)                              0.0344     3.0397 r
  DP_i/U5202/ZN (OAI21_X1)                              0.0348     3.0745 f
  DP_i/U5203/ZN (NOR2_X1)                               0.0789     3.1533 r
  DP_i/U5264/ZN (NAND2_X1)                              0.0512     3.2045 f
  DP_i/U5267/ZN (AOI21_X1)                              0.0654     3.2700 r
  DP_i/U5273/Z (XOR2_X1)                                0.0954     3.3654 r
  DP_i/U5293/ZN (NAND4_X1)                              0.0714     3.4367 f
  DP_i/U5296/ZN (INV_X1)                                0.0458     3.4826 r
  DP_i/U5297/ZN (NAND2_X1)                              0.0319     3.5145 f
  DP_i/U5298/ZN (OAI211_X1)                             0.0428     3.5573 r
  DP_i/U5299/ZN (AOI221_X1)                             0.0350     3.5924 f
  DP_i/U5300/ZN (OAI211_X1)                             0.0545     3.6469 r
  DP_i/U5301/ZN (OAI211_X1)                             0.0452     3.6921 f
  DP_i/U5302/ZN (AOI211_X1)                             0.1011     3.7931 r
  DP_i/U4041/ZN (NAND4_X1)                              0.0533     3.8464 f
  DP_i/U4042/ZN (NOR3_X1)                               0.0655     3.9119 r
  DP_i/U2/Z (MUX2_X1)                                   0.0488     3.9607 r
  DP_i/execute_i_zero_alu_bit_Y_reg/D (DFF_X1)          0.0110     3.9716 r
  data arrival time                                                3.9716

  clock CLK (rise edge)                                 4.0000     4.0000
  clock network delay (ideal)                           0.0500     4.0500
  clock uncertainty                                    -0.0500     4.0000
  DP_i/execute_i_zero_alu_bit_Y_reg/CK (DFF_X1)         0.0000     4.0000 r
  library setup time                                   -0.0274     3.9726
  data required time                                               3.9726
  --------------------------------------------------------------------------
  data required time                                               3.9726
  data arrival time                                               -3.9716
  --------------------------------------------------------------------------
  slack (MET)                                                      0.0009


  Startpoint: DP_i/execute_i_rd_out_reg_i_Y_reg_0_
              (rising edge-triggered flip-flop clocked by CLK)
  Endpoint: DP_i/execute_i_zero_alu_bit_Y_reg
            (rising edge-triggered flip-flop clocked by CLK)
  Path Group: REG2REG
  Path Type: max

  Des/Clust/Port     Wire Load Model       Library
  ------------------------------------------------
  DLX                5K_hvratio_1_4        NangateOpenCellLibrary

  Point                                                   Incr       Path
  --------------------------------------------------------------------------
  clock CLK (rise edge)                                 0.0000     0.0000
  clock network delay (ideal)                           0.0500     0.0500
  DP_i/execute_i_rd_out_reg_i_Y_reg_0_/CK (DFF_X1)      0.0000     0.0500 r
  DP_i/execute_i_rd_out_reg_i_Y_reg_0_/Q (DFF_X1)       0.1197     0.1697 r
  DP_i/rd_ex_mem_0_ (DataPath)                          0.0000     0.1697 r
  U791/ZN (INV_X1)                                      0.0470     0.2167 f
  U1055/ZN (AOI22_X1)                                   0.0653     0.2820 r
  U1056/ZN (OAI221_X1)                                  0.0502     0.3322 f
  U1061/ZN (NOR3_X1)                                    0.1613     0.4935 r
  U1253/ZN (NOR4_X1)                                    0.0460     0.5395 f
  DP_i/fw_mem_ex_rs2 (DataPath)                         0.0000     0.5395 f
  DP_i/U331/ZN (NOR2_X1)                                0.1778     0.7172 r
  DP_i/U332/Z (BUF_X1)                                  0.1737     0.8910 r
  DP_i/U470/ZN (AOI22_X1)                               0.0740     0.9650 f
  DP_i/U471/ZN (OAI21_X1)                               0.0578     1.0228 r
  DP_i/U494/ZN (AOI22_X1)                               0.0451     1.0679 f
  DP_i/U495/ZN (INV_X1)                                 0.1484     1.2163 r
  DP_i/U562/ZN (AOI22_X1)                               0.0842     1.3005 f
  DP_i/U566/Z (XOR2_X1)                                 0.0957     1.3961 f
  DP_i/U567/ZN (NOR2_X1)                                0.0609     1.4570 r
  DP_i/U568/ZN (NOR2_X1)                                0.0350     1.4920 f
  DP_i/U569/ZN (NOR2_X1)                                0.0531     1.5452 r
  DP_i/U570/ZN (OR2_X1)                                 0.0407     1.5859 r
  DP_i/U574/ZN (OAI21_X1)                               0.0322     1.6181 f
  DP_i/U577/ZN (NOR2_X1)                                0.0842     1.7022 r
  DP_i/U579/ZN (NAND2_X1)                               0.0515     1.7537 f
  DP_i/U580/ZN (OAI22_X1)                               0.0541     1.8079 r
  DP_i/U582/ZN (NOR2_X1)                                0.0296     1.8374 f
  DP_i/U4799/CO (FA_X1)                                 0.0943     1.9318 f
  DP_i/U585/ZN (NOR2_X1)                                0.0633     1.9951 r
  DP_i/U943/ZN (NAND2_X1)                               0.0449     2.0399 f
  DP_i/U944/ZN (OAI22_X1)                               0.0515     2.0914 r
  DP_i/U946/ZN (NOR2_X1)                                0.0296     2.1210 f
  DP_i/U4915/CO (FA_X1)                                 0.0992     2.2203 f
  DP_i/U1266/ZN (NOR2_X1)                               0.0583     2.2786 r
  DP_i/U1275/ZN (AOI21_X1)                              0.0384     2.3170 f
  DP_i/U4968/CO (FA_X1)                                 0.1022     2.4192 f
  DP_i/U1442/ZN (NOR2_X1)                               0.0586     2.4778 r
  DP_i/U1446/ZN (AOI22_X1)                              0.0356     2.5134 f
  DP_i/U1447/ZN (OAI221_X1)                             0.0437     2.5571 r
  DP_i/U5029/CO (FA_X1)                                 0.0903     2.6474 r
  DP_i/U2536/ZN (NAND2_X1)                              0.0384     2.6858 f
  DP_i/U2541/ZN (NOR2_X1)                               0.0545     2.7404 r
  DP_i/U2542/ZN (NAND2_X1)                              0.0417     2.7820 f
  DP_i/U2545/ZN (NOR2_X1)                               0.0434     2.8254 r
  DP_i/U2550/ZN (OR2_X1)                                0.0400     2.8654 r
  DP_i/U2554/ZN (NAND2_X1)                              0.0393     2.9047 f
  DP_i/U5107/ZN (NOR2_X1)                               0.0595     2.9642 r
  DP_i/U5199/ZN (NAND2_X1)                              0.0411     3.0053 f
  DP_i/U5200/ZN (NAND2_X1)                              0.0344     3.0397 r
  DP_i/U5202/ZN (OAI21_X1)                              0.0348     3.0745 f
  DP_i/U5203/ZN (NOR2_X1)                               0.0789     3.1533 r
  DP_i/U5264/ZN (NAND2_X1)                              0.0512     3.2045 f
  DP_i/U5267/ZN (AOI21_X1)                              0.0654     3.2700 r
  DP_i/U5273/Z (XOR2_X1)                                0.0954     3.3654 r
  DP_i/U5293/ZN (NAND4_X1)                              0.0714     3.4367 f
  DP_i/U5296/ZN (INV_X1)                                0.0458     3.4826 r
  DP_i/U5297/ZN (NAND2_X1)                              0.0319     3.5145 f
  DP_i/U5298/ZN (OAI211_X1)                             0.0428     3.5573 r
  DP_i/U5299/ZN (AOI221_X1)                             0.0350     3.5924 f
  DP_i/U5300/ZN (OAI211_X1)                             0.0545     3.6469 r
  DP_i/U5301/ZN (OAI211_X1)                             0.0452     3.6921 f
  DP_i/U5302/ZN (AOI211_X1)                             0.1011     3.7931 r
  DP_i/U4041/ZN (NAND4_X1)                              0.0533     3.8464 f
  DP_i/U4042/ZN (NOR3_X1)                               0.0655     3.9119 r
  DP_i/U2/Z (MUX2_X1)                                   0.0488     3.9607 r
  DP_i/execute_i_zero_alu_bit_Y_reg/D (DFF_X1)          0.0110     3.9716 r
  data arrival time                                                3.9716

  clock CLK (rise edge)                                 4.0000     4.0000
  clock network delay (ideal)                           0.0500     4.0500
  clock uncertainty                                    -0.0500     4.0000
  DP_i/execute_i_zero_alu_bit_Y_reg/CK (DFF_X1)         0.0000     4.0000 r
  library setup time                                   -0.0274     3.9726
  data required time                                               3.9726
  --------------------------------------------------------------------------
  data required time                                               3.9726
  data arrival time                                               -3.9716
  --------------------------------------------------------------------------
  slack (MET)                                                      0.0009


  Startpoint: DP_i/fetch_i_IR_out_reg_26_
              (rising edge-triggered flip-flop clocked by CLK)
  Endpoint: DP_i/fetch_i_pc_i_Y_reg_23_
            (rising edge-triggered flip-flop clocked by CLK)
  Path Group: REG2REG
  Path Type: max

  Des/Clust/Port     Wire Load Model       Library
  ------------------------------------------------
  DLX                5K_hvratio_1_4        NangateOpenCellLibrary

  Point                                                   Incr       Path
  --------------------------------------------------------------------------
  clock CLK (rise edge)                                 0.0000     0.0000
  clock network delay (ideal)                           0.0500     0.0500
  DP_i/fetch_i_IR_out_reg_26_/CK (DFF_X1)               0.0000     0.0500 r
  DP_i/fetch_i_IR_out_reg_26_/Q (DFF_X1)                0.1972     0.2472 r
  DP_i/opcode[0] (DataPath)                             0.0000     0.2472 r
  U864/ZN (INV_X1)                                      0.0466     0.2938 f
  U865/ZN (NAND3_X1)                                    0.0521     0.3459 r
  U866/ZN (NOR2_X1)                                     0.0441     0.3900 f
  U773/ZN (INV_X1)                                      0.1269     0.5169 r
  DP_i/RF2_BAR (DataPath)                               0.0000     0.5169 r
  DP_i/U403/ZN (INV_X1)                                 0.0579     0.5748 f
  DP_i/U411/ZN (NOR2_X1)                                0.0710     0.6458 r
  DP_i/U412/ZN (NAND2_X1)                               0.0482     0.6940 f
  DP_i/U417/ZN (OAI21_X1)                               0.0675     0.7615 r
  DP_i/U421/ZN (NOR2_X1)                                0.0300     0.7915 f
  DP_i/U423/ZN (NOR2_X1)                                0.0582     0.8498 r
  DP_i/U426/S (FA_X1)                                   0.1232     0.9730 f
  DP_i/U424/ZN (INV_X1)                                 0.0372     1.0102 r
  DP_i/U425/ZN (NOR2_X1)                                0.0261     1.0363 f
  DP_i/U427/ZN (OR2_X1)                                 0.0554     1.0917 f
  DP_i/U729/CO (FA_X1)                                  0.0980     1.1897 f
  DP_i/U220/ZN (AND2_X1)                                0.0574     1.2471 f
  DP_i/U429/ZN (NAND2_X1)                               0.0451     1.2923 r
  DP_i/U430/ZN (NAND3_X1)                               0.0523     1.3446 f
  DP_i/U432/ZN (NOR2_X1)                                0.0571     1.4017 r
  DP_i/U433/ZN (NOR2_X1)                                0.0367     1.4385 f
  DP_i/U725/CO (FA_X1)                                  0.1021     1.5405 f
  DP_i/U444/ZN (NAND2_X1)                               0.0471     1.5877 r
  DP_i/U740/Z (XOR2_X1)                                 0.1064     1.6941 r
  DP_i/U741/ZN (NOR2_X1)                                0.0404     1.7344 f
  DP_i/U817/ZN (NOR2_X1)                                0.0710     1.8054 r
  DP_i/U833/CO (FA_X1)                                  0.0980     1.9034 r
  DP_i/U836/ZN (NAND2_X1)                               0.0401     1.9435 f
  DP_i/U218/ZN (OR2_X1)                                 0.0674     2.0109 f
  DP_i/U1003/ZN (OAI21_X1)                              0.0584     2.0693 r
  DP_i/U1018/CO (FA_X1)                                 0.0799     2.1491 r
  DP_i/U1223/ZN (NOR2_X1)                               0.0274     2.1765 f
  DP_i/U217/ZN (AOI21_X1)                               0.0829     2.2593 r
  DP_i/U1357/ZN (NAND3_X1)                              0.0636     2.3229 f
  DP_i/U1358/ZN (NOR2_X1)                               0.0602     2.3831 r
  DP_i/U216/ZN (OR2_X1)                                 0.0436     2.4268 r
  DP_i/U2094/CO (FA_X1)                                 0.0814     2.5081 r
  DP_i/U2210/ZN (OAI21_X1)                              0.0448     2.5529 f
  DP_i/U2211/ZN (INV_X1)                                0.0399     2.5928 r
  DP_i/U2213/ZN (NAND2_X1)                              0.0347     2.6275 f
  DP_i/U3143/ZN (NOR2_X1)                               0.0601     2.6876 r
  DP_i/U3189/ZN (NAND2_X1)                              0.0447     2.7322 f
  DP_i/U3194/ZN (NAND2_X1)                              0.0385     2.7707 r
  DP_i/U3195/ZN (AOI21_X1)                              0.0355     2.8062 f
  DP_i/U215/ZN (AOI21_X1)                               0.0970     2.9032 r
  DP_i/U3199/ZN (NAND2_X1)                              0.0647     2.9679 f
  DP_i/U3222/ZN (NOR2_X1)                               0.0842     3.0520 r
  DP_i/U3232/ZN (XNOR2_X1)                              0.0527     3.1047 f
  DP_i/U3233/ZN (XNOR2_X1)                              0.0667     3.1715 f
  DP_i/U3240/ZN (OAI22_X1)                              0.0705     3.2419 r
  DP_i/U3241/ZN (AOI221_X1)                             0.0327     3.2747 f
  DP_i/U221/ZN (AND3_X1)                                0.0473     3.3220 f
  DP_i/U3390/ZN (AOI211_X1)                             0.1230     3.4449 r
  DP_i/U2974/ZN (NAND3_X1)                              0.2765     3.7214 f
  DP_i/U3005/ZN (OAI22_X1)                              0.1381     3.8595 r
  DP_i/U3006/ZN (AOI21_X1)                              0.0348     3.8943 f
  DP_i/U3007/ZN (OAI211_X1)                             0.0497     3.9439 r
  DP_i/fetch_i_pc_i_Y_reg_23_/D (DFF_X1)                0.0110     3.9549 r
  data arrival time                                                3.9549

  clock CLK (rise edge)                                 4.0000     4.0000
  clock network delay (ideal)                           0.0500     4.0500
  clock uncertainty                                    -0.0500     4.0000
  DP_i/fetch_i_pc_i_Y_reg_23_/CK (DFF_X1)               0.0000     4.0000 r
  library setup time                                   -0.0334     3.9666
  data required time                                               3.9666
  --------------------------------------------------------------------------
  data required time                                               3.9666
  data arrival time                                               -3.9549
  --------------------------------------------------------------------------
  slack (MET)                                                      0.0117


  Startpoint: DP_i/fetch_i_IR_out_reg_26_
              (rising edge-triggered flip-flop clocked by CLK)
  Endpoint: DP_i/fetch_i_pc_i_Y_reg_13_
            (rising edge-triggered flip-flop clocked by CLK)
  Path Group: REG2REG
  Path Type: max

  Des/Clust/Port     Wire Load Model       Library
  ------------------------------------------------
  DLX                5K_hvratio_1_4        NangateOpenCellLibrary

  Point                                                   Incr       Path
  --------------------------------------------------------------------------
  clock CLK (rise edge)                                 0.0000     0.0000
  clock network delay (ideal)                           0.0500     0.0500
  DP_i/fetch_i_IR_out_reg_26_/CK (DFF_X1)               0.0000     0.0500 r
  DP_i/fetch_i_IR_out_reg_26_/Q (DFF_X1)                0.1972     0.2472 r
  DP_i/opcode[0] (DataPath)                             0.0000     0.2472 r
  U864/ZN (INV_X1)                                      0.0466     0.2938 f
  U865/ZN (NAND3_X1)                                    0.0521     0.3459 r
  U866/ZN (NOR2_X1)                                     0.0441     0.3900 f
  U773/ZN (INV_X1)                                      0.1269     0.5169 r
  DP_i/RF2_BAR (DataPath)                               0.0000     0.5169 r
  DP_i/U403/ZN (INV_X1)                                 0.0579     0.5748 f
  DP_i/U411/ZN (NOR2_X1)                                0.0710     0.6458 r
  DP_i/U412/ZN (NAND2_X1)                               0.0482     0.6940 f
  DP_i/U417/ZN (OAI21_X1)                               0.0675     0.7615 r
  DP_i/U421/ZN (NOR2_X1)                                0.0300     0.7915 f
  DP_i/U423/ZN (NOR2_X1)                                0.0582     0.8498 r
  DP_i/U426/S (FA_X1)                                   0.1232     0.9730 f
  DP_i/U424/ZN (INV_X1)                                 0.0372     1.0102 r
  DP_i/U425/ZN (NOR2_X1)                                0.0261     1.0363 f
  DP_i/U427/ZN (OR2_X1)                                 0.0554     1.0917 f
  DP_i/U729/CO (FA_X1)                                  0.0980     1.1897 f
  DP_i/U220/ZN (AND2_X1)                                0.0574     1.2471 f
  DP_i/U429/ZN (NAND2_X1)                               0.0451     1.2923 r
  DP_i/U430/ZN (NAND3_X1)                               0.0523     1.3446 f
  DP_i/U432/ZN (NOR2_X1)                                0.0571     1.4017 r
  DP_i/U433/ZN (NOR2_X1)                                0.0367     1.4385 f
  DP_i/U725/CO (FA_X1)                                  0.1021     1.5405 f
  DP_i/U444/ZN (NAND2_X1)                               0.0471     1.5877 r
  DP_i/U740/Z (XOR2_X1)                                 0.1064     1.6941 r
  DP_i/U741/ZN (NOR2_X1)                                0.0404     1.7344 f
  DP_i/U817/ZN (NOR2_X1)                                0.0710     1.8054 r
  DP_i/U833/CO (FA_X1)                                  0.0980     1.9034 r
  DP_i/U836/ZN (NAND2_X1)                               0.0401     1.9435 f
  DP_i/U218/ZN (OR2_X1)                                 0.0674     2.0109 f
  DP_i/U1003/ZN (OAI21_X1)                              0.0584     2.0693 r
  DP_i/U1018/CO (FA_X1)                                 0.0799     2.1491 r
  DP_i/U1223/ZN (NOR2_X1)                               0.0274     2.1765 f
  DP_i/U217/ZN (AOI21_X1)                               0.0829     2.2593 r
  DP_i/U1357/ZN (NAND3_X1)                              0.0636     2.3229 f
  DP_i/U1358/ZN (NOR2_X1)                               0.0602     2.3831 r
  DP_i/U216/ZN (OR2_X1)                                 0.0436     2.4268 r
  DP_i/U2094/CO (FA_X1)                                 0.0814     2.5081 r
  DP_i/U2210/ZN (OAI21_X1)                              0.0448     2.5529 f
  DP_i/U2211/ZN (INV_X1)                                0.0399     2.5928 r
  DP_i/U2213/ZN (NAND2_X1)                              0.0347     2.6275 f
  DP_i/U3143/ZN (NOR2_X1)                               0.0601     2.6876 r
  DP_i/U3189/ZN (NAND2_X1)                              0.0447     2.7322 f
  DP_i/U3194/ZN (NAND2_X1)                              0.0385     2.7707 r
  DP_i/U3195/ZN (AOI21_X1)                              0.0355     2.8062 f
  DP_i/U215/ZN (AOI21_X1)                               0.0970     2.9032 r
  DP_i/U3199/ZN (NAND2_X1)                              0.0647     2.9679 f
  DP_i/U3222/ZN (NOR2_X1)                               0.0842     3.0520 r
  DP_i/U3232/ZN (XNOR2_X1)                              0.0527     3.1047 f
  DP_i/U3233/ZN (XNOR2_X1)                              0.0667     3.1715 f
  DP_i/U3240/ZN (OAI22_X1)                              0.0705     3.2419 r
  DP_i/U3241/ZN (AOI221_X1)                             0.0327     3.2747 f
  DP_i/U221/ZN (AND3_X1)                                0.0473     3.3220 f
  DP_i/U3390/ZN (AOI211_X1)                             0.1230     3.4449 r
  DP_i/U2974/ZN (NAND3_X1)                              0.2765     3.7214 f
  DP_i/U3055/ZN (OAI22_X1)                              0.1381     3.8595 r
  DP_i/U3056/ZN (AOI21_X1)                              0.0348     3.8943 f
  DP_i/U3057/ZN (OAI211_X1)                             0.0497     3.9439 r
  DP_i/fetch_i_pc_i_Y_reg_13_/D (DFF_X1)                0.0110     3.9549 r
  data arrival time                                                3.9549

  clock CLK (rise edge)                                 4.0000     4.0000
  clock network delay (ideal)                           0.0500     4.0500
  clock uncertainty                                    -0.0500     4.0000
  DP_i/fetch_i_pc_i_Y_reg_13_/CK (DFF_X1)               0.0000     4.0000 r
  library setup time                                   -0.0334     3.9666
  data required time                                               3.9666
  --------------------------------------------------------------------------
  data required time                                               3.9666
  data arrival time                                               -3.9549
  --------------------------------------------------------------------------
  slack (MET)                                                      0.0117


  Startpoint: DP_i/fetch_i_IR_out_reg_26_
              (rising edge-triggered flip-flop clocked by CLK)
  Endpoint: DP_i/fetch_i_pc_i_Y_reg_12_
            (rising edge-triggered flip-flop clocked by CLK)
  Path Group: REG2REG
  Path Type: max

  Des/Clust/Port     Wire Load Model       Library
  ------------------------------------------------
  DLX                5K_hvratio_1_4        NangateOpenCellLibrary

  Point                                                   Incr       Path
  --------------------------------------------------------------------------
  clock CLK (rise edge)                                 0.0000     0.0000
  clock network delay (ideal)                           0.0500     0.0500
  DP_i/fetch_i_IR_out_reg_26_/CK (DFF_X1)               0.0000     0.0500 r
  DP_i/fetch_i_IR_out_reg_26_/Q (DFF_X1)                0.1972     0.2472 r
  DP_i/opcode[0] (DataPath)                             0.0000     0.2472 r
  U864/ZN (INV_X1)                                      0.0466     0.2938 f
  U865/ZN (NAND3_X1)                                    0.0521     0.3459 r
  U866/ZN (NOR2_X1)                                     0.0441     0.3900 f
  U773/ZN (INV_X1)                                      0.1269     0.5169 r
  DP_i/RF2_BAR (DataPath)                               0.0000     0.5169 r
  DP_i/U403/ZN (INV_X1)                                 0.0579     0.5748 f
  DP_i/U411/ZN (NOR2_X1)                                0.0710     0.6458 r
  DP_i/U412/ZN (NAND2_X1)                               0.0482     0.6940 f
  DP_i/U417/ZN (OAI21_X1)                               0.0675     0.7615 r
  DP_i/U421/ZN (NOR2_X1)                                0.0300     0.7915 f
  DP_i/U423/ZN (NOR2_X1)                                0.0582     0.8498 r
  DP_i/U426/S (FA_X1)                                   0.1232     0.9730 f
  DP_i/U424/ZN (INV_X1)                                 0.0372     1.0102 r
  DP_i/U425/ZN (NOR2_X1)                                0.0261     1.0363 f
  DP_i/U427/ZN (OR2_X1)                                 0.0554     1.0917 f
  DP_i/U729/CO (FA_X1)                                  0.0980     1.1897 f
  DP_i/U220/ZN (AND2_X1)                                0.0574     1.2471 f
  DP_i/U429/ZN (NAND2_X1)                               0.0451     1.2923 r
  DP_i/U430/ZN (NAND3_X1)                               0.0523     1.3446 f
  DP_i/U432/ZN (NOR2_X1)                                0.0571     1.4017 r
  DP_i/U433/ZN (NOR2_X1)                                0.0367     1.4385 f
  DP_i/U725/CO (FA_X1)                                  0.1021     1.5405 f
  DP_i/U444/ZN (NAND2_X1)                               0.0471     1.5877 r
  DP_i/U740/Z (XOR2_X1)                                 0.1064     1.6941 r
  DP_i/U741/ZN (NOR2_X1)                                0.0404     1.7344 f
  DP_i/U817/ZN (NOR2_X1)                                0.0710     1.8054 r
  DP_i/U833/CO (FA_X1)                                  0.0980     1.9034 r
  DP_i/U836/ZN (NAND2_X1)                               0.0401     1.9435 f
  DP_i/U218/ZN (OR2_X1)                                 0.0674     2.0109 f
  DP_i/U1003/ZN (OAI21_X1)                              0.0584     2.0693 r
  DP_i/U1018/CO (FA_X1)                                 0.0799     2.1491 r
  DP_i/U1223/ZN (NOR2_X1)                               0.0274     2.1765 f
  DP_i/U217/ZN (AOI21_X1)                               0.0829     2.2593 r
  DP_i/U1357/ZN (NAND3_X1)                              0.0636     2.3229 f
  DP_i/U1358/ZN (NOR2_X1)                               0.0602     2.3831 r
  DP_i/U216/ZN (OR2_X1)                                 0.0436     2.4268 r
  DP_i/U2094/CO (FA_X1)                                 0.0814     2.5081 r
  DP_i/U2210/ZN (OAI21_X1)                              0.0448     2.5529 f
  DP_i/U2211/ZN (INV_X1)                                0.0399     2.5928 r
  DP_i/U2213/ZN (NAND2_X1)                              0.0347     2.6275 f
  DP_i/U3143/ZN (NOR2_X1)                               0.0601     2.6876 r
  DP_i/U3189/ZN (NAND2_X1)                              0.0447     2.7322 f
  DP_i/U3194/ZN (NAND2_X1)                              0.0385     2.7707 r
  DP_i/U3195/ZN (AOI21_X1)                              0.0355     2.8062 f
  DP_i/U215/ZN (AOI21_X1)                               0.0970     2.9032 r
  DP_i/U3199/ZN (NAND2_X1)                              0.0647     2.9679 f
  DP_i/U3222/ZN (NOR2_X1)                               0.0842     3.0520 r
  DP_i/U3232/ZN (XNOR2_X1)                              0.0527     3.1047 f
  DP_i/U3233/ZN (XNOR2_X1)                              0.0667     3.1715 f
  DP_i/U3240/ZN (OAI22_X1)                              0.0705     3.2419 r
  DP_i/U3241/ZN (AOI221_X1)                             0.0327     3.2747 f
  DP_i/U221/ZN (AND3_X1)                                0.0473     3.3220 f
  DP_i/U3390/ZN (AOI211_X1)                             0.1230     3.4449 r
  DP_i/U2974/ZN (NAND3_X1)                              0.2765     3.7214 f
  DP_i/U3060/ZN (OAI22_X1)                              0.1381     3.8595 r
  DP_i/U3061/ZN (AOI21_X1)                              0.0348     3.8943 f
  DP_i/U3062/ZN (OAI211_X1)                             0.0497     3.9439 r
  DP_i/fetch_i_pc_i_Y_reg_12_/D (DFF_X1)                0.0110     3.9549 r
  data arrival time                                                3.9549

  clock CLK (rise edge)                                 4.0000     4.0000
  clock network delay (ideal)                           0.0500     4.0500
  clock uncertainty                                    -0.0500     4.0000
  DP_i/fetch_i_pc_i_Y_reg_12_/CK (DFF_X1)               0.0000     4.0000 r
  library setup time                                   -0.0334     3.9666
  data required time                                               3.9666
  --------------------------------------------------------------------------
  data required time                                               3.9666
  data arrival time                                               -3.9549
  --------------------------------------------------------------------------
  slack (MET)                                                      0.0117


  Startpoint: DP_i/fetch_i_IR_out_reg_26_
              (rising edge-triggered flip-flop clocked by CLK)
  Endpoint: DP_i/fetch_i_pc_i_Y_reg_20_
            (rising edge-triggered flip-flop clocked by CLK)
  Path Group: REG2REG
  Path Type: max

  Des/Clust/Port     Wire Load Model       Library
  ------------------------------------------------
  DLX                5K_hvratio_1_4        NangateOpenCellLibrary

  Point                                                   Incr       Path
  --------------------------------------------------------------------------
  clock CLK (rise edge)                                 0.0000     0.0000
  clock network delay (ideal)                           0.0500     0.0500
  DP_i/fetch_i_IR_out_reg_26_/CK (DFF_X1)               0.0000     0.0500 r
  DP_i/fetch_i_IR_out_reg_26_/Q (DFF_X1)                0.1972     0.2472 r
  DP_i/opcode[0] (DataPath)                             0.0000     0.2472 r
  U864/ZN (INV_X1)                                      0.0466     0.2938 f
  U865/ZN (NAND3_X1)                                    0.0521     0.3459 r
  U866/ZN (NOR2_X1)                                     0.0441     0.3900 f
  U773/ZN (INV_X1)                                      0.1269     0.5169 r
  DP_i/RF2_BAR (DataPath)                               0.0000     0.5169 r
  DP_i/U403/ZN (INV_X1)                                 0.0579     0.5748 f
  DP_i/U411/ZN (NOR2_X1)                                0.0710     0.6458 r
  DP_i/U412/ZN (NAND2_X1)                               0.0482     0.6940 f
  DP_i/U417/ZN (OAI21_X1)                               0.0675     0.7615 r
  DP_i/U421/ZN (NOR2_X1)                                0.0300     0.7915 f
  DP_i/U423/ZN (NOR2_X1)                                0.0582     0.8498 r
  DP_i/U426/S (FA_X1)                                   0.1232     0.9730 f
  DP_i/U424/ZN (INV_X1)                                 0.0372     1.0102 r
  DP_i/U425/ZN (NOR2_X1)                                0.0261     1.0363 f
  DP_i/U427/ZN (OR2_X1)                                 0.0554     1.0917 f
  DP_i/U729/CO (FA_X1)                                  0.0980     1.1897 f
  DP_i/U220/ZN (AND2_X1)                                0.0574     1.2471 f
  DP_i/U429/ZN (NAND2_X1)                               0.0451     1.2923 r
  DP_i/U430/ZN (NAND3_X1)                               0.0523     1.3446 f
  DP_i/U432/ZN (NOR2_X1)                                0.0571     1.4017 r
  DP_i/U433/ZN (NOR2_X1)                                0.0367     1.4385 f
  DP_i/U725/CO (FA_X1)                                  0.1021     1.5405 f
  DP_i/U444/ZN (NAND2_X1)                               0.0471     1.5877 r
  DP_i/U740/Z (XOR2_X1)                                 0.1064     1.6941 r
  DP_i/U741/ZN (NOR2_X1)                                0.0404     1.7344 f
  DP_i/U817/ZN (NOR2_X1)                                0.0710     1.8054 r
  DP_i/U833/CO (FA_X1)                                  0.0980     1.9034 r
  DP_i/U836/ZN (NAND2_X1)                               0.0401     1.9435 f
  DP_i/U218/ZN (OR2_X1)                                 0.0674     2.0109 f
  DP_i/U1003/ZN (OAI21_X1)                              0.0584     2.0693 r
  DP_i/U1018/CO (FA_X1)                                 0.0799     2.1491 r
  DP_i/U1223/ZN (NOR2_X1)                               0.0274     2.1765 f
  DP_i/U217/ZN (AOI21_X1)                               0.0829     2.2593 r
  DP_i/U1357/ZN (NAND3_X1)                              0.0636     2.3229 f
  DP_i/U1358/ZN (NOR2_X1)                               0.0602     2.3831 r
  DP_i/U216/ZN (OR2_X1)                                 0.0436     2.4268 r
  DP_i/U2094/CO (FA_X1)                                 0.0814     2.5081 r
  DP_i/U2210/ZN (OAI21_X1)                              0.0448     2.5529 f
  DP_i/U2211/ZN (INV_X1)                                0.0399     2.5928 r
  DP_i/U2213/ZN (NAND2_X1)                              0.0347     2.6275 f
  DP_i/U3143/ZN (NOR2_X1)                               0.0601     2.6876 r
  DP_i/U3189/ZN (NAND2_X1)                              0.0447     2.7322 f
  DP_i/U3194/ZN (NAND2_X1)                              0.0385     2.7707 r
  DP_i/U3195/ZN (AOI21_X1)                              0.0355     2.8062 f
  DP_i/U215/ZN (AOI21_X1)                               0.0970     2.9032 r
  DP_i/U3199/ZN (NAND2_X1)                              0.0647     2.9679 f
  DP_i/U3222/ZN (NOR2_X1)                               0.0842     3.0520 r
  DP_i/U3232/ZN (XNOR2_X1)                              0.0527     3.1047 f
  DP_i/U3233/ZN (XNOR2_X1)                              0.0667     3.1715 f
  DP_i/U3240/ZN (OAI22_X1)                              0.0705     3.2419 r
  DP_i/U3241/ZN (AOI221_X1)                             0.0327     3.2747 f
  DP_i/U221/ZN (AND3_X1)                                0.0473     3.3220 f
  DP_i/U3390/ZN (AOI211_X1)                             0.1230     3.4449 r
  DP_i/U2974/ZN (NAND3_X1)                              0.2765     3.7214 f
  DP_i/U3020/ZN (OAI22_X1)                              0.1381     3.8595 r
  DP_i/U3021/ZN (AOI21_X1)                              0.0348     3.8943 f
  DP_i/U3022/ZN (OAI211_X1)                             0.0497     3.9439 r
  DP_i/fetch_i_pc_i_Y_reg_20_/D (DFF_X1)                0.0110     3.9549 r
  data arrival time                                                3.9549

  clock CLK (rise edge)                                 4.0000     4.0000
  clock network delay (ideal)                           0.0500     4.0500
  clock uncertainty                                    -0.0500     4.0000
  DP_i/fetch_i_pc_i_Y_reg_20_/CK (DFF_X1)               0.0000     4.0000 r
  library setup time                                   -0.0334     3.9666
  data required time                                               3.9666
  --------------------------------------------------------------------------
  data required time                                               3.9666
  data arrival time                                               -3.9549
  --------------------------------------------------------------------------
  slack (MET)                                                      0.0117


  Startpoint: DP_i/fetch_i_IR_out_reg_26_
              (rising edge-triggered flip-flop clocked by CLK)
  Endpoint: DP_i/fetch_i_pc_i_Y_reg_19_
            (rising edge-triggered flip-flop clocked by CLK)
  Path Group: REG2REG
  Path Type: max

  Des/Clust/Port     Wire Load Model       Library
  ------------------------------------------------
  DLX                5K_hvratio_1_4        NangateOpenCellLibrary

  Point                                                   Incr       Path
  --------------------------------------------------------------------------
  clock CLK (rise edge)                                 0.0000     0.0000
  clock network delay (ideal)                           0.0500     0.0500
  DP_i/fetch_i_IR_out_reg_26_/CK (DFF_X1)               0.0000     0.0500 r
  DP_i/fetch_i_IR_out_reg_26_/Q (DFF_X1)                0.1972     0.2472 r
  DP_i/opcode[0] (DataPath)                             0.0000     0.2472 r
  U864/ZN (INV_X1)                                      0.0466     0.2938 f
  U865/ZN (NAND3_X1)                                    0.0521     0.3459 r
  U866/ZN (NOR2_X1)                                     0.0441     0.3900 f
  U773/ZN (INV_X1)                                      0.1269     0.5169 r
  DP_i/RF2_BAR (DataPath)                               0.0000     0.5169 r
  DP_i/U403/ZN (INV_X1)                                 0.0579     0.5748 f
  DP_i/U411/ZN (NOR2_X1)                                0.0710     0.6458 r
  DP_i/U412/ZN (NAND2_X1)                               0.0482     0.6940 f
  DP_i/U417/ZN (OAI21_X1)                               0.0675     0.7615 r
  DP_i/U421/ZN (NOR2_X1)                                0.0300     0.7915 f
  DP_i/U423/ZN (NOR2_X1)                                0.0582     0.8498 r
  DP_i/U426/S (FA_X1)                                   0.1232     0.9730 f
  DP_i/U424/ZN (INV_X1)                                 0.0372     1.0102 r
  DP_i/U425/ZN (NOR2_X1)                                0.0261     1.0363 f
  DP_i/U427/ZN (OR2_X1)                                 0.0554     1.0917 f
  DP_i/U729/CO (FA_X1)                                  0.0980     1.1897 f
  DP_i/U220/ZN (AND2_X1)                                0.0574     1.2471 f
  DP_i/U429/ZN (NAND2_X1)                               0.0451     1.2923 r
  DP_i/U430/ZN (NAND3_X1)                               0.0523     1.3446 f
  DP_i/U432/ZN (NOR2_X1)                                0.0571     1.4017 r
  DP_i/U433/ZN (NOR2_X1)                                0.0367     1.4385 f
  DP_i/U725/CO (FA_X1)                                  0.1021     1.5405 f
  DP_i/U444/ZN (NAND2_X1)                               0.0471     1.5877 r
  DP_i/U740/Z (XOR2_X1)                                 0.1064     1.6941 r
  DP_i/U741/ZN (NOR2_X1)                                0.0404     1.7344 f
  DP_i/U817/ZN (NOR2_X1)                                0.0710     1.8054 r
  DP_i/U833/CO (FA_X1)                                  0.0980     1.9034 r
  DP_i/U836/ZN (NAND2_X1)                               0.0401     1.9435 f
  DP_i/U218/ZN (OR2_X1)                                 0.0674     2.0109 f
  DP_i/U1003/ZN (OAI21_X1)                              0.0584     2.0693 r
  DP_i/U1018/CO (FA_X1)                                 0.0799     2.1491 r
  DP_i/U1223/ZN (NOR2_X1)                               0.0274     2.1765 f
  DP_i/U217/ZN (AOI21_X1)                               0.0829     2.2593 r
  DP_i/U1357/ZN (NAND3_X1)                              0.0636     2.3229 f
  DP_i/U1358/ZN (NOR2_X1)                               0.0602     2.3831 r
  DP_i/U216/ZN (OR2_X1)                                 0.0436     2.4268 r
  DP_i/U2094/CO (FA_X1)                                 0.0814     2.5081 r
  DP_i/U2210/ZN (OAI21_X1)                              0.0448     2.5529 f
  DP_i/U2211/ZN (INV_X1)                                0.0399     2.5928 r
  DP_i/U2213/ZN (NAND2_X1)                              0.0347     2.6275 f
  DP_i/U3143/ZN (NOR2_X1)                               0.0601     2.6876 r
  DP_i/U3189/ZN (NAND2_X1)                              0.0447     2.7322 f
  DP_i/U3194/ZN (NAND2_X1)                              0.0385     2.7707 r
  DP_i/U3195/ZN (AOI21_X1)                              0.0355     2.8062 f
  DP_i/U215/ZN (AOI21_X1)                               0.0970     2.9032 r
  DP_i/U3199/ZN (NAND2_X1)                              0.0647     2.9679 f
  DP_i/U3222/ZN (NOR2_X1)                               0.0842     3.0520 r
  DP_i/U3232/ZN (XNOR2_X1)                              0.0527     3.1047 f
  DP_i/U3233/ZN (XNOR2_X1)                              0.0667     3.1715 f
  DP_i/U3240/ZN (OAI22_X1)                              0.0705     3.2419 r
  DP_i/U3241/ZN (AOI221_X1)                             0.0327     3.2747 f
  DP_i/U221/ZN (AND3_X1)                                0.0473     3.3220 f
  DP_i/U3390/ZN (AOI211_X1)                             0.1230     3.4449 r
  DP_i/U2974/ZN (NAND3_X1)                              0.2765     3.7214 f
  DP_i/U3025/ZN (OAI22_X1)                              0.1381     3.8595 r
  DP_i/U3026/ZN (AOI21_X1)                              0.0348     3.8943 f
  DP_i/U3027/ZN (OAI211_X1)                             0.0497     3.9439 r
  DP_i/fetch_i_pc_i_Y_reg_19_/D (DFF_X1)                0.0110     3.9549 r
  data arrival time                                                3.9549

  clock CLK (rise edge)                                 4.0000     4.0000
  clock network delay (ideal)                           0.0500     4.0500
  clock uncertainty                                    -0.0500     4.0000
  DP_i/fetch_i_pc_i_Y_reg_19_/CK (DFF_X1)               0.0000     4.0000 r
  library setup time                                   -0.0334     3.9666
  data required time                                               3.9666
  --------------------------------------------------------------------------
  data required time                                               3.9666
  data arrival time                                               -3.9549
  --------------------------------------------------------------------------
  slack (MET)                                                      0.0117


  Startpoint: DP_i/fetch_i_IR_out_reg_26_
              (rising edge-triggered flip-flop clocked by CLK)
  Endpoint: DP_i/fetch_i_pc_i_Y_reg_21_
            (rising edge-triggered flip-flop clocked by CLK)
  Path Group: REG2REG
  Path Type: max

  Des/Clust/Port     Wire Load Model       Library
  ------------------------------------------------
  DLX                5K_hvratio_1_4        NangateOpenCellLibrary

  Point                                                   Incr       Path
  --------------------------------------------------------------------------
  clock CLK (rise edge)                                 0.0000     0.0000
  clock network delay (ideal)                           0.0500     0.0500
  DP_i/fetch_i_IR_out_reg_26_/CK (DFF_X1)               0.0000     0.0500 r
  DP_i/fetch_i_IR_out_reg_26_/Q (DFF_X1)                0.1972     0.2472 r
  DP_i/opcode[0] (DataPath)                             0.0000     0.2472 r
  U864/ZN (INV_X1)                                      0.0466     0.2938 f
  U865/ZN (NAND3_X1)                                    0.0521     0.3459 r
  U866/ZN (NOR2_X1)                                     0.0441     0.3900 f
  U773/ZN (INV_X1)                                      0.1269     0.5169 r
  DP_i/RF2_BAR (DataPath)                               0.0000     0.5169 r
  DP_i/U403/ZN (INV_X1)                                 0.0579     0.5748 f
  DP_i/U411/ZN (NOR2_X1)                                0.0710     0.6458 r
  DP_i/U412/ZN (NAND2_X1)                               0.0482     0.6940 f
  DP_i/U417/ZN (OAI21_X1)                               0.0675     0.7615 r
  DP_i/U421/ZN (NOR2_X1)                                0.0300     0.7915 f
  DP_i/U423/ZN (NOR2_X1)                                0.0582     0.8498 r
  DP_i/U426/S (FA_X1)                                   0.1232     0.9730 f
  DP_i/U424/ZN (INV_X1)                                 0.0372     1.0102 r
  DP_i/U425/ZN (NOR2_X1)                                0.0261     1.0363 f
  DP_i/U427/ZN (OR2_X1)                                 0.0554     1.0917 f
  DP_i/U729/CO (FA_X1)                                  0.0980     1.1897 f
  DP_i/U220/ZN (AND2_X1)                                0.0574     1.2471 f
  DP_i/U429/ZN (NAND2_X1)                               0.0451     1.2923 r
  DP_i/U430/ZN (NAND3_X1)                               0.0523     1.3446 f
  DP_i/U432/ZN (NOR2_X1)                                0.0571     1.4017 r
  DP_i/U433/ZN (NOR2_X1)                                0.0367     1.4385 f
  DP_i/U725/CO (FA_X1)                                  0.1021     1.5405 f
  DP_i/U444/ZN (NAND2_X1)                               0.0471     1.5877 r
  DP_i/U740/Z (XOR2_X1)                                 0.1064     1.6941 r
  DP_i/U741/ZN (NOR2_X1)                                0.0404     1.7344 f
  DP_i/U817/ZN (NOR2_X1)                                0.0710     1.8054 r
  DP_i/U833/CO (FA_X1)                                  0.0980     1.9034 r
  DP_i/U836/ZN (NAND2_X1)                               0.0401     1.9435 f
  DP_i/U218/ZN (OR2_X1)                                 0.0674     2.0109 f
  DP_i/U1003/ZN (OAI21_X1)                              0.0584     2.0693 r
  DP_i/U1018/CO (FA_X1)                                 0.0799     2.1491 r
  DP_i/U1223/ZN (NOR2_X1)                               0.0274     2.1765 f
  DP_i/U217/ZN (AOI21_X1)                               0.0829     2.2593 r
  DP_i/U1357/ZN (NAND3_X1)                              0.0636     2.3229 f
  DP_i/U1358/ZN (NOR2_X1)                               0.0602     2.3831 r
  DP_i/U216/ZN (OR2_X1)                                 0.0436     2.4268 r
  DP_i/U2094/CO (FA_X1)                                 0.0814     2.5081 r
  DP_i/U2210/ZN (OAI21_X1)                              0.0448     2.5529 f
  DP_i/U2211/ZN (INV_X1)                                0.0399     2.5928 r
  DP_i/U2213/ZN (NAND2_X1)                              0.0347     2.6275 f
  DP_i/U3143/ZN (NOR2_X1)                               0.0601     2.6876 r
  DP_i/U3189/ZN (NAND2_X1)                              0.0447     2.7322 f
  DP_i/U3194/ZN (NAND2_X1)                              0.0385     2.7707 r
  DP_i/U3195/ZN (AOI21_X1)                              0.0355     2.8062 f
  DP_i/U215/ZN (AOI21_X1)                               0.0970     2.9032 r
  DP_i/U3199/ZN (NAND2_X1)                              0.0647     2.9679 f
  DP_i/U3222/ZN (NOR2_X1)                               0.0842     3.0520 r
  DP_i/U3232/ZN (XNOR2_X1)                              0.0527     3.1047 f
  DP_i/U3233/ZN (XNOR2_X1)                              0.0667     3.1715 f
  DP_i/U3240/ZN (OAI22_X1)                              0.0705     3.2419 r
  DP_i/U3241/ZN (AOI221_X1)                             0.0327     3.2747 f
  DP_i/U221/ZN (AND3_X1)                                0.0473     3.3220 f
  DP_i/U3390/ZN (AOI211_X1)                             0.1230     3.4449 r
  DP_i/U2974/ZN (NAND3_X1)                              0.2765     3.7214 f
  DP_i/U3015/ZN (OAI22_X1)                              0.1381     3.8595 r
  DP_i/U3016/ZN (AOI21_X1)                              0.0348     3.8943 f
  DP_i/U3017/ZN (OAI211_X1)                             0.0497     3.9439 r
  DP_i/fetch_i_pc_i_Y_reg_21_/D (DFF_X1)                0.0110     3.9549 r
  data arrival time                                                3.9549

  clock CLK (rise edge)                                 4.0000     4.0000
  clock network delay (ideal)                           0.0500     4.0500
  clock uncertainty                                    -0.0500     4.0000
  DP_i/fetch_i_pc_i_Y_reg_21_/CK (DFF_X1)               0.0000     4.0000 r
  library setup time                                   -0.0334     3.9666
  data required time                                               3.9666
  --------------------------------------------------------------------------
  data required time                                               3.9666
  data arrival time                                               -3.9549
  --------------------------------------------------------------------------
  slack (MET)                                                      0.0117


  Startpoint: DP_i/fetch_i_IR_out_reg_26_
              (rising edge-triggered flip-flop clocked by CLK)
  Endpoint: DP_i/fetch_i_pc_i_Y_reg_22_
            (rising edge-triggered flip-flop clocked by CLK)
  Path Group: REG2REG
  Path Type: max

  Des/Clust/Port     Wire Load Model       Library
  ------------------------------------------------
  DLX                5K_hvratio_1_4        NangateOpenCellLibrary

  Point                                                   Incr       Path
  --------------------------------------------------------------------------
  clock CLK (rise edge)                                 0.0000     0.0000
  clock network delay (ideal)                           0.0500     0.0500
  DP_i/fetch_i_IR_out_reg_26_/CK (DFF_X1)               0.0000     0.0500 r
  DP_i/fetch_i_IR_out_reg_26_/Q (DFF_X1)                0.1972     0.2472 r
  DP_i/opcode[0] (DataPath)                             0.0000     0.2472 r
  U864/ZN (INV_X1)                                      0.0466     0.2938 f
  U865/ZN (NAND3_X1)                                    0.0521     0.3459 r
  U866/ZN (NOR2_X1)                                     0.0441     0.3900 f
  U773/ZN (INV_X1)                                      0.1269     0.5169 r
  DP_i/RF2_BAR (DataPath)                               0.0000     0.5169 r
  DP_i/U403/ZN (INV_X1)                                 0.0579     0.5748 f
  DP_i/U411/ZN (NOR2_X1)                                0.0710     0.6458 r
  DP_i/U412/ZN (NAND2_X1)                               0.0482     0.6940 f
  DP_i/U417/ZN (OAI21_X1)                               0.0675     0.7615 r
  DP_i/U421/ZN (NOR2_X1)                                0.0300     0.7915 f
  DP_i/U423/ZN (NOR2_X1)                                0.0582     0.8498 r
  DP_i/U426/S (FA_X1)                                   0.1232     0.9730 f
  DP_i/U424/ZN (INV_X1)                                 0.0372     1.0102 r
  DP_i/U425/ZN (NOR2_X1)                                0.0261     1.0363 f
  DP_i/U427/ZN (OR2_X1)                                 0.0554     1.0917 f
  DP_i/U729/CO (FA_X1)                                  0.0980     1.1897 f
  DP_i/U220/ZN (AND2_X1)                                0.0574     1.2471 f
  DP_i/U429/ZN (NAND2_X1)                               0.0451     1.2923 r
  DP_i/U430/ZN (NAND3_X1)                               0.0523     1.3446 f
  DP_i/U432/ZN (NOR2_X1)                                0.0571     1.4017 r
  DP_i/U433/ZN (NOR2_X1)                                0.0367     1.4385 f
  DP_i/U725/CO (FA_X1)                                  0.1021     1.5405 f
  DP_i/U444/ZN (NAND2_X1)                               0.0471     1.5877 r
  DP_i/U740/Z (XOR2_X1)                                 0.1064     1.6941 r
  DP_i/U741/ZN (NOR2_X1)                                0.0404     1.7344 f
  DP_i/U817/ZN (NOR2_X1)                                0.0710     1.8054 r
  DP_i/U833/CO (FA_X1)                                  0.0980     1.9034 r
  DP_i/U836/ZN (NAND2_X1)                               0.0401     1.9435 f
  DP_i/U218/ZN (OR2_X1)                                 0.0674     2.0109 f
  DP_i/U1003/ZN (OAI21_X1)                              0.0584     2.0693 r
  DP_i/U1018/CO (FA_X1)                                 0.0799     2.1491 r
  DP_i/U1223/ZN (NOR2_X1)                               0.0274     2.1765 f
  DP_i/U217/ZN (AOI21_X1)                               0.0829     2.2593 r
  DP_i/U1357/ZN (NAND3_X1)                              0.0636     2.3229 f
  DP_i/U1358/ZN (NOR2_X1)                               0.0602     2.3831 r
  DP_i/U216/ZN (OR2_X1)                                 0.0436     2.4268 r
  DP_i/U2094/CO (FA_X1)                                 0.0814     2.5081 r
  DP_i/U2210/ZN (OAI21_X1)                              0.0448     2.5529 f
  DP_i/U2211/ZN (INV_X1)                                0.0399     2.5928 r
  DP_i/U2213/ZN (NAND2_X1)                              0.0347     2.6275 f
  DP_i/U3143/ZN (NOR2_X1)                               0.0601     2.6876 r
  DP_i/U3189/ZN (NAND2_X1)                              0.0447     2.7322 f
  DP_i/U3194/ZN (NAND2_X1)                              0.0385     2.7707 r
  DP_i/U3195/ZN (AOI21_X1)                              0.0355     2.8062 f
  DP_i/U215/ZN (AOI21_X1)                               0.0970     2.9032 r
  DP_i/U3199/ZN (NAND2_X1)                              0.0647     2.9679 f
  DP_i/U3222/ZN (NOR2_X1)                               0.0842     3.0520 r
  DP_i/U3232/ZN (XNOR2_X1)                              0.0527     3.1047 f
  DP_i/U3233/ZN (XNOR2_X1)                              0.0667     3.1715 f
  DP_i/U3240/ZN (OAI22_X1)                              0.0705     3.2419 r
  DP_i/U3241/ZN (AOI221_X1)                             0.0327     3.2747 f
  DP_i/U221/ZN (AND3_X1)                                0.0473     3.3220 f
  DP_i/U3390/ZN (AOI211_X1)                             0.1230     3.4449 r
  DP_i/U2974/ZN (NAND3_X1)                              0.2765     3.7214 f
  DP_i/U3010/ZN (OAI22_X1)                              0.1381     3.8595 r
  DP_i/U3011/ZN (AOI21_X1)                              0.0348     3.8943 f
  DP_i/U3012/ZN (OAI211_X1)                             0.0497     3.9439 r
  DP_i/fetch_i_pc_i_Y_reg_22_/D (DFF_X1)                0.0110     3.9549 r
  data arrival time                                                3.9549

  clock CLK (rise edge)                                 4.0000     4.0000
  clock network delay (ideal)                           0.0500     4.0500
  clock uncertainty                                    -0.0500     4.0000
  DP_i/fetch_i_pc_i_Y_reg_22_/CK (DFF_X1)               0.0000     4.0000 r
  library setup time                                   -0.0334     3.9666
  data required time                                               3.9666
  --------------------------------------------------------------------------
  data required time                                               3.9666
  data arrival time                                               -3.9549
  --------------------------------------------------------------------------
  slack (MET)                                                      0.0117


  Startpoint: DP_i/fetch_i_IR_out_reg_26_
              (rising edge-triggered flip-flop clocked by CLK)
  Endpoint: DP_i/fetch_i_pc_i_Y_reg_10_
            (rising edge-triggered flip-flop clocked by CLK)
  Path Group: REG2REG
  Path Type: max

  Des/Clust/Port     Wire Load Model       Library
  ------------------------------------------------
  DLX                5K_hvratio_1_4        NangateOpenCellLibrary

  Point                                                   Incr       Path
  --------------------------------------------------------------------------
  clock CLK (rise edge)                                 0.0000     0.0000
  clock network delay (ideal)                           0.0500     0.0500
  DP_i/fetch_i_IR_out_reg_26_/CK (DFF_X1)               0.0000     0.0500 r
  DP_i/fetch_i_IR_out_reg_26_/Q (DFF_X1)                0.1972     0.2472 r
  DP_i/opcode[0] (DataPath)                             0.0000     0.2472 r
  U864/ZN (INV_X1)                                      0.0466     0.2938 f
  U865/ZN (NAND3_X1)                                    0.0521     0.3459 r
  U866/ZN (NOR2_X1)                                     0.0441     0.3900 f
  U773/ZN (INV_X1)                                      0.1269     0.5169 r
  DP_i/RF2_BAR (DataPath)                               0.0000     0.5169 r
  DP_i/U403/ZN (INV_X1)                                 0.0579     0.5748 f
  DP_i/U411/ZN (NOR2_X1)                                0.0710     0.6458 r
  DP_i/U412/ZN (NAND2_X1)                               0.0482     0.6940 f
  DP_i/U417/ZN (OAI21_X1)                               0.0675     0.7615 r
  DP_i/U421/ZN (NOR2_X1)                                0.0300     0.7915 f
  DP_i/U423/ZN (NOR2_X1)                                0.0582     0.8498 r
  DP_i/U426/S (FA_X1)                                   0.1232     0.9730 f
  DP_i/U424/ZN (INV_X1)                                 0.0372     1.0102 r
  DP_i/U425/ZN (NOR2_X1)                                0.0261     1.0363 f
  DP_i/U427/ZN (OR2_X1)                                 0.0554     1.0917 f
  DP_i/U729/CO (FA_X1)                                  0.0980     1.1897 f
  DP_i/U220/ZN (AND2_X1)                                0.0574     1.2471 f
  DP_i/U429/ZN (NAND2_X1)                               0.0451     1.2923 r
  DP_i/U430/ZN (NAND3_X1)                               0.0523     1.3446 f
  DP_i/U432/ZN (NOR2_X1)                                0.0571     1.4017 r
  DP_i/U433/ZN (NOR2_X1)                                0.0367     1.4385 f
  DP_i/U725/CO (FA_X1)                                  0.1021     1.5405 f
  DP_i/U444/ZN (NAND2_X1)                               0.0471     1.5877 r
  DP_i/U740/Z (XOR2_X1)                                 0.1064     1.6941 r
  DP_i/U741/ZN (NOR2_X1)                                0.0404     1.7344 f
  DP_i/U817/ZN (NOR2_X1)                                0.0710     1.8054 r
  DP_i/U833/CO (FA_X1)                                  0.0980     1.9034 r
  DP_i/U836/ZN (NAND2_X1)                               0.0401     1.9435 f
  DP_i/U218/ZN (OR2_X1)                                 0.0674     2.0109 f
  DP_i/U1003/ZN (OAI21_X1)                              0.0584     2.0693 r
  DP_i/U1018/CO (FA_X1)                                 0.0799     2.1491 r
  DP_i/U1223/ZN (NOR2_X1)                               0.0274     2.1765 f
  DP_i/U217/ZN (AOI21_X1)                               0.0829     2.2593 r
  DP_i/U1357/ZN (NAND3_X1)                              0.0636     2.3229 f
  DP_i/U1358/ZN (NOR2_X1)                               0.0602     2.3831 r
  DP_i/U216/ZN (OR2_X1)                                 0.0436     2.4268 r
  DP_i/U2094/CO (FA_X1)                                 0.0814     2.5081 r
  DP_i/U2210/ZN (OAI21_X1)                              0.0448     2.5529 f
  DP_i/U2211/ZN (INV_X1)                                0.0399     2.5928 r
  DP_i/U2213/ZN (NAND2_X1)                              0.0347     2.6275 f
  DP_i/U3143/ZN (NOR2_X1)                               0.0601     2.6876 r
  DP_i/U3189/ZN (NAND2_X1)                              0.0447     2.7322 f
  DP_i/U3194/ZN (NAND2_X1)                              0.0385     2.7707 r
  DP_i/U3195/ZN (AOI21_X1)                              0.0355     2.8062 f
  DP_i/U215/ZN (AOI21_X1)                               0.0970     2.9032 r
  DP_i/U3199/ZN (NAND2_X1)                              0.0647     2.9679 f
  DP_i/U3222/ZN (NOR2_X1)                               0.0842     3.0520 r
  DP_i/U3232/ZN (XNOR2_X1)                              0.0527     3.1047 f
  DP_i/U3233/ZN (XNOR2_X1)                              0.0667     3.1715 f
  DP_i/U3240/ZN (OAI22_X1)                              0.0705     3.2419 r
  DP_i/U3241/ZN (AOI221_X1)                             0.0327     3.2747 f
  DP_i/U221/ZN (AND3_X1)                                0.0473     3.3220 f
  DP_i/U3390/ZN (AOI211_X1)                             0.1230     3.4449 r
  DP_i/U2974/ZN (NAND3_X1)                              0.2765     3.7214 f
  DP_i/U3070/ZN (OAI22_X1)                              0.1381     3.8595 r
  DP_i/U3071/ZN (AOI21_X1)                              0.0348     3.8943 f
  DP_i/U3072/ZN (OAI211_X1)                             0.0497     3.9439 r
  DP_i/fetch_i_pc_i_Y_reg_10_/D (DFF_X1)                0.0110     3.9549 r
  data arrival time                                                3.9549

  clock CLK (rise edge)                                 4.0000     4.0000
  clock network delay (ideal)                           0.0500     4.0500
  clock uncertainty                                    -0.0500     4.0000
  DP_i/fetch_i_pc_i_Y_reg_10_/CK (DFF_X1)               0.0000     4.0000 r
  library setup time                                   -0.0334     3.9666
  data required time                                               3.9666
  --------------------------------------------------------------------------
  data required time                                               3.9666
  data arrival time                                               -3.9549
  --------------------------------------------------------------------------
  slack (MET)                                                      0.0117


1
