 
****************************************
Report : timing
        -path full
        -delay max
        -nworst 2
        -max_paths 10
Design : DLX
Version: W-2024.09-SP2
Date   : Sun Sep 27 03:06:03 2026
****************************************

Operating Conditions: typical   Library: NangateOpenCellLibrary
Wire Load Model Mode: top

  Startpoint: DP_i_execute_i_rd_out_reg_i_Y_reg_4_
              (rising edge-triggered flip-flop clocked by CLK)
  Endpoint: DP_i_execute_i_zero_alu_bit_Y_reg
            (rising edge-triggered flip-flop clocked by CLK)
  Path Group: REG2REG
  Path Type: max

  Des/Clust/Port     Wire Load Model       Library
  ------------------------------------------------
  DLX                5K_hvratio_1_4        NangateOpenCellLibrary

  Point                                                   Incr       Path
  --------------------------------------------------------------------------
  clock CLK (rise edge)                                 0.0000     0.0000
  clock network delay (ideal)                           0.0500     0.0500
  DP_i_execute_i_rd_out_reg_i_Y_reg_4_/CK (DFF_X1)      0.0000     0.0500 r
  DP_i_execute_i_rd_out_reg_i_Y_reg_4_/QN (DFF_X1)      0.0806     0.1306 r
  U2588/ZN (XNOR2_X1)                                   0.0632     0.1938 r
  U2590/ZN (AND2_X1)                                    0.0464     0.2402 r
  U2593/ZN (NAND4_X1)                                   0.0500     0.2902 f
  U2078/ZN (NAND4_X1)                                   0.0465     0.3366 r
  U2602/ZN (INV_X1)                                     0.0358     0.3724 f
  U1217/Z (BUF_X1)                                      0.0442     0.4167 f
  U2785/ZN (NAND2_X1)                                   0.0298     0.4464 r
  U877/ZN (AND2_X2)                                     0.0455     0.4919 r
  U1066/ZN (NAND2_X1)                                   0.0286     0.5206 f
  U949/Z (MUX2_X2)                                      0.0708     0.5913 f
  U1107/ZN (XNOR2_X1)                                   0.0642     0.6555 f
  U2000/ZN (XNOR2_X1)                                   0.0680     0.7235 f
  U2204/ZN (NAND2_X1)                                   0.0351     0.7587 r
  U2223/ZN (AND2_X1)                                    0.0442     0.8028 r
  U3235/ZN (XNOR2_X1)                                   0.0605     0.8633 r
  U3241/ZN (NAND2_X1)                                   0.0326     0.8959 f
  U3242/ZN (NAND2_X1)                                   0.0313     0.9272 r
  U3258/ZN (AND2_X1)                                    0.0425     0.9697 r
  U2344/ZN (NAND2_X1)                                   0.0287     0.9984 f
  U1614/ZN (NAND2_X1)                                   0.0282     1.0265 r
  U2403/ZN (NAND2_X1)                                   0.0274     1.0540 f
  U2402/ZN (NAND2_X1)                                   0.0360     1.0899 r
  U1001/ZN (AND2_X2)                                    0.0559     1.1458 r
  U4957/ZN (INV_X1)                                     0.0290     1.1749 f
  U4958/ZN (NAND3_X1)                                   0.0300     1.2048 r
  U2222/ZN (AND3_X1)                                    0.0524     1.2573 r
  U2523/ZN (AND2_X1)                                    0.0407     1.2980 r
  U883/ZN (AND3_X2)                                     0.0533     1.3512 r
  U1037/ZN (AND4_X2)                                    0.0661     1.4173 r
  U9615/ZN (NAND4_X1)                                   0.0378     1.4551 f
  U11108/ZN (OAI21_X1)                                  0.0425     1.4975 r
  DP_i_execute_i_zero_alu_bit_Y_reg/D (DFF_X2)          0.0109     1.5084 r
  data arrival time                                                1.5084

  clock CLK (rise edge)                                 1.2000     1.2000
  clock network delay (ideal)                           0.0500     1.2500
  clock uncertainty                                    -0.0500     1.2000
  DP_i_execute_i_zero_alu_bit_Y_reg/CK (DFF_X2)         0.0000     1.2000 r
  library setup time                                   -0.0283     1.1717
  data required time                                               1.1717
  --------------------------------------------------------------------------
  data required time                                               1.1717
  data arrival time                                               -1.5084
  --------------------------------------------------------------------------
  slack (VIOLATED)                                                -0.3367


  Startpoint: DP_i_execute_i_rd_out_reg_i_Y_reg_4_
              (rising edge-triggered flip-flop clocked by CLK)
  Endpoint: DP_i_execute_i_alu_out_reg_i_Y_reg_0_
            (rising edge-triggered flip-flop clocked by CLK)
  Path Group: REG2REG
  Path Type: max

  Des/Clust/Port     Wire Load Model       Library
  ------------------------------------------------
  DLX                5K_hvratio_1_4        NangateOpenCellLibrary

  Point                                                   Incr       Path
  --------------------------------------------------------------------------
  clock CLK (rise edge)                                 0.0000     0.0000
  clock network delay (ideal)                           0.0500     0.0500
  DP_i_execute_i_rd_out_reg_i_Y_reg_4_/CK (DFF_X1)      0.0000     0.0500 r
  DP_i_execute_i_rd_out_reg_i_Y_reg_4_/QN (DFF_X1)      0.0806     0.1306 r
  U2588/ZN (XNOR2_X1)                                   0.0632     0.1938 r
  U2590/ZN (AND2_X1)                                    0.0464     0.2402 r
  U2593/ZN (NAND4_X1)                                   0.0500     0.2902 f
  U2078/ZN (NAND4_X1)                                   0.0465     0.3366 r
  U2602/ZN (INV_X1)                                     0.0358     0.3724 f
  U1217/Z (BUF_X1)                                      0.0442     0.4167 f
  U2785/ZN (NAND2_X1)                                   0.0298     0.4464 r
  U877/ZN (AND2_X2)                                     0.0455     0.4919 r
  U1066/ZN (NAND2_X1)                                   0.0286     0.5206 f
  U949/Z (MUX2_X2)                                      0.0708     0.5913 f
  U1107/ZN (XNOR2_X1)                                   0.0642     0.6555 f
  U2000/ZN (XNOR2_X1)                                   0.0680     0.7235 f
  U2204/ZN (NAND2_X1)                                   0.0351     0.7587 r
  U2223/ZN (AND2_X1)                                    0.0442     0.8028 r
  U3235/ZN (XNOR2_X1)                                   0.0605     0.8633 r
  U3241/ZN (NAND2_X1)                                   0.0326     0.8959 f
  U3242/ZN (NAND2_X1)                                   0.0313     0.9272 r
  U3258/ZN (AND2_X1)                                    0.0425     0.9697 r
  U2344/ZN (NAND2_X1)                                   0.0287     0.9984 f
  U1614/ZN (NAND2_X1)                                   0.0282     1.0265 r
  U2403/ZN (NAND2_X1)                                   0.0274     1.0540 f
  U2402/ZN (NAND2_X1)                                   0.0360     1.0899 r
  U2170/ZN (AND2_X1)                                    0.0512     1.1412 r
  U2126/ZN (AND2_X2)                                    0.0533     1.1945 r
  U969/ZN (AND4_X2)                                     0.0731     1.2676 r
  U1624/ZN (NAND4_X1)                                   0.0478     1.3154 f
  U5690/ZN (OAI21_X1)                                   0.0538     1.3692 r
  U5691/ZN (NAND2_X1)                                   0.0338     1.4030 f
  U5696/ZN (NAND4_X1)                                   0.0344     1.4374 r
  U8821/ZN (NAND2_X1)                                   0.0287     1.4661 f
  U11093/ZN (AND2_X1)                                   0.0363     1.5024 f
  DP_i_execute_i_alu_out_reg_i_Y_reg_0_/D (DFF_X1)      0.0104     1.5128 f
  data arrival time                                                1.5128

  clock CLK (rise edge)                                 1.2000     1.2000
  clock network delay (ideal)                           0.0500     1.2500
  clock uncertainty                                    -0.0500     1.2000
  DP_i_execute_i_alu_out_reg_i_Y_reg_0_/CK (DFF_X1)     0.0000     1.2000 r
  library setup time                                   -0.0239     1.1761
  data required time                                               1.1761
  --------------------------------------------------------------------------
  data required time                                               1.1761
  data arrival time                                               -1.5128
  --------------------------------------------------------------------------
  slack (VIOLATED)                                                -0.3367


  Startpoint: DP_i_mem_access_i_rd_out_reg_i_Y_reg_3_
              (rising edge-triggered flip-flop clocked by CLK)
  Endpoint: DP_i_execute_i_zero_alu_bit_Y_reg
            (rising edge-triggered flip-flop clocked by CLK)
  Path Group: REG2REG
  Path Type: max

  Des/Clust/Port     Wire Load Model       Library
  ------------------------------------------------
  DLX                5K_hvratio_1_4        NangateOpenCellLibrary

  Point                                                   Incr       Path
  --------------------------------------------------------------------------
  clock CLK (rise edge)                                 0.0000     0.0000
  clock network delay (ideal)                           0.0500     0.0500
  DP_i_mem_access_i_rd_out_reg_i_Y_reg_3_/CK (DFF_X1)   0.0000     0.0500 r
  DP_i_mem_access_i_rd_out_reg_i_Y_reg_3_/Q (DFF_X1)    0.1052     0.1552 r
  U2584/ZN (XNOR2_X1)                                   0.0674     0.2225 r
  U6661/ZN (AND4_X1)                                    0.0711     0.2937 r
  U2596/ZN (NAND4_X1)                                   0.0414     0.3351 f
  U1369/ZN (AND2_X1)                                    0.0501     0.3852 f
  U1532/Z (BUF_X1)                                      0.0425     0.4277 f
  U2737/ZN (AOI222_X1)                                  0.1054     0.5331 r
  U5781/Z (MUX2_X1)                                     0.0691     0.6022 r
  U3175/ZN (XNOR2_X1)                                   0.0758     0.6780 r
  U3176/ZN (XNOR2_X1)                                   0.0739     0.7519 r
  U3177/ZN (INV_X1)                                     0.0296     0.7815 f
  U2499/ZN (NAND4_X1)                                   0.0332     0.8146 r
  U3217/ZN (OAI211_X1)                                  0.0412     0.8559 f
  U3218/ZN (NOR2_X1)                                    0.0493     0.9052 r
  U3219/ZN (AND2_X1)                                    0.0523     0.9575 r
  U1374/ZN (NAND2_X1)                                   0.0300     0.9875 f
  U1964/ZN (NAND2_X1)                                   0.0318     1.0193 r
  U1980/ZN (NAND3_X1)                                   0.0407     1.0600 f
  U3276/ZN (NAND2_X1)                                   0.0422     1.1022 r
  U4031/ZN (NAND2_X1)                                   0.0406     1.1427 f
  U4033/ZN (NAND2_X1)                                   0.0433     1.1860 r
  U2148/ZN (NAND2_X1)                                   0.0343     1.2203 f
  U1571/Z (XOR2_X1)                                     0.0675     1.2878 f
  U4917/ZN (OR2_X1)                                     0.0630     1.3508 f
  U1385/ZN (AND2_X1)                                    0.0419     1.3927 f
  U1037/ZN (AND4_X2)                                    0.0462     1.4389 f
  U9615/ZN (NAND4_X1)                                   0.0306     1.4695 r
  U11108/ZN (OAI21_X1)                                  0.0297     1.4992 f
  DP_i_execute_i_zero_alu_bit_Y_reg/D (DFF_X2)          0.0104     1.5095 f
  data arrival time                                                1.5095

  clock CLK (rise edge)                                 1.2000     1.2000
  clock network delay (ideal)                           0.0500     1.2500
  clock uncertainty                                    -0.0500     1.2000
  DP_i_execute_i_zero_alu_bit_Y_reg/CK (DFF_X2)         0.0000     1.2000 r
  library setup time                                   -0.0271     1.1729
  data required time                                               1.1729
  --------------------------------------------------------------------------
  data required time                                               1.1729
  data arrival time                                               -1.5095
  --------------------------------------------------------------------------
  slack (VIOLATED)                                                -0.3367


  Startpoint: DP_i_mem_access_i_rd_out_reg_i_Y_reg_3_
              (rising edge-triggered flip-flop clocked by CLK)
  Endpoint: DP_i_execute_i_alu_out_reg_i_Y_reg_0_
            (rising edge-triggered flip-flop clocked by CLK)
  Path Group: REG2REG
  Path Type: max

  Des/Clust/Port     Wire Load Model       Library
  ------------------------------------------------
  DLX                5K_hvratio_1_4        NangateOpenCellLibrary

  Point                                                   Incr       Path
  --------------------------------------------------------------------------
  clock CLK (rise edge)                                 0.0000     0.0000
  clock network delay (ideal)                           0.0500     0.0500
  DP_i_mem_access_i_rd_out_reg_i_Y_reg_3_/CK (DFF_X1)   0.0000     0.0500 r
  DP_i_mem_access_i_rd_out_reg_i_Y_reg_3_/Q (DFF_X1)    0.1052     0.1552 r
  U2584/ZN (XNOR2_X1)                                   0.0674     0.2225 r
  U6661/ZN (AND4_X1)                                    0.0711     0.2937 r
  U2596/ZN (NAND4_X1)                                   0.0414     0.3351 f
  U1369/ZN (AND2_X1)                                    0.0501     0.3852 f
  U1532/Z (BUF_X1)                                      0.0425     0.4277 f
  U2737/ZN (AOI222_X1)                                  0.1054     0.5331 r
  U5781/Z (MUX2_X1)                                     0.0691     0.6022 r
  U3175/ZN (XNOR2_X1)                                   0.0758     0.6780 r
  U3176/ZN (XNOR2_X1)                                   0.0479     0.7258 f
  U3177/ZN (INV_X1)                                     0.0356     0.7614 r
  U2145/ZN (AND4_X1)                                    0.0586     0.8200 r
  U1688/ZN (AND2_X1)                                    0.0470     0.8669 r
  U1837/ZN (NAND2_X1)                                   0.0311     0.8981 f
  U3219/ZN (AND2_X1)                                    0.0424     0.9405 f
  U3233/ZN (NAND2_X1)                                   0.0299     0.9703 r
  U2344/ZN (NAND2_X1)                                   0.0275     0.9979 f
  U1614/ZN (NAND2_X1)                                   0.0282     1.0260 r
  U2403/ZN (NAND2_X1)                                   0.0274     1.0535 f
  U2402/ZN (NAND2_X1)                                   0.0360     1.0894 r
  U2170/ZN (AND2_X1)                                    0.0512     1.1407 r
  U2126/ZN (AND2_X2)                                    0.0533     1.1940 r
  U969/ZN (AND4_X2)                                     0.0731     1.2671 r
  U1624/ZN (NAND4_X1)                                   0.0478     1.3149 f
  U5690/ZN (OAI21_X1)                                   0.0538     1.3686 r
  U5691/ZN (NAND2_X1)                                   0.0338     1.4025 f
  U5696/ZN (NAND4_X1)                                   0.0344     1.4369 r
  U8821/ZN (NAND2_X1)                                   0.0287     1.4656 f
  U11093/ZN (AND2_X1)                                   0.0363     1.5019 f
  DP_i_execute_i_alu_out_reg_i_Y_reg_0_/D (DFF_X1)      0.0104     1.5123 f
  data arrival time                                                1.5123

  clock CLK (rise edge)                                 1.2000     1.2000
  clock network delay (ideal)                           0.0500     1.2500
  clock uncertainty                                    -0.0500     1.2000
  DP_i_execute_i_alu_out_reg_i_Y_reg_0_/CK (DFF_X1)     0.0000     1.2000 r
  library setup time                                   -0.0239     1.1761
  data required time                                               1.1761
  --------------------------------------------------------------------------
  data required time                                               1.1761
  data arrival time                                               -1.5123
  --------------------------------------------------------------------------
  slack (VIOLATED)                                                -0.3362


  Startpoint: DP_i_fetch_i_IR_out_reg_27_
              (rising edge-triggered flip-flop clocked by CLK)
  Endpoint: DP_i_fetch_i_pc_i_Y_reg_5_
            (rising edge-triggered flip-flop clocked by CLK)
  Path Group: REG2REG
  Path Type: max

  Des/Clust/Port     Wire Load Model       Library
  ------------------------------------------------
  DLX                5K_hvratio_1_4        NangateOpenCellLibrary

  Point                                                   Incr       Path
  --------------------------------------------------------------------------
  clock CLK (rise edge)                                 0.0000     0.0000
  clock network delay (ideal)                           0.0500     0.0500
  DP_i_fetch_i_IR_out_reg_27_/CK (DFF_X1)               0.0000     0.0500 r
  DP_i_fetch_i_IR_out_reg_27_/Q (DFF_X1)                0.0953     0.1453 f
  U1141/ZN (OR2_X1)                                     0.0620     0.2073 f
  U2521/ZN (NAND2_X1)                                   0.0360     0.2434 r
  U3008/ZN (NAND2_X1)                                   0.0324     0.2758 f
  U3011/ZN (NAND2_X1)                                   0.0351     0.3109 r
  U3014/ZN (OAI21_X1)                                   0.0331     0.3439 f
  U2269/ZN (AND2_X1)                                    0.0444     0.3883 f
  U977/ZN (OR2_X1)                                      0.0599     0.4482 f
  U1626/ZN (AND2_X2)                                    0.0498     0.4980 f
  U1311/ZN (OR2_X1)                                     0.0633     0.5613 f
  U5618/ZN (XNOR2_X1)                                   0.0610     0.6223 f
  U5619/ZN (XNOR2_X1)                                   0.0679     0.6902 f
  U1338/ZN (OR2_X1)                                     0.0639     0.7542 f
  U5628/ZN (NAND3_X1)                                   0.0320     0.7862 r
  U1379/ZN (AND4_X1)                                    0.0672     0.8534 r
  U2299/ZN (OR2_X1)                                     0.0418     0.8953 r
  U2300/ZN (NAND2_X1)                                   0.0279     0.9231 f
  U6019/ZN (AND2_X1)                                    0.0356     0.9587 f
  U1992/Z (MUX2_X1)                                     0.0681     1.0268 f
  U2043/ZN (XNOR2_X1)                                   0.0611     1.0879 f
  U6020/ZN (XNOR2_X1)                                   0.0732     1.1611 r
  U1979/ZN (OAI211_X1)                                  0.0510     1.2122 f
  U10587/ZN (OR3_X2)                                    0.1256     1.3377 f
  U9532/ZN (OR2_X1)                                     0.0881     1.4258 f
  U2367/ZN (AND2_X1)                                    0.0379     1.4637 f
  U2388/ZN (NAND4_X1)                                   0.0337     1.4974 r
  DP_i_fetch_i_pc_i_Y_reg_5_/D (DFF_X2)                 0.0109     1.5083 r
  data arrival time                                                1.5083

  clock CLK (rise edge)                                 1.2000     1.2000
  clock network delay (ideal)                           0.0500     1.2500
  clock uncertainty                                    -0.0500     1.2000
  DP_i_fetch_i_pc_i_Y_reg_5_/CK (DFF_X2)                0.0000     1.2000 r
  library setup time                                   -0.0275     1.1725
  data required time                                               1.1725
  --------------------------------------------------------------------------
  data required time                                               1.1725
  data arrival time                                               -1.5083
  --------------------------------------------------------------------------
  slack (VIOLATED)                                                -0.3358


  Startpoint: DP_i_fetch_i_IR_out_reg_27_
              (rising edge-triggered flip-flop clocked by CLK)
  Endpoint: DP_i_fetch_i_pc_i_Y_reg_2_
            (rising edge-triggered flip-flop clocked by CLK)
  Path Group: REG2REG
  Path Type: max

  Des/Clust/Port     Wire Load Model       Library
  ------------------------------------------------
  DLX                5K_hvratio_1_4        NangateOpenCellLibrary

  Point                                                   Incr       Path
  --------------------------------------------------------------------------
  clock CLK (rise edge)                                 0.0000     0.0000
  clock network delay (ideal)                           0.0500     0.0500
  DP_i_fetch_i_IR_out_reg_27_/CK (DFF_X1)               0.0000     0.0500 r
  DP_i_fetch_i_IR_out_reg_27_/Q (DFF_X1)                0.0953     0.1453 f
  U1141/ZN (OR2_X1)                                     0.0620     0.2073 f
  U2521/ZN (NAND2_X1)                                   0.0360     0.2434 r
  U3008/ZN (NAND2_X1)                                   0.0324     0.2758 f
  U3011/ZN (NAND2_X1)                                   0.0351     0.3109 r
  U3014/ZN (OAI21_X1)                                   0.0331     0.3439 f
  U2269/ZN (AND2_X1)                                    0.0444     0.3883 f
  U977/ZN (OR2_X1)                                      0.0599     0.4482 f
  U1626/ZN (AND2_X2)                                    0.0498     0.4980 f
  U1311/ZN (OR2_X1)                                     0.0633     0.5613 f
  U5618/ZN (XNOR2_X1)                                   0.0610     0.6223 f
  U5619/ZN (XNOR2_X1)                                   0.0679     0.6902 f
  U1338/ZN (OR2_X1)                                     0.0639     0.7542 f
  U5628/ZN (NAND3_X1)                                   0.0320     0.7862 r
  U1379/ZN (AND4_X1)                                    0.0672     0.8534 r
  U2299/ZN (OR2_X1)                                     0.0418     0.8953 r
  U2300/ZN (NAND2_X1)                                   0.0279     0.9231 f
  U6019/ZN (AND2_X1)                                    0.0356     0.9587 f
  U1992/Z (MUX2_X1)                                     0.0681     1.0268 f
  U2043/ZN (XNOR2_X1)                                   0.0611     1.0879 f
  U6020/ZN (XNOR2_X1)                                   0.0732     1.1611 r
  U1979/ZN (OAI211_X1)                                  0.0510     1.2122 f
  U10587/ZN (OR3_X2)                                    0.1256     1.3377 f
  U2554/ZN (OR2_X1)                                     0.0881     1.4258 f
  U2374/ZN (AND2_X1)                                    0.0379     1.4637 f
  U2395/ZN (NAND4_X1)                                   0.0337     1.4974 r
  DP_i_fetch_i_pc_i_Y_reg_2_/D (DFF_X2)                 0.0109     1.5083 r
  data arrival time                                                1.5083

  clock CLK (rise edge)                                 1.2000     1.2000
  clock network delay (ideal)                           0.0500     1.2500
  clock uncertainty                                    -0.0500     1.2000
  DP_i_fetch_i_pc_i_Y_reg_2_/CK (DFF_X2)                0.0000     1.2000 r
  library setup time                                   -0.0275     1.1725
  data required time                                               1.1725
  --------------------------------------------------------------------------
  data required time                                               1.1725
  data arrival time                                               -1.5083
  --------------------------------------------------------------------------
  slack (VIOLATED)                                                -0.3358


  Startpoint: DP_i_fetch_i_IR_out_reg_27_
              (rising edge-triggered flip-flop clocked by CLK)
  Endpoint: DP_i_fetch_i_pc_i_Y_reg_11_
            (rising edge-triggered flip-flop clocked by CLK)
  Path Group: REG2REG
  Path Type: max

  Des/Clust/Port     Wire Load Model       Library
  ------------------------------------------------
  DLX                5K_hvratio_1_4        NangateOpenCellLibrary

  Point                                                   Incr       Path
  --------------------------------------------------------------------------
  clock CLK (rise edge)                                 0.0000     0.0000
  clock network delay (ideal)                           0.0500     0.0500
  DP_i_fetch_i_IR_out_reg_27_/CK (DFF_X1)               0.0000     0.0500 r
  DP_i_fetch_i_IR_out_reg_27_/Q (DFF_X1)                0.0953     0.1453 f
  U1141/ZN (OR2_X1)                                     0.0620     0.2073 f
  U2521/ZN (NAND2_X1)                                   0.0360     0.2434 r
  U3008/ZN (NAND2_X1)                                   0.0324     0.2758 f
  U3011/ZN (NAND2_X1)                                   0.0351     0.3109 r
  U3014/ZN (OAI21_X1)                                   0.0331     0.3439 f
  U2269/ZN (AND2_X1)                                    0.0444     0.3883 f
  U977/ZN (OR2_X1)                                      0.0599     0.4482 f
  U1626/ZN (AND2_X2)                                    0.0498     0.4980 f
  U1311/ZN (OR2_X1)                                     0.0633     0.5613 f
  U5618/ZN (XNOR2_X1)                                   0.0610     0.6223 f
  U5619/ZN (XNOR2_X1)                                   0.0679     0.6902 f
  U1338/ZN (OR2_X1)                                     0.0639     0.7542 f
  U5628/ZN (NAND3_X1)                                   0.0320     0.7862 r
  U1379/ZN (AND4_X1)                                    0.0672     0.8534 r
  U2299/ZN (OR2_X1)                                     0.0418     0.8953 r
  U2300/ZN (NAND2_X1)                                   0.0279     0.9231 f
  U6019/ZN (AND2_X1)                                    0.0356     0.9587 f
  U1992/Z (MUX2_X1)                                     0.0681     1.0268 f
  U2043/ZN (XNOR2_X1)                                   0.0611     1.0879 f
  U6020/ZN (XNOR2_X1)                                   0.0732     1.1611 r
  U1979/ZN (OAI211_X1)                                  0.0510     1.2122 f
  U10587/ZN (OR3_X2)                                    0.1256     1.3377 f
  U2566/ZN (OR2_X1)                                     0.0881     1.4258 f
  U2380/ZN (AND2_X1)                                    0.0379     1.4637 f
  U2401/ZN (NAND4_X1)                                   0.0337     1.4974 r
  DP_i_fetch_i_pc_i_Y_reg_11_/D (DFF_X2)                0.0109     1.5083 r
  data arrival time                                                1.5083

  clock CLK (rise edge)                                 1.2000     1.2000
  clock network delay (ideal)                           0.0500     1.2500
  clock uncertainty                                    -0.0500     1.2000
  DP_i_fetch_i_pc_i_Y_reg_11_/CK (DFF_X2)               0.0000     1.2000 r
  library setup time                                   -0.0275     1.1725
  data required time                                               1.1725
  --------------------------------------------------------------------------
  data required time                                               1.1725
  data arrival time                                               -1.5083
  --------------------------------------------------------------------------
  slack (VIOLATED)                                                -0.3358


  Startpoint: DP_i_fetch_i_IR_out_reg_27_
              (rising edge-triggered flip-flop clocked by CLK)
  Endpoint: DP_i_fetch_i_pc_i_Y_reg_3_
            (rising edge-triggered flip-flop clocked by CLK)
  Path Group: REG2REG
  Path Type: max

  Des/Clust/Port     Wire Load Model       Library
  ------------------------------------------------
  DLX                5K_hvratio_1_4        NangateOpenCellLibrary

  Point                                                   Incr       Path
  --------------------------------------------------------------------------
  clock CLK (rise edge)                                 0.0000     0.0000
  clock network delay (ideal)                           0.0500     0.0500
  DP_i_fetch_i_IR_out_reg_27_/CK (DFF_X1)               0.0000     0.0500 r
  DP_i_fetch_i_IR_out_reg_27_/Q (DFF_X1)                0.0953     0.1453 f
  U1141/ZN (OR2_X1)                                     0.0620     0.2073 f
  U2521/ZN (NAND2_X1)                                   0.0360     0.2434 r
  U3008/ZN (NAND2_X1)                                   0.0324     0.2758 f
  U3011/ZN (NAND2_X1)                                   0.0351     0.3109 r
  U3014/ZN (OAI21_X1)                                   0.0331     0.3439 f
  U2269/ZN (AND2_X1)                                    0.0444     0.3883 f
  U977/ZN (OR2_X1)                                      0.0599     0.4482 f
  U1626/ZN (AND2_X2)                                    0.0498     0.4980 f
  U1311/ZN (OR2_X1)                                     0.0633     0.5613 f
  U5618/ZN (XNOR2_X1)                                   0.0610     0.6223 f
  U5619/ZN (XNOR2_X1)                                   0.0679     0.6902 f
  U1338/ZN (OR2_X1)                                     0.0639     0.7542 f
  U5628/ZN (NAND3_X1)                                   0.0320     0.7862 r
  U1379/ZN (AND4_X1)                                    0.0672     0.8534 r
  U2299/ZN (OR2_X1)                                     0.0418     0.8953 r
  U2300/ZN (NAND2_X1)                                   0.0279     0.9231 f
  U6019/ZN (AND2_X1)                                    0.0356     0.9587 f
  U1992/Z (MUX2_X1)                                     0.0681     1.0268 f
  U2043/ZN (XNOR2_X1)                                   0.0611     1.0879 f
  U6020/ZN (XNOR2_X1)                                   0.0732     1.1611 r
  U1979/ZN (OAI211_X1)                                  0.0510     1.2122 f
  U10587/ZN (OR3_X2)                                    0.1256     1.3377 f
  U2556/ZN (OR2_X1)                                     0.0881     1.4258 f
  U2371/ZN (AND2_X1)                                    0.0379     1.4637 f
  U2392/ZN (NAND4_X1)                                   0.0337     1.4974 r
  DP_i_fetch_i_pc_i_Y_reg_3_/D (DFF_X2)                 0.0109     1.5083 r
  data arrival time                                                1.5083

  clock CLK (rise edge)                                 1.2000     1.2000
  clock network delay (ideal)                           0.0500     1.2500
  clock uncertainty                                    -0.0500     1.2000
  DP_i_fetch_i_pc_i_Y_reg_3_/CK (DFF_X2)                0.0000     1.2000 r
  library setup time                                   -0.0275     1.1725
  data required time                                               1.1725
  --------------------------------------------------------------------------
  data required time                                               1.1725
  data arrival time                                               -1.5083
  --------------------------------------------------------------------------
  slack (VIOLATED)                                                -0.3358


  Startpoint: DP_i_fetch_i_IR_out_reg_27_
              (rising edge-triggered flip-flop clocked by CLK)
  Endpoint: DP_i_fetch_i_pc_i_Y_reg_1_
            (rising edge-triggered flip-flop clocked by CLK)
  Path Group: REG2REG
  Path Type: max

  Des/Clust/Port     Wire Load Model       Library
  ------------------------------------------------
  DLX                5K_hvratio_1_4        NangateOpenCellLibrary

  Point                                                   Incr       Path
  --------------------------------------------------------------------------
  clock CLK (rise edge)                                 0.0000     0.0000
  clock network delay (ideal)                           0.0500     0.0500
  DP_i_fetch_i_IR_out_reg_27_/CK (DFF_X1)               0.0000     0.0500 r
  DP_i_fetch_i_IR_out_reg_27_/Q (DFF_X1)                0.0953     0.1453 f
  U1141/ZN (OR2_X1)                                     0.0620     0.2073 f
  U2521/ZN (NAND2_X1)                                   0.0360     0.2434 r
  U3008/ZN (NAND2_X1)                                   0.0324     0.2758 f
  U3011/ZN (NAND2_X1)                                   0.0351     0.3109 r
  U3014/ZN (OAI21_X1)                                   0.0331     0.3439 f
  U2269/ZN (AND2_X1)                                    0.0444     0.3883 f
  U977/ZN (OR2_X1)                                      0.0599     0.4482 f
  U1626/ZN (AND2_X2)                                    0.0498     0.4980 f
  U1311/ZN (OR2_X1)                                     0.0633     0.5613 f
  U5618/ZN (XNOR2_X1)                                   0.0610     0.6223 f
  U5619/ZN (XNOR2_X1)                                   0.0679     0.6902 f
  U1338/ZN (OR2_X1)                                     0.0639     0.7542 f
  U5628/ZN (NAND3_X1)                                   0.0320     0.7862 r
  U1379/ZN (AND4_X1)                                    0.0672     0.8534 r
  U2299/ZN (OR2_X1)                                     0.0418     0.8953 r
  U2300/ZN (NAND2_X1)                                   0.0279     0.9231 f
  U6019/ZN (AND2_X1)                                    0.0356     0.9587 f
  U1992/Z (MUX2_X1)                                     0.0681     1.0268 f
  U2043/ZN (XNOR2_X1)                                   0.0611     1.0879 f
  U6020/ZN (XNOR2_X1)                                   0.0732     1.1611 r
  U1979/ZN (OAI211_X1)                                  0.0510     1.2122 f
  U10587/ZN (OR3_X2)                                    0.1256     1.3377 f
  U2555/ZN (OR2_X1)                                     0.0881     1.4258 f
  U2379/ZN (AND2_X1)                                    0.0379     1.4637 f
  U2400/ZN (NAND4_X1)                                   0.0337     1.4974 r
  DP_i_fetch_i_pc_i_Y_reg_1_/D (DFF_X2)                 0.0109     1.5083 r
  data arrival time                                                1.5083

  clock CLK (rise edge)                                 1.2000     1.2000
  clock network delay (ideal)                           0.0500     1.2500
  clock uncertainty                                    -0.0500     1.2000
  DP_i_fetch_i_pc_i_Y_reg_1_/CK (DFF_X2)                0.0000     1.2000 r
  library setup time                                   -0.0275     1.1725
  data required time                                               1.1725
  --------------------------------------------------------------------------
  data required time                                               1.1725
  data arrival time                                               -1.5083
  --------------------------------------------------------------------------
  slack (VIOLATED)                                                -0.3358


  Startpoint: DP_i_fetch_i_IR_out_reg_27_
              (rising edge-triggered flip-flop clocked by CLK)
  Endpoint: DP_i_fetch_i_pc_i_Y_reg_6_
            (rising edge-triggered flip-flop clocked by CLK)
  Path Group: REG2REG
  Path Type: max

  Des/Clust/Port     Wire Load Model       Library
  ------------------------------------------------
  DLX                5K_hvratio_1_4        NangateOpenCellLibrary

  Point                                                   Incr       Path
  --------------------------------------------------------------------------
  clock CLK (rise edge)                                 0.0000     0.0000
  clock network delay (ideal)                           0.0500     0.0500
  DP_i_fetch_i_IR_out_reg_27_/CK (DFF_X1)               0.0000     0.0500 r
  DP_i_fetch_i_IR_out_reg_27_/Q (DFF_X1)                0.0953     0.1453 f
  U1141/ZN (OR2_X1)                                     0.0620     0.2073 f
  U2521/ZN (NAND2_X1)                                   0.0360     0.2434 r
  U3008/ZN (NAND2_X1)                                   0.0324     0.2758 f
  U3011/ZN (NAND2_X1)                                   0.0351     0.3109 r
  U3014/ZN (OAI21_X1)                                   0.0331     0.3439 f
  U2269/ZN (AND2_X1)                                    0.0444     0.3883 f
  U977/ZN (OR2_X1)                                      0.0599     0.4482 f
  U1626/ZN (AND2_X2)                                    0.0498     0.4980 f
  U1311/ZN (OR2_X1)                                     0.0633     0.5613 f
  U5618/ZN (XNOR2_X1)                                   0.0610     0.6223 f
  U5619/ZN (XNOR2_X1)                                   0.0679     0.6902 f
  U1338/ZN (OR2_X1)                                     0.0639     0.7542 f
  U5628/ZN (NAND3_X1)                                   0.0320     0.7862 r
  U1379/ZN (AND4_X1)                                    0.0672     0.8534 r
  U2299/ZN (OR2_X1)                                     0.0418     0.8953 r
  U2300/ZN (NAND2_X1)                                   0.0279     0.9231 f
  U6019/ZN (AND2_X1)                                    0.0356     0.9587 f
  U1992/Z (MUX2_X1)                                     0.0681     1.0268 f
  U2043/ZN (XNOR2_X1)                                   0.0611     1.0879 f
  U6020/ZN (XNOR2_X1)                                   0.0732     1.1611 r
  U1979/ZN (OAI211_X1)                                  0.0510     1.2122 f
  U10587/ZN (OR3_X2)                                    0.1256     1.3377 f
  U2562/ZN (OR2_X1)                                     0.0881     1.4258 f
  U2373/ZN (AND2_X1)                                    0.0379     1.4637 f
  U2394/ZN (NAND4_X1)                                   0.0337     1.4974 r
  DP_i_fetch_i_pc_i_Y_reg_6_/D (DFF_X2)                 0.0109     1.5083 r
  data arrival time                                                1.5083

  clock CLK (rise edge)                                 1.2000     1.2000
  clock network delay (ideal)                           0.0500     1.2500
  clock uncertainty                                    -0.0500     1.2000
  DP_i_fetch_i_pc_i_Y_reg_6_/CK (DFF_X2)                0.0000     1.2000 r
  library setup time                                   -0.0275     1.1725
  data required time                                               1.1725
  --------------------------------------------------------------------------
  data required time                                               1.1725
  data arrival time                                               -1.5083
  --------------------------------------------------------------------------
  slack (VIOLATED)                                                -0.3358


  Startpoint: DP_i_mem_access_i_rd_out_reg_i_Y_reg_3_
              (rising edge-triggered flip-flop clocked by CLK)
  Endpoint: DP_i_fetch_i_btb_i_clk_gate_btb_table_reg_0__TARGET_/latch
            (gating element for clock CLK)
  Path Group: CLK
  Path Type: max

  Des/Clust/Port     Wire Load Model       Library
  ------------------------------------------------
  DLX                5K_hvratio_1_4        NangateOpenCellLibrary

  Point                                                   Incr       Path
  --------------------------------------------------------------------------
  clock CLK (rise edge)                                 0.0000     0.0000
  clock network delay (ideal)                           0.0500     0.0500
  DP_i_mem_access_i_rd_out_reg_i_Y_reg_3_/CK (DFF_X1)   0.0000     0.0500 r
  DP_i_mem_access_i_rd_out_reg_i_Y_reg_3_/QN (DFF_X1)   0.0782     0.1282 f
  U8806/ZN (INV_X1)                                     0.0335     0.1617 r
  DP_i_decode_i_reg_file_i/addr_w[3] (register_file)    0.0000     0.1617 r
  DP_i_decode_i_reg_file_i/U181/ZN (XNOR2_X1)           0.0648     0.2264 r
  DP_i_decode_i_reg_file_i/U75/ZN (AND2_X1)             0.0496     0.2760 r
  DP_i_decode_i_reg_file_i/U149/ZN (AND4_X2)            0.0734     0.3494 r
  DP_i_decode_i_reg_file_i/U196/ZN (INV_X1)             0.0334     0.3828 f
  DP_i_decode_i_reg_file_i/U166/ZN (AND3_X1)            0.0477     0.4305 f
  DP_i_decode_i_reg_file_i/U165/Z (BUF_X1)              0.0426     0.4731 f
  DP_i_decode_i_reg_file_i/U1998/ZN (AOI22_X1)          0.0529     0.5261 r
  DP_i_decode_i_reg_file_i/U2002/ZN (AND4_X1)           0.0642     0.5902 r
  DP_i_decode_i_reg_file_i/U2016/ZN (NAND4_X1)          0.0429     0.6331 f
  DP_i_decode_i_reg_file_i/output1[0] (register_file)   0.0000     0.6331 f
  U4235/ZN (OAI211_X1)                                  0.0560     0.6891 r
  U4236/ZN (NAND2_X1)                                   0.0438     0.7329 f
  U2341/ZN (NAND2_X1)                                   0.0391     0.7721 r
  U2360/ZN (NAND2_X1)                                   0.0385     0.8106 f
  U2350/Z (MUX2_X1)                                     0.0718     0.8824 f
  U2340/ZN (OR2_X1)                                     0.0556     0.9380 f
  U2346/ZN (OAI211_X1)                                  0.0360     0.9741 r
  U2410/ZN (NAND2_X1)                                   0.0360     1.0100 f
  U1612/ZN (OAI21_X1)                                   0.0495     1.0596 r
  U8345/ZN (NAND2_X1)                                   0.0320     1.0916 f
  U2087/ZN (AND2_X1)                                    0.0419     1.1334 f
  U2381/ZN (NAND2_X1)                                   0.0440     1.1774 r
  U1575/ZN (NOR2_X2)                                    0.0468     1.2243 f
  U9616/ZN (NOR2_X1)                                    0.0626     1.2869 r
  U11542/ZN (OR2_X1)                                    0.0437     1.3306 r
  U11543/ZN (INV_X1)                                    0.0215     1.3521 f
  DP_i_fetch_i_btb_i_clk_gate_btb_table_reg_0__TARGET_/EN (SNPS_CLOCK_GATE_HIGH_BTB_NBIT32_BTB_DEPTH16_BTB_INDEX_MSB5_32)
                                                        0.0000     1.3521 f
  DP_i_fetch_i_btb_i_clk_gate_btb_table_reg_0__TARGET_/latch/E (CLKGATETST_X1)
                                                        0.0088     1.3609 f
  data arrival time                                                1.3609

  clock CLK (rise edge)                                 1.2000     1.2000
  clock network delay (ideal)                           0.0500     1.2500
  clock uncertainty                                    -0.0500     1.2000
  DP_i_fetch_i_btb_i_clk_gate_btb_table_reg_0__TARGET_/latch/CK (CLKGATETST_X1)
                                                        0.0000     1.2000 r
  clock gating setup time                              -0.0612     1.1388
  data required time                                               1.1388
  --------------------------------------------------------------------------
  data required time                                               1.1388
  data arrival time                                               -1.3609
  --------------------------------------------------------------------------
  slack (VIOLATED)                                                -0.2221


  Startpoint: DP_i_mem_access_i_rd_out_reg_i_Y_reg_3_
              (rising edge-triggered flip-flop clocked by CLK)
  Endpoint: DP_i_fetch_i_btb_i_clk_gate_btb_table_reg_1__TARGET_/latch
            (gating element for clock CLK)
  Path Group: CLK
  Path Type: max

  Des/Clust/Port     Wire Load Model       Library
  ------------------------------------------------
  DLX                5K_hvratio_1_4        NangateOpenCellLibrary

  Point                                                   Incr       Path
  --------------------------------------------------------------------------
  clock CLK (rise edge)                                 0.0000     0.0000
  clock network delay (ideal)                           0.0500     0.0500
  DP_i_mem_access_i_rd_out_reg_i_Y_reg_3_/CK (DFF_X1)   0.0000     0.0500 r
  DP_i_mem_access_i_rd_out_reg_i_Y_reg_3_/QN (DFF_X1)   0.0782     0.1282 f
  U8806/ZN (INV_X1)                                     0.0335     0.1617 r
  DP_i_decode_i_reg_file_i/addr_w[3] (register_file)    0.0000     0.1617 r
  DP_i_decode_i_reg_file_i/U181/ZN (XNOR2_X1)           0.0648     0.2264 r
  DP_i_decode_i_reg_file_i/U75/ZN (AND2_X1)             0.0496     0.2760 r
  DP_i_decode_i_reg_file_i/U149/ZN (AND4_X2)            0.0734     0.3494 r
  DP_i_decode_i_reg_file_i/U196/ZN (INV_X1)             0.0334     0.3828 f
  DP_i_decode_i_reg_file_i/U166/ZN (AND3_X1)            0.0477     0.4305 f
  DP_i_decode_i_reg_file_i/U165/Z (BUF_X1)              0.0426     0.4731 f
  DP_i_decode_i_reg_file_i/U1998/ZN (AOI22_X1)          0.0529     0.5261 r
  DP_i_decode_i_reg_file_i/U2002/ZN (AND4_X1)           0.0642     0.5902 r
  DP_i_decode_i_reg_file_i/U2016/ZN (NAND4_X1)          0.0429     0.6331 f
  DP_i_decode_i_reg_file_i/output1[0] (register_file)   0.0000     0.6331 f
  U4235/ZN (OAI211_X1)                                  0.0560     0.6891 r
  U4236/ZN (NAND2_X1)                                   0.0438     0.7329 f
  U2341/ZN (NAND2_X1)                                   0.0391     0.7721 r
  U2360/ZN (NAND2_X1)                                   0.0385     0.8106 f
  U2350/Z (MUX2_X1)                                     0.0718     0.8824 f
  U2340/ZN (OR2_X1)                                     0.0556     0.9380 f
  U2346/ZN (OAI211_X1)                                  0.0360     0.9741 r
  U2410/ZN (NAND2_X1)                                   0.0360     1.0100 f
  U1612/ZN (OAI21_X1)                                   0.0495     1.0596 r
  U8345/ZN (NAND2_X1)                                   0.0320     1.0916 f
  U2087/ZN (AND2_X1)                                    0.0419     1.1334 f
  U2381/ZN (NAND2_X1)                                   0.0440     1.1774 r
  U1575/ZN (NOR2_X2)                                    0.0468     1.2243 f
  U9616/ZN (NOR2_X1)                                    0.0626     1.2869 r
  U11539/ZN (OR2_X1)                                    0.0437     1.3306 r
  U11540/ZN (INV_X1)                                    0.0215     1.3521 f
  DP_i_fetch_i_btb_i_clk_gate_btb_table_reg_1__TARGET_/EN (SNPS_CLOCK_GATE_HIGH_BTB_NBIT32_BTB_DEPTH16_BTB_INDEX_MSB5_30)
                                                        0.0000     1.3521 f
  DP_i_fetch_i_btb_i_clk_gate_btb_table_reg_1__TARGET_/latch/E (CLKGATETST_X1)
                                                        0.0088     1.3609 f
  data arrival time                                                1.3609

  clock CLK (rise edge)                                 1.2000     1.2000
  clock network delay (ideal)                           0.0500     1.2500
  clock uncertainty                                    -0.0500     1.2000
  DP_i_fetch_i_btb_i_clk_gate_btb_table_reg_1__TARGET_/latch/CK (CLKGATETST_X1)
                                                        0.0000     1.2000 r
  clock gating setup time                              -0.0612     1.1388
  data required time                                               1.1388
  --------------------------------------------------------------------------
  data required time                                               1.1388
  data arrival time                                               -1.3609
  --------------------------------------------------------------------------
  slack (VIOLATED)                                                -0.2221


  Startpoint: DP_i_mem_access_i_rd_out_reg_i_Y_reg_3_
              (rising edge-triggered flip-flop clocked by CLK)
  Endpoint: DP_i_fetch_i_btb_i_clk_gate_btb_table_reg_2__TARGET_/latch
            (gating element for clock CLK)
  Path Group: CLK
  Path Type: max

  Des/Clust/Port     Wire Load Model       Library
  ------------------------------------------------
  DLX                5K_hvratio_1_4        NangateOpenCellLibrary

  Point                                                   Incr       Path
  --------------------------------------------------------------------------
  clock CLK (rise edge)                                 0.0000     0.0000
  clock network delay (ideal)                           0.0500     0.0500
  DP_i_mem_access_i_rd_out_reg_i_Y_reg_3_/CK (DFF_X1)   0.0000     0.0500 r
  DP_i_mem_access_i_rd_out_reg_i_Y_reg_3_/QN (DFF_X1)   0.0782     0.1282 f
  U8806/ZN (INV_X1)                                     0.0335     0.1617 r
  DP_i_decode_i_reg_file_i/addr_w[3] (register_file)    0.0000     0.1617 r
  DP_i_decode_i_reg_file_i/U181/ZN (XNOR2_X1)           0.0648     0.2264 r
  DP_i_decode_i_reg_file_i/U75/ZN (AND2_X1)             0.0496     0.2760 r
  DP_i_decode_i_reg_file_i/U149/ZN (AND4_X2)            0.0734     0.3494 r
  DP_i_decode_i_reg_file_i/U196/ZN (INV_X1)             0.0334     0.3828 f
  DP_i_decode_i_reg_file_i/U166/ZN (AND3_X1)            0.0477     0.4305 f
  DP_i_decode_i_reg_file_i/U165/Z (BUF_X1)              0.0426     0.4731 f
  DP_i_decode_i_reg_file_i/U1998/ZN (AOI22_X1)          0.0529     0.5261 r
  DP_i_decode_i_reg_file_i/U2002/ZN (AND4_X1)           0.0642     0.5902 r
  DP_i_decode_i_reg_file_i/U2016/ZN (NAND4_X1)          0.0429     0.6331 f
  DP_i_decode_i_reg_file_i/output1[0] (register_file)   0.0000     0.6331 f
  U4235/ZN (OAI211_X1)                                  0.0560     0.6891 r
  U4236/ZN (NAND2_X1)                                   0.0438     0.7329 f
  U2341/ZN (NAND2_X1)                                   0.0391     0.7721 r
  U2360/ZN (NAND2_X1)                                   0.0385     0.8106 f
  U2350/Z (MUX2_X1)                                     0.0718     0.8824 f
  U2340/ZN (OR2_X1)                                     0.0556     0.9380 f
  U2346/ZN (OAI211_X1)                                  0.0360     0.9741 r
  U2410/ZN (NAND2_X1)                                   0.0360     1.0100 f
  U1612/ZN (OAI21_X1)                                   0.0495     1.0596 r
  U8345/ZN (NAND2_X1)                                   0.0320     1.0916 f
  U2087/ZN (AND2_X1)                                    0.0419     1.1334 f
  U2381/ZN (NAND2_X1)                                   0.0440     1.1774 r
  U1575/ZN (NOR2_X2)                                    0.0468     1.2243 f
  U9616/ZN (NOR2_X1)                                    0.0626     1.2869 r
  U11536/ZN (OR2_X1)                                    0.0437     1.3306 r
  U11537/ZN (INV_X1)                                    0.0215     1.3521 f
  DP_i_fetch_i_btb_i_clk_gate_btb_table_reg_2__TARGET_/EN (SNPS_CLOCK_GATE_HIGH_BTB_NBIT32_BTB_DEPTH16_BTB_INDEX_MSB5_28)
                                                        0.0000     1.3521 f
  DP_i_fetch_i_btb_i_clk_gate_btb_table_reg_2__TARGET_/latch/E (CLKGATETST_X1)
                                                        0.0088     1.3609 f
  data arrival time                                                1.3609

  clock CLK (rise edge)                                 1.2000     1.2000
  clock network delay (ideal)                           0.0500     1.2500
  clock uncertainty                                    -0.0500     1.2000
  DP_i_fetch_i_btb_i_clk_gate_btb_table_reg_2__TARGET_/latch/CK (CLKGATETST_X1)
                                                        0.0000     1.2000 r
  clock gating setup time                              -0.0612     1.1388
  data required time                                               1.1388
  --------------------------------------------------------------------------
  data required time                                               1.1388
  data arrival time                                               -1.3609
  --------------------------------------------------------------------------
  slack (VIOLATED)                                                -0.2221


  Startpoint: DP_i_mem_access_i_rd_out_reg_i_Y_reg_3_
              (rising edge-triggered flip-flop clocked by CLK)
  Endpoint: DP_i_fetch_i_btb_i_clk_gate_btb_table_reg_3__TARGET_/latch
            (gating element for clock CLK)
  Path Group: CLK
  Path Type: max

  Des/Clust/Port     Wire Load Model       Library
  ------------------------------------------------
  DLX                5K_hvratio_1_4        NangateOpenCellLibrary

  Point                                                   Incr       Path
  --------------------------------------------------------------------------
  clock CLK (rise edge)                                 0.0000     0.0000
  clock network delay (ideal)                           0.0500     0.0500
  DP_i_mem_access_i_rd_out_reg_i_Y_reg_3_/CK (DFF_X1)   0.0000     0.0500 r
  DP_i_mem_access_i_rd_out_reg_i_Y_reg_3_/QN (DFF_X1)   0.0782     0.1282 f
  U8806/ZN (INV_X1)                                     0.0335     0.1617 r
  DP_i_decode_i_reg_file_i/addr_w[3] (register_file)    0.0000     0.1617 r
  DP_i_decode_i_reg_file_i/U181/ZN (XNOR2_X1)           0.0648     0.2264 r
  DP_i_decode_i_reg_file_i/U75/ZN (AND2_X1)             0.0496     0.2760 r
  DP_i_decode_i_reg_file_i/U149/ZN (AND4_X2)            0.0734     0.3494 r
  DP_i_decode_i_reg_file_i/U196/ZN (INV_X1)             0.0334     0.3828 f
  DP_i_decode_i_reg_file_i/U166/ZN (AND3_X1)            0.0477     0.4305 f
  DP_i_decode_i_reg_file_i/U165/Z (BUF_X1)              0.0426     0.4731 f
  DP_i_decode_i_reg_file_i/U1998/ZN (AOI22_X1)          0.0529     0.5261 r
  DP_i_decode_i_reg_file_i/U2002/ZN (AND4_X1)           0.0642     0.5902 r
  DP_i_decode_i_reg_file_i/U2016/ZN (NAND4_X1)          0.0429     0.6331 f
  DP_i_decode_i_reg_file_i/output1[0] (register_file)   0.0000     0.6331 f
  U4235/ZN (OAI211_X1)                                  0.0560     0.6891 r
  U4236/ZN (NAND2_X1)                                   0.0438     0.7329 f
  U2341/ZN (NAND2_X1)                                   0.0391     0.7721 r
  U2360/ZN (NAND2_X1)                                   0.0385     0.8106 f
  U2350/Z (MUX2_X1)                                     0.0718     0.8824 f
  U2340/ZN (OR2_X1)                                     0.0556     0.9380 f
  U2346/ZN (OAI211_X1)                                  0.0360     0.9741 r
  U2410/ZN (NAND2_X1)                                   0.0360     1.0100 f
  U1612/ZN (OAI21_X1)                                   0.0495     1.0596 r
  U8345/ZN (NAND2_X1)                                   0.0320     1.0916 f
  U2087/ZN (AND2_X1)                                    0.0419     1.1334 f
  U2381/ZN (NAND2_X1)                                   0.0440     1.1774 r
  U1575/ZN (NOR2_X2)                                    0.0468     1.2243 f
  U9616/ZN (NOR2_X1)                                    0.0626     1.2869 r
  U11533/ZN (OR2_X1)                                    0.0437     1.3306 r
  U11534/ZN (INV_X1)                                    0.0215     1.3521 f
  DP_i_fetch_i_btb_i_clk_gate_btb_table_reg_3__TARGET_/EN (SNPS_CLOCK_GATE_HIGH_BTB_NBIT32_BTB_DEPTH16_BTB_INDEX_MSB5_26)
                                                        0.0000     1.3521 f
  DP_i_fetch_i_btb_i_clk_gate_btb_table_reg_3__TARGET_/latch/E (CLKGATETST_X1)
                                                        0.0088     1.3609 f
  data arrival time                                                1.3609

  clock CLK (rise edge)                                 1.2000     1.2000
  clock network delay (ideal)                           0.0500     1.2500
  clock uncertainty                                    -0.0500     1.2000
  DP_i_fetch_i_btb_i_clk_gate_btb_table_reg_3__TARGET_/latch/CK (CLKGATETST_X1)
                                                        0.0000     1.2000 r
  clock gating setup time                              -0.0612     1.1388
  data required time                                               1.1388
  --------------------------------------------------------------------------
  data required time                                               1.1388
  data arrival time                                               -1.3609
  --------------------------------------------------------------------------
  slack (VIOLATED)                                                -0.2221


  Startpoint: DP_i_mem_access_i_rd_out_reg_i_Y_reg_3_
              (rising edge-triggered flip-flop clocked by CLK)
  Endpoint: DP_i_fetch_i_btb_i_clk_gate_btb_table_reg_0__TARGET_/latch
            (gating element for clock CLK)
  Path Group: CLK
  Path Type: max

  Des/Clust/Port     Wire Load Model       Library
  ------------------------------------------------
  DLX                5K_hvratio_1_4        NangateOpenCellLibrary

  Point                                                   Incr       Path
  --------------------------------------------------------------------------
  clock CLK (rise edge)                                 0.0000     0.0000
  clock network delay (ideal)                           0.0500     0.0500
  DP_i_mem_access_i_rd_out_reg_i_Y_reg_3_/CK (DFF_X1)   0.0000     0.0500 r
  DP_i_mem_access_i_rd_out_reg_i_Y_reg_3_/QN (DFF_X1)   0.0782     0.1282 f
  U8806/ZN (INV_X1)                                     0.0335     0.1617 r
  DP_i_decode_i_reg_file_i/addr_w[3] (register_file)    0.0000     0.1617 r
  DP_i_decode_i_reg_file_i/U181/ZN (XNOR2_X1)           0.0648     0.2264 r
  DP_i_decode_i_reg_file_i/U144/ZN (AND2_X1)            0.0496     0.2760 r
  DP_i_decode_i_reg_file_i/U148/ZN (AND4_X2)            0.0713     0.3473 r
  DP_i_decode_i_reg_file_i/U193/ZN (INV_X1)             0.0344     0.3817 f
  DP_i_decode_i_reg_file_i/U9/ZN (AND3_X1)              0.0515     0.4332 f
  DP_i_decode_i_reg_file_i/U1953/ZN (NAND2_X1)          0.0331     0.4662 r
  DP_i_decode_i_reg_file_i/U1957/ZN (AND4_X1)           0.0644     0.5306 r
  DP_i_decode_i_reg_file_i/U1971/ZN (AND4_X1)           0.0602     0.5908 r
  DP_i_decode_i_reg_file_i/U1991/ZN (NAND4_X1)          0.0429     0.6337 f
  DP_i_decode_i_reg_file_i/output1[1] (register_file)   0.0000     0.6337 f
  U4232/ZN (OAI211_X1)                                  0.0556     0.6893 r
  U4236/ZN (NAND2_X1)                                   0.0436     0.7329 f
  U2341/ZN (NAND2_X1)                                   0.0391     0.7720 r
  U2360/ZN (NAND2_X1)                                   0.0385     0.8105 f
  U2350/Z (MUX2_X1)                                     0.0718     0.8824 f
  U2340/ZN (OR2_X1)                                     0.0556     0.9380 f
  U2346/ZN (OAI211_X1)                                  0.0360     0.9740 r
  U2410/ZN (NAND2_X1)                                   0.0360     1.0100 f
  U1612/ZN (OAI21_X1)                                   0.0495     1.0595 r
  U8345/ZN (NAND2_X1)                                   0.0320     1.0915 f
  U2087/ZN (AND2_X1)                                    0.0419     1.1334 f
  U2381/ZN (NAND2_X1)                                   0.0440     1.1774 r
  U1575/ZN (NOR2_X2)                                    0.0468     1.2243 f
  U9616/ZN (NOR2_X1)                                    0.0626     1.2868 r
  U11542/ZN (OR2_X1)                                    0.0437     1.3305 r
  U11543/ZN (INV_X1)                                    0.0215     1.3520 f
  DP_i_fetch_i_btb_i_clk_gate_btb_table_reg_0__TARGET_/EN (SNPS_CLOCK_GATE_HIGH_BTB_NBIT32_BTB_DEPTH16_BTB_INDEX_MSB5_32)
                                                        0.0000     1.3520 f
  DP_i_fetch_i_btb_i_clk_gate_btb_table_reg_0__TARGET_/latch/E (CLKGATETST_X1)
                                                        0.0088     1.3608 f
  data arrival time                                                1.3608

  clock CLK (rise edge)                                 1.2000     1.2000
  clock network delay (ideal)                           0.0500     1.2500
  clock uncertainty                                    -0.0500     1.2000
  DP_i_fetch_i_btb_i_clk_gate_btb_table_reg_0__TARGET_/latch/CK (CLKGATETST_X1)
                                                        0.0000     1.2000 r
  clock gating setup time                              -0.0612     1.1388
  data required time                                               1.1388
  --------------------------------------------------------------------------
  data required time                                               1.1388
  data arrival time                                               -1.3608
  --------------------------------------------------------------------------
  slack (VIOLATED)                                                -0.2220


  Startpoint: DP_i_mem_access_i_rd_out_reg_i_Y_reg_3_
              (rising edge-triggered flip-flop clocked by CLK)
  Endpoint: DP_i_fetch_i_btb_i_clk_gate_btb_table_reg_1__TARGET_/latch
            (gating element for clock CLK)
  Path Group: CLK
  Path Type: max

  Des/Clust/Port     Wire Load Model       Library
  ------------------------------------------------
  DLX                5K_hvratio_1_4        NangateOpenCellLibrary

  Point                                                   Incr       Path
  --------------------------------------------------------------------------
  clock CLK (rise edge)                                 0.0000     0.0000
  clock network delay (ideal)                           0.0500     0.0500
  DP_i_mem_access_i_rd_out_reg_i_Y_reg_3_/CK (DFF_X1)   0.0000     0.0500 r
  DP_i_mem_access_i_rd_out_reg_i_Y_reg_3_/QN (DFF_X1)   0.0782     0.1282 f
  U8806/ZN (INV_X1)                                     0.0335     0.1617 r
  DP_i_decode_i_reg_file_i/addr_w[3] (register_file)    0.0000     0.1617 r
  DP_i_decode_i_reg_file_i/U181/ZN (XNOR2_X1)           0.0648     0.2264 r
  DP_i_decode_i_reg_file_i/U144/ZN (AND2_X1)            0.0496     0.2760 r
  DP_i_decode_i_reg_file_i/U148/ZN (AND4_X2)            0.0713     0.3473 r
  DP_i_decode_i_reg_file_i/U193/ZN (INV_X1)             0.0344     0.3817 f
  DP_i_decode_i_reg_file_i/U9/ZN (AND3_X1)              0.0515     0.4332 f
  DP_i_decode_i_reg_file_i/U1953/ZN (NAND2_X1)          0.0331     0.4662 r
  DP_i_decode_i_reg_file_i/U1957/ZN (AND4_X1)           0.0644     0.5306 r
  DP_i_decode_i_reg_file_i/U1971/ZN (AND4_X1)           0.0602     0.5908 r
  DP_i_decode_i_reg_file_i/U1991/ZN (NAND4_X1)          0.0429     0.6337 f
  DP_i_decode_i_reg_file_i/output1[1] (register_file)   0.0000     0.6337 f
  U4232/ZN (OAI211_X1)                                  0.0556     0.6893 r
  U4236/ZN (NAND2_X1)                                   0.0436     0.7329 f
  U2341/ZN (NAND2_X1)                                   0.0391     0.7720 r
  U2360/ZN (NAND2_X1)                                   0.0385     0.8105 f
  U2350/Z (MUX2_X1)                                     0.0718     0.8824 f
  U2340/ZN (OR2_X1)                                     0.0556     0.9380 f
  U2346/ZN (OAI211_X1)                                  0.0360     0.9740 r
  U2410/ZN (NAND2_X1)                                   0.0360     1.0100 f
  U1612/ZN (OAI21_X1)                                   0.0495     1.0595 r
  U8345/ZN (NAND2_X1)                                   0.0320     1.0915 f
  U2087/ZN (AND2_X1)                                    0.0419     1.1334 f
  U2381/ZN (NAND2_X1)                                   0.0440     1.1774 r
  U1575/ZN (NOR2_X2)                                    0.0468     1.2243 f
  U9616/ZN (NOR2_X1)                                    0.0626     1.2868 r
  U11539/ZN (OR2_X1)                                    0.0437     1.3305 r
  U11540/ZN (INV_X1)                                    0.0215     1.3520 f
  DP_i_fetch_i_btb_i_clk_gate_btb_table_reg_1__TARGET_/EN (SNPS_CLOCK_GATE_HIGH_BTB_NBIT32_BTB_DEPTH16_BTB_INDEX_MSB5_30)
                                                        0.0000     1.3520 f
  DP_i_fetch_i_btb_i_clk_gate_btb_table_reg_1__TARGET_/latch/E (CLKGATETST_X1)
                                                        0.0088     1.3608 f
  data arrival time                                                1.3608

  clock CLK (rise edge)                                 1.2000     1.2000
  clock network delay (ideal)                           0.0500     1.2500
  clock uncertainty                                    -0.0500     1.2000
  DP_i_fetch_i_btb_i_clk_gate_btb_table_reg_1__TARGET_/latch/CK (CLKGATETST_X1)
                                                        0.0000     1.2000 r
  clock gating setup time                              -0.0612     1.1388
  data required time                                               1.1388
  --------------------------------------------------------------------------
  data required time                                               1.1388
  data arrival time                                               -1.3608
  --------------------------------------------------------------------------
  slack (VIOLATED)                                                -0.2220


  Startpoint: DP_i_mem_access_i_rd_out_reg_i_Y_reg_3_
              (rising edge-triggered flip-flop clocked by CLK)
  Endpoint: DP_i_fetch_i_btb_i_clk_gate_btb_table_reg_2__TARGET_/latch
            (gating element for clock CLK)
  Path Group: CLK
  Path Type: max

  Des/Clust/Port     Wire Load Model       Library
  ------------------------------------------------
  DLX                5K_hvratio_1_4        NangateOpenCellLibrary

  Point                                                   Incr       Path
  --------------------------------------------------------------------------
  clock CLK (rise edge)                                 0.0000     0.0000
  clock network delay (ideal)                           0.0500     0.0500
  DP_i_mem_access_i_rd_out_reg_i_Y_reg_3_/CK (DFF_X1)   0.0000     0.0500 r
  DP_i_mem_access_i_rd_out_reg_i_Y_reg_3_/QN (DFF_X1)   0.0782     0.1282 f
  U8806/ZN (INV_X1)                                     0.0335     0.1617 r
  DP_i_decode_i_reg_file_i/addr_w[3] (register_file)    0.0000     0.1617 r
  DP_i_decode_i_reg_file_i/U181/ZN (XNOR2_X1)           0.0648     0.2264 r
  DP_i_decode_i_reg_file_i/U144/ZN (AND2_X1)            0.0496     0.2760 r
  DP_i_decode_i_reg_file_i/U148/ZN (AND4_X2)            0.0713     0.3473 r
  DP_i_decode_i_reg_file_i/U193/ZN (INV_X1)             0.0344     0.3817 f
  DP_i_decode_i_reg_file_i/U9/ZN (AND3_X1)              0.0515     0.4332 f
  DP_i_decode_i_reg_file_i/U1953/ZN (NAND2_X1)          0.0331     0.4662 r
  DP_i_decode_i_reg_file_i/U1957/ZN (AND4_X1)           0.0644     0.5306 r
  DP_i_decode_i_reg_file_i/U1971/ZN (AND4_X1)           0.0602     0.5908 r
  DP_i_decode_i_reg_file_i/U1991/ZN (NAND4_X1)          0.0429     0.6337 f
  DP_i_decode_i_reg_file_i/output1[1] (register_file)   0.0000     0.6337 f
  U4232/ZN (OAI211_X1)                                  0.0556     0.6893 r
  U4236/ZN (NAND2_X1)                                   0.0436     0.7329 f
  U2341/ZN (NAND2_X1)                                   0.0391     0.7720 r
  U2360/ZN (NAND2_X1)                                   0.0385     0.8105 f
  U2350/Z (MUX2_X1)                                     0.0718     0.8824 f
  U2340/ZN (OR2_X1)                                     0.0556     0.9380 f
  U2346/ZN (OAI211_X1)                                  0.0360     0.9740 r
  U2410/ZN (NAND2_X1)                                   0.0360     1.0100 f
  U1612/ZN (OAI21_X1)                                   0.0495     1.0595 r
  U8345/ZN (NAND2_X1)                                   0.0320     1.0915 f
  U2087/ZN (AND2_X1)                                    0.0419     1.1334 f
  U2381/ZN (NAND2_X1)                                   0.0440     1.1774 r
  U1575/ZN (NOR2_X2)                                    0.0468     1.2243 f
  U9616/ZN (NOR2_X1)                                    0.0626     1.2868 r
  U11536/ZN (OR2_X1)                                    0.0437     1.3305 r
  U11537/ZN (INV_X1)                                    0.0215     1.3520 f
  DP_i_fetch_i_btb_i_clk_gate_btb_table_reg_2__TARGET_/EN (SNPS_CLOCK_GATE_HIGH_BTB_NBIT32_BTB_DEPTH16_BTB_INDEX_MSB5_28)
                                                        0.0000     1.3520 f
  DP_i_fetch_i_btb_i_clk_gate_btb_table_reg_2__TARGET_/latch/E (CLKGATETST_X1)
                                                        0.0088     1.3608 f
  data arrival time                                                1.3608

  clock CLK (rise edge)                                 1.2000     1.2000
  clock network delay (ideal)                           0.0500     1.2500
  clock uncertainty                                    -0.0500     1.2000
  DP_i_fetch_i_btb_i_clk_gate_btb_table_reg_2__TARGET_/latch/CK (CLKGATETST_X1)
                                                        0.0000     1.2000 r
  clock gating setup time                              -0.0612     1.1388
  data required time                                               1.1388
  --------------------------------------------------------------------------
  data required time                                               1.1388
  data arrival time                                               -1.3608
  --------------------------------------------------------------------------
  slack (VIOLATED)                                                -0.2220


  Startpoint: DP_i_mem_access_i_rd_out_reg_i_Y_reg_3_
              (rising edge-triggered flip-flop clocked by CLK)
  Endpoint: DP_i_fetch_i_btb_i_clk_gate_btb_table_reg_3__TARGET_/latch
            (gating element for clock CLK)
  Path Group: CLK
  Path Type: max

  Des/Clust/Port     Wire Load Model       Library
  ------------------------------------------------
  DLX                5K_hvratio_1_4        NangateOpenCellLibrary

  Point                                                   Incr       Path
  --------------------------------------------------------------------------
  clock CLK (rise edge)                                 0.0000     0.0000
  clock network delay (ideal)                           0.0500     0.0500
  DP_i_mem_access_i_rd_out_reg_i_Y_reg_3_/CK (DFF_X1)   0.0000     0.0500 r
  DP_i_mem_access_i_rd_out_reg_i_Y_reg_3_/QN (DFF_X1)   0.0782     0.1282 f
  U8806/ZN (INV_X1)                                     0.0335     0.1617 r
  DP_i_decode_i_reg_file_i/addr_w[3] (register_file)    0.0000     0.1617 r
  DP_i_decode_i_reg_file_i/U181/ZN (XNOR2_X1)           0.0648     0.2264 r
  DP_i_decode_i_reg_file_i/U144/ZN (AND2_X1)            0.0496     0.2760 r
  DP_i_decode_i_reg_file_i/U148/ZN (AND4_X2)            0.0713     0.3473 r
  DP_i_decode_i_reg_file_i/U193/ZN (INV_X1)             0.0344     0.3817 f
  DP_i_decode_i_reg_file_i/U9/ZN (AND3_X1)              0.0515     0.4332 f
  DP_i_decode_i_reg_file_i/U1953/ZN (NAND2_X1)          0.0331     0.4662 r
  DP_i_decode_i_reg_file_i/U1957/ZN (AND4_X1)           0.0644     0.5306 r
  DP_i_decode_i_reg_file_i/U1971/ZN (AND4_X1)           0.0602     0.5908 r
  DP_i_decode_i_reg_file_i/U1991/ZN (NAND4_X1)          0.0429     0.6337 f
  DP_i_decode_i_reg_file_i/output1[1] (register_file)   0.0000     0.6337 f
  U4232/ZN (OAI211_X1)                                  0.0556     0.6893 r
  U4236/ZN (NAND2_X1)                                   0.0436     0.7329 f
  U2341/ZN (NAND2_X1)                                   0.0391     0.7720 r
  U2360/ZN (NAND2_X1)                                   0.0385     0.8105 f
  U2350/Z (MUX2_X1)                                     0.0718     0.8824 f
  U2340/ZN (OR2_X1)                                     0.0556     0.9380 f
  U2346/ZN (OAI211_X1)                                  0.0360     0.9740 r
  U2410/ZN (NAND2_X1)                                   0.0360     1.0100 f
  U1612/ZN (OAI21_X1)                                   0.0495     1.0595 r
  U8345/ZN (NAND2_X1)                                   0.0320     1.0915 f
  U2087/ZN (AND2_X1)                                    0.0419     1.1334 f
  U2381/ZN (NAND2_X1)                                   0.0440     1.1774 r
  U1575/ZN (NOR2_X2)                                    0.0468     1.2243 f
  U9616/ZN (NOR2_X1)                                    0.0626     1.2868 r
  U11533/ZN (OR2_X1)                                    0.0437     1.3305 r
  U11534/ZN (INV_X1)                                    0.0215     1.3520 f
  DP_i_fetch_i_btb_i_clk_gate_btb_table_reg_3__TARGET_/EN (SNPS_CLOCK_GATE_HIGH_BTB_NBIT32_BTB_DEPTH16_BTB_INDEX_MSB5_26)
                                                        0.0000     1.3520 f
  DP_i_fetch_i_btb_i_clk_gate_btb_table_reg_3__TARGET_/latch/E (CLKGATETST_X1)
                                                        0.0088     1.3608 f
  data arrival time                                                1.3608

  clock CLK (rise edge)                                 1.2000     1.2000
  clock network delay (ideal)                           0.0500     1.2500
  clock uncertainty                                    -0.0500     1.2000
  DP_i_fetch_i_btb_i_clk_gate_btb_table_reg_3__TARGET_/latch/CK (CLKGATETST_X1)
                                                        0.0000     1.2000 r
  clock gating setup time                              -0.0612     1.1388
  data required time                                               1.1388
  --------------------------------------------------------------------------
  data required time                                               1.1388
  data arrival time                                               -1.3608
  --------------------------------------------------------------------------
  slack (VIOLATED)                                                -0.2220


  Startpoint: DP_i_mem_access_i_rd_out_reg_i_Y_reg_3_
              (rising edge-triggered flip-flop clocked by CLK)
  Endpoint: DP_i_fetch_i_pc_i_clk_gate_Y_reg/latch
            (gating element for clock CLK)
  Path Group: CLK
  Path Type: max

  Des/Clust/Port     Wire Load Model       Library
  ------------------------------------------------
  DLX                5K_hvratio_1_4        NangateOpenCellLibrary

  Point                                                   Incr       Path
  --------------------------------------------------------------------------
  clock CLK (rise edge)                                 0.0000     0.0000
  clock network delay (ideal)                           0.0500     0.0500
  DP_i_mem_access_i_rd_out_reg_i_Y_reg_3_/CK (DFF_X1)   0.0000     0.0500 r
  DP_i_mem_access_i_rd_out_reg_i_Y_reg_3_/QN (DFF_X1)   0.0782     0.1282 f
  U8806/ZN (INV_X1)                                     0.0335     0.1617 r
  DP_i_decode_i_reg_file_i/addr_w[3] (register_file)    0.0000     0.1617 r
  DP_i_decode_i_reg_file_i/U181/ZN (XNOR2_X1)           0.0648     0.2264 r
  DP_i_decode_i_reg_file_i/U75/ZN (AND2_X1)             0.0496     0.2760 r
  DP_i_decode_i_reg_file_i/U149/ZN (AND4_X2)            0.0734     0.3494 r
  DP_i_decode_i_reg_file_i/U196/ZN (INV_X1)             0.0334     0.3828 f
  DP_i_decode_i_reg_file_i/U166/ZN (AND3_X1)            0.0477     0.4305 f
  DP_i_decode_i_reg_file_i/U165/Z (BUF_X1)              0.0426     0.4731 f
  DP_i_decode_i_reg_file_i/U243/ZN (AOI22_X1)           0.0529     0.5261 r
  DP_i_decode_i_reg_file_i/U171/ZN (AND4_X1)            0.0642     0.5902 r
  DP_i_decode_i_reg_file_i/U168/ZN (NAND4_X1)           0.0408     0.6310 f
  DP_i_decode_i_reg_file_i/sign_rf1_out (register_file)
                                                        0.0000     0.6310 f
  U925/Z (MUX2_X1)                                      0.0742     0.7053 f
  U2202/ZN (AND2_X1)                                    0.0398     0.7451 f
  U2203/ZN (NOR2_X1)                                    0.0330     0.7780 r
  U4284/ZN (OR2_X1)                                     0.0365     0.8145 r
  U1932/ZN (XNOR2_X1)                                   0.0329     0.8474 f
  U2383/ZN (OAI21_X1)                                   0.0406     0.8880 r
  U4285/ZN (AND2_X1)                                    0.0493     0.9373 r
  U2048/ZN (OR2_X1)                                     0.0423     0.9796 r
  U5975/ZN (NAND2_X1)                                   0.0294     1.0090 f
  U5976/ZN (NOR2_X1)                                    0.0366     1.0455 r
  U2189/ZN (NAND4_X1)                                   0.0403     1.0858 f
  U2187/ZN (NOR2_X1)                                    0.0469     1.1327 r
  U6018/ZN (NAND2_X1)                                   0.0385     1.1712 f
  U1937/ZN (OAI211_X1)                                  0.0766     1.2478 r
  U972/Z (CLKBUF_X1)                                    0.0546     1.3024 r
  U10612/ZN (NAND2_X1)                                  0.0257     1.3281 f
  DP_i_fetch_i_pc_i_clk_gate_Y_reg/EN (SNPS_CLOCK_GATE_HIGH_data_reg_NBIT30_2_2)
                                                        0.0000     1.3281 f
  DP_i_fetch_i_pc_i_clk_gate_Y_reg/latch/E (CLKGATETST_X1)
                                                        0.0088     1.3369 f
  data arrival time                                                1.3369

  clock CLK (rise edge)                                 1.2000     1.2000
  clock network delay (ideal)                           0.0500     1.2500
  clock uncertainty                                    -0.0500     1.2000
  DP_i_fetch_i_pc_i_clk_gate_Y_reg/latch/CK (CLKGATETST_X1)
                                                        0.0000     1.2000 r
  clock gating setup time                              -0.0623     1.1377
  data required time                                               1.1377
  --------------------------------------------------------------------------
  data required time                                               1.1377
  data arrival time                                               -1.3369
  --------------------------------------------------------------------------
  slack (VIOLATED)                                                -0.1992


  Startpoint: DP_i_mem_access_i_rd_out_reg_i_Y_reg_3_
              (rising edge-triggered flip-flop clocked by CLK)
  Endpoint: DP_i_fetch_i_pc_i_clk_gate_Y_reg/latch
            (gating element for clock CLK)
  Path Group: CLK
  Path Type: max

  Des/Clust/Port     Wire Load Model       Library
  ------------------------------------------------
  DLX                5K_hvratio_1_4        NangateOpenCellLibrary

  Point                                                   Incr       Path
  --------------------------------------------------------------------------
  clock CLK (rise edge)                                 0.0000     0.0000
  clock network delay (ideal)                           0.0500     0.0500
  DP_i_mem_access_i_rd_out_reg_i_Y_reg_3_/CK (DFF_X1)   0.0000     0.0500 r
  DP_i_mem_access_i_rd_out_reg_i_Y_reg_3_/QN (DFF_X1)   0.0782     0.1282 f
  U8806/ZN (INV_X1)                                     0.0335     0.1617 r
  DP_i_decode_i_reg_file_i/addr_w[3] (register_file)    0.0000     0.1617 r
  DP_i_decode_i_reg_file_i/U181/ZN (XNOR2_X1)           0.0648     0.2264 r
  DP_i_decode_i_reg_file_i/U75/ZN (AND2_X1)             0.0496     0.2760 r
  DP_i_decode_i_reg_file_i/U149/ZN (AND4_X2)            0.0734     0.3494 r
  DP_i_decode_i_reg_file_i/U196/ZN (INV_X1)             0.0334     0.3828 f
  DP_i_decode_i_reg_file_i/U166/ZN (AND3_X1)            0.0477     0.4305 f
  DP_i_decode_i_reg_file_i/U165/Z (BUF_X1)              0.0426     0.4731 f
  DP_i_decode_i_reg_file_i/U243/ZN (AOI22_X1)           0.0529     0.5261 r
  DP_i_decode_i_reg_file_i/U171/ZN (AND4_X1)            0.0642     0.5902 r
  DP_i_decode_i_reg_file_i/U168/ZN (NAND4_X1)           0.0408     0.6310 f
  DP_i_decode_i_reg_file_i/sign_rf1_out (register_file)
                                                        0.0000     0.6310 f
  U925/Z (MUX2_X1)                                      0.0742     0.7053 f
  U2202/ZN (AND2_X1)                                    0.0398     0.7451 f
  U2203/ZN (NOR2_X1)                                    0.0330     0.7780 r
  U4284/ZN (OR2_X1)                                     0.0365     0.8145 r
  U1932/ZN (XNOR2_X1)                                   0.0329     0.8474 f
  U2383/ZN (OAI21_X1)                                   0.0406     0.8880 r
  U4285/ZN (AND2_X1)                                    0.0493     0.9373 r
  U2048/ZN (OR2_X1)                                     0.0423     0.9796 r
  U5975/ZN (NAND2_X1)                                   0.0294     1.0090 f
  U5976/ZN (NOR2_X1)                                    0.0366     1.0455 r
  U2189/ZN (NAND4_X1)                                   0.0403     1.0858 f
  U2187/ZN (NOR2_X1)                                    0.0469     1.1327 r
  U6018/ZN (NAND2_X1)                                   0.0385     1.1712 f
  U1937/ZN (OAI211_X1)                                  0.0766     1.2478 r
  U972/Z (CLKBUF_X1)                                    0.0546     1.3024 r
  U10612/ZN (NAND2_X1)                                  0.0257     1.3281 f
  DP_i_fetch_i_pc_i_clk_gate_Y_reg/EN (SNPS_CLOCK_GATE_HIGH_data_reg_NBIT30_2_2)
                                                        0.0000     1.3281 f
  DP_i_fetch_i_pc_i_clk_gate_Y_reg/latch/E (CLKGATETST_X1)
                                                        0.0088     1.3369 f
  data arrival time                                                1.3369

  clock CLK (rise edge)                                 1.2000     1.2000
  clock network delay (ideal)                           0.0500     1.2500
  clock uncertainty                                    -0.0500     1.2000
  DP_i_fetch_i_pc_i_clk_gate_Y_reg/latch/CK (CLKGATETST_X1)
                                                        0.0000     1.2000 r
  clock gating setup time                              -0.0623     1.1377
  data required time                                               1.1377
  --------------------------------------------------------------------------
  data required time                                               1.1377
  data arrival time                                               -1.3369
  --------------------------------------------------------------------------
  slack (VIOLATED)                                                -0.1992


  Startpoint: DRAM_READY (input port clocked by CLK)
  Endpoint: DP_i_decode_i_B_reg_i_Y_reg_2_
            (rising edge-triggered flip-flop clocked by CLK)
  Path Group: INPUTS
  Path Type: max

  Des/Clust/Port     Wire Load Model       Library
  ------------------------------------------------
  DLX                5K_hvratio_1_4        NangateOpenCellLibrary

  Point                                                   Incr       Path
  --------------------------------------------------------------------------
  clock CLK (rise edge)                                 0.0000     0.0000
  clock network delay (ideal)                           0.0500     0.0500
  input external delay                                  0.1200     0.1700 f
  DRAM_READY (in)                                       0.0026     0.1726 f
  U1944/ZN (OR2_X1)                                     0.0539     0.2266 f
  DP_i_U4092/ZN (NAND2_X1)                              0.1313     0.3579 r
  DP_i_U2674/ZN (NOR2_X1)                               0.0509     0.4088 f
  DP_i_U2675/ZN (NAND2_X1)                              0.1086     0.5174 r
  U1306/ZN (INV_X16)                                    0.2564     0.7739 f
  U10582/ZN (AND2_X1)                                   0.0623     0.8362 f
  U9935/ZN (OR3_X1)                                     0.0823     0.9185 f
  U9934/ZN (OR4_X1)                                     0.1251     1.0436 f
  DP_i_decode_i_B_reg_i_Y_reg_2_/D (DFF_X1)             0.0104     1.0540 f
  data arrival time                                                1.0540

  clock CLK (rise edge)                                 1.2000     1.2000
  clock network delay (ideal)                           0.0500     1.2500
  clock uncertainty                                    -0.0500     1.2000
  DP_i_decode_i_B_reg_i_Y_reg_2_/CK (DFF_X1)            0.0000     1.2000 r
  library setup time                                   -0.0284     1.1716
  data required time                                               1.1716
  --------------------------------------------------------------------------
  data required time                                               1.1716
  data arrival time                                               -1.0540
  --------------------------------------------------------------------------
  slack (MET)                                                      0.1176


  Startpoint: DRAM_READY (input port clocked by CLK)
  Endpoint: DP_i_execute_i_zero_alu_bit_Y_reg
            (rising edge-triggered flip-flop clocked by CLK)
  Path Group: INPUTS
  Path Type: max

  Des/Clust/Port     Wire Load Model       Library
  ------------------------------------------------
  DLX                5K_hvratio_1_4        NangateOpenCellLibrary

  Point                                                   Incr       Path
  --------------------------------------------------------------------------
  clock CLK (rise edge)                                 0.0000     0.0000
  clock network delay (ideal)                           0.0500     0.0500
  input external delay                                  0.1200     0.1700 r
  DRAM_READY (in)                                       0.0040     0.1740 r
  U1313/ZN (OR2_X2)                                     0.1820     0.3559 r
  U1495/ZN (INV_X1)                                     0.0667     0.4227 f
  U1484/Z (BUF_X2)                                      0.0726     0.4953 f
  U1824/ZN (NOR2_X1)                                    0.0659     0.5612 r
  U1057/ZN (INV_X1)                                     0.0270     0.5882 f
  U1058/ZN (NOR2_X2)                                    0.0412     0.6294 r
  U2416/ZN (NAND4_X1)                                   0.0462     0.6756 f
  U11106/ZN (NOR4_X1)                                   0.0851     0.7606 r
  U9590/ZN (AND4_X1)                                    0.0704     0.8311 r
  U883/ZN (AND3_X2)                                     0.0517     0.8827 r
  U1037/ZN (AND4_X2)                                    0.0661     0.9488 r
  U9615/ZN (NAND4_X1)                                   0.0378     0.9866 f
  U11108/ZN (OAI21_X1)                                  0.0425     1.0291 r
  DP_i_execute_i_zero_alu_bit_Y_reg/D (DFF_X2)          0.0109     1.0399 r
  data arrival time                                                1.0399

  clock CLK (rise edge)                                 1.2000     1.2000
  clock network delay (ideal)                           0.0500     1.2500
  clock uncertainty                                    -0.0500     1.2000
  DP_i_execute_i_zero_alu_bit_Y_reg/CK (DFF_X2)         0.0000     1.2000 r
  library setup time                                   -0.0283     1.1717
  data required time                                               1.1717
  --------------------------------------------------------------------------
  data required time                                               1.1717
  data arrival time                                               -1.0399
  --------------------------------------------------------------------------
  slack (MET)                                                      0.1317


  Startpoint: DRAM_READY (input port clocked by CLK)
  Endpoint: DP_i_decode_i_B_reg_i_Y_reg_11_
            (rising edge-triggered flip-flop clocked by CLK)
  Path Group: INPUTS
  Path Type: max

  Des/Clust/Port     Wire Load Model       Library
  ------------------------------------------------
  DLX                5K_hvratio_1_4        NangateOpenCellLibrary

  Point                                                   Incr       Path
  --------------------------------------------------------------------------
  clock CLK (rise edge)                                 0.0000     0.0000
  clock network delay (ideal)                           0.0500     0.0500
  input external delay                                  0.1200     0.1700 f
  DRAM_READY (in)                                       0.0026     0.1726 f
  U1944/ZN (OR2_X1)                                     0.0539     0.2266 f
  DP_i_U4092/ZN (NAND2_X1)                              0.1313     0.3579 r
  DP_i_U2674/ZN (NOR2_X1)                               0.0509     0.4088 f
  DP_i_U2675/ZN (NAND2_X1)                              0.1086     0.5174 r
  U1306/ZN (INV_X16)                                    0.2564     0.7739 f
  U10764/ZN (AOI22_X1)                                  0.0850     0.8588 r
  U10765/ZN (NAND2_X1)                                  0.0303     0.8891 f
  U9933/ZN (OR4_X1)                                     0.1191     1.0082 f
  DP_i_decode_i_B_reg_i_Y_reg_11_/D (DFF_X1)            0.0104     1.0186 f
  data arrival time                                                1.0186

  clock CLK (rise edge)                                 1.2000     1.2000
  clock network delay (ideal)                           0.0500     1.2500
  clock uncertainty                                    -0.0500     1.2000
  DP_i_decode_i_B_reg_i_Y_reg_11_/CK (DFF_X1)           0.0000     1.2000 r
  library setup time                                   -0.0284     1.1716
  data required time                                               1.1716
  --------------------------------------------------------------------------
  data required time                                               1.1716
  data arrival time                                               -1.0186
  --------------------------------------------------------------------------
  slack (MET)                                                      0.1530


  Startpoint: DRAM_READY (input port clocked by CLK)
  Endpoint: DP_i_decode_i_B_reg_i_Y_reg_11_
            (rising edge-triggered flip-flop clocked by CLK)
  Path Group: INPUTS
  Path Type: max

  Des/Clust/Port     Wire Load Model       Library
  ------------------------------------------------
  DLX                5K_hvratio_1_4        NangateOpenCellLibrary

  Point                                                   Incr       Path
  --------------------------------------------------------------------------
  clock CLK (rise edge)                                 0.0000     0.0000
  clock network delay (ideal)                           0.0500     0.0500
  input external delay                                  0.1200     0.1700 f
  DRAM_READY (in)                                       0.0026     0.1726 f
  U1944/ZN (OR2_X1)                                     0.0539     0.2266 f
  DP_i_U4092/ZN (NAND2_X1)                              0.1313     0.3579 r
  DP_i_U2674/ZN (NOR2_X1)                               0.0509     0.4088 f
  DP_i_U2675/ZN (NAND2_X1)                              0.1086     0.5174 r
  U1306/ZN (INV_X16)                                    0.2564     0.7739 f
  U10764/ZN (AOI22_X1)                                  0.0795     0.8534 r
  U10765/ZN (NAND2_X1)                                  0.0303     0.8837 f
  U9933/ZN (OR4_X1)                                     0.1191     1.0028 f
  DP_i_decode_i_B_reg_i_Y_reg_11_/D (DFF_X1)            0.0104     1.0132 f
  data arrival time                                                1.0132

  clock CLK (rise edge)                                 1.2000     1.2000
  clock network delay (ideal)                           0.0500     1.2500
  clock uncertainty                                    -0.0500     1.2000
  DP_i_decode_i_B_reg_i_Y_reg_11_/CK (DFF_X1)           0.0000     1.2000 r
  library setup time                                   -0.0284     1.1716
  data required time                                               1.1716
  --------------------------------------------------------------------------
  data required time                                               1.1716
  data arrival time                                               -1.0132
  --------------------------------------------------------------------------
  slack (MET)                                                      0.1585


  Startpoint: DRAM_READY (input port clocked by CLK)
  Endpoint: DP_i_decode_i_B_reg_i_Y_reg_27_
            (rising edge-triggered flip-flop clocked by CLK)
  Path Group: INPUTS
  Path Type: max

  Des/Clust/Port     Wire Load Model       Library
  ------------------------------------------------
  DLX                5K_hvratio_1_4        NangateOpenCellLibrary

  Point                                                   Incr       Path
  --------------------------------------------------------------------------
  clock CLK (rise edge)                                 0.0000     0.0000
  clock network delay (ideal)                           0.0500     0.0500
  input external delay                                  0.1200     0.1700 f
  DRAM_READY (in)                                       0.0026     0.1726 f
  U1944/ZN (OR2_X1)                                     0.0539     0.2266 f
  DP_i_U4092/ZN (NAND2_X1)                              0.1313     0.3579 r
  DP_i_U2674/ZN (NOR2_X1)                               0.0509     0.4088 f
  DP_i_U2675/ZN (NAND2_X1)                              0.1086     0.5174 r
  U1306/ZN (INV_X16)                                    0.2564     0.7739 f
  U10414/ZN (AND2_X1)                                   0.0622     0.8360 f
  U9928/ZN (OR3_X1)                                     0.0710     0.9070 f
  U9927/ZN (OR3_X1)                                     0.0899     0.9970 f
  DP_i_decode_i_B_reg_i_Y_reg_27_/D (DFF_X1)            0.0104     1.0074 f
  data arrival time                                                1.0074

  clock CLK (rise edge)                                 1.2000     1.2000
  clock network delay (ideal)                           0.0500     1.2500
  clock uncertainty                                    -0.0500     1.2000
  DP_i_decode_i_B_reg_i_Y_reg_27_/CK (DFF_X1)           0.0000     1.2000 r
  library setup time                                   -0.0267     1.1733
  data required time                                               1.1733
  --------------------------------------------------------------------------
  data required time                                               1.1733
  data arrival time                                               -1.0074
  --------------------------------------------------------------------------
  slack (MET)                                                      0.1659


  Startpoint: DRAM_READY (input port clocked by CLK)
  Endpoint: DP_i_decode_i_B_reg_i_Y_reg_20_
            (rising edge-triggered flip-flop clocked by CLK)
  Path Group: INPUTS
  Path Type: max

  Des/Clust/Port     Wire Load Model       Library
  ------------------------------------------------
  DLX                5K_hvratio_1_4        NangateOpenCellLibrary

  Point                                                   Incr       Path
  --------------------------------------------------------------------------
  clock CLK (rise edge)                                 0.0000     0.0000
  clock network delay (ideal)                           0.0500     0.0500
  input external delay                                  0.1200     0.1700 f
  DRAM_READY (in)                                       0.0026     0.1726 f
  U1944/ZN (OR2_X1)                                     0.0539     0.2266 f
  DP_i_U4092/ZN (NAND2_X1)                              0.1313     0.3579 r
  DP_i_U2674/ZN (NOR2_X1)                               0.0509     0.4088 f
  DP_i_U2675/ZN (NAND2_X1)                              0.1086     0.5174 r
  U1306/ZN (INV_X16)                                    0.2564     0.7739 f
  U10865/ZN (AND2_X1)                                   0.0622     0.8360 f
  U9898/ZN (OR3_X1)                                     0.0710     0.9070 f
  U9897/ZN (OR3_X1)                                     0.0899     0.9969 f
  DP_i_decode_i_B_reg_i_Y_reg_20_/D (DFF_X1)            0.0104     1.0074 f
  data arrival time                                                1.0074

  clock CLK (rise edge)                                 1.2000     1.2000
  clock network delay (ideal)                           0.0500     1.2500
  clock uncertainty                                    -0.0500     1.2000
  DP_i_decode_i_B_reg_i_Y_reg_20_/CK (DFF_X1)           0.0000     1.2000 r
  library setup time                                   -0.0267     1.1733
  data required time                                               1.1733
  --------------------------------------------------------------------------
  data required time                                               1.1733
  data arrival time                                               -1.0074
  --------------------------------------------------------------------------
  slack (MET)                                                      0.1659


  Startpoint: DRAM_READY (input port clocked by CLK)
  Endpoint: DP_i_decode_i_B_reg_i_Y_reg_13_
            (rising edge-triggered flip-flop clocked by CLK)
  Path Group: INPUTS
  Path Type: max

  Des/Clust/Port     Wire Load Model       Library
  ------------------------------------------------
  DLX                5K_hvratio_1_4        NangateOpenCellLibrary

  Point                                                   Incr       Path
  --------------------------------------------------------------------------
  clock CLK (rise edge)                                 0.0000     0.0000
  clock network delay (ideal)                           0.0500     0.0500
  input external delay                                  0.1200     0.1700 f
  DRAM_READY (in)                                       0.0026     0.1726 f
  U1944/ZN (OR2_X1)                                     0.0539     0.2266 f
  DP_i_U4092/ZN (NAND2_X1)                              0.1313     0.3579 r
  DP_i_U2674/ZN (NOR2_X1)                               0.0509     0.4088 f
  DP_i_U2675/ZN (NAND2_X1)                              0.1086     0.5174 r
  U1306/ZN (INV_X16)                                    0.2564     0.7739 f
  U10453/ZN (AND2_X1)                                   0.0622     0.8360 f
  U9891/ZN (OR3_X1)                                     0.0710     0.9070 f
  U9890/ZN (OR3_X1)                                     0.0899     0.9969 f
  DP_i_decode_i_B_reg_i_Y_reg_13_/D (DFF_X1)            0.0104     1.0073 f
  data arrival time                                                1.0073

  clock CLK (rise edge)                                 1.2000     1.2000
  clock network delay (ideal)                           0.0500     1.2500
  clock uncertainty                                    -0.0500     1.2000
  DP_i_decode_i_B_reg_i_Y_reg_13_/CK (DFF_X1)           0.0000     1.2000 r
  library setup time                                   -0.0267     1.1733
  data required time                                               1.1733
  --------------------------------------------------------------------------
  data required time                                               1.1733
  data arrival time                                               -1.0073
  --------------------------------------------------------------------------
  slack (MET)                                                      0.1659


  Startpoint: DRAM_READY (input port clocked by CLK)
  Endpoint: DP_i_decode_i_B_reg_i_Y_reg_25_
            (rising edge-triggered flip-flop clocked by CLK)
  Path Group: INPUTS
  Path Type: max

  Des/Clust/Port     Wire Load Model       Library
  ------------------------------------------------
  DLX                5K_hvratio_1_4        NangateOpenCellLibrary

  Point                                                   Incr       Path
  --------------------------------------------------------------------------
  clock CLK (rise edge)                                 0.0000     0.0000
  clock network delay (ideal)                           0.0500     0.0500
  input external delay                                  0.1200     0.1700 f
  DRAM_READY (in)                                       0.0026     0.1726 f
  U1944/ZN (OR2_X1)                                     0.0539     0.2266 f
  DP_i_U4092/ZN (NAND2_X1)                              0.1313     0.3579 r
  DP_i_U2674/ZN (NOR2_X1)                               0.0509     0.4088 f
  DP_i_U2675/ZN (NAND2_X1)                              0.1086     0.5174 r
  U1306/ZN (INV_X16)                                    0.2564     0.7739 f
  U10407/ZN (AND2_X1)                                   0.0622     0.8360 f
  U9917/ZN (OR3_X1)                                     0.0710     0.9070 f
  U9916/ZN (OR3_X1)                                     0.0899     0.9969 f
  DP_i_decode_i_B_reg_i_Y_reg_25_/D (DFF_X1)            0.0104     1.0073 f
  data arrival time                                                1.0073

  clock CLK (rise edge)                                 1.2000     1.2000
  clock network delay (ideal)                           0.0500     1.2500
  clock uncertainty                                    -0.0500     1.2000
  DP_i_decode_i_B_reg_i_Y_reg_25_/CK (DFF_X1)           0.0000     1.2000 r
  library setup time                                   -0.0267     1.1733
  data required time                                               1.1733
  --------------------------------------------------------------------------
  data required time                                               1.1733
  data arrival time                                               -1.0073
  --------------------------------------------------------------------------
  slack (MET)                                                      0.1660


  Startpoint: DRAM_READY (input port clocked by CLK)
  Endpoint: DP_i_decode_i_B_reg_i_Y_reg_23_
            (rising edge-triggered flip-flop clocked by CLK)
  Path Group: INPUTS
  Path Type: max

  Des/Clust/Port     Wire Load Model       Library
  ------------------------------------------------
  DLX                5K_hvratio_1_4        NangateOpenCellLibrary

  Point                                                   Incr       Path
  --------------------------------------------------------------------------
  clock CLK (rise edge)                                 0.0000     0.0000
  clock network delay (ideal)                           0.0500     0.0500
  input external delay                                  0.1200     0.1700 f
  DRAM_READY (in)                                       0.0026     0.1726 f
  U1944/ZN (OR2_X1)                                     0.0539     0.2266 f
  DP_i_U4092/ZN (NAND2_X1)                              0.1313     0.3579 r
  DP_i_U2674/ZN (NOR2_X1)                               0.0509     0.4088 f
  DP_i_U2675/ZN (NAND2_X1)                              0.1086     0.5174 r
  U1306/ZN (INV_X16)                                    0.2564     0.7739 f
  U10411/ZN (AND2_X1)                                   0.0622     0.8360 f
  U9923/ZN (OR3_X1)                                     0.0709     0.9070 f
  U9922/ZN (OR3_X1)                                     0.0899     0.9969 f
  DP_i_decode_i_B_reg_i_Y_reg_23_/D (DFF_X1)            0.0104     1.0073 f
  data arrival time                                                1.0073

  clock CLK (rise edge)                                 1.2000     1.2000
  clock network delay (ideal)                           0.0500     1.2500
  clock uncertainty                                    -0.0500     1.2000
  DP_i_decode_i_B_reg_i_Y_reg_23_/CK (DFF_X1)           0.0000     1.2000 r
  library setup time                                   -0.0267     1.1733
  data required time                                               1.1733
  --------------------------------------------------------------------------
  data required time                                               1.1733
  data arrival time                                               -1.0073
  --------------------------------------------------------------------------
  slack (MET)                                                      0.1660


  Startpoint: DRAM_READY (input port clocked by CLK)
  Endpoint: DP_i_decode_i_B_reg_i_Y_reg_16_
            (rising edge-triggered flip-flop clocked by CLK)
  Path Group: INPUTS
  Path Type: max

  Des/Clust/Port     Wire Load Model       Library
  ------------------------------------------------
  DLX                5K_hvratio_1_4        NangateOpenCellLibrary

  Point                                                   Incr       Path
  --------------------------------------------------------------------------
  clock CLK (rise edge)                                 0.0000     0.0000
  clock network delay (ideal)                           0.0500     0.0500
  input external delay                                  0.1200     0.1700 f
  DRAM_READY (in)                                       0.0026     0.1726 f
  U1944/ZN (OR2_X1)                                     0.0539     0.2266 f
  DP_i_U4092/ZN (NAND2_X1)                              0.1313     0.3579 r
  DP_i_U2674/ZN (NOR2_X1)                               0.0509     0.4088 f
  DP_i_U2675/ZN (NAND2_X1)                              0.1086     0.5174 r
  U1306/ZN (INV_X16)                                    0.2564     0.7739 f
  U10777/ZN (AND2_X1)                                   0.0622     0.8360 f
  U9893/ZN (OR3_X1)                                     0.0709     0.9070 f
  U9892/ZN (OR3_X1)                                     0.0899     0.9969 f
  DP_i_decode_i_B_reg_i_Y_reg_16_/D (DFF_X1)            0.0104     1.0073 f
  data arrival time                                                1.0073

  clock CLK (rise edge)                                 1.2000     1.2000
  clock network delay (ideal)                           0.0500     1.2500
  clock uncertainty                                    -0.0500     1.2000
  DP_i_decode_i_B_reg_i_Y_reg_16_/CK (DFF_X1)           0.0000     1.2000 r
  library setup time                                   -0.0267     1.1733
  data required time                                               1.1733
  --------------------------------------------------------------------------
  data required time                                               1.1733
  data arrival time                                               -1.0073
  --------------------------------------------------------------------------
  slack (MET)                                                      0.1660


  Startpoint: DP_i_mem_access_i_rd_out_reg_i_Y_reg_3_
              (rising edge-triggered flip-flop clocked by CLK)
  Endpoint: IRAM_ISSUE (output port clocked by CLK)
  Path Group: OUTPUTS
  Path Type: max

  Des/Clust/Port     Wire Load Model       Library
  ------------------------------------------------
  DLX                5K_hvratio_1_4        NangateOpenCellLibrary

  Point                                                   Incr       Path
  --------------------------------------------------------------------------
  clock CLK (rise edge)                                 0.0000     0.0000
  clock network delay (ideal)                           0.0500     0.0500
  DP_i_mem_access_i_rd_out_reg_i_Y_reg_3_/CK (DFF_X1)   0.0000     0.0500 r
  DP_i_mem_access_i_rd_out_reg_i_Y_reg_3_/QN (DFF_X1)   0.0782     0.1282 f
  U8806/ZN (INV_X1)                                     0.0335     0.1617 r
  DP_i_decode_i_reg_file_i/addr_w[3] (register_file)    0.0000     0.1617 r
  DP_i_decode_i_reg_file_i/U181/ZN (XNOR2_X1)           0.0648     0.2264 r
  DP_i_decode_i_reg_file_i/U75/ZN (AND2_X1)             0.0496     0.2760 r
  DP_i_decode_i_reg_file_i/U149/ZN (AND4_X2)            0.0734     0.3494 r
  DP_i_decode_i_reg_file_i/U196/ZN (INV_X1)             0.0334     0.3828 f
  DP_i_decode_i_reg_file_i/U166/ZN (AND3_X1)            0.0477     0.4305 f
  DP_i_decode_i_reg_file_i/U165/Z (BUF_X1)              0.0426     0.4731 f
  DP_i_decode_i_reg_file_i/U1998/ZN (AOI22_X1)          0.0529     0.5261 r
  DP_i_decode_i_reg_file_i/U2002/ZN (AND4_X1)           0.0642     0.5902 r
  DP_i_decode_i_reg_file_i/U2016/ZN (NAND4_X1)          0.0429     0.6331 f
  DP_i_decode_i_reg_file_i/output1[0] (register_file)   0.0000     0.6331 f
  U4235/ZN (OAI211_X1)                                  0.0560     0.6891 r
  U4236/ZN (NAND2_X1)                                   0.0438     0.7329 f
  U2341/ZN (NAND2_X1)                                   0.0391     0.7721 r
  U2360/ZN (NAND2_X1)                                   0.0385     0.8106 f
  U2350/Z (MUX2_X1)                                     0.0718     0.8824 f
  U2340/ZN (OR2_X1)                                     0.0556     0.9380 f
  U2346/ZN (OAI211_X1)                                  0.0360     0.9741 r
  U2410/ZN (NAND2_X1)                                   0.0360     1.0100 f
  U1612/ZN (OAI21_X1)                                   0.0495     1.0596 r
  U8345/ZN (NAND2_X1)                                   0.0320     1.0916 f
  U8346/ZN (AND2_X1)                                    0.0387     1.1302 f
  IRAM_ISSUE (out)                                      0.0035     1.1337 f
  data arrival time                                                1.1337

  clock CLK (rise edge)                                 1.2000     1.2000
  clock network delay (ideal)                           0.0500     1.2500
  clock uncertainty                                    -0.0500     1.2000
  output external delay                                -0.1200     1.0800
  data required time                                               1.0800
  --------------------------------------------------------------------------
  data required time                                               1.0800
  data arrival time                                               -1.1337
  --------------------------------------------------------------------------
  slack (VIOLATED)                                                -0.0537


  Startpoint: DP_i_mem_access_i_rd_out_reg_i_Y_reg_3_
              (rising edge-triggered flip-flop clocked by CLK)
  Endpoint: IRAM_ISSUE (output port clocked by CLK)
  Path Group: OUTPUTS
  Path Type: max

  Des/Clust/Port     Wire Load Model       Library
  ------------------------------------------------
  DLX                5K_hvratio_1_4        NangateOpenCellLibrary

  Point                                                   Incr       Path
  --------------------------------------------------------------------------
  clock CLK (rise edge)                                 0.0000     0.0000
  clock network delay (ideal)                           0.0500     0.0500
  DP_i_mem_access_i_rd_out_reg_i_Y_reg_3_/CK (DFF_X1)   0.0000     0.0500 r
  DP_i_mem_access_i_rd_out_reg_i_Y_reg_3_/QN (DFF_X1)   0.0782     0.1282 f
  U8806/ZN (INV_X1)                                     0.0335     0.1617 r
  DP_i_decode_i_reg_file_i/addr_w[3] (register_file)    0.0000     0.1617 r
  DP_i_decode_i_reg_file_i/U181/ZN (XNOR2_X1)           0.0648     0.2264 r
  DP_i_decode_i_reg_file_i/U144/ZN (AND2_X1)            0.0496     0.2760 r
  DP_i_decode_i_reg_file_i/U148/ZN (AND4_X2)            0.0713     0.3473 r
  DP_i_decode_i_reg_file_i/U193/ZN (INV_X1)             0.0344     0.3817 f
  DP_i_decode_i_reg_file_i/U9/ZN (AND3_X1)              0.0515     0.4332 f
  DP_i_decode_i_reg_file_i/U1953/ZN (NAND2_X1)          0.0331     0.4662 r
  DP_i_decode_i_reg_file_i/U1957/ZN (AND4_X1)           0.0644     0.5306 r
  DP_i_decode_i_reg_file_i/U1971/ZN (AND4_X1)           0.0602     0.5908 r
  DP_i_decode_i_reg_file_i/U1991/ZN (NAND4_X1)          0.0429     0.6337 f
  DP_i_decode_i_reg_file_i/output1[1] (register_file)   0.0000     0.6337 f
  U4232/ZN (OAI211_X1)                                  0.0556     0.6893 r
  U4236/ZN (NAND2_X1)                                   0.0436     0.7329 f
  U2341/ZN (NAND2_X1)                                   0.0391     0.7720 r
  U2360/ZN (NAND2_X1)                                   0.0385     0.8105 f
  U2350/Z (MUX2_X1)                                     0.0718     0.8824 f
  U2340/ZN (OR2_X1)                                     0.0556     0.9380 f
  U2346/ZN (OAI211_X1)                                  0.0360     0.9740 r
  U2410/ZN (NAND2_X1)                                   0.0360     1.0100 f
  U1612/ZN (OAI21_X1)                                   0.0495     1.0595 r
  U8345/ZN (NAND2_X1)                                   0.0320     1.0915 f
  U8346/ZN (AND2_X1)                                    0.0387     1.1302 f
  IRAM_ISSUE (out)                                      0.0035     1.1337 f
  data arrival time                                                1.1337

  clock CLK (rise edge)                                 1.2000     1.2000
  clock network delay (ideal)                           0.0500     1.2500
  clock uncertainty                                    -0.0500     1.2000
  output external delay                                -0.1200     1.0800
  data required time                                               1.0800
  --------------------------------------------------------------------------
  data required time                                               1.0800
  data arrival time                                               -1.1337
  --------------------------------------------------------------------------
  slack (VIOLATED)                                                -0.0537


  Startpoint: CP_i_ex_mem_reg_i_RM_out_reg
              (rising edge-triggered flip-flop clocked by CLK)
  Endpoint: DRAM_DATA[31]
            (output port clocked by CLK)
  Path Group: OUTPUTS
  Path Type: max

  Des/Clust/Port     Wire Load Model       Library
  ------------------------------------------------
  DLX                5K_hvratio_1_4        NangateOpenCellLibrary

  Point                                                   Incr       Path
  --------------------------------------------------------------------------
  clock CLK (rise edge)                                 0.0000     0.0000
  clock network delay (ideal)                           0.0500     0.0500
  CP_i_ex_mem_reg_i_RM_out_reg/CK (DFF_X1)              0.0000     0.0500 r
  CP_i_ex_mem_reg_i_RM_out_reg/QN (DFF_X1)              0.0816     0.1316 f
  U2210/ZN (INV_X1)                                     0.0349     0.1666 r
  U1551/Z (BUF_X1)                                      0.0582     0.2248 r
  U2437/ZN (OR2_X1)                                     0.0583     0.2831 r
  U4219/ZN (OAI211_X1)                                  0.0453     0.3284 f
  U834/ZN (AND2_X1)                                     0.0577     0.3861 f
  U5462/ZN (NAND2_X1)                                   0.0592     0.4453 r
  U8042/ZN (OR2_X4)                                     0.1604     0.6056 r
  DRAM_DATA_tri_31_/Z (TBUF_X1)                         0.2578     0.8634 f
  DRAM_DATA[31] (inout)                                 0.0054     0.8689 f
  data arrival time                                                0.8689

  clock CLK (rise edge)                                 1.2000     1.2000
  clock network delay (ideal)                           0.0500     1.2500
  clock uncertainty                                    -0.0500     1.2000
  output external delay                                -0.1200     1.0800
  data required time                                               1.0800
  --------------------------------------------------------------------------
  data required time                                               1.0800
  data arrival time                                               -0.8689
  --------------------------------------------------------------------------
  slack (MET)                                                      0.2111


  Startpoint: CP_i_ex_mem_reg_i_RM_out_reg
              (rising edge-triggered flip-flop clocked by CLK)
  Endpoint: DRAM_DATA[29]
            (output port clocked by CLK)
  Path Group: OUTPUTS
  Path Type: max

  Des/Clust/Port     Wire Load Model       Library
  ------------------------------------------------
  DLX                5K_hvratio_1_4        NangateOpenCellLibrary

  Point                                                   Incr       Path
  --------------------------------------------------------------------------
  clock CLK (rise edge)                                 0.0000     0.0000
  clock network delay (ideal)                           0.0500     0.0500
  CP_i_ex_mem_reg_i_RM_out_reg/CK (DFF_X1)              0.0000     0.0500 r
  CP_i_ex_mem_reg_i_RM_out_reg/QN (DFF_X1)              0.0816     0.1316 f
  U2210/ZN (INV_X1)                                     0.0349     0.1666 r
  U1551/Z (BUF_X1)                                      0.0582     0.2248 r
  U2437/ZN (OR2_X1)                                     0.0583     0.2831 r
  U4219/ZN (OAI211_X1)                                  0.0453     0.3284 f
  U834/ZN (AND2_X1)                                     0.0577     0.3861 f
  U5462/ZN (NAND2_X1)                                   0.0592     0.4453 r
  U8042/ZN (OR2_X4)                                     0.1604     0.6056 r
  DRAM_DATA_tri_29_/Z (TBUF_X1)                         0.2578     0.8634 f
  DRAM_DATA[29] (inout)                                 0.0048     0.8683 f
  data arrival time                                                0.8683

  clock CLK (rise edge)                                 1.2000     1.2000
  clock network delay (ideal)                           0.0500     1.2500
  clock uncertainty                                    -0.0500     1.2000
  output external delay                                -0.1200     1.0800
  data required time                                               1.0800
  --------------------------------------------------------------------------
  data required time                                               1.0800
  data arrival time                                               -0.8683
  --------------------------------------------------------------------------
  slack (MET)                                                      0.2117


  Startpoint: CP_i_ex_mem_reg_i_RM_out_reg
              (rising edge-triggered flip-flop clocked by CLK)
  Endpoint: DRAM_DATA[28]
            (output port clocked by CLK)
  Path Group: OUTPUTS
  Path Type: max

  Des/Clust/Port     Wire Load Model       Library
  ------------------------------------------------
  DLX                5K_hvratio_1_4        NangateOpenCellLibrary

  Point                                                   Incr       Path
  --------------------------------------------------------------------------
  clock CLK (rise edge)                                 0.0000     0.0000
  clock network delay (ideal)                           0.0500     0.0500
  CP_i_ex_mem_reg_i_RM_out_reg/CK (DFF_X1)              0.0000     0.0500 r
  CP_i_ex_mem_reg_i_RM_out_reg/QN (DFF_X1)              0.0816     0.1316 f
  U2210/ZN (INV_X1)                                     0.0349     0.1666 r
  U1551/Z (BUF_X1)                                      0.0582     0.2248 r
  U2437/ZN (OR2_X1)                                     0.0583     0.2831 r
  U4219/ZN (OAI211_X1)                                  0.0453     0.3284 f
  U834/ZN (AND2_X1)                                     0.0577     0.3861 f
  U5462/ZN (NAND2_X1)                                   0.0592     0.4453 r
  U8042/ZN (OR2_X4)                                     0.1604     0.6056 r
  DRAM_DATA_tri_28_/Z (TBUF_X1)                         0.2578     0.8634 f
  DRAM_DATA[28] (inout)                                 0.0048     0.8683 f
  data arrival time                                                0.8683

  clock CLK (rise edge)                                 1.2000     1.2000
  clock network delay (ideal)                           0.0500     1.2500
  clock uncertainty                                    -0.0500     1.2000
  output external delay                                -0.1200     1.0800
  data required time                                               1.0800
  --------------------------------------------------------------------------
  data required time                                               1.0800
  data arrival time                                               -0.8683
  --------------------------------------------------------------------------
  slack (MET)                                                      0.2117


  Startpoint: CP_i_ex_mem_reg_i_RM_out_reg
              (rising edge-triggered flip-flop clocked by CLK)
  Endpoint: DRAM_DATA[27]
            (output port clocked by CLK)
  Path Group: OUTPUTS
  Path Type: max

  Des/Clust/Port     Wire Load Model       Library
  ------------------------------------------------
  DLX                5K_hvratio_1_4        NangateOpenCellLibrary

  Point                                                   Incr       Path
  --------------------------------------------------------------------------
  clock CLK (rise edge)                                 0.0000     0.0000
  clock network delay (ideal)                           0.0500     0.0500
  CP_i_ex_mem_reg_i_RM_out_reg/CK (DFF_X1)              0.0000     0.0500 r
  CP_i_ex_mem_reg_i_RM_out_reg/QN (DFF_X1)              0.0816     0.1316 f
  U2210/ZN (INV_X1)                                     0.0349     0.1666 r
  U1551/Z (BUF_X1)                                      0.0582     0.2248 r
  U2437/ZN (OR2_X1)                                     0.0583     0.2831 r
  U4219/ZN (OAI211_X1)                                  0.0453     0.3284 f
  U834/ZN (AND2_X1)                                     0.0577     0.3861 f
  U5462/ZN (NAND2_X1)                                   0.0592     0.4453 r
  U8042/ZN (OR2_X4)                                     0.1604     0.6056 r
  DRAM_DATA_tri_27_/Z (TBUF_X1)                         0.2578     0.8634 f
  DRAM_DATA[27] (inout)                                 0.0048     0.8683 f
  data arrival time                                                0.8683

  clock CLK (rise edge)                                 1.2000     1.2000
  clock network delay (ideal)                           0.0500     1.2500
  clock uncertainty                                    -0.0500     1.2000
  output external delay                                -0.1200     1.0800
  data required time                                               1.0800
  --------------------------------------------------------------------------
  data required time                                               1.0800
  data arrival time                                               -0.8683
  --------------------------------------------------------------------------
  slack (MET)                                                      0.2117


  Startpoint: CP_i_ex_mem_reg_i_RM_out_reg
              (rising edge-triggered flip-flop clocked by CLK)
  Endpoint: DRAM_DATA[26]
            (output port clocked by CLK)
  Path Group: OUTPUTS
  Path Type: max

  Des/Clust/Port     Wire Load Model       Library
  ------------------------------------------------
  DLX                5K_hvratio_1_4        NangateOpenCellLibrary

  Point                                                   Incr       Path
  --------------------------------------------------------------------------
  clock CLK (rise edge)                                 0.0000     0.0000
  clock network delay (ideal)                           0.0500     0.0500
  CP_i_ex_mem_reg_i_RM_out_reg/CK (DFF_X1)              0.0000     0.0500 r
  CP_i_ex_mem_reg_i_RM_out_reg/QN (DFF_X1)              0.0816     0.1316 f
  U2210/ZN (INV_X1)                                     0.0349     0.1666 r
  U1551/Z (BUF_X1)                                      0.0582     0.2248 r
  U2437/ZN (OR2_X1)                                     0.0583     0.2831 r
  U4219/ZN (OAI211_X1)                                  0.0453     0.3284 f
  U834/ZN (AND2_X1)                                     0.0577     0.3861 f
  U5462/ZN (NAND2_X1)                                   0.0592     0.4453 r
  U8042/ZN (OR2_X4)                                     0.1604     0.6056 r
  DRAM_DATA_tri_26_/Z (TBUF_X1)                         0.2578     0.8634 f
  DRAM_DATA[26] (inout)                                 0.0048     0.8683 f
  data arrival time                                                0.8683

  clock CLK (rise edge)                                 1.2000     1.2000
  clock network delay (ideal)                           0.0500     1.2500
  clock uncertainty                                    -0.0500     1.2000
  output external delay                                -0.1200     1.0800
  data required time                                               1.0800
  --------------------------------------------------------------------------
  data required time                                               1.0800
  data arrival time                                               -0.8683
  --------------------------------------------------------------------------
  slack (MET)                                                      0.2117


  Startpoint: CP_i_ex_mem_reg_i_RM_out_reg
              (rising edge-triggered flip-flop clocked by CLK)
  Endpoint: DRAM_DATA[25]
            (output port clocked by CLK)
  Path Group: OUTPUTS
  Path Type: max

  Des/Clust/Port     Wire Load Model       Library
  ------------------------------------------------
  DLX                5K_hvratio_1_4        NangateOpenCellLibrary

  Point                                                   Incr       Path
  --------------------------------------------------------------------------
  clock CLK (rise edge)                                 0.0000     0.0000
  clock network delay (ideal)                           0.0500     0.0500
  CP_i_ex_mem_reg_i_RM_out_reg/CK (DFF_X1)              0.0000     0.0500 r
  CP_i_ex_mem_reg_i_RM_out_reg/QN (DFF_X1)              0.0816     0.1316 f
  U2210/ZN (INV_X1)                                     0.0349     0.1666 r
  U1551/Z (BUF_X1)                                      0.0582     0.2248 r
  U2437/ZN (OR2_X1)                                     0.0583     0.2831 r
  U4219/ZN (OAI211_X1)                                  0.0453     0.3284 f
  U834/ZN (AND2_X1)                                     0.0577     0.3861 f
  U5462/ZN (NAND2_X1)                                   0.0592     0.4453 r
  U8042/ZN (OR2_X4)                                     0.1604     0.6056 r
  DRAM_DATA_tri_25_/Z (TBUF_X1)                         0.2578     0.8634 f
  DRAM_DATA[25] (inout)                                 0.0048     0.8683 f
  data arrival time                                                0.8683

  clock CLK (rise edge)                                 1.2000     1.2000
  clock network delay (ideal)                           0.0500     1.2500
  clock uncertainty                                    -0.0500     1.2000
  output external delay                                -0.1200     1.0800
  data required time                                               1.0800
  --------------------------------------------------------------------------
  data required time                                               1.0800
  data arrival time                                               -0.8683
  --------------------------------------------------------------------------
  slack (MET)                                                      0.2117


  Startpoint: CP_i_ex_mem_reg_i_RM_out_reg
              (rising edge-triggered flip-flop clocked by CLK)
  Endpoint: DRAM_DATA[24]
            (output port clocked by CLK)
  Path Group: OUTPUTS
  Path Type: max

  Des/Clust/Port     Wire Load Model       Library
  ------------------------------------------------
  DLX                5K_hvratio_1_4        NangateOpenCellLibrary

  Point                                                   Incr       Path
  --------------------------------------------------------------------------
  clock CLK (rise edge)                                 0.0000     0.0000
  clock network delay (ideal)                           0.0500     0.0500
  CP_i_ex_mem_reg_i_RM_out_reg/CK (DFF_X1)              0.0000     0.0500 r
  CP_i_ex_mem_reg_i_RM_out_reg/QN (DFF_X1)              0.0816     0.1316 f
  U2210/ZN (INV_X1)                                     0.0349     0.1666 r
  U1551/Z (BUF_X1)                                      0.0582     0.2248 r
  U2437/ZN (OR2_X1)                                     0.0583     0.2831 r
  U4219/ZN (OAI211_X1)                                  0.0453     0.3284 f
  U834/ZN (AND2_X1)                                     0.0577     0.3861 f
  U5462/ZN (NAND2_X1)                                   0.0592     0.4453 r
  U8042/ZN (OR2_X4)                                     0.1604     0.6056 r
  DRAM_DATA_tri_24_/Z (TBUF_X1)                         0.2578     0.8634 f
  DRAM_DATA[24] (inout)                                 0.0048     0.8683 f
  data arrival time                                                0.8683

  clock CLK (rise edge)                                 1.2000     1.2000
  clock network delay (ideal)                           0.0500     1.2500
  clock uncertainty                                    -0.0500     1.2000
  output external delay                                -0.1200     1.0800
  data required time                                               1.0800
  --------------------------------------------------------------------------
  data required time                                               1.0800
  data arrival time                                               -0.8683
  --------------------------------------------------------------------------
  slack (MET)                                                      0.2117


  Startpoint: CP_i_ex_mem_reg_i_RM_out_reg
              (rising edge-triggered flip-flop clocked by CLK)
  Endpoint: DRAM_DATA[23]
            (output port clocked by CLK)
  Path Group: OUTPUTS
  Path Type: max

  Des/Clust/Port     Wire Load Model       Library
  ------------------------------------------------
  DLX                5K_hvratio_1_4        NangateOpenCellLibrary

  Point                                                   Incr       Path
  --------------------------------------------------------------------------
  clock CLK (rise edge)                                 0.0000     0.0000
  clock network delay (ideal)                           0.0500     0.0500
  CP_i_ex_mem_reg_i_RM_out_reg/CK (DFF_X1)              0.0000     0.0500 r
  CP_i_ex_mem_reg_i_RM_out_reg/QN (DFF_X1)              0.0816     0.1316 f
  U2210/ZN (INV_X1)                                     0.0349     0.1666 r
  U1551/Z (BUF_X1)                                      0.0582     0.2248 r
  U2437/ZN (OR2_X1)                                     0.0583     0.2831 r
  U4219/ZN (OAI211_X1)                                  0.0453     0.3284 f
  U834/ZN (AND2_X1)                                     0.0577     0.3861 f
  U5462/ZN (NAND2_X1)                                   0.0592     0.4453 r
  U8042/ZN (OR2_X4)                                     0.1604     0.6056 r
  DRAM_DATA_tri_23_/Z (TBUF_X1)                         0.2578     0.8634 f
  DRAM_DATA[23] (inout)                                 0.0048     0.8683 f
  data arrival time                                                0.8683

  clock CLK (rise edge)                                 1.2000     1.2000
  clock network delay (ideal)                           0.0500     1.2500
  clock uncertainty                                    -0.0500     1.2000
  output external delay                                -0.1200     1.0800
  data required time                                               1.0800
  --------------------------------------------------------------------------
  data required time                                               1.0800
  data arrival time                                               -0.8683
  --------------------------------------------------------------------------
  slack (MET)                                                      0.2117


1
