 
****************************************
Report : timing
        -path full
        -delay max
        -nworst 2
        -max_paths 10
Design : DLX
Version: W-2024.09-SP2
Date   : Tue Sep 29 12:10:38 2026
****************************************

Operating Conditions: typical   Library: NangateOpenCellLibrary
Wire Load Model Mode: top

  Startpoint: DP_i_mem_access_i_rd_out_reg_i_Y_reg_0_
              (rising edge-triggered flip-flop clocked by CLK)
  Endpoint: CP_i_hazard_unit_i_G_scoreboard_reg_28__0_
            (rising edge-triggered flip-flop clocked by CLK)
  Path Group: REG2REG
  Path Type: max

  Des/Clust/Port     Wire Load Model       Library
  ------------------------------------------------
  DLX                5K_hvratio_1_4        NangateOpenCellLibrary

  Point                                                   Incr       Path
  --------------------------------------------------------------------------
  clock CLK (rise edge)                                 0.0000     0.0000
  clock network delay (ideal)                           0.0500     0.0500
  DP_i_mem_access_i_rd_out_reg_i_Y_reg_0_/CK (DFF_X1)   0.0000     0.0500 r
  DP_i_mem_access_i_rd_out_reg_i_Y_reg_0_/QN (DFF_X1)   0.0831     0.1331 r
  U3747/ZN (XNOR2_X1)                                   0.0624     0.1955 r
  U2216/ZN (AND2_X1)                                    0.0504     0.2460 r
  U836/ZN (AND4_X2)                                     0.0695     0.3155 r
  U1992/ZN (NOR2_X1)                                    0.0316     0.3471 f
  U3802/ZN (AND2_X1)                                    0.0472     0.3943 f
  U3851/ZN (NAND2_X1)                                   0.0358     0.4301 r
  U969/ZN (AND4_X1)                                     0.0662     0.4964 r
  U1109/ZN (AND4_X1)                                    0.0575     0.5538 r
  U1181/ZN (AND3_X1)                                    0.0507     0.6045 r
  U1991/ZN (AOI21_X1)                                   0.0339     0.6384 f
  U1988/ZN (OAI21_X1)                                   0.0558     0.6942 r
  U1083/ZN (AND3_X1)                                    0.0634     0.7576 r
  U872/ZN (AND2_X2)                                     0.0596     0.8172 r
  U4124/ZN (NAND2_X1)                                   0.0386     0.8558 f
  U4125/ZN (NAND4_X1)                                   0.0342     0.8900 r
  U2640/ZN (NAND2_X1)                                   0.0274     0.9174 f
  U2531/ZN (AND3_X1)                                    0.0394     0.9568 f
  U2545/ZN (AOI22_X1)                                   0.0547     1.0115 r
  U2637/ZN (NAND4_X1)                                   0.0451     1.0567 f
  U1147/Z (MUX2_X1)                                     0.0757     1.1324 f
  U2342/ZN (OAI21_X1)                                   0.0542     1.1866 r
  U4267/ZN (NAND2_X1)                                   0.0460     1.2326 f
  U2086/ZN (NAND2_X1)                                   0.0472     1.2798 r
  U2087/ZN (OR2_X1)                                     0.0498     1.3296 r
  U10695/ZN (OR2_X2)                                    0.0646     1.3942 r
  U11217/ZN (OR2_X1)                                    0.0785     1.4726 r
  U12553/ZN (OAI22_X1)                                  0.0472     1.5198 f
  U11216/ZN (AND2_X1)                                   0.0436     1.5634 f
  CP_i_hazard_unit_i_G_scoreboard_reg_28__0_/D (DFF_X1)
                                                        0.0104     1.5738 f
  data arrival time                                                1.5738

  clock CLK (rise edge)                                 1.3500     1.3500
  clock network delay (ideal)                           0.0500     1.4000
  clock uncertainty                                    -0.0500     1.3500
  CP_i_hazard_unit_i_G_scoreboard_reg_28__0_/CK (DFF_X1)
                                                        0.0000     1.3500 r
  library setup time                                   -0.0239     1.3261
  data required time                                               1.3261
  --------------------------------------------------------------------------
  data required time                                               1.3261
  data arrival time                                               -1.5738
  --------------------------------------------------------------------------
  slack (VIOLATED)                                                -0.2477


  Startpoint: DP_i_mem_access_i_rd_out_reg_i_Y_reg_0_
              (rising edge-triggered flip-flop clocked by CLK)
  Endpoint: CP_i_hazard_unit_i_G_scoreboard_reg_28__0_
            (rising edge-triggered flip-flop clocked by CLK)
  Path Group: REG2REG
  Path Type: max

  Des/Clust/Port     Wire Load Model       Library
  ------------------------------------------------
  DLX                5K_hvratio_1_4        NangateOpenCellLibrary

  Point                                                   Incr       Path
  --------------------------------------------------------------------------
  clock CLK (rise edge)                                 0.0000     0.0000
  clock network delay (ideal)                           0.0500     0.0500
  DP_i_mem_access_i_rd_out_reg_i_Y_reg_0_/CK (DFF_X1)   0.0000     0.0500 r
  DP_i_mem_access_i_rd_out_reg_i_Y_reg_0_/QN (DFF_X1)   0.0831     0.1331 r
  U3747/ZN (XNOR2_X1)                                   0.0624     0.1955 r
  U2216/ZN (AND2_X1)                                    0.0504     0.2460 r
  U836/ZN (AND4_X2)                                     0.0695     0.3155 r
  U1992/ZN (NOR2_X1)                                    0.0316     0.3471 f
  U3802/ZN (AND2_X1)                                    0.0472     0.3943 f
  U3851/ZN (NAND2_X1)                                   0.0358     0.4301 r
  U969/ZN (AND4_X1)                                     0.0662     0.4964 r
  U1109/ZN (AND4_X1)                                    0.0575     0.5538 r
  U1181/ZN (AND3_X1)                                    0.0507     0.6045 r
  U1991/ZN (AOI21_X1)                                   0.0339     0.6384 f
  U1988/ZN (OAI21_X1)                                   0.0558     0.6942 r
  U1083/ZN (AND3_X1)                                    0.0634     0.7576 r
  U872/ZN (AND2_X2)                                     0.0596     0.8172 r
  U4124/ZN (NAND2_X1)                                   0.0386     0.8558 f
  U4125/ZN (NAND4_X1)                                   0.0342     0.8900 r
  U2640/ZN (NAND2_X1)                                   0.0274     0.9174 f
  U2531/ZN (AND3_X1)                                    0.0394     0.9568 f
  U2545/ZN (AOI22_X1)                                   0.0547     1.0115 r
  U2637/ZN (NAND4_X1)                                   0.0451     1.0567 f
  U1147/Z (MUX2_X1)                                     0.0757     1.1324 f
  U2342/ZN (OAI21_X1)                                   0.0542     1.1866 r
  U4267/ZN (NAND2_X1)                                   0.0460     1.2326 f
  U2086/ZN (NAND2_X1)                                   0.0472     1.2798 r
  U2087/ZN (OR2_X1)                                     0.0498     1.3296 r
  U10695/ZN (OR2_X2)                                    0.0646     1.3942 r
  U11217/ZN (OR2_X1)                                    0.0785     1.4726 r
  U12553/ZN (OAI22_X1)                                  0.0472     1.5198 f
  U11216/ZN (AND2_X1)                                   0.0436     1.5634 f
  CP_i_hazard_unit_i_G_scoreboard_reg_28__0_/D (DFF_X1)
                                                        0.0104     1.5738 f
  data arrival time                                                1.5738

  clock CLK (rise edge)                                 1.3500     1.3500
  clock network delay (ideal)                           0.0500     1.4000
  clock uncertainty                                    -0.0500     1.3500
  CP_i_hazard_unit_i_G_scoreboard_reg_28__0_/CK (DFF_X1)
                                                        0.0000     1.3500 r
  library setup time                                   -0.0239     1.3261
  data required time                                               1.3261
  --------------------------------------------------------------------------
  data required time                                               1.3261
  data arrival time                                               -1.5738
  --------------------------------------------------------------------------
  slack (VIOLATED)                                                -0.2477


  Startpoint: DP_i_mem_access_i_rd_out_reg_i_Y_reg_0_
              (rising edge-triggered flip-flop clocked by CLK)
  Endpoint: CP_i_hazard_unit_i_G_scoreboard_reg_20__0_
            (rising edge-triggered flip-flop clocked by CLK)
  Path Group: REG2REG
  Path Type: max

  Des/Clust/Port     Wire Load Model       Library
  ------------------------------------------------
  DLX                5K_hvratio_1_4        NangateOpenCellLibrary

  Point                                                   Incr       Path
  --------------------------------------------------------------------------
  clock CLK (rise edge)                                 0.0000     0.0000
  clock network delay (ideal)                           0.0500     0.0500
  DP_i_mem_access_i_rd_out_reg_i_Y_reg_0_/CK (DFF_X1)   0.0000     0.0500 r
  DP_i_mem_access_i_rd_out_reg_i_Y_reg_0_/QN (DFF_X1)   0.0831     0.1331 r
  U3747/ZN (XNOR2_X1)                                   0.0624     0.1955 r
  U2216/ZN (AND2_X1)                                    0.0504     0.2460 r
  U836/ZN (AND4_X2)                                     0.0695     0.3155 r
  U1992/ZN (NOR2_X1)                                    0.0316     0.3471 f
  U3802/ZN (AND2_X1)                                    0.0472     0.3943 f
  U3851/ZN (NAND2_X1)                                   0.0358     0.4301 r
  U969/ZN (AND4_X1)                                     0.0662     0.4964 r
  U1109/ZN (AND4_X1)                                    0.0575     0.5538 r
  U1181/ZN (AND3_X1)                                    0.0507     0.6045 r
  U1991/ZN (AOI21_X1)                                   0.0339     0.6384 f
  U1988/ZN (OAI21_X1)                                   0.0558     0.6942 r
  U1083/ZN (AND3_X1)                                    0.0634     0.7576 r
  U872/ZN (AND2_X2)                                     0.0596     0.8172 r
  U4124/ZN (NAND2_X1)                                   0.0386     0.8558 f
  U4125/ZN (NAND4_X1)                                   0.0342     0.8900 r
  U2640/ZN (NAND2_X1)                                   0.0274     0.9174 f
  U2531/ZN (AND3_X1)                                    0.0394     0.9568 f
  U2545/ZN (AOI22_X1)                                   0.0547     1.0115 r
  U2637/ZN (NAND4_X1)                                   0.0451     1.0567 f
  U1147/Z (MUX2_X1)                                     0.0757     1.1324 f
  U2342/ZN (OAI21_X1)                                   0.0542     1.1866 r
  U4267/ZN (NAND2_X1)                                   0.0460     1.2326 f
  U2086/ZN (NAND2_X1)                                   0.0472     1.2798 r
  U2087/ZN (OR2_X1)                                     0.0498     1.3296 r
  U10695/ZN (OR2_X2)                                    0.0646     1.3942 r
  U11219/ZN (OR2_X1)                                    0.0785     1.4726 r
  U12551/ZN (OAI22_X1)                                  0.0472     1.5198 f
  U11218/ZN (AND2_X1)                                   0.0436     1.5634 f
  CP_i_hazard_unit_i_G_scoreboard_reg_20__0_/D (DFF_X1)
                                                        0.0104     1.5738 f
  data arrival time                                                1.5738

  clock CLK (rise edge)                                 1.3500     1.3500
  clock network delay (ideal)                           0.0500     1.4000
  clock uncertainty                                    -0.0500     1.3500
  CP_i_hazard_unit_i_G_scoreboard_reg_20__0_/CK (DFF_X1)
                                                        0.0000     1.3500 r
  library setup time                                   -0.0239     1.3261
  data required time                                               1.3261
  --------------------------------------------------------------------------
  data required time                                               1.3261
  data arrival time                                               -1.5738
  --------------------------------------------------------------------------
  slack (VIOLATED)                                                -0.2477


  Startpoint: DP_i_mem_access_i_rd_out_reg_i_Y_reg_0_
              (rising edge-triggered flip-flop clocked by CLK)
  Endpoint: CP_i_hazard_unit_i_G_scoreboard_reg_12__0_
            (rising edge-triggered flip-flop clocked by CLK)
  Path Group: REG2REG
  Path Type: max

  Des/Clust/Port     Wire Load Model       Library
  ------------------------------------------------
  DLX                5K_hvratio_1_4        NangateOpenCellLibrary

  Point                                                   Incr       Path
  --------------------------------------------------------------------------
  clock CLK (rise edge)                                 0.0000     0.0000
  clock network delay (ideal)                           0.0500     0.0500
  DP_i_mem_access_i_rd_out_reg_i_Y_reg_0_/CK (DFF_X1)   0.0000     0.0500 r
  DP_i_mem_access_i_rd_out_reg_i_Y_reg_0_/QN (DFF_X1)   0.0831     0.1331 r
  U3747/ZN (XNOR2_X1)                                   0.0624     0.1955 r
  U2216/ZN (AND2_X1)                                    0.0504     0.2460 r
  U836/ZN (AND4_X2)                                     0.0695     0.3155 r
  U1992/ZN (NOR2_X1)                                    0.0316     0.3471 f
  U3802/ZN (AND2_X1)                                    0.0472     0.3943 f
  U3851/ZN (NAND2_X1)                                   0.0358     0.4301 r
  U969/ZN (AND4_X1)                                     0.0662     0.4964 r
  U1109/ZN (AND4_X1)                                    0.0575     0.5538 r
  U1181/ZN (AND3_X1)                                    0.0507     0.6045 r
  U1991/ZN (AOI21_X1)                                   0.0339     0.6384 f
  U1988/ZN (OAI21_X1)                                   0.0558     0.6942 r
  U1083/ZN (AND3_X1)                                    0.0634     0.7576 r
  U872/ZN (AND2_X2)                                     0.0596     0.8172 r
  U4124/ZN (NAND2_X1)                                   0.0386     0.8558 f
  U4125/ZN (NAND4_X1)                                   0.0342     0.8900 r
  U2640/ZN (NAND2_X1)                                   0.0274     0.9174 f
  U2531/ZN (AND3_X1)                                    0.0394     0.9568 f
  U2545/ZN (AOI22_X1)                                   0.0547     1.0115 r
  U2637/ZN (NAND4_X1)                                   0.0451     1.0567 f
  U1147/Z (MUX2_X1)                                     0.0757     1.1324 f
  U2342/ZN (OAI21_X1)                                   0.0542     1.1866 r
  U4267/ZN (NAND2_X1)                                   0.0460     1.2326 f
  U2086/ZN (NAND2_X1)                                   0.0472     1.2798 r
  U2087/ZN (OR2_X1)                                     0.0498     1.3296 r
  U10695/ZN (OR2_X2)                                    0.0646     1.3942 r
  U11221/ZN (OR2_X1)                                    0.0785     1.4726 r
  U12552/ZN (OAI22_X1)                                  0.0472     1.5198 f
  U11220/ZN (AND2_X1)                                   0.0436     1.5634 f
  CP_i_hazard_unit_i_G_scoreboard_reg_12__0_/D (DFF_X1)
                                                        0.0104     1.5738 f
  data arrival time                                                1.5738

  clock CLK (rise edge)                                 1.3500     1.3500
  clock network delay (ideal)                           0.0500     1.4000
  clock uncertainty                                    -0.0500     1.3500
  CP_i_hazard_unit_i_G_scoreboard_reg_12__0_/CK (DFF_X1)
                                                        0.0000     1.3500 r
  library setup time                                   -0.0239     1.3261
  data required time                                               1.3261
  --------------------------------------------------------------------------
  data required time                                               1.3261
  data arrival time                                               -1.5738
  --------------------------------------------------------------------------
  slack (VIOLATED)                                                -0.2477


  Startpoint: DP_i_mem_access_i_rd_out_reg_i_Y_reg_0_
              (rising edge-triggered flip-flop clocked by CLK)
  Endpoint: CP_i_hazard_unit_i_G_scoreboard_reg_20__0_
            (rising edge-triggered flip-flop clocked by CLK)
  Path Group: REG2REG
  Path Type: max

  Des/Clust/Port     Wire Load Model       Library
  ------------------------------------------------
  DLX                5K_hvratio_1_4        NangateOpenCellLibrary

  Point                                                   Incr       Path
  --------------------------------------------------------------------------
  clock CLK (rise edge)                                 0.0000     0.0000
  clock network delay (ideal)                           0.0500     0.0500
  DP_i_mem_access_i_rd_out_reg_i_Y_reg_0_/CK (DFF_X1)   0.0000     0.0500 r
  DP_i_mem_access_i_rd_out_reg_i_Y_reg_0_/QN (DFF_X1)   0.0831     0.1331 r
  U3747/ZN (XNOR2_X1)                                   0.0624     0.1955 r
  U2216/ZN (AND2_X1)                                    0.0504     0.2460 r
  U836/ZN (AND4_X2)                                     0.0695     0.3155 r
  U1992/ZN (NOR2_X1)                                    0.0316     0.3471 f
  U3802/ZN (AND2_X1)                                    0.0472     0.3943 f
  U3851/ZN (NAND2_X1)                                   0.0358     0.4301 r
  U969/ZN (AND4_X1)                                     0.0662     0.4964 r
  U1109/ZN (AND4_X1)                                    0.0575     0.5538 r
  U1181/ZN (AND3_X1)                                    0.0507     0.6045 r
  U1991/ZN (AOI21_X1)                                   0.0339     0.6384 f
  U1988/ZN (OAI21_X1)                                   0.0558     0.6942 r
  U1083/ZN (AND3_X1)                                    0.0634     0.7576 r
  U872/ZN (AND2_X2)                                     0.0596     0.8172 r
  U4124/ZN (NAND2_X1)                                   0.0386     0.8558 f
  U4125/ZN (NAND4_X1)                                   0.0342     0.8900 r
  U2640/ZN (NAND2_X1)                                   0.0274     0.9174 f
  U2531/ZN (AND3_X1)                                    0.0394     0.9568 f
  U2545/ZN (AOI22_X1)                                   0.0547     1.0115 r
  U2637/ZN (NAND4_X1)                                   0.0451     1.0567 f
  U1147/Z (MUX2_X1)                                     0.0757     1.1324 f
  U2342/ZN (OAI21_X1)                                   0.0542     1.1866 r
  U4267/ZN (NAND2_X1)                                   0.0460     1.2326 f
  U2086/ZN (NAND2_X1)                                   0.0472     1.2798 r
  U2087/ZN (OR2_X1)                                     0.0498     1.3296 r
  U10695/ZN (OR2_X2)                                    0.0646     1.3942 r
  U11219/ZN (OR2_X1)                                    0.0785     1.4726 r
  U12551/ZN (OAI22_X1)                                  0.0472     1.5198 f
  U11218/ZN (AND2_X1)                                   0.0436     1.5634 f
  CP_i_hazard_unit_i_G_scoreboard_reg_20__0_/D (DFF_X1)
                                                        0.0104     1.5738 f
  data arrival time                                                1.5738

  clock CLK (rise edge)                                 1.3500     1.3500
  clock network delay (ideal)                           0.0500     1.4000
  clock uncertainty                                    -0.0500     1.3500
  CP_i_hazard_unit_i_G_scoreboard_reg_20__0_/CK (DFF_X1)
                                                        0.0000     1.3500 r
  library setup time                                   -0.0239     1.3261
  data required time                                               1.3261
  --------------------------------------------------------------------------
  data required time                                               1.3261
  data arrival time                                               -1.5738
  --------------------------------------------------------------------------
  slack (VIOLATED)                                                -0.2477


  Startpoint: DP_i_mem_access_i_rd_out_reg_i_Y_reg_0_
              (rising edge-triggered flip-flop clocked by CLK)
  Endpoint: CP_i_hazard_unit_i_G_scoreboard_reg_12__0_
            (rising edge-triggered flip-flop clocked by CLK)
  Path Group: REG2REG
  Path Type: max

  Des/Clust/Port     Wire Load Model       Library
  ------------------------------------------------
  DLX                5K_hvratio_1_4        NangateOpenCellLibrary

  Point                                                   Incr       Path
  --------------------------------------------------------------------------
  clock CLK (rise edge)                                 0.0000     0.0000
  clock network delay (ideal)                           0.0500     0.0500
  DP_i_mem_access_i_rd_out_reg_i_Y_reg_0_/CK (DFF_X1)   0.0000     0.0500 r
  DP_i_mem_access_i_rd_out_reg_i_Y_reg_0_/QN (DFF_X1)   0.0831     0.1331 r
  U3747/ZN (XNOR2_X1)                                   0.0624     0.1955 r
  U2216/ZN (AND2_X1)                                    0.0504     0.2460 r
  U836/ZN (AND4_X2)                                     0.0695     0.3155 r
  U1992/ZN (NOR2_X1)                                    0.0316     0.3471 f
  U3802/ZN (AND2_X1)                                    0.0472     0.3943 f
  U3851/ZN (NAND2_X1)                                   0.0358     0.4301 r
  U969/ZN (AND4_X1)                                     0.0662     0.4964 r
  U1109/ZN (AND4_X1)                                    0.0575     0.5538 r
  U1181/ZN (AND3_X1)                                    0.0507     0.6045 r
  U1991/ZN (AOI21_X1)                                   0.0339     0.6384 f
  U1988/ZN (OAI21_X1)                                   0.0558     0.6942 r
  U1083/ZN (AND3_X1)                                    0.0634     0.7576 r
  U872/ZN (AND2_X2)                                     0.0596     0.8172 r
  U4124/ZN (NAND2_X1)                                   0.0386     0.8558 f
  U4125/ZN (NAND4_X1)                                   0.0342     0.8900 r
  U2640/ZN (NAND2_X1)                                   0.0274     0.9174 f
  U2531/ZN (AND3_X1)                                    0.0394     0.9568 f
  U2545/ZN (AOI22_X1)                                   0.0547     1.0115 r
  U2637/ZN (NAND4_X1)                                   0.0451     1.0567 f
  U1147/Z (MUX2_X1)                                     0.0757     1.1324 f
  U2342/ZN (OAI21_X1)                                   0.0542     1.1866 r
  U4267/ZN (NAND2_X1)                                   0.0460     1.2326 f
  U2086/ZN (NAND2_X1)                                   0.0472     1.2798 r
  U2087/ZN (OR2_X1)                                     0.0498     1.3296 r
  U10695/ZN (OR2_X2)                                    0.0646     1.3942 r
  U11221/ZN (OR2_X1)                                    0.0785     1.4726 r
  U12552/ZN (OAI22_X1)                                  0.0472     1.5198 f
  U11220/ZN (AND2_X1)                                   0.0436     1.5634 f
  CP_i_hazard_unit_i_G_scoreboard_reg_12__0_/D (DFF_X1)
                                                        0.0104     1.5738 f
  data arrival time                                                1.5738

  clock CLK (rise edge)                                 1.3500     1.3500
  clock network delay (ideal)                           0.0500     1.4000
  clock uncertainty                                    -0.0500     1.3500
  CP_i_hazard_unit_i_G_scoreboard_reg_12__0_/CK (DFF_X1)
                                                        0.0000     1.3500 r
  library setup time                                   -0.0239     1.3261
  data required time                                               1.3261
  --------------------------------------------------------------------------
  data required time                                               1.3261
  data arrival time                                               -1.5738
  --------------------------------------------------------------------------
  slack (VIOLATED)                                                -0.2477


  Startpoint: DP_i_mem_access_i_rd_out_reg_i_Y_reg_0_
              (rising edge-triggered flip-flop clocked by CLK)
  Endpoint: CP_i_hazard_unit_i_G_scoreboard_reg_27__0_
            (rising edge-triggered flip-flop clocked by CLK)
  Path Group: REG2REG
  Path Type: max

  Des/Clust/Port     Wire Load Model       Library
  ------------------------------------------------
  DLX                5K_hvratio_1_4        NangateOpenCellLibrary

  Point                                                   Incr       Path
  --------------------------------------------------------------------------
  clock CLK (rise edge)                                 0.0000     0.0000
  clock network delay (ideal)                           0.0500     0.0500
  DP_i_mem_access_i_rd_out_reg_i_Y_reg_0_/CK (DFF_X1)   0.0000     0.0500 r
  DP_i_mem_access_i_rd_out_reg_i_Y_reg_0_/QN (DFF_X1)   0.0831     0.1331 r
  U3747/ZN (XNOR2_X1)                                   0.0624     0.1955 r
  U2216/ZN (AND2_X1)                                    0.0504     0.2460 r
  U836/ZN (AND4_X2)                                     0.0695     0.3155 r
  U1992/ZN (NOR2_X1)                                    0.0316     0.3471 f
  U3802/ZN (AND2_X1)                                    0.0472     0.3943 f
  U3851/ZN (NAND2_X1)                                   0.0358     0.4301 r
  U969/ZN (AND4_X1)                                     0.0662     0.4964 r
  U1109/ZN (AND4_X1)                                    0.0575     0.5538 r
  U1181/ZN (AND3_X1)                                    0.0507     0.6045 r
  U1991/ZN (AOI21_X1)                                   0.0339     0.6384 f
  U1988/ZN (OAI21_X1)                                   0.0558     0.6942 r
  U1083/ZN (AND3_X1)                                    0.0634     0.7576 r
  U872/ZN (AND2_X2)                                     0.0596     0.8172 r
  U4124/ZN (NAND2_X1)                                   0.0386     0.8558 f
  U4125/ZN (NAND4_X1)                                   0.0342     0.8900 r
  U2640/ZN (NAND2_X1)                                   0.0274     0.9174 f
  U2531/ZN (AND3_X1)                                    0.0394     0.9568 f
  U2545/ZN (AOI22_X1)                                   0.0547     1.0115 r
  U2637/ZN (NAND4_X1)                                   0.0451     1.0567 f
  U1147/Z (MUX2_X1)                                     0.0757     1.1324 f
  U2342/ZN (OAI21_X1)                                   0.0542     1.1866 r
  U4267/ZN (NAND2_X1)                                   0.0460     1.2326 f
  U2086/ZN (NAND2_X1)                                   0.0472     1.2798 r
  U2087/ZN (OR2_X1)                                     0.0498     1.3296 r
  U10695/ZN (OR2_X2)                                    0.0646     1.3942 r
  U11217/ZN (OR2_X1)                                    0.0785     1.4726 r
  U12565/ZN (OAI22_X1)                                  0.0472     1.5198 f
  U11210/ZN (AND2_X1)                                   0.0433     1.5632 f
  CP_i_hazard_unit_i_G_scoreboard_reg_27__0_/D (DFF_X1)
                                                        0.0104     1.5736 f
  data arrival time                                                1.5736

  clock CLK (rise edge)                                 1.3500     1.3500
  clock network delay (ideal)                           0.0500     1.4000
  clock uncertainty                                    -0.0500     1.3500
  CP_i_hazard_unit_i_G_scoreboard_reg_27__0_/CK (DFF_X1)
                                                        0.0000     1.3500 r
  library setup time                                   -0.0239     1.3261
  data required time                                               1.3261
  --------------------------------------------------------------------------
  data required time                                               1.3261
  data arrival time                                               -1.5736
  --------------------------------------------------------------------------
  slack (VIOLATED)                                                -0.2475


  Startpoint: DP_i_mem_access_i_rd_out_reg_i_Y_reg_0_
              (rising edge-triggered flip-flop clocked by CLK)
  Endpoint: CP_i_hazard_unit_i_G_scoreboard_reg_25__0_
            (rising edge-triggered flip-flop clocked by CLK)
  Path Group: REG2REG
  Path Type: max

  Des/Clust/Port     Wire Load Model       Library
  ------------------------------------------------
  DLX                5K_hvratio_1_4        NangateOpenCellLibrary

  Point                                                   Incr       Path
  --------------------------------------------------------------------------
  clock CLK (rise edge)                                 0.0000     0.0000
  clock network delay (ideal)                           0.0500     0.0500
  DP_i_mem_access_i_rd_out_reg_i_Y_reg_0_/CK (DFF_X1)   0.0000     0.0500 r
  DP_i_mem_access_i_rd_out_reg_i_Y_reg_0_/QN (DFF_X1)   0.0831     0.1331 r
  U3747/ZN (XNOR2_X1)                                   0.0624     0.1955 r
  U2216/ZN (AND2_X1)                                    0.0504     0.2460 r
  U836/ZN (AND4_X2)                                     0.0695     0.3155 r
  U1992/ZN (NOR2_X1)                                    0.0316     0.3471 f
  U3802/ZN (AND2_X1)                                    0.0472     0.3943 f
  U3851/ZN (NAND2_X1)                                   0.0358     0.4301 r
  U969/ZN (AND4_X1)                                     0.0662     0.4964 r
  U1109/ZN (AND4_X1)                                    0.0575     0.5538 r
  U1181/ZN (AND3_X1)                                    0.0507     0.6045 r
  U1991/ZN (AOI21_X1)                                   0.0339     0.6384 f
  U1988/ZN (OAI21_X1)                                   0.0558     0.6942 r
  U1083/ZN (AND3_X1)                                    0.0634     0.7576 r
  U872/ZN (AND2_X2)                                     0.0596     0.8172 r
  U4124/ZN (NAND2_X1)                                   0.0386     0.8558 f
  U4125/ZN (NAND4_X1)                                   0.0342     0.8900 r
  U2640/ZN (NAND2_X1)                                   0.0274     0.9174 f
  U2531/ZN (AND3_X1)                                    0.0394     0.9568 f
  U2545/ZN (AOI22_X1)                                   0.0547     1.0115 r
  U2637/ZN (NAND4_X1)                                   0.0451     1.0567 f
  U1147/Z (MUX2_X1)                                     0.0757     1.1324 f
  U2342/ZN (OAI21_X1)                                   0.0542     1.1866 r
  U4267/ZN (NAND2_X1)                                   0.0460     1.2326 f
  U2086/ZN (NAND2_X1)                                   0.0472     1.2798 r
  U2087/ZN (OR2_X1)                                     0.0498     1.3296 r
  U10695/ZN (OR2_X2)                                    0.0646     1.3942 r
  U11217/ZN (OR2_X1)                                    0.0785     1.4726 r
  U12562/ZN (OAI22_X1)                                  0.0472     1.5198 f
  U11215/ZN (AND2_X1)                                   0.0433     1.5632 f
  CP_i_hazard_unit_i_G_scoreboard_reg_25__0_/D (DFF_X1)
                                                        0.0104     1.5736 f
  data arrival time                                                1.5736

  clock CLK (rise edge)                                 1.3500     1.3500
  clock network delay (ideal)                           0.0500     1.4000
  clock uncertainty                                    -0.0500     1.3500
  CP_i_hazard_unit_i_G_scoreboard_reg_25__0_/CK (DFF_X1)
                                                        0.0000     1.3500 r
  library setup time                                   -0.0239     1.3261
  data required time                                               1.3261
  --------------------------------------------------------------------------
  data required time                                               1.3261
  data arrival time                                               -1.5736
  --------------------------------------------------------------------------
  slack (VIOLATED)                                                -0.2475


  Startpoint: DP_i_mem_access_i_rd_out_reg_i_Y_reg_0_
              (rising edge-triggered flip-flop clocked by CLK)
  Endpoint: CP_i_hazard_unit_i_G_scoreboard_reg_27__0_
            (rising edge-triggered flip-flop clocked by CLK)
  Path Group: REG2REG
  Path Type: max

  Des/Clust/Port     Wire Load Model       Library
  ------------------------------------------------
  DLX                5K_hvratio_1_4        NangateOpenCellLibrary

  Point                                                   Incr       Path
  --------------------------------------------------------------------------
  clock CLK (rise edge)                                 0.0000     0.0000
  clock network delay (ideal)                           0.0500     0.0500
  DP_i_mem_access_i_rd_out_reg_i_Y_reg_0_/CK (DFF_X1)   0.0000     0.0500 r
  DP_i_mem_access_i_rd_out_reg_i_Y_reg_0_/QN (DFF_X1)   0.0831     0.1331 r
  U3747/ZN (XNOR2_X1)                                   0.0624     0.1955 r
  U2216/ZN (AND2_X1)                                    0.0504     0.2460 r
  U836/ZN (AND4_X2)                                     0.0695     0.3155 r
  U1992/ZN (NOR2_X1)                                    0.0316     0.3471 f
  U3802/ZN (AND2_X1)                                    0.0472     0.3943 f
  U3851/ZN (NAND2_X1)                                   0.0358     0.4301 r
  U969/ZN (AND4_X1)                                     0.0662     0.4964 r
  U1109/ZN (AND4_X1)                                    0.0575     0.5538 r
  U1181/ZN (AND3_X1)                                    0.0507     0.6045 r
  U1991/ZN (AOI21_X1)                                   0.0339     0.6384 f
  U1988/ZN (OAI21_X1)                                   0.0558     0.6942 r
  U1083/ZN (AND3_X1)                                    0.0634     0.7576 r
  U872/ZN (AND2_X2)                                     0.0596     0.8172 r
  U4124/ZN (NAND2_X1)                                   0.0386     0.8558 f
  U4125/ZN (NAND4_X1)                                   0.0342     0.8900 r
  U2640/ZN (NAND2_X1)                                   0.0274     0.9174 f
  U2531/ZN (AND3_X1)                                    0.0394     0.9568 f
  U2545/ZN (AOI22_X1)                                   0.0547     1.0115 r
  U2637/ZN (NAND4_X1)                                   0.0451     1.0567 f
  U1147/Z (MUX2_X1)                                     0.0757     1.1324 f
  U2342/ZN (OAI21_X1)                                   0.0542     1.1866 r
  U4267/ZN (NAND2_X1)                                   0.0460     1.2326 f
  U2086/ZN (NAND2_X1)                                   0.0472     1.2798 r
  U2087/ZN (OR2_X1)                                     0.0498     1.3296 r
  U10695/ZN (OR2_X2)                                    0.0646     1.3942 r
  U11217/ZN (OR2_X1)                                    0.0785     1.4726 r
  U12565/ZN (OAI22_X1)                                  0.0472     1.5198 f
  U11210/ZN (AND2_X1)                                   0.0433     1.5632 f
  CP_i_hazard_unit_i_G_scoreboard_reg_27__0_/D (DFF_X1)
                                                        0.0104     1.5736 f
  data arrival time                                                1.5736

  clock CLK (rise edge)                                 1.3500     1.3500
  clock network delay (ideal)                           0.0500     1.4000
  clock uncertainty                                    -0.0500     1.3500
  CP_i_hazard_unit_i_G_scoreboard_reg_27__0_/CK (DFF_X1)
                                                        0.0000     1.3500 r
  library setup time                                   -0.0239     1.3261
  data required time                                               1.3261
  --------------------------------------------------------------------------
  data required time                                               1.3261
  data arrival time                                               -1.5736
  --------------------------------------------------------------------------
  slack (VIOLATED)                                                -0.2475


  Startpoint: DP_i_mem_access_i_rd_out_reg_i_Y_reg_0_
              (rising edge-triggered flip-flop clocked by CLK)
  Endpoint: CP_i_hazard_unit_i_G_scoreboard_reg_25__0_
            (rising edge-triggered flip-flop clocked by CLK)
  Path Group: REG2REG
  Path Type: max

  Des/Clust/Port     Wire Load Model       Library
  ------------------------------------------------
  DLX                5K_hvratio_1_4        NangateOpenCellLibrary

  Point                                                   Incr       Path
  --------------------------------------------------------------------------
  clock CLK (rise edge)                                 0.0000     0.0000
  clock network delay (ideal)                           0.0500     0.0500
  DP_i_mem_access_i_rd_out_reg_i_Y_reg_0_/CK (DFF_X1)   0.0000     0.0500 r
  DP_i_mem_access_i_rd_out_reg_i_Y_reg_0_/QN (DFF_X1)   0.0831     0.1331 r
  U3747/ZN (XNOR2_X1)                                   0.0624     0.1955 r
  U2216/ZN (AND2_X1)                                    0.0504     0.2460 r
  U836/ZN (AND4_X2)                                     0.0695     0.3155 r
  U1992/ZN (NOR2_X1)                                    0.0316     0.3471 f
  U3802/ZN (AND2_X1)                                    0.0472     0.3943 f
  U3851/ZN (NAND2_X1)                                   0.0358     0.4301 r
  U969/ZN (AND4_X1)                                     0.0662     0.4964 r
  U1109/ZN (AND4_X1)                                    0.0575     0.5538 r
  U1181/ZN (AND3_X1)                                    0.0507     0.6045 r
  U1991/ZN (AOI21_X1)                                   0.0339     0.6384 f
  U1988/ZN (OAI21_X1)                                   0.0558     0.6942 r
  U1083/ZN (AND3_X1)                                    0.0634     0.7576 r
  U872/ZN (AND2_X2)                                     0.0596     0.8172 r
  U4124/ZN (NAND2_X1)                                   0.0386     0.8558 f
  U4125/ZN (NAND4_X1)                                   0.0342     0.8900 r
  U2640/ZN (NAND2_X1)                                   0.0274     0.9174 f
  U2531/ZN (AND3_X1)                                    0.0394     0.9568 f
  U2545/ZN (AOI22_X1)                                   0.0547     1.0115 r
  U2637/ZN (NAND4_X1)                                   0.0451     1.0567 f
  U1147/Z (MUX2_X1)                                     0.0757     1.1324 f
  U2342/ZN (OAI21_X1)                                   0.0542     1.1866 r
  U4267/ZN (NAND2_X1)                                   0.0460     1.2326 f
  U2086/ZN (NAND2_X1)                                   0.0472     1.2798 r
  U2087/ZN (OR2_X1)                                     0.0498     1.3296 r
  U10695/ZN (OR2_X2)                                    0.0646     1.3942 r
  U11217/ZN (OR2_X1)                                    0.0785     1.4726 r
  U12562/ZN (OAI22_X1)                                  0.0472     1.5198 f
  U11215/ZN (AND2_X1)                                   0.0433     1.5632 f
  CP_i_hazard_unit_i_G_scoreboard_reg_25__0_/D (DFF_X1)
                                                        0.0104     1.5736 f
  data arrival time                                                1.5736

  clock CLK (rise edge)                                 1.3500     1.3500
  clock network delay (ideal)                           0.0500     1.4000
  clock uncertainty                                    -0.0500     1.3500
  CP_i_hazard_unit_i_G_scoreboard_reg_25__0_/CK (DFF_X1)
                                                        0.0000     1.3500 r
  library setup time                                   -0.0239     1.3261
  data required time                                               1.3261
  --------------------------------------------------------------------------
  data required time                                               1.3261
  data arrival time                                               -1.5736
  --------------------------------------------------------------------------
  slack (VIOLATED)                                                -0.2475


  Startpoint: DP_i_fetch_i_IR_out_reg_31_
              (rising edge-triggered flip-flop clocked by CLK)
  Endpoint: DP_i_fetch_i_btb_i_clk_gate_btb_table_reg_5__TARGET_/latch
            (gating element for clock CLK)
  Path Group: CLK
  Path Type: max

  Des/Clust/Port     Wire Load Model       Library
  ------------------------------------------------
  DLX                5K_hvratio_1_4        NangateOpenCellLibrary

  Point                                                   Incr       Path
  --------------------------------------------------------------------------
  clock CLK (rise edge)                                 0.0000     0.0000
  clock network delay (ideal)                           0.0500     0.0500
  DP_i_fetch_i_IR_out_reg_31_/CK (DFF_X1)               0.0000     0.0500 r
  DP_i_fetch_i_IR_out_reg_31_/Q (DFF_X1)                0.0965     0.1465 f
  U1205/ZN (OR2_X1)                                     0.0641     0.2106 f
  U1165/ZN (OR3_X1)                                     0.0924     0.3031 f
  U2033/ZN (INV_X1)                                     0.0357     0.3387 r
  U1184/Z (BUF_X2)                                      0.0470     0.3858 r
  U2731/ZN (AND2_X1)                                    0.0619     0.4476 r
  U2704/ZN (AND2_X1)                                    0.0569     0.5045 r
  U2275/ZN (NAND2_X1)                                   0.0376     0.5421 f
  U3745/ZN (NOR2_X1)                                    0.0492     0.5913 r
  U910/ZN (OR2_X1)                                      0.0380     0.6294 r
  U911/ZN (OR3_X2)                                      0.0411     0.6705 r
  U1466/ZN (NOR2_X1)                                    0.0296     0.7000 f
  U1080/ZN (AND3_X1)                                    0.0514     0.7514 f
  U2491/ZN (AND2_X2)                                    0.0500     0.8013 f
  U4122/ZN (NAND2_X1)                                   0.0352     0.8365 r
  U4125/ZN (NAND4_X1)                                   0.0450     0.8815 f
  U2640/ZN (NAND2_X1)                                   0.0304     0.9120 r
  U2531/ZN (AND3_X1)                                    0.0497     0.9617 r
  U2545/ZN (AOI22_X1)                                   0.0342     0.9959 f
  U2637/ZN (NAND4_X1)                                   0.0351     1.0310 r
  U1147/Z (MUX2_X1)                                     0.0532     1.0842 r
  U2342/ZN (OAI21_X1)                                   0.0355     1.1197 f
  U4844/ZN (AOI21_X1)                                   0.0530     1.1727 r
  U11916/ZN (NAND2_X1)                                  0.0448     1.2175 f
  U1631/ZN (OR3_X2)                                     0.0989     1.3164 f
  U2580/ZN (NAND2_X1)                                   0.0378     1.3542 r
  U12736/ZN (AND2_X1)                                   0.0543     1.4085 r
  U12741/ZN (AND2_X1)                                   0.0448     1.4533 r
  DP_i_fetch_i_btb_i_clk_gate_btb_table_reg_5__TARGET_/EN (SNPS_CLOCK_GATE_HIGH_BTB_NBIT32_BTB_DEPTH16_BTB_INDEX_MSB5_22)
                                                        0.0000     1.4533 r
  DP_i_fetch_i_btb_i_clk_gate_btb_table_reg_5__TARGET_/latch/E (CLKGATETST_X1)
                                                        0.0091     1.4624 r
  data arrival time                                                1.4624

  clock CLK (rise edge)                                 1.3500     1.3500
  clock network delay (ideal)                           0.0500     1.4000
  clock uncertainty                                    -0.0500     1.3500
  DP_i_fetch_i_btb_i_clk_gate_btb_table_reg_5__TARGET_/latch/CK (CLKGATETST_X1)
                                                        0.0000     1.3500 r
  clock gating setup time                              -0.0720     1.2780
  data required time                                               1.2780
  --------------------------------------------------------------------------
  data required time                                               1.2780
  data arrival time                                               -1.4624
  --------------------------------------------------------------------------
  slack (VIOLATED)                                                -0.1844


  Startpoint: DP_i_fetch_i_IR_out_reg_31_
              (rising edge-triggered flip-flop clocked by CLK)
  Endpoint: DP_i_fetch_i_btb_i_clk_gate_btb_table_reg_6__TARGET_/latch
            (gating element for clock CLK)
  Path Group: CLK
  Path Type: max

  Des/Clust/Port     Wire Load Model       Library
  ------------------------------------------------
  DLX                5K_hvratio_1_4        NangateOpenCellLibrary

  Point                                                   Incr       Path
  --------------------------------------------------------------------------
  clock CLK (rise edge)                                 0.0000     0.0000
  clock network delay (ideal)                           0.0500     0.0500
  DP_i_fetch_i_IR_out_reg_31_/CK (DFF_X1)               0.0000     0.0500 r
  DP_i_fetch_i_IR_out_reg_31_/Q (DFF_X1)                0.0965     0.1465 f
  U1205/ZN (OR2_X1)                                     0.0641     0.2106 f
  U1165/ZN (OR3_X1)                                     0.0924     0.3031 f
  U2033/ZN (INV_X1)                                     0.0357     0.3387 r
  U1184/Z (BUF_X2)                                      0.0470     0.3858 r
  U2731/ZN (AND2_X1)                                    0.0619     0.4476 r
  U2704/ZN (AND2_X1)                                    0.0569     0.5045 r
  U2275/ZN (NAND2_X1)                                   0.0376     0.5421 f
  U3745/ZN (NOR2_X1)                                    0.0492     0.5913 r
  U910/ZN (OR2_X1)                                      0.0380     0.6294 r
  U911/ZN (OR3_X2)                                      0.0411     0.6705 r
  U1466/ZN (NOR2_X1)                                    0.0296     0.7000 f
  U1080/ZN (AND3_X1)                                    0.0514     0.7514 f
  U2491/ZN (AND2_X2)                                    0.0500     0.8013 f
  U4122/ZN (NAND2_X1)                                   0.0352     0.8365 r
  U4125/ZN (NAND4_X1)                                   0.0450     0.8815 f
  U2640/ZN (NAND2_X1)                                   0.0304     0.9120 r
  U2531/ZN (AND3_X1)                                    0.0497     0.9617 r
  U2545/ZN (AOI22_X1)                                   0.0342     0.9959 f
  U2637/ZN (NAND4_X1)                                   0.0351     1.0310 r
  U1147/Z (MUX2_X1)                                     0.0532     1.0842 r
  U2342/ZN (OAI21_X1)                                   0.0355     1.1197 f
  U4844/ZN (AOI21_X1)                                   0.0530     1.1727 r
  U11916/ZN (NAND2_X1)                                  0.0448     1.2175 f
  U1631/ZN (OR3_X2)                                     0.0989     1.3164 f
  U2580/ZN (NAND2_X1)                                   0.0378     1.3542 r
  U12736/ZN (AND2_X1)                                   0.0543     1.4085 r
  U12739/ZN (AND2_X1)                                   0.0448     1.4533 r
  DP_i_fetch_i_btb_i_clk_gate_btb_table_reg_6__TARGET_/EN (SNPS_CLOCK_GATE_HIGH_BTB_NBIT32_BTB_DEPTH16_BTB_INDEX_MSB5_20)
                                                        0.0000     1.4533 r
  DP_i_fetch_i_btb_i_clk_gate_btb_table_reg_6__TARGET_/latch/E (CLKGATETST_X1)
                                                        0.0091     1.4624 r
  data arrival time                                                1.4624

  clock CLK (rise edge)                                 1.3500     1.3500
  clock network delay (ideal)                           0.0500     1.4000
  clock uncertainty                                    -0.0500     1.3500
  DP_i_fetch_i_btb_i_clk_gate_btb_table_reg_6__TARGET_/latch/CK (CLKGATETST_X1)
                                                        0.0000     1.3500 r
  clock gating setup time                              -0.0720     1.2780
  data required time                                               1.2780
  --------------------------------------------------------------------------
  data required time                                               1.2780
  data arrival time                                               -1.4624
  --------------------------------------------------------------------------
  slack (VIOLATED)                                                -0.1844


  Startpoint: DP_i_fetch_i_IR_out_reg_31_
              (rising edge-triggered flip-flop clocked by CLK)
  Endpoint: DP_i_fetch_i_btb_i_clk_gate_btb_table_reg_5__TARGET_/latch
            (gating element for clock CLK)
  Path Group: CLK
  Path Type: max

  Des/Clust/Port     Wire Load Model       Library
  ------------------------------------------------
  DLX                5K_hvratio_1_4        NangateOpenCellLibrary

  Point                                                   Incr       Path
  --------------------------------------------------------------------------
  clock CLK (rise edge)                                 0.0000     0.0000
  clock network delay (ideal)                           0.0500     0.0500
  DP_i_fetch_i_IR_out_reg_31_/CK (DFF_X1)               0.0000     0.0500 r
  DP_i_fetch_i_IR_out_reg_31_/Q (DFF_X1)                0.0965     0.1465 f
  U1205/ZN (OR2_X1)                                     0.0641     0.2106 f
  U1165/ZN (OR3_X1)                                     0.0924     0.3031 f
  U2033/ZN (INV_X1)                                     0.0357     0.3387 r
  U1184/Z (BUF_X2)                                      0.0470     0.3858 r
  U2731/ZN (AND2_X1)                                    0.0619     0.4476 r
  U2704/ZN (AND2_X1)                                    0.0569     0.5045 r
  U2275/ZN (NAND2_X1)                                   0.0376     0.5421 f
  U3745/ZN (NOR2_X1)                                    0.0492     0.5913 r
  U910/ZN (OR2_X1)                                      0.0380     0.6294 r
  U911/ZN (OR3_X2)                                      0.0411     0.6705 r
  U1466/ZN (NOR2_X1)                                    0.0296     0.7000 f
  U1080/ZN (AND3_X1)                                    0.0514     0.7514 f
  U2491/ZN (AND2_X2)                                    0.0500     0.8013 f
  U4122/ZN (NAND2_X1)                                   0.0352     0.8365 r
  U4125/ZN (NAND4_X1)                                   0.0450     0.8815 f
  U2640/ZN (NAND2_X1)                                   0.0304     0.9120 r
  U2531/ZN (AND3_X1)                                    0.0497     0.9617 r
  U2545/ZN (AOI22_X1)                                   0.0342     0.9959 f
  U2637/ZN (NAND4_X1)                                   0.0351     1.0310 r
  U1147/Z (MUX2_X1)                                     0.0532     1.0842 r
  U2342/ZN (OAI21_X1)                                   0.0355     1.1197 f
  U4844/ZN (AOI21_X1)                                   0.0530     1.1727 r
  U11916/ZN (NAND2_X1)                                  0.0448     1.2175 f
  U1631/ZN (OR3_X2)                                     0.0989     1.3164 f
  U2580/ZN (NAND2_X1)                                   0.0378     1.3542 r
  U12736/ZN (AND2_X1)                                   0.0543     1.4085 r
  U12741/ZN (AND2_X1)                                   0.0448     1.4533 r
  DP_i_fetch_i_btb_i_clk_gate_btb_table_reg_5__TARGET_/EN (SNPS_CLOCK_GATE_HIGH_BTB_NBIT32_BTB_DEPTH16_BTB_INDEX_MSB5_22)
                                                        0.0000     1.4533 r
  DP_i_fetch_i_btb_i_clk_gate_btb_table_reg_5__TARGET_/latch/E (CLKGATETST_X1)
                                                        0.0091     1.4624 r
  data arrival time                                                1.4624

  clock CLK (rise edge)                                 1.3500     1.3500
  clock network delay (ideal)                           0.0500     1.4000
  clock uncertainty                                    -0.0500     1.3500
  DP_i_fetch_i_btb_i_clk_gate_btb_table_reg_5__TARGET_/latch/CK (CLKGATETST_X1)
                                                        0.0000     1.3500 r
  clock gating setup time                              -0.0720     1.2780
  data required time                                               1.2780
  --------------------------------------------------------------------------
  data required time                                               1.2780
  data arrival time                                               -1.4624
  --------------------------------------------------------------------------
  slack (VIOLATED)                                                -0.1844


  Startpoint: DP_i_fetch_i_IR_out_reg_31_
              (rising edge-triggered flip-flop clocked by CLK)
  Endpoint: DP_i_fetch_i_btb_i_clk_gate_btb_table_reg_6__TARGET_/latch
            (gating element for clock CLK)
  Path Group: CLK
  Path Type: max

  Des/Clust/Port     Wire Load Model       Library
  ------------------------------------------------
  DLX                5K_hvratio_1_4        NangateOpenCellLibrary

  Point                                                   Incr       Path
  --------------------------------------------------------------------------
  clock CLK (rise edge)                                 0.0000     0.0000
  clock network delay (ideal)                           0.0500     0.0500
  DP_i_fetch_i_IR_out_reg_31_/CK (DFF_X1)               0.0000     0.0500 r
  DP_i_fetch_i_IR_out_reg_31_/Q (DFF_X1)                0.0965     0.1465 f
  U1205/ZN (OR2_X1)                                     0.0641     0.2106 f
  U1165/ZN (OR3_X1)                                     0.0924     0.3031 f
  U2033/ZN (INV_X1)                                     0.0357     0.3387 r
  U1184/Z (BUF_X2)                                      0.0470     0.3858 r
  U2731/ZN (AND2_X1)                                    0.0619     0.4476 r
  U2704/ZN (AND2_X1)                                    0.0569     0.5045 r
  U2275/ZN (NAND2_X1)                                   0.0376     0.5421 f
  U3745/ZN (NOR2_X1)                                    0.0492     0.5913 r
  U910/ZN (OR2_X1)                                      0.0380     0.6294 r
  U911/ZN (OR3_X2)                                      0.0411     0.6705 r
  U1466/ZN (NOR2_X1)                                    0.0296     0.7000 f
  U1080/ZN (AND3_X1)                                    0.0514     0.7514 f
  U2491/ZN (AND2_X2)                                    0.0500     0.8013 f
  U4122/ZN (NAND2_X1)                                   0.0352     0.8365 r
  U4125/ZN (NAND4_X1)                                   0.0450     0.8815 f
  U2640/ZN (NAND2_X1)                                   0.0304     0.9120 r
  U2531/ZN (AND3_X1)                                    0.0497     0.9617 r
  U2545/ZN (AOI22_X1)                                   0.0342     0.9959 f
  U2637/ZN (NAND4_X1)                                   0.0351     1.0310 r
  U1147/Z (MUX2_X1)                                     0.0532     1.0842 r
  U2342/ZN (OAI21_X1)                                   0.0355     1.1197 f
  U4844/ZN (AOI21_X1)                                   0.0530     1.1727 r
  U11916/ZN (NAND2_X1)                                  0.0448     1.2175 f
  U1631/ZN (OR3_X2)                                     0.0989     1.3164 f
  U2580/ZN (NAND2_X1)                                   0.0378     1.3542 r
  U12736/ZN (AND2_X1)                                   0.0543     1.4085 r
  U12739/ZN (AND2_X1)                                   0.0448     1.4533 r
  DP_i_fetch_i_btb_i_clk_gate_btb_table_reg_6__TARGET_/EN (SNPS_CLOCK_GATE_HIGH_BTB_NBIT32_BTB_DEPTH16_BTB_INDEX_MSB5_20)
                                                        0.0000     1.4533 r
  DP_i_fetch_i_btb_i_clk_gate_btb_table_reg_6__TARGET_/latch/E (CLKGATETST_X1)
                                                        0.0091     1.4624 r
  data arrival time                                                1.4624

  clock CLK (rise edge)                                 1.3500     1.3500
  clock network delay (ideal)                           0.0500     1.4000
  clock uncertainty                                    -0.0500     1.3500
  DP_i_fetch_i_btb_i_clk_gate_btb_table_reg_6__TARGET_/latch/CK (CLKGATETST_X1)
                                                        0.0000     1.3500 r
  clock gating setup time                              -0.0720     1.2780
  data required time                                               1.2780
  --------------------------------------------------------------------------
  data required time                                               1.2780
  data arrival time                                               -1.4624
  --------------------------------------------------------------------------
  slack (VIOLATED)                                                -0.1844


  Startpoint: DP_i_fetch_i_IR_out_reg_31_
              (rising edge-triggered flip-flop clocked by CLK)
  Endpoint: DP_i_fetch_i_btb_i_clk_gate_btb_table_reg_7__TARGET_/latch
            (gating element for clock CLK)
  Path Group: CLK
  Path Type: max

  Des/Clust/Port     Wire Load Model       Library
  ------------------------------------------------
  DLX                5K_hvratio_1_4        NangateOpenCellLibrary

  Point                                                   Incr       Path
  --------------------------------------------------------------------------
  clock CLK (rise edge)                                 0.0000     0.0000
  clock network delay (ideal)                           0.0500     0.0500
  DP_i_fetch_i_IR_out_reg_31_/CK (DFF_X1)               0.0000     0.0500 r
  DP_i_fetch_i_IR_out_reg_31_/Q (DFF_X1)                0.0965     0.1465 f
  U1205/ZN (OR2_X1)                                     0.0641     0.2106 f
  U1165/ZN (OR3_X1)                                     0.0924     0.3031 f
  U2033/ZN (INV_X1)                                     0.0357     0.3387 r
  U1184/Z (BUF_X2)                                      0.0470     0.3858 r
  U2731/ZN (AND2_X1)                                    0.0619     0.4476 r
  U2704/ZN (AND2_X1)                                    0.0569     0.5045 r
  U2275/ZN (NAND2_X1)                                   0.0376     0.5421 f
  U3745/ZN (NOR2_X1)                                    0.0492     0.5913 r
  U910/ZN (OR2_X1)                                      0.0380     0.6294 r
  U911/ZN (OR3_X2)                                      0.0411     0.6705 r
  U1466/ZN (NOR2_X1)                                    0.0296     0.7000 f
  U1080/ZN (AND3_X1)                                    0.0514     0.7514 f
  U2491/ZN (AND2_X2)                                    0.0500     0.8013 f
  U4122/ZN (NAND2_X1)                                   0.0352     0.8365 r
  U4125/ZN (NAND4_X1)                                   0.0450     0.8815 f
  U2640/ZN (NAND2_X1)                                   0.0304     0.9120 r
  U2531/ZN (AND3_X1)                                    0.0497     0.9617 r
  U2545/ZN (AOI22_X1)                                   0.0342     0.9959 f
  U2637/ZN (NAND4_X1)                                   0.0351     1.0310 r
  U1147/Z (MUX2_X1)                                     0.0532     1.0842 r
  U2342/ZN (OAI21_X1)                                   0.0355     1.1197 f
  U4844/ZN (AOI21_X1)                                   0.0530     1.1727 r
  U11916/ZN (NAND2_X1)                                  0.0448     1.2175 f
  U1631/ZN (OR3_X2)                                     0.0989     1.3164 f
  U2580/ZN (NAND2_X1)                                   0.0378     1.3542 r
  U12736/ZN (AND2_X1)                                   0.0543     1.4085 r
  U12737/ZN (AND2_X1)                                   0.0448     1.4533 r
  DP_i_fetch_i_btb_i_clk_gate_btb_table_reg_7__TARGET_/EN (SNPS_CLOCK_GATE_HIGH_BTB_NBIT32_BTB_DEPTH16_BTB_INDEX_MSB5_18)
                                                        0.0000     1.4533 r
  DP_i_fetch_i_btb_i_clk_gate_btb_table_reg_7__TARGET_/latch/E (CLKGATETST_X1)
                                                        0.0091     1.4624 r
  data arrival time                                                1.4624

  clock CLK (rise edge)                                 1.3500     1.3500
  clock network delay (ideal)                           0.0500     1.4000
  clock uncertainty                                    -0.0500     1.3500
  DP_i_fetch_i_btb_i_clk_gate_btb_table_reg_7__TARGET_/latch/CK (CLKGATETST_X1)
                                                        0.0000     1.3500 r
  clock gating setup time                              -0.0720     1.2780
  data required time                                               1.2780
  --------------------------------------------------------------------------
  data required time                                               1.2780
  data arrival time                                               -1.4624
  --------------------------------------------------------------------------
  slack (VIOLATED)                                                -0.1844


  Startpoint: DP_i_fetch_i_IR_out_reg_31_
              (rising edge-triggered flip-flop clocked by CLK)
  Endpoint: DP_i_fetch_i_btb_i_clk_gate_btb_table_reg_7__TARGET_/latch
            (gating element for clock CLK)
  Path Group: CLK
  Path Type: max

  Des/Clust/Port     Wire Load Model       Library
  ------------------------------------------------
  DLX                5K_hvratio_1_4        NangateOpenCellLibrary

  Point                                                   Incr       Path
  --------------------------------------------------------------------------
  clock CLK (rise edge)                                 0.0000     0.0000
  clock network delay (ideal)                           0.0500     0.0500
  DP_i_fetch_i_IR_out_reg_31_/CK (DFF_X1)               0.0000     0.0500 r
  DP_i_fetch_i_IR_out_reg_31_/Q (DFF_X1)                0.0965     0.1465 f
  U1205/ZN (OR2_X1)                                     0.0641     0.2106 f
  U1165/ZN (OR3_X1)                                     0.0924     0.3031 f
  U2033/ZN (INV_X1)                                     0.0357     0.3387 r
  U1184/Z (BUF_X2)                                      0.0470     0.3858 r
  U2731/ZN (AND2_X1)                                    0.0619     0.4476 r
  U2704/ZN (AND2_X1)                                    0.0569     0.5045 r
  U2275/ZN (NAND2_X1)                                   0.0376     0.5421 f
  U3745/ZN (NOR2_X1)                                    0.0492     0.5913 r
  U910/ZN (OR2_X1)                                      0.0380     0.6294 r
  U911/ZN (OR3_X2)                                      0.0411     0.6705 r
  U1466/ZN (NOR2_X1)                                    0.0296     0.7000 f
  U1080/ZN (AND3_X1)                                    0.0514     0.7514 f
  U2491/ZN (AND2_X2)                                    0.0500     0.8013 f
  U4122/ZN (NAND2_X1)                                   0.0352     0.8365 r
  U4125/ZN (NAND4_X1)                                   0.0450     0.8815 f
  U2640/ZN (NAND2_X1)                                   0.0304     0.9120 r
  U2531/ZN (AND3_X1)                                    0.0497     0.9617 r
  U2545/ZN (AOI22_X1)                                   0.0342     0.9959 f
  U2637/ZN (NAND4_X1)                                   0.0351     1.0310 r
  U1147/Z (MUX2_X1)                                     0.0532     1.0842 r
  U2342/ZN (OAI21_X1)                                   0.0355     1.1197 f
  U4844/ZN (AOI21_X1)                                   0.0530     1.1727 r
  U11916/ZN (NAND2_X1)                                  0.0448     1.2175 f
  U1631/ZN (OR3_X2)                                     0.0989     1.3164 f
  U2580/ZN (NAND2_X1)                                   0.0378     1.3542 r
  U12736/ZN (AND2_X1)                                   0.0543     1.4085 r
  U12737/ZN (AND2_X1)                                   0.0448     1.4533 r
  DP_i_fetch_i_btb_i_clk_gate_btb_table_reg_7__TARGET_/EN (SNPS_CLOCK_GATE_HIGH_BTB_NBIT32_BTB_DEPTH16_BTB_INDEX_MSB5_18)
                                                        0.0000     1.4533 r
  DP_i_fetch_i_btb_i_clk_gate_btb_table_reg_7__TARGET_/latch/E (CLKGATETST_X1)
                                                        0.0091     1.4624 r
  data arrival time                                                1.4624

  clock CLK (rise edge)                                 1.3500     1.3500
  clock network delay (ideal)                           0.0500     1.4000
  clock uncertainty                                    -0.0500     1.3500
  DP_i_fetch_i_btb_i_clk_gate_btb_table_reg_7__TARGET_/latch/CK (CLKGATETST_X1)
                                                        0.0000     1.3500 r
  clock gating setup time                              -0.0720     1.2780
  data required time                                               1.2780
  --------------------------------------------------------------------------
  data required time                                               1.2780
  data arrival time                                               -1.4624
  --------------------------------------------------------------------------
  slack (VIOLATED)                                                -0.1844


  Startpoint: DP_i_fetch_i_IR_out_reg_31_
              (rising edge-triggered flip-flop clocked by CLK)
  Endpoint: DP_i_fetch_i_btb_i_clk_gate_btb_table_reg_13__TARGET_/latch
            (gating element for clock CLK)
  Path Group: CLK
  Path Type: max

  Des/Clust/Port     Wire Load Model       Library
  ------------------------------------------------
  DLX                5K_hvratio_1_4        NangateOpenCellLibrary

  Point                                                   Incr       Path
  --------------------------------------------------------------------------
  clock CLK (rise edge)                                 0.0000     0.0000
  clock network delay (ideal)                           0.0500     0.0500
  DP_i_fetch_i_IR_out_reg_31_/CK (DFF_X1)               0.0000     0.0500 r
  DP_i_fetch_i_IR_out_reg_31_/Q (DFF_X1)                0.0965     0.1465 f
  U1205/ZN (OR2_X1)                                     0.0641     0.2106 f
  U1165/ZN (OR3_X1)                                     0.0924     0.3031 f
  U2033/ZN (INV_X1)                                     0.0357     0.3387 r
  U1184/Z (BUF_X2)                                      0.0470     0.3858 r
  U2731/ZN (AND2_X1)                                    0.0619     0.4476 r
  U2704/ZN (AND2_X1)                                    0.0569     0.5045 r
  U2275/ZN (NAND2_X1)                                   0.0376     0.5421 f
  U3745/ZN (NOR2_X1)                                    0.0492     0.5913 r
  U910/ZN (OR2_X1)                                      0.0380     0.6294 r
  U911/ZN (OR3_X2)                                      0.0411     0.6705 r
  U1466/ZN (NOR2_X1)                                    0.0296     0.7000 f
  U1080/ZN (AND3_X1)                                    0.0514     0.7514 f
  U2491/ZN (AND2_X2)                                    0.0500     0.8013 f
  U4122/ZN (NAND2_X1)                                   0.0352     0.8365 r
  U4125/ZN (NAND4_X1)                                   0.0450     0.8815 f
  U2640/ZN (NAND2_X1)                                   0.0304     0.9120 r
  U2531/ZN (AND3_X1)                                    0.0497     0.9617 r
  U2545/ZN (AOI22_X1)                                   0.0342     0.9959 f
  U2637/ZN (NAND4_X1)                                   0.0351     1.0310 r
  U1147/Z (MUX2_X1)                                     0.0532     1.0842 r
  U2342/ZN (OAI21_X1)                                   0.0355     1.1197 f
  U4844/ZN (AOI21_X1)                                   0.0530     1.1727 r
  U11916/ZN (NAND2_X1)                                  0.0448     1.2175 f
  U1631/ZN (OR3_X2)                                     0.0989     1.3164 f
  U2580/ZN (NAND2_X1)                                   0.0378     1.3542 r
  U12718/ZN (AND2_X1)                                   0.0543     1.4085 r
  U12723/ZN (AND2_X1)                                   0.0448     1.4533 r
  DP_i_fetch_i_btb_i_clk_gate_btb_table_reg_13__TARGET_/EN (SNPS_CLOCK_GATE_HIGH_BTB_NBIT32_BTB_DEPTH16_BTB_INDEX_MSB5_6)
                                                        0.0000     1.4533 r
  DP_i_fetch_i_btb_i_clk_gate_btb_table_reg_13__TARGET_/latch/E (CLKGATETST_X1)
                                                        0.0091     1.4624 r
  data arrival time                                                1.4624

  clock CLK (rise edge)                                 1.3500     1.3500
  clock network delay (ideal)                           0.0500     1.4000
  clock uncertainty                                    -0.0500     1.3500
  DP_i_fetch_i_btb_i_clk_gate_btb_table_reg_13__TARGET_/latch/CK (CLKGATETST_X1)
                                                        0.0000     1.3500 r
  clock gating setup time                              -0.0720     1.2780
  data required time                                               1.2780
  --------------------------------------------------------------------------
  data required time                                               1.2780
  data arrival time                                               -1.4624
  --------------------------------------------------------------------------
  slack (VIOLATED)                                                -0.1844


  Startpoint: DP_i_fetch_i_IR_out_reg_31_
              (rising edge-triggered flip-flop clocked by CLK)
  Endpoint: DP_i_fetch_i_btb_i_clk_gate_btb_table_reg_14__TARGET_/latch
            (gating element for clock CLK)
  Path Group: CLK
  Path Type: max

  Des/Clust/Port     Wire Load Model       Library
  ------------------------------------------------
  DLX                5K_hvratio_1_4        NangateOpenCellLibrary

  Point                                                   Incr       Path
  --------------------------------------------------------------------------
  clock CLK (rise edge)                                 0.0000     0.0000
  clock network delay (ideal)                           0.0500     0.0500
  DP_i_fetch_i_IR_out_reg_31_/CK (DFF_X1)               0.0000     0.0500 r
  DP_i_fetch_i_IR_out_reg_31_/Q (DFF_X1)                0.0965     0.1465 f
  U1205/ZN (OR2_X1)                                     0.0641     0.2106 f
  U1165/ZN (OR3_X1)                                     0.0924     0.3031 f
  U2033/ZN (INV_X1)                                     0.0357     0.3387 r
  U1184/Z (BUF_X2)                                      0.0470     0.3858 r
  U2731/ZN (AND2_X1)                                    0.0619     0.4476 r
  U2704/ZN (AND2_X1)                                    0.0569     0.5045 r
  U2275/ZN (NAND2_X1)                                   0.0376     0.5421 f
  U3745/ZN (NOR2_X1)                                    0.0492     0.5913 r
  U910/ZN (OR2_X1)                                      0.0380     0.6294 r
  U911/ZN (OR3_X2)                                      0.0411     0.6705 r
  U1466/ZN (NOR2_X1)                                    0.0296     0.7000 f
  U1080/ZN (AND3_X1)                                    0.0514     0.7514 f
  U2491/ZN (AND2_X2)                                    0.0500     0.8013 f
  U4122/ZN (NAND2_X1)                                   0.0352     0.8365 r
  U4125/ZN (NAND4_X1)                                   0.0450     0.8815 f
  U2640/ZN (NAND2_X1)                                   0.0304     0.9120 r
  U2531/ZN (AND3_X1)                                    0.0497     0.9617 r
  U2545/ZN (AOI22_X1)                                   0.0342     0.9959 f
  U2637/ZN (NAND4_X1)                                   0.0351     1.0310 r
  U1147/Z (MUX2_X1)                                     0.0532     1.0842 r
  U2342/ZN (OAI21_X1)                                   0.0355     1.1197 f
  U4844/ZN (AOI21_X1)                                   0.0530     1.1727 r
  U11916/ZN (NAND2_X1)                                  0.0448     1.2175 f
  U1631/ZN (OR3_X2)                                     0.0989     1.3164 f
  U2580/ZN (NAND2_X1)                                   0.0378     1.3542 r
  U12718/ZN (AND2_X1)                                   0.0543     1.4085 r
  U12721/ZN (AND2_X1)                                   0.0448     1.4533 r
  DP_i_fetch_i_btb_i_clk_gate_btb_table_reg_14__TARGET_/EN (SNPS_CLOCK_GATE_HIGH_BTB_NBIT32_BTB_DEPTH16_BTB_INDEX_MSB5_4)
                                                        0.0000     1.4533 r
  DP_i_fetch_i_btb_i_clk_gate_btb_table_reg_14__TARGET_/latch/E (CLKGATETST_X1)
                                                        0.0091     1.4624 r
  data arrival time                                                1.4624

  clock CLK (rise edge)                                 1.3500     1.3500
  clock network delay (ideal)                           0.0500     1.4000
  clock uncertainty                                    -0.0500     1.3500
  DP_i_fetch_i_btb_i_clk_gate_btb_table_reg_14__TARGET_/latch/CK (CLKGATETST_X1)
                                                        0.0000     1.3500 r
  clock gating setup time                              -0.0720     1.2780
  data required time                                               1.2780
  --------------------------------------------------------------------------
  data required time                                               1.2780
  data arrival time                                               -1.4624
  --------------------------------------------------------------------------
  slack (VIOLATED)                                                -0.1844


  Startpoint: DP_i_fetch_i_IR_out_reg_31_
              (rising edge-triggered flip-flop clocked by CLK)
  Endpoint: DP_i_fetch_i_btb_i_clk_gate_btb_table_reg_13__TARGET_/latch
            (gating element for clock CLK)
  Path Group: CLK
  Path Type: max

  Des/Clust/Port     Wire Load Model       Library
  ------------------------------------------------
  DLX                5K_hvratio_1_4        NangateOpenCellLibrary

  Point                                                   Incr       Path
  --------------------------------------------------------------------------
  clock CLK (rise edge)                                 0.0000     0.0000
  clock network delay (ideal)                           0.0500     0.0500
  DP_i_fetch_i_IR_out_reg_31_/CK (DFF_X1)               0.0000     0.0500 r
  DP_i_fetch_i_IR_out_reg_31_/Q (DFF_X1)                0.0965     0.1465 f
  U1205/ZN (OR2_X1)                                     0.0641     0.2106 f
  U1165/ZN (OR3_X1)                                     0.0924     0.3031 f
  U2033/ZN (INV_X1)                                     0.0357     0.3387 r
  U1184/Z (BUF_X2)                                      0.0470     0.3858 r
  U2731/ZN (AND2_X1)                                    0.0619     0.4476 r
  U2704/ZN (AND2_X1)                                    0.0569     0.5045 r
  U2275/ZN (NAND2_X1)                                   0.0376     0.5421 f
  U3745/ZN (NOR2_X1)                                    0.0492     0.5913 r
  U910/ZN (OR2_X1)                                      0.0380     0.6294 r
  U911/ZN (OR3_X2)                                      0.0411     0.6705 r
  U1466/ZN (NOR2_X1)                                    0.0296     0.7000 f
  U1080/ZN (AND3_X1)                                    0.0514     0.7514 f
  U2491/ZN (AND2_X2)                                    0.0500     0.8013 f
  U4122/ZN (NAND2_X1)                                   0.0352     0.8365 r
  U4125/ZN (NAND4_X1)                                   0.0450     0.8815 f
  U2640/ZN (NAND2_X1)                                   0.0304     0.9120 r
  U2531/ZN (AND3_X1)                                    0.0497     0.9617 r
  U2545/ZN (AOI22_X1)                                   0.0342     0.9959 f
  U2637/ZN (NAND4_X1)                                   0.0351     1.0310 r
  U1147/Z (MUX2_X1)                                     0.0532     1.0842 r
  U2342/ZN (OAI21_X1)                                   0.0355     1.1197 f
  U4844/ZN (AOI21_X1)                                   0.0530     1.1727 r
  U11916/ZN (NAND2_X1)                                  0.0448     1.2175 f
  U1631/ZN (OR3_X2)                                     0.0989     1.3164 f
  U2580/ZN (NAND2_X1)                                   0.0378     1.3542 r
  U12718/ZN (AND2_X1)                                   0.0543     1.4085 r
  U12723/ZN (AND2_X1)                                   0.0448     1.4533 r
  DP_i_fetch_i_btb_i_clk_gate_btb_table_reg_13__TARGET_/EN (SNPS_CLOCK_GATE_HIGH_BTB_NBIT32_BTB_DEPTH16_BTB_INDEX_MSB5_6)
                                                        0.0000     1.4533 r
  DP_i_fetch_i_btb_i_clk_gate_btb_table_reg_13__TARGET_/latch/E (CLKGATETST_X1)
                                                        0.0091     1.4624 r
  data arrival time                                                1.4624

  clock CLK (rise edge)                                 1.3500     1.3500
  clock network delay (ideal)                           0.0500     1.4000
  clock uncertainty                                    -0.0500     1.3500
  DP_i_fetch_i_btb_i_clk_gate_btb_table_reg_13__TARGET_/latch/CK (CLKGATETST_X1)
                                                        0.0000     1.3500 r
  clock gating setup time                              -0.0720     1.2780
  data required time                                               1.2780
  --------------------------------------------------------------------------
  data required time                                               1.2780
  data arrival time                                               -1.4624
  --------------------------------------------------------------------------
  slack (VIOLATED)                                                -0.1844


  Startpoint: DP_i_fetch_i_IR_out_reg_31_
              (rising edge-triggered flip-flop clocked by CLK)
  Endpoint: DP_i_fetch_i_btb_i_clk_gate_btb_table_reg_14__TARGET_/latch
            (gating element for clock CLK)
  Path Group: CLK
  Path Type: max

  Des/Clust/Port     Wire Load Model       Library
  ------------------------------------------------
  DLX                5K_hvratio_1_4        NangateOpenCellLibrary

  Point                                                   Incr       Path
  --------------------------------------------------------------------------
  clock CLK (rise edge)                                 0.0000     0.0000
  clock network delay (ideal)                           0.0500     0.0500
  DP_i_fetch_i_IR_out_reg_31_/CK (DFF_X1)               0.0000     0.0500 r
  DP_i_fetch_i_IR_out_reg_31_/Q (DFF_X1)                0.0965     0.1465 f
  U1205/ZN (OR2_X1)                                     0.0641     0.2106 f
  U1165/ZN (OR3_X1)                                     0.0924     0.3031 f
  U2033/ZN (INV_X1)                                     0.0357     0.3387 r
  U1184/Z (BUF_X2)                                      0.0470     0.3858 r
  U2731/ZN (AND2_X1)                                    0.0619     0.4476 r
  U2704/ZN (AND2_X1)                                    0.0569     0.5045 r
  U2275/ZN (NAND2_X1)                                   0.0376     0.5421 f
  U3745/ZN (NOR2_X1)                                    0.0492     0.5913 r
  U910/ZN (OR2_X1)                                      0.0380     0.6294 r
  U911/ZN (OR3_X2)                                      0.0411     0.6705 r
  U1466/ZN (NOR2_X1)                                    0.0296     0.7000 f
  U1080/ZN (AND3_X1)                                    0.0514     0.7514 f
  U2491/ZN (AND2_X2)                                    0.0500     0.8013 f
  U4122/ZN (NAND2_X1)                                   0.0352     0.8365 r
  U4125/ZN (NAND4_X1)                                   0.0450     0.8815 f
  U2640/ZN (NAND2_X1)                                   0.0304     0.9120 r
  U2531/ZN (AND3_X1)                                    0.0497     0.9617 r
  U2545/ZN (AOI22_X1)                                   0.0342     0.9959 f
  U2637/ZN (NAND4_X1)                                   0.0351     1.0310 r
  U1147/Z (MUX2_X1)                                     0.0532     1.0842 r
  U2342/ZN (OAI21_X1)                                   0.0355     1.1197 f
  U4844/ZN (AOI21_X1)                                   0.0530     1.1727 r
  U11916/ZN (NAND2_X1)                                  0.0448     1.2175 f
  U1631/ZN (OR3_X2)                                     0.0989     1.3164 f
  U2580/ZN (NAND2_X1)                                   0.0378     1.3542 r
  U12718/ZN (AND2_X1)                                   0.0543     1.4085 r
  U12721/ZN (AND2_X1)                                   0.0448     1.4533 r
  DP_i_fetch_i_btb_i_clk_gate_btb_table_reg_14__TARGET_/EN (SNPS_CLOCK_GATE_HIGH_BTB_NBIT32_BTB_DEPTH16_BTB_INDEX_MSB5_4)
                                                        0.0000     1.4533 r
  DP_i_fetch_i_btb_i_clk_gate_btb_table_reg_14__TARGET_/latch/E (CLKGATETST_X1)
                                                        0.0091     1.4624 r
  data arrival time                                                1.4624

  clock CLK (rise edge)                                 1.3500     1.3500
  clock network delay (ideal)                           0.0500     1.4000
  clock uncertainty                                    -0.0500     1.3500
  DP_i_fetch_i_btb_i_clk_gate_btb_table_reg_14__TARGET_/latch/CK (CLKGATETST_X1)
                                                        0.0000     1.3500 r
  clock gating setup time                              -0.0720     1.2780
  data required time                                               1.2780
  --------------------------------------------------------------------------
  data required time                                               1.2780
  data arrival time                                               -1.4624
  --------------------------------------------------------------------------
  slack (VIOLATED)                                                -0.1844


  Startpoint: DRAM_READY (input port clocked by CLK)
  Endpoint: DP_i_execute_i_zero_alu_bit_Y_reg
            (rising edge-triggered flip-flop clocked by CLK)
  Path Group: INPUTS
  Path Type: max

  Des/Clust/Port     Wire Load Model       Library
  ------------------------------------------------
  DLX                5K_hvratio_1_4        NangateOpenCellLibrary

  Point                                                   Incr       Path
  --------------------------------------------------------------------------
  clock CLK (rise edge)                                 0.0000     0.0000
  clock network delay (ideal)                           0.0500     0.0500
  input external delay                                  0.1350     0.1850 r
  DRAM_READY (in)                                       0.0014     0.1864 r
  U4068/ZN (INV_X1)                                     0.0234     0.2098 f
  U1344/ZN (AND2_X1)                                    0.0457     0.2555 f
  U9967/ZN (INV_X1)                                     0.0429     0.2984 r
  U10727/ZN (OR2_X4)                                    0.1464     0.4448 r
  U1274/ZN (INV_X1)                                     0.1529     0.5977 f
  U1636/ZN (INV_X1)                                     0.0642     0.6619 r
  U2050/ZN (AND4_X1)                                    0.0684     0.7303 r
  U2559/ZN (NAND4_X1)                                   0.0453     0.7756 f
  U12419/ZN (NOR4_X1)                                   0.0747     0.8503 r
  U10635/ZN (AND3_X1)                                   0.0577     0.9080 r
  U2689/ZN (AND4_X1)                                    0.0571     0.9651 r
  U2261/ZN (AND4_X1)                                    0.0646     1.0297 r
  U10696/ZN (NAND4_X1)                                  0.0390     1.0687 f
  U2627/ZN (NOR3_X1)                                    0.0679     1.1366 r
  U871/ZN (NAND2_X1)                                    0.0317     1.1683 f
  U870/ZN (NAND2_X1)                                    0.0287     1.1970 r
  DP_i_execute_i_zero_alu_bit_Y_reg/D (DFF_X2)          0.0109     1.2079 r
  data arrival time                                                1.2079

  clock CLK (rise edge)                                 1.3500     1.3500
  clock network delay (ideal)                           0.0500     1.4000
  clock uncertainty                                    -0.0500     1.3500
  DP_i_execute_i_zero_alu_bit_Y_reg/CK (DFF_X2)         0.0000     1.3500 r
  library setup time                                   -0.0264     1.3236
  data required time                                               1.3236
  --------------------------------------------------------------------------
  data required time                                               1.3236
  data arrival time                                               -1.2079
  --------------------------------------------------------------------------
  slack (MET)                                                      0.1157


  Startpoint: DRAM_READY (input port clocked by CLK)
  Endpoint: DP_i_execute_i_zero_alu_bit_Y_reg
            (rising edge-triggered flip-flop clocked by CLK)
  Path Group: INPUTS
  Path Type: max

  Des/Clust/Port     Wire Load Model       Library
  ------------------------------------------------
  DLX                5K_hvratio_1_4        NangateOpenCellLibrary

  Point                                                   Incr       Path
  --------------------------------------------------------------------------
  clock CLK (rise edge)                                 0.0000     0.0000
  clock network delay (ideal)                           0.0500     0.0500
  input external delay                                  0.1350     0.1850 f
  DRAM_READY (in)                                       0.0010     0.1860 f
  U4068/ZN (INV_X1)                                     0.0283     0.2144 r
  U1344/ZN (AND2_X1)                                    0.0570     0.2714 r
  U9967/ZN (INV_X1)                                     0.0364     0.3078 f
  U10727/ZN (OR2_X4)                                    0.1176     0.4254 f
  U1274/ZN (INV_X1)                                     0.2065     0.6319 r
  U1636/ZN (INV_X1)                                     0.0423     0.6742 f
  U2050/ZN (AND4_X1)                                    0.0537     0.7279 f
  U2559/ZN (NAND4_X1)                                   0.0356     0.7635 r
  U12419/ZN (NOR4_X1)                                   0.0273     0.7908 f
  U10635/ZN (AND3_X1)                                   0.0383     0.8291 f
  U2689/ZN (AND4_X1)                                    0.0390     0.8681 f
  U2261/ZN (AND4_X1)                                    0.0435     0.9116 f
  U10696/ZN (NAND4_X1)                                  0.0312     0.9428 r
  U2627/ZN (NOR3_X1)                                    0.0273     0.9701 f
  U871/ZN (NAND2_X1)                                    0.0282     0.9984 r
  U870/ZN (NAND2_X1)                                    0.0263     1.0247 f
  DP_i_execute_i_zero_alu_bit_Y_reg/D (DFF_X2)          0.0104     1.0350 f
  data arrival time                                                1.0350

  clock CLK (rise edge)                                 1.3500     1.3500
  clock network delay (ideal)                           0.0500     1.4000
  clock uncertainty                                    -0.0500     1.3500
  DP_i_execute_i_zero_alu_bit_Y_reg/CK (DFF_X2)         0.0000     1.3500 r
  library setup time                                   -0.0261     1.3239
  data required time                                               1.3239
  --------------------------------------------------------------------------
  data required time                                               1.3239
  data arrival time                                               -1.0350
  --------------------------------------------------------------------------
  slack (MET)                                                      0.2889


  Startpoint: DRAM_READY (input port clocked by CLK)
  Endpoint: DP_i_decode_i_B_reg_i_Y_reg_2_
            (rising edge-triggered flip-flop clocked by CLK)
  Path Group: INPUTS
  Path Type: max

  Des/Clust/Port     Wire Load Model       Library
  ------------------------------------------------
  DLX                5K_hvratio_1_4        NangateOpenCellLibrary

  Point                                                   Incr       Path
  --------------------------------------------------------------------------
  clock CLK (rise edge)                                 0.0000     0.0000
  clock network delay (ideal)                           0.0500     0.0500
  input external delay                                  0.1350     0.1850 f
  DRAM_READY (in)                                       0.0010     0.1860 f
  U4068/ZN (INV_X1)                                     0.0283     0.2144 r
  U4069/ZN (NAND2_X1)                                   0.0465     0.2608 f
  DP_i_U4092/ZN (NAND2_X2)                              0.1323     0.3931 r
  DP_i_U2674/ZN (NOR2_X1)                               0.0558     0.4489 f
  DP_i_U2675/ZN (NAND2_X1)                              0.0360     0.4849 r
  U11069/ZN (INV_X1)                                    0.1078     0.5928 f
  U12385/ZN (AOI22_X1)                                  0.1051     0.6978 r
  U12386/ZN (NAND2_X1)                                  0.0327     0.7305 f
  U11037/ZN (INV_X1)                                    0.0275     0.7580 r
  U12387/ZN (OAI21_X1)                                  0.0313     0.7893 f
  U11036/ZN (OR4_X1)                                    0.1195     0.9089 f
  DP_i_decode_i_B_reg_i_Y_reg_2_/D (DFF_X1)             0.0104     0.9193 f
  data arrival time                                                0.9193

  clock CLK (rise edge)                                 1.3500     1.3500
  clock network delay (ideal)                           0.0500     1.4000
  clock uncertainty                                    -0.0500     1.3500
  DP_i_decode_i_B_reg_i_Y_reg_2_/CK (DFF_X1)            0.0000     1.3500 r
  library setup time                                   -0.0284     1.3216
  data required time                                               1.3216
  --------------------------------------------------------------------------
  data required time                                               1.3216
  data arrival time                                               -0.9193
  --------------------------------------------------------------------------
  slack (MET)                                                      0.4024


  Startpoint: DRAM_READY (input port clocked by CLK)
  Endpoint: DP_i_decode_i_B_reg_i_Y_reg_2_
            (rising edge-triggered flip-flop clocked by CLK)
  Path Group: INPUTS
  Path Type: max

  Des/Clust/Port     Wire Load Model       Library
  ------------------------------------------------
  DLX                5K_hvratio_1_4        NangateOpenCellLibrary

  Point                                                   Incr       Path
  --------------------------------------------------------------------------
  clock CLK (rise edge)                                 0.0000     0.0000
  clock network delay (ideal)                           0.0500     0.0500
  input external delay                                  0.1350     0.1850 r
  DRAM_READY (in)                                       0.0014     0.1864 r
  U4068/ZN (INV_X1)                                     0.0234     0.2098 f
  U4069/ZN (NAND2_X1)                                   0.0496     0.2594 r
  DP_i_U4092/ZN (NAND2_X2)                              0.1162     0.3756 f
  DP_i_U2674/ZN (NOR2_X1)                               0.0858     0.4614 r
  DP_i_U2675/ZN (NAND2_X1)                              0.0317     0.4931 f
  U11069/ZN (INV_X1)                                    0.1996     0.6927 r
  U12385/ZN (AOI22_X1)                                  0.0769     0.7696 f
  U12386/ZN (NAND2_X1)                                  0.0451     0.8147 r
  U11037/ZN (INV_X1)                                    0.0245     0.8393 f
  U12387/ZN (OAI21_X1)                                  0.0312     0.8705 r
  U11036/ZN (OR4_X1)                                    0.0394     0.9099 r
  DP_i_decode_i_B_reg_i_Y_reg_2_/D (DFF_X1)             0.0110     0.9209 r
  data arrival time                                                0.9209

  clock CLK (rise edge)                                 1.3500     1.3500
  clock network delay (ideal)                           0.0500     1.4000
  clock uncertainty                                    -0.0500     1.3500
  DP_i_decode_i_B_reg_i_Y_reg_2_/CK (DFF_X1)            0.0000     1.3500 r
  library setup time                                   -0.0263     1.3237
  data required time                                               1.3237
  --------------------------------------------------------------------------
  data required time                                               1.3237
  data arrival time                                               -0.9209
  --------------------------------------------------------------------------
  slack (MET)                                                      0.4028


  Startpoint: DRAM_READY (input port clocked by CLK)
  Endpoint: DP_i_decode_i_B_reg_i_Y_reg_31_
            (rising edge-triggered flip-flop clocked by CLK)
  Path Group: INPUTS
  Path Type: max

  Des/Clust/Port     Wire Load Model       Library
  ------------------------------------------------
  DLX                5K_hvratio_1_4        NangateOpenCellLibrary

  Point                                                   Incr       Path
  --------------------------------------------------------------------------
  clock CLK (rise edge)                                 0.0000     0.0000
  clock network delay (ideal)                           0.0500     0.0500
  input external delay                                  0.1350     0.1850 r
  DRAM_READY (in)                                       0.0014     0.1864 r
  U4068/ZN (INV_X1)                                     0.0234     0.2098 f
  U1344/ZN (AND2_X1)                                    0.0457     0.2555 f
  U9967/ZN (INV_X1)                                     0.0429     0.2984 r
  U10727/ZN (OR2_X4)                                    0.1464     0.4448 r
  U1274/ZN (INV_X1)                                     0.1529     0.5977 f
  U12402/ZN (AND2_X1)                                   0.0810     0.6788 f
  U11031/ZN (OR3_X1)                                    0.0873     0.7661 f
  U11030/ZN (OR4_X1)                                    0.1207     0.8868 f
  DP_i_decode_i_B_reg_i_Y_reg_31_/D (DFF_X1)            0.0104     0.8972 f
  data arrival time                                                0.8972

  clock CLK (rise edge)                                 1.3500     1.3500
  clock network delay (ideal)                           0.0500     1.4000
  clock uncertainty                                    -0.0500     1.3500
  DP_i_decode_i_B_reg_i_Y_reg_31_/CK (DFF_X1)           0.0000     1.3500 r
  library setup time                                   -0.0284     1.3216
  data required time                                               1.3216
  --------------------------------------------------------------------------
  data required time                                               1.3216
  data arrival time                                               -0.8972
  --------------------------------------------------------------------------
  slack (MET)                                                      0.4244


  Startpoint: DRAM_READY (input port clocked by CLK)
  Endpoint: DP_i_decode_i_B_reg_i_Y_reg_31_
            (rising edge-triggered flip-flop clocked by CLK)
  Path Group: INPUTS
  Path Type: max

  Des/Clust/Port     Wire Load Model       Library
  ------------------------------------------------
  DLX                5K_hvratio_1_4        NangateOpenCellLibrary

  Point                                                   Incr       Path
  --------------------------------------------------------------------------
  clock CLK (rise edge)                                 0.0000     0.0000
  clock network delay (ideal)                           0.0500     0.0500
  input external delay                                  0.1350     0.1850 f
  DRAM_READY (in)                                       0.0010     0.1860 f
  U4068/ZN (INV_X1)                                     0.0283     0.2144 r
  U4069/ZN (NAND2_X1)                                   0.0465     0.2608 f
  DP_i_U4092/ZN (NAND2_X2)                              0.1323     0.3931 r
  DP_i_U2674/ZN (NOR2_X1)                               0.0558     0.4489 f
  DP_i_U2675/ZN (NAND2_X1)                              0.0360     0.4849 r
  U11069/ZN (INV_X1)                                    0.1078     0.5928 f
  U11585/ZN (AND2_X1)                                   0.0850     0.6778 f
  U11031/ZN (OR3_X1)                                    0.0712     0.7490 f
  U11030/ZN (OR4_X1)                                    0.1207     0.8697 f
  DP_i_decode_i_B_reg_i_Y_reg_31_/D (DFF_X1)            0.0104     0.8801 f
  data arrival time                                                0.8801

  clock CLK (rise edge)                                 1.3500     1.3500
  clock network delay (ideal)                           0.0500     1.4000
  clock uncertainty                                    -0.0500     1.3500
  DP_i_decode_i_B_reg_i_Y_reg_31_/CK (DFF_X1)           0.0000     1.3500 r
  library setup time                                   -0.0284     1.3216
  data required time                                               1.3216
  --------------------------------------------------------------------------
  data required time                                               1.3216
  data arrival time                                               -0.8801
  --------------------------------------------------------------------------
  slack (MET)                                                      0.4415


  Startpoint: DRAM_READY (input port clocked by CLK)
  Endpoint: DP_i_decode_i_B_reg_i_Y_reg_0_
            (rising edge-triggered flip-flop clocked by CLK)
  Path Group: INPUTS
  Path Type: max

  Des/Clust/Port     Wire Load Model       Library
  ------------------------------------------------
  DLX                5K_hvratio_1_4        NangateOpenCellLibrary

  Point                                                   Incr       Path
  --------------------------------------------------------------------------
  clock CLK (rise edge)                                 0.0000     0.0000
  clock network delay (ideal)                           0.0500     0.0500
  input external delay                                  0.1350     0.1850 r
  DRAM_READY (in)                                       0.0014     0.1864 r
  U4068/ZN (INV_X1)                                     0.0234     0.2098 f
  U4069/ZN (NAND2_X1)                                   0.0496     0.2594 r
  DP_i_U4092/ZN (NAND2_X2)                              0.1162     0.3756 f
  U2643/ZN (NOR3_X4)                                    0.3217     0.6973 r
  U12040/ZN (NAND2_X1)                                  0.0623     0.7596 f
  U12041/ZN (NAND2_X1)                                  0.0384     0.7980 r
  U11017/ZN (INV_X1)                                    0.0237     0.8217 f
  U12044/ZN (NAND4_X1)                                  0.0312     0.8529 r
  DP_i_decode_i_B_reg_i_Y_reg_0_/D (DFF_X1)             0.0110     0.8639 r
  data arrival time                                                0.8639

  clock CLK (rise edge)                                 1.3500     1.3500
  clock network delay (ideal)                           0.0500     1.4000
  clock uncertainty                                    -0.0500     1.3500
  DP_i_decode_i_B_reg_i_Y_reg_0_/CK (DFF_X1)            0.0000     1.3500 r
  library setup time                                   -0.0278     1.3222
  data required time                                               1.3222
  --------------------------------------------------------------------------
  data required time                                               1.3222
  data arrival time                                               -0.8639
  --------------------------------------------------------------------------
  slack (MET)                                                      0.4583


  Startpoint: DRAM_READY (input port clocked by CLK)
  Endpoint: DP_i_decode_i_B_reg_i_Y_reg_1_
            (rising edge-triggered flip-flop clocked by CLK)
  Path Group: INPUTS
  Path Type: max

  Des/Clust/Port     Wire Load Model       Library
  ------------------------------------------------
  DLX                5K_hvratio_1_4        NangateOpenCellLibrary

  Point                                                   Incr       Path
  --------------------------------------------------------------------------
  clock CLK (rise edge)                                 0.0000     0.0000
  clock network delay (ideal)                           0.0500     0.0500
  input external delay                                  0.1350     0.1850 r
  DRAM_READY (in)                                       0.0014     0.1864 r
  U4068/ZN (INV_X1)                                     0.0234     0.2098 f
  U4069/ZN (NAND2_X1)                                   0.0496     0.2594 r
  DP_i_U4092/ZN (NAND2_X2)                              0.1162     0.3756 f
  U2643/ZN (NOR3_X4)                                    0.3217     0.6973 r
  U12412/ZN (NAND2_X1)                                  0.0623     0.7596 f
  U12413/ZN (NAND2_X1)                                  0.0384     0.7980 r
  U11018/ZN (INV_X1)                                    0.0237     0.8217 f
  U12415/ZN (NAND4_X1)                                  0.0312     0.8529 r
  DP_i_decode_i_B_reg_i_Y_reg_1_/D (DFF_X1)             0.0110     0.8639 r
  data arrival time                                                0.8639

  clock CLK (rise edge)                                 1.3500     1.3500
  clock network delay (ideal)                           0.0500     1.4000
  clock uncertainty                                    -0.0500     1.3500
  DP_i_decode_i_B_reg_i_Y_reg_1_/CK (DFF_X1)            0.0000     1.3500 r
  library setup time                                   -0.0278     1.3222
  data required time                                               1.3222
  --------------------------------------------------------------------------
  data required time                                               1.3222
  data arrival time                                               -0.8639
  --------------------------------------------------------------------------
  slack (MET)                                                      0.4583


  Startpoint: DRAM_READY (input port clocked by CLK)
  Endpoint: DP_i_decode_i_B_reg_i_Y_reg_3_
            (rising edge-triggered flip-flop clocked by CLK)
  Path Group: INPUTS
  Path Type: max

  Des/Clust/Port     Wire Load Model       Library
  ------------------------------------------------
  DLX                5K_hvratio_1_4        NangateOpenCellLibrary

  Point                                                   Incr       Path
  --------------------------------------------------------------------------
  clock CLK (rise edge)                                 0.0000     0.0000
  clock network delay (ideal)                           0.0500     0.0500
  input external delay                                  0.1350     0.1850 r
  DRAM_READY (in)                                       0.0014     0.1864 r
  U4068/ZN (INV_X1)                                     0.0234     0.2098 f
  U4069/ZN (NAND2_X1)                                   0.0496     0.2594 r
  DP_i_U4092/ZN (NAND2_X2)                              0.1162     0.3756 f
  DP_i_U2674/ZN (NOR2_X1)                               0.0858     0.4614 r
  DP_i_U2675/ZN (NAND2_X1)                              0.0317     0.4931 f
  U11069/ZN (INV_X1)                                    0.1996     0.6927 r
  U12364/ZN (AOI22_X1)                                  0.0769     0.7696 f
  U12365/ZN (NAND2_X1)                                  0.0421     0.8117 r
  U11038/ZN (OR4_X1)                                    0.0387     0.8504 r
  DP_i_decode_i_B_reg_i_Y_reg_3_/D (DFF_X1)             0.0110     0.8614 r
  data arrival time                                                0.8614

  clock CLK (rise edge)                                 1.3500     1.3500
  clock network delay (ideal)                           0.0500     1.4000
  clock uncertainty                                    -0.0500     1.3500
  DP_i_decode_i_B_reg_i_Y_reg_3_/CK (DFF_X1)            0.0000     1.3500 r
  library setup time                                   -0.0263     1.3237
  data required time                                               1.3237
  --------------------------------------------------------------------------
  data required time                                               1.3237
  data arrival time                                               -0.8614
  --------------------------------------------------------------------------
  slack (MET)                                                      0.4623


  Startpoint: DRAM_READY (input port clocked by CLK)
  Endpoint: DP_i_decode_i_B_reg_i_Y_reg_15_
            (rising edge-triggered flip-flop clocked by CLK)
  Path Group: INPUTS
  Path Type: max

  Des/Clust/Port     Wire Load Model       Library
  ------------------------------------------------
  DLX                5K_hvratio_1_4        NangateOpenCellLibrary

  Point                                                   Incr       Path
  --------------------------------------------------------------------------
  clock CLK (rise edge)                                 0.0000     0.0000
  clock network delay (ideal)                           0.0500     0.0500
  input external delay                                  0.1350     0.1850 r
  DRAM_READY (in)                                       0.0014     0.1864 r
  U4068/ZN (INV_X1)                                     0.0234     0.2098 f
  U4069/ZN (NAND2_X1)                                   0.0496     0.2594 r
  DP_i_U4092/ZN (NAND2_X2)                              0.1162     0.3756 f
  DP_i_U2674/ZN (NOR2_X1)                               0.0858     0.4614 r
  DP_i_U2675/ZN (NAND2_X1)                              0.0317     0.4931 f
  U11069/ZN (INV_X1)                                    0.1996     0.6927 r
  U12377/ZN (AOI22_X1)                                  0.0769     0.7696 f
  U12378/ZN (NAND2_X1)                                  0.0421     0.8117 r
  U11032/ZN (OR4_X1)                                    0.0387     0.8504 r
  DP_i_decode_i_B_reg_i_Y_reg_15_/D (DFF_X1)            0.0110     0.8614 r
  data arrival time                                                0.8614

  clock CLK (rise edge)                                 1.3500     1.3500
  clock network delay (ideal)                           0.0500     1.4000
  clock uncertainty                                    -0.0500     1.3500
  DP_i_decode_i_B_reg_i_Y_reg_15_/CK (DFF_X1)           0.0000     1.3500 r
  library setup time                                   -0.0263     1.3237
  data required time                                               1.3237
  --------------------------------------------------------------------------
  data required time                                               1.3237
  data arrival time                                               -0.8614
  --------------------------------------------------------------------------
  slack (MET)                                                      0.4623


  Startpoint: DP_i_mem_access_i_rd_out_reg_i_Y_reg_0_
              (rising edge-triggered flip-flop clocked by CLK)
  Endpoint: IRAM_ISSUE (output port clocked by CLK)
  Path Group: OUTPUTS
  Path Type: max

  Des/Clust/Port     Wire Load Model       Library
  ------------------------------------------------
  DLX                5K_hvratio_1_4        NangateOpenCellLibrary

  Point                                                   Incr       Path
  --------------------------------------------------------------------------
  clock CLK (rise edge)                                 0.0000     0.0000
  clock network delay (ideal)                           0.0500     0.0500
  DP_i_mem_access_i_rd_out_reg_i_Y_reg_0_/CK (DFF_X1)   0.0000     0.0500 r
  DP_i_mem_access_i_rd_out_reg_i_Y_reg_0_/QN (DFF_X1)   0.0831     0.1331 r
  U3747/ZN (XNOR2_X1)                                   0.0624     0.1955 r
  U2216/ZN (AND2_X1)                                    0.0504     0.2460 r
  U836/ZN (AND4_X2)                                     0.0695     0.3155 r
  U1992/ZN (NOR2_X1)                                    0.0316     0.3471 f
  U3802/ZN (AND2_X1)                                    0.0472     0.3943 f
  U3851/ZN (NAND2_X1)                                   0.0358     0.4301 r
  U969/ZN (AND4_X1)                                     0.0662     0.4964 r
  U1109/ZN (AND4_X1)                                    0.0575     0.5538 r
  U1181/ZN (AND3_X1)                                    0.0507     0.6045 r
  U1991/ZN (AOI21_X1)                                   0.0339     0.6384 f
  U1988/ZN (OAI21_X1)                                   0.0558     0.6942 r
  U1083/ZN (AND3_X1)                                    0.0634     0.7576 r
  U872/ZN (AND2_X2)                                     0.0596     0.8172 r
  U4124/ZN (NAND2_X1)                                   0.0386     0.8558 f
  U4125/ZN (NAND4_X1)                                   0.0342     0.8900 r
  U2640/ZN (NAND2_X1)                                   0.0274     0.9174 f
  U2531/ZN (AND3_X1)                                    0.0394     0.9568 f
  U2545/ZN (AOI22_X1)                                   0.0547     1.0115 r
  U2637/ZN (NAND4_X1)                                   0.0451     1.0567 f
  U1147/Z (MUX2_X1)                                     0.0757     1.1324 f
  U2342/ZN (OAI21_X1)                                   0.0542     1.1866 r
  U4844/ZN (AOI21_X1)                                   0.0398     1.2263 f
  IRAM_ISSUE (out)                                      0.0041     1.2304 f
  data arrival time                                                1.2304

  clock CLK (rise edge)                                 1.3500     1.3500
  clock network delay (ideal)                           0.0500     1.4000
  clock uncertainty                                    -0.0500     1.3500
  output external delay                                -0.1350     1.2150
  data required time                                               1.2150
  --------------------------------------------------------------------------
  data required time                                               1.2150
  data arrival time                                               -1.2304
  --------------------------------------------------------------------------
  slack (VIOLATED)                                                -0.0154


  Startpoint: DP_i_mem_access_i_rd_out_reg_i_Y_reg_0_
              (rising edge-triggered flip-flop clocked by CLK)
  Endpoint: IRAM_ISSUE (output port clocked by CLK)
  Path Group: OUTPUTS
  Path Type: max

  Des/Clust/Port     Wire Load Model       Library
  ------------------------------------------------
  DLX                5K_hvratio_1_4        NangateOpenCellLibrary

  Point                                                   Incr       Path
  --------------------------------------------------------------------------
  clock CLK (rise edge)                                 0.0000     0.0000
  clock network delay (ideal)                           0.0500     0.0500
  DP_i_mem_access_i_rd_out_reg_i_Y_reg_0_/CK (DFF_X1)   0.0000     0.0500 r
  DP_i_mem_access_i_rd_out_reg_i_Y_reg_0_/QN (DFF_X1)   0.0831     0.1331 r
  U3747/ZN (XNOR2_X1)                                   0.0624     0.1955 r
  U2216/ZN (AND2_X1)                                    0.0504     0.2460 r
  U836/ZN (AND4_X2)                                     0.0695     0.3155 r
  U1992/ZN (NOR2_X1)                                    0.0316     0.3471 f
  U3802/ZN (AND2_X1)                                    0.0472     0.3943 f
  U3851/ZN (NAND2_X1)                                   0.0358     0.4301 r
  U969/ZN (AND4_X1)                                     0.0662     0.4964 r
  U1109/ZN (AND4_X1)                                    0.0575     0.5538 r
  U1181/ZN (AND3_X1)                                    0.0507     0.6045 r
  U1991/ZN (AOI21_X1)                                   0.0339     0.6384 f
  U1988/ZN (OAI21_X1)                                   0.0558     0.6942 r
  U1083/ZN (AND3_X1)                                    0.0634     0.7576 r
  U872/ZN (AND2_X2)                                     0.0596     0.8172 r
  U4124/ZN (NAND2_X1)                                   0.0386     0.8558 f
  U4125/ZN (NAND4_X1)                                   0.0342     0.8900 r
  U2640/ZN (NAND2_X1)                                   0.0274     0.9174 f
  U2531/ZN (AND3_X1)                                    0.0394     0.9568 f
  U2545/ZN (AOI22_X1)                                   0.0547     1.0115 r
  U2637/ZN (NAND4_X1)                                   0.0451     1.0567 f
  U1147/Z (MUX2_X1)                                     0.0757     1.1324 f
  U2342/ZN (OAI21_X1)                                   0.0542     1.1866 r
  U4844/ZN (AOI21_X1)                                   0.0398     1.2263 f
  IRAM_ISSUE (out)                                      0.0041     1.2304 f
  data arrival time                                                1.2304

  clock CLK (rise edge)                                 1.3500     1.3500
  clock network delay (ideal)                           0.0500     1.4000
  clock uncertainty                                    -0.0500     1.3500
  output external delay                                -0.1350     1.2150
  data required time                                               1.2150
  --------------------------------------------------------------------------
  data required time                                               1.2150
  data arrival time                                               -1.2304
  --------------------------------------------------------------------------
  slack (VIOLATED)                                                -0.0154


  Startpoint: DP_i_mem_access_i_rd_out_reg_i_Y_reg_2_
              (rising edge-triggered flip-flop clocked by CLK)
  Endpoint: DRAM_DATA[31]
            (output port clocked by CLK)
  Path Group: OUTPUTS
  Path Type: max

  Des/Clust/Port     Wire Load Model       Library
  ------------------------------------------------
  DLX                5K_hvratio_1_4        NangateOpenCellLibrary

  Point                                                   Incr       Path
  --------------------------------------------------------------------------
  clock CLK (rise edge)                                 0.0000     0.0000
  clock network delay (ideal)                           0.0500     0.0500
  DP_i_mem_access_i_rd_out_reg_i_Y_reg_2_/CK (DFF_X1)   0.0000     0.0500 r
  DP_i_mem_access_i_rd_out_reg_i_Y_reg_2_/Q (DFF_X1)    0.1048     0.1548 r
  U1137/Z (CLKBUF_X1)                                   0.0787     0.2335 r
  U6961/ZN (XNOR2_X1)                                   0.0861     0.3195 r
  U6964/ZN (AND4_X1)                                    0.0653     0.3848 r
  U6967/ZN (AND3_X1)                                    0.0678     0.4526 r
  U6969/ZN (INV_X1)                                     0.0627     0.5153 f
  U2462/ZN (NOR2_X2)                                    0.1772     0.6926 r
  U7031/ZN (NAND2_X1)                                   0.0533     0.7459 f
  U7032/ZN (AND2_X1)                                    0.0494     0.7952 f
  U10597/ZN (NOR2_X1)                                   0.0457     0.8410 r
  DRAM_DATA_tri_31_/Z (TBUF_X1)                         0.0648     0.9058 r
  DRAM_DATA[31] (inout)                                 0.0054     0.9112 r
  data arrival time                                                0.9112

  clock CLK (rise edge)                                 1.3500     1.3500
  clock network delay (ideal)                           0.0500     1.4000
  clock uncertainty                                    -0.0500     1.3500
  output external delay                                -0.1350     1.2150
  data required time                                               1.2150
  --------------------------------------------------------------------------
  data required time                                               1.2150
  data arrival time                                               -0.9112
  --------------------------------------------------------------------------
  slack (MET)                                                      0.3038


  Startpoint: DP_i_mem_access_i_rd_out_reg_i_Y_reg_2_
              (rising edge-triggered flip-flop clocked by CLK)
  Endpoint: DRAM_DATA[30]
            (output port clocked by CLK)
  Path Group: OUTPUTS
  Path Type: max

  Des/Clust/Port     Wire Load Model       Library
  ------------------------------------------------
  DLX                5K_hvratio_1_4        NangateOpenCellLibrary

  Point                                                   Incr       Path
  --------------------------------------------------------------------------
  clock CLK (rise edge)                                 0.0000     0.0000
  clock network delay (ideal)                           0.0500     0.0500
  DP_i_mem_access_i_rd_out_reg_i_Y_reg_2_/CK (DFF_X1)   0.0000     0.0500 r
  DP_i_mem_access_i_rd_out_reg_i_Y_reg_2_/Q (DFF_X1)    0.1048     0.1548 r
  U1137/Z (CLKBUF_X1)                                   0.0787     0.2335 r
  U6961/ZN (XNOR2_X1)                                   0.0861     0.3195 r
  U6964/ZN (AND4_X1)                                    0.0653     0.3848 r
  U6967/ZN (AND3_X1)                                    0.0678     0.4526 r
  U6969/ZN (INV_X1)                                     0.0627     0.5153 f
  U2462/ZN (NOR2_X2)                                    0.1772     0.6926 r
  U7028/ZN (NAND2_X1)                                   0.0533     0.7459 f
  U7029/ZN (AND2_X1)                                    0.0492     0.7951 f
  U10598/ZN (NOR2_X1)                                   0.0457     0.8409 r
  DRAM_DATA_tri_30_/Z (TBUF_X1)                         0.0603     0.9012 r
  DRAM_DATA[30] (inout)                                 0.0048     0.9060 r
  data arrival time                                                0.9060

  clock CLK (rise edge)                                 1.3500     1.3500
  clock network delay (ideal)                           0.0500     1.4000
  clock uncertainty                                    -0.0500     1.3500
  output external delay                                -0.1350     1.2150
  data required time                                               1.2150
  --------------------------------------------------------------------------
  data required time                                               1.2150
  data arrival time                                               -0.9060
  --------------------------------------------------------------------------
  slack (MET)                                                      0.3090


  Startpoint: DP_i_mem_access_i_rd_out_reg_i_Y_reg_2_
              (rising edge-triggered flip-flop clocked by CLK)
  Endpoint: DRAM_DATA[29]
            (output port clocked by CLK)
  Path Group: OUTPUTS
  Path Type: max

  Des/Clust/Port     Wire Load Model       Library
  ------------------------------------------------
  DLX                5K_hvratio_1_4        NangateOpenCellLibrary

  Point                                                   Incr       Path
  --------------------------------------------------------------------------
  clock CLK (rise edge)                                 0.0000     0.0000
  clock network delay (ideal)                           0.0500     0.0500
  DP_i_mem_access_i_rd_out_reg_i_Y_reg_2_/CK (DFF_X1)   0.0000     0.0500 r
  DP_i_mem_access_i_rd_out_reg_i_Y_reg_2_/Q (DFF_X1)    0.1048     0.1548 r
  U1137/Z (CLKBUF_X1)                                   0.0787     0.2335 r
  U6961/ZN (XNOR2_X1)                                   0.0861     0.3195 r
  U6964/ZN (AND4_X1)                                    0.0653     0.3848 r
  U6967/ZN (AND3_X1)                                    0.0678     0.4526 r
  U6969/ZN (INV_X1)                                     0.0627     0.5153 f
  U2462/ZN (NOR2_X2)                                    0.1772     0.6926 r
  U7025/ZN (NAND2_X1)                                   0.0533     0.7459 f
  U7026/ZN (AND2_X1)                                    0.0492     0.7951 f
  U10599/ZN (NOR2_X1)                                   0.0457     0.8409 r
  DRAM_DATA_tri_29_/Z (TBUF_X1)                         0.0603     0.9012 r
  DRAM_DATA[29] (inout)                                 0.0048     0.9060 r
  data arrival time                                                0.9060

  clock CLK (rise edge)                                 1.3500     1.3500
  clock network delay (ideal)                           0.0500     1.4000
  clock uncertainty                                    -0.0500     1.3500
  output external delay                                -0.1350     1.2150
  data required time                                               1.2150
  --------------------------------------------------------------------------
  data required time                                               1.2150
  data arrival time                                               -0.9060
  --------------------------------------------------------------------------
  slack (MET)                                                      0.3090


  Startpoint: DP_i_mem_access_i_rd_out_reg_i_Y_reg_2_
              (rising edge-triggered flip-flop clocked by CLK)
  Endpoint: DRAM_DATA[28]
            (output port clocked by CLK)
  Path Group: OUTPUTS
  Path Type: max

  Des/Clust/Port     Wire Load Model       Library
  ------------------------------------------------
  DLX                5K_hvratio_1_4        NangateOpenCellLibrary

  Point                                                   Incr       Path
  --------------------------------------------------------------------------
  clock CLK (rise edge)                                 0.0000     0.0000
  clock network delay (ideal)                           0.0500     0.0500
  DP_i_mem_access_i_rd_out_reg_i_Y_reg_2_/CK (DFF_X1)   0.0000     0.0500 r
  DP_i_mem_access_i_rd_out_reg_i_Y_reg_2_/Q (DFF_X1)    0.1048     0.1548 r
  U1137/Z (CLKBUF_X1)                                   0.0787     0.2335 r
  U6961/ZN (XNOR2_X1)                                   0.0861     0.3195 r
  U6964/ZN (AND4_X1)                                    0.0653     0.3848 r
  U6967/ZN (AND3_X1)                                    0.0678     0.4526 r
  U6969/ZN (INV_X1)                                     0.0627     0.5153 f
  U2462/ZN (NOR2_X2)                                    0.1772     0.6926 r
  U7022/ZN (NAND2_X1)                                   0.0533     0.7459 f
  U7023/ZN (AND2_X1)                                    0.0492     0.7951 f
  U10600/ZN (NOR2_X1)                                   0.0457     0.8409 r
  DRAM_DATA_tri_28_/Z (TBUF_X1)                         0.0603     0.9012 r
  DRAM_DATA[28] (inout)                                 0.0048     0.9060 r
  data arrival time                                                0.9060

  clock CLK (rise edge)                                 1.3500     1.3500
  clock network delay (ideal)                           0.0500     1.4000
  clock uncertainty                                    -0.0500     1.3500
  output external delay                                -0.1350     1.2150
  data required time                                               1.2150
  --------------------------------------------------------------------------
  data required time                                               1.2150
  data arrival time                                               -0.9060
  --------------------------------------------------------------------------
  slack (MET)                                                      0.3090


  Startpoint: DP_i_mem_access_i_rd_out_reg_i_Y_reg_2_
              (rising edge-triggered flip-flop clocked by CLK)
  Endpoint: DRAM_DATA[27]
            (output port clocked by CLK)
  Path Group: OUTPUTS
  Path Type: max

  Des/Clust/Port     Wire Load Model       Library
  ------------------------------------------------
  DLX                5K_hvratio_1_4        NangateOpenCellLibrary

  Point                                                   Incr       Path
  --------------------------------------------------------------------------
  clock CLK (rise edge)                                 0.0000     0.0000
  clock network delay (ideal)                           0.0500     0.0500
  DP_i_mem_access_i_rd_out_reg_i_Y_reg_2_/CK (DFF_X1)   0.0000     0.0500 r
  DP_i_mem_access_i_rd_out_reg_i_Y_reg_2_/Q (DFF_X1)    0.1048     0.1548 r
  U1137/Z (CLKBUF_X1)                                   0.0787     0.2335 r
  U6961/ZN (XNOR2_X1)                                   0.0861     0.3195 r
  U6964/ZN (AND4_X1)                                    0.0653     0.3848 r
  U6967/ZN (AND3_X1)                                    0.0678     0.4526 r
  U6969/ZN (INV_X1)                                     0.0627     0.5153 f
  U2462/ZN (NOR2_X2)                                    0.1772     0.6926 r
  U7019/ZN (NAND2_X1)                                   0.0533     0.7459 f
  U7020/ZN (AND2_X1)                                    0.0492     0.7951 f
  U10601/ZN (NOR2_X1)                                   0.0457     0.8409 r
  DRAM_DATA_tri_27_/Z (TBUF_X1)                         0.0603     0.9012 r
  DRAM_DATA[27] (inout)                                 0.0048     0.9060 r
  data arrival time                                                0.9060

  clock CLK (rise edge)                                 1.3500     1.3500
  clock network delay (ideal)                           0.0500     1.4000
  clock uncertainty                                    -0.0500     1.3500
  output external delay                                -0.1350     1.2150
  data required time                                               1.2150
  --------------------------------------------------------------------------
  data required time                                               1.2150
  data arrival time                                               -0.9060
  --------------------------------------------------------------------------
  slack (MET)                                                      0.3090


  Startpoint: DP_i_mem_access_i_rd_out_reg_i_Y_reg_2_
              (rising edge-triggered flip-flop clocked by CLK)
  Endpoint: DRAM_DATA[26]
            (output port clocked by CLK)
  Path Group: OUTPUTS
  Path Type: max

  Des/Clust/Port     Wire Load Model       Library
  ------------------------------------------------
  DLX                5K_hvratio_1_4        NangateOpenCellLibrary

  Point                                                   Incr       Path
  --------------------------------------------------------------------------
  clock CLK (rise edge)                                 0.0000     0.0000
  clock network delay (ideal)                           0.0500     0.0500
  DP_i_mem_access_i_rd_out_reg_i_Y_reg_2_/CK (DFF_X1)   0.0000     0.0500 r
  DP_i_mem_access_i_rd_out_reg_i_Y_reg_2_/Q (DFF_X1)    0.1048     0.1548 r
  U1137/Z (CLKBUF_X1)                                   0.0787     0.2335 r
  U6961/ZN (XNOR2_X1)                                   0.0861     0.3195 r
  U6964/ZN (AND4_X1)                                    0.0653     0.3848 r
  U6967/ZN (AND3_X1)                                    0.0678     0.4526 r
  U6969/ZN (INV_X1)                                     0.0627     0.5153 f
  U2462/ZN (NOR2_X2)                                    0.1772     0.6926 r
  U6992/ZN (NAND2_X1)                                   0.0533     0.7459 f
  U6993/ZN (AND2_X1)                                    0.0492     0.7951 f
  U10602/ZN (NOR2_X1)                                   0.0457     0.8409 r
  DRAM_DATA_tri_26_/Z (TBUF_X1)                         0.0603     0.9012 r
  DRAM_DATA[26] (inout)                                 0.0048     0.9060 r
  data arrival time                                                0.9060

  clock CLK (rise edge)                                 1.3500     1.3500
  clock network delay (ideal)                           0.0500     1.4000
  clock uncertainty                                    -0.0500     1.3500
  output external delay                                -0.1350     1.2150
  data required time                                               1.2150
  --------------------------------------------------------------------------
  data required time                                               1.2150
  data arrival time                                               -0.9060
  --------------------------------------------------------------------------
  slack (MET)                                                      0.3090


  Startpoint: DP_i_mem_access_i_rd_out_reg_i_Y_reg_2_
              (rising edge-triggered flip-flop clocked by CLK)
  Endpoint: DRAM_DATA[25]
            (output port clocked by CLK)
  Path Group: OUTPUTS
  Path Type: max

  Des/Clust/Port     Wire Load Model       Library
  ------------------------------------------------
  DLX                5K_hvratio_1_4        NangateOpenCellLibrary

  Point                                                   Incr       Path
  --------------------------------------------------------------------------
  clock CLK (rise edge)                                 0.0000     0.0000
  clock network delay (ideal)                           0.0500     0.0500
  DP_i_mem_access_i_rd_out_reg_i_Y_reg_2_/CK (DFF_X1)   0.0000     0.0500 r
  DP_i_mem_access_i_rd_out_reg_i_Y_reg_2_/Q (DFF_X1)    0.1048     0.1548 r
  U1137/Z (CLKBUF_X1)                                   0.0787     0.2335 r
  U6961/ZN (XNOR2_X1)                                   0.0861     0.3195 r
  U6964/ZN (AND4_X1)                                    0.0653     0.3848 r
  U6967/ZN (AND3_X1)                                    0.0678     0.4526 r
  U6969/ZN (INV_X1)                                     0.0627     0.5153 f
  U2462/ZN (NOR2_X2)                                    0.1772     0.6926 r
  U6995/ZN (NAND2_X1)                                   0.0533     0.7459 f
  U6996/ZN (AND2_X1)                                    0.0492     0.7951 f
  U10603/ZN (NOR2_X1)                                   0.0457     0.8409 r
  DRAM_DATA_tri_25_/Z (TBUF_X1)                         0.0603     0.9012 r
  DRAM_DATA[25] (inout)                                 0.0048     0.9060 r
  data arrival time                                                0.9060

  clock CLK (rise edge)                                 1.3500     1.3500
  clock network delay (ideal)                           0.0500     1.4000
  clock uncertainty                                    -0.0500     1.3500
  output external delay                                -0.1350     1.2150
  data required time                                               1.2150
  --------------------------------------------------------------------------
  data required time                                               1.2150
  data arrival time                                               -0.9060
  --------------------------------------------------------------------------
  slack (MET)                                                      0.3090


  Startpoint: DP_i_mem_access_i_rd_out_reg_i_Y_reg_2_
              (rising edge-triggered flip-flop clocked by CLK)
  Endpoint: DRAM_DATA[24]
            (output port clocked by CLK)
  Path Group: OUTPUTS
  Path Type: max

  Des/Clust/Port     Wire Load Model       Library
  ------------------------------------------------
  DLX                5K_hvratio_1_4        NangateOpenCellLibrary

  Point                                                   Incr       Path
  --------------------------------------------------------------------------
  clock CLK (rise edge)                                 0.0000     0.0000
  clock network delay (ideal)                           0.0500     0.0500
  DP_i_mem_access_i_rd_out_reg_i_Y_reg_2_/CK (DFF_X1)   0.0000     0.0500 r
  DP_i_mem_access_i_rd_out_reg_i_Y_reg_2_/Q (DFF_X1)    0.1048     0.1548 r
  U1137/Z (CLKBUF_X1)                                   0.0787     0.2335 r
  U6961/ZN (XNOR2_X1)                                   0.0861     0.3195 r
  U6964/ZN (AND4_X1)                                    0.0653     0.3848 r
  U6967/ZN (AND3_X1)                                    0.0678     0.4526 r
  U6969/ZN (INV_X1)                                     0.0627     0.5153 f
  U2462/ZN (NOR2_X2)                                    0.1772     0.6926 r
  U6985/ZN (NAND2_X1)                                   0.0533     0.7459 f
  U6986/ZN (AND2_X1)                                    0.0492     0.7951 f
  U10604/ZN (NOR2_X1)                                   0.0457     0.8409 r
  DRAM_DATA_tri_24_/Z (TBUF_X1)                         0.0603     0.9012 r
  DRAM_DATA[24] (inout)                                 0.0048     0.9060 r
  data arrival time                                                0.9060

  clock CLK (rise edge)                                 1.3500     1.3500
  clock network delay (ideal)                           0.0500     1.4000
  clock uncertainty                                    -0.0500     1.3500
  output external delay                                -0.1350     1.2150
  data required time                                               1.2150
  --------------------------------------------------------------------------
  data required time                                               1.2150
  data arrival time                                               -0.9060
  --------------------------------------------------------------------------
  slack (MET)                                                      0.3090


1
