 
****************************************
Report : timing
        -path full
        -delay max
        -nworst 2
        -max_paths 10
Design : DLX
Version: W-2024.09-SP2
Date   : Mon Sep 28 16:41:27 2026
****************************************

Operating Conditions: typical   Library: NangateOpenCellLibrary
Wire Load Model Mode: top

  Startpoint: DP_i/fetch_i_IR_out_reg_24_
              (rising edge-triggered flip-flop clocked by CLK)
  Endpoint: DP_i/fetch_i_btb_i_clk_gate_btb_table_reg_3__TARGET_/latch
            (gating element for clock CLK)
  Path Group: CLK
  Path Type: max

  Des/Clust/Port     Wire Load Model       Library
  ------------------------------------------------
  DLX                5K_hvratio_1_4        NangateOpenCellLibrary

  Point                                                   Incr       Path
  --------------------------------------------------------------------------
  clock CLK (rise edge)                                 0.0000     0.0000
  clock network delay (ideal)                           0.0500     0.0500
  DP_i/fetch_i_IR_out_reg_24_/CK (DFF_X2)               0.0000     0.0500 r
  DP_i/fetch_i_IR_out_reg_24_/Q (DFF_X2)                0.1205     0.1705 f
  DP_i/U1252/ZN (AOI22_X1)                              0.0828     0.2533 r
  DP_i/U1253/ZN (OAI221_X1)                             0.0566     0.3099 f
  DP_i/U1254/ZN (NOR3_X2)                               0.0908     0.4006 r
  DP_i/U1261/ZN (NOR2_X1)                               0.0369     0.4375 f
  DP_i/U1262/ZN (NAND2_X1)                              0.0756     0.5131 r
  DP_i/U1283/ZN (NOR2_X1)                               0.0612     0.5743 f
  DP_i/U16/Z (BUF_X1)                                   0.0952     0.6695 f
  DP_i/U1881/ZN (AOI22_X1)                              0.0877     0.7573 r
  DP_i/U1884/ZN (NAND4_X1)                              0.0448     0.8020 f
  DP_i/U965/ZN (OR4_X1)                                 0.1197     0.9218 f
  DP_i/U1895/ZN (OAI222_X1)                             0.0757     0.9975 r
  DP_i/U2082/ZN (INV_X1)                                0.0266     1.0241 f
  DP_i/U2084/ZN (AOI22_X1)                              0.0588     1.0829 r
  DP_i/U2090/ZN (AOI21_X1)                              0.0446     1.1275 f
  DP_i/U370/ZN (OR2_X1)                                 0.1004     1.2279 f
  DP_i/U3554/ZN (NOR2_X1)                               0.0912     1.3191 r
  DP_i/rs2_live_3_ (DataPath)                           0.0000     1.3191 r
  U1022/ZN (INV_X1)                                     0.0325     1.3516 f
  U859/ZN (AND2_X1)                                     0.0625     1.4141 f
  U1027/ZN (AOI22_X1)                                   0.0832     1.4973 r
  U1028/ZN (OAI21_X1)                                   0.0377     1.5350 f
  U1029/ZN (AOI211_X1)                                  0.0810     1.6160 r
  U1030/ZN (NOR2_X1)                                    0.0278     1.6438 f
  U1038/Z (MUX2_X1)                                     0.0683     1.7121 f
  U1053/ZN (OAI21_X1)                                   0.0531     1.7652 r
  U1054/ZN (AOI221_X1)                                  0.0379     1.8031 f
  U850/ZN (OR3_X2)                                      0.0999     1.9030 f
  U1155/ZN (AOI21_X1)                                   0.0683     1.9713 r
  DP_i/F_ID_enable (DataPath)                           0.0000     1.9713 r
  DP_i/U740/ZN (NAND4_X1)                               0.0620     2.0333 f
  DP_i/U7642/ZN (INV_X1)                                0.0326     2.0659 r
  DP_i/U354/ZN (AND3_X1)                                0.0870     2.1529 r
  DP_i/U426/ZN (NAND2_X1)                               0.0678     2.2207 f
  DP_i/U424/ZN (AND2_X1)                                0.0609     2.2815 f
  DP_i/fetch_i_btb_i_U1213/ZN (NOR2_X1)                 0.0398     2.3213 r
  DP_i/fetch_i_btb_i_clk_gate_btb_table_reg_3__TARGET_/EN (SNPS_CLOCK_GATE_HIGH_BTB_NBIT32_BTB_DEPTH16_BTB_INDEX_MSB5_26)
                                                        0.0000     2.3213 r
  DP_i/fetch_i_btb_i_clk_gate_btb_table_reg_3__TARGET_/latch/E (CLKGATETST_X1)
                                                        0.0091     2.3304 r
  data arrival time                                                2.3304

  clock CLK (rise edge)                                 2.5000     2.5000
  clock network delay (ideal)                           0.0500     2.5500
  clock uncertainty                                    -0.0500     2.5000
  DP_i/fetch_i_btb_i_clk_gate_btb_table_reg_3__TARGET_/latch/CK (CLKGATETST_X1)
                                                        0.0000     2.5000 r
  clock gating setup time                              -0.0746     2.4254
  data required time                                               2.4254
  --------------------------------------------------------------------------
  data required time                                               2.4254
  data arrival time                                               -2.3304
  --------------------------------------------------------------------------
  slack (MET)                                                      0.0950


  Startpoint: DP_i/fetch_i_IR_out_reg_24_
              (rising edge-triggered flip-flop clocked by CLK)
  Endpoint: DP_i/fetch_i_btb_i_clk_gate_btb_table_reg_1__TARGET_/latch
            (gating element for clock CLK)
  Path Group: CLK
  Path Type: max

  Des/Clust/Port     Wire Load Model       Library
  ------------------------------------------------
  DLX                5K_hvratio_1_4        NangateOpenCellLibrary

  Point                                                   Incr       Path
  --------------------------------------------------------------------------
  clock CLK (rise edge)                                 0.0000     0.0000
  clock network delay (ideal)                           0.0500     0.0500
  DP_i/fetch_i_IR_out_reg_24_/CK (DFF_X2)               0.0000     0.0500 r
  DP_i/fetch_i_IR_out_reg_24_/Q (DFF_X2)                0.1205     0.1705 f
  DP_i/U1252/ZN (AOI22_X1)                              0.0828     0.2533 r
  DP_i/U1253/ZN (OAI221_X1)                             0.0566     0.3099 f
  DP_i/U1254/ZN (NOR3_X2)                               0.0908     0.4006 r
  DP_i/U1261/ZN (NOR2_X1)                               0.0369     0.4375 f
  DP_i/U1262/ZN (NAND2_X1)                              0.0756     0.5131 r
  DP_i/U1283/ZN (NOR2_X1)                               0.0612     0.5743 f
  DP_i/U16/Z (BUF_X1)                                   0.0952     0.6695 f
  DP_i/U1881/ZN (AOI22_X1)                              0.0877     0.7573 r
  DP_i/U1884/ZN (NAND4_X1)                              0.0448     0.8020 f
  DP_i/U965/ZN (OR4_X1)                                 0.1197     0.9218 f
  DP_i/U1895/ZN (OAI222_X1)                             0.0757     0.9975 r
  DP_i/U2082/ZN (INV_X1)                                0.0266     1.0241 f
  DP_i/U2084/ZN (AOI22_X1)                              0.0588     1.0829 r
  DP_i/U2090/ZN (AOI21_X1)                              0.0446     1.1275 f
  DP_i/U370/ZN (OR2_X1)                                 0.1004     1.2279 f
  DP_i/U3554/ZN (NOR2_X1)                               0.0912     1.3191 r
  DP_i/rs2_live_3_ (DataPath)                           0.0000     1.3191 r
  U1022/ZN (INV_X1)                                     0.0325     1.3516 f
  U859/ZN (AND2_X1)                                     0.0625     1.4141 f
  U1027/ZN (AOI22_X1)                                   0.0832     1.4973 r
  U1028/ZN (OAI21_X1)                                   0.0377     1.5350 f
  U1029/ZN (AOI211_X1)                                  0.0810     1.6160 r
  U1030/ZN (NOR2_X1)                                    0.0278     1.6438 f
  U1038/Z (MUX2_X1)                                     0.0683     1.7121 f
  U1053/ZN (OAI21_X1)                                   0.0531     1.7652 r
  U1054/ZN (AOI221_X1)                                  0.0379     1.8031 f
  U850/ZN (OR3_X2)                                      0.0999     1.9030 f
  U1155/ZN (AOI21_X1)                                   0.0683     1.9713 r
  DP_i/F_ID_enable (DataPath)                           0.0000     1.9713 r
  DP_i/U740/ZN (NAND4_X1)                               0.0620     2.0333 f
  DP_i/U7642/ZN (INV_X1)                                0.0326     2.0659 r
  DP_i/U354/ZN (AND3_X1)                                0.0870     2.1529 r
  DP_i/U426/ZN (NAND2_X1)                               0.0678     2.2207 f
  DP_i/U424/ZN (AND2_X1)                                0.0609     2.2815 f
  DP_i/fetch_i_btb_i_U1208/ZN (NOR2_X1)                 0.0398     2.3213 r
  DP_i/fetch_i_btb_i_clk_gate_btb_table_reg_1__TARGET_/EN (SNPS_CLOCK_GATE_HIGH_BTB_NBIT32_BTB_DEPTH16_BTB_INDEX_MSB5_30)
                                                        0.0000     2.3213 r
  DP_i/fetch_i_btb_i_clk_gate_btb_table_reg_1__TARGET_/latch/E (CLKGATETST_X1)
                                                        0.0091     2.3304 r
  data arrival time                                                2.3304

  clock CLK (rise edge)                                 2.5000     2.5000
  clock network delay (ideal)                           0.0500     2.5500
  clock uncertainty                                    -0.0500     2.5000
  DP_i/fetch_i_btb_i_clk_gate_btb_table_reg_1__TARGET_/latch/CK (CLKGATETST_X1)
                                                        0.0000     2.5000 r
  clock gating setup time                              -0.0746     2.4254
  data required time                                               2.4254
  --------------------------------------------------------------------------
  data required time                                               2.4254
  data arrival time                                               -2.3304
  --------------------------------------------------------------------------
  slack (MET)                                                      0.0950


  Startpoint: DP_i/fetch_i_IR_out_reg_24_
              (rising edge-triggered flip-flop clocked by CLK)
  Endpoint: DP_i/fetch_i_btb_i_clk_gate_btb_table_reg_3__TARGET_/latch
            (gating element for clock CLK)
  Path Group: CLK
  Path Type: max

  Des/Clust/Port     Wire Load Model       Library
  ------------------------------------------------
  DLX                5K_hvratio_1_4        NangateOpenCellLibrary

  Point                                                   Incr       Path
  --------------------------------------------------------------------------
  clock CLK (rise edge)                                 0.0000     0.0000
  clock network delay (ideal)                           0.0500     0.0500
  DP_i/fetch_i_IR_out_reg_24_/CK (DFF_X2)               0.0000     0.0500 r
  DP_i/fetch_i_IR_out_reg_24_/Q (DFF_X2)                0.1205     0.1705 f
  DP_i/U1252/ZN (AOI22_X1)                              0.0828     0.2533 r
  DP_i/U1253/ZN (OAI221_X1)                             0.0566     0.3099 f
  DP_i/U1254/ZN (NOR3_X2)                               0.0908     0.4006 r
  DP_i/U1261/ZN (NOR2_X1)                               0.0369     0.4375 f
  DP_i/U1262/ZN (NAND2_X1)                              0.0756     0.5131 r
  DP_i/U1283/ZN (NOR2_X1)                               0.0612     0.5743 f
  DP_i/U16/Z (BUF_X1)                                   0.0952     0.6695 f
  DP_i/U1881/ZN (AOI22_X1)                              0.0877     0.7573 r
  DP_i/U1884/ZN (NAND4_X1)                              0.0448     0.8020 f
  DP_i/U965/ZN (OR4_X1)                                 0.1197     0.9218 f
  DP_i/U1895/ZN (OAI222_X1)                             0.0757     0.9975 r
  DP_i/U2082/ZN (INV_X1)                                0.0266     1.0241 f
  DP_i/U2084/ZN (AOI22_X1)                              0.0588     1.0829 r
  DP_i/U2090/ZN (AOI21_X1)                              0.0446     1.1275 f
  DP_i/U370/ZN (OR2_X1)                                 0.1004     1.2279 f
  DP_i/U3554/ZN (NOR2_X1)                               0.0912     1.3191 r
  DP_i/rs2_live_3_ (DataPath)                           0.0000     1.3191 r
  U1022/ZN (INV_X1)                                     0.0325     1.3516 f
  U859/ZN (AND2_X1)                                     0.0625     1.4141 f
  U1027/ZN (AOI22_X1)                                   0.0832     1.4973 r
  U1028/ZN (OAI21_X1)                                   0.0377     1.5350 f
  U1029/ZN (AOI211_X1)                                  0.0810     1.6160 r
  U1030/ZN (NOR2_X1)                                    0.0278     1.6438 f
  U1038/Z (MUX2_X1)                                     0.0683     1.7121 f
  U1053/ZN (OAI21_X1)                                   0.0531     1.7652 r
  U1054/ZN (AOI221_X1)                                  0.0379     1.8031 f
  U850/ZN (OR3_X2)                                      0.0999     1.9030 f
  U1155/ZN (AOI21_X1)                                   0.0683     1.9713 r
  DP_i/F_ID_enable (DataPath)                           0.0000     1.9713 r
  DP_i/U740/ZN (NAND4_X1)                               0.0620     2.0333 f
  DP_i/U7642/ZN (INV_X1)                                0.0326     2.0659 r
  DP_i/U354/ZN (AND3_X1)                                0.0870     2.1529 r
  DP_i/U426/ZN (NAND2_X1)                               0.0678     2.2207 f
  DP_i/U424/ZN (AND2_X1)                                0.0609     2.2815 f
  DP_i/fetch_i_btb_i_U1213/ZN (NOR2_X1)                 0.0398     2.3213 r
  DP_i/fetch_i_btb_i_clk_gate_btb_table_reg_3__TARGET_/EN (SNPS_CLOCK_GATE_HIGH_BTB_NBIT32_BTB_DEPTH16_BTB_INDEX_MSB5_26)
                                                        0.0000     2.3213 r
  DP_i/fetch_i_btb_i_clk_gate_btb_table_reg_3__TARGET_/latch/E (CLKGATETST_X1)
                                                        0.0091     2.3304 r
  data arrival time                                                2.3304

  clock CLK (rise edge)                                 2.5000     2.5000
  clock network delay (ideal)                           0.0500     2.5500
  clock uncertainty                                    -0.0500     2.5000
  DP_i/fetch_i_btb_i_clk_gate_btb_table_reg_3__TARGET_/latch/CK (CLKGATETST_X1)
                                                        0.0000     2.5000 r
  clock gating setup time                              -0.0746     2.4254
  data required time                                               2.4254
  --------------------------------------------------------------------------
  data required time                                               2.4254
  data arrival time                                               -2.3304
  --------------------------------------------------------------------------
  slack (MET)                                                      0.0950


  Startpoint: DP_i/fetch_i_IR_out_reg_24_
              (rising edge-triggered flip-flop clocked by CLK)
  Endpoint: DP_i/fetch_i_btb_i_clk_gate_btb_table_reg_1__TARGET_/latch
            (gating element for clock CLK)
  Path Group: CLK
  Path Type: max

  Des/Clust/Port     Wire Load Model       Library
  ------------------------------------------------
  DLX                5K_hvratio_1_4        NangateOpenCellLibrary

  Point                                                   Incr       Path
  --------------------------------------------------------------------------
  clock CLK (rise edge)                                 0.0000     0.0000
  clock network delay (ideal)                           0.0500     0.0500
  DP_i/fetch_i_IR_out_reg_24_/CK (DFF_X2)               0.0000     0.0500 r
  DP_i/fetch_i_IR_out_reg_24_/Q (DFF_X2)                0.1205     0.1705 f
  DP_i/U1252/ZN (AOI22_X1)                              0.0828     0.2533 r
  DP_i/U1253/ZN (OAI221_X1)                             0.0566     0.3099 f
  DP_i/U1254/ZN (NOR3_X2)                               0.0908     0.4006 r
  DP_i/U1261/ZN (NOR2_X1)                               0.0369     0.4375 f
  DP_i/U1262/ZN (NAND2_X1)                              0.0756     0.5131 r
  DP_i/U1283/ZN (NOR2_X1)                               0.0612     0.5743 f
  DP_i/U16/Z (BUF_X1)                                   0.0952     0.6695 f
  DP_i/U1881/ZN (AOI22_X1)                              0.0877     0.7573 r
  DP_i/U1884/ZN (NAND4_X1)                              0.0448     0.8020 f
  DP_i/U965/ZN (OR4_X1)                                 0.1197     0.9218 f
  DP_i/U1895/ZN (OAI222_X1)                             0.0757     0.9975 r
  DP_i/U2082/ZN (INV_X1)                                0.0266     1.0241 f
  DP_i/U2084/ZN (AOI22_X1)                              0.0588     1.0829 r
  DP_i/U2090/ZN (AOI21_X1)                              0.0446     1.1275 f
  DP_i/U370/ZN (OR2_X1)                                 0.1004     1.2279 f
  DP_i/U3554/ZN (NOR2_X1)                               0.0912     1.3191 r
  DP_i/rs2_live_3_ (DataPath)                           0.0000     1.3191 r
  U1022/ZN (INV_X1)                                     0.0325     1.3516 f
  U859/ZN (AND2_X1)                                     0.0625     1.4141 f
  U1027/ZN (AOI22_X1)                                   0.0832     1.4973 r
  U1028/ZN (OAI21_X1)                                   0.0377     1.5350 f
  U1029/ZN (AOI211_X1)                                  0.0810     1.6160 r
  U1030/ZN (NOR2_X1)                                    0.0278     1.6438 f
  U1038/Z (MUX2_X1)                                     0.0683     1.7121 f
  U1053/ZN (OAI21_X1)                                   0.0531     1.7652 r
  U1054/ZN (AOI221_X1)                                  0.0379     1.8031 f
  U850/ZN (OR3_X2)                                      0.0999     1.9030 f
  U1155/ZN (AOI21_X1)                                   0.0683     1.9713 r
  DP_i/F_ID_enable (DataPath)                           0.0000     1.9713 r
  DP_i/U740/ZN (NAND4_X1)                               0.0620     2.0333 f
  DP_i/U7642/ZN (INV_X1)                                0.0326     2.0659 r
  DP_i/U354/ZN (AND3_X1)                                0.0870     2.1529 r
  DP_i/U426/ZN (NAND2_X1)                               0.0678     2.2207 f
  DP_i/U424/ZN (AND2_X1)                                0.0609     2.2815 f
  DP_i/fetch_i_btb_i_U1208/ZN (NOR2_X1)                 0.0398     2.3213 r
  DP_i/fetch_i_btb_i_clk_gate_btb_table_reg_1__TARGET_/EN (SNPS_CLOCK_GATE_HIGH_BTB_NBIT32_BTB_DEPTH16_BTB_INDEX_MSB5_30)
                                                        0.0000     2.3213 r
  DP_i/fetch_i_btb_i_clk_gate_btb_table_reg_1__TARGET_/latch/E (CLKGATETST_X1)
                                                        0.0091     2.3304 r
  data arrival time                                                2.3304

  clock CLK (rise edge)                                 2.5000     2.5000
  clock network delay (ideal)                           0.0500     2.5500
  clock uncertainty                                    -0.0500     2.5000
  DP_i/fetch_i_btb_i_clk_gate_btb_table_reg_1__TARGET_/latch/CK (CLKGATETST_X1)
                                                        0.0000     2.5000 r
  clock gating setup time                              -0.0746     2.4254
  data required time                                               2.4254
  --------------------------------------------------------------------------
  data required time                                               2.4254
  data arrival time                                               -2.3304
  --------------------------------------------------------------------------
  slack (MET)                                                      0.0950


  Startpoint: DP_i/fetch_i_IR_out_reg_24_
              (rising edge-triggered flip-flop clocked by CLK)
  Endpoint: DP_i/fetch_i_btb_i_clk_gate_btb_table_reg_2__TARGET_/latch
            (gating element for clock CLK)
  Path Group: CLK
  Path Type: max

  Des/Clust/Port     Wire Load Model       Library
  ------------------------------------------------
  DLX                5K_hvratio_1_4        NangateOpenCellLibrary

  Point                                                   Incr       Path
  --------------------------------------------------------------------------
  clock CLK (rise edge)                                 0.0000     0.0000
  clock network delay (ideal)                           0.0500     0.0500
  DP_i/fetch_i_IR_out_reg_24_/CK (DFF_X2)               0.0000     0.0500 r
  DP_i/fetch_i_IR_out_reg_24_/Q (DFF_X2)                0.1205     0.1705 f
  DP_i/U1252/ZN (AOI22_X1)                              0.0828     0.2533 r
  DP_i/U1253/ZN (OAI221_X1)                             0.0566     0.3099 f
  DP_i/U1254/ZN (NOR3_X2)                               0.0908     0.4006 r
  DP_i/U1261/ZN (NOR2_X1)                               0.0369     0.4375 f
  DP_i/U1262/ZN (NAND2_X1)                              0.0756     0.5131 r
  DP_i/U1283/ZN (NOR2_X1)                               0.0612     0.5743 f
  DP_i/U16/Z (BUF_X1)                                   0.0952     0.6695 f
  DP_i/U1881/ZN (AOI22_X1)                              0.0877     0.7573 r
  DP_i/U1884/ZN (NAND4_X1)                              0.0448     0.8020 f
  DP_i/U965/ZN (OR4_X1)                                 0.1197     0.9218 f
  DP_i/U1895/ZN (OAI222_X1)                             0.0757     0.9975 r
  DP_i/U2082/ZN (INV_X1)                                0.0266     1.0241 f
  DP_i/U2084/ZN (AOI22_X1)                              0.0588     1.0829 r
  DP_i/U2090/ZN (AOI21_X1)                              0.0446     1.1275 f
  DP_i/U370/ZN (OR2_X1)                                 0.1004     1.2279 f
  DP_i/U3554/ZN (NOR2_X1)                               0.0912     1.3191 r
  DP_i/rs2_live_3_ (DataPath)                           0.0000     1.3191 r
  U1022/ZN (INV_X1)                                     0.0325     1.3516 f
  U859/ZN (AND2_X1)                                     0.0625     1.4141 f
  U1027/ZN (AOI22_X1)                                   0.0832     1.4973 r
  U1028/ZN (OAI21_X1)                                   0.0377     1.5350 f
  U1029/ZN (AOI211_X1)                                  0.0810     1.6160 r
  U1030/ZN (NOR2_X1)                                    0.0278     1.6438 f
  U1038/Z (MUX2_X1)                                     0.0683     1.7121 f
  U1053/ZN (OAI21_X1)                                   0.0531     1.7652 r
  U1054/ZN (AOI221_X1)                                  0.0379     1.8031 f
  U850/ZN (OR3_X2)                                      0.0999     1.9030 f
  U1155/ZN (AOI21_X1)                                   0.0683     1.9713 r
  DP_i/F_ID_enable (DataPath)                           0.0000     1.9713 r
  DP_i/U740/ZN (NAND4_X1)                               0.0620     2.0333 f
  DP_i/U7642/ZN (INV_X1)                                0.0326     2.0659 r
  DP_i/U354/ZN (AND3_X1)                                0.0870     2.1529 r
  DP_i/U426/ZN (NAND2_X1)                               0.0678     2.2207 f
  DP_i/U424/ZN (AND2_X1)                                0.0609     2.2815 f
  DP_i/fetch_i_btb_i_U1211/ZN (NOR2_X1)                 0.0398     2.3213 r
  DP_i/fetch_i_btb_i_clk_gate_btb_table_reg_2__TARGET_/EN (SNPS_CLOCK_GATE_HIGH_BTB_NBIT32_BTB_DEPTH16_BTB_INDEX_MSB5_28)
                                                        0.0000     2.3213 r
  DP_i/fetch_i_btb_i_clk_gate_btb_table_reg_2__TARGET_/latch/E (CLKGATETST_X1)
                                                        0.0091     2.3304 r
  data arrival time                                                2.3304

  clock CLK (rise edge)                                 2.5000     2.5000
  clock network delay (ideal)                           0.0500     2.5500
  clock uncertainty                                    -0.0500     2.5000
  DP_i/fetch_i_btb_i_clk_gate_btb_table_reg_2__TARGET_/latch/CK (CLKGATETST_X1)
                                                        0.0000     2.5000 r
  clock gating setup time                              -0.0739     2.4261
  data required time                                               2.4261
  --------------------------------------------------------------------------
  data required time                                               2.4261
  data arrival time                                               -2.3304
  --------------------------------------------------------------------------
  slack (MET)                                                      0.0957


  Startpoint: DP_i/fetch_i_IR_out_reg_24_
              (rising edge-triggered flip-flop clocked by CLK)
  Endpoint: DP_i/fetch_i_btb_i_clk_gate_btb_table_reg_2__TARGET_/latch
            (gating element for clock CLK)
  Path Group: CLK
  Path Type: max

  Des/Clust/Port     Wire Load Model       Library
  ------------------------------------------------
  DLX                5K_hvratio_1_4        NangateOpenCellLibrary

  Point                                                   Incr       Path
  --------------------------------------------------------------------------
  clock CLK (rise edge)                                 0.0000     0.0000
  clock network delay (ideal)                           0.0500     0.0500
  DP_i/fetch_i_IR_out_reg_24_/CK (DFF_X2)               0.0000     0.0500 r
  DP_i/fetch_i_IR_out_reg_24_/Q (DFF_X2)                0.1205     0.1705 f
  DP_i/U1252/ZN (AOI22_X1)                              0.0828     0.2533 r
  DP_i/U1253/ZN (OAI221_X1)                             0.0566     0.3099 f
  DP_i/U1254/ZN (NOR3_X2)                               0.0908     0.4006 r
  DP_i/U1261/ZN (NOR2_X1)                               0.0369     0.4375 f
  DP_i/U1262/ZN (NAND2_X1)                              0.0756     0.5131 r
  DP_i/U1283/ZN (NOR2_X1)                               0.0612     0.5743 f
  DP_i/U16/Z (BUF_X1)                                   0.0952     0.6695 f
  DP_i/U1881/ZN (AOI22_X1)                              0.0877     0.7573 r
  DP_i/U1884/ZN (NAND4_X1)                              0.0448     0.8020 f
  DP_i/U965/ZN (OR4_X1)                                 0.1197     0.9218 f
  DP_i/U1895/ZN (OAI222_X1)                             0.0757     0.9975 r
  DP_i/U2082/ZN (INV_X1)                                0.0266     1.0241 f
  DP_i/U2084/ZN (AOI22_X1)                              0.0588     1.0829 r
  DP_i/U2090/ZN (AOI21_X1)                              0.0446     1.1275 f
  DP_i/U370/ZN (OR2_X1)                                 0.1004     1.2279 f
  DP_i/U3554/ZN (NOR2_X1)                               0.0912     1.3191 r
  DP_i/rs2_live_3_ (DataPath)                           0.0000     1.3191 r
  U1022/ZN (INV_X1)                                     0.0325     1.3516 f
  U859/ZN (AND2_X1)                                     0.0625     1.4141 f
  U1027/ZN (AOI22_X1)                                   0.0832     1.4973 r
  U1028/ZN (OAI21_X1)                                   0.0377     1.5350 f
  U1029/ZN (AOI211_X1)                                  0.0810     1.6160 r
  U1030/ZN (NOR2_X1)                                    0.0278     1.6438 f
  U1038/Z (MUX2_X1)                                     0.0683     1.7121 f
  U1053/ZN (OAI21_X1)                                   0.0531     1.7652 r
  U1054/ZN (AOI221_X1)                                  0.0379     1.8031 f
  U850/ZN (OR3_X2)                                      0.0999     1.9030 f
  U1155/ZN (AOI21_X1)                                   0.0683     1.9713 r
  DP_i/F_ID_enable (DataPath)                           0.0000     1.9713 r
  DP_i/U740/ZN (NAND4_X1)                               0.0620     2.0333 f
  DP_i/U7642/ZN (INV_X1)                                0.0326     2.0659 r
  DP_i/U354/ZN (AND3_X1)                                0.0870     2.1529 r
  DP_i/U426/ZN (NAND2_X1)                               0.0678     2.2207 f
  DP_i/U424/ZN (AND2_X1)                                0.0609     2.2815 f
  DP_i/fetch_i_btb_i_U1211/ZN (NOR2_X1)                 0.0398     2.3213 r
  DP_i/fetch_i_btb_i_clk_gate_btb_table_reg_2__TARGET_/EN (SNPS_CLOCK_GATE_HIGH_BTB_NBIT32_BTB_DEPTH16_BTB_INDEX_MSB5_28)
                                                        0.0000     2.3213 r
  DP_i/fetch_i_btb_i_clk_gate_btb_table_reg_2__TARGET_/latch/E (CLKGATETST_X1)
                                                        0.0091     2.3304 r
  data arrival time                                                2.3304

  clock CLK (rise edge)                                 2.5000     2.5000
  clock network delay (ideal)                           0.0500     2.5500
  clock uncertainty                                    -0.0500     2.5000
  DP_i/fetch_i_btb_i_clk_gate_btb_table_reg_2__TARGET_/latch/CK (CLKGATETST_X1)
                                                        0.0000     2.5000 r
  clock gating setup time                              -0.0739     2.4261
  data required time                                               2.4261
  --------------------------------------------------------------------------
  data required time                                               2.4261
  data arrival time                                               -2.3304
  --------------------------------------------------------------------------
  slack (MET)                                                      0.0957


  Startpoint: DP_i/fetch_i_IR_out_reg_24_
              (rising edge-triggered flip-flop clocked by CLK)
  Endpoint: DP_i/fetch_i_btb_i_clk_gate_btb_table_reg_0__TARGET_/latch
            (gating element for clock CLK)
  Path Group: CLK
  Path Type: max

  Des/Clust/Port     Wire Load Model       Library
  ------------------------------------------------
  DLX                5K_hvratio_1_4        NangateOpenCellLibrary

  Point                                                   Incr       Path
  --------------------------------------------------------------------------
  clock CLK (rise edge)                                 0.0000     0.0000
  clock network delay (ideal)                           0.0500     0.0500
  DP_i/fetch_i_IR_out_reg_24_/CK (DFF_X2)               0.0000     0.0500 r
  DP_i/fetch_i_IR_out_reg_24_/Q (DFF_X2)                0.1205     0.1705 f
  DP_i/U1252/ZN (AOI22_X1)                              0.0828     0.2533 r
  DP_i/U1253/ZN (OAI221_X1)                             0.0566     0.3099 f
  DP_i/U1254/ZN (NOR3_X2)                               0.0908     0.4006 r
  DP_i/U1261/ZN (NOR2_X1)                               0.0369     0.4375 f
  DP_i/U1262/ZN (NAND2_X1)                              0.0756     0.5131 r
  DP_i/U1283/ZN (NOR2_X1)                               0.0612     0.5743 f
  DP_i/U16/Z (BUF_X1)                                   0.0952     0.6695 f
  DP_i/U1881/ZN (AOI22_X1)                              0.0877     0.7573 r
  DP_i/U1884/ZN (NAND4_X1)                              0.0448     0.8020 f
  DP_i/U965/ZN (OR4_X1)                                 0.1197     0.9218 f
  DP_i/U1895/ZN (OAI222_X1)                             0.0757     0.9975 r
  DP_i/U2082/ZN (INV_X1)                                0.0266     1.0241 f
  DP_i/U2084/ZN (AOI22_X1)                              0.0588     1.0829 r
  DP_i/U2090/ZN (AOI21_X1)                              0.0446     1.1275 f
  DP_i/U370/ZN (OR2_X1)                                 0.1004     1.2279 f
  DP_i/U3554/ZN (NOR2_X1)                               0.0912     1.3191 r
  DP_i/rs2_live_3_ (DataPath)                           0.0000     1.3191 r
  U1022/ZN (INV_X1)                                     0.0325     1.3516 f
  U859/ZN (AND2_X1)                                     0.0625     1.4141 f
  U1027/ZN (AOI22_X1)                                   0.0832     1.4973 r
  U1028/ZN (OAI21_X1)                                   0.0377     1.5350 f
  U1029/ZN (AOI211_X1)                                  0.0810     1.6160 r
  U1030/ZN (NOR2_X1)                                    0.0278     1.6438 f
  U1038/Z (MUX2_X1)                                     0.0683     1.7121 f
  U1053/ZN (OAI21_X1)                                   0.0531     1.7652 r
  U1054/ZN (AOI221_X1)                                  0.0379     1.8031 f
  U850/ZN (OR3_X2)                                      0.0999     1.9030 f
  U1155/ZN (AOI21_X1)                                   0.0683     1.9713 r
  DP_i/F_ID_enable (DataPath)                           0.0000     1.9713 r
  DP_i/U740/ZN (NAND4_X1)                               0.0620     2.0333 f
  DP_i/U7642/ZN (INV_X1)                                0.0326     2.0659 r
  DP_i/U354/ZN (AND3_X1)                                0.0870     2.1529 r
  DP_i/U426/ZN (NAND2_X1)                               0.0678     2.2207 f
  DP_i/U424/ZN (AND2_X1)                                0.0609     2.2815 f
  DP_i/fetch_i_btb_i_U1206/ZN (NOR2_X1)                 0.0398     2.3213 r
  DP_i/fetch_i_btb_i_clk_gate_btb_table_reg_0__TARGET_/EN (SNPS_CLOCK_GATE_HIGH_BTB_NBIT32_BTB_DEPTH16_BTB_INDEX_MSB5_32)
                                                        0.0000     2.3213 r
  DP_i/fetch_i_btb_i_clk_gate_btb_table_reg_0__TARGET_/latch/E (CLKGATETST_X1)
                                                        0.0091     2.3304 r
  data arrival time                                                2.3304

  clock CLK (rise edge)                                 2.5000     2.5000
  clock network delay (ideal)                           0.0500     2.5500
  clock uncertainty                                    -0.0500     2.5000
  DP_i/fetch_i_btb_i_clk_gate_btb_table_reg_0__TARGET_/latch/CK (CLKGATETST_X1)
                                                        0.0000     2.5000 r
  clock gating setup time                              -0.0739     2.4261
  data required time                                               2.4261
  --------------------------------------------------------------------------
  data required time                                               2.4261
  data arrival time                                               -2.3304
  --------------------------------------------------------------------------
  slack (MET)                                                      0.0957


  Startpoint: DP_i/fetch_i_IR_out_reg_24_
              (rising edge-triggered flip-flop clocked by CLK)
  Endpoint: DP_i/fetch_i_btb_i_clk_gate_btb_table_reg_0__TARGET_/latch
            (gating element for clock CLK)
  Path Group: CLK
  Path Type: max

  Des/Clust/Port     Wire Load Model       Library
  ------------------------------------------------
  DLX                5K_hvratio_1_4        NangateOpenCellLibrary

  Point                                                   Incr       Path
  --------------------------------------------------------------------------
  clock CLK (rise edge)                                 0.0000     0.0000
  clock network delay (ideal)                           0.0500     0.0500
  DP_i/fetch_i_IR_out_reg_24_/CK (DFF_X2)               0.0000     0.0500 r
  DP_i/fetch_i_IR_out_reg_24_/Q (DFF_X2)                0.1205     0.1705 f
  DP_i/U1252/ZN (AOI22_X1)                              0.0828     0.2533 r
  DP_i/U1253/ZN (OAI221_X1)                             0.0566     0.3099 f
  DP_i/U1254/ZN (NOR3_X2)                               0.0908     0.4006 r
  DP_i/U1261/ZN (NOR2_X1)                               0.0369     0.4375 f
  DP_i/U1262/ZN (NAND2_X1)                              0.0756     0.5131 r
  DP_i/U1283/ZN (NOR2_X1)                               0.0612     0.5743 f
  DP_i/U16/Z (BUF_X1)                                   0.0952     0.6695 f
  DP_i/U1881/ZN (AOI22_X1)                              0.0877     0.7573 r
  DP_i/U1884/ZN (NAND4_X1)                              0.0448     0.8020 f
  DP_i/U965/ZN (OR4_X1)                                 0.1197     0.9218 f
  DP_i/U1895/ZN (OAI222_X1)                             0.0757     0.9975 r
  DP_i/U2082/ZN (INV_X1)                                0.0266     1.0241 f
  DP_i/U2084/ZN (AOI22_X1)                              0.0588     1.0829 r
  DP_i/U2090/ZN (AOI21_X1)                              0.0446     1.1275 f
  DP_i/U370/ZN (OR2_X1)                                 0.1004     1.2279 f
  DP_i/U3554/ZN (NOR2_X1)                               0.0912     1.3191 r
  DP_i/rs2_live_3_ (DataPath)                           0.0000     1.3191 r
  U1022/ZN (INV_X1)                                     0.0325     1.3516 f
  U859/ZN (AND2_X1)                                     0.0625     1.4141 f
  U1027/ZN (AOI22_X1)                                   0.0832     1.4973 r
  U1028/ZN (OAI21_X1)                                   0.0377     1.5350 f
  U1029/ZN (AOI211_X1)                                  0.0810     1.6160 r
  U1030/ZN (NOR2_X1)                                    0.0278     1.6438 f
  U1038/Z (MUX2_X1)                                     0.0683     1.7121 f
  U1053/ZN (OAI21_X1)                                   0.0531     1.7652 r
  U1054/ZN (AOI221_X1)                                  0.0379     1.8031 f
  U850/ZN (OR3_X2)                                      0.0999     1.9030 f
  U1155/ZN (AOI21_X1)                                   0.0683     1.9713 r
  DP_i/F_ID_enable (DataPath)                           0.0000     1.9713 r
  DP_i/U740/ZN (NAND4_X1)                               0.0620     2.0333 f
  DP_i/U7642/ZN (INV_X1)                                0.0326     2.0659 r
  DP_i/U354/ZN (AND3_X1)                                0.0870     2.1529 r
  DP_i/U426/ZN (NAND2_X1)                               0.0678     2.2207 f
  DP_i/U424/ZN (AND2_X1)                                0.0609     2.2815 f
  DP_i/fetch_i_btb_i_U1206/ZN (NOR2_X1)                 0.0398     2.3213 r
  DP_i/fetch_i_btb_i_clk_gate_btb_table_reg_0__TARGET_/EN (SNPS_CLOCK_GATE_HIGH_BTB_NBIT32_BTB_DEPTH16_BTB_INDEX_MSB5_32)
                                                        0.0000     2.3213 r
  DP_i/fetch_i_btb_i_clk_gate_btb_table_reg_0__TARGET_/latch/E (CLKGATETST_X1)
                                                        0.0091     2.3304 r
  data arrival time                                                2.3304

  clock CLK (rise edge)                                 2.5000     2.5000
  clock network delay (ideal)                           0.0500     2.5500
  clock uncertainty                                    -0.0500     2.5000
  DP_i/fetch_i_btb_i_clk_gate_btb_table_reg_0__TARGET_/latch/CK (CLKGATETST_X1)
                                                        0.0000     2.5000 r
  clock gating setup time                              -0.0739     2.4261
  data required time                                               2.4261
  --------------------------------------------------------------------------
  data required time                                               2.4261
  data arrival time                                               -2.3304
  --------------------------------------------------------------------------
  slack (MET)                                                      0.0957


  Startpoint: DP_i/fetch_i_IR_out_reg_24_
              (rising edge-triggered flip-flop clocked by CLK)
  Endpoint: DP_i/fetch_i_btb_i_clk_gate_btb_table_reg_3__PC_/latch
            (gating element for clock CLK)
  Path Group: CLK
  Path Type: max

  Des/Clust/Port     Wire Load Model       Library
  ------------------------------------------------
  DLX                5K_hvratio_1_4        NangateOpenCellLibrary

  Point                                                   Incr       Path
  --------------------------------------------------------------------------
  clock CLK (rise edge)                                 0.0000     0.0000
  clock network delay (ideal)                           0.0500     0.0500
  DP_i/fetch_i_IR_out_reg_24_/CK (DFF_X2)               0.0000     0.0500 r
  DP_i/fetch_i_IR_out_reg_24_/Q (DFF_X2)                0.1205     0.1705 f
  DP_i/U1252/ZN (AOI22_X1)                              0.0828     0.2533 r
  DP_i/U1253/ZN (OAI221_X1)                             0.0566     0.3099 f
  DP_i/U1254/ZN (NOR3_X2)                               0.0908     0.4006 r
  DP_i/U1261/ZN (NOR2_X1)                               0.0369     0.4375 f
  DP_i/U1262/ZN (NAND2_X1)                              0.0756     0.5131 r
  DP_i/U1283/ZN (NOR2_X1)                               0.0612     0.5743 f
  DP_i/U16/Z (BUF_X1)                                   0.0952     0.6695 f
  DP_i/U1881/ZN (AOI22_X1)                              0.0877     0.7573 r
  DP_i/U1884/ZN (NAND4_X1)                              0.0448     0.8020 f
  DP_i/U965/ZN (OR4_X1)                                 0.1197     0.9218 f
  DP_i/U1895/ZN (OAI222_X1)                             0.0757     0.9975 r
  DP_i/U2082/ZN (INV_X1)                                0.0266     1.0241 f
  DP_i/U2084/ZN (AOI22_X1)                              0.0588     1.0829 r
  DP_i/U2090/ZN (AOI21_X1)                              0.0446     1.1275 f
  DP_i/U370/ZN (OR2_X1)                                 0.1004     1.2279 f
  DP_i/U3554/ZN (NOR2_X1)                               0.0912     1.3191 r
  DP_i/rs2_live_3_ (DataPath)                           0.0000     1.3191 r
  U1022/ZN (INV_X1)                                     0.0325     1.3516 f
  U859/ZN (AND2_X1)                                     0.0625     1.4141 f
  U1027/ZN (AOI22_X1)                                   0.0832     1.4973 r
  U1028/ZN (OAI21_X1)                                   0.0377     1.5350 f
  U1029/ZN (AOI211_X1)                                  0.0810     1.6160 r
  U1030/ZN (NOR2_X1)                                    0.0278     1.6438 f
  U1038/Z (MUX2_X1)                                     0.0683     1.7121 f
  U1053/ZN (OAI21_X1)                                   0.0531     1.7652 r
  U1054/ZN (AOI221_X1)                                  0.0379     1.8031 f
  U850/ZN (OR3_X2)                                      0.0999     1.9030 f
  U1155/ZN (AOI21_X1)                                   0.0683     1.9713 r
  DP_i/F_ID_enable (DataPath)                           0.0000     1.9713 r
  DP_i/U740/ZN (NAND4_X1)                               0.0620     2.0333 f
  DP_i/U7642/ZN (INV_X1)                                0.0326     2.0659 r
  DP_i/U354/ZN (AND3_X1)                                0.0870     2.1529 r
  DP_i/U426/ZN (NAND2_X1)                               0.0678     2.2207 f
  DP_i/fetch_i_btb_i_U1212/ZN (NOR2_X1)                 0.0530     2.2736 r
  DP_i/fetch_i_btb_i_clk_gate_btb_table_reg_3__PC_/EN (SNPS_CLOCK_GATE_HIGH_BTB_NBIT32_BTB_DEPTH16_BTB_INDEX_MSB5_27)
                                                        0.0000     2.2736 r
  DP_i/fetch_i_btb_i_clk_gate_btb_table_reg_3__PC_/latch/E (CLKGATETST_X1)
                                                        0.0091     2.2827 r
  data arrival time                                                2.2827

  clock CLK (rise edge)                                 2.5000     2.5000
  clock network delay (ideal)                           0.0500     2.5500
  clock uncertainty                                    -0.0500     2.5000
  DP_i/fetch_i_btb_i_clk_gate_btb_table_reg_3__PC_/latch/CK (CLKGATETST_X1)
                                                        0.0000     2.5000 r
  clock gating setup time                              -0.0753     2.4247
  data required time                                               2.4247
  --------------------------------------------------------------------------
  data required time                                               2.4247
  data arrival time                                               -2.2827
  --------------------------------------------------------------------------
  slack (MET)                                                      0.1420


  Startpoint: DP_i/fetch_i_IR_out_reg_24_
              (rising edge-triggered flip-flop clocked by CLK)
  Endpoint: DP_i/fetch_i_btb_i_clk_gate_btb_table_reg_1__PC_/latch
            (gating element for clock CLK)
  Path Group: CLK
  Path Type: max

  Des/Clust/Port     Wire Load Model       Library
  ------------------------------------------------
  DLX                5K_hvratio_1_4        NangateOpenCellLibrary

  Point                                                   Incr       Path
  --------------------------------------------------------------------------
  clock CLK (rise edge)                                 0.0000     0.0000
  clock network delay (ideal)                           0.0500     0.0500
  DP_i/fetch_i_IR_out_reg_24_/CK (DFF_X2)               0.0000     0.0500 r
  DP_i/fetch_i_IR_out_reg_24_/Q (DFF_X2)                0.1205     0.1705 f
  DP_i/U1252/ZN (AOI22_X1)                              0.0828     0.2533 r
  DP_i/U1253/ZN (OAI221_X1)                             0.0566     0.3099 f
  DP_i/U1254/ZN (NOR3_X2)                               0.0908     0.4006 r
  DP_i/U1261/ZN (NOR2_X1)                               0.0369     0.4375 f
  DP_i/U1262/ZN (NAND2_X1)                              0.0756     0.5131 r
  DP_i/U1283/ZN (NOR2_X1)                               0.0612     0.5743 f
  DP_i/U16/Z (BUF_X1)                                   0.0952     0.6695 f
  DP_i/U1881/ZN (AOI22_X1)                              0.0877     0.7573 r
  DP_i/U1884/ZN (NAND4_X1)                              0.0448     0.8020 f
  DP_i/U965/ZN (OR4_X1)                                 0.1197     0.9218 f
  DP_i/U1895/ZN (OAI222_X1)                             0.0757     0.9975 r
  DP_i/U2082/ZN (INV_X1)                                0.0266     1.0241 f
  DP_i/U2084/ZN (AOI22_X1)                              0.0588     1.0829 r
  DP_i/U2090/ZN (AOI21_X1)                              0.0446     1.1275 f
  DP_i/U370/ZN (OR2_X1)                                 0.1004     1.2279 f
  DP_i/U3554/ZN (NOR2_X1)                               0.0912     1.3191 r
  DP_i/rs2_live_3_ (DataPath)                           0.0000     1.3191 r
  U1022/ZN (INV_X1)                                     0.0325     1.3516 f
  U859/ZN (AND2_X1)                                     0.0625     1.4141 f
  U1027/ZN (AOI22_X1)                                   0.0832     1.4973 r
  U1028/ZN (OAI21_X1)                                   0.0377     1.5350 f
  U1029/ZN (AOI211_X1)                                  0.0810     1.6160 r
  U1030/ZN (NOR2_X1)                                    0.0278     1.6438 f
  U1038/Z (MUX2_X1)                                     0.0683     1.7121 f
  U1053/ZN (OAI21_X1)                                   0.0531     1.7652 r
  U1054/ZN (AOI221_X1)                                  0.0379     1.8031 f
  U850/ZN (OR3_X2)                                      0.0999     1.9030 f
  U1155/ZN (AOI21_X1)                                   0.0683     1.9713 r
  DP_i/F_ID_enable (DataPath)                           0.0000     1.9713 r
  DP_i/U740/ZN (NAND4_X1)                               0.0620     2.0333 f
  DP_i/U7642/ZN (INV_X1)                                0.0326     2.0659 r
  DP_i/U354/ZN (AND3_X1)                                0.0870     2.1529 r
  DP_i/U426/ZN (NAND2_X1)                               0.0678     2.2207 f
  DP_i/fetch_i_btb_i_U1207/ZN (NOR2_X1)                 0.0530     2.2736 r
  DP_i/fetch_i_btb_i_clk_gate_btb_table_reg_1__PC_/EN (SNPS_CLOCK_GATE_HIGH_BTB_NBIT32_BTB_DEPTH16_BTB_INDEX_MSB5_31)
                                                        0.0000     2.2736 r
  DP_i/fetch_i_btb_i_clk_gate_btb_table_reg_1__PC_/latch/E (CLKGATETST_X1)
                                                        0.0091     2.2827 r
  data arrival time                                                2.2827

  clock CLK (rise edge)                                 2.5000     2.5000
  clock network delay (ideal)                           0.0500     2.5500
  clock uncertainty                                    -0.0500     2.5000
  DP_i/fetch_i_btb_i_clk_gate_btb_table_reg_1__PC_/latch/CK (CLKGATETST_X1)
                                                        0.0000     2.5000 r
  clock gating setup time                              -0.0753     2.4247
  data required time                                               2.4247
  --------------------------------------------------------------------------
  data required time                                               2.4247
  data arrival time                                               -2.2827
  --------------------------------------------------------------------------
  slack (MET)                                                      0.1420


  Startpoint: DRAM_READY (input port clocked by CLK)
  Endpoint: DP_i/decode_i_B_reg_i_Y_reg_11_
            (rising edge-triggered flip-flop clocked by CLK)
  Path Group: INPUTS
  Path Type: max

  Des/Clust/Port     Wire Load Model       Library
  ------------------------------------------------
  DLX                5K_hvratio_1_4        NangateOpenCellLibrary

  Point                                                   Incr       Path
  --------------------------------------------------------------------------
  clock CLK (rise edge)                                 0.0000     0.0000
  clock network delay (ideal)                           0.0500     0.0500
  input external delay                                  0.2500     0.3000 r
  DRAM_READY (in)                                       0.0014     0.3014 r
  U848/ZN (NOR2_X1)                                     0.0352     0.3366 f
  DP_i/ID_EX_enable_BAR (DataPath)                      0.0000     0.3366 f
  DP_i/U99/ZN (INV_X1)                                  0.0530     0.3896 r
  DP_i/U4069/ZN (NAND2_X2)                              0.1375     0.5272 f
  DP_i/U2749/ZN (NOR2_X1)                               0.1194     0.6466 r
  DP_i/U2752/ZN (INV_X1)                                0.0392     0.6858 f
  DP_i/U2753/ZN (NOR4_X2)                               0.1629     0.8487 r
  DP_i/U1018/ZN (INV_X1)                                0.1368     0.9856 f
  DP_i/U2862/ZN (OAI211_X1)                             0.0902     1.0757 r
  DP_i/decode_i_B_reg_i_Y_reg_11_/D (DFF_X1)            0.0110     1.0867 r
  data arrival time                                                1.0867

  clock CLK (rise edge)                                 2.5000     2.5000
  clock network delay (ideal)                           0.0500     2.5500
  clock uncertainty                                    -0.0500     2.5000
  DP_i/decode_i_B_reg_i_Y_reg_11_/CK (DFF_X1)           0.0000     2.5000 r
  library setup time                                   -0.0305     2.4695
  data required time                                               2.4695
  --------------------------------------------------------------------------
  data required time                                               2.4695
  data arrival time                                               -1.0867
  --------------------------------------------------------------------------
  slack (MET)                                                      1.3828


  Startpoint: DRAM_READY (input port clocked by CLK)
  Endpoint: DP_i/decode_i_B_reg_i_Y_reg_9_
            (rising edge-triggered flip-flop clocked by CLK)
  Path Group: INPUTS
  Path Type: max

  Des/Clust/Port     Wire Load Model       Library
  ------------------------------------------------
  DLX                5K_hvratio_1_4        NangateOpenCellLibrary

  Point                                                   Incr       Path
  --------------------------------------------------------------------------
  clock CLK (rise edge)                                 0.0000     0.0000
  clock network delay (ideal)                           0.0500     0.0500
  input external delay                                  0.2500     0.3000 r
  DRAM_READY (in)                                       0.0014     0.3014 r
  U848/ZN (NOR2_X1)                                     0.0352     0.3366 f
  DP_i/ID_EX_enable_BAR (DataPath)                      0.0000     0.3366 f
  DP_i/U99/ZN (INV_X1)                                  0.0530     0.3896 r
  DP_i/U4069/ZN (NAND2_X2)                              0.1375     0.5272 f
  DP_i/U2749/ZN (NOR2_X1)                               0.1194     0.6466 r
  DP_i/U2752/ZN (INV_X1)                                0.0392     0.6858 f
  DP_i/U2753/ZN (NOR4_X2)                               0.1629     0.8487 r
  DP_i/U1018/ZN (INV_X1)                                0.1368     0.9856 f
  DP_i/U2872/ZN (OAI211_X1)                             0.0902     1.0757 r
  DP_i/decode_i_B_reg_i_Y_reg_9_/D (DFF_X1)             0.0110     1.0867 r
  data arrival time                                                1.0867

  clock CLK (rise edge)                                 2.5000     2.5000
  clock network delay (ideal)                           0.0500     2.5500
  clock uncertainty                                    -0.0500     2.5000
  DP_i/decode_i_B_reg_i_Y_reg_9_/CK (DFF_X1)            0.0000     2.5000 r
  library setup time                                   -0.0305     2.4695
  data required time                                               2.4695
  --------------------------------------------------------------------------
  data required time                                               2.4695
  data arrival time                                               -1.0867
  --------------------------------------------------------------------------
  slack (MET)                                                      1.3828


  Startpoint: DRAM_READY (input port clocked by CLK)
  Endpoint: DP_i/decode_i_B_reg_i_Y_reg_3_
            (rising edge-triggered flip-flop clocked by CLK)
  Path Group: INPUTS
  Path Type: max

  Des/Clust/Port     Wire Load Model       Library
  ------------------------------------------------
  DLX                5K_hvratio_1_4        NangateOpenCellLibrary

  Point                                                   Incr       Path
  --------------------------------------------------------------------------
  clock CLK (rise edge)                                 0.0000     0.0000
  clock network delay (ideal)                           0.0500     0.0500
  input external delay                                  0.2500     0.3000 r
  DRAM_READY (in)                                       0.0014     0.3014 r
  U848/ZN (NOR2_X1)                                     0.0352     0.3366 f
  DP_i/ID_EX_enable_BAR (DataPath)                      0.0000     0.3366 f
  DP_i/U99/ZN (INV_X1)                                  0.0530     0.3896 r
  DP_i/U4069/ZN (NAND2_X2)                              0.1375     0.5272 f
  DP_i/U2749/ZN (NOR2_X1)                               0.1194     0.6466 r
  DP_i/U2752/ZN (INV_X1)                                0.0392     0.6858 f
  DP_i/U2753/ZN (NOR4_X2)                               0.1629     0.8487 r
  DP_i/U1018/ZN (INV_X1)                                0.1368     0.9856 f
  DP_i/U2902/ZN (OAI211_X1)                             0.0902     1.0757 r
  DP_i/decode_i_B_reg_i_Y_reg_3_/D (DFF_X1)             0.0110     1.0867 r
  data arrival time                                                1.0867

  clock CLK (rise edge)                                 2.5000     2.5000
  clock network delay (ideal)                           0.0500     2.5500
  clock uncertainty                                    -0.0500     2.5000
  DP_i/decode_i_B_reg_i_Y_reg_3_/CK (DFF_X1)            0.0000     2.5000 r
  library setup time                                   -0.0305     2.4695
  data required time                                               2.4695
  --------------------------------------------------------------------------
  data required time                                               2.4695
  data arrival time                                               -1.0867
  --------------------------------------------------------------------------
  slack (MET)                                                      1.3828


  Startpoint: DRAM_READY (input port clocked by CLK)
  Endpoint: DP_i/decode_i_B_reg_i_Y_reg_4_
            (rising edge-triggered flip-flop clocked by CLK)
  Path Group: INPUTS
  Path Type: max

  Des/Clust/Port     Wire Load Model       Library
  ------------------------------------------------
  DLX                5K_hvratio_1_4        NangateOpenCellLibrary

  Point                                                   Incr       Path
  --------------------------------------------------------------------------
  clock CLK (rise edge)                                 0.0000     0.0000
  clock network delay (ideal)                           0.0500     0.0500
  input external delay                                  0.2500     0.3000 r
  DRAM_READY (in)                                       0.0014     0.3014 r
  U848/ZN (NOR2_X1)                                     0.0352     0.3366 f
  DP_i/ID_EX_enable_BAR (DataPath)                      0.0000     0.3366 f
  DP_i/U99/ZN (INV_X1)                                  0.0530     0.3896 r
  DP_i/U4069/ZN (NAND2_X2)                              0.1375     0.5272 f
  DP_i/U2749/ZN (NOR2_X1)                               0.1194     0.6466 r
  DP_i/U2752/ZN (INV_X1)                                0.0392     0.6858 f
  DP_i/U2753/ZN (NOR4_X2)                               0.1629     0.8487 r
  DP_i/U1018/ZN (INV_X1)                                0.1368     0.9856 f
  DP_i/U2897/ZN (OAI211_X1)                             0.0902     1.0757 r
  DP_i/decode_i_B_reg_i_Y_reg_4_/D (DFF_X1)             0.0110     1.0867 r
  data arrival time                                                1.0867

  clock CLK (rise edge)                                 2.5000     2.5000
  clock network delay (ideal)                           0.0500     2.5500
  clock uncertainty                                    -0.0500     2.5000
  DP_i/decode_i_B_reg_i_Y_reg_4_/CK (DFF_X1)            0.0000     2.5000 r
  library setup time                                   -0.0305     2.4695
  data required time                                               2.4695
  --------------------------------------------------------------------------
  data required time                                               2.4695
  data arrival time                                               -1.0867
  --------------------------------------------------------------------------
  slack (MET)                                                      1.3828


  Startpoint: DRAM_READY (input port clocked by CLK)
  Endpoint: DP_i/decode_i_B_reg_i_Y_reg_5_
            (rising edge-triggered flip-flop clocked by CLK)
  Path Group: INPUTS
  Path Type: max

  Des/Clust/Port     Wire Load Model       Library
  ------------------------------------------------
  DLX                5K_hvratio_1_4        NangateOpenCellLibrary

  Point                                                   Incr       Path
  --------------------------------------------------------------------------
  clock CLK (rise edge)                                 0.0000     0.0000
  clock network delay (ideal)                           0.0500     0.0500
  input external delay                                  0.2500     0.3000 r
  DRAM_READY (in)                                       0.0014     0.3014 r
  U848/ZN (NOR2_X1)                                     0.0352     0.3366 f
  DP_i/ID_EX_enable_BAR (DataPath)                      0.0000     0.3366 f
  DP_i/U99/ZN (INV_X1)                                  0.0530     0.3896 r
  DP_i/U4069/ZN (NAND2_X2)                              0.1375     0.5272 f
  DP_i/U2749/ZN (NOR2_X1)                               0.1194     0.6466 r
  DP_i/U2752/ZN (INV_X1)                                0.0392     0.6858 f
  DP_i/U2753/ZN (NOR4_X2)                               0.1629     0.8487 r
  DP_i/U1018/ZN (INV_X1)                                0.1368     0.9856 f
  DP_i/U2892/ZN (OAI211_X1)                             0.0902     1.0757 r
  DP_i/decode_i_B_reg_i_Y_reg_5_/D (DFF_X1)             0.0110     1.0867 r
  data arrival time                                                1.0867

  clock CLK (rise edge)                                 2.5000     2.5000
  clock network delay (ideal)                           0.0500     2.5500
  clock uncertainty                                    -0.0500     2.5000
  DP_i/decode_i_B_reg_i_Y_reg_5_/CK (DFF_X1)            0.0000     2.5000 r
  library setup time                                   -0.0305     2.4695
  data required time                                               2.4695
  --------------------------------------------------------------------------
  data required time                                               2.4695
  data arrival time                                               -1.0867
  --------------------------------------------------------------------------
  slack (MET)                                                      1.3828


  Startpoint: DRAM_READY (input port clocked by CLK)
  Endpoint: DP_i/decode_i_B_reg_i_Y_reg_7_
            (rising edge-triggered flip-flop clocked by CLK)
  Path Group: INPUTS
  Path Type: max

  Des/Clust/Port     Wire Load Model       Library
  ------------------------------------------------
  DLX                5K_hvratio_1_4        NangateOpenCellLibrary

  Point                                                   Incr       Path
  --------------------------------------------------------------------------
  clock CLK (rise edge)                                 0.0000     0.0000
  clock network delay (ideal)                           0.0500     0.0500
  input external delay                                  0.2500     0.3000 r
  DRAM_READY (in)                                       0.0014     0.3014 r
  U848/ZN (NOR2_X1)                                     0.0352     0.3366 f
  DP_i/ID_EX_enable_BAR (DataPath)                      0.0000     0.3366 f
  DP_i/U99/ZN (INV_X1)                                  0.0530     0.3896 r
  DP_i/U4069/ZN (NAND2_X2)                              0.1375     0.5272 f
  DP_i/U2749/ZN (NOR2_X1)                               0.1194     0.6466 r
  DP_i/U2752/ZN (INV_X1)                                0.0392     0.6858 f
  DP_i/U2753/ZN (NOR4_X2)                               0.1629     0.8487 r
  DP_i/U1018/ZN (INV_X1)                                0.1368     0.9856 f
  DP_i/U2882/ZN (OAI211_X1)                             0.0902     1.0757 r
  DP_i/decode_i_B_reg_i_Y_reg_7_/D (DFF_X1)             0.0110     1.0867 r
  data arrival time                                                1.0867

  clock CLK (rise edge)                                 2.5000     2.5000
  clock network delay (ideal)                           0.0500     2.5500
  clock uncertainty                                    -0.0500     2.5000
  DP_i/decode_i_B_reg_i_Y_reg_7_/CK (DFF_X1)            0.0000     2.5000 r
  library setup time                                   -0.0305     2.4695
  data required time                                               2.4695
  --------------------------------------------------------------------------
  data required time                                               2.4695
  data arrival time                                               -1.0867
  --------------------------------------------------------------------------
  slack (MET)                                                      1.3828


  Startpoint: DRAM_READY (input port clocked by CLK)
  Endpoint: DP_i/decode_i_B_reg_i_Y_reg_6_
            (rising edge-triggered flip-flop clocked by CLK)
  Path Group: INPUTS
  Path Type: max

  Des/Clust/Port     Wire Load Model       Library
  ------------------------------------------------
  DLX                5K_hvratio_1_4        NangateOpenCellLibrary

  Point                                                   Incr       Path
  --------------------------------------------------------------------------
  clock CLK (rise edge)                                 0.0000     0.0000
  clock network delay (ideal)                           0.0500     0.0500
  input external delay                                  0.2500     0.3000 r
  DRAM_READY (in)                                       0.0014     0.3014 r
  U848/ZN (NOR2_X1)                                     0.0352     0.3366 f
  DP_i/ID_EX_enable_BAR (DataPath)                      0.0000     0.3366 f
  DP_i/U99/ZN (INV_X1)                                  0.0530     0.3896 r
  DP_i/U4069/ZN (NAND2_X2)                              0.1375     0.5272 f
  DP_i/U2749/ZN (NOR2_X1)                               0.1194     0.6466 r
  DP_i/U2752/ZN (INV_X1)                                0.0392     0.6858 f
  DP_i/U2753/ZN (NOR4_X2)                               0.1629     0.8487 r
  DP_i/U1018/ZN (INV_X1)                                0.1368     0.9856 f
  DP_i/U2887/ZN (OAI211_X1)                             0.0902     1.0757 r
  DP_i/decode_i_B_reg_i_Y_reg_6_/D (DFF_X1)             0.0110     1.0867 r
  data arrival time                                                1.0867

  clock CLK (rise edge)                                 2.5000     2.5000
  clock network delay (ideal)                           0.0500     2.5500
  clock uncertainty                                    -0.0500     2.5000
  DP_i/decode_i_B_reg_i_Y_reg_6_/CK (DFF_X1)            0.0000     2.5000 r
  library setup time                                   -0.0305     2.4695
  data required time                                               2.4695
  --------------------------------------------------------------------------
  data required time                                               2.4695
  data arrival time                                               -1.0867
  --------------------------------------------------------------------------
  slack (MET)                                                      1.3828


  Startpoint: DRAM_READY (input port clocked by CLK)
  Endpoint: DP_i/decode_i_B_reg_i_Y_reg_10_
            (rising edge-triggered flip-flop clocked by CLK)
  Path Group: INPUTS
  Path Type: max

  Des/Clust/Port     Wire Load Model       Library
  ------------------------------------------------
  DLX                5K_hvratio_1_4        NangateOpenCellLibrary

  Point                                                   Incr       Path
  --------------------------------------------------------------------------
  clock CLK (rise edge)                                 0.0000     0.0000
  clock network delay (ideal)                           0.0500     0.0500
  input external delay                                  0.2500     0.3000 r
  DRAM_READY (in)                                       0.0014     0.3014 r
  U848/ZN (NOR2_X1)                                     0.0352     0.3366 f
  DP_i/ID_EX_enable_BAR (DataPath)                      0.0000     0.3366 f
  DP_i/U99/ZN (INV_X1)                                  0.0530     0.3896 r
  DP_i/U4069/ZN (NAND2_X2)                              0.1375     0.5272 f
  DP_i/U2749/ZN (NOR2_X1)                               0.1194     0.6466 r
  DP_i/U2752/ZN (INV_X1)                                0.0392     0.6858 f
  DP_i/U2753/ZN (NOR4_X2)                               0.1629     0.8487 r
  DP_i/U1018/ZN (INV_X1)                                0.1368     0.9856 f
  DP_i/U2867/ZN (OAI211_X1)                             0.0902     1.0757 r
  DP_i/decode_i_B_reg_i_Y_reg_10_/D (DFF_X1)            0.0110     1.0867 r
  data arrival time                                                1.0867

  clock CLK (rise edge)                                 2.5000     2.5000
  clock network delay (ideal)                           0.0500     2.5500
  clock uncertainty                                    -0.0500     2.5000
  DP_i/decode_i_B_reg_i_Y_reg_10_/CK (DFF_X1)           0.0000     2.5000 r
  library setup time                                   -0.0305     2.4695
  data required time                                               2.4695
  --------------------------------------------------------------------------
  data required time                                               2.4695
  data arrival time                                               -1.0867
  --------------------------------------------------------------------------
  slack (MET)                                                      1.3828


  Startpoint: DRAM_READY (input port clocked by CLK)
  Endpoint: DP_i/decode_i_B_reg_i_Y_reg_8_
            (rising edge-triggered flip-flop clocked by CLK)
  Path Group: INPUTS
  Path Type: max

  Des/Clust/Port     Wire Load Model       Library
  ------------------------------------------------
  DLX                5K_hvratio_1_4        NangateOpenCellLibrary

  Point                                                   Incr       Path
  --------------------------------------------------------------------------
  clock CLK (rise edge)                                 0.0000     0.0000
  clock network delay (ideal)                           0.0500     0.0500
  input external delay                                  0.2500     0.3000 r
  DRAM_READY (in)                                       0.0014     0.3014 r
  U848/ZN (NOR2_X1)                                     0.0352     0.3366 f
  DP_i/ID_EX_enable_BAR (DataPath)                      0.0000     0.3366 f
  DP_i/U99/ZN (INV_X1)                                  0.0530     0.3896 r
  DP_i/U4069/ZN (NAND2_X2)                              0.1375     0.5272 f
  DP_i/U2749/ZN (NOR2_X1)                               0.1194     0.6466 r
  DP_i/U2752/ZN (INV_X1)                                0.0392     0.6858 f
  DP_i/U2753/ZN (NOR4_X2)                               0.1629     0.8487 r
  DP_i/U1018/ZN (INV_X1)                                0.1368     0.9856 f
  DP_i/U2877/ZN (OAI211_X1)                             0.0902     1.0757 r
  DP_i/decode_i_B_reg_i_Y_reg_8_/D (DFF_X1)             0.0110     1.0867 r
  data arrival time                                                1.0867

  clock CLK (rise edge)                                 2.5000     2.5000
  clock network delay (ideal)                           0.0500     2.5500
  clock uncertainty                                    -0.0500     2.5000
  DP_i/decode_i_B_reg_i_Y_reg_8_/CK (DFF_X1)            0.0000     2.5000 r
  library setup time                                   -0.0305     2.4695
  data required time                                               2.4695
  --------------------------------------------------------------------------
  data required time                                               2.4695
  data arrival time                                               -1.0867
  --------------------------------------------------------------------------
  slack (MET)                                                      1.3828


  Startpoint: DRAM_READY (input port clocked by CLK)
  Endpoint: DP_i/decode_i_B_reg_i_Y_reg_12_
            (rising edge-triggered flip-flop clocked by CLK)
  Path Group: INPUTS
  Path Type: max

  Des/Clust/Port     Wire Load Model       Library
  ------------------------------------------------
  DLX                5K_hvratio_1_4        NangateOpenCellLibrary

  Point                                                   Incr       Path
  --------------------------------------------------------------------------
  clock CLK (rise edge)                                 0.0000     0.0000
  clock network delay (ideal)                           0.0500     0.0500
  input external delay                                  0.2500     0.3000 r
  DRAM_READY (in)                                       0.0014     0.3014 r
  U848/ZN (NOR2_X1)                                     0.0352     0.3366 f
  DP_i/ID_EX_enable_BAR (DataPath)                      0.0000     0.3366 f
  DP_i/U99/ZN (INV_X1)                                  0.0530     0.3896 r
  DP_i/U4069/ZN (NAND2_X2)                              0.1375     0.5272 f
  DP_i/U2749/ZN (NOR2_X1)                               0.1194     0.6466 r
  DP_i/U2752/ZN (INV_X1)                                0.0392     0.6858 f
  DP_i/U2753/ZN (NOR4_X2)                               0.1629     0.8487 r
  DP_i/U1018/ZN (INV_X1)                                0.1368     0.9856 f
  DP_i/U2857/ZN (OAI211_X1)                             0.0902     1.0757 r
  DP_i/decode_i_B_reg_i_Y_reg_12_/D (DFF_X1)            0.0110     1.0867 r
  data arrival time                                                1.0867

  clock CLK (rise edge)                                 2.5000     2.5000
  clock network delay (ideal)                           0.0500     2.5500
  clock uncertainty                                    -0.0500     2.5000
  DP_i/decode_i_B_reg_i_Y_reg_12_/CK (DFF_X1)           0.0000     2.5000 r
  library setup time                                   -0.0305     2.4695
  data required time                                               2.4695
  --------------------------------------------------------------------------
  data required time                                               2.4695
  data arrival time                                               -1.0867
  --------------------------------------------------------------------------
  slack (MET)                                                      1.3828


  Startpoint: DP_i/fetch_i_IR_out_reg_24_
              (rising edge-triggered flip-flop clocked by CLK)
  Endpoint: IRAM_ISSUE (output port clocked by CLK)
  Path Group: OUTPUTS
  Path Type: max

  Des/Clust/Port     Wire Load Model       Library
  ------------------------------------------------
  DLX                5K_hvratio_1_4        NangateOpenCellLibrary

  Point                                                   Incr       Path
  --------------------------------------------------------------------------
  clock CLK (rise edge)                                 0.0000     0.0000
  clock network delay (ideal)                           0.0500     0.0500
  DP_i/fetch_i_IR_out_reg_24_/CK (DFF_X2)               0.0000     0.0500 r
  DP_i/fetch_i_IR_out_reg_24_/Q (DFF_X2)                0.1205     0.1705 f
  DP_i/U1252/ZN (AOI22_X1)                              0.0828     0.2533 r
  DP_i/U1253/ZN (OAI221_X1)                             0.0566     0.3099 f
  DP_i/U1254/ZN (NOR3_X2)                               0.0908     0.4006 r
  DP_i/U1261/ZN (NOR2_X1)                               0.0369     0.4375 f
  DP_i/U1262/ZN (NAND2_X1)                              0.0756     0.5131 r
  DP_i/U1283/ZN (NOR2_X1)                               0.0612     0.5743 f
  DP_i/U16/Z (BUF_X1)                                   0.0952     0.6695 f
  DP_i/U1881/ZN (AOI22_X1)                              0.0877     0.7573 r
  DP_i/U1884/ZN (NAND4_X1)                              0.0448     0.8020 f
  DP_i/U965/ZN (OR4_X1)                                 0.1197     0.9218 f
  DP_i/U1895/ZN (OAI222_X1)                             0.0757     0.9975 r
  DP_i/U2082/ZN (INV_X1)                                0.0266     1.0241 f
  DP_i/U2084/ZN (AOI22_X1)                              0.0588     1.0829 r
  DP_i/U2090/ZN (AOI21_X1)                              0.0446     1.1275 f
  DP_i/U370/ZN (OR2_X1)                                 0.1004     1.2279 f
  DP_i/U3554/ZN (NOR2_X1)                               0.0912     1.3191 r
  DP_i/rs2_live_3_ (DataPath)                           0.0000     1.3191 r
  U1022/ZN (INV_X1)                                     0.0325     1.3516 f
  U859/ZN (AND2_X1)                                     0.0625     1.4141 f
  U1027/ZN (AOI22_X1)                                   0.0832     1.4973 r
  U1028/ZN (OAI21_X1)                                   0.0377     1.5350 f
  U1029/ZN (AOI211_X1)                                  0.0810     1.6160 r
  U1030/ZN (NOR2_X1)                                    0.0278     1.6438 f
  U1038/Z (MUX2_X1)                                     0.0683     1.7121 f
  U1053/ZN (OAI21_X1)                                   0.0531     1.7652 r
  U1054/ZN (AOI221_X1)                                  0.0379     1.8031 f
  U850/ZN (OR3_X2)                                      0.0999     1.9030 f
  U1155/ZN (AOI21_X1)                                   0.0683     1.9713 r
  IRAM_ISSUE (out)                                      0.0048     1.9761 r
  data arrival time                                                1.9761

  clock CLK (rise edge)                                 2.5000     2.5000
  clock network delay (ideal)                           0.0500     2.5500
  clock uncertainty                                    -0.0500     2.5000
  output external delay                                -0.2500     2.2500
  data required time                                               2.2500
  --------------------------------------------------------------------------
  data required time                                               2.2500
  data arrival time                                               -1.9761
  --------------------------------------------------------------------------
  slack (MET)                                                      0.2739


  Startpoint: DP_i/fetch_i_IR_out_reg_24_
              (rising edge-triggered flip-flop clocked by CLK)
  Endpoint: IRAM_ISSUE (output port clocked by CLK)
  Path Group: OUTPUTS
  Path Type: max

  Des/Clust/Port     Wire Load Model       Library
  ------------------------------------------------
  DLX                5K_hvratio_1_4        NangateOpenCellLibrary

  Point                                                   Incr       Path
  --------------------------------------------------------------------------
  clock CLK (rise edge)                                 0.0000     0.0000
  clock network delay (ideal)                           0.0500     0.0500
  DP_i/fetch_i_IR_out_reg_24_/CK (DFF_X2)               0.0000     0.0500 r
  DP_i/fetch_i_IR_out_reg_24_/Q (DFF_X2)                0.1205     0.1705 f
  DP_i/U1252/ZN (AOI22_X1)                              0.0828     0.2533 r
  DP_i/U1253/ZN (OAI221_X1)                             0.0566     0.3099 f
  DP_i/U1254/ZN (NOR3_X2)                               0.0908     0.4006 r
  DP_i/U1261/ZN (NOR2_X1)                               0.0369     0.4375 f
  DP_i/U1262/ZN (NAND2_X1)                              0.0756     0.5131 r
  DP_i/U1283/ZN (NOR2_X1)                               0.0612     0.5743 f
  DP_i/U16/Z (BUF_X1)                                   0.0952     0.6695 f
  DP_i/U1881/ZN (AOI22_X1)                              0.0877     0.7573 r
  DP_i/U1884/ZN (NAND4_X1)                              0.0448     0.8020 f
  DP_i/U965/ZN (OR4_X1)                                 0.1197     0.9218 f
  DP_i/U1895/ZN (OAI222_X1)                             0.0757     0.9975 r
  DP_i/U2082/ZN (INV_X1)                                0.0266     1.0241 f
  DP_i/U2084/ZN (AOI22_X1)                              0.0588     1.0829 r
  DP_i/U2090/ZN (AOI21_X1)                              0.0446     1.1275 f
  DP_i/U370/ZN (OR2_X1)                                 0.1004     1.2279 f
  DP_i/U3554/ZN (NOR2_X1)                               0.0912     1.3191 r
  DP_i/rs2_live_3_ (DataPath)                           0.0000     1.3191 r
  U1022/ZN (INV_X1)                                     0.0325     1.3516 f
  U859/ZN (AND2_X1)                                     0.0625     1.4141 f
  U1027/ZN (AOI22_X1)                                   0.0832     1.4973 r
  U1028/ZN (OAI21_X1)                                   0.0377     1.5350 f
  U1029/ZN (AOI211_X1)                                  0.0810     1.6160 r
  U1030/ZN (NOR2_X1)                                    0.0278     1.6438 f
  U1038/Z (MUX2_X1)                                     0.0683     1.7121 f
  U1053/ZN (OAI21_X1)                                   0.0531     1.7652 r
  U1054/ZN (AOI221_X1)                                  0.0379     1.8031 f
  U850/ZN (OR3_X2)                                      0.0999     1.9030 f
  U1155/ZN (AOI21_X1)                                   0.0683     1.9713 r
  IRAM_ISSUE (out)                                      0.0048     1.9761 r
  data arrival time                                                1.9761

  clock CLK (rise edge)                                 2.5000     2.5000
  clock network delay (ideal)                           0.0500     2.5500
  clock uncertainty                                    -0.0500     2.5000
  output external delay                                -0.2500     2.2500
  data required time                                               2.2500
  --------------------------------------------------------------------------
  data required time                                               2.2500
  data arrival time                                               -1.9761
  --------------------------------------------------------------------------
  slack (MET)                                                      0.2739


  Startpoint: DP_i/execute_i_alu_out_reg_i_Y_reg_1_
              (rising edge-triggered flip-flop clocked by CLK)
  Endpoint: DRAM_DATA[29]
            (output port clocked by CLK)
  Path Group: OUTPUTS
  Path Type: max

  Des/Clust/Port     Wire Load Model       Library
  ------------------------------------------------
  DLX                5K_hvratio_1_4        NangateOpenCellLibrary

  Point                                                   Incr       Path
  --------------------------------------------------------------------------
  clock CLK (rise edge)                                 0.0000     0.0000
  clock network delay (ideal)                           0.0500     0.0500
  DP_i/execute_i_alu_out_reg_i_Y_reg_1_/CK (DFF_X1)     0.0000     0.0500 r
  DP_i/execute_i_alu_out_reg_i_Y_reg_1_/Q (DFF_X1)      0.1610     0.2110 r
  DP_i/U1095/ZN (AOI21_X1)                              0.0558     0.2668 f
  DP_i/U1097/ZN (NOR3_X1)                               0.0633     0.3301 r
  DP_i/U1098/ZN (NOR2_X1)                               0.0382     0.3684 f
  DP_i/U59/ZN (INV_X1)                                  0.0651     0.4335 r
  DP_i/U143/ZN (INV_X1)                                 0.0600     0.4934 f
  DP_i/U301/ZN (INV_X1)                                 0.1280     0.6214 r
  DP_i/U508/ZN (NOR2_X1)                                0.0529     0.6743 f
  DP_i/D_RAM_EN (DataPath)                              0.0000     0.6743 f
  U829/ZN (INV_X1)                                      0.0397     0.7140 r
  U835/ZN (NOR2_X1)                                     0.0552     0.7692 f
  U836/Z (BUF_X1)                                       0.1032     0.8724 f
  U1125/ZN (INV_X2)                                     0.1795     1.0519 r
  DRAM_DATA_tri_29_/Z (TBUF_X1)                         0.2552     1.3071 f
  DRAM_DATA[29] (inout)                                 0.0048     1.3119 f
  data arrival time                                                1.3119

  clock CLK (rise edge)                                 2.5000     2.5000
  clock network delay (ideal)                           0.0500     2.5500
  clock uncertainty                                    -0.0500     2.5000
  output external delay                                -0.2500     2.2500
  data required time                                               2.2500
  --------------------------------------------------------------------------
  data required time                                               2.2500
  data arrival time                                               -1.3119
  --------------------------------------------------------------------------
  slack (MET)                                                      0.9381


  Startpoint: DP_i/execute_i_alu_out_reg_i_Y_reg_1_
              (rising edge-triggered flip-flop clocked by CLK)
  Endpoint: DRAM_DATA[28]
            (output port clocked by CLK)
  Path Group: OUTPUTS
  Path Type: max

  Des/Clust/Port     Wire Load Model       Library
  ------------------------------------------------
  DLX                5K_hvratio_1_4        NangateOpenCellLibrary

  Point                                                   Incr       Path
  --------------------------------------------------------------------------
  clock CLK (rise edge)                                 0.0000     0.0000
  clock network delay (ideal)                           0.0500     0.0500
  DP_i/execute_i_alu_out_reg_i_Y_reg_1_/CK (DFF_X1)     0.0000     0.0500 r
  DP_i/execute_i_alu_out_reg_i_Y_reg_1_/Q (DFF_X1)      0.1610     0.2110 r
  DP_i/U1095/ZN (AOI21_X1)                              0.0558     0.2668 f
  DP_i/U1097/ZN (NOR3_X1)                               0.0633     0.3301 r
  DP_i/U1098/ZN (NOR2_X1)                               0.0382     0.3684 f
  DP_i/U59/ZN (INV_X1)                                  0.0651     0.4335 r
  DP_i/U143/ZN (INV_X1)                                 0.0600     0.4934 f
  DP_i/U301/ZN (INV_X1)                                 0.1280     0.6214 r
  DP_i/U508/ZN (NOR2_X1)                                0.0529     0.6743 f
  DP_i/D_RAM_EN (DataPath)                              0.0000     0.6743 f
  U829/ZN (INV_X1)                                      0.0397     0.7140 r
  U835/ZN (NOR2_X1)                                     0.0552     0.7692 f
  U836/Z (BUF_X1)                                       0.1032     0.8724 f
  U1125/ZN (INV_X2)                                     0.1795     1.0519 r
  DRAM_DATA_tri_28_/Z (TBUF_X1)                         0.2552     1.3071 f
  DRAM_DATA[28] (inout)                                 0.0048     1.3119 f
  data arrival time                                                1.3119

  clock CLK (rise edge)                                 2.5000     2.5000
  clock network delay (ideal)                           0.0500     2.5500
  clock uncertainty                                    -0.0500     2.5000
  output external delay                                -0.2500     2.2500
  data required time                                               2.2500
  --------------------------------------------------------------------------
  data required time                                               2.2500
  data arrival time                                               -1.3119
  --------------------------------------------------------------------------
  slack (MET)                                                      0.9381


  Startpoint: DP_i/execute_i_alu_out_reg_i_Y_reg_1_
              (rising edge-triggered flip-flop clocked by CLK)
  Endpoint: DRAM_DATA[27]
            (output port clocked by CLK)
  Path Group: OUTPUTS
  Path Type: max

  Des/Clust/Port     Wire Load Model       Library
  ------------------------------------------------
  DLX                5K_hvratio_1_4        NangateOpenCellLibrary

  Point                                                   Incr       Path
  --------------------------------------------------------------------------
  clock CLK (rise edge)                                 0.0000     0.0000
  clock network delay (ideal)                           0.0500     0.0500
  DP_i/execute_i_alu_out_reg_i_Y_reg_1_/CK (DFF_X1)     0.0000     0.0500 r
  DP_i/execute_i_alu_out_reg_i_Y_reg_1_/Q (DFF_X1)      0.1610     0.2110 r
  DP_i/U1095/ZN (AOI21_X1)                              0.0558     0.2668 f
  DP_i/U1097/ZN (NOR3_X1)                               0.0633     0.3301 r
  DP_i/U1098/ZN (NOR2_X1)                               0.0382     0.3684 f
  DP_i/U59/ZN (INV_X1)                                  0.0651     0.4335 r
  DP_i/U143/ZN (INV_X1)                                 0.0600     0.4934 f
  DP_i/U301/ZN (INV_X1)                                 0.1280     0.6214 r
  DP_i/U508/ZN (NOR2_X1)                                0.0529     0.6743 f
  DP_i/D_RAM_EN (DataPath)                              0.0000     0.6743 f
  U829/ZN (INV_X1)                                      0.0397     0.7140 r
  U835/ZN (NOR2_X1)                                     0.0552     0.7692 f
  U836/Z (BUF_X1)                                       0.1032     0.8724 f
  U1125/ZN (INV_X2)                                     0.1795     1.0519 r
  DRAM_DATA_tri_27_/Z (TBUF_X1)                         0.2552     1.3071 f
  DRAM_DATA[27] (inout)                                 0.0048     1.3119 f
  data arrival time                                                1.3119

  clock CLK (rise edge)                                 2.5000     2.5000
  clock network delay (ideal)                           0.0500     2.5500
  clock uncertainty                                    -0.0500     2.5000
  output external delay                                -0.2500     2.2500
  data required time                                               2.2500
  --------------------------------------------------------------------------
  data required time                                               2.2500
  data arrival time                                               -1.3119
  --------------------------------------------------------------------------
  slack (MET)                                                      0.9381


  Startpoint: DP_i/execute_i_alu_out_reg_i_Y_reg_1_
              (rising edge-triggered flip-flop clocked by CLK)
  Endpoint: DRAM_DATA[26]
            (output port clocked by CLK)
  Path Group: OUTPUTS
  Path Type: max

  Des/Clust/Port     Wire Load Model       Library
  ------------------------------------------------
  DLX                5K_hvratio_1_4        NangateOpenCellLibrary

  Point                                                   Incr       Path
  --------------------------------------------------------------------------
  clock CLK (rise edge)                                 0.0000     0.0000
  clock network delay (ideal)                           0.0500     0.0500
  DP_i/execute_i_alu_out_reg_i_Y_reg_1_/CK (DFF_X1)     0.0000     0.0500 r
  DP_i/execute_i_alu_out_reg_i_Y_reg_1_/Q (DFF_X1)      0.1610     0.2110 r
  DP_i/U1095/ZN (AOI21_X1)                              0.0558     0.2668 f
  DP_i/U1097/ZN (NOR3_X1)                               0.0633     0.3301 r
  DP_i/U1098/ZN (NOR2_X1)                               0.0382     0.3684 f
  DP_i/U59/ZN (INV_X1)                                  0.0651     0.4335 r
  DP_i/U143/ZN (INV_X1)                                 0.0600     0.4934 f
  DP_i/U301/ZN (INV_X1)                                 0.1280     0.6214 r
  DP_i/U508/ZN (NOR2_X1)                                0.0529     0.6743 f
  DP_i/D_RAM_EN (DataPath)                              0.0000     0.6743 f
  U829/ZN (INV_X1)                                      0.0397     0.7140 r
  U835/ZN (NOR2_X1)                                     0.0552     0.7692 f
  U836/Z (BUF_X1)                                       0.1032     0.8724 f
  U1125/ZN (INV_X2)                                     0.1795     1.0519 r
  DRAM_DATA_tri_26_/Z (TBUF_X1)                         0.2552     1.3071 f
  DRAM_DATA[26] (inout)                                 0.0048     1.3119 f
  data arrival time                                                1.3119

  clock CLK (rise edge)                                 2.5000     2.5000
  clock network delay (ideal)                           0.0500     2.5500
  clock uncertainty                                    -0.0500     2.5000
  output external delay                                -0.2500     2.2500
  data required time                                               2.2500
  --------------------------------------------------------------------------
  data required time                                               2.2500
  data arrival time                                               -1.3119
  --------------------------------------------------------------------------
  slack (MET)                                                      0.9381


  Startpoint: DP_i/execute_i_alu_out_reg_i_Y_reg_1_
              (rising edge-triggered flip-flop clocked by CLK)
  Endpoint: DRAM_DATA[25]
            (output port clocked by CLK)
  Path Group: OUTPUTS
  Path Type: max

  Des/Clust/Port     Wire Load Model       Library
  ------------------------------------------------
  DLX                5K_hvratio_1_4        NangateOpenCellLibrary

  Point                                                   Incr       Path
  --------------------------------------------------------------------------
  clock CLK (rise edge)                                 0.0000     0.0000
  clock network delay (ideal)                           0.0500     0.0500
  DP_i/execute_i_alu_out_reg_i_Y_reg_1_/CK (DFF_X1)     0.0000     0.0500 r
  DP_i/execute_i_alu_out_reg_i_Y_reg_1_/Q (DFF_X1)      0.1610     0.2110 r
  DP_i/U1095/ZN (AOI21_X1)                              0.0558     0.2668 f
  DP_i/U1097/ZN (NOR3_X1)                               0.0633     0.3301 r
  DP_i/U1098/ZN (NOR2_X1)                               0.0382     0.3684 f
  DP_i/U59/ZN (INV_X1)                                  0.0651     0.4335 r
  DP_i/U143/ZN (INV_X1)                                 0.0600     0.4934 f
  DP_i/U301/ZN (INV_X1)                                 0.1280     0.6214 r
  DP_i/U508/ZN (NOR2_X1)                                0.0529     0.6743 f
  DP_i/D_RAM_EN (DataPath)                              0.0000     0.6743 f
  U829/ZN (INV_X1)                                      0.0397     0.7140 r
  U835/ZN (NOR2_X1)                                     0.0552     0.7692 f
  U836/Z (BUF_X1)                                       0.1032     0.8724 f
  U1125/ZN (INV_X2)                                     0.1795     1.0519 r
  DRAM_DATA_tri_25_/Z (TBUF_X1)                         0.2552     1.3071 f
  DRAM_DATA[25] (inout)                                 0.0048     1.3119 f
  data arrival time                                                1.3119

  clock CLK (rise edge)                                 2.5000     2.5000
  clock network delay (ideal)                           0.0500     2.5500
  clock uncertainty                                    -0.0500     2.5000
  output external delay                                -0.2500     2.2500
  data required time                                               2.2500
  --------------------------------------------------------------------------
  data required time                                               2.2500
  data arrival time                                               -1.3119
  --------------------------------------------------------------------------
  slack (MET)                                                      0.9381


  Startpoint: DP_i/execute_i_alu_out_reg_i_Y_reg_1_
              (rising edge-triggered flip-flop clocked by CLK)
  Endpoint: DRAM_DATA[24]
            (output port clocked by CLK)
  Path Group: OUTPUTS
  Path Type: max

  Des/Clust/Port     Wire Load Model       Library
  ------------------------------------------------
  DLX                5K_hvratio_1_4        NangateOpenCellLibrary

  Point                                                   Incr       Path
  --------------------------------------------------------------------------
  clock CLK (rise edge)                                 0.0000     0.0000
  clock network delay (ideal)                           0.0500     0.0500
  DP_i/execute_i_alu_out_reg_i_Y_reg_1_/CK (DFF_X1)     0.0000     0.0500 r
  DP_i/execute_i_alu_out_reg_i_Y_reg_1_/Q (DFF_X1)      0.1610     0.2110 r
  DP_i/U1095/ZN (AOI21_X1)                              0.0558     0.2668 f
  DP_i/U1097/ZN (NOR3_X1)                               0.0633     0.3301 r
  DP_i/U1098/ZN (NOR2_X1)                               0.0382     0.3684 f
  DP_i/U59/ZN (INV_X1)                                  0.0651     0.4335 r
  DP_i/U143/ZN (INV_X1)                                 0.0600     0.4934 f
  DP_i/U301/ZN (INV_X1)                                 0.1280     0.6214 r
  DP_i/U508/ZN (NOR2_X1)                                0.0529     0.6743 f
  DP_i/D_RAM_EN (DataPath)                              0.0000     0.6743 f
  U829/ZN (INV_X1)                                      0.0397     0.7140 r
  U835/ZN (NOR2_X1)                                     0.0552     0.7692 f
  U836/Z (BUF_X1)                                       0.1032     0.8724 f
  U1125/ZN (INV_X2)                                     0.1795     1.0519 r
  DRAM_DATA_tri_24_/Z (TBUF_X1)                         0.2552     1.3071 f
  DRAM_DATA[24] (inout)                                 0.0048     1.3119 f
  data arrival time                                                1.3119

  clock CLK (rise edge)                                 2.5000     2.5000
  clock network delay (ideal)                           0.0500     2.5500
  clock uncertainty                                    -0.0500     2.5000
  output external delay                                -0.2500     2.2500
  data required time                                               2.2500
  --------------------------------------------------------------------------
  data required time                                               2.2500
  data arrival time                                               -1.3119
  --------------------------------------------------------------------------
  slack (MET)                                                      0.9381


  Startpoint: DP_i/execute_i_alu_out_reg_i_Y_reg_1_
              (rising edge-triggered flip-flop clocked by CLK)
  Endpoint: DRAM_DATA[23]
            (output port clocked by CLK)
  Path Group: OUTPUTS
  Path Type: max

  Des/Clust/Port     Wire Load Model       Library
  ------------------------------------------------
  DLX                5K_hvratio_1_4        NangateOpenCellLibrary

  Point                                                   Incr       Path
  --------------------------------------------------------------------------
  clock CLK (rise edge)                                 0.0000     0.0000
  clock network delay (ideal)                           0.0500     0.0500
  DP_i/execute_i_alu_out_reg_i_Y_reg_1_/CK (DFF_X1)     0.0000     0.0500 r
  DP_i/execute_i_alu_out_reg_i_Y_reg_1_/Q (DFF_X1)      0.1610     0.2110 r
  DP_i/U1095/ZN (AOI21_X1)                              0.0558     0.2668 f
  DP_i/U1097/ZN (NOR3_X1)                               0.0633     0.3301 r
  DP_i/U1098/ZN (NOR2_X1)                               0.0382     0.3684 f
  DP_i/U59/ZN (INV_X1)                                  0.0651     0.4335 r
  DP_i/U143/ZN (INV_X1)                                 0.0600     0.4934 f
  DP_i/U301/ZN (INV_X1)                                 0.1280     0.6214 r
  DP_i/U508/ZN (NOR2_X1)                                0.0529     0.6743 f
  DP_i/D_RAM_EN (DataPath)                              0.0000     0.6743 f
  U829/ZN (INV_X1)                                      0.0397     0.7140 r
  U835/ZN (NOR2_X1)                                     0.0552     0.7692 f
  U836/Z (BUF_X1)                                       0.1032     0.8724 f
  U1125/ZN (INV_X2)                                     0.1795     1.0519 r
  DRAM_DATA_tri_23_/Z (TBUF_X1)                         0.2552     1.3071 f
  DRAM_DATA[23] (inout)                                 0.0048     1.3119 f
  data arrival time                                                1.3119

  clock CLK (rise edge)                                 2.5000     2.5000
  clock network delay (ideal)                           0.0500     2.5500
  clock uncertainty                                    -0.0500     2.5000
  output external delay                                -0.2500     2.2500
  data required time                                               2.2500
  --------------------------------------------------------------------------
  data required time                                               2.2500
  data arrival time                                               -1.3119
  --------------------------------------------------------------------------
  slack (MET)                                                      0.9381


  Startpoint: DP_i/execute_i_alu_out_reg_i_Y_reg_1_
              (rising edge-triggered flip-flop clocked by CLK)
  Endpoint: DRAM_DATA[15]
            (output port clocked by CLK)
  Path Group: OUTPUTS
  Path Type: max

  Des/Clust/Port     Wire Load Model       Library
  ------------------------------------------------
  DLX                5K_hvratio_1_4        NangateOpenCellLibrary

  Point                                                   Incr       Path
  --------------------------------------------------------------------------
  clock CLK (rise edge)                                 0.0000     0.0000
  clock network delay (ideal)                           0.0500     0.0500
  DP_i/execute_i_alu_out_reg_i_Y_reg_1_/CK (DFF_X1)     0.0000     0.0500 r
  DP_i/execute_i_alu_out_reg_i_Y_reg_1_/Q (DFF_X1)      0.1610     0.2110 r
  DP_i/U1095/ZN (AOI21_X1)                              0.0558     0.2668 f
  DP_i/U1097/ZN (NOR3_X1)                               0.0633     0.3301 r
  DP_i/U1098/ZN (NOR2_X1)                               0.0382     0.3684 f
  DP_i/U59/ZN (INV_X1)                                  0.0651     0.4335 r
  DP_i/U143/ZN (INV_X1)                                 0.0600     0.4934 f
  DP_i/U301/ZN (INV_X1)                                 0.1280     0.6214 r
  DP_i/U508/ZN (NOR2_X1)                                0.0529     0.6743 f
  DP_i/D_RAM_EN (DataPath)                              0.0000     0.6743 f
  U829/ZN (INV_X1)                                      0.0397     0.7140 r
  U835/ZN (NOR2_X1)                                     0.0552     0.7692 f
  U836/Z (BUF_X1)                                       0.1032     0.8724 f
  U1125/ZN (INV_X2)                                     0.1795     1.0519 r
  DRAM_DATA_tri_15_/Z (TBUF_X1)                         0.2552     1.3071 f
  DRAM_DATA[15] (inout)                                 0.0048     1.3119 f
  data arrival time                                                1.3119

  clock CLK (rise edge)                                 2.5000     2.5000
  clock network delay (ideal)                           0.0500     2.5500
  clock uncertainty                                    -0.0500     2.5000
  output external delay                                -0.2500     2.2500
  data required time                                               2.2500
  --------------------------------------------------------------------------
  data required time                                               2.2500
  data arrival time                                               -1.3119
  --------------------------------------------------------------------------
  slack (MET)                                                      0.9381


  Startpoint: DP_i/mem_access_i_rd_out_reg_i_Y_reg_4_
              (rising edge-triggered flip-flop clocked by CLK)
  Endpoint: DP_i/execute_i_alu_out_reg_i_Y_reg_0_
            (rising edge-triggered flip-flop clocked by CLK)
  Path Group: REG2REG
  Path Type: max

  Des/Clust/Port     Wire Load Model       Library
  ------------------------------------------------
  DLX                5K_hvratio_1_4        NangateOpenCellLibrary

  Point                                                   Incr       Path
  --------------------------------------------------------------------------
  clock CLK (rise edge)                                 0.0000     0.0000
  clock network delay (ideal)                           0.0500     0.0500
  DP_i/mem_access_i_rd_out_reg_i_Y_reg_4_/CK (DFF_X1)   0.0000     0.0500 r
  DP_i/mem_access_i_rd_out_reg_i_Y_reg_4_/Q (DFF_X1)    0.1065     0.1565 f
  DP_i/rd_mem_w[4] (DataPath)                           0.0000     0.1565 f
  U901/ZN (INV_X1)                                      0.0582     0.2146 r
  U1300/ZN (OR2_X1)                                     0.0434     0.2580 r
  U1301/ZN (NAND4_X1)                                   0.0457     0.3037 f
  U1302/ZN (NOR4_X1)                                    0.1136     0.4173 r
  DP_i/fw_mem_ex_rs2 (DataPath)                         0.0000     0.4173 r
  DP_i/U196/ZN (AND2_X1)                                0.0802     0.4975 r
  DP_i/U299/ZN (NAND2_X1)                               0.0407     0.5382 f
  DP_i/U1082/ZN (NAND3_X1)                              0.0427     0.5809 r
  DP_i/U120/Z (MUX2_X1)                                 0.0607     0.6416 r
  DP_i/U1083/ZN (INV_X1)                                0.0262     0.6679 f
  DP_i/U94/ZN (OR2_X1)                                  0.0663     0.7341 f
  DP_i/U6012/ZN (OAI21_X1)                              0.0464     0.7805 r
  DP_i/U6013/ZN (OAI21_X1)                              0.0408     0.8213 f
  DP_i/U6015/ZN (NAND2_X1)                              0.0399     0.8612 r
  DP_i/U6017/ZN (NAND2_X1)                              0.0357     0.8969 f
  DP_i/U6019/ZN (NAND2_X1)                              0.0315     0.9284 r
  DP_i/U197/ZN (OAI21_X1)                               0.0395     0.9678 f
  DP_i/U6030/ZN (NOR2_X1)                               0.0590     1.0269 r
  DP_i/U6071/Z (XOR2_X1)                                0.0748     1.1016 r
  DP_i/U6073/ZN (AND2_X1)                               0.0470     1.1486 r
  DP_i/U70/ZN (AOI221_X1)                               0.0413     1.1899 f
  DP_i/U6079/ZN (NOR2_X1)                               0.0616     1.2515 r
  DP_i/U767/ZN (NAND2_X1)                               0.0365     1.2880 f
  DP_i/U6088/ZN (NAND2_X1)                              0.0378     1.3258 r
  DP_i/U754/ZN (NAND2_X1)                               0.0332     1.3589 f
  DP_i/U755/ZN (NAND2_X1)                               0.0368     1.3957 r
  DP_i/U6103/ZN (AOI211_X1)                             0.0353     1.4310 f
  DP_i/U760/ZN (AND2_X1)                                0.0449     1.4760 f
  DP_i/U761/ZN (NOR2_X1)                                0.0611     1.5371 r
  DP_i/U6116/ZN (AOI21_X1)                              0.0389     1.5760 f
  DP_i/U6186/CO (FA_X1)                                 0.1004     1.6764 f
  DP_i/U201/ZN (OR2_X1)                                 0.0654     1.7418 f
  DP_i/U6121/ZN (AOI21_X1)                              0.0903     1.8320 r
  DP_i/U763/ZN (NAND4_X1)                               0.0546     1.8867 f
  DP_i/U762/ZN (AND2_X1)                                0.0485     1.9352 f
  DP_i/U193/ZN (NAND2_X1)                               0.0281     1.9633 r
  DP_i/U62/ZN (AND2_X1)                                 0.0545     2.0178 r
  DP_i/U6129/ZN (NAND2_X1)                              0.0359     2.0537 f
  DP_i/U6137/ZN (XNOR2_X1)                              0.0670     2.1207 f
  DP_i/U360/ZN (OR2_X1)                                 0.0618     2.1825 f
  DP_i/U708/ZN (AOI221_X1)                              0.1103     2.2928 r
  DP_i/U6199/ZN (AOI21_X1)                              0.0366     2.3294 f
  DP_i/U6206/ZN (NAND2_X1)                              0.0334     2.3628 r
  DP_i/U756/ZN (NAND2_X1)                               0.0276     2.3904 f
  DP_i/U200/ZN (NAND3_X1)                               0.0302     2.4207 r
  DP_i/U510/ZN (AND2_X1)                                0.0409     2.4616 r
  DP_i/execute_i_alu_out_reg_i_Y_reg_0_/D (DFF_X1)      0.0110     2.4726 r
  data arrival time                                                2.4726

  clock CLK (rise edge)                                 2.5000     2.5000
  clock network delay (ideal)                           0.0500     2.5500
  clock uncertainty                                    -0.0500     2.5000
  DP_i/execute_i_alu_out_reg_i_Y_reg_0_/CK (DFF_X1)     0.0000     2.5000 r
  library setup time                                   -0.0265     2.4735
  data required time                                               2.4735
  --------------------------------------------------------------------------
  data required time                                               2.4735
  data arrival time                                               -2.4726
  --------------------------------------------------------------------------
  slack (MET)                                                      0.0010


  Startpoint: DP_i/mem_access_i_rd_out_reg_i_Y_reg_4_
              (rising edge-triggered flip-flop clocked by CLK)
  Endpoint: DP_i/execute_i_alu_out_reg_i_Y_reg_0_
            (rising edge-triggered flip-flop clocked by CLK)
  Path Group: REG2REG
  Path Type: max

  Des/Clust/Port     Wire Load Model       Library
  ------------------------------------------------
  DLX                5K_hvratio_1_4        NangateOpenCellLibrary

  Point                                                   Incr       Path
  --------------------------------------------------------------------------
  clock CLK (rise edge)                                 0.0000     0.0000
  clock network delay (ideal)                           0.0500     0.0500
  DP_i/mem_access_i_rd_out_reg_i_Y_reg_4_/CK (DFF_X1)   0.0000     0.0500 r
  DP_i/mem_access_i_rd_out_reg_i_Y_reg_4_/Q (DFF_X1)    0.1065     0.1565 f
  DP_i/rd_mem_w[4] (DataPath)                           0.0000     0.1565 f
  U901/ZN (INV_X1)                                      0.0582     0.2146 r
  U1300/ZN (OR2_X1)                                     0.0434     0.2580 r
  U1301/ZN (NAND4_X1)                                   0.0457     0.3037 f
  U1302/ZN (NOR4_X1)                                    0.1136     0.4173 r
  DP_i/fw_mem_ex_rs2 (DataPath)                         0.0000     0.4173 r
  DP_i/U196/ZN (AND2_X1)                                0.0802     0.4975 r
  DP_i/U299/ZN (NAND2_X1)                               0.0407     0.5382 f
  DP_i/U1082/ZN (NAND3_X1)                              0.0427     0.5809 r
  DP_i/U120/Z (MUX2_X1)                                 0.0607     0.6416 r
  DP_i/U1083/ZN (INV_X1)                                0.0262     0.6679 f
  DP_i/U94/ZN (OR2_X1)                                  0.0663     0.7341 f
  DP_i/U6012/ZN (OAI21_X1)                              0.0464     0.7805 r
  DP_i/U6013/ZN (OAI21_X1)                              0.0408     0.8213 f
  DP_i/U6015/ZN (NAND2_X1)                              0.0399     0.8612 r
  DP_i/U6017/ZN (NAND2_X1)                              0.0357     0.8969 f
  DP_i/U6019/ZN (NAND2_X1)                              0.0315     0.9284 r
  DP_i/U197/ZN (OAI21_X1)                               0.0395     0.9678 f
  DP_i/U6030/ZN (NOR2_X1)                               0.0590     1.0269 r
  DP_i/U6071/Z (XOR2_X1)                                0.0748     1.1016 r
  DP_i/U6073/ZN (AND2_X1)                               0.0470     1.1486 r
  DP_i/U70/ZN (AOI221_X1)                               0.0413     1.1899 f
  DP_i/U6079/ZN (NOR2_X1)                               0.0616     1.2515 r
  DP_i/U767/ZN (NAND2_X1)                               0.0365     1.2880 f
  DP_i/U6088/ZN (NAND2_X1)                              0.0378     1.3258 r
  DP_i/U754/ZN (NAND2_X1)                               0.0332     1.3589 f
  DP_i/U755/ZN (NAND2_X1)                               0.0368     1.3957 r
  DP_i/U6103/ZN (AOI211_X1)                             0.0353     1.4310 f
  DP_i/U760/ZN (AND2_X1)                                0.0449     1.4760 f
  DP_i/U761/ZN (NOR2_X1)                                0.0611     1.5371 r
  DP_i/U6116/ZN (AOI21_X1)                              0.0389     1.5760 f
  DP_i/U6186/CO (FA_X1)                                 0.1004     1.6764 f
  DP_i/U201/ZN (OR2_X1)                                 0.0654     1.7418 f
  DP_i/U6121/ZN (AOI21_X1)                              0.0903     1.8320 r
  DP_i/U763/ZN (NAND4_X1)                               0.0546     1.8867 f
  DP_i/U762/ZN (AND2_X1)                                0.0485     1.9352 f
  DP_i/U193/ZN (NAND2_X1)                               0.0281     1.9633 r
  DP_i/U62/ZN (AND2_X1)                                 0.0545     2.0178 r
  DP_i/U6129/ZN (NAND2_X1)                              0.0359     2.0537 f
  DP_i/U6137/ZN (XNOR2_X1)                              0.0670     2.1207 f
  DP_i/U360/ZN (OR2_X1)                                 0.0618     2.1825 f
  DP_i/U708/ZN (AOI221_X1)                              0.1103     2.2928 r
  DP_i/U6199/ZN (AOI21_X1)                              0.0366     2.3294 f
  DP_i/U6206/ZN (NAND2_X1)                              0.0334     2.3628 r
  DP_i/U756/ZN (NAND2_X1)                               0.0276     2.3904 f
  DP_i/U200/ZN (NAND3_X1)                               0.0302     2.4207 r
  DP_i/U510/ZN (AND2_X1)                                0.0409     2.4616 r
  DP_i/execute_i_alu_out_reg_i_Y_reg_0_/D (DFF_X1)      0.0110     2.4726 r
  data arrival time                                                2.4726

  clock CLK (rise edge)                                 2.5000     2.5000
  clock network delay (ideal)                           0.0500     2.5500
  clock uncertainty                                    -0.0500     2.5000
  DP_i/execute_i_alu_out_reg_i_Y_reg_0_/CK (DFF_X1)     0.0000     2.5000 r
  library setup time                                   -0.0265     2.4735
  data required time                                               2.4735
  --------------------------------------------------------------------------
  data required time                                               2.4735
  data arrival time                                               -2.4726
  --------------------------------------------------------------------------
  slack (MET)                                                      0.0010


  Startpoint: DP_i/fetch_i_IR_out_reg_24_
              (rising edge-triggered flip-flop clocked by CLK)
  Endpoint: CP_i_hazard_unit_i_G_scoreboard_reg_1__1_
            (rising edge-triggered flip-flop clocked by CLK)
  Path Group: REG2REG
  Path Type: max

  Des/Clust/Port     Wire Load Model       Library
  ------------------------------------------------
  DLX                5K_hvratio_1_4        NangateOpenCellLibrary

  Point                                                   Incr       Path
  --------------------------------------------------------------------------
  clock CLK (rise edge)                                 0.0000     0.0000
  clock network delay (ideal)                           0.0500     0.0500
  DP_i/fetch_i_IR_out_reg_24_/CK (DFF_X2)               0.0000     0.0500 r
  DP_i/fetch_i_IR_out_reg_24_/Q (DFF_X2)                0.1205     0.1705 f
  DP_i/U1252/ZN (AOI22_X1)                              0.0828     0.2533 r
  DP_i/U1253/ZN (OAI221_X1)                             0.0566     0.3099 f
  DP_i/U1254/ZN (NOR3_X2)                               0.0908     0.4006 r
  DP_i/U1261/ZN (NOR2_X1)                               0.0369     0.4375 f
  DP_i/U1262/ZN (NAND2_X1)                              0.0756     0.5131 r
  DP_i/U1283/ZN (NOR2_X1)                               0.0612     0.5743 f
  DP_i/U16/Z (BUF_X1)                                   0.0952     0.6695 f
  DP_i/U1881/ZN (AOI22_X1)                              0.0877     0.7573 r
  DP_i/U1884/ZN (NAND4_X1)                              0.0448     0.8020 f
  DP_i/U965/ZN (OR4_X1)                                 0.1197     0.9218 f
  DP_i/U1895/ZN (OAI222_X1)                             0.0757     0.9975 r
  DP_i/U2082/ZN (INV_X1)                                0.0266     1.0241 f
  DP_i/U2084/ZN (AOI22_X1)                              0.0588     1.0829 r
  DP_i/U2090/ZN (AOI21_X1)                              0.0446     1.1275 f
  DP_i/U370/ZN (OR2_X1)                                 0.1004     1.2279 f
  DP_i/U3554/ZN (NOR2_X1)                               0.0912     1.3191 r
  DP_i/rs2_live_3_ (DataPath)                           0.0000     1.3191 r
  U1022/ZN (INV_X1)                                     0.0325     1.3516 f
  U859/ZN (AND2_X1)                                     0.0625     1.4141 f
  U1027/ZN (AOI22_X1)                                   0.0832     1.4973 r
  U1028/ZN (OAI21_X1)                                   0.0377     1.5350 f
  U1029/ZN (AOI211_X1)                                  0.0810     1.6160 r
  U1030/ZN (NOR2_X1)                                    0.0278     1.6438 f
  U1038/Z (MUX2_X1)                                     0.0683     1.7121 f
  U1053/ZN (OAI21_X1)                                   0.0531     1.7652 r
  U1054/ZN (AOI221_X1)                                  0.0379     1.8031 f
  U850/ZN (OR3_X2)                                      0.0999     1.9030 f
  U1084/ZN (NAND2_X1)                                   0.0583     1.9613 r
  U792/ZN (NAND2_X4)                                    0.1118     2.0732 f
  U844/ZN (NOR2_X1)                                     0.1077     2.1808 r
  U839/ZN (NAND2_X2)                                    0.1270     2.3079 f
  U419/ZN (OAI22_X1)                                    0.1004     2.4083 r
  U69/Z (MUX2_X1)                                       0.0510     2.4593 r
  CP_i_hazard_unit_i_G_scoreboard_reg_1__1_/D (DFF_X1)
                                                        0.0110     2.4703 r
  data arrival time                                                2.4703

  clock CLK (rise edge)                                 2.5000     2.5000
  clock network delay (ideal)                           0.0500     2.5500
  clock uncertainty                                    -0.0500     2.5000
  CP_i_hazard_unit_i_G_scoreboard_reg_1__1_/CK (DFF_X1)
                                                        0.0000     2.5000 r
  library setup time                                   -0.0267     2.4733
  data required time                                               2.4733
  --------------------------------------------------------------------------
  data required time                                               2.4733
  data arrival time                                               -2.4703
  --------------------------------------------------------------------------
  slack (MET)                                                      0.0030


  Startpoint: DP_i/fetch_i_IR_out_reg_24_
              (rising edge-triggered flip-flop clocked by CLK)
  Endpoint: CP_i_hazard_unit_i_G_scoreboard_reg_1__1_
            (rising edge-triggered flip-flop clocked by CLK)
  Path Group: REG2REG
  Path Type: max

  Des/Clust/Port     Wire Load Model       Library
  ------------------------------------------------
  DLX                5K_hvratio_1_4        NangateOpenCellLibrary

  Point                                                   Incr       Path
  --------------------------------------------------------------------------
  clock CLK (rise edge)                                 0.0000     0.0000
  clock network delay (ideal)                           0.0500     0.0500
  DP_i/fetch_i_IR_out_reg_24_/CK (DFF_X2)               0.0000     0.0500 r
  DP_i/fetch_i_IR_out_reg_24_/Q (DFF_X2)                0.1205     0.1705 f
  DP_i/U1252/ZN (AOI22_X1)                              0.0828     0.2533 r
  DP_i/U1253/ZN (OAI221_X1)                             0.0566     0.3099 f
  DP_i/U1254/ZN (NOR3_X2)                               0.0908     0.4006 r
  DP_i/U1261/ZN (NOR2_X1)                               0.0369     0.4375 f
  DP_i/U1262/ZN (NAND2_X1)                              0.0756     0.5131 r
  DP_i/U1283/ZN (NOR2_X1)                               0.0612     0.5743 f
  DP_i/U16/Z (BUF_X1)                                   0.0952     0.6695 f
  DP_i/U1881/ZN (AOI22_X1)                              0.0877     0.7573 r
  DP_i/U1884/ZN (NAND4_X1)                              0.0448     0.8020 f
  DP_i/U965/ZN (OR4_X1)                                 0.1197     0.9218 f
  DP_i/U1895/ZN (OAI222_X1)                             0.0757     0.9975 r
  DP_i/U2082/ZN (INV_X1)                                0.0266     1.0241 f
  DP_i/U2084/ZN (AOI22_X1)                              0.0588     1.0829 r
  DP_i/U2090/ZN (AOI21_X1)                              0.0446     1.1275 f
  DP_i/U370/ZN (OR2_X1)                                 0.1004     1.2279 f
  DP_i/U3554/ZN (NOR2_X1)                               0.0912     1.3191 r
  DP_i/rs2_live_3_ (DataPath)                           0.0000     1.3191 r
  U1022/ZN (INV_X1)                                     0.0325     1.3516 f
  U859/ZN (AND2_X1)                                     0.0625     1.4141 f
  U1027/ZN (AOI22_X1)                                   0.0832     1.4973 r
  U1028/ZN (OAI21_X1)                                   0.0377     1.5350 f
  U1029/ZN (AOI211_X1)                                  0.0810     1.6160 r
  U1030/ZN (NOR2_X1)                                    0.0278     1.6438 f
  U1038/Z (MUX2_X1)                                     0.0683     1.7121 f
  U1053/ZN (OAI21_X1)                                   0.0531     1.7652 r
  U1054/ZN (AOI221_X1)                                  0.0379     1.8031 f
  U850/ZN (OR3_X2)                                      0.0999     1.9030 f
  U1084/ZN (NAND2_X1)                                   0.0583     1.9613 r
  U792/ZN (NAND2_X4)                                    0.1118     2.0732 f
  U844/ZN (NOR2_X1)                                     0.1077     2.1808 r
  U839/ZN (NAND2_X2)                                    0.1270     2.3079 f
  U419/ZN (OAI22_X1)                                    0.1004     2.4083 r
  U69/Z (MUX2_X1)                                       0.0510     2.4593 r
  CP_i_hazard_unit_i_G_scoreboard_reg_1__1_/D (DFF_X1)
                                                        0.0110     2.4703 r
  data arrival time                                                2.4703

  clock CLK (rise edge)                                 2.5000     2.5000
  clock network delay (ideal)                           0.0500     2.5500
  clock uncertainty                                    -0.0500     2.5000
  CP_i_hazard_unit_i_G_scoreboard_reg_1__1_/CK (DFF_X1)
                                                        0.0000     2.5000 r
  library setup time                                   -0.0267     2.4733
  data required time                                               2.4733
  --------------------------------------------------------------------------
  data required time                                               2.4733
  data arrival time                                               -2.4703
  --------------------------------------------------------------------------
  slack (MET)                                                      0.0030


  Startpoint: DP_i/fetch_i_IR_out_reg_24_
              (rising edge-triggered flip-flop clocked by CLK)
  Endpoint: DP_i/fetch_i_pc_i_Y_reg_1_
            (rising edge-triggered flip-flop clocked by CLK)
  Path Group: REG2REG
  Path Type: max

  Des/Clust/Port     Wire Load Model       Library
  ------------------------------------------------
  DLX                5K_hvratio_1_4        NangateOpenCellLibrary

  Point                                                   Incr       Path
  --------------------------------------------------------------------------
  clock CLK (rise edge)                                 0.0000     0.0000
  clock network delay (ideal)                           0.0500     0.0500
  DP_i/fetch_i_IR_out_reg_24_/CK (DFF_X2)               0.0000     0.0500 r
  DP_i/fetch_i_IR_out_reg_24_/Q (DFF_X2)                0.1205     0.1705 f
  DP_i/U1252/ZN (AOI22_X1)                              0.0828     0.2533 r
  DP_i/U1253/ZN (OAI221_X1)                             0.0566     0.3099 f
  DP_i/U1254/ZN (NOR3_X2)                               0.0908     0.4006 r
  DP_i/U1270/ZN (OR2_X1)                                0.0451     0.4458 r
  DP_i/U1271/ZN (OR2_X2)                                0.0600     0.5057 r
  DP_i/U161/ZN (NOR2_X2)                                0.0850     0.5908 f
  DP_i/U146/Z (BUF_X1)                                  0.1149     0.7057 f
  DP_i/U1583/ZN (AOI22_X1)                              0.1006     0.8063 r
  DP_i/U1587/ZN (NAND4_X1)                              0.0408     0.8471 f
  DP_i/U109/ZN (OR4_X1)                                 0.1198     0.9669 f
  DP_i/U1598/ZN (OAI222_X1)                             0.0750     1.0419 r
  DP_i/U669/ZN (AND4_X1)                                0.0779     1.1198 r
  DP_i/U230/ZN (AND2_X1)                                0.0393     1.1591 r
  DP_i/U229/ZN (AND4_X1)                                0.0631     1.2222 r
  DP_i/U211/ZN (AND4_X1)                                0.0679     1.2900 r
  DP_i/U2037/ZN (OAI21_X1)                              0.0329     1.3229 f
  DP_i/U2038/ZN (AOI21_X1)                              0.0411     1.3640 r
  DP_i/U216/ZN (OR2_X1)                                 0.0388     1.4027 r
  DP_i/U256/ZN (OAI211_X1)                              0.0356     1.4383 f
  DP_i/U661/ZN (NAND2_X1)                               0.0456     1.4839 r
  DP_i/U48/Z (BUF_X1)                                   0.1198     1.6037 r
  DP_i/U2605/ZN (AOI22_X1)                              0.0818     1.6855 f
  DP_i/U2788/ZN (AOI22_X1)                              0.0692     1.7547 r
  DP_i/U2793/ZN (OAI221_X1)                             0.0507     1.8055 f
  DP_i/U239/ZN (INV_X1)                                 0.0296     1.8350 r
  DP_i/U731/ZN (AND4_X1)                                0.0614     1.8964 r
  DP_i/U359/ZN (AND4_X1)                                0.0650     1.9614 r
  DP_i/U356/ZN (AND3_X1)                                0.0480     2.0094 r
  DP_i/U291/ZN (AND2_X1)                                0.0406     2.0501 r
  DP_i/U736/ZN (NAND4_X1)                               0.0449     2.0950 f
  DP_i/U725/ZN (AND2_X2)                                0.0536     2.1486 f
  DP_i/U5591/ZN (OR3_X1)                                0.0896     2.2382 f
  DP_i/U743/ZN (INV_X4)                                 0.1014     2.3397 r
  DP_i/U3157/ZN (AOI22_X1)                              0.0694     2.4090 f
  DP_i/U3158/ZN (OAI211_X1)                             0.0457     2.4548 r
  DP_i/fetch_i_pc_i_Y_reg_1_/D (DFF_X1)                 0.0110     2.4658 r
  data arrival time                                                2.4658

  clock CLK (rise edge)                                 2.5000     2.5000
  clock network delay (ideal)                           0.0500     2.5500
  clock uncertainty                                    -0.0500     2.5000
  DP_i/fetch_i_pc_i_Y_reg_1_/CK (DFF_X1)                0.0000     2.5000 r
  library setup time                                   -0.0305     2.4695
  data required time                                               2.4695
  --------------------------------------------------------------------------
  data required time                                               2.4695
  data arrival time                                               -2.4658
  --------------------------------------------------------------------------
  slack (MET)                                                      0.0037


  Startpoint: DP_i/fetch_i_IR_out_reg_24_
              (rising edge-triggered flip-flop clocked by CLK)
  Endpoint: DP_i/fetch_i_pc_i_Y_reg_2_
            (rising edge-triggered flip-flop clocked by CLK)
  Path Group: REG2REG
  Path Type: max

  Des/Clust/Port     Wire Load Model       Library
  ------------------------------------------------
  DLX                5K_hvratio_1_4        NangateOpenCellLibrary

  Point                                                   Incr       Path
  --------------------------------------------------------------------------
  clock CLK (rise edge)                                 0.0000     0.0000
  clock network delay (ideal)                           0.0500     0.0500
  DP_i/fetch_i_IR_out_reg_24_/CK (DFF_X2)               0.0000     0.0500 r
  DP_i/fetch_i_IR_out_reg_24_/Q (DFF_X2)                0.1205     0.1705 f
  DP_i/U1252/ZN (AOI22_X1)                              0.0828     0.2533 r
  DP_i/U1253/ZN (OAI221_X1)                             0.0566     0.3099 f
  DP_i/U1254/ZN (NOR3_X2)                               0.0908     0.4006 r
  DP_i/U1270/ZN (OR2_X1)                                0.0451     0.4458 r
  DP_i/U1271/ZN (OR2_X2)                                0.0600     0.5057 r
  DP_i/U161/ZN (NOR2_X2)                                0.0850     0.5908 f
  DP_i/U146/Z (BUF_X1)                                  0.1149     0.7057 f
  DP_i/U1583/ZN (AOI22_X1)                              0.1006     0.8063 r
  DP_i/U1587/ZN (NAND4_X1)                              0.0408     0.8471 f
  DP_i/U109/ZN (OR4_X1)                                 0.1198     0.9669 f
  DP_i/U1598/ZN (OAI222_X1)                             0.0750     1.0419 r
  DP_i/U669/ZN (AND4_X1)                                0.0779     1.1198 r
  DP_i/U230/ZN (AND2_X1)                                0.0393     1.1591 r
  DP_i/U229/ZN (AND4_X1)                                0.0631     1.2222 r
  DP_i/U211/ZN (AND4_X1)                                0.0679     1.2900 r
  DP_i/U2037/ZN (OAI21_X1)                              0.0329     1.3229 f
  DP_i/U2038/ZN (AOI21_X1)                              0.0411     1.3640 r
  DP_i/U216/ZN (OR2_X1)                                 0.0388     1.4027 r
  DP_i/U256/ZN (OAI211_X1)                              0.0356     1.4383 f
  DP_i/U661/ZN (NAND2_X1)                               0.0456     1.4839 r
  DP_i/U48/Z (BUF_X1)                                   0.1198     1.6037 r
  DP_i/U2605/ZN (AOI22_X1)                              0.0818     1.6855 f
  DP_i/U2788/ZN (AOI22_X1)                              0.0692     1.7547 r
  DP_i/U2793/ZN (OAI221_X1)                             0.0507     1.8055 f
  DP_i/U239/ZN (INV_X1)                                 0.0296     1.8350 r
  DP_i/U731/ZN (AND4_X1)                                0.0614     1.8964 r
  DP_i/U359/ZN (AND4_X1)                                0.0650     1.9614 r
  DP_i/U356/ZN (AND3_X1)                                0.0480     2.0094 r
  DP_i/U291/ZN (AND2_X1)                                0.0406     2.0501 r
  DP_i/U736/ZN (NAND4_X1)                               0.0449     2.0950 f
  DP_i/U725/ZN (AND2_X2)                                0.0536     2.1486 f
  DP_i/U5591/ZN (OR3_X1)                                0.0896     2.2382 f
  DP_i/U743/ZN (INV_X4)                                 0.1014     2.3397 r
  DP_i/U3153/ZN (AOI22_X1)                              0.0694     2.4090 f
  DP_i/U3154/ZN (OAI211_X1)                             0.0457     2.4548 r
  DP_i/fetch_i_pc_i_Y_reg_2_/D (DFF_X1)                 0.0110     2.4658 r
  data arrival time                                                2.4658

  clock CLK (rise edge)                                 2.5000     2.5000
  clock network delay (ideal)                           0.0500     2.5500
  clock uncertainty                                    -0.0500     2.5000
  DP_i/fetch_i_pc_i_Y_reg_2_/CK (DFF_X1)                0.0000     2.5000 r
  library setup time                                   -0.0305     2.4695
  data required time                                               2.4695
  --------------------------------------------------------------------------
  data required time                                               2.4695
  data arrival time                                               -2.4658
  --------------------------------------------------------------------------
  slack (MET)                                                      0.0037


  Startpoint: DP_i/fetch_i_IR_out_reg_24_
              (rising edge-triggered flip-flop clocked by CLK)
  Endpoint: DP_i/fetch_i_pc_i_Y_reg_0_
            (rising edge-triggered flip-flop clocked by CLK)
  Path Group: REG2REG
  Path Type: max

  Des/Clust/Port     Wire Load Model       Library
  ------------------------------------------------
  DLX                5K_hvratio_1_4        NangateOpenCellLibrary

  Point                                                   Incr       Path
  --------------------------------------------------------------------------
  clock CLK (rise edge)                                 0.0000     0.0000
  clock network delay (ideal)                           0.0500     0.0500
  DP_i/fetch_i_IR_out_reg_24_/CK (DFF_X2)               0.0000     0.0500 r
  DP_i/fetch_i_IR_out_reg_24_/Q (DFF_X2)                0.1205     0.1705 f
  DP_i/U1252/ZN (AOI22_X1)                              0.0828     0.2533 r
  DP_i/U1253/ZN (OAI221_X1)                             0.0566     0.3099 f
  DP_i/U1254/ZN (NOR3_X2)                               0.0908     0.4006 r
  DP_i/U1270/ZN (OR2_X1)                                0.0451     0.4458 r
  DP_i/U1271/ZN (OR2_X2)                                0.0600     0.5057 r
  DP_i/U161/ZN (NOR2_X2)                                0.0850     0.5908 f
  DP_i/U146/Z (BUF_X1)                                  0.1149     0.7057 f
  DP_i/U1583/ZN (AOI22_X1)                              0.1006     0.8063 r
  DP_i/U1587/ZN (NAND4_X1)                              0.0408     0.8471 f
  DP_i/U109/ZN (OR4_X1)                                 0.1198     0.9669 f
  DP_i/U1598/ZN (OAI222_X1)                             0.0750     1.0419 r
  DP_i/U669/ZN (AND4_X1)                                0.0779     1.1198 r
  DP_i/U230/ZN (AND2_X1)                                0.0393     1.1591 r
  DP_i/U229/ZN (AND4_X1)                                0.0631     1.2222 r
  DP_i/U211/ZN (AND4_X1)                                0.0679     1.2900 r
  DP_i/U2037/ZN (OAI21_X1)                              0.0329     1.3229 f
  DP_i/U2038/ZN (AOI21_X1)                              0.0411     1.3640 r
  DP_i/U216/ZN (OR2_X1)                                 0.0388     1.4027 r
  DP_i/U256/ZN (OAI211_X1)                              0.0356     1.4383 f
  DP_i/U661/ZN (NAND2_X1)                               0.0456     1.4839 r
  DP_i/U48/Z (BUF_X1)                                   0.1198     1.6037 r
  DP_i/U2605/ZN (AOI22_X1)                              0.0818     1.6855 f
  DP_i/U2788/ZN (AOI22_X1)                              0.0692     1.7547 r
  DP_i/U2793/ZN (OAI221_X1)                             0.0507     1.8055 f
  DP_i/U239/ZN (INV_X1)                                 0.0296     1.8350 r
  DP_i/U731/ZN (AND4_X1)                                0.0614     1.8964 r
  DP_i/U359/ZN (AND4_X1)                                0.0650     1.9614 r
  DP_i/U356/ZN (AND3_X1)                                0.0480     2.0094 r
  DP_i/U291/ZN (AND2_X1)                                0.0406     2.0501 r
  DP_i/U736/ZN (NAND4_X1)                               0.0449     2.0950 f
  DP_i/U725/ZN (AND2_X2)                                0.0536     2.1486 f
  DP_i/U5591/ZN (OR3_X1)                                0.0896     2.2382 f
  DP_i/U743/ZN (INV_X4)                                 0.1014     2.3397 r
  DP_i/U3162/ZN (AOI22_X1)                              0.0694     2.4090 f
  DP_i/U3163/ZN (OAI211_X1)                             0.0457     2.4548 r
  DP_i/fetch_i_pc_i_Y_reg_0_/D (DFF_X1)                 0.0110     2.4658 r
  data arrival time                                                2.4658

  clock CLK (rise edge)                                 2.5000     2.5000
  clock network delay (ideal)                           0.0500     2.5500
  clock uncertainty                                    -0.0500     2.5000
  DP_i/fetch_i_pc_i_Y_reg_0_/CK (DFF_X1)                0.0000     2.5000 r
  library setup time                                   -0.0305     2.4695
  data required time                                               2.4695
  --------------------------------------------------------------------------
  data required time                                               2.4695
  data arrival time                                               -2.4658
  --------------------------------------------------------------------------
  slack (MET)                                                      0.0037


  Startpoint: DP_i/fetch_i_IR_out_reg_24_
              (rising edge-triggered flip-flop clocked by CLK)
  Endpoint: DP_i/fetch_i_pc_i_Y_reg_3_
            (rising edge-triggered flip-flop clocked by CLK)
  Path Group: REG2REG
  Path Type: max

  Des/Clust/Port     Wire Load Model       Library
  ------------------------------------------------
  DLX                5K_hvratio_1_4        NangateOpenCellLibrary

  Point                                                   Incr       Path
  --------------------------------------------------------------------------
  clock CLK (rise edge)                                 0.0000     0.0000
  clock network delay (ideal)                           0.0500     0.0500
  DP_i/fetch_i_IR_out_reg_24_/CK (DFF_X2)               0.0000     0.0500 r
  DP_i/fetch_i_IR_out_reg_24_/Q (DFF_X2)                0.1205     0.1705 f
  DP_i/U1252/ZN (AOI22_X1)                              0.0828     0.2533 r
  DP_i/U1253/ZN (OAI221_X1)                             0.0566     0.3099 f
  DP_i/U1254/ZN (NOR3_X2)                               0.0908     0.4006 r
  DP_i/U1270/ZN (OR2_X1)                                0.0451     0.4458 r
  DP_i/U1271/ZN (OR2_X2)                                0.0600     0.5057 r
  DP_i/U161/ZN (NOR2_X2)                                0.0850     0.5908 f
  DP_i/U146/Z (BUF_X1)                                  0.1149     0.7057 f
  DP_i/U1583/ZN (AOI22_X1)                              0.1006     0.8063 r
  DP_i/U1587/ZN (NAND4_X1)                              0.0408     0.8471 f
  DP_i/U109/ZN (OR4_X1)                                 0.1198     0.9669 f
  DP_i/U1598/ZN (OAI222_X1)                             0.0750     1.0419 r
  DP_i/U669/ZN (AND4_X1)                                0.0779     1.1198 r
  DP_i/U230/ZN (AND2_X1)                                0.0393     1.1591 r
  DP_i/U229/ZN (AND4_X1)                                0.0631     1.2222 r
  DP_i/U211/ZN (AND4_X1)                                0.0679     1.2900 r
  DP_i/U2037/ZN (OAI21_X1)                              0.0329     1.3229 f
  DP_i/U2038/ZN (AOI21_X1)                              0.0411     1.3640 r
  DP_i/U216/ZN (OR2_X1)                                 0.0388     1.4027 r
  DP_i/U256/ZN (OAI211_X1)                              0.0356     1.4383 f
  DP_i/U661/ZN (NAND2_X1)                               0.0456     1.4839 r
  DP_i/U48/Z (BUF_X1)                                   0.1198     1.6037 r
  DP_i/U2605/ZN (AOI22_X1)                              0.0818     1.6855 f
  DP_i/U2788/ZN (AOI22_X1)                              0.0692     1.7547 r
  DP_i/U2793/ZN (OAI221_X1)                             0.0507     1.8055 f
  DP_i/U239/ZN (INV_X1)                                 0.0296     1.8350 r
  DP_i/U731/ZN (AND4_X1)                                0.0614     1.8964 r
  DP_i/U359/ZN (AND4_X1)                                0.0650     1.9614 r
  DP_i/U356/ZN (AND3_X1)                                0.0480     2.0094 r
  DP_i/U291/ZN (AND2_X1)                                0.0406     2.0501 r
  DP_i/U736/ZN (NAND4_X1)                               0.0449     2.0950 f
  DP_i/U725/ZN (AND2_X2)                                0.0536     2.1486 f
  DP_i/U5591/ZN (OR3_X1)                                0.0896     2.2382 f
  DP_i/U743/ZN (INV_X4)                                 0.1014     2.3397 r
  DP_i/U3149/ZN (AOI22_X1)                              0.0694     2.4090 f
  DP_i/U3150/ZN (OAI211_X1)                             0.0457     2.4548 r
  DP_i/fetch_i_pc_i_Y_reg_3_/D (DFF_X1)                 0.0110     2.4658 r
  data arrival time                                                2.4658

  clock CLK (rise edge)                                 2.5000     2.5000
  clock network delay (ideal)                           0.0500     2.5500
  clock uncertainty                                    -0.0500     2.5000
  DP_i/fetch_i_pc_i_Y_reg_3_/CK (DFF_X1)                0.0000     2.5000 r
  library setup time                                   -0.0305     2.4695
  data required time                                               2.4695
  --------------------------------------------------------------------------
  data required time                                               2.4695
  data arrival time                                               -2.4658
  --------------------------------------------------------------------------
  slack (MET)                                                      0.0037


  Startpoint: DP_i/fetch_i_IR_out_reg_24_
              (rising edge-triggered flip-flop clocked by CLK)
  Endpoint: DP_i/fetch_i_pc_i_Y_reg_5_
            (rising edge-triggered flip-flop clocked by CLK)
  Path Group: REG2REG
  Path Type: max

  Des/Clust/Port     Wire Load Model       Library
  ------------------------------------------------
  DLX                5K_hvratio_1_4        NangateOpenCellLibrary

  Point                                                   Incr       Path
  --------------------------------------------------------------------------
  clock CLK (rise edge)                                 0.0000     0.0000
  clock network delay (ideal)                           0.0500     0.0500
  DP_i/fetch_i_IR_out_reg_24_/CK (DFF_X2)               0.0000     0.0500 r
  DP_i/fetch_i_IR_out_reg_24_/Q (DFF_X2)                0.1205     0.1705 f
  DP_i/U1252/ZN (AOI22_X1)                              0.0828     0.2533 r
  DP_i/U1253/ZN (OAI221_X1)                             0.0566     0.3099 f
  DP_i/U1254/ZN (NOR3_X2)                               0.0908     0.4006 r
  DP_i/U1270/ZN (OR2_X1)                                0.0451     0.4458 r
  DP_i/U1271/ZN (OR2_X2)                                0.0600     0.5057 r
  DP_i/U161/ZN (NOR2_X2)                                0.0850     0.5908 f
  DP_i/U146/Z (BUF_X1)                                  0.1149     0.7057 f
  DP_i/U1583/ZN (AOI22_X1)                              0.1006     0.8063 r
  DP_i/U1587/ZN (NAND4_X1)                              0.0408     0.8471 f
  DP_i/U109/ZN (OR4_X1)                                 0.1198     0.9669 f
  DP_i/U1598/ZN (OAI222_X1)                             0.0750     1.0419 r
  DP_i/U669/ZN (AND4_X1)                                0.0779     1.1198 r
  DP_i/U230/ZN (AND2_X1)                                0.0393     1.1591 r
  DP_i/U229/ZN (AND4_X1)                                0.0631     1.2222 r
  DP_i/U211/ZN (AND4_X1)                                0.0679     1.2900 r
  DP_i/U2037/ZN (OAI21_X1)                              0.0329     1.3229 f
  DP_i/U2038/ZN (AOI21_X1)                              0.0411     1.3640 r
  DP_i/U216/ZN (OR2_X1)                                 0.0388     1.4027 r
  DP_i/U256/ZN (OAI211_X1)                              0.0356     1.4383 f
  DP_i/U661/ZN (NAND2_X1)                               0.0456     1.4839 r
  DP_i/U48/Z (BUF_X1)                                   0.1198     1.6037 r
  DP_i/U2605/ZN (AOI22_X1)                              0.0818     1.6855 f
  DP_i/U2788/ZN (AOI22_X1)                              0.0692     1.7547 r
  DP_i/U2793/ZN (OAI221_X1)                             0.0507     1.8055 f
  DP_i/U239/ZN (INV_X1)                                 0.0296     1.8350 r
  DP_i/U731/ZN (AND4_X1)                                0.0614     1.8964 r
  DP_i/U359/ZN (AND4_X1)                                0.0650     1.9614 r
  DP_i/U356/ZN (AND3_X1)                                0.0480     2.0094 r
  DP_i/U291/ZN (AND2_X1)                                0.0406     2.0501 r
  DP_i/U736/ZN (NAND4_X1)                               0.0449     2.0950 f
  DP_i/U725/ZN (AND2_X2)                                0.0536     2.1486 f
  DP_i/U5591/ZN (OR3_X1)                                0.0896     2.2382 f
  DP_i/U743/ZN (INV_X4)                                 0.1014     2.3397 r
  DP_i/U3138/ZN (AOI22_X1)                              0.0694     2.4090 f
  DP_i/U3139/ZN (OAI211_X1)                             0.0457     2.4548 r
  DP_i/fetch_i_pc_i_Y_reg_5_/D (DFF_X1)                 0.0110     2.4658 r
  data arrival time                                                2.4658

  clock CLK (rise edge)                                 2.5000     2.5000
  clock network delay (ideal)                           0.0500     2.5500
  clock uncertainty                                    -0.0500     2.5000
  DP_i/fetch_i_pc_i_Y_reg_5_/CK (DFF_X1)                0.0000     2.5000 r
  library setup time                                   -0.0305     2.4695
  data required time                                               2.4695
  --------------------------------------------------------------------------
  data required time                                               2.4695
  data arrival time                                               -2.4658
  --------------------------------------------------------------------------
  slack (MET)                                                      0.0037


  Startpoint: DP_i/fetch_i_IR_out_reg_24_
              (rising edge-triggered flip-flop clocked by CLK)
  Endpoint: DP_i/fetch_i_pc_i_Y_reg_4_
            (rising edge-triggered flip-flop clocked by CLK)
  Path Group: REG2REG
  Path Type: max

  Des/Clust/Port     Wire Load Model       Library
  ------------------------------------------------
  DLX                5K_hvratio_1_4        NangateOpenCellLibrary

  Point                                                   Incr       Path
  --------------------------------------------------------------------------
  clock CLK (rise edge)                                 0.0000     0.0000
  clock network delay (ideal)                           0.0500     0.0500
  DP_i/fetch_i_IR_out_reg_24_/CK (DFF_X2)               0.0000     0.0500 r
  DP_i/fetch_i_IR_out_reg_24_/Q (DFF_X2)                0.1205     0.1705 f
  DP_i/U1252/ZN (AOI22_X1)                              0.0828     0.2533 r
  DP_i/U1253/ZN (OAI221_X1)                             0.0566     0.3099 f
  DP_i/U1254/ZN (NOR3_X2)                               0.0908     0.4006 r
  DP_i/U1270/ZN (OR2_X1)                                0.0451     0.4458 r
  DP_i/U1271/ZN (OR2_X2)                                0.0600     0.5057 r
  DP_i/U161/ZN (NOR2_X2)                                0.0850     0.5908 f
  DP_i/U146/Z (BUF_X1)                                  0.1149     0.7057 f
  DP_i/U1583/ZN (AOI22_X1)                              0.1006     0.8063 r
  DP_i/U1587/ZN (NAND4_X1)                              0.0408     0.8471 f
  DP_i/U109/ZN (OR4_X1)                                 0.1198     0.9669 f
  DP_i/U1598/ZN (OAI222_X1)                             0.0750     1.0419 r
  DP_i/U669/ZN (AND4_X1)                                0.0779     1.1198 r
  DP_i/U230/ZN (AND2_X1)                                0.0393     1.1591 r
  DP_i/U229/ZN (AND4_X1)                                0.0631     1.2222 r
  DP_i/U211/ZN (AND4_X1)                                0.0679     1.2900 r
  DP_i/U2037/ZN (OAI21_X1)                              0.0329     1.3229 f
  DP_i/U2038/ZN (AOI21_X1)                              0.0411     1.3640 r
  DP_i/U216/ZN (OR2_X1)                                 0.0388     1.4027 r
  DP_i/U256/ZN (OAI211_X1)                              0.0356     1.4383 f
  DP_i/U661/ZN (NAND2_X1)                               0.0456     1.4839 r
  DP_i/U48/Z (BUF_X1)                                   0.1198     1.6037 r
  DP_i/U2605/ZN (AOI22_X1)                              0.0818     1.6855 f
  DP_i/U2788/ZN (AOI22_X1)                              0.0692     1.7547 r
  DP_i/U2793/ZN (OAI221_X1)                             0.0507     1.8055 f
  DP_i/U239/ZN (INV_X1)                                 0.0296     1.8350 r
  DP_i/U731/ZN (AND4_X1)                                0.0614     1.8964 r
  DP_i/U359/ZN (AND4_X1)                                0.0650     1.9614 r
  DP_i/U356/ZN (AND3_X1)                                0.0480     2.0094 r
  DP_i/U291/ZN (AND2_X1)                                0.0406     2.0501 r
  DP_i/U736/ZN (NAND4_X1)                               0.0449     2.0950 f
  DP_i/U725/ZN (AND2_X2)                                0.0536     2.1486 f
  DP_i/U5591/ZN (OR3_X1)                                0.0896     2.2382 f
  DP_i/U743/ZN (INV_X4)                                 0.1014     2.3397 r
  DP_i/U3144/ZN (AOI22_X1)                              0.0694     2.4090 f
  DP_i/U3145/ZN (OAI211_X1)                             0.0457     2.4548 r
  DP_i/fetch_i_pc_i_Y_reg_4_/D (DFF_X1)                 0.0110     2.4658 r
  data arrival time                                                2.4658

  clock CLK (rise edge)                                 2.5000     2.5000
  clock network delay (ideal)                           0.0500     2.5500
  clock uncertainty                                    -0.0500     2.5000
  DP_i/fetch_i_pc_i_Y_reg_4_/CK (DFF_X1)                0.0000     2.5000 r
  library setup time                                   -0.0305     2.4695
  data required time                                               2.4695
  --------------------------------------------------------------------------
  data required time                                               2.4695
  data arrival time                                               -2.4658
  --------------------------------------------------------------------------
  slack (MET)                                                      0.0037


1
