 
****************************************
Report : timing
        -path full
        -delay max
        -nworst 2
        -max_paths 10
Design : DLX
Version: W-2024.09-SP2
Date   : Tue Sep 29 11:52:50 2026
****************************************

Operating Conditions: typical   Library: NangateOpenCellLibrary
Wire Load Model Mode: top

  Startpoint: DP_i_fetch_i_IR_out_reg_23_
              (rising edge-triggered flip-flop clocked by CLK)
  Endpoint: DP_i_fetch_i_pc_i_clk_gate_Y_reg/latch
            (gating element for clock CLK)
  Path Group: CLK
  Path Type: max

  Des/Clust/Port     Wire Load Model       Library
  ------------------------------------------------
  DLX                5K_hvratio_1_4        NangateOpenCellLibrary

  Point                                                   Incr       Path
  --------------------------------------------------------------------------
  clock CLK (rise edge)                                 0.0000     0.0000
  clock network delay (ideal)                           0.0500     0.0500
  DP_i_fetch_i_IR_out_reg_23_/CK (DFF_X1)               0.0000     0.0500 r
  DP_i_fetch_i_IR_out_reg_23_/Q (DFF_X1)                0.0996     0.1496 f
  U1821/ZN (AND2_X1)                                    0.0465     0.1961 f
  U1932/ZN (AND2_X1)                                    0.0457     0.2418 f
  U1936/ZN (AND2_X1)                                    0.0456     0.2874 f
  U2863/ZN (INV_X1)                                     0.0391     0.3265 r
  U3082/ZN (INV_X1)                                     0.0378     0.3643 f
  U3392/ZN (AOI22_X1)                                   0.0480     0.4123 r
  U3393/ZN (AND4_X1)                                    0.0668     0.4791 r
  U3401/ZN (AND4_X1)                                    0.0607     0.5398 r
  U3403/ZN (OAI21_X1)                                   0.0330     0.5729 f
  U3804/ZN (NAND2_X1)                                   0.0358     0.6087 r
  U3806/ZN (AND2_X1)                                    0.0407     0.6493 r
  U1747/ZN (AND4_X1)                                    0.0662     0.7156 r
  U922/ZN (AND4_X1)                                     0.0685     0.7841 r
  U3834/ZN (NAND4_X1)                                   0.0514     0.8355 f
  U4046/ZN (AND2_X1)                                    0.0511     0.8867 f
  U4072/ZN (NOR2_X1)                                    0.0386     0.9252 r
  U4073/ZN (OAI21_X1)                                   0.0362     0.9615 f
  U4097/Z (BUF_X1)                                      0.0446     1.0061 f
  U4102/ZN (OR2_X1)                                     0.0533     1.0594 f
  U1869/ZN (AND2_X1)                                    0.0413     1.1007 f
  U4104/ZN (XNOR2_X1)                                   0.0474     1.1481 r
  U4139/ZN (NAND4_X1)                                   0.0432     1.1913 f
  U1463/ZN (OR3_X1)                                     0.0777     1.2690 f
  U1464/ZN (NOR2_X1)                                    0.0398     1.3088 r
  U7616/ZN (NAND4_X1)                                   0.0549     1.3637 f
  U7617/ZN (NAND2_X1)                                   0.0418     1.4055 r
  U11685/ZN (NAND2_X1)                                  0.0286     1.4341 f
  DP_i_fetch_i_pc_i_clk_gate_Y_reg/EN (SNPS_CLOCK_GATE_HIGH_data_reg_NBIT30_2_2)
                                                        0.0000     1.4341 f
  DP_i_fetch_i_pc_i_clk_gate_Y_reg/latch/E (CLKGATETST_X1)
                                                        0.0088     1.4429 f
  data arrival time                                                1.4429

  clock CLK (rise edge)                                 1.0500     1.0500
  clock network delay (ideal)                           0.0500     1.1000
  clock uncertainty                                    -0.0500     1.0500
  DP_i_fetch_i_pc_i_clk_gate_Y_reg/latch/CK (CLKGATETST_X1)
                                                        0.0000     1.0500 r
  clock gating setup time                              -0.0627     0.9873
  data required time                                               0.9873
  --------------------------------------------------------------------------
  data required time                                               0.9873
  data arrival time                                               -1.4429
  --------------------------------------------------------------------------
  slack (VIOLATED)                                                -0.4556


  Startpoint: DP_i_fetch_i_IR_out_reg_22_
              (rising edge-triggered flip-flop clocked by CLK)
  Endpoint: DP_i_fetch_i_pc_i_clk_gate_Y_reg/latch
            (gating element for clock CLK)
  Path Group: CLK
  Path Type: max

  Des/Clust/Port     Wire Load Model       Library
  ------------------------------------------------
  DLX                5K_hvratio_1_4        NangateOpenCellLibrary

  Point                                                   Incr       Path
  --------------------------------------------------------------------------
  clock CLK (rise edge)                                 0.0000     0.0000
  clock network delay (ideal)                           0.0500     0.0500
  DP_i_fetch_i_IR_out_reg_22_/CK (DFF_X1)               0.0000     0.0500 r
  DP_i_fetch_i_IR_out_reg_22_/Q (DFF_X1)                0.1037     0.1537 f
  U1574/ZN (AND2_X2)                                    0.0547     0.2084 f
  U1953/ZN (INV_X1)                                     0.0457     0.2540 r
  U1969/ZN (NOR2_X1)                                    0.0323     0.2864 f
  U1639/Z (BUF_X2)                                      0.0528     0.3392 f
  U3382/ZN (AOI22_X1)                                   0.0659     0.4051 r
  U3383/ZN (AND4_X1)                                    0.0671     0.4722 r
  U3401/ZN (AND4_X1)                                    0.0673     0.5395 r
  U3403/ZN (OAI21_X1)                                   0.0330     0.5725 f
  U3804/ZN (NAND2_X1)                                   0.0358     0.6083 r
  U3806/ZN (AND2_X1)                                    0.0407     0.6490 r
  U1747/ZN (AND4_X1)                                    0.0662     0.7152 r
  U922/ZN (AND4_X1)                                     0.0685     0.7838 r
  U3834/ZN (NAND4_X1)                                   0.0514     0.8352 f
  U4046/ZN (AND2_X1)                                    0.0511     0.8863 f
  U4072/ZN (NOR2_X1)                                    0.0386     0.9249 r
  U4073/ZN (OAI21_X1)                                   0.0362     0.9611 f
  U4097/Z (BUF_X1)                                      0.0446     1.0058 f
  U4102/ZN (OR2_X1)                                     0.0533     1.0590 f
  U1869/ZN (AND2_X1)                                    0.0413     1.1004 f
  U4104/ZN (XNOR2_X1)                                   0.0474     1.1478 r
  U4139/ZN (NAND4_X1)                                   0.0432     1.1910 f
  U1463/ZN (OR3_X1)                                     0.0777     1.2687 f
  U1464/ZN (NOR2_X1)                                    0.0398     1.3084 r
  U7616/ZN (NAND4_X1)                                   0.0549     1.3633 f
  U7617/ZN (NAND2_X1)                                   0.0418     1.4051 r
  U11685/ZN (NAND2_X1)                                  0.0286     1.4337 f
  DP_i_fetch_i_pc_i_clk_gate_Y_reg/EN (SNPS_CLOCK_GATE_HIGH_data_reg_NBIT30_2_2)
                                                        0.0000     1.4337 f
  DP_i_fetch_i_pc_i_clk_gate_Y_reg/latch/E (CLKGATETST_X1)
                                                        0.0088     1.4425 f
  data arrival time                                                1.4425

  clock CLK (rise edge)                                 1.0500     1.0500
  clock network delay (ideal)                           0.0500     1.1000
  clock uncertainty                                    -0.0500     1.0500
  DP_i_fetch_i_pc_i_clk_gate_Y_reg/latch/CK (CLKGATETST_X1)
                                                        0.0000     1.0500 r
  clock gating setup time                              -0.0627     0.9873
  data required time                                               0.9873
  --------------------------------------------------------------------------
  data required time                                               0.9873
  data arrival time                                               -1.4425
  --------------------------------------------------------------------------
  slack (VIOLATED)                                                -0.4552


  Startpoint: DP_i_fetch_i_IR_out_reg_23_
              (rising edge-triggered flip-flop clocked by CLK)
  Endpoint: DP_i_fetch_i_btb_i_clk_gate_btb_table_reg_3__TARGET_/latch
            (gating element for clock CLK)
  Path Group: CLK
  Path Type: max

  Des/Clust/Port     Wire Load Model       Library
  ------------------------------------------------
  DLX                5K_hvratio_1_4        NangateOpenCellLibrary

  Point                                                   Incr       Path
  --------------------------------------------------------------------------
  clock CLK (rise edge)                                 0.0000     0.0000
  clock network delay (ideal)                           0.0500     0.0500
  DP_i_fetch_i_IR_out_reg_23_/CK (DFF_X1)               0.0000     0.0500 r
  DP_i_fetch_i_IR_out_reg_23_/QN (DFF_X1)               0.0870     0.1370 f
  U1681/ZN (OR2_X1)                                     0.0713     0.2083 f
  U1584/ZN (OR2_X1)                                     0.0638     0.2721 f
  U1691/ZN (NOR2_X2)                                    0.0654     0.3374 r
  U1729/Z (BUF_X2)                                      0.0575     0.3949 r
  U1480/ZN (AND2_X1)                                    0.0474     0.4424 r
  U1478/ZN (NOR2_X1)                                    0.0235     0.4659 f
  U2708/ZN (AND4_X1)                                    0.0383     0.5042 f
  U2726/ZN (AND4_X1)                                    0.0433     0.5475 f
  U2733/ZN (OAI211_X1)                                  0.0501     0.5976 r
  U1748/ZN (OAI211_X1)                                  0.0472     0.6448 f
  U937/Z (MUX2_X1)                                      0.0740     0.7188 f
  U1772/ZN (AND2_X1)                                    0.0383     0.7571 f
  U1755/ZN (NAND2_X1)                                   0.0311     0.7882 r
  U1754/ZN (NAND2_X1)                                   0.0347     0.8229 f
  U5194/ZN (AND2_X1)                                    0.0468     0.8697 f
  U898/ZN (NAND2_X1)                                    0.0337     0.9034 r
  U903/ZN (AND2_X1)                                     0.0460     0.9494 r
  U5344/ZN (AND3_X1)                                    0.0569     1.0063 r
  U1482/Z (BUF_X1)                                      0.0364     1.0427 r
  U1673/ZN (OR3_X1)                                     0.0391     1.0818 r
  U1675/ZN (OAI21_X1)                                   0.0360     1.1179 f
  U1508/ZN (OR4_X4)                                     0.1172     1.2351 f
  U10410/ZN (OR2_X2)                                    0.0950     1.3301 f
  U10409/ZN (NAND2_X1)                                  0.0459     1.3760 r
  U10435/ZN (AND2_X1)                                   0.0460     1.4220 r
  DP_i_fetch_i_btb_i_clk_gate_btb_table_reg_3__TARGET_/EN (SNPS_CLOCK_GATE_HIGH_BTB_NBIT32_BTB_DEPTH16_BTB_INDEX_MSB5_26)
                                                        0.0000     1.4220 r
  DP_i_fetch_i_btb_i_clk_gate_btb_table_reg_3__TARGET_/latch/E (CLKGATETST_X1)
                                                        0.0091     1.4310 r
  data arrival time                                                1.4310

  clock CLK (rise edge)                                 1.0500     1.0500
  clock network delay (ideal)                           0.0500     1.1000
  clock uncertainty                                    -0.0500     1.0500
  DP_i_fetch_i_btb_i_clk_gate_btb_table_reg_3__TARGET_/latch/CK (CLKGATETST_X1)
                                                        0.0000     1.0500 r
  clock gating setup time                              -0.0719     0.9781
  data required time                                               0.9781
  --------------------------------------------------------------------------
  data required time                                               0.9781
  data arrival time                                               -1.4310
  --------------------------------------------------------------------------
  slack (VIOLATED)                                                -0.4530


  Startpoint: DP_i_fetch_i_IR_out_reg_23_
              (rising edge-triggered flip-flop clocked by CLK)
  Endpoint: DP_i_fetch_i_btb_i_clk_gate_btb_table_reg_3__TARGET_/latch
            (gating element for clock CLK)
  Path Group: CLK
  Path Type: max

  Des/Clust/Port     Wire Load Model       Library
  ------------------------------------------------
  DLX                5K_hvratio_1_4        NangateOpenCellLibrary

  Point                                                   Incr       Path
  --------------------------------------------------------------------------
  clock CLK (rise edge)                                 0.0000     0.0000
  clock network delay (ideal)                           0.0500     0.0500
  DP_i_fetch_i_IR_out_reg_23_/CK (DFF_X1)               0.0000     0.0500 r
  DP_i_fetch_i_IR_out_reg_23_/QN (DFF_X1)               0.0870     0.1370 f
  U1681/ZN (OR2_X1)                                     0.0713     0.2083 f
  U1584/ZN (OR2_X1)                                     0.0638     0.2721 f
  U1691/ZN (NOR2_X2)                                    0.0654     0.3374 r
  U1729/Z (BUF_X2)                                      0.0575     0.3949 r
  U1480/ZN (AND2_X1)                                    0.0474     0.4424 r
  U1478/ZN (NOR2_X1)                                    0.0235     0.4659 f
  U2708/ZN (AND4_X1)                                    0.0383     0.5042 f
  U2726/ZN (AND4_X1)                                    0.0433     0.5475 f
  U2733/ZN (OAI211_X1)                                  0.0501     0.5976 r
  U1748/ZN (OAI211_X1)                                  0.0472     0.6448 f
  U937/Z (MUX2_X1)                                      0.0740     0.7188 f
  U1772/ZN (AND2_X1)                                    0.0383     0.7571 f
  U1755/ZN (NAND2_X1)                                   0.0311     0.7882 r
  U1754/ZN (NAND2_X1)                                   0.0347     0.8229 f
  U5194/ZN (AND2_X1)                                    0.0468     0.8697 f
  U898/ZN (NAND2_X1)                                    0.0337     0.9034 r
  U903/ZN (AND2_X1)                                     0.0460     0.9494 r
  U5344/ZN (AND3_X1)                                    0.0569     1.0063 r
  U1482/Z (BUF_X1)                                      0.0364     1.0427 r
  U1673/ZN (OR3_X1)                                     0.0391     1.0818 r
  U1675/ZN (OAI21_X1)                                   0.0360     1.1179 f
  U1508/ZN (OR4_X4)                                     0.1172     1.2351 f
  U10410/ZN (OR2_X2)                                    0.0950     1.3301 f
  U10409/ZN (NAND2_X1)                                  0.0459     1.3760 r
  U10435/ZN (AND2_X1)                                   0.0460     1.4220 r
  DP_i_fetch_i_btb_i_clk_gate_btb_table_reg_3__TARGET_/EN (SNPS_CLOCK_GATE_HIGH_BTB_NBIT32_BTB_DEPTH16_BTB_INDEX_MSB5_26)
                                                        0.0000     1.4220 r
  DP_i_fetch_i_btb_i_clk_gate_btb_table_reg_3__TARGET_/latch/E (CLKGATETST_X1)
                                                        0.0091     1.4310 r
  data arrival time                                                1.4310

  clock CLK (rise edge)                                 1.0500     1.0500
  clock network delay (ideal)                           0.0500     1.1000
  clock uncertainty                                    -0.0500     1.0500
  DP_i_fetch_i_btb_i_clk_gate_btb_table_reg_3__TARGET_/latch/CK (CLKGATETST_X1)
                                                        0.0000     1.0500 r
  clock gating setup time                              -0.0719     0.9781
  data required time                                               0.9781
  --------------------------------------------------------------------------
  data required time                                               0.9781
  data arrival time                                               -1.4310
  --------------------------------------------------------------------------
  slack (VIOLATED)                                                -0.4530


  Startpoint: DP_i_fetch_i_IR_out_reg_23_
              (rising edge-triggered flip-flop clocked by CLK)
  Endpoint: DP_i_fetch_i_btb_i_clk_gate_btb_table_reg_1__TARGET_/latch
            (gating element for clock CLK)
  Path Group: CLK
  Path Type: max

  Des/Clust/Port     Wire Load Model       Library
  ------------------------------------------------
  DLX                5K_hvratio_1_4        NangateOpenCellLibrary

  Point                                                   Incr       Path
  --------------------------------------------------------------------------
  clock CLK (rise edge)                                 0.0000     0.0000
  clock network delay (ideal)                           0.0500     0.0500
  DP_i_fetch_i_IR_out_reg_23_/CK (DFF_X1)               0.0000     0.0500 r
  DP_i_fetch_i_IR_out_reg_23_/QN (DFF_X1)               0.0870     0.1370 f
  U1681/ZN (OR2_X1)                                     0.0713     0.2083 f
  U1584/ZN (OR2_X1)                                     0.0638     0.2721 f
  U1691/ZN (NOR2_X2)                                    0.0654     0.3374 r
  U1729/Z (BUF_X2)                                      0.0575     0.3949 r
  U1480/ZN (AND2_X1)                                    0.0474     0.4424 r
  U1478/ZN (NOR2_X1)                                    0.0235     0.4659 f
  U2708/ZN (AND4_X1)                                    0.0383     0.5042 f
  U2726/ZN (AND4_X1)                                    0.0433     0.5475 f
  U2733/ZN (OAI211_X1)                                  0.0501     0.5976 r
  U1748/ZN (OAI211_X1)                                  0.0472     0.6448 f
  U937/Z (MUX2_X1)                                      0.0740     0.7188 f
  U1772/ZN (AND2_X1)                                    0.0383     0.7571 f
  U1755/ZN (NAND2_X1)                                   0.0311     0.7882 r
  U1754/ZN (NAND2_X1)                                   0.0347     0.8229 f
  U5194/ZN (AND2_X1)                                    0.0468     0.8697 f
  U898/ZN (NAND2_X1)                                    0.0337     0.9034 r
  U903/ZN (AND2_X1)                                     0.0460     0.9494 r
  U5344/ZN (AND3_X1)                                    0.0569     1.0063 r
  U1482/Z (BUF_X1)                                      0.0364     1.0427 r
  U1673/ZN (OR3_X1)                                     0.0391     1.0818 r
  U1675/ZN (OAI21_X1)                                   0.0360     1.1179 f
  U1508/ZN (OR4_X4)                                     0.1172     1.2351 f
  U10410/ZN (OR2_X2)                                    0.0950     1.3301 f
  U10409/ZN (NAND2_X1)                                  0.0459     1.3760 r
  U10437/ZN (AND2_X1)                                   0.0453     1.4213 r
  DP_i_fetch_i_btb_i_clk_gate_btb_table_reg_1__TARGET_/EN (SNPS_CLOCK_GATE_HIGH_BTB_NBIT32_BTB_DEPTH16_BTB_INDEX_MSB5_30)
                                                        0.0000     1.4213 r
  DP_i_fetch_i_btb_i_clk_gate_btb_table_reg_1__TARGET_/latch/E (CLKGATETST_X1)
                                                        0.0091     1.4303 r
  data arrival time                                                1.4303

  clock CLK (rise edge)                                 1.0500     1.0500
  clock network delay (ideal)                           0.0500     1.1000
  clock uncertainty                                    -0.0500     1.0500
  DP_i_fetch_i_btb_i_clk_gate_btb_table_reg_1__TARGET_/latch/CK (CLKGATETST_X1)
                                                        0.0000     1.0500 r
  clock gating setup time                              -0.0719     0.9781
  data required time                                               0.9781
  --------------------------------------------------------------------------
  data required time                                               0.9781
  data arrival time                                               -1.4303
  --------------------------------------------------------------------------
  slack (VIOLATED)                                                -0.4522


  Startpoint: DP_i_fetch_i_IR_out_reg_23_
              (rising edge-triggered flip-flop clocked by CLK)
  Endpoint: DP_i_fetch_i_btb_i_clk_gate_btb_table_reg_1__TARGET_/latch
            (gating element for clock CLK)
  Path Group: CLK
  Path Type: max

  Des/Clust/Port     Wire Load Model       Library
  ------------------------------------------------
  DLX                5K_hvratio_1_4        NangateOpenCellLibrary

  Point                                                   Incr       Path
  --------------------------------------------------------------------------
  clock CLK (rise edge)                                 0.0000     0.0000
  clock network delay (ideal)                           0.0500     0.0500
  DP_i_fetch_i_IR_out_reg_23_/CK (DFF_X1)               0.0000     0.0500 r
  DP_i_fetch_i_IR_out_reg_23_/QN (DFF_X1)               0.0870     0.1370 f
  U1681/ZN (OR2_X1)                                     0.0713     0.2083 f
  U1584/ZN (OR2_X1)                                     0.0638     0.2721 f
  U1691/ZN (NOR2_X2)                                    0.0654     0.3374 r
  U1729/Z (BUF_X2)                                      0.0575     0.3949 r
  U1480/ZN (AND2_X1)                                    0.0474     0.4424 r
  U1478/ZN (NOR2_X1)                                    0.0235     0.4659 f
  U2708/ZN (AND4_X1)                                    0.0383     0.5042 f
  U2726/ZN (AND4_X1)                                    0.0433     0.5475 f
  U2733/ZN (OAI211_X1)                                  0.0501     0.5976 r
  U1748/ZN (OAI211_X1)                                  0.0472     0.6448 f
  U937/Z (MUX2_X1)                                      0.0740     0.7188 f
  U1772/ZN (AND2_X1)                                    0.0383     0.7571 f
  U1755/ZN (NAND2_X1)                                   0.0311     0.7882 r
  U1754/ZN (NAND2_X1)                                   0.0347     0.8229 f
  U5194/ZN (AND2_X1)                                    0.0468     0.8697 f
  U898/ZN (NAND2_X1)                                    0.0337     0.9034 r
  U903/ZN (AND2_X1)                                     0.0460     0.9494 r
  U5344/ZN (AND3_X1)                                    0.0569     1.0063 r
  U1482/Z (BUF_X1)                                      0.0364     1.0427 r
  U1673/ZN (OR3_X1)                                     0.0391     1.0818 r
  U1675/ZN (OAI21_X1)                                   0.0360     1.1179 f
  U1508/ZN (OR4_X4)                                     0.1172     1.2351 f
  U10410/ZN (OR2_X2)                                    0.0950     1.3301 f
  U10409/ZN (NAND2_X1)                                  0.0459     1.3760 r
  U10437/ZN (AND2_X1)                                   0.0453     1.4213 r
  DP_i_fetch_i_btb_i_clk_gate_btb_table_reg_1__TARGET_/EN (SNPS_CLOCK_GATE_HIGH_BTB_NBIT32_BTB_DEPTH16_BTB_INDEX_MSB5_30)
                                                        0.0000     1.4213 r
  DP_i_fetch_i_btb_i_clk_gate_btb_table_reg_1__TARGET_/latch/E (CLKGATETST_X1)
                                                        0.0091     1.4303 r
  data arrival time                                                1.4303

  clock CLK (rise edge)                                 1.0500     1.0500
  clock network delay (ideal)                           0.0500     1.1000
  clock uncertainty                                    -0.0500     1.0500
  DP_i_fetch_i_btb_i_clk_gate_btb_table_reg_1__TARGET_/latch/CK (CLKGATETST_X1)
                                                        0.0000     1.0500 r
  clock gating setup time                              -0.0719     0.9781
  data required time                                               0.9781
  --------------------------------------------------------------------------
  data required time                                               0.9781
  data arrival time                                               -1.4303
  --------------------------------------------------------------------------
  slack (VIOLATED)                                                -0.4522


  Startpoint: DP_i_fetch_i_IR_out_reg_23_
              (rising edge-triggered flip-flop clocked by CLK)
  Endpoint: DP_i_fetch_i_btb_i_clk_gate_btb_table_reg_2__TARGET_/latch
            (gating element for clock CLK)
  Path Group: CLK
  Path Type: max

  Des/Clust/Port     Wire Load Model       Library
  ------------------------------------------------
  DLX                5K_hvratio_1_4        NangateOpenCellLibrary

  Point                                                   Incr       Path
  --------------------------------------------------------------------------
  clock CLK (rise edge)                                 0.0000     0.0000
  clock network delay (ideal)                           0.0500     0.0500
  DP_i_fetch_i_IR_out_reg_23_/CK (DFF_X1)               0.0000     0.0500 r
  DP_i_fetch_i_IR_out_reg_23_/QN (DFF_X1)               0.0870     0.1370 f
  U1681/ZN (OR2_X1)                                     0.0713     0.2083 f
  U1584/ZN (OR2_X1)                                     0.0638     0.2721 f
  U1691/ZN (NOR2_X2)                                    0.0654     0.3374 r
  U1729/Z (BUF_X2)                                      0.0575     0.3949 r
  U1480/ZN (AND2_X1)                                    0.0474     0.4424 r
  U1478/ZN (NOR2_X1)                                    0.0235     0.4659 f
  U2708/ZN (AND4_X1)                                    0.0383     0.5042 f
  U2726/ZN (AND4_X1)                                    0.0433     0.5475 f
  U2733/ZN (OAI211_X1)                                  0.0501     0.5976 r
  U1748/ZN (OAI211_X1)                                  0.0472     0.6448 f
  U937/Z (MUX2_X1)                                      0.0740     0.7188 f
  U1772/ZN (AND2_X1)                                    0.0383     0.7571 f
  U1755/ZN (NAND2_X1)                                   0.0311     0.7882 r
  U1754/ZN (NAND2_X1)                                   0.0347     0.8229 f
  U5194/ZN (AND2_X1)                                    0.0468     0.8697 f
  U898/ZN (NAND2_X1)                                    0.0337     0.9034 r
  U903/ZN (AND2_X1)                                     0.0460     0.9494 r
  U5344/ZN (AND3_X1)                                    0.0569     1.0063 r
  U1482/Z (BUF_X1)                                      0.0364     1.0427 r
  U1673/ZN (OR3_X1)                                     0.0391     1.0818 r
  U1675/ZN (OAI21_X1)                                   0.0360     1.1179 f
  U1508/ZN (OR4_X4)                                     0.1172     1.2351 f
  U10410/ZN (OR2_X2)                                    0.0950     1.3301 f
  U10409/ZN (NAND2_X1)                                  0.0459     1.3760 r
  U10436/ZN (AND2_X1)                                   0.0453     1.4213 r
  DP_i_fetch_i_btb_i_clk_gate_btb_table_reg_2__TARGET_/EN (SNPS_CLOCK_GATE_HIGH_BTB_NBIT32_BTB_DEPTH16_BTB_INDEX_MSB5_28)
                                                        0.0000     1.4213 r
  DP_i_fetch_i_btb_i_clk_gate_btb_table_reg_2__TARGET_/latch/E (CLKGATETST_X1)
                                                        0.0091     1.4303 r
  data arrival time                                                1.4303

  clock CLK (rise edge)                                 1.0500     1.0500
  clock network delay (ideal)                           0.0500     1.1000
  clock uncertainty                                    -0.0500     1.0500
  DP_i_fetch_i_btb_i_clk_gate_btb_table_reg_2__TARGET_/latch/CK (CLKGATETST_X1)
                                                        0.0000     1.0500 r
  clock gating setup time                              -0.0719     0.9781
  data required time                                               0.9781
  --------------------------------------------------------------------------
  data required time                                               0.9781
  data arrival time                                               -1.4303
  --------------------------------------------------------------------------
  slack (VIOLATED)                                                -0.4522


  Startpoint: DP_i_fetch_i_IR_out_reg_23_
              (rising edge-triggered flip-flop clocked by CLK)
  Endpoint: DP_i_fetch_i_btb_i_clk_gate_btb_table_reg_2__TARGET_/latch
            (gating element for clock CLK)
  Path Group: CLK
  Path Type: max

  Des/Clust/Port     Wire Load Model       Library
  ------------------------------------------------
  DLX                5K_hvratio_1_4        NangateOpenCellLibrary

  Point                                                   Incr       Path
  --------------------------------------------------------------------------
  clock CLK (rise edge)                                 0.0000     0.0000
  clock network delay (ideal)                           0.0500     0.0500
  DP_i_fetch_i_IR_out_reg_23_/CK (DFF_X1)               0.0000     0.0500 r
  DP_i_fetch_i_IR_out_reg_23_/QN (DFF_X1)               0.0870     0.1370 f
  U1681/ZN (OR2_X1)                                     0.0713     0.2083 f
  U1584/ZN (OR2_X1)                                     0.0638     0.2721 f
  U1691/ZN (NOR2_X2)                                    0.0654     0.3374 r
  U1729/Z (BUF_X2)                                      0.0575     0.3949 r
  U1480/ZN (AND2_X1)                                    0.0474     0.4424 r
  U1478/ZN (NOR2_X1)                                    0.0235     0.4659 f
  U2708/ZN (AND4_X1)                                    0.0383     0.5042 f
  U2726/ZN (AND4_X1)                                    0.0433     0.5475 f
  U2733/ZN (OAI211_X1)                                  0.0501     0.5976 r
  U1748/ZN (OAI211_X1)                                  0.0472     0.6448 f
  U937/Z (MUX2_X1)                                      0.0740     0.7188 f
  U1772/ZN (AND2_X1)                                    0.0383     0.7571 f
  U1755/ZN (NAND2_X1)                                   0.0311     0.7882 r
  U1754/ZN (NAND2_X1)                                   0.0347     0.8229 f
  U5194/ZN (AND2_X1)                                    0.0468     0.8697 f
  U898/ZN (NAND2_X1)                                    0.0337     0.9034 r
  U903/ZN (AND2_X1)                                     0.0460     0.9494 r
  U5344/ZN (AND3_X1)                                    0.0569     1.0063 r
  U1482/Z (BUF_X1)                                      0.0364     1.0427 r
  U1673/ZN (OR3_X1)                                     0.0391     1.0818 r
  U1675/ZN (OAI21_X1)                                   0.0360     1.1179 f
  U1508/ZN (OR4_X4)                                     0.1172     1.2351 f
  U10410/ZN (OR2_X2)                                    0.0950     1.3301 f
  U10409/ZN (NAND2_X1)                                  0.0459     1.3760 r
  U10436/ZN (AND2_X1)                                   0.0453     1.4213 r
  DP_i_fetch_i_btb_i_clk_gate_btb_table_reg_2__TARGET_/EN (SNPS_CLOCK_GATE_HIGH_BTB_NBIT32_BTB_DEPTH16_BTB_INDEX_MSB5_28)
                                                        0.0000     1.4213 r
  DP_i_fetch_i_btb_i_clk_gate_btb_table_reg_2__TARGET_/latch/E (CLKGATETST_X1)
                                                        0.0091     1.4303 r
  data arrival time                                                1.4303

  clock CLK (rise edge)                                 1.0500     1.0500
  clock network delay (ideal)                           0.0500     1.1000
  clock uncertainty                                    -0.0500     1.0500
  DP_i_fetch_i_btb_i_clk_gate_btb_table_reg_2__TARGET_/latch/CK (CLKGATETST_X1)
                                                        0.0000     1.0500 r
  clock gating setup time                              -0.0719     0.9781
  data required time                                               0.9781
  --------------------------------------------------------------------------
  data required time                                               0.9781
  data arrival time                                               -1.4303
  --------------------------------------------------------------------------
  slack (VIOLATED)                                                -0.4522


  Startpoint: DP_i_fetch_i_IR_out_reg_23_
              (rising edge-triggered flip-flop clocked by CLK)
  Endpoint: DP_i_fetch_i_btb_i_clk_gate_btb_table_reg_0__TARGET_/latch
            (gating element for clock CLK)
  Path Group: CLK
  Path Type: max

  Des/Clust/Port     Wire Load Model       Library
  ------------------------------------------------
  DLX                5K_hvratio_1_4        NangateOpenCellLibrary

  Point                                                   Incr       Path
  --------------------------------------------------------------------------
  clock CLK (rise edge)                                 0.0000     0.0000
  clock network delay (ideal)                           0.0500     0.0500
  DP_i_fetch_i_IR_out_reg_23_/CK (DFF_X1)               0.0000     0.0500 r
  DP_i_fetch_i_IR_out_reg_23_/QN (DFF_X1)               0.0870     0.1370 f
  U1681/ZN (OR2_X1)                                     0.0713     0.2083 f
  U1584/ZN (OR2_X1)                                     0.0638     0.2721 f
  U1691/ZN (NOR2_X2)                                    0.0654     0.3374 r
  U1729/Z (BUF_X2)                                      0.0575     0.3949 r
  U1480/ZN (AND2_X1)                                    0.0474     0.4424 r
  U1478/ZN (NOR2_X1)                                    0.0235     0.4659 f
  U2708/ZN (AND4_X1)                                    0.0383     0.5042 f
  U2726/ZN (AND4_X1)                                    0.0433     0.5475 f
  U2733/ZN (OAI211_X1)                                  0.0501     0.5976 r
  U1748/ZN (OAI211_X1)                                  0.0472     0.6448 f
  U937/Z (MUX2_X1)                                      0.0740     0.7188 f
  U1772/ZN (AND2_X1)                                    0.0383     0.7571 f
  U1755/ZN (NAND2_X1)                                   0.0311     0.7882 r
  U1754/ZN (NAND2_X1)                                   0.0347     0.8229 f
  U5194/ZN (AND2_X1)                                    0.0468     0.8697 f
  U898/ZN (NAND2_X1)                                    0.0337     0.9034 r
  U903/ZN (AND2_X1)                                     0.0460     0.9494 r
  U5344/ZN (AND3_X1)                                    0.0569     1.0063 r
  U1482/Z (BUF_X1)                                      0.0364     1.0427 r
  U1673/ZN (OR3_X1)                                     0.0391     1.0818 r
  U1675/ZN (OAI21_X1)                                   0.0360     1.1179 f
  U1508/ZN (OR4_X4)                                     0.1172     1.2351 f
  U10410/ZN (OR2_X2)                                    0.0950     1.3301 f
  U10409/ZN (NAND2_X1)                                  0.0459     1.3760 r
  U10438/ZN (AND2_X1)                                   0.0453     1.4213 r
  DP_i_fetch_i_btb_i_clk_gate_btb_table_reg_0__TARGET_/EN (SNPS_CLOCK_GATE_HIGH_BTB_NBIT32_BTB_DEPTH16_BTB_INDEX_MSB5_32)
                                                        0.0000     1.4213 r
  DP_i_fetch_i_btb_i_clk_gate_btb_table_reg_0__TARGET_/latch/E (CLKGATETST_X1)
                                                        0.0091     1.4303 r
  data arrival time                                                1.4303

  clock CLK (rise edge)                                 1.0500     1.0500
  clock network delay (ideal)                           0.0500     1.1000
  clock uncertainty                                    -0.0500     1.0500
  DP_i_fetch_i_btb_i_clk_gate_btb_table_reg_0__TARGET_/latch/CK (CLKGATETST_X1)
                                                        0.0000     1.0500 r
  clock gating setup time                              -0.0718     0.9782
  data required time                                               0.9782
  --------------------------------------------------------------------------
  data required time                                               0.9782
  data arrival time                                               -1.4303
  --------------------------------------------------------------------------
  slack (VIOLATED)                                                -0.4521


  Startpoint: DP_i_fetch_i_IR_out_reg_23_
              (rising edge-triggered flip-flop clocked by CLK)
  Endpoint: DP_i_fetch_i_btb_i_clk_gate_btb_table_reg_0__TARGET_/latch
            (gating element for clock CLK)
  Path Group: CLK
  Path Type: max

  Des/Clust/Port     Wire Load Model       Library
  ------------------------------------------------
  DLX                5K_hvratio_1_4        NangateOpenCellLibrary

  Point                                                   Incr       Path
  --------------------------------------------------------------------------
  clock CLK (rise edge)                                 0.0000     0.0000
  clock network delay (ideal)                           0.0500     0.0500
  DP_i_fetch_i_IR_out_reg_23_/CK (DFF_X1)               0.0000     0.0500 r
  DP_i_fetch_i_IR_out_reg_23_/QN (DFF_X1)               0.0870     0.1370 f
  U1681/ZN (OR2_X1)                                     0.0713     0.2083 f
  U1584/ZN (OR2_X1)                                     0.0638     0.2721 f
  U1691/ZN (NOR2_X2)                                    0.0654     0.3374 r
  U1729/Z (BUF_X2)                                      0.0575     0.3949 r
  U1480/ZN (AND2_X1)                                    0.0474     0.4424 r
  U1478/ZN (NOR2_X1)                                    0.0235     0.4659 f
  U2708/ZN (AND4_X1)                                    0.0383     0.5042 f
  U2726/ZN (AND4_X1)                                    0.0433     0.5475 f
  U2733/ZN (OAI211_X1)                                  0.0501     0.5976 r
  U1748/ZN (OAI211_X1)                                  0.0472     0.6448 f
  U937/Z (MUX2_X1)                                      0.0740     0.7188 f
  U1772/ZN (AND2_X1)                                    0.0383     0.7571 f
  U1755/ZN (NAND2_X1)                                   0.0311     0.7882 r
  U1754/ZN (NAND2_X1)                                   0.0347     0.8229 f
  U5194/ZN (AND2_X1)                                    0.0468     0.8697 f
  U898/ZN (NAND2_X1)                                    0.0337     0.9034 r
  U903/ZN (AND2_X1)                                     0.0460     0.9494 r
  U5344/ZN (AND3_X1)                                    0.0569     1.0063 r
  U1482/Z (BUF_X1)                                      0.0364     1.0427 r
  U1673/ZN (OR3_X1)                                     0.0391     1.0818 r
  U1675/ZN (OAI21_X1)                                   0.0360     1.1179 f
  U1508/ZN (OR4_X4)                                     0.1172     1.2351 f
  U10410/ZN (OR2_X2)                                    0.0950     1.3301 f
  U10409/ZN (NAND2_X1)                                  0.0459     1.3760 r
  U10438/ZN (AND2_X1)                                   0.0453     1.4213 r
  DP_i_fetch_i_btb_i_clk_gate_btb_table_reg_0__TARGET_/EN (SNPS_CLOCK_GATE_HIGH_BTB_NBIT32_BTB_DEPTH16_BTB_INDEX_MSB5_32)
                                                        0.0000     1.4213 r
  DP_i_fetch_i_btb_i_clk_gate_btb_table_reg_0__TARGET_/latch/E (CLKGATETST_X1)
                                                        0.0091     1.4303 r
  data arrival time                                                1.4303

  clock CLK (rise edge)                                 1.0500     1.0500
  clock network delay (ideal)                           0.0500     1.1000
  clock uncertainty                                    -0.0500     1.0500
  DP_i_fetch_i_btb_i_clk_gate_btb_table_reg_0__TARGET_/latch/CK (CLKGATETST_X1)
                                                        0.0000     1.0500 r
  clock gating setup time                              -0.0718     0.9782
  data required time                                               0.9782
  --------------------------------------------------------------------------
  data required time                                               0.9782
  data arrival time                                               -1.4303
  --------------------------------------------------------------------------
  slack (VIOLATED)                                                -0.4521


  Startpoint: DRAM_READY (input port clocked by CLK)
  Endpoint: DP_i_decode_i_B_reg_i_Y_reg_13_
            (rising edge-triggered flip-flop clocked by CLK)
  Path Group: INPUTS
  Path Type: max

  Des/Clust/Port     Wire Load Model       Library
  ------------------------------------------------
  DLX                5K_hvratio_1_4        NangateOpenCellLibrary

  Point                                                   Incr       Path
  --------------------------------------------------------------------------
  clock CLK (rise edge)                                 0.0000     0.0000
  clock network delay (ideal)                           0.0500     0.0500
  input external delay                                  0.1050     0.1550 r
  DRAM_READY (in)                                       0.0014     0.1564 r
  U1385/ZN (INV_X1)                                     0.0218     0.1782 f
  U6459/ZN (NAND2_X1)                                   0.0410     0.2192 r
  U11760/ZN (OR2_X4)                                    0.1568     0.3760 r
  U1002/ZN (INV_X8)                                     0.2492     0.6252 f
  U12259/ZN (NAND2_X1)                                  0.0642     0.6894 r
  U12261/ZN (NAND2_X1)                                  0.0267     0.7161 f
  U10739/ZN (OR4_X1)                                    0.1086     0.8247 f
  DP_i_decode_i_B_reg_i_Y_reg_13_/D (DFF_X1)            0.0104     0.8351 f
  data arrival time                                                0.8351

  clock CLK (rise edge)                                 1.0500     1.0500
  clock network delay (ideal)                           0.0500     1.1000
  clock uncertainty                                    -0.0500     1.0500
  DP_i_decode_i_B_reg_i_Y_reg_13_/CK (DFF_X1)           0.0000     1.0500 r
  library setup time                                   -0.0284     1.0216
  data required time                                               1.0216
  --------------------------------------------------------------------------
  data required time                                               1.0216
  data arrival time                                               -0.8351
  --------------------------------------------------------------------------
  slack (MET)                                                      0.1865


  Startpoint: DRAM_READY (input port clocked by CLK)
  Endpoint: DP_i_decode_i_B_reg_i_Y_reg_6_
            (rising edge-triggered flip-flop clocked by CLK)
  Path Group: INPUTS
  Path Type: max

  Des/Clust/Port     Wire Load Model       Library
  ------------------------------------------------
  DLX                5K_hvratio_1_4        NangateOpenCellLibrary

  Point                                                   Incr       Path
  --------------------------------------------------------------------------
  clock CLK (rise edge)                                 0.0000     0.0000
  clock network delay (ideal)                           0.0500     0.0500
  input external delay                                  0.1050     0.1550 r
  DRAM_READY (in)                                       0.0014     0.1564 r
  U1385/ZN (INV_X1)                                     0.0218     0.1782 f
  U6459/ZN (NAND2_X1)                                   0.0410     0.2192 r
  U11760/ZN (OR2_X4)                                    0.1568     0.3760 r
  U1002/ZN (INV_X8)                                     0.2492     0.6252 f
  U11869/ZN (NAND2_X1)                                  0.0642     0.6894 r
  U11871/ZN (NAND2_X1)                                  0.0267     0.7161 f
  U10716/ZN (OR4_X1)                                    0.1086     0.8247 f
  DP_i_decode_i_B_reg_i_Y_reg_6_/D (DFF_X1)             0.0104     0.8351 f
  data arrival time                                                0.8351

  clock CLK (rise edge)                                 1.0500     1.0500
  clock network delay (ideal)                           0.0500     1.1000
  clock uncertainty                                    -0.0500     1.0500
  DP_i_decode_i_B_reg_i_Y_reg_6_/CK (DFF_X1)            0.0000     1.0500 r
  library setup time                                   -0.0284     1.0216
  data required time                                               1.0216
  --------------------------------------------------------------------------
  data required time                                               1.0216
  data arrival time                                               -0.8351
  --------------------------------------------------------------------------
  slack (MET)                                                      0.1865


  Startpoint: DRAM_READY (input port clocked by CLK)
  Endpoint: DP_i_decode_i_B_reg_i_Y_reg_16_
            (rising edge-triggered flip-flop clocked by CLK)
  Path Group: INPUTS
  Path Type: max

  Des/Clust/Port     Wire Load Model       Library
  ------------------------------------------------
  DLX                5K_hvratio_1_4        NangateOpenCellLibrary

  Point                                                   Incr       Path
  --------------------------------------------------------------------------
  clock CLK (rise edge)                                 0.0000     0.0000
  clock network delay (ideal)                           0.0500     0.0500
  input external delay                                  0.1050     0.1550 r
  DRAM_READY (in)                                       0.0014     0.1564 r
  U1385/ZN (INV_X1)                                     0.0218     0.1782 f
  U6459/ZN (NAND2_X1)                                   0.0410     0.2192 r
  U11760/ZN (OR2_X4)                                    0.1568     0.3760 r
  U1002/ZN (INV_X8)                                     0.2492     0.6252 f
  U12009/ZN (NAND2_X1)                                  0.0616     0.6868 r
  U12010/ZN (NAND2_X1)                                  0.0265     0.7133 f
  U10719/ZN (OR4_X1)                                    0.1086     0.8219 f
  DP_i_decode_i_B_reg_i_Y_reg_16_/D (DFF_X1)            0.0104     0.8323 f
  data arrival time                                                0.8323

  clock CLK (rise edge)                                 1.0500     1.0500
  clock network delay (ideal)                           0.0500     1.1000
  clock uncertainty                                    -0.0500     1.0500
  DP_i_decode_i_B_reg_i_Y_reg_16_/CK (DFF_X1)           0.0000     1.0500 r
  library setup time                                   -0.0284     1.0216
  data required time                                               1.0216
  --------------------------------------------------------------------------
  data required time                                               1.0216
  data arrival time                                               -0.8323
  --------------------------------------------------------------------------
  slack (MET)                                                      0.1893


  Startpoint: DRAM_READY (input port clocked by CLK)
  Endpoint: DP_i_decode_i_B_reg_i_Y_reg_12_
            (rising edge-triggered flip-flop clocked by CLK)
  Path Group: INPUTS
  Path Type: max

  Des/Clust/Port     Wire Load Model       Library
  ------------------------------------------------
  DLX                5K_hvratio_1_4        NangateOpenCellLibrary

  Point                                                   Incr       Path
  --------------------------------------------------------------------------
  clock CLK (rise edge)                                 0.0000     0.0000
  clock network delay (ideal)                           0.0500     0.0500
  input external delay                                  0.1050     0.1550 r
  DRAM_READY (in)                                       0.0014     0.1564 r
  U1385/ZN (INV_X1)                                     0.0218     0.1782 f
  U6459/ZN (NAND2_X1)                                   0.0410     0.2192 r
  U11760/ZN (OR2_X4)                                    0.1568     0.3760 r
  U1002/ZN (INV_X8)                                     0.2492     0.6252 f
  U11936/ZN (NAND2_X1)                                  0.0616     0.6868 r
  U11938/ZN (NAND2_X1)                                  0.0265     0.7133 f
  U10729/ZN (OR4_X1)                                    0.1086     0.8219 f
  DP_i_decode_i_B_reg_i_Y_reg_12_/D (DFF_X1)            0.0104     0.8323 f
  data arrival time                                                0.8323

  clock CLK (rise edge)                                 1.0500     1.0500
  clock network delay (ideal)                           0.0500     1.1000
  clock uncertainty                                    -0.0500     1.0500
  DP_i_decode_i_B_reg_i_Y_reg_12_/CK (DFF_X1)           0.0000     1.0500 r
  library setup time                                   -0.0284     1.0216
  data required time                                               1.0216
  --------------------------------------------------------------------------
  data required time                                               1.0216
  data arrival time                                               -0.8323
  --------------------------------------------------------------------------
  slack (MET)                                                      0.1893


  Startpoint: DRAM_READY (input port clocked by CLK)
  Endpoint: DP_i_decode_i_B_reg_i_Y_reg_8_
            (rising edge-triggered flip-flop clocked by CLK)
  Path Group: INPUTS
  Path Type: max

  Des/Clust/Port     Wire Load Model       Library
  ------------------------------------------------
  DLX                5K_hvratio_1_4        NangateOpenCellLibrary

  Point                                                   Incr       Path
  --------------------------------------------------------------------------
  clock CLK (rise edge)                                 0.0000     0.0000
  clock network delay (ideal)                           0.0500     0.0500
  input external delay                                  0.1050     0.1550 r
  DRAM_READY (in)                                       0.0014     0.1564 r
  U1385/ZN (INV_X1)                                     0.0218     0.1782 f
  U6459/ZN (NAND2_X1)                                   0.0410     0.2192 r
  U11760/ZN (OR2_X4)                                    0.1568     0.3760 r
  U1002/ZN (INV_X8)                                     0.2492     0.6252 f
  U11899/ZN (NAND2_X1)                                  0.0616     0.6868 r
  U11901/ZN (NAND2_X1)                                  0.0265     0.7133 f
  U10717/ZN (OR4_X1)                                    0.1086     0.8219 f
  DP_i_decode_i_B_reg_i_Y_reg_8_/D (DFF_X1)             0.0104     0.8323 f
  data arrival time                                                0.8323

  clock CLK (rise edge)                                 1.0500     1.0500
  clock network delay (ideal)                           0.0500     1.1000
  clock uncertainty                                    -0.0500     1.0500
  DP_i_decode_i_B_reg_i_Y_reg_8_/CK (DFF_X1)            0.0000     1.0500 r
  library setup time                                   -0.0284     1.0216
  data required time                                               1.0216
  --------------------------------------------------------------------------
  data required time                                               1.0216
  data arrival time                                               -0.8323
  --------------------------------------------------------------------------
  slack (MET)                                                      0.1893


  Startpoint: DRAM_READY (input port clocked by CLK)
  Endpoint: DP_i_decode_i_B_reg_i_Y_reg_5_
            (rising edge-triggered flip-flop clocked by CLK)
  Path Group: INPUTS
  Path Type: max

  Des/Clust/Port     Wire Load Model       Library
  ------------------------------------------------
  DLX                5K_hvratio_1_4        NangateOpenCellLibrary

  Point                                                   Incr       Path
  --------------------------------------------------------------------------
  clock CLK (rise edge)                                 0.0000     0.0000
  clock network delay (ideal)                           0.0500     0.0500
  input external delay                                  0.1050     0.1550 r
  DRAM_READY (in)                                       0.0014     0.1564 r
  U1385/ZN (INV_X1)                                     0.0218     0.1782 f
  U6459/ZN (NAND2_X1)                                   0.0410     0.2192 r
  U11760/ZN (OR2_X4)                                    0.1568     0.3760 r
  U1002/ZN (INV_X8)                                     0.2492     0.6252 f
  U12416/ZN (NAND2_X1)                                  0.0616     0.6868 r
  U12418/ZN (NAND2_X1)                                  0.0265     0.7133 f
  U10723/ZN (OR4_X1)                                    0.1086     0.8219 f
  DP_i_decode_i_B_reg_i_Y_reg_5_/D (DFF_X1)             0.0104     0.8323 f
  data arrival time                                                0.8323

  clock CLK (rise edge)                                 1.0500     1.0500
  clock network delay (ideal)                           0.0500     1.1000
  clock uncertainty                                    -0.0500     1.0500
  DP_i_decode_i_B_reg_i_Y_reg_5_/CK (DFF_X1)            0.0000     1.0500 r
  library setup time                                   -0.0284     1.0216
  data required time                                               1.0216
  --------------------------------------------------------------------------
  data required time                                               1.0216
  data arrival time                                               -0.8323
  --------------------------------------------------------------------------
  slack (MET)                                                      0.1893


  Startpoint: DRAM_READY (input port clocked by CLK)
  Endpoint: DP_i_decode_i_B_reg_i_Y_reg_9_
            (rising edge-triggered flip-flop clocked by CLK)
  Path Group: INPUTS
  Path Type: max

  Des/Clust/Port     Wire Load Model       Library
  ------------------------------------------------
  DLX                5K_hvratio_1_4        NangateOpenCellLibrary

  Point                                                   Incr       Path
  --------------------------------------------------------------------------
  clock CLK (rise edge)                                 0.0000     0.0000
  clock network delay (ideal)                           0.0500     0.0500
  input external delay                                  0.1050     0.1550 r
  DRAM_READY (in)                                       0.0014     0.1564 r
  U1385/ZN (INV_X1)                                     0.0218     0.1782 f
  U6459/ZN (NAND2_X1)                                   0.0410     0.2192 r
  U11760/ZN (OR2_X4)                                    0.1568     0.3760 r
  U1002/ZN (INV_X8)                                     0.2492     0.6252 f
  U12479/ZN (NAND2_X1)                                  0.0616     0.6868 r
  U12481/ZN (NAND2_X1)                                  0.0265     0.7133 f
  U10735/ZN (OR4_X1)                                    0.1086     0.8219 f
  DP_i_decode_i_B_reg_i_Y_reg_9_/D (DFF_X1)             0.0104     0.8323 f
  data arrival time                                                0.8323

  clock CLK (rise edge)                                 1.0500     1.0500
  clock network delay (ideal)                           0.0500     1.1000
  clock uncertainty                                    -0.0500     1.0500
  DP_i_decode_i_B_reg_i_Y_reg_9_/CK (DFF_X1)            0.0000     1.0500 r
  library setup time                                   -0.0284     1.0216
  data required time                                               1.0216
  --------------------------------------------------------------------------
  data required time                                               1.0216
  data arrival time                                               -0.8323
  --------------------------------------------------------------------------
  slack (MET)                                                      0.1893


  Startpoint: DRAM_READY (input port clocked by CLK)
  Endpoint: DP_i_fetch_i_btb_i_clk_gate_btb_table_reg_3__TARGET_/latch
            (gating element for clock CLK)
  Path Group: INPUTS
  Path Type: max

  Des/Clust/Port     Wire Load Model       Library
  ------------------------------------------------
  DLX                5K_hvratio_1_4        NangateOpenCellLibrary

  Point                                                   Incr       Path
  --------------------------------------------------------------------------
  clock CLK (rise edge)                                 0.0000     0.0000
  clock network delay (ideal)                           0.0500     0.0500
  input external delay                                  0.1050     0.1550 r
  DRAM_READY (in)                                       0.0014     0.1564 r
  U1385/ZN (INV_X1)                                     0.0218     0.1782 f
  U6459/ZN (NAND2_X1)                                   0.0410     0.2192 r
  U6460/ZN (INV_X1)                                     0.0426     0.2618 f
  U6461/ZN (INV_X1)                                     0.0528     0.3146 r
  U10370/ZN (AND2_X1)                                   0.0495     0.3641 r
  U12692/ZN (NAND2_X1)                                  0.0352     0.3993 f
  U1508/ZN (OR4_X4)                                     0.1541     0.5535 f
  U10410/ZN (OR2_X2)                                    0.0950     0.6484 f
  U10409/ZN (NAND2_X1)                                  0.0459     0.6943 r
  U10435/ZN (AND2_X1)                                   0.0460     0.7403 r
  DP_i_fetch_i_btb_i_clk_gate_btb_table_reg_3__TARGET_/EN (SNPS_CLOCK_GATE_HIGH_BTB_NBIT32_BTB_DEPTH16_BTB_INDEX_MSB5_26)
                                                        0.0000     0.7403 r
  DP_i_fetch_i_btb_i_clk_gate_btb_table_reg_3__TARGET_/latch/E (CLKGATETST_X1)
                                                        0.0091     0.7494 r
  data arrival time                                                0.7494

  clock CLK (rise edge)                                 1.0500     1.0500
  clock network delay (ideal)                           0.0500     1.1000
  clock uncertainty                                    -0.0500     1.0500
  DP_i_fetch_i_btb_i_clk_gate_btb_table_reg_3__TARGET_/latch/CK (CLKGATETST_X1)
                                                        0.0000     1.0500 r
  clock gating setup time                              -0.0719     0.9781
  data required time                                               0.9781
  --------------------------------------------------------------------------
  data required time                                               0.9781
  data arrival time                                               -0.7494
  --------------------------------------------------------------------------
  slack (MET)                                                      0.2287


  Startpoint: DRAM_READY (input port clocked by CLK)
  Endpoint: DP_i_fetch_i_btb_i_clk_gate_btb_table_reg_1__TARGET_/latch
            (gating element for clock CLK)
  Path Group: INPUTS
  Path Type: max

  Des/Clust/Port     Wire Load Model       Library
  ------------------------------------------------
  DLX                5K_hvratio_1_4        NangateOpenCellLibrary

  Point                                                   Incr       Path
  --------------------------------------------------------------------------
  clock CLK (rise edge)                                 0.0000     0.0000
  clock network delay (ideal)                           0.0500     0.0500
  input external delay                                  0.1050     0.1550 r
  DRAM_READY (in)                                       0.0014     0.1564 r
  U1385/ZN (INV_X1)                                     0.0218     0.1782 f
  U6459/ZN (NAND2_X1)                                   0.0410     0.2192 r
  U6460/ZN (INV_X1)                                     0.0426     0.2618 f
  U6461/ZN (INV_X1)                                     0.0528     0.3146 r
  U10370/ZN (AND2_X1)                                   0.0495     0.3641 r
  U12692/ZN (NAND2_X1)                                  0.0352     0.3993 f
  U1508/ZN (OR4_X4)                                     0.1541     0.5535 f
  U10410/ZN (OR2_X2)                                    0.0950     0.6484 f
  U10409/ZN (NAND2_X1)                                  0.0459     0.6943 r
  U10437/ZN (AND2_X1)                                   0.0453     0.7396 r
  DP_i_fetch_i_btb_i_clk_gate_btb_table_reg_1__TARGET_/EN (SNPS_CLOCK_GATE_HIGH_BTB_NBIT32_BTB_DEPTH16_BTB_INDEX_MSB5_30)
                                                        0.0000     0.7396 r
  DP_i_fetch_i_btb_i_clk_gate_btb_table_reg_1__TARGET_/latch/E (CLKGATETST_X1)
                                                        0.0091     0.7487 r
  data arrival time                                                0.7487

  clock CLK (rise edge)                                 1.0500     1.0500
  clock network delay (ideal)                           0.0500     1.1000
  clock uncertainty                                    -0.0500     1.0500
  DP_i_fetch_i_btb_i_clk_gate_btb_table_reg_1__TARGET_/latch/CK (CLKGATETST_X1)
                                                        0.0000     1.0500 r
  clock gating setup time                              -0.0719     0.9781
  data required time                                               0.9781
  --------------------------------------------------------------------------
  data required time                                               0.9781
  data arrival time                                               -0.7487
  --------------------------------------------------------------------------
  slack (MET)                                                      0.2294


  Startpoint: DRAM_READY (input port clocked by CLK)
  Endpoint: DP_i_fetch_i_btb_i_clk_gate_btb_table_reg_2__TARGET_/latch
            (gating element for clock CLK)
  Path Group: INPUTS
  Path Type: max

  Des/Clust/Port     Wire Load Model       Library
  ------------------------------------------------
  DLX                5K_hvratio_1_4        NangateOpenCellLibrary

  Point                                                   Incr       Path
  --------------------------------------------------------------------------
  clock CLK (rise edge)                                 0.0000     0.0000
  clock network delay (ideal)                           0.0500     0.0500
  input external delay                                  0.1050     0.1550 r
  DRAM_READY (in)                                       0.0014     0.1564 r
  U1385/ZN (INV_X1)                                     0.0218     0.1782 f
  U6459/ZN (NAND2_X1)                                   0.0410     0.2192 r
  U6460/ZN (INV_X1)                                     0.0426     0.2618 f
  U6461/ZN (INV_X1)                                     0.0528     0.3146 r
  U10370/ZN (AND2_X1)                                   0.0495     0.3641 r
  U12692/ZN (NAND2_X1)                                  0.0352     0.3993 f
  U1508/ZN (OR4_X4)                                     0.1541     0.5535 f
  U10410/ZN (OR2_X2)                                    0.0950     0.6484 f
  U10409/ZN (NAND2_X1)                                  0.0459     0.6943 r
  U10436/ZN (AND2_X1)                                   0.0453     0.7396 r
  DP_i_fetch_i_btb_i_clk_gate_btb_table_reg_2__TARGET_/EN (SNPS_CLOCK_GATE_HIGH_BTB_NBIT32_BTB_DEPTH16_BTB_INDEX_MSB5_28)
                                                        0.0000     0.7396 r
  DP_i_fetch_i_btb_i_clk_gate_btb_table_reg_2__TARGET_/latch/E (CLKGATETST_X1)
                                                        0.0091     0.7487 r
  data arrival time                                                0.7487

  clock CLK (rise edge)                                 1.0500     1.0500
  clock network delay (ideal)                           0.0500     1.1000
  clock uncertainty                                    -0.0500     1.0500
  DP_i_fetch_i_btb_i_clk_gate_btb_table_reg_2__TARGET_/latch/CK (CLKGATETST_X1)
                                                        0.0000     1.0500 r
  clock gating setup time                              -0.0719     0.9781
  data required time                                               0.9781
  --------------------------------------------------------------------------
  data required time                                               0.9781
  data arrival time                                               -0.7487
  --------------------------------------------------------------------------
  slack (MET)                                                      0.2294


  Startpoint: DP_i_fetch_i_IR_out_reg_23_
              (rising edge-triggered flip-flop clocked by CLK)
  Endpoint: IRAM_ISSUE (output port clocked by CLK)
  Path Group: OUTPUTS
  Path Type: max

  Des/Clust/Port     Wire Load Model       Library
  ------------------------------------------------
  DLX                5K_hvratio_1_4        NangateOpenCellLibrary

  Point                                                   Incr       Path
  --------------------------------------------------------------------------
  clock CLK (rise edge)                                 0.0000     0.0000
  clock network delay (ideal)                           0.0500     0.0500
  DP_i_fetch_i_IR_out_reg_23_/CK (DFF_X1)               0.0000     0.0500 r
  DP_i_fetch_i_IR_out_reg_23_/QN (DFF_X1)               0.0870     0.1370 f
  U1681/ZN (OR2_X1)                                     0.0713     0.2083 f
  U1584/ZN (OR2_X1)                                     0.0638     0.2721 f
  U1691/ZN (NOR2_X2)                                    0.0654     0.3374 r
  U1729/Z (BUF_X2)                                      0.0575     0.3949 r
  U1480/ZN (AND2_X1)                                    0.0474     0.4424 r
  U1478/ZN (NOR2_X1)                                    0.0235     0.4659 f
  U2708/ZN (AND4_X1)                                    0.0383     0.5042 f
  U2726/ZN (AND4_X1)                                    0.0433     0.5475 f
  U2733/ZN (OAI211_X1)                                  0.0501     0.5976 r
  U1748/ZN (OAI211_X1)                                  0.0472     0.6448 f
  U937/Z (MUX2_X1)                                      0.0740     0.7188 f
  U1772/ZN (AND2_X1)                                    0.0383     0.7571 f
  U1755/ZN (NAND2_X1)                                   0.0311     0.7882 r
  U1754/ZN (NAND2_X1)                                   0.0347     0.8229 f
  U1484/ZN (AND2_X1)                                    0.0440     0.8669 f
  U1481/Z (MUX2_X1)                                     0.0722     0.9391 f
  U1767/ZN (NAND4_X1)                                   0.0374     0.9765 r
  U5332/ZN (NAND2_X1)                                   0.0273     1.0038 f
  U1162/ZN (OR3_X1)                                     0.0849     1.0887 f
  U1674/ZN (OAI21_X1)                                   0.0437     1.1323 r
  U7093/ZN (NOR2_X1)                                    0.0257     1.1580 f
  IRAM_ISSUE (out)                                      0.0035     1.1615 f
  data arrival time                                                1.1615

  clock CLK (rise edge)                                 1.0500     1.0500
  clock network delay (ideal)                           0.0500     1.1000
  clock uncertainty                                    -0.0500     1.0500
  output external delay                                -0.1050     0.9450
  data required time                                               0.9450
  --------------------------------------------------------------------------
  data required time                                               0.9450
  data arrival time                                               -1.1615
  --------------------------------------------------------------------------
  slack (VIOLATED)                                                -0.2165


  Startpoint: DP_i_fetch_i_IR_out_reg_23_
              (rising edge-triggered flip-flop clocked by CLK)
  Endpoint: IRAM_ISSUE (output port clocked by CLK)
  Path Group: OUTPUTS
  Path Type: max

  Des/Clust/Port     Wire Load Model       Library
  ------------------------------------------------
  DLX                5K_hvratio_1_4        NangateOpenCellLibrary

  Point                                                   Incr       Path
  --------------------------------------------------------------------------
  clock CLK (rise edge)                                 0.0000     0.0000
  clock network delay (ideal)                           0.0500     0.0500
  DP_i_fetch_i_IR_out_reg_23_/CK (DFF_X1)               0.0000     0.0500 r
  DP_i_fetch_i_IR_out_reg_23_/QN (DFF_X1)               0.0870     0.1370 f
  U1681/ZN (OR2_X1)                                     0.0713     0.2083 f
  U1584/ZN (OR2_X1)                                     0.0638     0.2721 f
  U1691/ZN (NOR2_X2)                                    0.0654     0.3374 r
  U1729/Z (BUF_X2)                                      0.0575     0.3949 r
  U1480/ZN (AND2_X1)                                    0.0474     0.4424 r
  U1478/ZN (NOR2_X1)                                    0.0235     0.4659 f
  U2708/ZN (AND4_X1)                                    0.0383     0.5042 f
  U2726/ZN (AND4_X1)                                    0.0433     0.5475 f
  U2733/ZN (OAI211_X1)                                  0.0501     0.5976 r
  U1748/ZN (OAI211_X1)                                  0.0472     0.6448 f
  U937/Z (MUX2_X1)                                      0.0740     0.7188 f
  U1772/ZN (AND2_X1)                                    0.0383     0.7571 f
  U1755/ZN (NAND2_X1)                                   0.0311     0.7882 r
  U1754/ZN (NAND2_X1)                                   0.0347     0.8229 f
  U1484/ZN (AND2_X1)                                    0.0440     0.8669 f
  U1481/Z (MUX2_X1)                                     0.0722     0.9391 f
  U1767/ZN (NAND4_X1)                                   0.0374     0.9764 r
  U5332/ZN (NAND2_X1)                                   0.0273     1.0038 f
  U1162/ZN (OR3_X1)                                     0.0849     1.0887 f
  U1674/ZN (OAI21_X1)                                   0.0437     1.1323 r
  U7093/ZN (NOR2_X1)                                    0.0257     1.1580 f
  IRAM_ISSUE (out)                                      0.0035     1.1615 f
  data arrival time                                                1.1615

  clock CLK (rise edge)                                 1.0500     1.0500
  clock network delay (ideal)                           0.0500     1.1000
  clock uncertainty                                    -0.0500     1.0500
  output external delay                                -0.1050     0.9450
  data required time                                               0.9450
  --------------------------------------------------------------------------
  data required time                                               0.9450
  data arrival time                                               -1.1615
  --------------------------------------------------------------------------
  slack (VIOLATED)                                                -0.2165


  Startpoint: DP_i_mem_access_i_rd_out_reg_i_Y_reg_3_
              (rising edge-triggered flip-flop clocked by CLK)
  Endpoint: DRAM_DATA[29]
            (output port clocked by CLK)
  Path Group: OUTPUTS
  Path Type: max

  Des/Clust/Port     Wire Load Model       Library
  ------------------------------------------------
  DLX                5K_hvratio_1_4        NangateOpenCellLibrary

  Point                                                   Incr       Path
  --------------------------------------------------------------------------
  clock CLK (rise edge)                                 0.0000     0.0000
  clock network delay (ideal)                           0.0500     0.0500
  DP_i_mem_access_i_rd_out_reg_i_Y_reg_3_/CK (DFF_X1)   0.0000     0.0500 r
  DP_i_mem_access_i_rd_out_reg_i_Y_reg_3_/Q (DFF_X1)    0.1048     0.1548 r
  U1127/Z (CLKBUF_X1)                                   0.0646     0.2194 r
  U5927/ZN (XNOR2_X1)                                   0.0697     0.2891 r
  U5928/ZN (AND3_X1)                                    0.0534     0.3424 r
  U5931/ZN (AND4_X1)                                    0.1268     0.4692 r
  U939/ZN (AND2_X1)                                     0.1135     0.5827 r
  U5982/ZN (INV_X1)                                     0.0438     0.6265 f
  U1288/ZN (OR2_X2)                                     0.0833     0.7098 f
  U6021/ZN (OR2_X1)                                     0.0779     0.7877 f
  U6023/ZN (AND2_X1)                                    0.0404     0.8280 f
  U10373/ZN (NOR2_X1)                                   0.0457     0.8737 r
  DRAM_DATA_tri_29_/Z (TBUF_X1)                         0.0621     0.9358 r
  DRAM_DATA[29] (inout)                                 0.0048     0.9406 r
  data arrival time                                                0.9406

  clock CLK (rise edge)                                 1.0500     1.0500
  clock network delay (ideal)                           0.0500     1.1000
  clock uncertainty                                    -0.0500     1.0500
  output external delay                                -0.1050     0.9450
  data required time                                               0.9450
  --------------------------------------------------------------------------
  data required time                                               0.9450
  data arrival time                                               -0.9406
  --------------------------------------------------------------------------
  slack (MET)                                                      0.0044


  Startpoint: DP_i_mem_access_i_rd_out_reg_i_Y_reg_3_
              (rising edge-triggered flip-flop clocked by CLK)
  Endpoint: DRAM_DATA[30]
            (output port clocked by CLK)
  Path Group: OUTPUTS
  Path Type: max

  Des/Clust/Port     Wire Load Model       Library
  ------------------------------------------------
  DLX                5K_hvratio_1_4        NangateOpenCellLibrary

  Point                                                   Incr       Path
  --------------------------------------------------------------------------
  clock CLK (rise edge)                                 0.0000     0.0000
  clock network delay (ideal)                           0.0500     0.0500
  DP_i_mem_access_i_rd_out_reg_i_Y_reg_3_/CK (DFF_X1)   0.0000     0.0500 r
  DP_i_mem_access_i_rd_out_reg_i_Y_reg_3_/Q (DFF_X1)    0.1048     0.1548 r
  U1127/Z (CLKBUF_X1)                                   0.0646     0.2194 r
  U5927/ZN (XNOR2_X1)                                   0.0697     0.2891 r
  U5928/ZN (AND3_X1)                                    0.0534     0.3424 r
  U5931/ZN (AND4_X1)                                    0.1268     0.4692 r
  U939/ZN (AND2_X1)                                     0.1135     0.5827 r
  U5982/ZN (INV_X1)                                     0.0438     0.6265 f
  U1288/ZN (OR2_X2)                                     0.0833     0.7098 f
  U6015/ZN (OR2_X1)                                     0.0779     0.7877 f
  U6017/ZN (AND2_X1)                                    0.0404     0.8280 f
  U10372/ZN (NOR2_X1)                                   0.0457     0.8737 r
  DRAM_DATA_tri_30_/Z (TBUF_X1)                         0.0621     0.9358 r
  DRAM_DATA[30] (inout)                                 0.0048     0.9406 r
  data arrival time                                                0.9406

  clock CLK (rise edge)                                 1.0500     1.0500
  clock network delay (ideal)                           0.0500     1.1000
  clock uncertainty                                    -0.0500     1.0500
  output external delay                                -0.1050     0.9450
  data required time                                               0.9450
  --------------------------------------------------------------------------
  data required time                                               0.9450
  data arrival time                                               -0.9406
  --------------------------------------------------------------------------
  slack (MET)                                                      0.0044


  Startpoint: DP_i_mem_access_i_rd_out_reg_i_Y_reg_3_
              (rising edge-triggered flip-flop clocked by CLK)
  Endpoint: DRAM_DATA[28]
            (output port clocked by CLK)
  Path Group: OUTPUTS
  Path Type: max

  Des/Clust/Port     Wire Load Model       Library
  ------------------------------------------------
  DLX                5K_hvratio_1_4        NangateOpenCellLibrary

  Point                                                   Incr       Path
  --------------------------------------------------------------------------
  clock CLK (rise edge)                                 0.0000     0.0000
  clock network delay (ideal)                           0.0500     0.0500
  DP_i_mem_access_i_rd_out_reg_i_Y_reg_3_/CK (DFF_X1)   0.0000     0.0500 r
  DP_i_mem_access_i_rd_out_reg_i_Y_reg_3_/Q (DFF_X1)    0.1048     0.1548 r
  U1127/Z (CLKBUF_X1)                                   0.0646     0.2194 r
  U5927/ZN (XNOR2_X1)                                   0.0697     0.2891 r
  U5928/ZN (AND3_X1)                                    0.0534     0.3424 r
  U5931/ZN (AND4_X1)                                    0.1268     0.4692 r
  U939/ZN (AND2_X1)                                     0.1135     0.5827 r
  U5982/ZN (INV_X1)                                     0.0438     0.6265 f
  U1288/ZN (OR2_X2)                                     0.0833     0.7098 f
  U6030/ZN (OR2_X1)                                     0.0779     0.7877 f
  U6032/ZN (AND2_X1)                                    0.0404     0.8280 f
  U10374/ZN (NOR2_X1)                                   0.0457     0.8737 r
  DRAM_DATA_tri_28_/Z (TBUF_X1)                         0.0621     0.9358 r
  DRAM_DATA[28] (inout)                                 0.0048     0.9406 r
  data arrival time                                                0.9406

  clock CLK (rise edge)                                 1.0500     1.0500
  clock network delay (ideal)                           0.0500     1.1000
  clock uncertainty                                    -0.0500     1.0500
  output external delay                                -0.1050     0.9450
  data required time                                               0.9450
  --------------------------------------------------------------------------
  data required time                                               0.9450
  data arrival time                                               -0.9406
  --------------------------------------------------------------------------
  slack (MET)                                                      0.0044


  Startpoint: DP_i_mem_access_i_rd_out_reg_i_Y_reg_3_
              (rising edge-triggered flip-flop clocked by CLK)
  Endpoint: DRAM_DATA[27]
            (output port clocked by CLK)
  Path Group: OUTPUTS
  Path Type: max

  Des/Clust/Port     Wire Load Model       Library
  ------------------------------------------------
  DLX                5K_hvratio_1_4        NangateOpenCellLibrary

  Point                                                   Incr       Path
  --------------------------------------------------------------------------
  clock CLK (rise edge)                                 0.0000     0.0000
  clock network delay (ideal)                           0.0500     0.0500
  DP_i_mem_access_i_rd_out_reg_i_Y_reg_3_/CK (DFF_X1)   0.0000     0.0500 r
  DP_i_mem_access_i_rd_out_reg_i_Y_reg_3_/Q (DFF_X1)    0.1048     0.1548 r
  U1127/Z (CLKBUF_X1)                                   0.0646     0.2194 r
  U5927/ZN (XNOR2_X1)                                   0.0697     0.2891 r
  U5928/ZN (AND3_X1)                                    0.0534     0.3424 r
  U5931/ZN (AND4_X1)                                    0.1268     0.4692 r
  U939/ZN (AND2_X1)                                     0.1135     0.5827 r
  U5982/ZN (INV_X1)                                     0.0438     0.6265 f
  U1288/ZN (OR2_X2)                                     0.0833     0.7098 f
  U6024/ZN (OR2_X1)                                     0.0779     0.7877 f
  U6026/ZN (AND2_X1)                                    0.0404     0.8280 f
  U10375/ZN (NOR2_X1)                                   0.0457     0.8737 r
  DRAM_DATA_tri_27_/Z (TBUF_X1)                         0.0621     0.9358 r
  DRAM_DATA[27] (inout)                                 0.0048     0.9406 r
  data arrival time                                                0.9406

  clock CLK (rise edge)                                 1.0500     1.0500
  clock network delay (ideal)                           0.0500     1.1000
  clock uncertainty                                    -0.0500     1.0500
  output external delay                                -0.1050     0.9450
  data required time                                               0.9450
  --------------------------------------------------------------------------
  data required time                                               0.9450
  data arrival time                                               -0.9406
  --------------------------------------------------------------------------
  slack (MET)                                                      0.0044


  Startpoint: DP_i_mem_access_i_rd_out_reg_i_Y_reg_3_
              (rising edge-triggered flip-flop clocked by CLK)
  Endpoint: DRAM_DATA[26]
            (output port clocked by CLK)
  Path Group: OUTPUTS
  Path Type: max

  Des/Clust/Port     Wire Load Model       Library
  ------------------------------------------------
  DLX                5K_hvratio_1_4        NangateOpenCellLibrary

  Point                                                   Incr       Path
  --------------------------------------------------------------------------
  clock CLK (rise edge)                                 0.0000     0.0000
  clock network delay (ideal)                           0.0500     0.0500
  DP_i_mem_access_i_rd_out_reg_i_Y_reg_3_/CK (DFF_X1)   0.0000     0.0500 r
  DP_i_mem_access_i_rd_out_reg_i_Y_reg_3_/Q (DFF_X1)    0.1048     0.1548 r
  U1127/Z (CLKBUF_X1)                                   0.0646     0.2194 r
  U5927/ZN (XNOR2_X1)                                   0.0697     0.2891 r
  U5928/ZN (AND3_X1)                                    0.0534     0.3424 r
  U5931/ZN (AND4_X1)                                    0.1268     0.4692 r
  U939/ZN (AND2_X1)                                     0.1135     0.5827 r
  U5982/ZN (INV_X1)                                     0.0438     0.6265 f
  U1288/ZN (OR2_X2)                                     0.0833     0.7098 f
  U6027/ZN (OR2_X1)                                     0.0779     0.7877 f
  U6029/ZN (AND2_X1)                                    0.0404     0.8280 f
  U10376/ZN (NOR2_X1)                                   0.0457     0.8737 r
  DRAM_DATA_tri_26_/Z (TBUF_X1)                         0.0621     0.9358 r
  DRAM_DATA[26] (inout)                                 0.0048     0.9406 r
  data arrival time                                                0.9406

  clock CLK (rise edge)                                 1.0500     1.0500
  clock network delay (ideal)                           0.0500     1.1000
  clock uncertainty                                    -0.0500     1.0500
  output external delay                                -0.1050     0.9450
  data required time                                               0.9450
  --------------------------------------------------------------------------
  data required time                                               0.9450
  data arrival time                                               -0.9406
  --------------------------------------------------------------------------
  slack (MET)                                                      0.0044


  Startpoint: DP_i_mem_access_i_rd_out_reg_i_Y_reg_3_
              (rising edge-triggered flip-flop clocked by CLK)
  Endpoint: DRAM_DATA[24]
            (output port clocked by CLK)
  Path Group: OUTPUTS
  Path Type: max

  Des/Clust/Port     Wire Load Model       Library
  ------------------------------------------------
  DLX                5K_hvratio_1_4        NangateOpenCellLibrary

  Point                                                   Incr       Path
  --------------------------------------------------------------------------
  clock CLK (rise edge)                                 0.0000     0.0000
  clock network delay (ideal)                           0.0500     0.0500
  DP_i_mem_access_i_rd_out_reg_i_Y_reg_3_/CK (DFF_X1)   0.0000     0.0500 r
  DP_i_mem_access_i_rd_out_reg_i_Y_reg_3_/Q (DFF_X1)    0.1048     0.1548 r
  U1127/Z (CLKBUF_X1)                                   0.0646     0.2194 r
  U5927/ZN (XNOR2_X1)                                   0.0697     0.2891 r
  U5928/ZN (AND3_X1)                                    0.0534     0.3424 r
  U5931/ZN (AND4_X1)                                    0.1268     0.4692 r
  U939/ZN (AND2_X1)                                     0.1135     0.5827 r
  U5982/ZN (INV_X1)                                     0.0438     0.6265 f
  U1288/ZN (OR2_X2)                                     0.0833     0.7098 f
  U6018/ZN (OR2_X1)                                     0.0779     0.7877 f
  U6020/ZN (AND2_X1)                                    0.0404     0.8280 f
  U10378/ZN (NOR2_X1)                                   0.0457     0.8737 r
  DRAM_DATA_tri_24_/Z (TBUF_X1)                         0.0621     0.9358 r
  DRAM_DATA[24] (inout)                                 0.0048     0.9406 r
  data arrival time                                                0.9406

  clock CLK (rise edge)                                 1.0500     1.0500
  clock network delay (ideal)                           0.0500     1.1000
  clock uncertainty                                    -0.0500     1.0500
  output external delay                                -0.1050     0.9450
  data required time                                               0.9450
  --------------------------------------------------------------------------
  data required time                                               0.9450
  data arrival time                                               -0.9406
  --------------------------------------------------------------------------
  slack (MET)                                                      0.0044


  Startpoint: DP_i_mem_access_i_rd_out_reg_i_Y_reg_3_
              (rising edge-triggered flip-flop clocked by CLK)
  Endpoint: DRAM_DATA[30]
            (output port clocked by CLK)
  Path Group: OUTPUTS
  Path Type: max

  Des/Clust/Port     Wire Load Model       Library
  ------------------------------------------------
  DLX                5K_hvratio_1_4        NangateOpenCellLibrary

  Point                                                   Incr       Path
  --------------------------------------------------------------------------
  clock CLK (rise edge)                                 0.0000     0.0000
  clock network delay (ideal)                           0.0500     0.0500
  DP_i_mem_access_i_rd_out_reg_i_Y_reg_3_/CK (DFF_X1)   0.0000     0.0500 r
  DP_i_mem_access_i_rd_out_reg_i_Y_reg_3_/Q (DFF_X1)    0.0975     0.1475 f
  U1127/Z (CLKBUF_X1)                                   0.0633     0.2108 f
  U5927/ZN (XNOR2_X1)                                   0.0712     0.2820 f
  U5928/ZN (AND3_X1)                                    0.0420     0.3240 f
  U5931/ZN (AND4_X1)                                    0.0758     0.3998 f
  U5959/ZN (NOR2_X1)                                    0.1606     0.5604 r
  U5984/ZN (AND2_X1)                                    0.1584     0.7188 r
  U6016/ZN (NAND2_X1)                                   0.0534     0.7722 f
  U6017/ZN (AND2_X1)                                    0.0488     0.8210 f
  U10372/ZN (NOR2_X1)                                   0.0457     0.8668 r
  DRAM_DATA_tri_30_/Z (TBUF_X1)                         0.0621     0.9288 r
  DRAM_DATA[30] (inout)                                 0.0048     0.9336 r
  data arrival time                                                0.9336

  clock CLK (rise edge)                                 1.0500     1.0500
  clock network delay (ideal)                           0.0500     1.1000
  clock uncertainty                                    -0.0500     1.0500
  output external delay                                -0.1050     0.9450
  data required time                                               0.9450
  --------------------------------------------------------------------------
  data required time                                               0.9450
  data arrival time                                               -0.9336
  --------------------------------------------------------------------------
  slack (MET)                                                      0.0114


  Startpoint: DP_i_mem_access_i_rd_out_reg_i_Y_reg_3_
              (rising edge-triggered flip-flop clocked by CLK)
  Endpoint: DRAM_DATA[24]
            (output port clocked by CLK)
  Path Group: OUTPUTS
  Path Type: max

  Des/Clust/Port     Wire Load Model       Library
  ------------------------------------------------
  DLX                5K_hvratio_1_4        NangateOpenCellLibrary

  Point                                                   Incr       Path
  --------------------------------------------------------------------------
  clock CLK (rise edge)                                 0.0000     0.0000
  clock network delay (ideal)                           0.0500     0.0500
  DP_i_mem_access_i_rd_out_reg_i_Y_reg_3_/CK (DFF_X1)   0.0000     0.0500 r
  DP_i_mem_access_i_rd_out_reg_i_Y_reg_3_/Q (DFF_X1)    0.0975     0.1475 f
  U1127/Z (CLKBUF_X1)                                   0.0633     0.2108 f
  U5927/ZN (XNOR2_X1)                                   0.0712     0.2820 f
  U5928/ZN (AND3_X1)                                    0.0420     0.3240 f
  U5931/ZN (AND4_X1)                                    0.0758     0.3998 f
  U5959/ZN (NOR2_X1)                                    0.1606     0.5604 r
  U5984/ZN (AND2_X1)                                    0.1584     0.7188 r
  U6019/ZN (NAND2_X1)                                   0.0534     0.7722 f
  U6020/ZN (AND2_X1)                                    0.0488     0.8210 f
  U10378/ZN (NOR2_X1)                                   0.0457     0.8668 r
  DRAM_DATA_tri_24_/Z (TBUF_X1)                         0.0621     0.9288 r
  DRAM_DATA[24] (inout)                                 0.0048     0.9336 r
  data arrival time                                                0.9336

  clock CLK (rise edge)                                 1.0500     1.0500
  clock network delay (ideal)                           0.0500     1.1000
  clock uncertainty                                    -0.0500     1.0500
  output external delay                                -0.1050     0.9450
  data required time                                               0.9450
  --------------------------------------------------------------------------
  data required time                                               0.9450
  data arrival time                                               -0.9336
  --------------------------------------------------------------------------
  slack (MET)                                                      0.0114


  Startpoint: DP_i_fetch_i_IR_out_reg_23_
              (rising edge-triggered flip-flop clocked by CLK)
  Endpoint: DP_i_fetch_i_pc_i_Y_reg_10_
            (rising edge-triggered flip-flop clocked by CLK)
  Path Group: REG2REG
  Path Type: max

  Des/Clust/Port     Wire Load Model       Library
  ------------------------------------------------
  DLX                5K_hvratio_1_4        NangateOpenCellLibrary

  Point                                                   Incr       Path
  --------------------------------------------------------------------------
  clock CLK (rise edge)                                 0.0000     0.0000
  clock network delay (ideal)                           0.0500     0.0500
  DP_i_fetch_i_IR_out_reg_23_/CK (DFF_X1)               0.0000     0.0500 r
  DP_i_fetch_i_IR_out_reg_23_/Q (DFF_X1)                0.0996     0.1496 f
  U1821/ZN (AND2_X1)                                    0.0465     0.1961 f
  U1932/ZN (AND2_X1)                                    0.0457     0.2418 f
  U1936/ZN (AND2_X1)                                    0.0456     0.2874 f
  U2863/ZN (INV_X1)                                     0.0391     0.3265 r
  U3082/ZN (INV_X1)                                     0.0378     0.3643 f
  U3392/ZN (AOI22_X1)                                   0.0480     0.4123 r
  U3393/ZN (AND4_X1)                                    0.0668     0.4791 r
  U3401/ZN (AND4_X1)                                    0.0607     0.5398 r
  U3403/ZN (OAI21_X1)                                   0.0330     0.5729 f
  U3804/ZN (NAND2_X1)                                   0.0358     0.6087 r
  U3806/ZN (AND2_X1)                                    0.0407     0.6493 r
  U1747/ZN (AND4_X1)                                    0.0662     0.7156 r
  U922/ZN (AND4_X1)                                     0.0685     0.7841 r
  U3834/ZN (NAND4_X1)                                   0.0514     0.8355 f
  U4046/ZN (AND2_X1)                                    0.0511     0.8867 f
  U4072/ZN (NOR2_X1)                                    0.0386     0.9252 r
  U4073/ZN (OAI21_X1)                                   0.0362     0.9615 f
  U4097/Z (BUF_X1)                                      0.0446     1.0061 f
  U4102/ZN (OR2_X1)                                     0.0533     1.0594 f
  U1869/ZN (AND2_X1)                                    0.0413     1.1007 f
  U4104/ZN (XNOR2_X1)                                   0.0474     1.1481 r
  U4139/ZN (NAND4_X1)                                   0.0432     1.1913 f
  U1449/ZN (OR4_X1)                                     0.1149     1.3062 f
  U4292/ZN (OAI21_X1)                                   0.0537     1.3599 r
  U1596/ZN (AND2_X1)                                    0.0502     1.4101 r
  U1769/ZN (AND4_X4)                                    0.1052     1.5154 r
  U11023/ZN (AND2_X1)                                   0.0688     1.5842 r
  U10419/ZN (OR4_X2)                                    0.0385     1.6226 r
  DP_i_fetch_i_pc_i_Y_reg_10_/D (DFF_X1)                0.0110     1.6336 r
  data arrival time                                                1.6336

  clock CLK (rise edge)                                 1.0500     1.0500
  clock network delay (ideal)                           0.0500     1.1000
  clock uncertainty                                    -0.0500     1.0500
  DP_i_fetch_i_pc_i_Y_reg_10_/CK (DFF_X1)               0.0000     1.0500 r
  library setup time                                   -0.0260     1.0240
  data required time                                               1.0240
  --------------------------------------------------------------------------
  data required time                                               1.0240
  data arrival time                                               -1.6336
  --------------------------------------------------------------------------
  slack (VIOLATED)                                                -0.6096


  Startpoint: DP_i_fetch_i_IR_out_reg_23_
              (rising edge-triggered flip-flop clocked by CLK)
  Endpoint: DP_i_fetch_i_pc_i_Y_reg_3_
            (rising edge-triggered flip-flop clocked by CLK)
  Path Group: REG2REG
  Path Type: max

  Des/Clust/Port     Wire Load Model       Library
  ------------------------------------------------
  DLX                5K_hvratio_1_4        NangateOpenCellLibrary

  Point                                                   Incr       Path
  --------------------------------------------------------------------------
  clock CLK (rise edge)                                 0.0000     0.0000
  clock network delay (ideal)                           0.0500     0.0500
  DP_i_fetch_i_IR_out_reg_23_/CK (DFF_X1)               0.0000     0.0500 r
  DP_i_fetch_i_IR_out_reg_23_/Q (DFF_X1)                0.0996     0.1496 f
  U1821/ZN (AND2_X1)                                    0.0465     0.1961 f
  U1932/ZN (AND2_X1)                                    0.0457     0.2418 f
  U1936/ZN (AND2_X1)                                    0.0456     0.2874 f
  U2863/ZN (INV_X1)                                     0.0391     0.3265 r
  U3082/ZN (INV_X1)                                     0.0378     0.3643 f
  U3392/ZN (AOI22_X1)                                   0.0480     0.4123 r
  U3393/ZN (AND4_X1)                                    0.0668     0.4791 r
  U3401/ZN (AND4_X1)                                    0.0607     0.5398 r
  U3403/ZN (OAI21_X1)                                   0.0330     0.5729 f
  U3804/ZN (NAND2_X1)                                   0.0358     0.6087 r
  U3806/ZN (AND2_X1)                                    0.0407     0.6493 r
  U1747/ZN (AND4_X1)                                    0.0662     0.7156 r
  U922/ZN (AND4_X1)                                     0.0685     0.7841 r
  U3834/ZN (NAND4_X1)                                   0.0514     0.8355 f
  U4046/ZN (AND2_X1)                                    0.0511     0.8867 f
  U4072/ZN (NOR2_X1)                                    0.0386     0.9252 r
  U4073/ZN (OAI21_X1)                                   0.0362     0.9615 f
  U4097/Z (BUF_X1)                                      0.0446     1.0061 f
  U4102/ZN (OR2_X1)                                     0.0533     1.0594 f
  U1869/ZN (AND2_X1)                                    0.0413     1.1007 f
  U4104/ZN (XNOR2_X1)                                   0.0474     1.1481 r
  U4139/ZN (NAND4_X1)                                   0.0432     1.1913 f
  U1449/ZN (OR4_X1)                                     0.1149     1.3062 f
  U4292/ZN (OAI21_X1)                                   0.0537     1.3599 r
  U1596/ZN (AND2_X1)                                    0.0502     1.4101 r
  U1769/ZN (AND4_X4)                                    0.1052     1.5154 r
  U11039/ZN (AND2_X1)                                   0.0688     1.5842 r
  U10422/ZN (OR4_X2)                                    0.0385     1.6226 r
  DP_i_fetch_i_pc_i_Y_reg_3_/D (DFF_X1)                 0.0110     1.6336 r
  data arrival time                                                1.6336

  clock CLK (rise edge)                                 1.0500     1.0500
  clock network delay (ideal)                           0.0500     1.1000
  clock uncertainty                                    -0.0500     1.0500
  DP_i_fetch_i_pc_i_Y_reg_3_/CK (DFF_X1)                0.0000     1.0500 r
  library setup time                                   -0.0260     1.0240
  data required time                                               1.0240
  --------------------------------------------------------------------------
  data required time                                               1.0240
  data arrival time                                               -1.6336
  --------------------------------------------------------------------------
  slack (VIOLATED)                                                -0.6096


  Startpoint: DP_i_fetch_i_IR_out_reg_23_
              (rising edge-triggered flip-flop clocked by CLK)
  Endpoint: DP_i_fetch_i_pc_i_Y_reg_20_
            (rising edge-triggered flip-flop clocked by CLK)
  Path Group: REG2REG
  Path Type: max

  Des/Clust/Port     Wire Load Model       Library
  ------------------------------------------------
  DLX                5K_hvratio_1_4        NangateOpenCellLibrary

  Point                                                   Incr       Path
  --------------------------------------------------------------------------
  clock CLK (rise edge)                                 0.0000     0.0000
  clock network delay (ideal)                           0.0500     0.0500
  DP_i_fetch_i_IR_out_reg_23_/CK (DFF_X1)               0.0000     0.0500 r
  DP_i_fetch_i_IR_out_reg_23_/Q (DFF_X1)                0.0996     0.1496 f
  U1821/ZN (AND2_X1)                                    0.0465     0.1961 f
  U1932/ZN (AND2_X1)                                    0.0457     0.2418 f
  U1936/ZN (AND2_X1)                                    0.0456     0.2874 f
  U2863/ZN (INV_X1)                                     0.0391     0.3265 r
  U3082/ZN (INV_X1)                                     0.0378     0.3643 f
  U3392/ZN (AOI22_X1)                                   0.0480     0.4123 r
  U3393/ZN (AND4_X1)                                    0.0668     0.4791 r
  U3401/ZN (AND4_X1)                                    0.0607     0.5398 r
  U3403/ZN (OAI21_X1)                                   0.0330     0.5729 f
  U3804/ZN (NAND2_X1)                                   0.0358     0.6087 r
  U3806/ZN (AND2_X1)                                    0.0407     0.6493 r
  U1747/ZN (AND4_X1)                                    0.0662     0.7156 r
  U922/ZN (AND4_X1)                                     0.0685     0.7841 r
  U3834/ZN (NAND4_X1)                                   0.0514     0.8355 f
  U4046/ZN (AND2_X1)                                    0.0511     0.8867 f
  U4072/ZN (NOR2_X1)                                    0.0386     0.9252 r
  U4073/ZN (OAI21_X1)                                   0.0362     0.9615 f
  U4097/Z (BUF_X1)                                      0.0446     1.0061 f
  U4102/ZN (OR2_X1)                                     0.0533     1.0594 f
  U1869/ZN (AND2_X1)                                    0.0413     1.1007 f
  U4104/ZN (XNOR2_X1)                                   0.0474     1.1481 r
  U4139/ZN (NAND4_X1)                                   0.0432     1.1913 f
  U1449/ZN (OR4_X1)                                     0.1149     1.3062 f
  U4292/ZN (OAI21_X1)                                   0.0537     1.3599 r
  U1596/ZN (AND2_X1)                                    0.0502     1.4101 r
  U1769/ZN (AND4_X4)                                    0.1052     1.5154 r
  U11018/ZN (AND2_X1)                                   0.0688     1.5842 r
  U10417/ZN (OR4_X2)                                    0.0385     1.6226 r
  DP_i_fetch_i_pc_i_Y_reg_20_/D (DFF_X1)                0.0110     1.6336 r
  data arrival time                                                1.6336

  clock CLK (rise edge)                                 1.0500     1.0500
  clock network delay (ideal)                           0.0500     1.1000
  clock uncertainty                                    -0.0500     1.0500
  DP_i_fetch_i_pc_i_Y_reg_20_/CK (DFF_X1)               0.0000     1.0500 r
  library setup time                                   -0.0260     1.0240
  data required time                                               1.0240
  --------------------------------------------------------------------------
  data required time                                               1.0240
  data arrival time                                               -1.6336
  --------------------------------------------------------------------------
  slack (VIOLATED)                                                -0.6096


  Startpoint: DP_i_fetch_i_IR_out_reg_23_
              (rising edge-triggered flip-flop clocked by CLK)
  Endpoint: DP_i_fetch_i_pc_i_Y_reg_13_
            (rising edge-triggered flip-flop clocked by CLK)
  Path Group: REG2REG
  Path Type: max

  Des/Clust/Port     Wire Load Model       Library
  ------------------------------------------------
  DLX                5K_hvratio_1_4        NangateOpenCellLibrary

  Point                                                   Incr       Path
  --------------------------------------------------------------------------
  clock CLK (rise edge)                                 0.0000     0.0000
  clock network delay (ideal)                           0.0500     0.0500
  DP_i_fetch_i_IR_out_reg_23_/CK (DFF_X1)               0.0000     0.0500 r
  DP_i_fetch_i_IR_out_reg_23_/Q (DFF_X1)                0.0996     0.1496 f
  U1821/ZN (AND2_X1)                                    0.0465     0.1961 f
  U1932/ZN (AND2_X1)                                    0.0457     0.2418 f
  U1936/ZN (AND2_X1)                                    0.0456     0.2874 f
  U2863/ZN (INV_X1)                                     0.0391     0.3265 r
  U3082/ZN (INV_X1)                                     0.0378     0.3643 f
  U3392/ZN (AOI22_X1)                                   0.0480     0.4123 r
  U3393/ZN (AND4_X1)                                    0.0668     0.4791 r
  U3401/ZN (AND4_X1)                                    0.0607     0.5398 r
  U3403/ZN (OAI21_X1)                                   0.0330     0.5729 f
  U3804/ZN (NAND2_X1)                                   0.0358     0.6087 r
  U3806/ZN (AND2_X1)                                    0.0407     0.6493 r
  U1747/ZN (AND4_X1)                                    0.0662     0.7156 r
  U922/ZN (AND4_X1)                                     0.0685     0.7841 r
  U3834/ZN (NAND4_X1)                                   0.0514     0.8355 f
  U4046/ZN (AND2_X1)                                    0.0511     0.8867 f
  U4072/ZN (NOR2_X1)                                    0.0386     0.9252 r
  U4073/ZN (OAI21_X1)                                   0.0362     0.9615 f
  U4097/Z (BUF_X1)                                      0.0446     1.0061 f
  U4102/ZN (OR2_X1)                                     0.0533     1.0594 f
  U1869/ZN (AND2_X1)                                    0.0413     1.1007 f
  U4104/ZN (XNOR2_X1)                                   0.0474     1.1481 r
  U4139/ZN (NAND4_X1)                                   0.0432     1.1913 f
  U1449/ZN (OR4_X1)                                     0.1149     1.3062 f
  U4292/ZN (OAI21_X1)                                   0.0537     1.3599 r
  U1596/ZN (AND2_X1)                                    0.0502     1.4101 r
  U1769/ZN (AND4_X4)                                    0.1052     1.5154 r
  U11326/ZN (AND2_X1)                                   0.0688     1.5842 r
  U10403/ZN (OR4_X2)                                    0.0385     1.6226 r
  DP_i_fetch_i_pc_i_Y_reg_13_/D (DFF_X1)                0.0110     1.6336 r
  data arrival time                                                1.6336

  clock CLK (rise edge)                                 1.0500     1.0500
  clock network delay (ideal)                           0.0500     1.1000
  clock uncertainty                                    -0.0500     1.0500
  DP_i_fetch_i_pc_i_Y_reg_13_/CK (DFF_X1)               0.0000     1.0500 r
  library setup time                                   -0.0260     1.0240
  data required time                                               1.0240
  --------------------------------------------------------------------------
  data required time                                               1.0240
  data arrival time                                               -1.6336
  --------------------------------------------------------------------------
  slack (VIOLATED)                                                -0.6096


  Startpoint: DP_i_fetch_i_IR_out_reg_23_
              (rising edge-triggered flip-flop clocked by CLK)
  Endpoint: DP_i_fetch_i_pc_i_Y_reg_8_
            (rising edge-triggered flip-flop clocked by CLK)
  Path Group: REG2REG
  Path Type: max

  Des/Clust/Port     Wire Load Model       Library
  ------------------------------------------------
  DLX                5K_hvratio_1_4        NangateOpenCellLibrary

  Point                                                   Incr       Path
  --------------------------------------------------------------------------
  clock CLK (rise edge)                                 0.0000     0.0000
  clock network delay (ideal)                           0.0500     0.0500
  DP_i_fetch_i_IR_out_reg_23_/CK (DFF_X1)               0.0000     0.0500 r
  DP_i_fetch_i_IR_out_reg_23_/Q (DFF_X1)                0.0996     0.1496 f
  U1821/ZN (AND2_X1)                                    0.0465     0.1961 f
  U1932/ZN (AND2_X1)                                    0.0457     0.2418 f
  U1936/ZN (AND2_X1)                                    0.0456     0.2874 f
  U2863/ZN (INV_X1)                                     0.0391     0.3265 r
  U3082/ZN (INV_X1)                                     0.0378     0.3643 f
  U3392/ZN (AOI22_X1)                                   0.0480     0.4123 r
  U3393/ZN (AND4_X1)                                    0.0668     0.4791 r
  U3401/ZN (AND4_X1)                                    0.0607     0.5398 r
  U3403/ZN (OAI21_X1)                                   0.0330     0.5729 f
  U3804/ZN (NAND2_X1)                                   0.0358     0.6087 r
  U3806/ZN (AND2_X1)                                    0.0407     0.6493 r
  U1747/ZN (AND4_X1)                                    0.0662     0.7156 r
  U922/ZN (AND4_X1)                                     0.0685     0.7841 r
  U3834/ZN (NAND4_X1)                                   0.0514     0.8355 f
  U4046/ZN (AND2_X1)                                    0.0511     0.8867 f
  U4072/ZN (NOR2_X1)                                    0.0386     0.9252 r
  U4073/ZN (OAI21_X1)                                   0.0362     0.9615 f
  U4097/Z (BUF_X1)                                      0.0446     1.0061 f
  U4102/ZN (OR2_X1)                                     0.0533     1.0594 f
  U1869/ZN (AND2_X1)                                    0.0413     1.1007 f
  U4104/ZN (XNOR2_X1)                                   0.0474     1.1481 r
  U4139/ZN (NAND4_X1)                                   0.0432     1.1913 f
  U1449/ZN (OR4_X1)                                     0.1149     1.3062 f
  U4292/ZN (OAI21_X1)                                   0.0537     1.3599 r
  U1596/ZN (AND2_X1)                                    0.0502     1.4101 r
  U1769/ZN (AND4_X4)                                    0.1052     1.5154 r
  U11327/ZN (AND2_X1)                                   0.0688     1.5842 r
  U10431/ZN (OR4_X2)                                    0.0385     1.6226 r
  DP_i_fetch_i_pc_i_Y_reg_8_/D (DFF_X1)                 0.0110     1.6336 r
  data arrival time                                                1.6336

  clock CLK (rise edge)                                 1.0500     1.0500
  clock network delay (ideal)                           0.0500     1.1000
  clock uncertainty                                    -0.0500     1.0500
  DP_i_fetch_i_pc_i_Y_reg_8_/CK (DFF_X1)                0.0000     1.0500 r
  library setup time                                   -0.0260     1.0240
  data required time                                               1.0240
  --------------------------------------------------------------------------
  data required time                                               1.0240
  data arrival time                                               -1.6336
  --------------------------------------------------------------------------
  slack (VIOLATED)                                                -0.6096


  Startpoint: DP_i_fetch_i_IR_out_reg_23_
              (rising edge-triggered flip-flop clocked by CLK)
  Endpoint: DP_i_fetch_i_pc_i_Y_reg_25_
            (rising edge-triggered flip-flop clocked by CLK)
  Path Group: REG2REG
  Path Type: max

  Des/Clust/Port     Wire Load Model       Library
  ------------------------------------------------
  DLX                5K_hvratio_1_4        NangateOpenCellLibrary

  Point                                                   Incr       Path
  --------------------------------------------------------------------------
  clock CLK (rise edge)                                 0.0000     0.0000
  clock network delay (ideal)                           0.0500     0.0500
  DP_i_fetch_i_IR_out_reg_23_/CK (DFF_X1)               0.0000     0.0500 r
  DP_i_fetch_i_IR_out_reg_23_/Q (DFF_X1)                0.0996     0.1496 f
  U1821/ZN (AND2_X1)                                    0.0465     0.1961 f
  U1932/ZN (AND2_X1)                                    0.0457     0.2418 f
  U1936/ZN (AND2_X1)                                    0.0456     0.2874 f
  U2863/ZN (INV_X1)                                     0.0391     0.3265 r
  U3082/ZN (INV_X1)                                     0.0378     0.3643 f
  U3392/ZN (AOI22_X1)                                   0.0480     0.4123 r
  U3393/ZN (AND4_X1)                                    0.0668     0.4791 r
  U3401/ZN (AND4_X1)                                    0.0607     0.5398 r
  U3403/ZN (OAI21_X1)                                   0.0330     0.5729 f
  U3804/ZN (NAND2_X1)                                   0.0358     0.6087 r
  U3806/ZN (AND2_X1)                                    0.0407     0.6493 r
  U1747/ZN (AND4_X1)                                    0.0662     0.7156 r
  U922/ZN (AND4_X1)                                     0.0685     0.7841 r
  U3834/ZN (NAND4_X1)                                   0.0514     0.8355 f
  U4046/ZN (AND2_X1)                                    0.0511     0.8867 f
  U4072/ZN (NOR2_X1)                                    0.0386     0.9252 r
  U4073/ZN (OAI21_X1)                                   0.0362     0.9615 f
  U4097/Z (BUF_X1)                                      0.0446     1.0061 f
  U4102/ZN (OR2_X1)                                     0.0533     1.0594 f
  U1869/ZN (AND2_X1)                                    0.0413     1.1007 f
  U4104/ZN (XNOR2_X1)                                   0.0474     1.1481 r
  U4139/ZN (NAND4_X1)                                   0.0432     1.1913 f
  U1449/ZN (OR4_X1)                                     0.1149     1.3062 f
  U4292/ZN (OAI21_X1)                                   0.0537     1.3599 r
  U1596/ZN (AND2_X1)                                    0.0502     1.4101 r
  U1769/ZN (AND4_X4)                                    0.1052     1.5154 r
  U11354/ZN (AND2_X1)                                   0.0688     1.5842 r
  U10426/ZN (OR4_X2)                                    0.0385     1.6226 r
  DP_i_fetch_i_pc_i_Y_reg_25_/D (DFF_X1)                0.0110     1.6336 r
  data arrival time                                                1.6336

  clock CLK (rise edge)                                 1.0500     1.0500
  clock network delay (ideal)                           0.0500     1.1000
  clock uncertainty                                    -0.0500     1.0500
  DP_i_fetch_i_pc_i_Y_reg_25_/CK (DFF_X1)               0.0000     1.0500 r
  library setup time                                   -0.0260     1.0240
  data required time                                               1.0240
  --------------------------------------------------------------------------
  data required time                                               1.0240
  data arrival time                                               -1.6336
  --------------------------------------------------------------------------
  slack (VIOLATED)                                                -0.6096


  Startpoint: DP_i_fetch_i_IR_out_reg_23_
              (rising edge-triggered flip-flop clocked by CLK)
  Endpoint: DP_i_fetch_i_pc_i_Y_reg_27_
            (rising edge-triggered flip-flop clocked by CLK)
  Path Group: REG2REG
  Path Type: max

  Des/Clust/Port     Wire Load Model       Library
  ------------------------------------------------
  DLX                5K_hvratio_1_4        NangateOpenCellLibrary

  Point                                                   Incr       Path
  --------------------------------------------------------------------------
  clock CLK (rise edge)                                 0.0000     0.0000
  clock network delay (ideal)                           0.0500     0.0500
  DP_i_fetch_i_IR_out_reg_23_/CK (DFF_X1)               0.0000     0.0500 r
  DP_i_fetch_i_IR_out_reg_23_/Q (DFF_X1)                0.0996     0.1496 f
  U1821/ZN (AND2_X1)                                    0.0465     0.1961 f
  U1932/ZN (AND2_X1)                                    0.0457     0.2418 f
  U1936/ZN (AND2_X1)                                    0.0456     0.2874 f
  U2863/ZN (INV_X1)                                     0.0391     0.3265 r
  U3082/ZN (INV_X1)                                     0.0378     0.3643 f
  U3392/ZN (AOI22_X1)                                   0.0480     0.4123 r
  U3393/ZN (AND4_X1)                                    0.0668     0.4791 r
  U3401/ZN (AND4_X1)                                    0.0607     0.5398 r
  U3403/ZN (OAI21_X1)                                   0.0330     0.5729 f
  U3804/ZN (NAND2_X1)                                   0.0358     0.6087 r
  U3806/ZN (AND2_X1)                                    0.0407     0.6493 r
  U1747/ZN (AND4_X1)                                    0.0662     0.7156 r
  U922/ZN (AND4_X1)                                     0.0685     0.7841 r
  U3834/ZN (NAND4_X1)                                   0.0514     0.8355 f
  U4046/ZN (AND2_X1)                                    0.0511     0.8867 f
  U4072/ZN (NOR2_X1)                                    0.0386     0.9252 r
  U4073/ZN (OAI21_X1)                                   0.0362     0.9615 f
  U4097/Z (BUF_X1)                                      0.0446     1.0061 f
  U4102/ZN (OR2_X1)                                     0.0533     1.0594 f
  U1869/ZN (AND2_X1)                                    0.0413     1.1007 f
  U4104/ZN (XNOR2_X1)                                   0.0474     1.1481 r
  U4139/ZN (NAND4_X1)                                   0.0432     1.1913 f
  U1449/ZN (OR4_X1)                                     0.1149     1.3062 f
  U4292/ZN (OAI21_X1)                                   0.0537     1.3599 r
  U1596/ZN (AND2_X1)                                    0.0502     1.4101 r
  U1769/ZN (AND4_X4)                                    0.1052     1.5154 r
  U11357/ZN (AND2_X1)                                   0.0688     1.5842 r
  U10430/ZN (OR4_X2)                                    0.0385     1.6226 r
  DP_i_fetch_i_pc_i_Y_reg_27_/D (DFF_X1)                0.0110     1.6336 r
  data arrival time                                                1.6336

  clock CLK (rise edge)                                 1.0500     1.0500
  clock network delay (ideal)                           0.0500     1.1000
  clock uncertainty                                    -0.0500     1.0500
  DP_i_fetch_i_pc_i_Y_reg_27_/CK (DFF_X1)               0.0000     1.0500 r
  library setup time                                   -0.0260     1.0240
  data required time                                               1.0240
  --------------------------------------------------------------------------
  data required time                                               1.0240
  data arrival time                                               -1.6336
  --------------------------------------------------------------------------
  slack (VIOLATED)                                                -0.6096


  Startpoint: DP_i_fetch_i_IR_out_reg_23_
              (rising edge-triggered flip-flop clocked by CLK)
  Endpoint: DP_i_fetch_i_pc_i_Y_reg_17_
            (rising edge-triggered flip-flop clocked by CLK)
  Path Group: REG2REG
  Path Type: max

  Des/Clust/Port     Wire Load Model       Library
  ------------------------------------------------
  DLX                5K_hvratio_1_4        NangateOpenCellLibrary

  Point                                                   Incr       Path
  --------------------------------------------------------------------------
  clock CLK (rise edge)                                 0.0000     0.0000
  clock network delay (ideal)                           0.0500     0.0500
  DP_i_fetch_i_IR_out_reg_23_/CK (DFF_X1)               0.0000     0.0500 r
  DP_i_fetch_i_IR_out_reg_23_/Q (DFF_X1)                0.0996     0.1496 f
  U1821/ZN (AND2_X1)                                    0.0465     0.1961 f
  U1932/ZN (AND2_X1)                                    0.0457     0.2418 f
  U1936/ZN (AND2_X1)                                    0.0456     0.2874 f
  U2863/ZN (INV_X1)                                     0.0391     0.3265 r
  U3082/ZN (INV_X1)                                     0.0378     0.3643 f
  U3392/ZN (AOI22_X1)                                   0.0480     0.4123 r
  U3393/ZN (AND4_X1)                                    0.0668     0.4791 r
  U3401/ZN (AND4_X1)                                    0.0607     0.5398 r
  U3403/ZN (OAI21_X1)                                   0.0330     0.5729 f
  U3804/ZN (NAND2_X1)                                   0.0358     0.6087 r
  U3806/ZN (AND2_X1)                                    0.0407     0.6493 r
  U1747/ZN (AND4_X1)                                    0.0662     0.7156 r
  U922/ZN (AND4_X1)                                     0.0685     0.7841 r
  U3834/ZN (NAND4_X1)                                   0.0514     0.8355 f
  U4046/ZN (AND2_X1)                                    0.0511     0.8867 f
  U4072/ZN (NOR2_X1)                                    0.0386     0.9252 r
  U4073/ZN (OAI21_X1)                                   0.0362     0.9615 f
  U4097/Z (BUF_X1)                                      0.0446     1.0061 f
  U4102/ZN (OR2_X1)                                     0.0533     1.0594 f
  U1869/ZN (AND2_X1)                                    0.0413     1.1007 f
  U4104/ZN (XNOR2_X1)                                   0.0474     1.1481 r
  U4139/ZN (NAND4_X1)                                   0.0432     1.1913 f
  U1449/ZN (OR4_X1)                                     0.1149     1.3062 f
  U4292/ZN (OAI21_X1)                                   0.0537     1.3599 r
  U1596/ZN (AND2_X1)                                    0.0502     1.4101 r
  U1769/ZN (AND4_X4)                                    0.1052     1.5154 r
  U11324/ZN (AND2_X1)                                   0.0688     1.5842 r
  U10427/ZN (OR4_X2)                                    0.0385     1.6226 r
  DP_i_fetch_i_pc_i_Y_reg_17_/D (DFF_X1)                0.0110     1.6336 r
  data arrival time                                                1.6336

  clock CLK (rise edge)                                 1.0500     1.0500
  clock network delay (ideal)                           0.0500     1.1000
  clock uncertainty                                    -0.0500     1.0500
  DP_i_fetch_i_pc_i_Y_reg_17_/CK (DFF_X1)               0.0000     1.0500 r
  library setup time                                   -0.0260     1.0240
  data required time                                               1.0240
  --------------------------------------------------------------------------
  data required time                                               1.0240
  data arrival time                                               -1.6336
  --------------------------------------------------------------------------
  slack (VIOLATED)                                                -0.6096


  Startpoint: DP_i_fetch_i_IR_out_reg_23_
              (rising edge-triggered flip-flop clocked by CLK)
  Endpoint: DP_i_fetch_i_pc_i_Y_reg_11_
            (rising edge-triggered flip-flop clocked by CLK)
  Path Group: REG2REG
  Path Type: max

  Des/Clust/Port     Wire Load Model       Library
  ------------------------------------------------
  DLX                5K_hvratio_1_4        NangateOpenCellLibrary

  Point                                                   Incr       Path
  --------------------------------------------------------------------------
  clock CLK (rise edge)                                 0.0000     0.0000
  clock network delay (ideal)                           0.0500     0.0500
  DP_i_fetch_i_IR_out_reg_23_/CK (DFF_X1)               0.0000     0.0500 r
  DP_i_fetch_i_IR_out_reg_23_/Q (DFF_X1)                0.0996     0.1496 f
  U1821/ZN (AND2_X1)                                    0.0465     0.1961 f
  U1932/ZN (AND2_X1)                                    0.0457     0.2418 f
  U1936/ZN (AND2_X1)                                    0.0456     0.2874 f
  U2863/ZN (INV_X1)                                     0.0391     0.3265 r
  U3082/ZN (INV_X1)                                     0.0378     0.3643 f
  U3392/ZN (AOI22_X1)                                   0.0480     0.4123 r
  U3393/ZN (AND4_X1)                                    0.0668     0.4791 r
  U3401/ZN (AND4_X1)                                    0.0607     0.5398 r
  U3403/ZN (OAI21_X1)                                   0.0330     0.5729 f
  U3804/ZN (NAND2_X1)                                   0.0358     0.6087 r
  U3806/ZN (AND2_X1)                                    0.0407     0.6493 r
  U1747/ZN (AND4_X1)                                    0.0662     0.7156 r
  U922/ZN (AND4_X1)                                     0.0685     0.7841 r
  U3834/ZN (NAND4_X1)                                   0.0514     0.8355 f
  U4046/ZN (AND2_X1)                                    0.0511     0.8867 f
  U4072/ZN (NOR2_X1)                                    0.0386     0.9252 r
  U4073/ZN (OAI21_X1)                                   0.0362     0.9615 f
  U4097/Z (BUF_X1)                                      0.0446     1.0061 f
  U4102/ZN (OR2_X1)                                     0.0533     1.0594 f
  U1869/ZN (AND2_X1)                                    0.0413     1.1007 f
  U4104/ZN (XNOR2_X1)                                   0.0474     1.1481 r
  U4139/ZN (NAND4_X1)                                   0.0432     1.1913 f
  U1449/ZN (OR4_X1)                                     0.1149     1.3062 f
  U4292/ZN (OAI21_X1)                                   0.0537     1.3599 r
  U1596/ZN (AND2_X1)                                    0.0502     1.4101 r
  U1769/ZN (AND4_X4)                                    0.1052     1.5154 r
  U11020/ZN (AND2_X1)                                   0.0688     1.5842 r
  U10418/ZN (OR4_X2)                                    0.0385     1.6226 r
  DP_i_fetch_i_pc_i_Y_reg_11_/D (DFF_X1)                0.0110     1.6336 r
  data arrival time                                                1.6336

  clock CLK (rise edge)                                 1.0500     1.0500
  clock network delay (ideal)                           0.0500     1.1000
  clock uncertainty                                    -0.0500     1.0500
  DP_i_fetch_i_pc_i_Y_reg_11_/CK (DFF_X1)               0.0000     1.0500 r
  library setup time                                   -0.0260     1.0240
  data required time                                               1.0240
  --------------------------------------------------------------------------
  data required time                                               1.0240
  data arrival time                                               -1.6336
  --------------------------------------------------------------------------
  slack (VIOLATED)                                                -0.6096


  Startpoint: DP_i_fetch_i_IR_out_reg_23_
              (rising edge-triggered flip-flop clocked by CLK)
  Endpoint: DP_i_fetch_i_pc_i_Y_reg_0_
            (rising edge-triggered flip-flop clocked by CLK)
  Path Group: REG2REG
  Path Type: max

  Des/Clust/Port     Wire Load Model       Library
  ------------------------------------------------
  DLX                5K_hvratio_1_4        NangateOpenCellLibrary

  Point                                                   Incr       Path
  --------------------------------------------------------------------------
  clock CLK (rise edge)                                 0.0000     0.0000
  clock network delay (ideal)                           0.0500     0.0500
  DP_i_fetch_i_IR_out_reg_23_/CK (DFF_X1)               0.0000     0.0500 r
  DP_i_fetch_i_IR_out_reg_23_/Q (DFF_X1)                0.0996     0.1496 f
  U1821/ZN (AND2_X1)                                    0.0465     0.1961 f
  U1932/ZN (AND2_X1)                                    0.0457     0.2418 f
  U1936/ZN (AND2_X1)                                    0.0456     0.2874 f
  U2863/ZN (INV_X1)                                     0.0391     0.3265 r
  U3082/ZN (INV_X1)                                     0.0378     0.3643 f
  U3392/ZN (AOI22_X1)                                   0.0480     0.4123 r
  U3393/ZN (AND4_X1)                                    0.0668     0.4791 r
  U3401/ZN (AND4_X1)                                    0.0607     0.5398 r
  U3403/ZN (OAI21_X1)                                   0.0330     0.5729 f
  U3804/ZN (NAND2_X1)                                   0.0358     0.6087 r
  U3806/ZN (AND2_X1)                                    0.0407     0.6493 r
  U1747/ZN (AND4_X1)                                    0.0662     0.7156 r
  U922/ZN (AND4_X1)                                     0.0685     0.7841 r
  U3834/ZN (NAND4_X1)                                   0.0514     0.8355 f
  U4046/ZN (AND2_X1)                                    0.0511     0.8867 f
  U4072/ZN (NOR2_X1)                                    0.0386     0.9252 r
  U4073/ZN (OAI21_X1)                                   0.0362     0.9615 f
  U4097/Z (BUF_X1)                                      0.0446     1.0061 f
  U4102/ZN (OR2_X1)                                     0.0533     1.0594 f
  U1869/ZN (AND2_X1)                                    0.0413     1.1007 f
  U4104/ZN (XNOR2_X1)                                   0.0474     1.1481 r
  U4139/ZN (NAND4_X1)                                   0.0432     1.1913 f
  U1449/ZN (OR4_X1)                                     0.1149     1.3062 f
  U4292/ZN (OAI21_X1)                                   0.0537     1.3599 r
  U1596/ZN (AND2_X1)                                    0.0502     1.4101 r
  U1769/ZN (AND4_X4)                                    0.1052     1.5154 r
  U11035/ZN (AND2_X1)                                   0.0688     1.5842 r
  U10421/ZN (OR4_X2)                                    0.0385     1.6226 r
  DP_i_fetch_i_pc_i_Y_reg_0_/D (DFF_X1)                 0.0110     1.6336 r
  data arrival time                                                1.6336

  clock CLK (rise edge)                                 1.0500     1.0500
  clock network delay (ideal)                           0.0500     1.1000
  clock uncertainty                                    -0.0500     1.0500
  DP_i_fetch_i_pc_i_Y_reg_0_/CK (DFF_X1)                0.0000     1.0500 r
  library setup time                                   -0.0260     1.0240
  data required time                                               1.0240
  --------------------------------------------------------------------------
  data required time                                               1.0240
  data arrival time                                               -1.6336
  --------------------------------------------------------------------------
  slack (VIOLATED)                                                -0.6096


1
