 
****************************************
Report : timing
        -path full
        -delay max
        -nworst 2
        -max_paths 10
Design : DLX
Version: W-2024.09-SP2
Date   : Mon Sep 28 16:26:20 2026
****************************************

Operating Conditions: typical   Library: NangateOpenCellLibrary
Wire Load Model Mode: top

  Startpoint: DP_i_fetch_i_IR_out_reg_22_
              (rising edge-triggered flip-flop clocked by CLK)
  Endpoint: DP_i_fetch_i_btb_i_clk_gate_btb_table_reg_10__TARGET_/latch
            (gating element for clock CLK)
  Path Group: CLK
  Path Type: max

  Des/Clust/Port     Wire Load Model       Library
  ------------------------------------------------
  DLX                5K_hvratio_1_4        NangateOpenCellLibrary

  Point                                                   Incr       Path
  --------------------------------------------------------------------------
  clock CLK (rise edge)                                 0.0000     0.0000
  clock network delay (ideal)                           0.0500     0.0500
  DP_i_fetch_i_IR_out_reg_22_/CK (DFF_X1)               0.0000     0.0500 r
  DP_i_fetch_i_IR_out_reg_22_/Q (DFF_X1)                0.1044     0.1544 r
  U3574/ZN (XNOR2_X1)                                   0.0583     0.2127 r
  U2951/ZN (AND2_X1)                                    0.0491     0.2618 r
  U1181/ZN (AND4_X2)                                    0.0687     0.3305 r
  U3581/ZN (NOR3_X1)                                    0.0340     0.3646 f
  U3604/Z (BUF_X1)                                      0.0516     0.4162 f
  U2190/ZN (NAND2_X1)                                   0.0412     0.4574 r
  U3748/ZN (INV_X1)                                     0.0475     0.5049 f
  U4469/ZN (NAND2_X1)                                   0.0432     0.5482 r
  U4472/ZN (AND4_X1)                                    0.0614     0.6096 r
  U2686/ZN (AND4_X1)                                    0.0646     0.6742 r
  U4501/ZN (NAND4_X1)                                   0.0429     0.7171 f
  U2741/ZN (OAI211_X1)                                  0.0536     0.7707 r
  U2687/ZN (AND2_X1)                                    0.0505     0.8212 r
  U2740/ZN (NAND2_X1)                                   0.0311     0.8523 f
  U814/ZN (AND2_X1)                                     0.0455     0.8978 f
  U2435/ZN (NOR2_X2)                                    0.0712     0.9690 r
  U6006/ZN (NOR2_X1)                                    0.0390     1.0080 f
  U2680/Z (BUF_X2)                                      0.0485     1.0565 f
  U6019/ZN (AOI21_X1)                                   0.0513     1.1078 r
  U6020/ZN (OAI211_X1)                                  0.0452     1.1530 f
  U6021/ZN (OAI21_X1)                                   0.0375     1.1905 r
  U6022/ZN (OAI221_X1)                                  0.0442     1.2347 f
  U6023/ZN (OAI21_X1)                                   0.0423     1.2770 r
  U6024/ZN (NAND2_X1)                                   0.0326     1.3096 f
  U6028/ZN (NAND3_X1)                                   0.0312     1.3409 r
  U2330/ZN (NAND2_X1)                                   0.0369     1.3778 f
  U6085/ZN (AOI21_X1)                                   0.0546     1.4324 r
  U861/ZN (AND2_X2)                                     0.0613     1.4936 r
  U1203/ZN (AND4_X4)                                    0.0935     1.5871 r
  U2702/ZN (OR2_X1)                                     0.0609     1.6480 r
  U1194/ZN (AND3_X1)                                    0.0530     1.7010 r
  DP_i_fetch_i_btb_i_clk_gate_btb_table_reg_10__TARGET_/EN (SNPS_CLOCK_GATE_HIGH_BTB_NBIT32_BTB_DEPTH16_BTB_INDEX_MSB5_12)
                                                        0.0000     1.7010 r
  DP_i_fetch_i_btb_i_clk_gate_btb_table_reg_10__TARGET_/latch/E (CLKGATETST_X1)
                                                        0.0091     1.7101 r
  data arrival time                                                1.7101

  clock CLK (rise edge)                                 1.6000     1.6000
  clock network delay (ideal)                           0.0500     1.6500
  clock uncertainty                                    -0.0500     1.6000
  DP_i_fetch_i_btb_i_clk_gate_btb_table_reg_10__TARGET_/latch/CK (CLKGATETST_X1)
                                                        0.0000     1.6000 r
  clock gating setup time                              -0.0722     1.5278
  data required time                                               1.5278
  --------------------------------------------------------------------------
  data required time                                               1.5278
  data arrival time                                               -1.7101
  --------------------------------------------------------------------------
  slack (VIOLATED)                                                -0.1823


  Startpoint: DP_i_fetch_i_IR_out_reg_22_
              (rising edge-triggered flip-flop clocked by CLK)
  Endpoint: DP_i_fetch_i_btb_i_clk_gate_btb_table_reg_14__TARGET_/latch
            (gating element for clock CLK)
  Path Group: CLK
  Path Type: max

  Des/Clust/Port     Wire Load Model       Library
  ------------------------------------------------
  DLX                5K_hvratio_1_4        NangateOpenCellLibrary

  Point                                                   Incr       Path
  --------------------------------------------------------------------------
  clock CLK (rise edge)                                 0.0000     0.0000
  clock network delay (ideal)                           0.0500     0.0500
  DP_i_fetch_i_IR_out_reg_22_/CK (DFF_X1)               0.0000     0.0500 r
  DP_i_fetch_i_IR_out_reg_22_/Q (DFF_X1)                0.1044     0.1544 r
  U3574/ZN (XNOR2_X1)                                   0.0583     0.2127 r
  U2951/ZN (AND2_X1)                                    0.0491     0.2618 r
  U1181/ZN (AND4_X2)                                    0.0687     0.3305 r
  U3581/ZN (NOR3_X1)                                    0.0340     0.3646 f
  U3604/Z (BUF_X1)                                      0.0516     0.4162 f
  U2190/ZN (NAND2_X1)                                   0.0412     0.4574 r
  U3748/ZN (INV_X1)                                     0.0475     0.5049 f
  U4469/ZN (NAND2_X1)                                   0.0432     0.5482 r
  U4472/ZN (AND4_X1)                                    0.0614     0.6096 r
  U2686/ZN (AND4_X1)                                    0.0646     0.6742 r
  U4501/ZN (NAND4_X1)                                   0.0429     0.7171 f
  U2741/ZN (OAI211_X1)                                  0.0536     0.7707 r
  U2687/ZN (AND2_X1)                                    0.0505     0.8212 r
  U2740/ZN (NAND2_X1)                                   0.0311     0.8523 f
  U814/ZN (AND2_X1)                                     0.0455     0.8978 f
  U2435/ZN (NOR2_X2)                                    0.0712     0.9690 r
  U6006/ZN (NOR2_X1)                                    0.0390     1.0080 f
  U2680/Z (BUF_X2)                                      0.0485     1.0565 f
  U6019/ZN (AOI21_X1)                                   0.0513     1.1078 r
  U6020/ZN (OAI211_X1)                                  0.0452     1.1530 f
  U6021/ZN (OAI21_X1)                                   0.0375     1.1905 r
  U6022/ZN (OAI221_X1)                                  0.0442     1.2347 f
  U6023/ZN (OAI21_X1)                                   0.0423     1.2770 r
  U6024/ZN (NAND2_X1)                                   0.0326     1.3096 f
  U6028/ZN (NAND3_X1)                                   0.0312     1.3409 r
  U2330/ZN (NAND2_X1)                                   0.0369     1.3778 f
  U6085/ZN (AOI21_X1)                                   0.0546     1.4324 r
  U861/ZN (AND2_X2)                                     0.0613     1.4936 r
  U1203/ZN (AND4_X4)                                    0.0935     1.5871 r
  U1202/ZN (OR2_X1)                                     0.0609     1.6480 r
  U1190/ZN (AND3_X1)                                    0.0530     1.7010 r
  DP_i_fetch_i_btb_i_clk_gate_btb_table_reg_14__TARGET_/EN (SNPS_CLOCK_GATE_HIGH_BTB_NBIT32_BTB_DEPTH16_BTB_INDEX_MSB5_4)
                                                        0.0000     1.7010 r
  DP_i_fetch_i_btb_i_clk_gate_btb_table_reg_14__TARGET_/latch/E (CLKGATETST_X1)
                                                        0.0091     1.7101 r
  data arrival time                                                1.7101

  clock CLK (rise edge)                                 1.6000     1.6000
  clock network delay (ideal)                           0.0500     1.6500
  clock uncertainty                                    -0.0500     1.6000
  DP_i_fetch_i_btb_i_clk_gate_btb_table_reg_14__TARGET_/latch/CK (CLKGATETST_X1)
                                                        0.0000     1.6000 r
  clock gating setup time                              -0.0722     1.5278
  data required time                                               1.5278
  --------------------------------------------------------------------------
  data required time                                               1.5278
  data arrival time                                               -1.7101
  --------------------------------------------------------------------------
  slack (VIOLATED)                                                -0.1823


  Startpoint: DP_i_fetch_i_IR_out_reg_22_
              (rising edge-triggered flip-flop clocked by CLK)
  Endpoint: DP_i_fetch_i_btb_i_clk_gate_btb_table_reg_9__TARGET_/latch
            (gating element for clock CLK)
  Path Group: CLK
  Path Type: max

  Des/Clust/Port     Wire Load Model       Library
  ------------------------------------------------
  DLX                5K_hvratio_1_4        NangateOpenCellLibrary

  Point                                                   Incr       Path
  --------------------------------------------------------------------------
  clock CLK (rise edge)                                 0.0000     0.0000
  clock network delay (ideal)                           0.0500     0.0500
  DP_i_fetch_i_IR_out_reg_22_/CK (DFF_X1)               0.0000     0.0500 r
  DP_i_fetch_i_IR_out_reg_22_/Q (DFF_X1)                0.1044     0.1544 r
  U3574/ZN (XNOR2_X1)                                   0.0583     0.2127 r
  U2951/ZN (AND2_X1)                                    0.0491     0.2618 r
  U1181/ZN (AND4_X2)                                    0.0687     0.3305 r
  U3581/ZN (NOR3_X1)                                    0.0340     0.3646 f
  U3604/Z (BUF_X1)                                      0.0516     0.4162 f
  U2190/ZN (NAND2_X1)                                   0.0412     0.4574 r
  U3748/ZN (INV_X1)                                     0.0475     0.5049 f
  U4469/ZN (NAND2_X1)                                   0.0432     0.5482 r
  U4472/ZN (AND4_X1)                                    0.0614     0.6096 r
  U2686/ZN (AND4_X1)                                    0.0646     0.6742 r
  U4501/ZN (NAND4_X1)                                   0.0429     0.7171 f
  U2741/ZN (OAI211_X1)                                  0.0536     0.7707 r
  U2687/ZN (AND2_X1)                                    0.0505     0.8212 r
  U2740/ZN (NAND2_X1)                                   0.0311     0.8523 f
  U814/ZN (AND2_X1)                                     0.0455     0.8978 f
  U2435/ZN (NOR2_X2)                                    0.0712     0.9690 r
  U6006/ZN (NOR2_X1)                                    0.0390     1.0080 f
  U2680/Z (BUF_X2)                                      0.0485     1.0565 f
  U6019/ZN (AOI21_X1)                                   0.0513     1.1078 r
  U6020/ZN (OAI211_X1)                                  0.0452     1.1530 f
  U6021/ZN (OAI21_X1)                                   0.0375     1.1905 r
  U6022/ZN (OAI221_X1)                                  0.0442     1.2347 f
  U6023/ZN (OAI21_X1)                                   0.0423     1.2770 r
  U6024/ZN (NAND2_X1)                                   0.0326     1.3096 f
  U6028/ZN (NAND3_X1)                                   0.0312     1.3409 r
  U2330/ZN (NAND2_X1)                                   0.0369     1.3778 f
  U6085/ZN (AOI21_X1)                                   0.0546     1.4324 r
  U861/ZN (AND2_X2)                                     0.0613     1.4936 r
  U1203/ZN (AND4_X4)                                    0.0935     1.5871 r
  U2702/ZN (OR2_X1)                                     0.0609     1.6480 r
  U1195/ZN (AND3_X1)                                    0.0530     1.7010 r
  DP_i_fetch_i_btb_i_clk_gate_btb_table_reg_9__TARGET_/EN (SNPS_CLOCK_GATE_HIGH_BTB_NBIT32_BTB_DEPTH16_BTB_INDEX_MSB5_14)
                                                        0.0000     1.7010 r
  DP_i_fetch_i_btb_i_clk_gate_btb_table_reg_9__TARGET_/latch/E (CLKGATETST_X1)
                                                        0.0091     1.7101 r
  data arrival time                                                1.7101

  clock CLK (rise edge)                                 1.6000     1.6000
  clock network delay (ideal)                           0.0500     1.6500
  clock uncertainty                                    -0.0500     1.6000
  DP_i_fetch_i_btb_i_clk_gate_btb_table_reg_9__TARGET_/latch/CK (CLKGATETST_X1)
                                                        0.0000     1.6000 r
  clock gating setup time                              -0.0722     1.5278
  data required time                                               1.5278
  --------------------------------------------------------------------------
  data required time                                               1.5278
  data arrival time                                               -1.7101
  --------------------------------------------------------------------------
  slack (VIOLATED)                                                -0.1823


  Startpoint: DP_i_fetch_i_IR_out_reg_22_
              (rising edge-triggered flip-flop clocked by CLK)
  Endpoint: DP_i_fetch_i_btb_i_clk_gate_btb_table_reg_13__TARGET_/latch
            (gating element for clock CLK)
  Path Group: CLK
  Path Type: max

  Des/Clust/Port     Wire Load Model       Library
  ------------------------------------------------
  DLX                5K_hvratio_1_4        NangateOpenCellLibrary

  Point                                                   Incr       Path
  --------------------------------------------------------------------------
  clock CLK (rise edge)                                 0.0000     0.0000
  clock network delay (ideal)                           0.0500     0.0500
  DP_i_fetch_i_IR_out_reg_22_/CK (DFF_X1)               0.0000     0.0500 r
  DP_i_fetch_i_IR_out_reg_22_/Q (DFF_X1)                0.1044     0.1544 r
  U3574/ZN (XNOR2_X1)                                   0.0583     0.2127 r
  U2951/ZN (AND2_X1)                                    0.0491     0.2618 r
  U1181/ZN (AND4_X2)                                    0.0687     0.3305 r
  U3581/ZN (NOR3_X1)                                    0.0340     0.3646 f
  U3604/Z (BUF_X1)                                      0.0516     0.4162 f
  U2190/ZN (NAND2_X1)                                   0.0412     0.4574 r
  U3748/ZN (INV_X1)                                     0.0475     0.5049 f
  U4469/ZN (NAND2_X1)                                   0.0432     0.5482 r
  U4472/ZN (AND4_X1)                                    0.0614     0.6096 r
  U2686/ZN (AND4_X1)                                    0.0646     0.6742 r
  U4501/ZN (NAND4_X1)                                   0.0429     0.7171 f
  U2741/ZN (OAI211_X1)                                  0.0536     0.7707 r
  U2687/ZN (AND2_X1)                                    0.0505     0.8212 r
  U2740/ZN (NAND2_X1)                                   0.0311     0.8523 f
  U814/ZN (AND2_X1)                                     0.0455     0.8978 f
  U2435/ZN (NOR2_X2)                                    0.0712     0.9690 r
  U6006/ZN (NOR2_X1)                                    0.0390     1.0080 f
  U2680/Z (BUF_X2)                                      0.0485     1.0565 f
  U6019/ZN (AOI21_X1)                                   0.0513     1.1078 r
  U6020/ZN (OAI211_X1)                                  0.0452     1.1530 f
  U6021/ZN (OAI21_X1)                                   0.0375     1.1905 r
  U6022/ZN (OAI221_X1)                                  0.0442     1.2347 f
  U6023/ZN (OAI21_X1)                                   0.0423     1.2770 r
  U6024/ZN (NAND2_X1)                                   0.0326     1.3096 f
  U6028/ZN (NAND3_X1)                                   0.0312     1.3409 r
  U2330/ZN (NAND2_X1)                                   0.0369     1.3778 f
  U6085/ZN (AOI21_X1)                                   0.0546     1.4324 r
  U861/ZN (AND2_X2)                                     0.0613     1.4936 r
  U1203/ZN (AND4_X4)                                    0.0935     1.5871 r
  U1202/ZN (OR2_X1)                                     0.0609     1.6480 r
  U1191/ZN (AND3_X1)                                    0.0530     1.7010 r
  DP_i_fetch_i_btb_i_clk_gate_btb_table_reg_13__TARGET_/EN (SNPS_CLOCK_GATE_HIGH_BTB_NBIT32_BTB_DEPTH16_BTB_INDEX_MSB5_6)
                                                        0.0000     1.7010 r
  DP_i_fetch_i_btb_i_clk_gate_btb_table_reg_13__TARGET_/latch/E (CLKGATETST_X1)
                                                        0.0091     1.7101 r
  data arrival time                                                1.7101

  clock CLK (rise edge)                                 1.6000     1.6000
  clock network delay (ideal)                           0.0500     1.6500
  clock uncertainty                                    -0.0500     1.6000
  DP_i_fetch_i_btb_i_clk_gate_btb_table_reg_13__TARGET_/latch/CK (CLKGATETST_X1)
                                                        0.0000     1.6000 r
  clock gating setup time                              -0.0722     1.5278
  data required time                                               1.5278
  --------------------------------------------------------------------------
  data required time                                               1.5278
  data arrival time                                               -1.7101
  --------------------------------------------------------------------------
  slack (VIOLATED)                                                -0.1823


  Startpoint: DP_i_fetch_i_IR_out_reg_22_
              (rising edge-triggered flip-flop clocked by CLK)
  Endpoint: DP_i_fetch_i_btb_i_clk_gate_btb_table_reg_11__TARGET_/latch
            (gating element for clock CLK)
  Path Group: CLK
  Path Type: max

  Des/Clust/Port     Wire Load Model       Library
  ------------------------------------------------
  DLX                5K_hvratio_1_4        NangateOpenCellLibrary

  Point                                                   Incr       Path
  --------------------------------------------------------------------------
  clock CLK (rise edge)                                 0.0000     0.0000
  clock network delay (ideal)                           0.0500     0.0500
  DP_i_fetch_i_IR_out_reg_22_/CK (DFF_X1)               0.0000     0.0500 r
  DP_i_fetch_i_IR_out_reg_22_/Q (DFF_X1)                0.1044     0.1544 r
  U3574/ZN (XNOR2_X1)                                   0.0583     0.2127 r
  U2951/ZN (AND2_X1)                                    0.0491     0.2618 r
  U1181/ZN (AND4_X2)                                    0.0687     0.3305 r
  U3581/ZN (NOR3_X1)                                    0.0340     0.3646 f
  U3604/Z (BUF_X1)                                      0.0516     0.4162 f
  U2190/ZN (NAND2_X1)                                   0.0412     0.4574 r
  U3748/ZN (INV_X1)                                     0.0475     0.5049 f
  U4469/ZN (NAND2_X1)                                   0.0432     0.5482 r
  U4472/ZN (AND4_X1)                                    0.0614     0.6096 r
  U2686/ZN (AND4_X1)                                    0.0646     0.6742 r
  U4501/ZN (NAND4_X1)                                   0.0429     0.7171 f
  U2741/ZN (OAI211_X1)                                  0.0536     0.7707 r
  U2687/ZN (AND2_X1)                                    0.0505     0.8212 r
  U2740/ZN (NAND2_X1)                                   0.0311     0.8523 f
  U814/ZN (AND2_X1)                                     0.0455     0.8978 f
  U2435/ZN (NOR2_X2)                                    0.0712     0.9690 r
  U6006/ZN (NOR2_X1)                                    0.0390     1.0080 f
  U2680/Z (BUF_X2)                                      0.0485     1.0565 f
  U6019/ZN (AOI21_X1)                                   0.0513     1.1078 r
  U6020/ZN (OAI211_X1)                                  0.0452     1.1530 f
  U6021/ZN (OAI21_X1)                                   0.0375     1.1905 r
  U6022/ZN (OAI221_X1)                                  0.0442     1.2347 f
  U6023/ZN (OAI21_X1)                                   0.0423     1.2770 r
  U6024/ZN (NAND2_X1)                                   0.0326     1.3096 f
  U6028/ZN (NAND3_X1)                                   0.0312     1.3409 r
  U2330/ZN (NAND2_X1)                                   0.0369     1.3778 f
  U6085/ZN (AOI21_X1)                                   0.0546     1.4324 r
  U861/ZN (AND2_X2)                                     0.0613     1.4936 r
  U1203/ZN (AND4_X4)                                    0.0935     1.5871 r
  U2702/ZN (OR2_X1)                                     0.0609     1.6480 r
  U1193/ZN (AND3_X1)                                    0.0530     1.7010 r
  DP_i_fetch_i_btb_i_clk_gate_btb_table_reg_11__TARGET_/EN (SNPS_CLOCK_GATE_HIGH_BTB_NBIT32_BTB_DEPTH16_BTB_INDEX_MSB5_10)
                                                        0.0000     1.7010 r
  DP_i_fetch_i_btb_i_clk_gate_btb_table_reg_11__TARGET_/latch/E (CLKGATETST_X1)
                                                        0.0091     1.7101 r
  data arrival time                                                1.7101

  clock CLK (rise edge)                                 1.6000     1.6000
  clock network delay (ideal)                           0.0500     1.6500
  clock uncertainty                                    -0.0500     1.6000
  DP_i_fetch_i_btb_i_clk_gate_btb_table_reg_11__TARGET_/latch/CK (CLKGATETST_X1)
                                                        0.0000     1.6000 r
  clock gating setup time                              -0.0722     1.5278
  data required time                                               1.5278
  --------------------------------------------------------------------------
  data required time                                               1.5278
  data arrival time                                               -1.7101
  --------------------------------------------------------------------------
  slack (VIOLATED)                                                -0.1823


  Startpoint: DP_i_fetch_i_IR_out_reg_22_
              (rising edge-triggered flip-flop clocked by CLK)
  Endpoint: DP_i_fetch_i_btb_i_clk_gate_btb_table_reg_15__TARGET_/latch
            (gating element for clock CLK)
  Path Group: CLK
  Path Type: max

  Des/Clust/Port     Wire Load Model       Library
  ------------------------------------------------
  DLX                5K_hvratio_1_4        NangateOpenCellLibrary

  Point                                                   Incr       Path
  --------------------------------------------------------------------------
  clock CLK (rise edge)                                 0.0000     0.0000
  clock network delay (ideal)                           0.0500     0.0500
  DP_i_fetch_i_IR_out_reg_22_/CK (DFF_X1)               0.0000     0.0500 r
  DP_i_fetch_i_IR_out_reg_22_/Q (DFF_X1)                0.1044     0.1544 r
  U3574/ZN (XNOR2_X1)                                   0.0583     0.2127 r
  U2951/ZN (AND2_X1)                                    0.0491     0.2618 r
  U1181/ZN (AND4_X2)                                    0.0687     0.3305 r
  U3581/ZN (NOR3_X1)                                    0.0340     0.3646 f
  U3604/Z (BUF_X1)                                      0.0516     0.4162 f
  U2190/ZN (NAND2_X1)                                   0.0412     0.4574 r
  U3748/ZN (INV_X1)                                     0.0475     0.5049 f
  U4469/ZN (NAND2_X1)                                   0.0432     0.5482 r
  U4472/ZN (AND4_X1)                                    0.0614     0.6096 r
  U2686/ZN (AND4_X1)                                    0.0646     0.6742 r
  U4501/ZN (NAND4_X1)                                   0.0429     0.7171 f
  U2741/ZN (OAI211_X1)                                  0.0536     0.7707 r
  U2687/ZN (AND2_X1)                                    0.0505     0.8212 r
  U2740/ZN (NAND2_X1)                                   0.0311     0.8523 f
  U814/ZN (AND2_X1)                                     0.0455     0.8978 f
  U2435/ZN (NOR2_X2)                                    0.0712     0.9690 r
  U6006/ZN (NOR2_X1)                                    0.0390     1.0080 f
  U2680/Z (BUF_X2)                                      0.0485     1.0565 f
  U6019/ZN (AOI21_X1)                                   0.0513     1.1078 r
  U6020/ZN (OAI211_X1)                                  0.0452     1.1530 f
  U6021/ZN (OAI21_X1)                                   0.0375     1.1905 r
  U6022/ZN (OAI221_X1)                                  0.0442     1.2347 f
  U6023/ZN (OAI21_X1)                                   0.0423     1.2770 r
  U6024/ZN (NAND2_X1)                                   0.0326     1.3096 f
  U6028/ZN (NAND3_X1)                                   0.0312     1.3409 r
  U2330/ZN (NAND2_X1)                                   0.0369     1.3778 f
  U6085/ZN (AOI21_X1)                                   0.0546     1.4324 r
  U861/ZN (AND2_X2)                                     0.0613     1.4936 r
  U1203/ZN (AND4_X4)                                    0.0935     1.5871 r
  U1202/ZN (OR2_X1)                                     0.0609     1.6480 r
  U1189/ZN (AND3_X1)                                    0.0530     1.7010 r
  DP_i_fetch_i_btb_i_clk_gate_btb_table_reg_15__TARGET_/EN (SNPS_CLOCK_GATE_HIGH_BTB_NBIT32_BTB_DEPTH16_BTB_INDEX_MSB5_2)
                                                        0.0000     1.7010 r
  DP_i_fetch_i_btb_i_clk_gate_btb_table_reg_15__TARGET_/latch/E (CLKGATETST_X1)
                                                        0.0091     1.7101 r
  data arrival time                                                1.7101

  clock CLK (rise edge)                                 1.6000     1.6000
  clock network delay (ideal)                           0.0500     1.6500
  clock uncertainty                                    -0.0500     1.6000
  DP_i_fetch_i_btb_i_clk_gate_btb_table_reg_15__TARGET_/latch/CK (CLKGATETST_X1)
                                                        0.0000     1.6000 r
  clock gating setup time                              -0.0722     1.5278
  data required time                                               1.5278
  --------------------------------------------------------------------------
  data required time                                               1.5278
  data arrival time                                               -1.7101
  --------------------------------------------------------------------------
  slack (VIOLATED)                                                -0.1823


  Startpoint: DP_i_fetch_i_IR_out_reg_22_
              (rising edge-triggered flip-flop clocked by CLK)
  Endpoint: DP_i_fetch_i_btb_i_clk_gate_btb_table_reg_8__TARGET_/latch
            (gating element for clock CLK)
  Path Group: CLK
  Path Type: max

  Des/Clust/Port     Wire Load Model       Library
  ------------------------------------------------
  DLX                5K_hvratio_1_4        NangateOpenCellLibrary

  Point                                                   Incr       Path
  --------------------------------------------------------------------------
  clock CLK (rise edge)                                 0.0000     0.0000
  clock network delay (ideal)                           0.0500     0.0500
  DP_i_fetch_i_IR_out_reg_22_/CK (DFF_X1)               0.0000     0.0500 r
  DP_i_fetch_i_IR_out_reg_22_/Q (DFF_X1)                0.1044     0.1544 r
  U3574/ZN (XNOR2_X1)                                   0.0583     0.2127 r
  U2951/ZN (AND2_X1)                                    0.0491     0.2618 r
  U1181/ZN (AND4_X2)                                    0.0687     0.3305 r
  U3581/ZN (NOR3_X1)                                    0.0340     0.3646 f
  U3604/Z (BUF_X1)                                      0.0516     0.4162 f
  U2190/ZN (NAND2_X1)                                   0.0412     0.4574 r
  U3748/ZN (INV_X1)                                     0.0475     0.5049 f
  U4469/ZN (NAND2_X1)                                   0.0432     0.5482 r
  U4472/ZN (AND4_X1)                                    0.0614     0.6096 r
  U2686/ZN (AND4_X1)                                    0.0646     0.6742 r
  U4501/ZN (NAND4_X1)                                   0.0429     0.7171 f
  U2741/ZN (OAI211_X1)                                  0.0536     0.7707 r
  U2687/ZN (AND2_X1)                                    0.0505     0.8212 r
  U2740/ZN (NAND2_X1)                                   0.0311     0.8523 f
  U814/ZN (AND2_X1)                                     0.0455     0.8978 f
  U2435/ZN (NOR2_X2)                                    0.0712     0.9690 r
  U6006/ZN (NOR2_X1)                                    0.0390     1.0080 f
  U2680/Z (BUF_X2)                                      0.0485     1.0565 f
  U6019/ZN (AOI21_X1)                                   0.0513     1.1078 r
  U6020/ZN (OAI211_X1)                                  0.0452     1.1530 f
  U6021/ZN (OAI21_X1)                                   0.0375     1.1905 r
  U6022/ZN (OAI221_X1)                                  0.0442     1.2347 f
  U6023/ZN (OAI21_X1)                                   0.0423     1.2770 r
  U6024/ZN (NAND2_X1)                                   0.0326     1.3096 f
  U6028/ZN (NAND3_X1)                                   0.0312     1.3409 r
  U2330/ZN (NAND2_X1)                                   0.0369     1.3778 f
  U6085/ZN (AOI21_X1)                                   0.0546     1.4324 r
  U861/ZN (AND2_X2)                                     0.0613     1.4936 r
  U1203/ZN (AND4_X4)                                    0.0935     1.5871 r
  U2702/ZN (OR2_X1)                                     0.0609     1.6480 r
  U1196/ZN (AND3_X1)                                    0.0530     1.7010 r
  DP_i_fetch_i_btb_i_clk_gate_btb_table_reg_8__TARGET_/EN (SNPS_CLOCK_GATE_HIGH_BTB_NBIT32_BTB_DEPTH16_BTB_INDEX_MSB5_16)
                                                        0.0000     1.7010 r
  DP_i_fetch_i_btb_i_clk_gate_btb_table_reg_8__TARGET_/latch/E (CLKGATETST_X1)
                                                        0.0091     1.7101 r
  data arrival time                                                1.7101

  clock CLK (rise edge)                                 1.6000     1.6000
  clock network delay (ideal)                           0.0500     1.6500
  clock uncertainty                                    -0.0500     1.6000
  DP_i_fetch_i_btb_i_clk_gate_btb_table_reg_8__TARGET_/latch/CK (CLKGATETST_X1)
                                                        0.0000     1.6000 r
  clock gating setup time                              -0.0722     1.5278
  data required time                                               1.5278
  --------------------------------------------------------------------------
  data required time                                               1.5278
  data arrival time                                               -1.7101
  --------------------------------------------------------------------------
  slack (VIOLATED)                                                -0.1823


  Startpoint: DP_i_fetch_i_IR_out_reg_22_
              (rising edge-triggered flip-flop clocked by CLK)
  Endpoint: DP_i_fetch_i_btb_i_clk_gate_btb_table_reg_12__TARGET_/latch
            (gating element for clock CLK)
  Path Group: CLK
  Path Type: max

  Des/Clust/Port     Wire Load Model       Library
  ------------------------------------------------
  DLX                5K_hvratio_1_4        NangateOpenCellLibrary

  Point                                                   Incr       Path
  --------------------------------------------------------------------------
  clock CLK (rise edge)                                 0.0000     0.0000
  clock network delay (ideal)                           0.0500     0.0500
  DP_i_fetch_i_IR_out_reg_22_/CK (DFF_X1)               0.0000     0.0500 r
  DP_i_fetch_i_IR_out_reg_22_/Q (DFF_X1)                0.1044     0.1544 r
  U3574/ZN (XNOR2_X1)                                   0.0583     0.2127 r
  U2951/ZN (AND2_X1)                                    0.0491     0.2618 r
  U1181/ZN (AND4_X2)                                    0.0687     0.3305 r
  U3581/ZN (NOR3_X1)                                    0.0340     0.3646 f
  U3604/Z (BUF_X1)                                      0.0516     0.4162 f
  U2190/ZN (NAND2_X1)                                   0.0412     0.4574 r
  U3748/ZN (INV_X1)                                     0.0475     0.5049 f
  U4469/ZN (NAND2_X1)                                   0.0432     0.5482 r
  U4472/ZN (AND4_X1)                                    0.0614     0.6096 r
  U2686/ZN (AND4_X1)                                    0.0646     0.6742 r
  U4501/ZN (NAND4_X1)                                   0.0429     0.7171 f
  U2741/ZN (OAI211_X1)                                  0.0536     0.7707 r
  U2687/ZN (AND2_X1)                                    0.0505     0.8212 r
  U2740/ZN (NAND2_X1)                                   0.0311     0.8523 f
  U814/ZN (AND2_X1)                                     0.0455     0.8978 f
  U2435/ZN (NOR2_X2)                                    0.0712     0.9690 r
  U6006/ZN (NOR2_X1)                                    0.0390     1.0080 f
  U2680/Z (BUF_X2)                                      0.0485     1.0565 f
  U6019/ZN (AOI21_X1)                                   0.0513     1.1078 r
  U6020/ZN (OAI211_X1)                                  0.0452     1.1530 f
  U6021/ZN (OAI21_X1)                                   0.0375     1.1905 r
  U6022/ZN (OAI221_X1)                                  0.0442     1.2347 f
  U6023/ZN (OAI21_X1)                                   0.0423     1.2770 r
  U6024/ZN (NAND2_X1)                                   0.0326     1.3096 f
  U6028/ZN (NAND3_X1)                                   0.0312     1.3409 r
  U2330/ZN (NAND2_X1)                                   0.0369     1.3778 f
  U6085/ZN (AOI21_X1)                                   0.0546     1.4324 r
  U861/ZN (AND2_X2)                                     0.0613     1.4936 r
  U1203/ZN (AND4_X4)                                    0.0935     1.5871 r
  U1202/ZN (OR2_X1)                                     0.0609     1.6480 r
  U1192/ZN (AND3_X1)                                    0.0530     1.7010 r
  DP_i_fetch_i_btb_i_clk_gate_btb_table_reg_12__TARGET_/EN (SNPS_CLOCK_GATE_HIGH_BTB_NBIT32_BTB_DEPTH16_BTB_INDEX_MSB5_8)
                                                        0.0000     1.7010 r
  DP_i_fetch_i_btb_i_clk_gate_btb_table_reg_12__TARGET_/latch/E (CLKGATETST_X1)
                                                        0.0091     1.7101 r
  data arrival time                                                1.7101

  clock CLK (rise edge)                                 1.6000     1.6000
  clock network delay (ideal)                           0.0500     1.6500
  clock uncertainty                                    -0.0500     1.6000
  DP_i_fetch_i_btb_i_clk_gate_btb_table_reg_12__TARGET_/latch/CK (CLKGATETST_X1)
                                                        0.0000     1.6000 r
  clock gating setup time                              -0.0722     1.5278
  data required time                                               1.5278
  --------------------------------------------------------------------------
  data required time                                               1.5278
  data arrival time                                               -1.7101
  --------------------------------------------------------------------------
  slack (VIOLATED)                                                -0.1823


  Startpoint: DP_i_mem_access_i_rd_out_reg_i_Y_reg_4_
              (rising edge-triggered flip-flop clocked by CLK)
  Endpoint: DP_i_fetch_i_btb_i_clk_gate_btb_table_reg_10__TARGET_/latch
            (gating element for clock CLK)
  Path Group: CLK
  Path Type: max

  Des/Clust/Port     Wire Load Model       Library
  ------------------------------------------------
  DLX                5K_hvratio_1_4        NangateOpenCellLibrary

  Point                                                   Incr       Path
  --------------------------------------------------------------------------
  clock CLK (rise edge)                                 0.0000     0.0000
  clock network delay (ideal)                           0.0500     0.0500
  DP_i_mem_access_i_rd_out_reg_i_Y_reg_4_/CK (DFF_X1)   0.0000     0.0500 r
  DP_i_mem_access_i_rd_out_reg_i_Y_reg_4_/Q (DFF_X1)    0.1076     0.1576 r
  U3576/ZN (XNOR2_X1)                                   0.0650     0.2226 r
  U3578/ZN (AND2_X1)                                    0.0462     0.2688 r
  U1181/ZN (AND4_X2)                                    0.0616     0.3304 r
  U3581/ZN (NOR3_X1)                                    0.0340     0.3644 f
  U3604/Z (BUF_X1)                                      0.0516     0.4160 f
  U2190/ZN (NAND2_X1)                                   0.0412     0.4572 r
  U3748/ZN (INV_X1)                                     0.0475     0.5047 f
  U4469/ZN (NAND2_X1)                                   0.0432     0.5480 r
  U4472/ZN (AND4_X1)                                    0.0614     0.6094 r
  U2686/ZN (AND4_X1)                                    0.0646     0.6740 r
  U4501/ZN (NAND4_X1)                                   0.0429     0.7169 f
  U2741/ZN (OAI211_X1)                                  0.0536     0.7705 r
  U2687/ZN (AND2_X1)                                    0.0505     0.8211 r
  U2740/ZN (NAND2_X1)                                   0.0311     0.8521 f
  U814/ZN (AND2_X1)                                     0.0455     0.8976 f
  U2435/ZN (NOR2_X2)                                    0.0712     0.9688 r
  U6006/ZN (NOR2_X1)                                    0.0390     1.0078 f
  U2680/Z (BUF_X2)                                      0.0485     1.0563 f
  U6019/ZN (AOI21_X1)                                   0.0513     1.1076 r
  U6020/ZN (OAI211_X1)                                  0.0452     1.1528 f
  U6021/ZN (OAI21_X1)                                   0.0375     1.1904 r
  U6022/ZN (OAI221_X1)                                  0.0442     1.2345 f
  U6023/ZN (OAI21_X1)                                   0.0423     1.2768 r
  U6024/ZN (NAND2_X1)                                   0.0326     1.3094 f
  U6028/ZN (NAND3_X1)                                   0.0312     1.3407 r
  U2330/ZN (NAND2_X1)                                   0.0369     1.3776 f
  U6085/ZN (AOI21_X1)                                   0.0546     1.4322 r
  U861/ZN (AND2_X2)                                     0.0613     1.4934 r
  U1203/ZN (AND4_X4)                                    0.0935     1.5869 r
  U2702/ZN (OR2_X1)                                     0.0609     1.6479 r
  U1194/ZN (AND3_X1)                                    0.0530     1.7009 r
  DP_i_fetch_i_btb_i_clk_gate_btb_table_reg_10__TARGET_/EN (SNPS_CLOCK_GATE_HIGH_BTB_NBIT32_BTB_DEPTH16_BTB_INDEX_MSB5_12)
                                                        0.0000     1.7009 r
  DP_i_fetch_i_btb_i_clk_gate_btb_table_reg_10__TARGET_/latch/E (CLKGATETST_X1)
                                                        0.0091     1.7099 r
  data arrival time                                                1.7099

  clock CLK (rise edge)                                 1.6000     1.6000
  clock network delay (ideal)                           0.0500     1.6500
  clock uncertainty                                    -0.0500     1.6000
  DP_i_fetch_i_btb_i_clk_gate_btb_table_reg_10__TARGET_/latch/CK (CLKGATETST_X1)
                                                        0.0000     1.6000 r
  clock gating setup time                              -0.0722     1.5278
  data required time                                               1.5278
  --------------------------------------------------------------------------
  data required time                                               1.5278
  data arrival time                                               -1.7099
  --------------------------------------------------------------------------
  slack (VIOLATED)                                                -0.1821


  Startpoint: DP_i_mem_access_i_rd_out_reg_i_Y_reg_4_
              (rising edge-triggered flip-flop clocked by CLK)
  Endpoint: DP_i_fetch_i_btb_i_clk_gate_btb_table_reg_14__TARGET_/latch
            (gating element for clock CLK)
  Path Group: CLK
  Path Type: max

  Des/Clust/Port     Wire Load Model       Library
  ------------------------------------------------
  DLX                5K_hvratio_1_4        NangateOpenCellLibrary

  Point                                                   Incr       Path
  --------------------------------------------------------------------------
  clock CLK (rise edge)                                 0.0000     0.0000
  clock network delay (ideal)                           0.0500     0.0500
  DP_i_mem_access_i_rd_out_reg_i_Y_reg_4_/CK (DFF_X1)   0.0000     0.0500 r
  DP_i_mem_access_i_rd_out_reg_i_Y_reg_4_/Q (DFF_X1)    0.1076     0.1576 r
  U3576/ZN (XNOR2_X1)                                   0.0650     0.2226 r
  U3578/ZN (AND2_X1)                                    0.0462     0.2688 r
  U1181/ZN (AND4_X2)                                    0.0616     0.3304 r
  U3581/ZN (NOR3_X1)                                    0.0340     0.3644 f
  U3604/Z (BUF_X1)                                      0.0516     0.4160 f
  U2190/ZN (NAND2_X1)                                   0.0412     0.4572 r
  U3748/ZN (INV_X1)                                     0.0475     0.5047 f
  U4469/ZN (NAND2_X1)                                   0.0432     0.5480 r
  U4472/ZN (AND4_X1)                                    0.0614     0.6094 r
  U2686/ZN (AND4_X1)                                    0.0646     0.6740 r
  U4501/ZN (NAND4_X1)                                   0.0429     0.7169 f
  U2741/ZN (OAI211_X1)                                  0.0536     0.7705 r
  U2687/ZN (AND2_X1)                                    0.0505     0.8211 r
  U2740/ZN (NAND2_X1)                                   0.0311     0.8521 f
  U814/ZN (AND2_X1)                                     0.0455     0.8976 f
  U2435/ZN (NOR2_X2)                                    0.0712     0.9688 r
  U6006/ZN (NOR2_X1)                                    0.0390     1.0078 f
  U2680/Z (BUF_X2)                                      0.0485     1.0563 f
  U6019/ZN (AOI21_X1)                                   0.0513     1.1076 r
  U6020/ZN (OAI211_X1)                                  0.0452     1.1528 f
  U6021/ZN (OAI21_X1)                                   0.0375     1.1904 r
  U6022/ZN (OAI221_X1)                                  0.0442     1.2345 f
  U6023/ZN (OAI21_X1)                                   0.0423     1.2768 r
  U6024/ZN (NAND2_X1)                                   0.0326     1.3094 f
  U6028/ZN (NAND3_X1)                                   0.0312     1.3407 r
  U2330/ZN (NAND2_X1)                                   0.0369     1.3776 f
  U6085/ZN (AOI21_X1)                                   0.0546     1.4322 r
  U861/ZN (AND2_X2)                                     0.0613     1.4934 r
  U1203/ZN (AND4_X4)                                    0.0935     1.5869 r
  U1202/ZN (OR2_X1)                                     0.0609     1.6479 r
  U1190/ZN (AND3_X1)                                    0.0530     1.7009 r
  DP_i_fetch_i_btb_i_clk_gate_btb_table_reg_14__TARGET_/EN (SNPS_CLOCK_GATE_HIGH_BTB_NBIT32_BTB_DEPTH16_BTB_INDEX_MSB5_4)
                                                        0.0000     1.7009 r
  DP_i_fetch_i_btb_i_clk_gate_btb_table_reg_14__TARGET_/latch/E (CLKGATETST_X1)
                                                        0.0091     1.7099 r
  data arrival time                                                1.7099

  clock CLK (rise edge)                                 1.6000     1.6000
  clock network delay (ideal)                           0.0500     1.6500
  clock uncertainty                                    -0.0500     1.6000
  DP_i_fetch_i_btb_i_clk_gate_btb_table_reg_14__TARGET_/latch/CK (CLKGATETST_X1)
                                                        0.0000     1.6000 r
  clock gating setup time                              -0.0722     1.5278
  data required time                                               1.5278
  --------------------------------------------------------------------------
  data required time                                               1.5278
  data arrival time                                               -1.7099
  --------------------------------------------------------------------------
  slack (VIOLATED)                                                -0.1821


  Startpoint: DRAM_READY (input port clocked by CLK)
  Endpoint: DP_i_decode_i_B_reg_i_Y_reg_24_
            (rising edge-triggered flip-flop clocked by CLK)
  Path Group: INPUTS
  Path Type: max

  Des/Clust/Port     Wire Load Model       Library
  ------------------------------------------------
  DLX                5K_hvratio_1_4        NangateOpenCellLibrary

  Point                                                   Incr       Path
  --------------------------------------------------------------------------
  clock CLK (rise edge)                                 0.0000     0.0000
  clock network delay (ideal)                           0.0500     0.0500
  input external delay                                  0.1600     0.2100 f
  DRAM_READY (in)                                       0.0010     0.2110 f
  U1932/ZN (INV_X1)                                     0.0251     0.2361 r
  U3333/ZN (NAND2_X1)                                   0.0559     0.2920 f
  U1436/ZN (NAND2_X1)                                   0.0907     0.3827 r
  DP_i_U2749/ZN (NOR2_X1)                               0.0477     0.4305 f
  DP_i_U2750/ZN (NAND2_X1)                              0.0435     0.4740 r
  U962/ZN (OR2_X1)                                      0.1406     0.6145 r
  U871/ZN (INV_X8)                                      0.2110     0.8256 f
  DP_i_U2796/ZN (AOI22_X1)                              0.0854     0.9110 r
  DP_i_U2797/ZN (OAI211_X1)                             0.0443     0.9553 f
  DP_i_decode_i_B_reg_i_Y_reg_24_/D (DFF_X1)            0.0104     0.9657 f
  data arrival time                                                0.9657

  clock CLK (rise edge)                                 1.6000     1.6000
  clock network delay (ideal)                           0.0500     1.6500
  clock uncertainty                                    -0.0500     1.6000
  DP_i_decode_i_B_reg_i_Y_reg_24_/CK (DFF_X1)           0.0000     1.6000 r
  library setup time                                   -0.0303     1.5697
  data required time                                               1.5697
  --------------------------------------------------------------------------
  data required time                                               1.5697
  data arrival time                                               -0.9657
  --------------------------------------------------------------------------
  slack (MET)                                                      0.6040


  Startpoint: DRAM_READY (input port clocked by CLK)
  Endpoint: DP_i_decode_i_B_reg_i_Y_reg_26_
            (rising edge-triggered flip-flop clocked by CLK)
  Path Group: INPUTS
  Path Type: max

  Des/Clust/Port     Wire Load Model       Library
  ------------------------------------------------
  DLX                5K_hvratio_1_4        NangateOpenCellLibrary

  Point                                                   Incr       Path
  --------------------------------------------------------------------------
  clock CLK (rise edge)                                 0.0000     0.0000
  clock network delay (ideal)                           0.0500     0.0500
  input external delay                                  0.1600     0.2100 f
  DRAM_READY (in)                                       0.0010     0.2110 f
  U1932/ZN (INV_X1)                                     0.0251     0.2361 r
  U3333/ZN (NAND2_X1)                                   0.0559     0.2920 f
  U1436/ZN (NAND2_X1)                                   0.0907     0.3827 r
  DP_i_U2749/ZN (NOR2_X1)                               0.0477     0.4305 f
  DP_i_U2750/ZN (NAND2_X1)                              0.0435     0.4740 r
  U962/ZN (OR2_X1)                                      0.1406     0.6145 r
  U871/ZN (INV_X8)                                      0.2110     0.8256 f
  DP_i_U2786/ZN (AOI22_X1)                              0.0854     0.9110 r
  DP_i_U2787/ZN (OAI211_X1)                             0.0443     0.9553 f
  DP_i_decode_i_B_reg_i_Y_reg_26_/D (DFF_X1)            0.0104     0.9657 f
  data arrival time                                                0.9657

  clock CLK (rise edge)                                 1.6000     1.6000
  clock network delay (ideal)                           0.0500     1.6500
  clock uncertainty                                    -0.0500     1.6000
  DP_i_decode_i_B_reg_i_Y_reg_26_/CK (DFF_X1)           0.0000     1.6000 r
  library setup time                                   -0.0303     1.5697
  data required time                                               1.5697
  --------------------------------------------------------------------------
  data required time                                               1.5697
  data arrival time                                               -0.9657
  --------------------------------------------------------------------------
  slack (MET)                                                      0.6040


  Startpoint: DRAM_READY (input port clocked by CLK)
  Endpoint: DP_i_decode_i_B_reg_i_Y_reg_25_
            (rising edge-triggered flip-flop clocked by CLK)
  Path Group: INPUTS
  Path Type: max

  Des/Clust/Port     Wire Load Model       Library
  ------------------------------------------------
  DLX                5K_hvratio_1_4        NangateOpenCellLibrary

  Point                                                   Incr       Path
  --------------------------------------------------------------------------
  clock CLK (rise edge)                                 0.0000     0.0000
  clock network delay (ideal)                           0.0500     0.0500
  input external delay                                  0.1600     0.2100 f
  DRAM_READY (in)                                       0.0010     0.2110 f
  U1932/ZN (INV_X1)                                     0.0251     0.2361 r
  U3333/ZN (NAND2_X1)                                   0.0559     0.2920 f
  U1436/ZN (NAND2_X1)                                   0.0907     0.3827 r
  DP_i_U2749/ZN (NOR2_X1)                               0.0477     0.4305 f
  DP_i_U2750/ZN (NAND2_X1)                              0.0435     0.4740 r
  U962/ZN (OR2_X1)                                      0.1406     0.6145 r
  U871/ZN (INV_X8)                                      0.2110     0.8256 f
  DP_i_U2791/ZN (AOI22_X1)                              0.0854     0.9110 r
  DP_i_U2792/ZN (OAI211_X1)                             0.0443     0.9553 f
  DP_i_decode_i_B_reg_i_Y_reg_25_/D (DFF_X1)            0.0104     0.9657 f
  data arrival time                                                0.9657

  clock CLK (rise edge)                                 1.6000     1.6000
  clock network delay (ideal)                           0.0500     1.6500
  clock uncertainty                                    -0.0500     1.6000
  DP_i_decode_i_B_reg_i_Y_reg_25_/CK (DFF_X1)           0.0000     1.6000 r
  library setup time                                   -0.0303     1.5697
  data required time                                               1.5697
  --------------------------------------------------------------------------
  data required time                                               1.5697
  data arrival time                                               -0.9657
  --------------------------------------------------------------------------
  slack (MET)                                                      0.6040


  Startpoint: DRAM_READY (input port clocked by CLK)
  Endpoint: DP_i_decode_i_B_reg_i_Y_reg_21_
            (rising edge-triggered flip-flop clocked by CLK)
  Path Group: INPUTS
  Path Type: max

  Des/Clust/Port     Wire Load Model       Library
  ------------------------------------------------
  DLX                5K_hvratio_1_4        NangateOpenCellLibrary

  Point                                                   Incr       Path
  --------------------------------------------------------------------------
  clock CLK (rise edge)                                 0.0000     0.0000
  clock network delay (ideal)                           0.0500     0.0500
  input external delay                                  0.1600     0.2100 f
  DRAM_READY (in)                                       0.0010     0.2110 f
  U1932/ZN (INV_X1)                                     0.0251     0.2361 r
  U3333/ZN (NAND2_X1)                                   0.0559     0.2920 f
  U1436/ZN (NAND2_X1)                                   0.0907     0.3827 r
  DP_i_U2749/ZN (NOR2_X1)                               0.0477     0.4305 f
  DP_i_U2750/ZN (NAND2_X1)                              0.0435     0.4740 r
  U962/ZN (OR2_X1)                                      0.1406     0.6145 r
  U871/ZN (INV_X8)                                      0.2110     0.8256 f
  DP_i_U2811/ZN (AOI22_X1)                              0.0854     0.9110 r
  DP_i_U2812/ZN (OAI211_X1)                             0.0443     0.9553 f
  DP_i_decode_i_B_reg_i_Y_reg_21_/D (DFF_X1)            0.0104     0.9657 f
  data arrival time                                                0.9657

  clock CLK (rise edge)                                 1.6000     1.6000
  clock network delay (ideal)                           0.0500     1.6500
  clock uncertainty                                    -0.0500     1.6000
  DP_i_decode_i_B_reg_i_Y_reg_21_/CK (DFF_X1)           0.0000     1.6000 r
  library setup time                                   -0.0303     1.5697
  data required time                                               1.5697
  --------------------------------------------------------------------------
  data required time                                               1.5697
  data arrival time                                               -0.9657
  --------------------------------------------------------------------------
  slack (MET)                                                      0.6040


  Startpoint: DRAM_READY (input port clocked by CLK)
  Endpoint: DP_i_decode_i_B_reg_i_Y_reg_20_
            (rising edge-triggered flip-flop clocked by CLK)
  Path Group: INPUTS
  Path Type: max

  Des/Clust/Port     Wire Load Model       Library
  ------------------------------------------------
  DLX                5K_hvratio_1_4        NangateOpenCellLibrary

  Point                                                   Incr       Path
  --------------------------------------------------------------------------
  clock CLK (rise edge)                                 0.0000     0.0000
  clock network delay (ideal)                           0.0500     0.0500
  input external delay                                  0.1600     0.2100 f
  DRAM_READY (in)                                       0.0010     0.2110 f
  U1932/ZN (INV_X1)                                     0.0251     0.2361 r
  U3333/ZN (NAND2_X1)                                   0.0559     0.2920 f
  U1436/ZN (NAND2_X1)                                   0.0907     0.3827 r
  DP_i_U2749/ZN (NOR2_X1)                               0.0477     0.4305 f
  DP_i_U2750/ZN (NAND2_X1)                              0.0435     0.4740 r
  U962/ZN (OR2_X1)                                      0.1406     0.6145 r
  U871/ZN (INV_X8)                                      0.2110     0.8256 f
  DP_i_U2816/ZN (AOI22_X1)                              0.0854     0.9110 r
  DP_i_U2817/ZN (OAI211_X1)                             0.0443     0.9553 f
  DP_i_decode_i_B_reg_i_Y_reg_20_/D (DFF_X1)            0.0104     0.9657 f
  data arrival time                                                0.9657

  clock CLK (rise edge)                                 1.6000     1.6000
  clock network delay (ideal)                           0.0500     1.6500
  clock uncertainty                                    -0.0500     1.6000
  DP_i_decode_i_B_reg_i_Y_reg_20_/CK (DFF_X1)           0.0000     1.6000 r
  library setup time                                   -0.0303     1.5697
  data required time                                               1.5697
  --------------------------------------------------------------------------
  data required time                                               1.5697
  data arrival time                                               -0.9657
  --------------------------------------------------------------------------
  slack (MET)                                                      0.6040


  Startpoint: DRAM_READY (input port clocked by CLK)
  Endpoint: DP_i_decode_i_B_reg_i_Y_reg_18_
            (rising edge-triggered flip-flop clocked by CLK)
  Path Group: INPUTS
  Path Type: max

  Des/Clust/Port     Wire Load Model       Library
  ------------------------------------------------
  DLX                5K_hvratio_1_4        NangateOpenCellLibrary

  Point                                                   Incr       Path
  --------------------------------------------------------------------------
  clock CLK (rise edge)                                 0.0000     0.0000
  clock network delay (ideal)                           0.0500     0.0500
  input external delay                                  0.1600     0.2100 f
  DRAM_READY (in)                                       0.0010     0.2110 f
  U1932/ZN (INV_X1)                                     0.0251     0.2361 r
  U3333/ZN (NAND2_X1)                                   0.0559     0.2920 f
  U1436/ZN (NAND2_X1)                                   0.0907     0.3827 r
  DP_i_U2749/ZN (NOR2_X1)                               0.0477     0.4305 f
  DP_i_U2750/ZN (NAND2_X1)                              0.0435     0.4740 r
  U962/ZN (OR2_X1)                                      0.1406     0.6145 r
  U871/ZN (INV_X8)                                      0.2110     0.8256 f
  DP_i_U2826/ZN (AOI22_X1)                              0.0854     0.9110 r
  DP_i_U2827/ZN (OAI211_X1)                             0.0443     0.9553 f
  DP_i_decode_i_B_reg_i_Y_reg_18_/D (DFF_X1)            0.0104     0.9657 f
  data arrival time                                                0.9657

  clock CLK (rise edge)                                 1.6000     1.6000
  clock network delay (ideal)                           0.0500     1.6500
  clock uncertainty                                    -0.0500     1.6000
  DP_i_decode_i_B_reg_i_Y_reg_18_/CK (DFF_X1)           0.0000     1.6000 r
  library setup time                                   -0.0303     1.5697
  data required time                                               1.5697
  --------------------------------------------------------------------------
  data required time                                               1.5697
  data arrival time                                               -0.9657
  --------------------------------------------------------------------------
  slack (MET)                                                      0.6040


  Startpoint: DRAM_READY (input port clocked by CLK)
  Endpoint: DP_i_decode_i_B_reg_i_Y_reg_19_
            (rising edge-triggered flip-flop clocked by CLK)
  Path Group: INPUTS
  Path Type: max

  Des/Clust/Port     Wire Load Model       Library
  ------------------------------------------------
  DLX                5K_hvratio_1_4        NangateOpenCellLibrary

  Point                                                   Incr       Path
  --------------------------------------------------------------------------
  clock CLK (rise edge)                                 0.0000     0.0000
  clock network delay (ideal)                           0.0500     0.0500
  input external delay                                  0.1600     0.2100 f
  DRAM_READY (in)                                       0.0010     0.2110 f
  U1932/ZN (INV_X1)                                     0.0251     0.2361 r
  U3333/ZN (NAND2_X1)                                   0.0559     0.2920 f
  U1436/ZN (NAND2_X1)                                   0.0907     0.3827 r
  DP_i_U2749/ZN (NOR2_X1)                               0.0477     0.4305 f
  DP_i_U2750/ZN (NAND2_X1)                              0.0435     0.4740 r
  U962/ZN (OR2_X1)                                      0.1406     0.6145 r
  U871/ZN (INV_X8)                                      0.2110     0.8256 f
  DP_i_U2821/ZN (AOI22_X1)                              0.0854     0.9110 r
  DP_i_U2822/ZN (OAI211_X1)                             0.0443     0.9553 f
  DP_i_decode_i_B_reg_i_Y_reg_19_/D (DFF_X1)            0.0104     0.9657 f
  data arrival time                                                0.9657

  clock CLK (rise edge)                                 1.6000     1.6000
  clock network delay (ideal)                           0.0500     1.6500
  clock uncertainty                                    -0.0500     1.6000
  DP_i_decode_i_B_reg_i_Y_reg_19_/CK (DFF_X1)           0.0000     1.6000 r
  library setup time                                   -0.0303     1.5697
  data required time                                               1.5697
  --------------------------------------------------------------------------
  data required time                                               1.5697
  data arrival time                                               -0.9657
  --------------------------------------------------------------------------
  slack (MET)                                                      0.6040


  Startpoint: DRAM_READY (input port clocked by CLK)
  Endpoint: DP_i_decode_i_B_reg_i_Y_reg_17_
            (rising edge-triggered flip-flop clocked by CLK)
  Path Group: INPUTS
  Path Type: max

  Des/Clust/Port     Wire Load Model       Library
  ------------------------------------------------
  DLX                5K_hvratio_1_4        NangateOpenCellLibrary

  Point                                                   Incr       Path
  --------------------------------------------------------------------------
  clock CLK (rise edge)                                 0.0000     0.0000
  clock network delay (ideal)                           0.0500     0.0500
  input external delay                                  0.1600     0.2100 f
  DRAM_READY (in)                                       0.0010     0.2110 f
  U1932/ZN (INV_X1)                                     0.0251     0.2361 r
  U3333/ZN (NAND2_X1)                                   0.0559     0.2920 f
  U1436/ZN (NAND2_X1)                                   0.0907     0.3827 r
  DP_i_U2749/ZN (NOR2_X1)                               0.0477     0.4305 f
  DP_i_U2750/ZN (NAND2_X1)                              0.0435     0.4740 r
  U962/ZN (OR2_X1)                                      0.1406     0.6145 r
  U871/ZN (INV_X8)                                      0.2110     0.8256 f
  DP_i_U2831/ZN (AOI22_X1)                              0.0854     0.9110 r
  DP_i_U2832/ZN (OAI211_X1)                             0.0443     0.9553 f
  DP_i_decode_i_B_reg_i_Y_reg_17_/D (DFF_X1)            0.0104     0.9657 f
  data arrival time                                                0.9657

  clock CLK (rise edge)                                 1.6000     1.6000
  clock network delay (ideal)                           0.0500     1.6500
  clock uncertainty                                    -0.0500     1.6000
  DP_i_decode_i_B_reg_i_Y_reg_17_/CK (DFF_X1)           0.0000     1.6000 r
  library setup time                                   -0.0303     1.5697
  data required time                                               1.5697
  --------------------------------------------------------------------------
  data required time                                               1.5697
  data arrival time                                               -0.9657
  --------------------------------------------------------------------------
  slack (MET)                                                      0.6040


  Startpoint: DRAM_READY (input port clocked by CLK)
  Endpoint: DP_i_decode_i_B_reg_i_Y_reg_22_
            (rising edge-triggered flip-flop clocked by CLK)
  Path Group: INPUTS
  Path Type: max

  Des/Clust/Port     Wire Load Model       Library
  ------------------------------------------------
  DLX                5K_hvratio_1_4        NangateOpenCellLibrary

  Point                                                   Incr       Path
  --------------------------------------------------------------------------
  clock CLK (rise edge)                                 0.0000     0.0000
  clock network delay (ideal)                           0.0500     0.0500
  input external delay                                  0.1600     0.2100 f
  DRAM_READY (in)                                       0.0010     0.2110 f
  U1932/ZN (INV_X1)                                     0.0251     0.2361 r
  U3333/ZN (NAND2_X1)                                   0.0559     0.2920 f
  U1436/ZN (NAND2_X1)                                   0.0907     0.3827 r
  DP_i_U2749/ZN (NOR2_X1)                               0.0477     0.4305 f
  DP_i_U2750/ZN (NAND2_X1)                              0.0435     0.4740 r
  U962/ZN (OR2_X1)                                      0.1406     0.6145 r
  U871/ZN (INV_X8)                                      0.2110     0.8256 f
  DP_i_U2806/ZN (AOI22_X1)                              0.0854     0.9110 r
  DP_i_U2807/ZN (OAI211_X1)                             0.0443     0.9553 f
  DP_i_decode_i_B_reg_i_Y_reg_22_/D (DFF_X1)            0.0104     0.9657 f
  data arrival time                                                0.9657

  clock CLK (rise edge)                                 1.6000     1.6000
  clock network delay (ideal)                           0.0500     1.6500
  clock uncertainty                                    -0.0500     1.6000
  DP_i_decode_i_B_reg_i_Y_reg_22_/CK (DFF_X1)           0.0000     1.6000 r
  library setup time                                   -0.0303     1.5697
  data required time                                               1.5697
  --------------------------------------------------------------------------
  data required time                                               1.5697
  data arrival time                                               -0.9657
  --------------------------------------------------------------------------
  slack (MET)                                                      0.6040


  Startpoint: DRAM_READY (input port clocked by CLK)
  Endpoint: DP_i_decode_i_B_reg_i_Y_reg_23_
            (rising edge-triggered flip-flop clocked by CLK)
  Path Group: INPUTS
  Path Type: max

  Des/Clust/Port     Wire Load Model       Library
  ------------------------------------------------
  DLX                5K_hvratio_1_4        NangateOpenCellLibrary

  Point                                                   Incr       Path
  --------------------------------------------------------------------------
  clock CLK (rise edge)                                 0.0000     0.0000
  clock network delay (ideal)                           0.0500     0.0500
  input external delay                                  0.1600     0.2100 f
  DRAM_READY (in)                                       0.0010     0.2110 f
  U1932/ZN (INV_X1)                                     0.0251     0.2361 r
  U3333/ZN (NAND2_X1)                                   0.0559     0.2920 f
  U1436/ZN (NAND2_X1)                                   0.0907     0.3827 r
  DP_i_U2749/ZN (NOR2_X1)                               0.0477     0.4305 f
  DP_i_U2750/ZN (NAND2_X1)                              0.0435     0.4740 r
  U962/ZN (OR2_X1)                                      0.1406     0.6145 r
  U871/ZN (INV_X8)                                      0.2110     0.8256 f
  DP_i_U2801/ZN (AOI22_X1)                              0.0854     0.9110 r
  DP_i_U2802/ZN (OAI211_X1)                             0.0443     0.9553 f
  DP_i_decode_i_B_reg_i_Y_reg_23_/D (DFF_X1)            0.0104     0.9657 f
  data arrival time                                                0.9657

  clock CLK (rise edge)                                 1.6000     1.6000
  clock network delay (ideal)                           0.0500     1.6500
  clock uncertainty                                    -0.0500     1.6000
  DP_i_decode_i_B_reg_i_Y_reg_23_/CK (DFF_X1)           0.0000     1.6000 r
  library setup time                                   -0.0303     1.5697
  data required time                                               1.5697
  --------------------------------------------------------------------------
  data required time                                               1.5697
  data arrival time                                               -0.9657
  --------------------------------------------------------------------------
  slack (MET)                                                      0.6040


  Startpoint: DP_i_fetch_i_IR_out_reg_22_
              (rising edge-triggered flip-flop clocked by CLK)
  Endpoint: IRAM_ISSUE (output port clocked by CLK)
  Path Group: OUTPUTS
  Path Type: max

  Des/Clust/Port     Wire Load Model       Library
  ------------------------------------------------
  DLX                5K_hvratio_1_4        NangateOpenCellLibrary

  Point                                                   Incr       Path
  --------------------------------------------------------------------------
  clock CLK (rise edge)                                 0.0000     0.0000
  clock network delay (ideal)                           0.0500     0.0500
  DP_i_fetch_i_IR_out_reg_22_/CK (DFF_X1)               0.0000     0.0500 r
  DP_i_fetch_i_IR_out_reg_22_/Q (DFF_X1)                0.1044     0.1544 r
  U3574/ZN (XNOR2_X1)                                   0.0583     0.2127 r
  U2951/ZN (AND2_X1)                                    0.0491     0.2618 r
  U1181/ZN (AND4_X2)                                    0.0687     0.3305 r
  U3581/ZN (NOR3_X1)                                    0.0340     0.3646 f
  U3604/Z (BUF_X1)                                      0.0516     0.4162 f
  U2190/ZN (NAND2_X1)                                   0.0412     0.4574 r
  U3748/ZN (INV_X1)                                     0.0475     0.5049 f
  U4469/ZN (NAND2_X1)                                   0.0432     0.5482 r
  U4472/ZN (AND4_X1)                                    0.0614     0.6096 r
  U2686/ZN (AND4_X1)                                    0.0646     0.6742 r
  U4501/ZN (NAND4_X1)                                   0.0429     0.7171 f
  U2741/ZN (OAI211_X1)                                  0.0536     0.7707 r
  U2687/ZN (AND2_X1)                                    0.0505     0.8212 r
  U2740/ZN (NAND2_X1)                                   0.0311     0.8523 f
  U814/ZN (AND2_X1)                                     0.0455     0.8978 f
  U2435/ZN (NOR2_X2)                                    0.0712     0.9690 r
  U6006/ZN (NOR2_X1)                                    0.0390     1.0080 f
  U2680/Z (BUF_X2)                                      0.0485     1.0565 f
  U6019/ZN (AOI21_X1)                                   0.0513     1.1078 r
  U6020/ZN (OAI211_X1)                                  0.0452     1.1530 f
  U6021/ZN (OAI21_X1)                                   0.0375     1.1905 r
  U6022/ZN (OAI221_X1)                                  0.0442     1.2347 f
  U6023/ZN (OAI21_X1)                                   0.0423     1.2770 r
  U6024/ZN (NAND2_X1)                                   0.0326     1.3096 f
  U6028/ZN (NAND3_X1)                                   0.0312     1.3409 r
  U2330/ZN (NAND2_X1)                                   0.0369     1.3778 f
  U6085/ZN (AOI21_X1)                                   0.0546     1.4324 r
  IRAM_ISSUE (out)                                      0.0041     1.4365 r
  data arrival time                                                1.4365

  clock CLK (rise edge)                                 1.6000     1.6000
  clock network delay (ideal)                           0.0500     1.6500
  clock uncertainty                                    -0.0500     1.6000
  output external delay                                -0.1600     1.4400
  data required time                                               1.4400
  --------------------------------------------------------------------------
  data required time                                               1.4400
  data arrival time                                               -1.4365
  --------------------------------------------------------------------------
  slack (MET)                                                      0.0035


  Startpoint: DP_i_mem_access_i_rd_out_reg_i_Y_reg_4_
              (rising edge-triggered flip-flop clocked by CLK)
  Endpoint: IRAM_ISSUE (output port clocked by CLK)
  Path Group: OUTPUTS
  Path Type: max

  Des/Clust/Port     Wire Load Model       Library
  ------------------------------------------------
  DLX                5K_hvratio_1_4        NangateOpenCellLibrary

  Point                                                   Incr       Path
  --------------------------------------------------------------------------
  clock CLK (rise edge)                                 0.0000     0.0000
  clock network delay (ideal)                           0.0500     0.0500
  DP_i_mem_access_i_rd_out_reg_i_Y_reg_4_/CK (DFF_X1)   0.0000     0.0500 r
  DP_i_mem_access_i_rd_out_reg_i_Y_reg_4_/Q (DFF_X1)    0.1076     0.1576 r
  U3576/ZN (XNOR2_X1)                                   0.0650     0.2226 r
  U3578/ZN (AND2_X1)                                    0.0462     0.2688 r
  U1181/ZN (AND4_X2)                                    0.0616     0.3304 r
  U3581/ZN (NOR3_X1)                                    0.0340     0.3644 f
  U3604/Z (BUF_X1)                                      0.0516     0.4160 f
  U2190/ZN (NAND2_X1)                                   0.0412     0.4572 r
  U3748/ZN (INV_X1)                                     0.0475     0.5047 f
  U4469/ZN (NAND2_X1)                                   0.0432     0.5480 r
  U4472/ZN (AND4_X1)                                    0.0614     0.6094 r
  U2686/ZN (AND4_X1)                                    0.0646     0.6740 r
  U4501/ZN (NAND4_X1)                                   0.0429     0.7169 f
  U2741/ZN (OAI211_X1)                                  0.0536     0.7705 r
  U2687/ZN (AND2_X1)                                    0.0505     0.8211 r
  U2740/ZN (NAND2_X1)                                   0.0311     0.8521 f
  U814/ZN (AND2_X1)                                     0.0455     0.8976 f
  U2435/ZN (NOR2_X2)                                    0.0712     0.9688 r
  U6006/ZN (NOR2_X1)                                    0.0390     1.0078 f
  U2680/Z (BUF_X2)                                      0.0485     1.0563 f
  U6019/ZN (AOI21_X1)                                   0.0513     1.1076 r
  U6020/ZN (OAI211_X1)                                  0.0452     1.1528 f
  U6021/ZN (OAI21_X1)                                   0.0375     1.1904 r
  U6022/ZN (OAI221_X1)                                  0.0442     1.2345 f
  U6023/ZN (OAI21_X1)                                   0.0423     1.2768 r
  U6024/ZN (NAND2_X1)                                   0.0326     1.3094 f
  U6028/ZN (NAND3_X1)                                   0.0312     1.3407 r
  U2330/ZN (NAND2_X1)                                   0.0369     1.3776 f
  U6085/ZN (AOI21_X1)                                   0.0546     1.4322 r
  IRAM_ISSUE (out)                                      0.0041     1.4363 r
  data arrival time                                                1.4363

  clock CLK (rise edge)                                 1.6000     1.6000
  clock network delay (ideal)                           0.0500     1.6500
  clock uncertainty                                    -0.0500     1.6000
  output external delay                                -0.1600     1.4400
  data required time                                               1.4400
  --------------------------------------------------------------------------
  data required time                                               1.4400
  data arrival time                                               -1.4363
  --------------------------------------------------------------------------
  slack (MET)                                                      0.0037


  Startpoint: CP_i_ex_mem_reg_i_RM_out_reg
              (rising edge-triggered flip-flop clocked by CLK)
  Endpoint: DRAM_DATA[1]
            (output port clocked by CLK)
  Path Group: OUTPUTS
  Path Type: max

  Des/Clust/Port     Wire Load Model       Library
  ------------------------------------------------
  DLX                5K_hvratio_1_4        NangateOpenCellLibrary

  Point                                                   Incr       Path
  --------------------------------------------------------------------------
  clock CLK (rise edge)                                 0.0000     0.0000
  clock network delay (ideal)                           0.0500     0.0500
  CP_i_ex_mem_reg_i_RM_out_reg/CK (DFF_X1)              0.0000     0.0500 r
  CP_i_ex_mem_reg_i_RM_out_reg/QN (DFF_X1)              0.0896     0.1396 f
  U2548/ZN (NAND2_X1)                                   0.0472     0.1868 r
  U2561/ZN (AND2_X1)                                    0.0493     0.2361 r
  U3409/ZN (NAND2_X1)                                   0.0294     0.2654 f
  U3410/ZN (NAND3_X1)                                   0.0483     0.3138 r
  U3411/ZN (INV_X1)                                     0.0504     0.3642 f
  U1134/Z (BUF_X2)                                      0.0832     0.4474 f
  U1546/ZN (AND2_X1)                                    0.0690     0.5164 f
  U3335/ZN (NAND2_X1)                                   0.1399     0.6563 r
  U3334/Z (BUF_X2)                                      0.1656     0.8219 r
  DRAM_DATA_tri_1_/Z (TBUF_X1)                          0.2543     1.0761 f
  DRAM_DATA[1] (inout)                                  0.0041     1.0802 f
  data arrival time                                                1.0802

  clock CLK (rise edge)                                 1.6000     1.6000
  clock network delay (ideal)                           0.0500     1.6500
  clock uncertainty                                    -0.0500     1.6000
  output external delay                                -0.1600     1.4400
  data required time                                               1.4400
  --------------------------------------------------------------------------
  data required time                                               1.4400
  data arrival time                                               -1.0802
  --------------------------------------------------------------------------
  slack (MET)                                                      0.3598


  Startpoint: CP_i_ex_mem_reg_i_RM_out_reg
              (rising edge-triggered flip-flop clocked by CLK)
  Endpoint: DRAM_DATA[7]
            (output port clocked by CLK)
  Path Group: OUTPUTS
  Path Type: max

  Des/Clust/Port     Wire Load Model       Library
  ------------------------------------------------
  DLX                5K_hvratio_1_4        NangateOpenCellLibrary

  Point                                                   Incr       Path
  --------------------------------------------------------------------------
  clock CLK (rise edge)                                 0.0000     0.0000
  clock network delay (ideal)                           0.0500     0.0500
  CP_i_ex_mem_reg_i_RM_out_reg/CK (DFF_X1)              0.0000     0.0500 r
  CP_i_ex_mem_reg_i_RM_out_reg/QN (DFF_X1)              0.0896     0.1396 f
  U2548/ZN (NAND2_X1)                                   0.0472     0.1868 r
  U2561/ZN (AND2_X1)                                    0.0493     0.2361 r
  U3409/ZN (NAND2_X1)                                   0.0294     0.2654 f
  U3410/ZN (NAND3_X1)                                   0.0483     0.3138 r
  U3411/ZN (INV_X1)                                     0.0504     0.3642 f
  U1134/Z (BUF_X2)                                      0.0832     0.4474 f
  U1546/ZN (AND2_X1)                                    0.0690     0.5164 f
  U3335/ZN (NAND2_X1)                                   0.1399     0.6563 r
  U3334/Z (BUF_X2)                                      0.1656     0.8219 r
  DRAM_DATA_tri_7_/Z (TBUF_X1)                          0.2543     1.0761 f
  DRAM_DATA[7] (inout)                                  0.0035     1.0796 f
  data arrival time                                                1.0796

  clock CLK (rise edge)                                 1.6000     1.6000
  clock network delay (ideal)                           0.0500     1.6500
  clock uncertainty                                    -0.0500     1.6000
  output external delay                                -0.1600     1.4400
  data required time                                               1.4400
  --------------------------------------------------------------------------
  data required time                                               1.4400
  data arrival time                                               -1.0796
  --------------------------------------------------------------------------
  slack (MET)                                                      0.3604


  Startpoint: CP_i_ex_mem_reg_i_RM_out_reg
              (rising edge-triggered flip-flop clocked by CLK)
  Endpoint: DRAM_DATA[6]
            (output port clocked by CLK)
  Path Group: OUTPUTS
  Path Type: max

  Des/Clust/Port     Wire Load Model       Library
  ------------------------------------------------
  DLX                5K_hvratio_1_4        NangateOpenCellLibrary

  Point                                                   Incr       Path
  --------------------------------------------------------------------------
  clock CLK (rise edge)                                 0.0000     0.0000
  clock network delay (ideal)                           0.0500     0.0500
  CP_i_ex_mem_reg_i_RM_out_reg/CK (DFF_X1)              0.0000     0.0500 r
  CP_i_ex_mem_reg_i_RM_out_reg/QN (DFF_X1)              0.0896     0.1396 f
  U2548/ZN (NAND2_X1)                                   0.0472     0.1868 r
  U2561/ZN (AND2_X1)                                    0.0493     0.2361 r
  U3409/ZN (NAND2_X1)                                   0.0294     0.2654 f
  U3410/ZN (NAND3_X1)                                   0.0483     0.3138 r
  U3411/ZN (INV_X1)                                     0.0504     0.3642 f
  U1134/Z (BUF_X2)                                      0.0832     0.4474 f
  U1546/ZN (AND2_X1)                                    0.0690     0.5164 f
  U3335/ZN (NAND2_X1)                                   0.1399     0.6563 r
  U3334/Z (BUF_X2)                                      0.1656     0.8219 r
  DRAM_DATA_tri_6_/Z (TBUF_X1)                          0.2543     1.0761 f
  DRAM_DATA[6] (inout)                                  0.0035     1.0796 f
  data arrival time                                                1.0796

  clock CLK (rise edge)                                 1.6000     1.6000
  clock network delay (ideal)                           0.0500     1.6500
  clock uncertainty                                    -0.0500     1.6000
  output external delay                                -0.1600     1.4400
  data required time                                               1.4400
  --------------------------------------------------------------------------
  data required time                                               1.4400
  data arrival time                                               -1.0796
  --------------------------------------------------------------------------
  slack (MET)                                                      0.3604


  Startpoint: CP_i_ex_mem_reg_i_RM_out_reg
              (rising edge-triggered flip-flop clocked by CLK)
  Endpoint: DRAM_DATA[5]
            (output port clocked by CLK)
  Path Group: OUTPUTS
  Path Type: max

  Des/Clust/Port     Wire Load Model       Library
  ------------------------------------------------
  DLX                5K_hvratio_1_4        NangateOpenCellLibrary

  Point                                                   Incr       Path
  --------------------------------------------------------------------------
  clock CLK (rise edge)                                 0.0000     0.0000
  clock network delay (ideal)                           0.0500     0.0500
  CP_i_ex_mem_reg_i_RM_out_reg/CK (DFF_X1)              0.0000     0.0500 r
  CP_i_ex_mem_reg_i_RM_out_reg/QN (DFF_X1)              0.0896     0.1396 f
  U2548/ZN (NAND2_X1)                                   0.0472     0.1868 r
  U2561/ZN (AND2_X1)                                    0.0493     0.2361 r
  U3409/ZN (NAND2_X1)                                   0.0294     0.2654 f
  U3410/ZN (NAND3_X1)                                   0.0483     0.3138 r
  U3411/ZN (INV_X1)                                     0.0504     0.3642 f
  U1134/Z (BUF_X2)                                      0.0832     0.4474 f
  U1546/ZN (AND2_X1)                                    0.0690     0.5164 f
  U3335/ZN (NAND2_X1)                                   0.1399     0.6563 r
  U3334/Z (BUF_X2)                                      0.1656     0.8219 r
  DRAM_DATA_tri_5_/Z (TBUF_X1)                          0.2543     1.0761 f
  DRAM_DATA[5] (inout)                                  0.0035     1.0796 f
  data arrival time                                                1.0796

  clock CLK (rise edge)                                 1.6000     1.6000
  clock network delay (ideal)                           0.0500     1.6500
  clock uncertainty                                    -0.0500     1.6000
  output external delay                                -0.1600     1.4400
  data required time                                               1.4400
  --------------------------------------------------------------------------
  data required time                                               1.4400
  data arrival time                                               -1.0796
  --------------------------------------------------------------------------
  slack (MET)                                                      0.3604


  Startpoint: CP_i_ex_mem_reg_i_RM_out_reg
              (rising edge-triggered flip-flop clocked by CLK)
  Endpoint: DRAM_DATA[4]
            (output port clocked by CLK)
  Path Group: OUTPUTS
  Path Type: max

  Des/Clust/Port     Wire Load Model       Library
  ------------------------------------------------
  DLX                5K_hvratio_1_4        NangateOpenCellLibrary

  Point                                                   Incr       Path
  --------------------------------------------------------------------------
  clock CLK (rise edge)                                 0.0000     0.0000
  clock network delay (ideal)                           0.0500     0.0500
  CP_i_ex_mem_reg_i_RM_out_reg/CK (DFF_X1)              0.0000     0.0500 r
  CP_i_ex_mem_reg_i_RM_out_reg/QN (DFF_X1)              0.0896     0.1396 f
  U2548/ZN (NAND2_X1)                                   0.0472     0.1868 r
  U2561/ZN (AND2_X1)                                    0.0493     0.2361 r
  U3409/ZN (NAND2_X1)                                   0.0294     0.2654 f
  U3410/ZN (NAND3_X1)                                   0.0483     0.3138 r
  U3411/ZN (INV_X1)                                     0.0504     0.3642 f
  U1134/Z (BUF_X2)                                      0.0832     0.4474 f
  U1546/ZN (AND2_X1)                                    0.0690     0.5164 f
  U3335/ZN (NAND2_X1)                                   0.1399     0.6563 r
  U3334/Z (BUF_X2)                                      0.1656     0.8219 r
  DRAM_DATA_tri_4_/Z (TBUF_X1)                          0.2543     1.0761 f
  DRAM_DATA[4] (inout)                                  0.0035     1.0796 f
  data arrival time                                                1.0796

  clock CLK (rise edge)                                 1.6000     1.6000
  clock network delay (ideal)                           0.0500     1.6500
  clock uncertainty                                    -0.0500     1.6000
  output external delay                                -0.1600     1.4400
  data required time                                               1.4400
  --------------------------------------------------------------------------
  data required time                                               1.4400
  data arrival time                                               -1.0796
  --------------------------------------------------------------------------
  slack (MET)                                                      0.3604


  Startpoint: CP_i_ex_mem_reg_i_RM_out_reg
              (rising edge-triggered flip-flop clocked by CLK)
  Endpoint: DRAM_DATA[3]
            (output port clocked by CLK)
  Path Group: OUTPUTS
  Path Type: max

  Des/Clust/Port     Wire Load Model       Library
  ------------------------------------------------
  DLX                5K_hvratio_1_4        NangateOpenCellLibrary

  Point                                                   Incr       Path
  --------------------------------------------------------------------------
  clock CLK (rise edge)                                 0.0000     0.0000
  clock network delay (ideal)                           0.0500     0.0500
  CP_i_ex_mem_reg_i_RM_out_reg/CK (DFF_X1)              0.0000     0.0500 r
  CP_i_ex_mem_reg_i_RM_out_reg/QN (DFF_X1)              0.0896     0.1396 f
  U2548/ZN (NAND2_X1)                                   0.0472     0.1868 r
  U2561/ZN (AND2_X1)                                    0.0493     0.2361 r
  U3409/ZN (NAND2_X1)                                   0.0294     0.2654 f
  U3410/ZN (NAND3_X1)                                   0.0483     0.3138 r
  U3411/ZN (INV_X1)                                     0.0504     0.3642 f
  U1134/Z (BUF_X2)                                      0.0832     0.4474 f
  U1546/ZN (AND2_X1)                                    0.0690     0.5164 f
  U3335/ZN (NAND2_X1)                                   0.1399     0.6563 r
  U3334/Z (BUF_X2)                                      0.1656     0.8219 r
  DRAM_DATA_tri_3_/Z (TBUF_X1)                          0.2543     1.0761 f
  DRAM_DATA[3] (inout)                                  0.0035     1.0796 f
  data arrival time                                                1.0796

  clock CLK (rise edge)                                 1.6000     1.6000
  clock network delay (ideal)                           0.0500     1.6500
  clock uncertainty                                    -0.0500     1.6000
  output external delay                                -0.1600     1.4400
  data required time                                               1.4400
  --------------------------------------------------------------------------
  data required time                                               1.4400
  data arrival time                                               -1.0796
  --------------------------------------------------------------------------
  slack (MET)                                                      0.3604


  Startpoint: CP_i_ex_mem_reg_i_RM_out_reg
              (rising edge-triggered flip-flop clocked by CLK)
  Endpoint: DRAM_DATA[0]
            (output port clocked by CLK)
  Path Group: OUTPUTS
  Path Type: max

  Des/Clust/Port     Wire Load Model       Library
  ------------------------------------------------
  DLX                5K_hvratio_1_4        NangateOpenCellLibrary

  Point                                                   Incr       Path
  --------------------------------------------------------------------------
  clock CLK (rise edge)                                 0.0000     0.0000
  clock network delay (ideal)                           0.0500     0.0500
  CP_i_ex_mem_reg_i_RM_out_reg/CK (DFF_X1)              0.0000     0.0500 r
  CP_i_ex_mem_reg_i_RM_out_reg/QN (DFF_X1)              0.0896     0.1396 f
  U2548/ZN (NAND2_X1)                                   0.0472     0.1868 r
  U2561/ZN (AND2_X1)                                    0.0493     0.2361 r
  U3409/ZN (NAND2_X1)                                   0.0294     0.2654 f
  U3410/ZN (NAND3_X1)                                   0.0483     0.3138 r
  U3411/ZN (INV_X1)                                     0.0504     0.3642 f
  U1134/Z (BUF_X2)                                      0.0832     0.4474 f
  U1546/ZN (AND2_X1)                                    0.0690     0.5164 f
  U3335/ZN (NAND2_X1)                                   0.1399     0.6563 r
  U3334/Z (BUF_X2)                                      0.1656     0.8219 r
  DRAM_DATA_tri_0_/Z (TBUF_X1)                          0.2543     1.0761 f
  DRAM_DATA[0] (inout)                                  0.0035     1.0796 f
  data arrival time                                                1.0796

  clock CLK (rise edge)                                 1.6000     1.6000
  clock network delay (ideal)                           0.0500     1.6500
  clock uncertainty                                    -0.0500     1.6000
  output external delay                                -0.1600     1.4400
  data required time                                               1.4400
  --------------------------------------------------------------------------
  data required time                                               1.4400
  data arrival time                                               -1.0796
  --------------------------------------------------------------------------
  slack (MET)                                                      0.3604


  Startpoint: CP_i_ex_mem_reg_i_S3_out_reg
              (rising edge-triggered flip-flop clocked by CLK)
  Endpoint: DRAM_DATA[1]
            (output port clocked by CLK)
  Path Group: OUTPUTS
  Path Type: max

  Des/Clust/Port     Wire Load Model       Library
  ------------------------------------------------
  DLX                5K_hvratio_1_4        NangateOpenCellLibrary

  Point                                                   Incr       Path
  --------------------------------------------------------------------------
  clock CLK (rise edge)                                 0.0000     0.0000
  clock network delay (ideal)                           0.0500     0.0500
  CP_i_ex_mem_reg_i_S3_out_reg/CK (DFF_X1)              0.0000     0.0500 r
  CP_i_ex_mem_reg_i_S3_out_reg/Q (DFF_X1)               0.1139     0.1639 r
  U2561/ZN (AND2_X1)                                    0.0540     0.2179 r
  U3409/ZN (NAND2_X1)                                   0.0294     0.2473 f
  U3410/ZN (NAND3_X1)                                   0.0483     0.2956 r
  U3411/ZN (INV_X1)                                     0.0504     0.3460 f
  U1134/Z (BUF_X2)                                      0.0832     0.4292 f
  U1546/ZN (AND2_X1)                                    0.0690     0.4983 f
  U3335/ZN (NAND2_X1)                                   0.1399     0.6382 r
  U3334/Z (BUF_X2)                                      0.1656     0.8037 r
  DRAM_DATA_tri_1_/Z (TBUF_X1)                          0.2543     1.0580 f
  DRAM_DATA[1] (inout)                                  0.0041     1.0621 f
  data arrival time                                                1.0621

  clock CLK (rise edge)                                 1.6000     1.6000
  clock network delay (ideal)                           0.0500     1.6500
  clock uncertainty                                    -0.0500     1.6000
  output external delay                                -0.1600     1.4400
  data required time                                               1.4400
  --------------------------------------------------------------------------
  data required time                                               1.4400
  data arrival time                                               -1.0621
  --------------------------------------------------------------------------
  slack (MET)                                                      0.3779


  Startpoint: DP_i_fetch_i_IR_out_reg_28_
              (rising edge-triggered flip-flop clocked by CLK)
  Endpoint: DP_i_fetch_i_pc_i_Y_reg_25_
            (rising edge-triggered flip-flop clocked by CLK)
  Path Group: REG2REG
  Path Type: max

  Des/Clust/Port     Wire Load Model       Library
  ------------------------------------------------
  DLX                5K_hvratio_1_4        NangateOpenCellLibrary

  Point                                                   Incr       Path
  --------------------------------------------------------------------------
  clock CLK (rise edge)                                 0.0000     0.0000
  clock network delay (ideal)                           0.0500     0.0500
  DP_i_fetch_i_IR_out_reg_28_/CK (DFF_X1)               0.0000     0.0500 r
  DP_i_fetch_i_IR_out_reg_28_/Q (DFF_X1)                0.1180     0.1680 r
  U2299/ZN (NAND2_X1)                                   0.0519     0.2199 f
  U3393/ZN (NAND2_X1)                                   0.0410     0.2609 r
  U3394/ZN (NAND2_X1)                                   0.0328     0.2937 f
  U3395/ZN (NAND2_X1)                                   0.0341     0.3278 r
  U3396/ZN (OR2_X1)                                     0.0354     0.3632 r
  U3397/ZN (NAND2_X1)                                   0.0270     0.3901 f
  U1221/ZN (OR2_X1)                                     0.0588     0.4490 f
  U847/ZN (AND4_X2)                                     0.0468     0.4958 f
  U2492/ZN (OR2_X2)                                     0.0643     0.5601 f
  U3404/ZN (NAND2_X1)                                   0.0509     0.6110 r
  U3445/ZN (NAND2_X1)                                   0.0416     0.6526 f
  U3446/ZN (XNOR2_X1)                                   0.0609     0.7134 f
  U2516/Z (MUX2_X1)                                     0.0739     0.7874 f
  U3455/ZN (XNOR2_X1)                                   0.0639     0.8513 f
  U3458/ZN (NAND4_X1)                                   0.0421     0.8934 r
  U3459/ZN (AOI21_X1)                                   0.0340     0.9274 f
  U2750/ZN (OR3_X2)                                     0.0899     1.0173 f
  U2321/ZN (NAND3_X1)                                   0.0359     1.0532 r
  U2615/ZN (NAND2_X1)                                   0.0359     1.0891 f
  U845/ZN (OR2_X2)                                      0.0676     1.1567 f
  U1374/ZN (AND2_X1)                                    0.0475     1.2042 f
  U3555/ZN (INV_X1)                                     0.0311     1.2353 r
  U3556/ZN (NAND3_X1)                                   0.0356     1.2709 f
  U3638/ZN (NAND2_X1)                                   0.0455     1.3163 r
  U2827/Z (MUX2_X1)                                     0.0584     1.3748 r
  U4713/Z (XOR2_X1)                                     0.0672     1.4419 r
  U2688/ZN (AND4_X1)                                    0.0690     1.5109 r
  U2431/ZN (AND4_X2)                                    0.0625     1.5734 r
  U2428/ZN (AOI21_X1)                                   0.0352     1.6086 f
  U2690/ZN (NOR2_X1)                                    0.0593     1.6679 r
  U2430/Z (BUF_X2)                                      0.0762     1.7442 r
  U11382/ZN (NAND2_X1)                                  0.0488     1.7930 f
  U11384/ZN (AND2_X1)                                   0.0392     1.8322 f
  U11386/ZN (OAI211_X1)                                 0.0334     1.8655 r
  DP_i_fetch_i_pc_i_Y_reg_25_/D (DFF_X2)                0.0109     1.8764 r
  data arrival time                                                1.8764

  clock CLK (rise edge)                                 1.6000     1.6000
  clock network delay (ideal)                           0.0500     1.6500
  clock uncertainty                                    -0.0500     1.6000
  DP_i_fetch_i_pc_i_Y_reg_25_/CK (DFF_X2)               0.0000     1.6000 r
  library setup time                                   -0.0293     1.5707
  data required time                                               1.5707
  --------------------------------------------------------------------------
  data required time                                               1.5707
  data arrival time                                               -1.8764
  --------------------------------------------------------------------------
  slack (VIOLATED)                                                -0.3058


  Startpoint: DP_i_fetch_i_IR_out_reg_28_
              (rising edge-triggered flip-flop clocked by CLK)
  Endpoint: DP_i_fetch_i_pc_i_Y_reg_24_
            (rising edge-triggered flip-flop clocked by CLK)
  Path Group: REG2REG
  Path Type: max

  Des/Clust/Port     Wire Load Model       Library
  ------------------------------------------------
  DLX                5K_hvratio_1_4        NangateOpenCellLibrary

  Point                                                   Incr       Path
  --------------------------------------------------------------------------
  clock CLK (rise edge)                                 0.0000     0.0000
  clock network delay (ideal)                           0.0500     0.0500
  DP_i_fetch_i_IR_out_reg_28_/CK (DFF_X1)               0.0000     0.0500 r
  DP_i_fetch_i_IR_out_reg_28_/Q (DFF_X1)                0.1180     0.1680 r
  U2299/ZN (NAND2_X1)                                   0.0519     0.2199 f
  U3393/ZN (NAND2_X1)                                   0.0410     0.2609 r
  U3394/ZN (NAND2_X1)                                   0.0328     0.2937 f
  U3395/ZN (NAND2_X1)                                   0.0341     0.3278 r
  U3396/ZN (OR2_X1)                                     0.0354     0.3632 r
  U3397/ZN (NAND2_X1)                                   0.0270     0.3901 f
  U1221/ZN (OR2_X1)                                     0.0588     0.4490 f
  U847/ZN (AND4_X2)                                     0.0468     0.4958 f
  U2492/ZN (OR2_X2)                                     0.0643     0.5601 f
  U3404/ZN (NAND2_X1)                                   0.0509     0.6110 r
  U3445/ZN (NAND2_X1)                                   0.0416     0.6526 f
  U3446/ZN (XNOR2_X1)                                   0.0609     0.7134 f
  U2516/Z (MUX2_X1)                                     0.0739     0.7874 f
  U3455/ZN (XNOR2_X1)                                   0.0639     0.8513 f
  U3458/ZN (NAND4_X1)                                   0.0421     0.8934 r
  U3459/ZN (AOI21_X1)                                   0.0340     0.9274 f
  U2750/ZN (OR3_X2)                                     0.0899     1.0173 f
  U2321/ZN (NAND3_X1)                                   0.0359     1.0532 r
  U2615/ZN (NAND2_X1)                                   0.0359     1.0891 f
  U845/ZN (OR2_X2)                                      0.0676     1.1567 f
  U1374/ZN (AND2_X1)                                    0.0475     1.2042 f
  U3555/ZN (INV_X1)                                     0.0311     1.2353 r
  U3556/ZN (NAND3_X1)                                   0.0356     1.2709 f
  U3638/ZN (NAND2_X1)                                   0.0455     1.3163 r
  U2827/Z (MUX2_X1)                                     0.0584     1.3748 r
  U4713/Z (XOR2_X1)                                     0.0672     1.4419 r
  U2688/ZN (AND4_X1)                                    0.0690     1.5109 r
  U2431/ZN (AND4_X2)                                    0.0625     1.5734 r
  U2428/ZN (AOI21_X1)                                   0.0352     1.6086 f
  U2690/ZN (NOR2_X1)                                    0.0593     1.6679 r
  U2430/Z (BUF_X2)                                      0.0762     1.7442 r
  U11388/ZN (NAND2_X1)                                  0.0488     1.7930 f
  U11390/ZN (AND2_X1)                                   0.0392     1.8322 f
  U10903/ZN (OAI211_X1)                                 0.0334     1.8655 r
  DP_i_fetch_i_pc_i_Y_reg_24_/D (DFF_X2)                0.0109     1.8764 r
  data arrival time                                                1.8764

  clock CLK (rise edge)                                 1.6000     1.6000
  clock network delay (ideal)                           0.0500     1.6500
  clock uncertainty                                    -0.0500     1.6000
  DP_i_fetch_i_pc_i_Y_reg_24_/CK (DFF_X2)               0.0000     1.6000 r
  library setup time                                   -0.0293     1.5707
  data required time                                               1.5707
  --------------------------------------------------------------------------
  data required time                                               1.5707
  data arrival time                                               -1.8764
  --------------------------------------------------------------------------
  slack (VIOLATED)                                                -0.3058


  Startpoint: DP_i_fetch_i_IR_out_reg_28_
              (rising edge-triggered flip-flop clocked by CLK)
  Endpoint: DP_i_fetch_i_pc_i_Y_reg_25_
            (rising edge-triggered flip-flop clocked by CLK)
  Path Group: REG2REG
  Path Type: max

  Des/Clust/Port     Wire Load Model       Library
  ------------------------------------------------
  DLX                5K_hvratio_1_4        NangateOpenCellLibrary

  Point                                                   Incr       Path
  --------------------------------------------------------------------------
  clock CLK (rise edge)                                 0.0000     0.0000
  clock network delay (ideal)                           0.0500     0.0500
  DP_i_fetch_i_IR_out_reg_28_/CK (DFF_X1)               0.0000     0.0500 r
  DP_i_fetch_i_IR_out_reg_28_/Q (DFF_X1)                0.1180     0.1680 r
  U2299/ZN (NAND2_X1)                                   0.0519     0.2199 f
  U3393/ZN (NAND2_X1)                                   0.0410     0.2609 r
  U3394/ZN (NAND2_X1)                                   0.0328     0.2937 f
  U3395/ZN (NAND2_X1)                                   0.0341     0.3278 r
  U3396/ZN (OR2_X1)                                     0.0354     0.3632 r
  U3397/ZN (NAND2_X1)                                   0.0270     0.3901 f
  U1221/ZN (OR2_X1)                                     0.0588     0.4490 f
  U847/ZN (AND4_X2)                                     0.0468     0.4958 f
  U2492/ZN (OR2_X2)                                     0.0643     0.5601 f
  U3404/ZN (NAND2_X1)                                   0.0509     0.6110 r
  U3445/ZN (NAND2_X1)                                   0.0416     0.6526 f
  U3446/ZN (XNOR2_X1)                                   0.0609     0.7134 f
  U2516/Z (MUX2_X1)                                     0.0739     0.7874 f
  U3455/ZN (XNOR2_X1)                                   0.0639     0.8513 f
  U3458/ZN (NAND4_X1)                                   0.0421     0.8934 r
  U3459/ZN (AOI21_X1)                                   0.0340     0.9274 f
  U2750/ZN (OR3_X2)                                     0.0899     1.0173 f
  U2321/ZN (NAND3_X1)                                   0.0359     1.0532 r
  U2615/ZN (NAND2_X1)                                   0.0359     1.0891 f
  U845/ZN (OR2_X2)                                      0.0676     1.1567 f
  U1374/ZN (AND2_X1)                                    0.0475     1.2042 f
  U3555/ZN (INV_X1)                                     0.0311     1.2353 r
  U3556/ZN (NAND3_X1)                                   0.0356     1.2709 f
  U3638/ZN (NAND2_X1)                                   0.0455     1.3163 r
  U2827/Z (MUX2_X1)                                     0.0584     1.3748 r
  U4713/Z (XOR2_X1)                                     0.0672     1.4419 r
  U2688/ZN (AND4_X1)                                    0.0690     1.5109 r
  U2431/ZN (AND4_X2)                                    0.0625     1.5734 r
  U2428/ZN (AOI21_X1)                                   0.0352     1.6086 f
  U2690/ZN (NOR2_X1)                                    0.0593     1.6679 r
  U2430/Z (BUF_X2)                                      0.0762     1.7442 r
  U11382/ZN (NAND2_X1)                                  0.0488     1.7930 f
  U11384/ZN (AND2_X1)                                   0.0392     1.8322 f
  U11386/ZN (OAI211_X1)                                 0.0334     1.8655 r
  DP_i_fetch_i_pc_i_Y_reg_25_/D (DFF_X2)                0.0109     1.8764 r
  data arrival time                                                1.8764

  clock CLK (rise edge)                                 1.6000     1.6000
  clock network delay (ideal)                           0.0500     1.6500
  clock uncertainty                                    -0.0500     1.6000
  DP_i_fetch_i_pc_i_Y_reg_25_/CK (DFF_X2)               0.0000     1.6000 r
  library setup time                                   -0.0293     1.5707
  data required time                                               1.5707
  --------------------------------------------------------------------------
  data required time                                               1.5707
  data arrival time                                               -1.8764
  --------------------------------------------------------------------------
  slack (VIOLATED)                                                -0.3058


  Startpoint: DP_i_fetch_i_IR_out_reg_28_
              (rising edge-triggered flip-flop clocked by CLK)
  Endpoint: DP_i_fetch_i_pc_i_Y_reg_24_
            (rising edge-triggered flip-flop clocked by CLK)
  Path Group: REG2REG
  Path Type: max

  Des/Clust/Port     Wire Load Model       Library
  ------------------------------------------------
  DLX                5K_hvratio_1_4        NangateOpenCellLibrary

  Point                                                   Incr       Path
  --------------------------------------------------------------------------
  clock CLK (rise edge)                                 0.0000     0.0000
  clock network delay (ideal)                           0.0500     0.0500
  DP_i_fetch_i_IR_out_reg_28_/CK (DFF_X1)               0.0000     0.0500 r
  DP_i_fetch_i_IR_out_reg_28_/Q (DFF_X1)                0.1180     0.1680 r
  U2299/ZN (NAND2_X1)                                   0.0519     0.2199 f
  U3393/ZN (NAND2_X1)                                   0.0410     0.2609 r
  U3394/ZN (NAND2_X1)                                   0.0328     0.2937 f
  U3395/ZN (NAND2_X1)                                   0.0341     0.3278 r
  U3396/ZN (OR2_X1)                                     0.0354     0.3632 r
  U3397/ZN (NAND2_X1)                                   0.0270     0.3901 f
  U1221/ZN (OR2_X1)                                     0.0588     0.4490 f
  U847/ZN (AND4_X2)                                     0.0468     0.4958 f
  U2492/ZN (OR2_X2)                                     0.0643     0.5601 f
  U3404/ZN (NAND2_X1)                                   0.0509     0.6110 r
  U3445/ZN (NAND2_X1)                                   0.0416     0.6526 f
  U3446/ZN (XNOR2_X1)                                   0.0609     0.7134 f
  U2516/Z (MUX2_X1)                                     0.0739     0.7874 f
  U3455/ZN (XNOR2_X1)                                   0.0639     0.8513 f
  U3458/ZN (NAND4_X1)                                   0.0421     0.8934 r
  U3459/ZN (AOI21_X1)                                   0.0340     0.9274 f
  U2750/ZN (OR3_X2)                                     0.0899     1.0173 f
  U2321/ZN (NAND3_X1)                                   0.0359     1.0532 r
  U2615/ZN (NAND2_X1)                                   0.0359     1.0891 f
  U845/ZN (OR2_X2)                                      0.0676     1.1567 f
  U1374/ZN (AND2_X1)                                    0.0475     1.2042 f
  U3555/ZN (INV_X1)                                     0.0311     1.2353 r
  U3556/ZN (NAND3_X1)                                   0.0356     1.2709 f
  U3638/ZN (NAND2_X1)                                   0.0455     1.3163 r
  U2827/Z (MUX2_X1)                                     0.0584     1.3748 r
  U4713/Z (XOR2_X1)                                     0.0672     1.4419 r
  U2688/ZN (AND4_X1)                                    0.0690     1.5109 r
  U2431/ZN (AND4_X2)                                    0.0625     1.5734 r
  U2428/ZN (AOI21_X1)                                   0.0352     1.6086 f
  U2690/ZN (NOR2_X1)                                    0.0593     1.6679 r
  U2430/Z (BUF_X2)                                      0.0762     1.7442 r
  U11388/ZN (NAND2_X1)                                  0.0488     1.7930 f
  U11390/ZN (AND2_X1)                                   0.0392     1.8322 f
  U10903/ZN (OAI211_X1)                                 0.0334     1.8655 r
  DP_i_fetch_i_pc_i_Y_reg_24_/D (DFF_X2)                0.0109     1.8764 r
  data arrival time                                                1.8764

  clock CLK (rise edge)                                 1.6000     1.6000
  clock network delay (ideal)                           0.0500     1.6500
  clock uncertainty                                    -0.0500     1.6000
  DP_i_fetch_i_pc_i_Y_reg_24_/CK (DFF_X2)               0.0000     1.6000 r
  library setup time                                   -0.0293     1.5707
  data required time                                               1.5707
  --------------------------------------------------------------------------
  data required time                                               1.5707
  data arrival time                                               -1.8764
  --------------------------------------------------------------------------
  slack (VIOLATED)                                                -0.3058


  Startpoint: DP_i_fetch_i_IR_out_reg_28_
              (rising edge-triggered flip-flop clocked by CLK)
  Endpoint: DP_i_fetch_i_pc_i_Y_reg_26_
            (rising edge-triggered flip-flop clocked by CLK)
  Path Group: REG2REG
  Path Type: max

  Des/Clust/Port     Wire Load Model       Library
  ------------------------------------------------
  DLX                5K_hvratio_1_4        NangateOpenCellLibrary

  Point                                                   Incr       Path
  --------------------------------------------------------------------------
  clock CLK (rise edge)                                 0.0000     0.0000
  clock network delay (ideal)                           0.0500     0.0500
  DP_i_fetch_i_IR_out_reg_28_/CK (DFF_X1)               0.0000     0.0500 r
  DP_i_fetch_i_IR_out_reg_28_/Q (DFF_X1)                0.1180     0.1680 r
  U2299/ZN (NAND2_X1)                                   0.0519     0.2199 f
  U3393/ZN (NAND2_X1)                                   0.0410     0.2609 r
  U3394/ZN (NAND2_X1)                                   0.0328     0.2937 f
  U3395/ZN (NAND2_X1)                                   0.0341     0.3278 r
  U3396/ZN (OR2_X1)                                     0.0354     0.3632 r
  U3397/ZN (NAND2_X1)                                   0.0270     0.3901 f
  U1221/ZN (OR2_X1)                                     0.0588     0.4490 f
  U847/ZN (AND4_X2)                                     0.0468     0.4958 f
  U2492/ZN (OR2_X2)                                     0.0643     0.5601 f
  U3404/ZN (NAND2_X1)                                   0.0509     0.6110 r
  U3445/ZN (NAND2_X1)                                   0.0416     0.6526 f
  U3446/ZN (XNOR2_X1)                                   0.0609     0.7134 f
  U2516/Z (MUX2_X1)                                     0.0739     0.7874 f
  U3455/ZN (XNOR2_X1)                                   0.0639     0.8513 f
  U3458/ZN (NAND4_X1)                                   0.0421     0.8934 r
  U3459/ZN (AOI21_X1)                                   0.0340     0.9274 f
  U2750/ZN (OR3_X2)                                     0.0899     1.0173 f
  U2321/ZN (NAND3_X1)                                   0.0359     1.0532 r
  U2615/ZN (NAND2_X1)                                   0.0359     1.0891 f
  U845/ZN (OR2_X2)                                      0.0676     1.1567 f
  U1374/ZN (AND2_X1)                                    0.0475     1.2042 f
  U3555/ZN (INV_X1)                                     0.0311     1.2353 r
  U3556/ZN (NAND3_X1)                                   0.0356     1.2709 f
  U3638/ZN (NAND2_X1)                                   0.0455     1.3163 r
  U2827/Z (MUX2_X1)                                     0.0584     1.3748 r
  U4713/Z (XOR2_X1)                                     0.0672     1.4419 r
  U2688/ZN (AND4_X1)                                    0.0690     1.5109 r
  U2431/ZN (AND4_X2)                                    0.0625     1.5734 r
  U2428/ZN (AOI21_X1)                                   0.0352     1.6086 f
  U2690/ZN (NOR2_X1)                                    0.0593     1.6679 r
  U2430/Z (BUF_X2)                                      0.0762     1.7442 r
  U11375/ZN (NAND2_X1)                                  0.0488     1.7930 f
  U11378/ZN (AND2_X1)                                   0.0392     1.8322 f
  U11380/ZN (OAI211_X1)                                 0.0334     1.8655 r
  DP_i_fetch_i_pc_i_Y_reg_26_/D (DFF_X2)                0.0109     1.8764 r
  data arrival time                                                1.8764

  clock CLK (rise edge)                                 1.6000     1.6000
  clock network delay (ideal)                           0.0500     1.6500
  clock uncertainty                                    -0.0500     1.6000
  DP_i_fetch_i_pc_i_Y_reg_26_/CK (DFF_X2)               0.0000     1.6000 r
  library setup time                                   -0.0293     1.5707
  data required time                                               1.5707
  --------------------------------------------------------------------------
  data required time                                               1.5707
  data arrival time                                               -1.8764
  --------------------------------------------------------------------------
  slack (VIOLATED)                                                -0.3058


  Startpoint: DP_i_fetch_i_IR_out_reg_28_
              (rising edge-triggered flip-flop clocked by CLK)
  Endpoint: DP_i_fetch_i_pc_i_Y_reg_26_
            (rising edge-triggered flip-flop clocked by CLK)
  Path Group: REG2REG
  Path Type: max

  Des/Clust/Port     Wire Load Model       Library
  ------------------------------------------------
  DLX                5K_hvratio_1_4        NangateOpenCellLibrary

  Point                                                   Incr       Path
  --------------------------------------------------------------------------
  clock CLK (rise edge)                                 0.0000     0.0000
  clock network delay (ideal)                           0.0500     0.0500
  DP_i_fetch_i_IR_out_reg_28_/CK (DFF_X1)               0.0000     0.0500 r
  DP_i_fetch_i_IR_out_reg_28_/Q (DFF_X1)                0.1180     0.1680 r
  U2299/ZN (NAND2_X1)                                   0.0519     0.2199 f
  U3393/ZN (NAND2_X1)                                   0.0410     0.2609 r
  U3394/ZN (NAND2_X1)                                   0.0328     0.2937 f
  U3395/ZN (NAND2_X1)                                   0.0341     0.3278 r
  U3396/ZN (OR2_X1)                                     0.0354     0.3632 r
  U3397/ZN (NAND2_X1)                                   0.0270     0.3901 f
  U1221/ZN (OR2_X1)                                     0.0588     0.4490 f
  U847/ZN (AND4_X2)                                     0.0468     0.4958 f
  U2492/ZN (OR2_X2)                                     0.0643     0.5601 f
  U3404/ZN (NAND2_X1)                                   0.0509     0.6110 r
  U3445/ZN (NAND2_X1)                                   0.0416     0.6526 f
  U3446/ZN (XNOR2_X1)                                   0.0609     0.7134 f
  U2516/Z (MUX2_X1)                                     0.0739     0.7874 f
  U3455/ZN (XNOR2_X1)                                   0.0639     0.8513 f
  U3458/ZN (NAND4_X1)                                   0.0421     0.8934 r
  U3459/ZN (AOI21_X1)                                   0.0340     0.9274 f
  U2750/ZN (OR3_X2)                                     0.0899     1.0173 f
  U2321/ZN (NAND3_X1)                                   0.0359     1.0532 r
  U2615/ZN (NAND2_X1)                                   0.0359     1.0891 f
  U845/ZN (OR2_X2)                                      0.0676     1.1567 f
  U1374/ZN (AND2_X1)                                    0.0475     1.2042 f
  U3555/ZN (INV_X1)                                     0.0311     1.2353 r
  U3556/ZN (NAND3_X1)                                   0.0356     1.2709 f
  U3638/ZN (NAND2_X1)                                   0.0455     1.3163 r
  U2827/Z (MUX2_X1)                                     0.0584     1.3748 r
  U4713/Z (XOR2_X1)                                     0.0672     1.4419 r
  U2688/ZN (AND4_X1)                                    0.0690     1.5109 r
  U2431/ZN (AND4_X2)                                    0.0625     1.5734 r
  U2428/ZN (AOI21_X1)                                   0.0352     1.6086 f
  U2690/ZN (NOR2_X1)                                    0.0593     1.6679 r
  U2430/Z (BUF_X2)                                      0.0762     1.7442 r
  U11375/ZN (NAND2_X1)                                  0.0488     1.7930 f
  U11378/ZN (AND2_X1)                                   0.0392     1.8322 f
  U11380/ZN (OAI211_X1)                                 0.0334     1.8655 r
  DP_i_fetch_i_pc_i_Y_reg_26_/D (DFF_X2)                0.0109     1.8764 r
  data arrival time                                                1.8764

  clock CLK (rise edge)                                 1.6000     1.6000
  clock network delay (ideal)                           0.0500     1.6500
  clock uncertainty                                    -0.0500     1.6000
  DP_i_fetch_i_pc_i_Y_reg_26_/CK (DFF_X2)               0.0000     1.6000 r
  library setup time                                   -0.0293     1.5707
  data required time                                               1.5707
  --------------------------------------------------------------------------
  data required time                                               1.5707
  data arrival time                                               -1.8764
  --------------------------------------------------------------------------
  slack (VIOLATED)                                                -0.3058


  Startpoint: DP_i_fetch_i_IR_out_reg_28_
              (rising edge-triggered flip-flop clocked by CLK)
  Endpoint: DP_i_fetch_i_pc_i_Y_reg_20_
            (rising edge-triggered flip-flop clocked by CLK)
  Path Group: REG2REG
  Path Type: max

  Des/Clust/Port     Wire Load Model       Library
  ------------------------------------------------
  DLX                5K_hvratio_1_4        NangateOpenCellLibrary

  Point                                                   Incr       Path
  --------------------------------------------------------------------------
  clock CLK (rise edge)                                 0.0000     0.0000
  clock network delay (ideal)                           0.0500     0.0500
  DP_i_fetch_i_IR_out_reg_28_/CK (DFF_X1)               0.0000     0.0500 r
  DP_i_fetch_i_IR_out_reg_28_/Q (DFF_X1)                0.1180     0.1680 r
  U2299/ZN (NAND2_X1)                                   0.0519     0.2199 f
  U3393/ZN (NAND2_X1)                                   0.0410     0.2609 r
  U3394/ZN (NAND2_X1)                                   0.0328     0.2937 f
  U3395/ZN (NAND2_X1)                                   0.0341     0.3278 r
  U3396/ZN (OR2_X1)                                     0.0354     0.3632 r
  U3397/ZN (NAND2_X1)                                   0.0270     0.3901 f
  U1221/ZN (OR2_X1)                                     0.0588     0.4490 f
  U847/ZN (AND4_X2)                                     0.0468     0.4958 f
  U2492/ZN (OR2_X2)                                     0.0643     0.5601 f
  U3404/ZN (NAND2_X1)                                   0.0509     0.6110 r
  U3445/ZN (NAND2_X1)                                   0.0416     0.6526 f
  U3446/ZN (XNOR2_X1)                                   0.0609     0.7134 f
  U2516/Z (MUX2_X1)                                     0.0739     0.7874 f
  U3455/ZN (XNOR2_X1)                                   0.0639     0.8513 f
  U3458/ZN (NAND4_X1)                                   0.0421     0.8934 r
  U3459/ZN (AOI21_X1)                                   0.0340     0.9274 f
  U2750/ZN (OR3_X2)                                     0.0899     1.0173 f
  U2321/ZN (NAND3_X1)                                   0.0359     1.0532 r
  U2615/ZN (NAND2_X1)                                   0.0359     1.0891 f
  U845/ZN (OR2_X2)                                      0.0676     1.1567 f
  U1374/ZN (AND2_X1)                                    0.0475     1.2042 f
  U3555/ZN (INV_X1)                                     0.0311     1.2353 r
  U3556/ZN (NAND3_X1)                                   0.0356     1.2709 f
  U3638/ZN (NAND2_X1)                                   0.0455     1.3163 r
  U2827/Z (MUX2_X1)                                     0.0584     1.3748 r
  U4713/Z (XOR2_X1)                                     0.0672     1.4419 r
  U2688/ZN (AND4_X1)                                    0.0690     1.5109 r
  U2431/ZN (AND4_X2)                                    0.0625     1.5734 r
  U2428/ZN (AOI21_X1)                                   0.0352     1.6086 f
  U2690/ZN (NOR2_X1)                                    0.0593     1.6679 r
  U2430/Z (BUF_X2)                                      0.0762     1.7442 r
  U11414/ZN (NAND2_X1)                                  0.0488     1.7930 f
  U11417/ZN (AND2_X1)                                   0.0392     1.8322 f
  U11419/ZN (OAI211_X1)                                 0.0334     1.8655 r
  DP_i_fetch_i_pc_i_Y_reg_20_/D (DFF_X2)                0.0109     1.8764 r
  data arrival time                                                1.8764

  clock CLK (rise edge)                                 1.6000     1.6000
  clock network delay (ideal)                           0.0500     1.6500
  clock uncertainty                                    -0.0500     1.6000
  DP_i_fetch_i_pc_i_Y_reg_20_/CK (DFF_X2)               0.0000     1.6000 r
  library setup time                                   -0.0291     1.5709
  data required time                                               1.5709
  --------------------------------------------------------------------------
  data required time                                               1.5709
  data arrival time                                               -1.8764
  --------------------------------------------------------------------------
  slack (VIOLATED)                                                -0.3055


  Startpoint: DP_i_fetch_i_IR_out_reg_28_
              (rising edge-triggered flip-flop clocked by CLK)
  Endpoint: DP_i_fetch_i_pc_i_Y_reg_20_
            (rising edge-triggered flip-flop clocked by CLK)
  Path Group: REG2REG
  Path Type: max

  Des/Clust/Port     Wire Load Model       Library
  ------------------------------------------------
  DLX                5K_hvratio_1_4        NangateOpenCellLibrary

  Point                                                   Incr       Path
  --------------------------------------------------------------------------
  clock CLK (rise edge)                                 0.0000     0.0000
  clock network delay (ideal)                           0.0500     0.0500
  DP_i_fetch_i_IR_out_reg_28_/CK (DFF_X1)               0.0000     0.0500 r
  DP_i_fetch_i_IR_out_reg_28_/Q (DFF_X1)                0.1180     0.1680 r
  U2299/ZN (NAND2_X1)                                   0.0519     0.2199 f
  U3393/ZN (NAND2_X1)                                   0.0410     0.2609 r
  U3394/ZN (NAND2_X1)                                   0.0328     0.2937 f
  U3395/ZN (NAND2_X1)                                   0.0341     0.3278 r
  U3396/ZN (OR2_X1)                                     0.0354     0.3632 r
  U3397/ZN (NAND2_X1)                                   0.0270     0.3901 f
  U1221/ZN (OR2_X1)                                     0.0588     0.4490 f
  U847/ZN (AND4_X2)                                     0.0468     0.4958 f
  U2492/ZN (OR2_X2)                                     0.0643     0.5601 f
  U3404/ZN (NAND2_X1)                                   0.0509     0.6110 r
  U3445/ZN (NAND2_X1)                                   0.0416     0.6526 f
  U3446/ZN (XNOR2_X1)                                   0.0609     0.7134 f
  U2516/Z (MUX2_X1)                                     0.0739     0.7874 f
  U3455/ZN (XNOR2_X1)                                   0.0639     0.8513 f
  U3458/ZN (NAND4_X1)                                   0.0421     0.8934 r
  U3459/ZN (AOI21_X1)                                   0.0340     0.9274 f
  U2750/ZN (OR3_X2)                                     0.0899     1.0173 f
  U2321/ZN (NAND3_X1)                                   0.0359     1.0532 r
  U2615/ZN (NAND2_X1)                                   0.0359     1.0891 f
  U845/ZN (OR2_X2)                                      0.0676     1.1567 f
  U1374/ZN (AND2_X1)                                    0.0475     1.2042 f
  U3555/ZN (INV_X1)                                     0.0311     1.2353 r
  U3556/ZN (NAND3_X1)                                   0.0356     1.2709 f
  U3638/ZN (NAND2_X1)                                   0.0455     1.3163 r
  U2827/Z (MUX2_X1)                                     0.0584     1.3748 r
  U4713/Z (XOR2_X1)                                     0.0672     1.4419 r
  U2688/ZN (AND4_X1)                                    0.0690     1.5109 r
  U2431/ZN (AND4_X2)                                    0.0625     1.5734 r
  U2428/ZN (AOI21_X1)                                   0.0352     1.6086 f
  U2690/ZN (NOR2_X1)                                    0.0593     1.6679 r
  U2430/Z (BUF_X2)                                      0.0762     1.7442 r
  U11414/ZN (NAND2_X1)                                  0.0488     1.7930 f
  U11417/ZN (AND2_X1)                                   0.0392     1.8322 f
  U11419/ZN (OAI211_X1)                                 0.0334     1.8655 r
  DP_i_fetch_i_pc_i_Y_reg_20_/D (DFF_X2)                0.0109     1.8764 r
  data arrival time                                                1.8764

  clock CLK (rise edge)                                 1.6000     1.6000
  clock network delay (ideal)                           0.0500     1.6500
  clock uncertainty                                    -0.0500     1.6000
  DP_i_fetch_i_pc_i_Y_reg_20_/CK (DFF_X2)               0.0000     1.6000 r
  library setup time                                   -0.0291     1.5709
  data required time                                               1.5709
  --------------------------------------------------------------------------
  data required time                                               1.5709
  data arrival time                                               -1.8764
  --------------------------------------------------------------------------
  slack (VIOLATED)                                                -0.3055


  Startpoint: DP_i_fetch_i_IR_out_reg_28_
              (rising edge-triggered flip-flop clocked by CLK)
  Endpoint: DP_i_fetch_i_pc_i_Y_reg_22_
            (rising edge-triggered flip-flop clocked by CLK)
  Path Group: REG2REG
  Path Type: max

  Des/Clust/Port     Wire Load Model       Library
  ------------------------------------------------
  DLX                5K_hvratio_1_4        NangateOpenCellLibrary

  Point                                                   Incr       Path
  --------------------------------------------------------------------------
  clock CLK (rise edge)                                 0.0000     0.0000
  clock network delay (ideal)                           0.0500     0.0500
  DP_i_fetch_i_IR_out_reg_28_/CK (DFF_X1)               0.0000     0.0500 r
  DP_i_fetch_i_IR_out_reg_28_/Q (DFF_X1)                0.1180     0.1680 r
  U2299/ZN (NAND2_X1)                                   0.0519     0.2199 f
  U3393/ZN (NAND2_X1)                                   0.0410     0.2609 r
  U3394/ZN (NAND2_X1)                                   0.0328     0.2937 f
  U3395/ZN (NAND2_X1)                                   0.0341     0.3278 r
  U3396/ZN (OR2_X1)                                     0.0354     0.3632 r
  U3397/ZN (NAND2_X1)                                   0.0270     0.3901 f
  U1221/ZN (OR2_X1)                                     0.0588     0.4490 f
  U847/ZN (AND4_X2)                                     0.0468     0.4958 f
  U2492/ZN (OR2_X2)                                     0.0643     0.5601 f
  U3404/ZN (NAND2_X1)                                   0.0509     0.6110 r
  U3445/ZN (NAND2_X1)                                   0.0416     0.6526 f
  U3446/ZN (XNOR2_X1)                                   0.0609     0.7134 f
  U2516/Z (MUX2_X1)                                     0.0739     0.7874 f
  U3455/ZN (XNOR2_X1)                                   0.0639     0.8513 f
  U3458/ZN (NAND4_X1)                                   0.0421     0.8934 r
  U3459/ZN (AOI21_X1)                                   0.0340     0.9274 f
  U2750/ZN (OR3_X2)                                     0.0899     1.0173 f
  U2321/ZN (NAND3_X1)                                   0.0359     1.0532 r
  U2615/ZN (NAND2_X1)                                   0.0359     1.0891 f
  U845/ZN (OR2_X2)                                      0.0676     1.1567 f
  U1374/ZN (AND2_X1)                                    0.0475     1.2042 f
  U3555/ZN (INV_X1)                                     0.0311     1.2353 r
  U3556/ZN (NAND3_X1)                                   0.0356     1.2709 f
  U3638/ZN (NAND2_X1)                                   0.0455     1.3163 r
  U2827/Z (MUX2_X1)                                     0.0584     1.3748 r
  U4713/Z (XOR2_X1)                                     0.0672     1.4419 r
  U2688/ZN (AND4_X1)                                    0.0690     1.5109 r
  U2431/ZN (AND4_X2)                                    0.0625     1.5734 r
  U2428/ZN (AOI21_X1)                                   0.0352     1.6086 f
  U2690/ZN (NOR2_X1)                                    0.0593     1.6679 r
  U2430/Z (BUF_X2)                                      0.0762     1.7442 r
  U11400/ZN (NAND2_X1)                                  0.0488     1.7930 f
  U11403/ZN (AND2_X1)                                   0.0392     1.8322 f
  U11405/ZN (OAI211_X1)                                 0.0334     1.8655 r
  DP_i_fetch_i_pc_i_Y_reg_22_/D (DFF_X2)                0.0109     1.8764 r
  data arrival time                                                1.8764

  clock CLK (rise edge)                                 1.6000     1.6000
  clock network delay (ideal)                           0.0500     1.6500
  clock uncertainty                                    -0.0500     1.6000
  DP_i_fetch_i_pc_i_Y_reg_22_/CK (DFF_X2)               0.0000     1.6000 r
  library setup time                                   -0.0291     1.5709
  data required time                                               1.5709
  --------------------------------------------------------------------------
  data required time                                               1.5709
  data arrival time                                               -1.8764
  --------------------------------------------------------------------------
  slack (VIOLATED)                                                -0.3055


  Startpoint: DP_i_fetch_i_IR_out_reg_28_
              (rising edge-triggered flip-flop clocked by CLK)
  Endpoint: DP_i_fetch_i_pc_i_Y_reg_16_
            (rising edge-triggered flip-flop clocked by CLK)
  Path Group: REG2REG
  Path Type: max

  Des/Clust/Port     Wire Load Model       Library
  ------------------------------------------------
  DLX                5K_hvratio_1_4        NangateOpenCellLibrary

  Point                                                   Incr       Path
  --------------------------------------------------------------------------
  clock CLK (rise edge)                                 0.0000     0.0000
  clock network delay (ideal)                           0.0500     0.0500
  DP_i_fetch_i_IR_out_reg_28_/CK (DFF_X1)               0.0000     0.0500 r
  DP_i_fetch_i_IR_out_reg_28_/Q (DFF_X1)                0.1180     0.1680 r
  U2299/ZN (NAND2_X1)                                   0.0519     0.2199 f
  U3393/ZN (NAND2_X1)                                   0.0410     0.2609 r
  U3394/ZN (NAND2_X1)                                   0.0328     0.2937 f
  U3395/ZN (NAND2_X1)                                   0.0341     0.3278 r
  U3396/ZN (OR2_X1)                                     0.0354     0.3632 r
  U3397/ZN (NAND2_X1)                                   0.0270     0.3901 f
  U1221/ZN (OR2_X1)                                     0.0588     0.4490 f
  U847/ZN (AND4_X2)                                     0.0468     0.4958 f
  U2492/ZN (OR2_X2)                                     0.0643     0.5601 f
  U3404/ZN (NAND2_X1)                                   0.0509     0.6110 r
  U3445/ZN (NAND2_X1)                                   0.0416     0.6526 f
  U3446/ZN (XNOR2_X1)                                   0.0609     0.7134 f
  U2516/Z (MUX2_X1)                                     0.0739     0.7874 f
  U3455/ZN (XNOR2_X1)                                   0.0639     0.8513 f
  U3458/ZN (NAND4_X1)                                   0.0421     0.8934 r
  U3459/ZN (AOI21_X1)                                   0.0340     0.9274 f
  U2750/ZN (OR3_X2)                                     0.0899     1.0173 f
  U2321/ZN (NAND3_X1)                                   0.0359     1.0532 r
  U2615/ZN (NAND2_X1)                                   0.0359     1.0891 f
  U845/ZN (OR2_X2)                                      0.0676     1.1567 f
  U1374/ZN (AND2_X1)                                    0.0475     1.2042 f
  U3555/ZN (INV_X1)                                     0.0311     1.2353 r
  U3556/ZN (NAND3_X1)                                   0.0356     1.2709 f
  U3638/ZN (NAND2_X1)                                   0.0455     1.3163 r
  U2827/Z (MUX2_X1)                                     0.0584     1.3748 r
  U4713/Z (XOR2_X1)                                     0.0672     1.4419 r
  U2688/ZN (AND4_X1)                                    0.0690     1.5109 r
  U2431/ZN (AND4_X2)                                    0.0625     1.5734 r
  U2428/ZN (AOI21_X1)                                   0.0352     1.6086 f
  U2690/ZN (NOR2_X1)                                    0.0593     1.6679 r
  U2430/Z (BUF_X2)                                      0.0762     1.7442 r
  U11444/ZN (NAND2_X1)                                  0.0488     1.7930 f
  U11447/ZN (AND2_X1)                                   0.0392     1.8322 f
  U11449/ZN (OAI211_X1)                                 0.0334     1.8655 r
  DP_i_fetch_i_pc_i_Y_reg_16_/D (DFF_X2)                0.0109     1.8764 r
  data arrival time                                                1.8764

  clock CLK (rise edge)                                 1.6000     1.6000
  clock network delay (ideal)                           0.0500     1.6500
  clock uncertainty                                    -0.0500     1.6000
  DP_i_fetch_i_pc_i_Y_reg_16_/CK (DFF_X2)               0.0000     1.6000 r
  library setup time                                   -0.0291     1.5709
  data required time                                               1.5709
  --------------------------------------------------------------------------
  data required time                                               1.5709
  data arrival time                                               -1.8764
  --------------------------------------------------------------------------
  slack (VIOLATED)                                                -0.3055


1
